format	2
route	NumStability.Algorithms.HighamChapter9Theorem99ComplexClosure	NumStability.Higham9Theorem99ComplexDirect.complexLUFirstStepU_rowDiagDominant	NumStability.Higham9Theorem99ComplexDirect.complexLUFirstStepU_rowDiagDominant	NumStability.Higham9Theorem99ComplexDirect.complexLUFirstStepU_rowDiagDominant	NumStability.Higham9Theorem99ComplexDirect.complexLUFirstStepU_rowDiagDominant	authored	179	0	193	63	181	8	181	43	E48C76B642A502C921B3F23127D52EA99D39F3B519802711C74FB2B80166048C	NumStability.Source.Higham.Chapter09.Theorem99ComplexClosure
route	NumStability.Algorithms.HighamChapter9Theorem99ComplexClosure	NumStability.Higham9Theorem99ComplexDirect.complexPrefixDot_eq_source_of_row_or_col_eliminated	NumStability.Higham9Theorem99ComplexDirect.complexPrefixDot_eq_source_of_row_or_col_eliminated	NumStability.Higham9Theorem99ComplexDirect.complexPrefixDot_eq_source_of_row_or_col_eliminated	NumStability.Higham9Theorem99ComplexDirect.complexPrefixDot_eq_source_of_row_or_col_eliminated	authored	438	0	456	42	438	6	438	57	DC94CF831D3D53A47E77BF441F8447922F91473043F7A99689A1DFCC1C1D8531	NumStability.Source.Higham.Chapter09.Theorem99ComplexClosure
route	NumStability.Algorithms.HighamChapter9Theorem99ComplexClosure	NumStability.Higham9Theorem99ComplexDirect.complexPrefixDot_norm_le_eliminatedTailBudget	NumStability.Higham9Theorem99ComplexDirect.complexPrefixDot_norm_le_eliminatedTailBudget	NumStability.Higham9Theorem99ComplexDirect.complexPrefixDot_norm_le_eliminatedTailBudget	NumStability.Higham9Theorem99ComplexDirect.complexPrefixDot_norm_le_eliminatedTailBudget	authored	533	0	551	62	533	6	533	51	5041F6B0E7C4BE9F6EF291E1187012668BF7F0FF822518F4AB9C920264193D2C	NumStability.Source.Higham.Chapter09.Theorem99ComplexClosure
route	NumStability.Algorithms.HighamChapter9Theorem99ComplexClosure	NumStability.Higham9Theorem99ComplexDirect.complexPrefixDot_norm_le_prefixProductNorm	NumStability.Higham9Theorem99ComplexDirect.complexPrefixDot_norm_le_prefixProductNorm	NumStability.Higham9Theorem99ComplexDirect.complexPrefixDot_norm_le_prefixProductNorm	NumStability.Higham9Theorem99ComplexDirect.complexPrefixDot_norm_le_prefixProductNorm	authored	389	0	412	30	389	6	389	48	EAFD62632685D09199AFD0045A99CE7EC2950EE27F670D02EDBAC5BE8DCD79BB	NumStability.Source.Higham.Chapter09.Theorem99ComplexClosure
route	NumStability.Algorithms.HighamChapter9Theorem99ComplexClosure	NumStability.Higham9Theorem99ComplexDirect.diag_ne_zero_of_rowDiagDominant_det_ne_zero	NumStability.Higham9Theorem99ComplexDirect.diag_ne_zero_of_rowDiagDominant_det_ne_zero	NumStability.Higham9Theorem99ComplexDirect.diag_ne_zero_of_rowDiagDominant_det_ne_zero	NumStability.Higham9Theorem99ComplexDirect.diag_ne_zero_of_rowDiagDominant_det_ne_zero	authored	76	0	86	55	78	8	78	51	B9FAF1667B65C5736DD124E6A5A64E7217D38FBC97FFB0A177103839F9B9884D	NumStability.Source.Higham.Chapter09.Theorem99ComplexClosure
route	NumStability.Algorithms.HighamChapter9Theorem99ComplexClosure	NumStability.Higham9Theorem99ComplexDirect.eliminatedTailBudget	NumStability.Higham9Theorem99ComplexDirect.eliminatedTailBudget	NumStability.Higham9Theorem99ComplexDirect.eliminatedTailBudget	NumStability.Higham9Theorem99ComplexDirect.eliminatedTailBudget	authored	247	0	250	33	247	18	247	38	060A57544AB653DA984B951E5CAC26B510CB2C551D9CCDD28F646425B18F32B1	NumStability.Source.Higham.Chapter09.Theorem99ComplexClosure
route	NumStability.Algorithms.HighamChapter9Theorem99ComplexClosure	NumStability.Higham9Theorem99ComplexDirect.eliminatedTailBudget_le_sourcePrefixMass	NumStability.Higham9Theorem99ComplexDirect.eliminatedTailBudget_le_sourcePrefixMass	NumStability.Higham9Theorem99ComplexDirect.eliminatedTailBudget_le_sourcePrefixMass	NumStability.Higham9Theorem99ComplexDirect.eliminatedTailBudget_le_sourcePrefixMass	authored	458	0	531	65	460	8	460	48	C01AC264FBD6914D971CC1E77D2F207818C4775FF5D89D247285EEE17210BC13	NumStability.Source.Higham.Chapter09.Theorem99ComplexClosure
route	NumStability.Algorithms.HighamChapter9Theorem99ComplexClosure	NumStability.Higham9Theorem99ComplexDirect.eliminatedTailBudget_succ	NumStability.Higham9Theorem99ComplexDirect.eliminatedTailBudget_succ	NumStability.Higham9Theorem99ComplexDirect.eliminatedTailBudget_succ	NumStability.Higham9Theorem99ComplexDirect.eliminatedTailBudget_succ	authored	311	0	339	46	311	6	311	31	86FF57A936FFEF6E7C7C29DA086AAB0264AD93E07345D3E9F547CC0CC7305513	NumStability.Source.Higham.Chapter09.Theorem99ComplexClosure
route	NumStability.Algorithms.HighamChapter9Theorem99ComplexClosure	NumStability.Higham9Theorem99ComplexDirect.noPivotReducedGrowthFactor_le_two	NumStability.Higham9Theorem99ComplexDirect.noPivotReducedGrowthFactor_le_two	NumStability.Higham9Theorem99ComplexDirect.noPivotReducedGrowthFactor_le_two	NumStability.Higham9Theorem99ComplexDirect.noPivotReducedGrowthFactor_le_two	authored	644	0	664	34	645	8	645	41	21A0877554521A858C9B8B42D315457FBB4202781542B3CCC0D66ACAEABC13E3	NumStability.Source.Higham.Chapter09.Theorem99ComplexClosure
route	NumStability.Algorithms.HighamChapter9Theorem99ComplexClosure	NumStability.Higham9Theorem99ComplexDirect.reducedEntry_norm_le_two_complexMaxEntryNorm	NumStability.Higham9Theorem99ComplexDirect.reducedEntry_norm_le_two_complexMaxEntryNorm	NumStability.Higham9Theorem99ComplexDirect.reducedEntry_norm_le_two_complexMaxEntryNorm	NumStability.Higham9Theorem99ComplexDirect.reducedEntry_norm_le_two_complexMaxEntryNorm	authored	590	0	642	53	592	8	592	52	9F5BE76FFA9EBA29352D7B662BA2F35A21DCED21759F8A172D6AE29CA9A545B5	NumStability.Source.Higham.Chapter09.Theorem99ComplexClosure
route	NumStability.Algorithms.HighamChapter9Theorem99ComplexClosure	NumStability.Higham9Theorem99ComplexDirect.rowDiagDominant_exists_exactNoPivotLU_rowUpper	NumStability.Higham9Theorem99ComplexDirect.rowDiagDominant_exists_exactNoPivotLU_rowUpper	NumStability.Higham9Theorem99ComplexDirect.rowDiagDominant_exists_exactNoPivotLU_rowUpper	NumStability.Higham9Theorem99ComplexDirect.rowDiagDominant_exists_exactNoPivotLU_rowUpper	authored	195	0	239	66	198	8	198	54	AB63087D5237E58EDA190C6BAB959F4B123BF40516587E9509A7BABDEFE709AE	NumStability.Source.Higham.Chapter09.Theorem99ComplexClosure
route	NumStability.Algorithms.HighamChapter9Theorem99ComplexClosure	NumStability.Higham9Theorem99ComplexDirect.rowDiagDominant_firstSchurComplement	NumStability.Higham9Theorem99ComplexDirect.rowDiagDominant_firstSchurComplement	NumStability.Higham9Theorem99ComplexDirect.rowDiagDominant_firstSchurComplement	NumStability.Higham9Theorem99ComplexDirect.rowDiagDominant_firstSchurComplement	authored	88	0	177	10	90	8	90	44	26ACB8283EEBA577ED0ACF44A724BF8C967BA8B4D2A5A1E35272AAA3AEA56DFA	NumStability.Source.Higham.Chapter09.Theorem99ComplexClosure
route	NumStability.Algorithms.HighamChapter9Theorem99ComplexClosure	NumStability.Higham9Theorem99ComplexDirect.sourcePrefixMass	NumStability.Higham9Theorem99ComplexDirect.sourcePrefixMass	NumStability.Higham9Theorem99ComplexDirect.sourcePrefixMass	NumStability.Higham9Theorem99ComplexDirect.sourcePrefixMass	authored	252	0	254	64	252	18	252	34	461EBCB38F58253EA182FAF60DEDAD88127802D8E538E2D8B6A66849C35386CD	NumStability.Source.Higham.Chapter09.Theorem99ComplexClosure
route	NumStability.Algorithms.HighamChapter9Theorem99ComplexClosure	NumStability.Higham9Theorem99ComplexDirect.sourcePrefixMass_le_complexMaxEntryNorm	NumStability.Higham9Theorem99ComplexDirect.sourcePrefixMass_le_complexMaxEntryNorm	NumStability.Higham9Theorem99ComplexDirect.sourcePrefixMass_le_complexMaxEntryNorm	NumStability.Higham9Theorem99ComplexDirect.sourcePrefixMass_le_complexMaxEntryNorm	authored	553	0	588	59	553	6	553	45	013EAE2513581249EE8429F64E5216D06A68B99FCE92CC3D37DFF6F625EDA67D	NumStability.Source.Higham.Chapter09.Theorem99ComplexClosure
route	NumStability.Algorithms.HighamChapter9Theorem99ComplexClosure	NumStability.Higham9Theorem99ComplexDirect.sourcePrefixMass_succ	NumStability.Higham9Theorem99ComplexDirect.sourcePrefixMass_succ	NumStability.Higham9Theorem99ComplexDirect.sourcePrefixMass_succ	NumStability.Higham9Theorem99ComplexDirect.sourcePrefixMass_succ	authored	283	0	309	46	283	6	283	27	2332D3D2F879C53838DB0C40F9780564501CF6E5587A40CF83B48B850C9B6460	NumStability.Source.Higham.Chapter09.Theorem99ComplexClosure
route	NumStability.Algorithms.HighamChapter9Theorem99ComplexClosure	NumStability.Higham9Theorem99ComplexDirect.source_eq_prefix_add_lowerPivot	NumStability.Higham9Theorem99ComplexDirect.source_eq_prefix_add_lowerPivot	NumStability.Higham9Theorem99ComplexDirect.source_eq_prefix_add_lowerPivot	NumStability.Higham9Theorem99ComplexDirect.source_eq_prefix_add_lowerPivot	authored	414	0	436	39	414	6	414	37	B67DE79AAB264CA2CC7EDE92284BFFC14C09C3A44560AAE9A2E57196F9855A1D	NumStability.Source.Higham.Chapter09.Theorem99ComplexClosure
route	NumStability.Algorithms.HighamChapter9Theorem99ComplexClosure	NumStability.Higham9Theorem99ComplexDirect.upperTailMass	NumStability.Higham9Theorem99ComplexDirect.upperTailMass	NumStability.Higham9Theorem99ComplexDirect.upperTailMass	NumStability.Higham9Theorem99ComplexDirect.upperTailMass	authored	243	0	245	64	243	18	243	31	B6ADE7C14CCBA738DB5FF8DCAB5683729D27AF865ADD6FC9F3417B5F9095AAFF	NumStability.Source.Higham.Chapter09.Theorem99ComplexClosure
route	NumStability.Algorithms.HighamChapter9Theorem99ComplexClosure	NumStability.Higham9Theorem99ComplexDirect.upperTailMass_le_diag	NumStability.Higham9Theorem99ComplexDirect.upperTailMass_le_diag	NumStability.Higham9Theorem99ComplexDirect.upperTailMass_le_diag	NumStability.Higham9Theorem99ComplexDirect.upperTailMass_le_diag	authored	362	0	387	25	362	6	362	27	94E2DDAF608B8A60B5A4330F6521E0FBC4C138B734AEC7EF0A5342E27820EC64	NumStability.Source.Higham.Chapter09.Theorem99ComplexClosure
route	NumStability.Algorithms.HighamChapter9Theorem99ComplexClosure	NumStability.Higham9Theorem99ComplexDirect.upperTailMass_succ	NumStability.Higham9Theorem99ComplexDirect.upperTailMass_succ	NumStability.Higham9Theorem99ComplexDirect.upperTailMass_succ	NumStability.Higham9Theorem99ComplexDirect.upperTailMass_succ	authored	256	0	281	36	256	6	256	24	9E6F943E8C4C15D40FAFA5711795E25076612A2DA53E82A0340033DA2244B69C	NumStability.Source.Higham.Chapter09.Theorem99ComplexClosure
route	NumStability.Algorithms.HighamChapter9Theorem99ComplexClosure	NumStability.Higham9Theorem99ComplexDirect.upper_offdiag_sum_eq_strictUpper	NumStability.Higham9Theorem99ComplexDirect.upper_offdiag_sum_eq_strictUpper	NumStability.Higham9Theorem99ComplexDirect.upper_offdiag_sum_eq_strictUpper	NumStability.Higham9Theorem99ComplexDirect.upper_offdiag_sum_eq_strictUpper	authored	341	0	360	22	341	6	341	38	FC05F078FF9D32D38B12D67E09C3F778E22ACDF96F945D3F796EF5FC27B56741	NumStability.Source.Higham.Chapter09.Theorem99ComplexClosure
route	NumStability.Algorithms.HighamChapter9Theorem99Closure	NumStability.Higham9Theorem99Direct.eliminatedTailBudget	NumStability.Higham9Theorem99Direct.eliminatedTailBudget	NumStability.Higham9Theorem99Direct.eliminatedTailBudget	NumStability.Higham9Theorem99Direct.eliminatedTailBudget	authored	193	0	196	33	193	18	193	38	96E8713A3C1B3CC2721CEE1D1DEC33E93CF1F973D29ED76FD8FA759FE45C7FDE	NumStability.Source.Higham.Chapter09.Theorem99Closure
route	NumStability.Algorithms.HighamChapter9Theorem99Closure	NumStability.Higham9Theorem99Direct.eliminatedTailBudget_le_sourcePrefixMass	NumStability.Higham9Theorem99Direct.eliminatedTailBudget_le_sourcePrefixMass	NumStability.Higham9Theorem99Direct.eliminatedTailBudget_le_sourcePrefixMass	NumStability.Higham9Theorem99Direct.eliminatedTailBudget_le_sourcePrefixMass	authored	360	0	430	65	362	8	362	48	2DB044C9BA029791FD3478C58456B31DC578CA9AB41CC6E6774BA84D862A0EF1	NumStability.Source.Higham.Chapter09.Theorem99Closure
route	NumStability.Algorithms.HighamChapter9Theorem99Closure	NumStability.Higham9Theorem99Direct.eliminatedTailBudget_succ	NumStability.Higham9Theorem99Direct.eliminatedTailBudget_succ	NumStability.Higham9Theorem99Direct.eliminatedTailBudget_succ	NumStability.Higham9Theorem99Direct.eliminatedTailBudget_succ	authored	257	0	285	46	257	6	257	31	07E66B9FC8D1EA3115B846981EAC6A561A315182D1D3B8A5CF7038D1AA2EB256	NumStability.Source.Higham.Chapter09.Theorem99Closure
route	NumStability.Algorithms.HighamChapter9Theorem99Closure	NumStability.Higham9Theorem99Direct.luFirstStepU_rowDiagDominant	NumStability.Higham9Theorem99Direct.luFirstStepU_rowDiagDominant	NumStability.Higham9Theorem99Direct.luFirstStepU_rowDiagDominant	NumStability.Higham9Theorem99Direct.luFirstStepU_rowDiagDominant	authored	109	0	122	46	111	8	111	36	695B4D60E7F45607AAEA11C90CC9B9239F5947470CA395B6F9400B014C85AF0C	NumStability.Source.Higham.Chapter09.Theorem99Closure
route	NumStability.Algorithms.HighamChapter9Theorem99Closure	NumStability.Higham9Theorem99Direct.noPivotReducedGrowthFactor_le_two	NumStability.Higham9Theorem99Direct.noPivotReducedGrowthFactor_le_two	NumStability.Higham9Theorem99Direct.noPivotReducedGrowthFactor_le_two	NumStability.Higham9Theorem99Direct.noPivotReducedGrowthFactor_le_two	authored	540	0	563	34	542	8	542	41	DF21DD343FC79E3E02868551E1E8150AB44A43D44F7F997E9DB4D8D8005744D2	NumStability.Source.Higham.Chapter09.Theorem99Closure
route	NumStability.Algorithms.HighamChapter9Theorem99Closure	NumStability.Higham9Theorem99Direct.rectPrefixDot_abs_le_eliminatedTailBudget	NumStability.Higham9Theorem99Direct.rectPrefixDot_abs_le_eliminatedTailBudget	NumStability.Higham9Theorem99Direct.rectPrefixDot_abs_le_eliminatedTailBudget	NumStability.Higham9Theorem99Direct.rectPrefixDot_abs_le_eliminatedTailBudget	authored	432	0	448	61	432	6	432	47	865FA23B1A266777C8950C150C88F5CB9DC4F027F3BCDAE9DEB11D57AB8E23F5	NumStability.Source.Higham.Chapter09.Theorem99Closure
route	NumStability.Algorithms.HighamChapter9Theorem99Closure	NumStability.Higham9Theorem99Direct.rectPrefixDot_abs_le_prefixProductAbs	NumStability.Higham9Theorem99Direct.rectPrefixDot_abs_le_prefixProductAbs	NumStability.Higham9Theorem99Direct.rectPrefixDot_abs_le_prefixProductAbs	NumStability.Higham9Theorem99Direct.rectPrefixDot_abs_le_prefixProductAbs	authored	314	0	330	58	314	6	314	43	C806A501C1E7CDD3374AB1DBDE45A098B7E2D71A9A28F2223D39C21256D2DA38	NumStability.Source.Higham.Chapter09.Theorem99Closure
route	NumStability.Algorithms.HighamChapter9Theorem99Closure	NumStability.Higham9Theorem99Direct.rectPrefixDot_eq_source_of_row_or_col_eliminated	NumStability.Higham9Theorem99Direct.rectPrefixDot_eq_source_of_row_or_col_eliminated	NumStability.Higham9Theorem99Direct.rectPrefixDot_eq_source_of_row_or_col_eliminated	NumStability.Higham9Theorem99Direct.rectPrefixDot_eq_source_of_row_or_col_eliminated	authored	342	0	358	42	342	6	342	54	6677C2340D288A168273697A6C0847B442E09CCBBAED98881977001309D0AE8A	NumStability.Source.Higham.Chapter09.Theorem99Closure
route	NumStability.Algorithms.HighamChapter9Theorem99Closure	NumStability.Higham9Theorem99Direct.reducedEntry_abs_le_two_maxEntryNorm	NumStability.Higham9Theorem99Direct.reducedEntry_abs_le_two_maxEntryNorm	NumStability.Higham9Theorem99Direct.reducedEntry_abs_le_two_maxEntryNorm	NumStability.Higham9Theorem99Direct.reducedEntry_abs_le_two_maxEntryNorm	authored	486	0	538	76	488	8	488	44	6DC18CC6175754560AD4A10ADDCCD0DB3815FB88E952AB759C17AB5B57F9682A	NumStability.Source.Higham.Chapter09.Theorem99Closure
route	NumStability.Algorithms.HighamChapter9Theorem99Closure	NumStability.Higham9Theorem99Direct.rowDiagDominant_exists_exactNoPivotLU_rowUpper	NumStability.Higham9Theorem99Direct.rowDiagDominant_exists_exactNoPivotLU_rowUpper	NumStability.Higham9Theorem99Direct.rowDiagDominant_exists_exactNoPivotLU_rowUpper	NumStability.Higham9Theorem99Direct.rowDiagDominant_exists_exactNoPivotLU_rowUpper	authored	124	0	162	53	126	8	126	54	49CD204802E0E772AC479D6083CC2509EEBBAE54982211A3B1A9F9FA821A4BA8	NumStability.Source.Higham.Chapter09.Theorem99Closure
route	NumStability.Algorithms.HighamChapter9Theorem99Closure	NumStability.Higham9Theorem99Direct.rowDiagDominant_firstSchurComplement	NumStability.Higham9Theorem99Direct.rowDiagDominant_firstSchurComplement	NumStability.Higham9Theorem99Direct.rowDiagDominant_firstSchurComplement	NumStability.Higham9Theorem99Direct.rowDiagDominant_firstSchurComplement	authored	19	0	107	10	21	8	21	44	4873A82193D3EA464433F0121C6D155BE5197834BCCAE9AC42F6A2D48A1AB0B1	NumStability.Source.Higham.Chapter09.Theorem99Closure
route	NumStability.Algorithms.HighamChapter9Theorem99Closure	NumStability.Higham9Theorem99Direct.sourcePrefixMass	NumStability.Higham9Theorem99Direct.sourcePrefixMass	NumStability.Higham9Theorem99Direct.sourcePrefixMass	NumStability.Higham9Theorem99Direct.sourcePrefixMass	authored	198	0	200	64	198	18	198	34	7E70BB3D668097BBF83A7D19DFD9A760A1362F533621F541663E2EB83FD826A6	NumStability.Source.Higham.Chapter09.Theorem99Closure
route	NumStability.Algorithms.HighamChapter9Theorem99Closure	NumStability.Higham9Theorem99Direct.sourcePrefixMass_le_maxEntryNorm	NumStability.Higham9Theorem99Direct.sourcePrefixMass_le_maxEntryNorm	NumStability.Higham9Theorem99Direct.sourcePrefixMass_le_maxEntryNorm	NumStability.Higham9Theorem99Direct.sourcePrefixMass_le_maxEntryNorm	authored	450	0	484	59	450	6	450	38	9ED9AF515F1B3A9BC2AFF0362D77AC7718D474A81D9DC6DBCFC811FF84F56C49	NumStability.Source.Higham.Chapter09.Theorem99Closure
route	NumStability.Algorithms.HighamChapter9Theorem99Closure	NumStability.Higham9Theorem99Direct.sourcePrefixMass_succ	NumStability.Higham9Theorem99Direct.sourcePrefixMass_succ	NumStability.Higham9Theorem99Direct.sourcePrefixMass_succ	NumStability.Higham9Theorem99Direct.sourcePrefixMass_succ	authored	229	0	255	46	229	6	229	27	0DAB5570BF671D5B7FC1214E27BC782F4498283AB60E1AE7F1B0BBDC1041FED1	NumStability.Source.Higham.Chapter09.Theorem99Closure
route	NumStability.Algorithms.HighamChapter9Theorem99Closure	NumStability.Higham9Theorem99Direct.source_eq_prefix_add_lowerPivot	NumStability.Higham9Theorem99Direct.source_eq_prefix_add_lowerPivot	NumStability.Higham9Theorem99Direct.source_eq_prefix_add_lowerPivot	NumStability.Higham9Theorem99Direct.source_eq_prefix_add_lowerPivot	authored	332	0	340	67	332	6	332	37	514594A9A18AE61C8D356B95B00B6FC60B43C1C6903FB2C6B285ED4A7BDC10FD	NumStability.Source.Higham.Chapter09.Theorem99Closure
route	NumStability.Algorithms.HighamChapter9Theorem99Closure	NumStability.Higham9Theorem99Direct.upperTailMass	NumStability.Higham9Theorem99Direct.upperTailMass	NumStability.Higham9Theorem99Direct.upperTailMass	NumStability.Higham9Theorem99Direct.upperTailMass	authored	189	0	191	64	189	18	189	31	1D931E290319948D39B9B12211CCF19C171DBFC8E968D767005C931A28F168C7	NumStability.Source.Higham.Chapter09.Theorem99Closure
route	NumStability.Algorithms.HighamChapter9Theorem99Closure	NumStability.Higham9Theorem99Direct.upperTailMass_le_diag	NumStability.Higham9Theorem99Direct.upperTailMass_le_diag	NumStability.Higham9Theorem99Direct.upperTailMass_le_diag	NumStability.Higham9Theorem99Direct.upperTailMass_le_diag	authored	287	0	312	25	287	6	287	27	94FDD1C714B2F4F870D3CD4F3C90238A5DFE1227810F1F8D713C96F123F4F56D	NumStability.Source.Higham.Chapter09.Theorem99Closure
route	NumStability.Algorithms.HighamChapter9Theorem99Closure	NumStability.Higham9Theorem99Direct.upperTailMass_succ	NumStability.Higham9Theorem99Direct.upperTailMass_succ	NumStability.Higham9Theorem99Direct.upperTailMass_succ	NumStability.Higham9Theorem99Direct.upperTailMass_succ	authored	202	0	227	36	202	6	202	24	4A3F1EF18453FB00E4B2EB186FF0F1CF93F4513BB3EB6A715D5CDD8685B96A0B	NumStability.Source.Higham.Chapter09.Theorem99Closure
route	NumStability.Algorithms.HighamChapter9Theorem99Closure	NumStability.Higham9Theorem99Direct.upper_offdiag_sum_eq_strictUpper	NumStability.Higham9Theorem99Direct.upper_offdiag_sum_eq_strictUpper	NumStability.Higham9Theorem99Direct.upper_offdiag_sum_eq_strictUpper	NumStability.Higham9Theorem99Direct.upper_offdiag_sum_eq_strictUpper	authored	164	0	185	22	166	8	166	40	B85590CF79F0DA984F7AD10C5927F49786A5C5E2C6FAC0467EFAD2A40EAD749A	NumStability.Source.Higham.Chapter09.Theorem99Closure
route	NumStability.Algorithms.HighamChapter9ComplexClosure	NumStability.higham9_10_ComplexHessenbergStageBound	NumStability.higham9_10_ComplexHessenbergStageBound	NumStability.higham9_10_ComplexHessenbergStageBound	NumStability.higham9_10_ComplexHessenbergStageBound	authored	332	0	335	44	332	4	332	42	325F48CFE83D464CA98175369717C184A62D8DC5E891F6E5DFD2F6367DCF8BAC	NumStability.Source.Higham.Chapter09.ComplexClosure
route	NumStability.Algorithms.HighamChapter9ComplexClosure	NumStability.higham9_10_ComplexPartialPivotGEPPUTrace_activeHistoryBound	NumStability.higham9_10_ComplexPartialPivotGEPPUTrace_activeHistoryBound	NumStability.higham9_10_ComplexPartialPivotGEPPUTrace_activeHistoryBound	NumStability.higham9_10_ComplexPartialPivotGEPPUTrace_activeHistoryBound	authored	573	0	631	63	576	8	576	67	9EC64160EA70B82539B4CE8283F44643439769D3FC3A56491381A9656BD92F58	NumStability.Source.Higham.Chapter09.ComplexClosure
route	NumStability.Algorithms.HighamChapter9ComplexClosure	NumStability.higham9_10_ComplexPartialPivotGEPPUTrace_entry_norm_le_hessenberg	NumStability.higham9_10_ComplexPartialPivotGEPPUTrace_entry_norm_le_hessenberg	NumStability.higham9_10_ComplexPartialPivotGEPPUTrace_entry_norm_le_hessenberg	NumStability.higham9_10_ComplexPartialPivotGEPPUTrace_entry_norm_le_hessenberg	authored	485	0	571	66	488	8	488	73	C9C5803DA9CD6E3DFE2531AA75AD21668427BE33A8C23D4C322711C34FC853B1	NumStability.Source.Higham.Chapter09.ComplexClosure
route	NumStability.Algorithms.HighamChapter9ComplexClosure	NumStability.higham9_10_ComplexUpperHessenberg	NumStability.higham9_10_ComplexUpperHessenberg	NumStability.higham9_10_ComplexUpperHessenberg	NumStability.higham9_10_ComplexUpperHessenberg	authored	328	0	330	46	328	4	328	37	20F2D244F474AB557986C6D780D122E425A810EE92342F45BC6894F5EE1F04A7	NumStability.Source.Higham.Chapter09.ComplexClosure
route	NumStability.Algorithms.HighamChapter9ComplexClosure	NumStability.higham9_10_complex_hessenberg_GEPP_activeHistory_le_card	NumStability.higham9_10_complex_hessenberg_GEPP_activeHistory_le_card	NumStability.higham9_10_complex_hessenberg_GEPP_activeHistory_le_card	NumStability.higham9_10_complex_hessenberg_GEPP_activeHistory_le_card	authored	633	0	643	50	634	8	634	64	3297E98070AE106A5C052070F5759312C1A293CBC1FF30CAB3B82DC2CA02C4B7	NumStability.Source.Higham.Chapter09.ComplexClosure
route	NumStability.Algorithms.HighamChapter9ComplexClosure	NumStability.higham9_10_complex_hessenberg_GEPP_entry_norm_le_card	NumStability.higham9_10_complex_hessenberg_GEPP_entry_norm_le_card	NumStability.higham9_10_complex_hessenberg_GEPP_entry_norm_le_card	NumStability.higham9_10_complex_hessenberg_GEPP_entry_norm_le_card	authored	645	0	663	51	647	8	647	61	9248D6E2960BC8F9FCDB952F14B40141E44E1D072D2425F9B368C1F29BB63E75	NumStability.Source.Higham.Chapter09.ComplexClosure
route	NumStability.Algorithms.HighamChapter9ComplexClosure	NumStability.higham9_10_complex_hessenberg_GEPP_growth_le_card	NumStability.higham9_10_complex_hessenberg_GEPP_growth_le_card	NumStability.higham9_10_complex_hessenberg_GEPP_growth_le_card	NumStability.higham9_10_complex_hessenberg_GEPP_growth_le_card	authored	665	0	676	24	665	8	665	57	9B3513CE9274DE63BC7C4EDC29F04FDE83AF7C0C18BB11F879B8AF7373A09AD6	NumStability.Source.Higham.Chapter09.ComplexClosure
route	NumStability.Algorithms.HighamChapter9ComplexClosure	NumStability.higham9_10_complex_hessenberg_pivot_row_le_one	NumStability.higham9_10_complex_hessenberg_pivot_row_le_one	NumStability.higham9_10_complex_hessenberg_pivot_row_le_one	NumStability.higham9_10_complex_hessenberg_pivot_row_le_one	authored	337	0	343	43	337	6	337	52	DF10B9717FF5658DD80F1241AA0EDE1A3B2E50A941ABFD207AFCAAB08039CEFE	NumStability.Source.Higham.Chapter09.ComplexClosure
route	NumStability.Algorithms.HighamChapter9ComplexClosure	NumStability.higham9_10_complex_initialStageBound	NumStability.higham9_10_complex_initialStageBound	NumStability.higham9_10_complex_initialStageBound	NumStability.higham9_10_complex_initialStageBound	authored	475	0	483	63	475	6	475	42	3E62948C7F207515271D9F0E3F141A446F76B37395C5802D336E0698D86AD82F	NumStability.Source.Higham.Chapter09.ComplexClosure
route	NumStability.Algorithms.HighamChapter9ComplexClosure	NumStability.higham9_10_complex_partialSchur_stageBound	NumStability.higham9_10_complex_partialSchur_stageBound	NumStability.higham9_10_complex_partialSchur_stageBound	NumStability.higham9_10_complex_partialSchur_stageBound	authored	372	0	446	42	372	6	372	48	023CC8F791F0064D6B8AD522BED92C67F30C83F7468E7AEEFCDA2FD72374158F	NumStability.Source.Higham.Chapter09.ComplexClosure
route	NumStability.Algorithms.HighamChapter9ComplexClosure	NumStability.higham9_10_complex_partialSchur_tail	NumStability.higham9_10_complex_partialSchur_tail	NumStability.higham9_10_complex_partialSchur_tail	NumStability.higham9_10_complex_partialSchur_tail	authored	345	0	357	45	345	6	345	42	D71B303C2EB2B6B21D47155A32AD9B8984F17DE185C5B5ACB60956E1E0F949C7	NumStability.Source.Higham.Chapter09.ComplexClosure
route	NumStability.Algorithms.HighamChapter9ComplexClosure	NumStability.higham9_10_complex_partialSchur_upperHessenberg	NumStability.higham9_10_complex_partialSchur_upperHessenberg	NumStability.higham9_10_complex_partialSchur_upperHessenberg	NumStability.higham9_10_complex_partialSchur_upperHessenberg	authored	359	0	370	9	359	6	359	53	244CCADB52FAD8B9318A10F847A76587755EC506C34B737A1F1B6B67C9FC76D6	NumStability.Source.Higham.Chapter09.ComplexClosure
route	NumStability.Algorithms.HighamChapter9ComplexClosure	NumStability.higham9_10_complex_skip_stageBound	NumStability.higham9_10_complex_skip_stageBound	NumStability.higham9_10_complex_skip_stageBound	NumStability.higham9_10_complex_skip_stageBound	authored	457	0	473	42	457	6	457	40	211F10112372CA5DFACAEBD6FA4471D19A4E90ACBD60D56ECE9DC2B4BC555268	NumStability.Source.Higham.Chapter09.ComplexClosure
route	NumStability.Algorithms.HighamChapter9ComplexClosure	NumStability.higham9_10_complex_skip_upperHessenberg	NumStability.higham9_10_complex_skip_upperHessenberg	NumStability.higham9_10_complex_skip_upperHessenberg	NumStability.higham9_10_complex_skip_upperHessenberg	authored	448	0	455	7	448	6	448	45	3DA9594630ED24D726304F80CA0A332A5BF016C2266EF33FEC210DA80EBD1C32	NumStability.Source.Higham.Chapter09.ComplexClosure
route	NumStability.Algorithms.HighamChapter9ComplexClosure	NumStability.higham9_10_exists_complex_hessenberg_GEPP_growth_le_card	NumStability.higham9_10_exists_complex_hessenberg_GEPP_growth_le_card	NumStability.higham9_10_exists_complex_hessenberg_GEPP_growth_le_card	NumStability.higham9_10_exists_complex_hessenberg_GEPP_growth_le_card	authored	678	0	692	29	680	8	680	64	3ABB9B4DE77D6F3A5AD143BE7E8BDE4BD89B96434A7EE2121A21E1E76C3B043B	NumStability.Source.Higham.Chapter09.ComplexClosure
route	NumStability.Algorithms.HighamChapter9ComplexClosure	NumStability.higham9_10_exists_complex_hessenberg_GEPP_source_growth_le_card	NumStability.higham9_10_exists_complex_hessenberg_GEPP_source_growth_le_card	NumStability.higham9_10_exists_complex_hessenberg_GEPP_source_growth_le_card	NumStability.higham9_10_exists_complex_hessenberg_GEPP_source_growth_le_card	authored	694	0	713	29	697	8	697	71	8892DFEE6EF3072D4E534486F7A7800BF7621BA9468A8F7AAF19834044048812	NumStability.Source.Higham.Chapter09.ComplexClosure
route	NumStability.Algorithms.HighamChapter9ComplexClosure	NumStability.higham9_11_ComplexBandActiveBoundSharp	NumStability.higham9_11_ComplexBandActiveBoundSharp	NumStability.higham9_11_ComplexBandActiveBoundSharp	NumStability.higham9_11_ComplexBandActiveBoundSharp	authored	722	0	734	50	725	4	725	42	50A24FE4E88942611371D9F2530B3A6A9C28EAF77DCDB490A9C8E81CA62D6039	NumStability.Source.Higham.Chapter09.ComplexClosure
route	NumStability.Algorithms.HighamChapter9ComplexClosure	NumStability.higham9_11_ComplexIsBanded	NumStability.higham9_11_ComplexIsBanded	NumStability.higham9_11_ComplexIsBanded	NumStability.higham9_11_ComplexIsBanded	authored	717	0	720	66	718	4	718	30	7D3FFB7959339BA98FE48ACA6021EEB3757854563F4315F359BF0B1B1F37F18B	NumStability.Source.Higham.Chapter09.ComplexClosure
route	NumStability.Algorithms.HighamChapter9ComplexClosure	NumStability.higham9_11_ComplexPartialPivotGEPPUTrace_activeHistoryBound_bohteAux	NumStability.higham9_11_ComplexPartialPivotGEPPUTrace_activeHistoryBound_bohteAux	NumStability.higham9_11_ComplexPartialPivotGEPPUTrace_activeHistoryBound_bohteAux	NumStability.higham9_11_ComplexPartialPivotGEPPUTrace_activeHistoryBound_bohteAux	authored	1104	0	1139	68	1107	8	1107	76	59D22CBACEA85428ECA224F37889466BC4E25E2C074353CDE489794A0E204BDD	NumStability.Source.Higham.Chapter09.ComplexClosure
route	NumStability.Algorithms.HighamChapter9ComplexClosure	NumStability.higham9_11_ComplexPartialPivotGEPPUTrace_entry_norm_le_bohteAux	NumStability.higham9_11_ComplexPartialPivotGEPPUTrace_entry_norm_le_bohteAux	NumStability.higham9_11_ComplexPartialPivotGEPPUTrace_entry_norm_le_bohteAux	NumStability.higham9_11_ComplexPartialPivotGEPPUTrace_entry_norm_le_bohteAux	authored	1052	0	1102	66	1054	8	1054	71	8D5586CC0B7AF28B6084C35C356208D7C4948BC1A0FE1A69D78FB2CC393246A1	NumStability.Source.Higham.Chapter09.ComplexClosure
route	NumStability.Algorithms.HighamChapter9ComplexClosure	NumStability.higham9_11_complexBandActiveBoundSharp_of_isBanded	NumStability.higham9_11_complexBandActiveBoundSharp_of_isBanded	NumStability.higham9_11_complexBandActiveBoundSharp_of_isBanded	NumStability.higham9_11_complexBandActiveBoundSharp_of_isBanded	authored	736	0	759	63	736	8	736	58	7914BD3A463F73B0F20FA943003BC3B05C3F51590E448A42BE80E40DEFF5CC90	NumStability.Source.Higham.Chapter09.ComplexClosure
route	NumStability.Algorithms.HighamChapter9ComplexClosure	NumStability.higham9_11_complexBandActiveSharp_entry_norm_le	NumStability.higham9_11_complexBandActiveSharp_entry_norm_le	NumStability.higham9_11_complexBandActiveSharp_entry_norm_le	NumStability.higham9_11_complexBandActiveSharp_entry_norm_le	authored	761	0	779	68	761	8	761	55	C6327C41C2645EC2B178506B4DB83507C6948468D98BE6C685652B9752CF6B56	NumStability.Source.Higham.Chapter09.ComplexClosure
route	NumStability.Algorithms.HighamChapter9ComplexClosure	NumStability.higham9_11_complexBandActiveSharp_pivot_preserved	NumStability.higham9_11_complexBandActiveSharp_pivot_preserved	NumStability.higham9_11_complexBandActiveSharp_pivot_preserved	NumStability.higham9_11_complexBandActiveSharp_pivot_preserved	authored	897	0	968	27	900	8	900	57	C3C76F95132BB3F38022CBA97906777712C60EEDCD0B18E280C2658995613E6F	NumStability.Source.Higham.Chapter09.ComplexClosure
route	NumStability.Algorithms.HighamChapter9ComplexClosure	NumStability.higham9_11_complexBandActiveSharp_skip_preserved	NumStability.higham9_11_complexBandActiveSharp_skip_preserved	NumStability.higham9_11_complexBandActiveSharp_skip_preserved	NumStability.higham9_11_complexBandActiveSharp_skip_preserved	authored	970	0	1050	9	974	8	974	56	BE3D708883EE81DC661C660C6C46310D85DBF062B54237AF75D34E65EAF7CCB8	NumStability.Source.Higham.Chapter09.ComplexClosure
route	NumStability.Algorithms.HighamChapter9ComplexClosure	NumStability.higham9_11_complexBandActive_to_realEnvelope	NumStability.higham9_11_complexBandActive_to_realEnvelope	NumStability.higham9_11_complexBandActive_to_realEnvelope	NumStability.higham9_11_complexBandActive_to_realEnvelope	authored	816	0	835	76	816	6	816	50	221C8A52E0637A14BA31E91D47524CEE0811B1B839580D262C2A53F10D7CADC4	NumStability.Source.Higham.Chapter09.ComplexClosure
route	NumStability.Algorithms.HighamChapter9ComplexClosure	NumStability.higham9_11_complexBohteExample	NumStability.higham9_11_complexBohteExample	NumStability.higham9_11_complexBohteExample	NumStability.higham9_11_complexBohteExample	authored	1336	0	1337	53	1336	18	1336	48	A543B417462324788A02A5DBB489BD57F754F6BC1A3683AE857F51376492F2BE	NumStability.Source.Higham.Chapter09.ComplexClosure
route	NumStability.Algorithms.HighamChapter9ComplexClosure	NumStability.higham9_11_complexBohteExampleU	NumStability.higham9_11_complexBohteExampleU	NumStability.higham9_11_complexBohteExampleU	NumStability.higham9_11_complexBohteExampleU	authored	1339	0	1340	54	1339	18	1339	49	CB113C7A5EBAFDEC5AADEFFBB0E1DC136A4E767514B9A88DE092A63A008BB347	NumStability.Source.Higham.Chapter09.ComplexClosure
route	NumStability.Algorithms.HighamChapter9ComplexClosure	NumStability.higham9_11_complexBohteExample_isBanded	NumStability.higham9_11_complexBohteExample_isBanded	NumStability.higham9_11_complexBohteExample_isBanded	NumStability.higham9_11_complexBohteExample_isBanded	authored	1348	0	1354	30	1348	8	1348	47	F985E287795DAE30C71945384669609371E9B4085C4CB29AF0173D438335E4B7	NumStability.Source.Higham.Chapter09.ComplexClosure
route	NumStability.Algorithms.HighamChapter9ComplexClosure	NumStability.higham9_11_complexBohteExample_maxEntryNorm_pos	NumStability.higham9_11_complexBohteExample_maxEntryNorm_pos	NumStability.higham9_11_complexBohteExample_maxEntryNorm_pos	NumStability.higham9_11_complexBohteExample_maxEntryNorm_pos	authored	1356	0	1366	10	1356	6	1356	53	3F7D4A589F9337622BAE77742DC88B39423E2128DFB93CD163200EB9C79B6A4A	NumStability.Source.Higham.Chapter09.ComplexClosure
route	NumStability.Algorithms.HighamChapter9ComplexClosure	NumStability.higham9_11_complexBohteExample_trace	NumStability.higham9_11_complexBohteExample_trace	NumStability.higham9_11_complexBohteExample_trace	NumStability.higham9_11_complexBohteExample_trace	authored	1342	0	1346	42	1342	8	1342	44	54F5FCF9E6FC2C5E1E4A8E4A23F6CC5C6D877651A2C21240956BC1946CFB97AB	NumStability.Source.Higham.Chapter09.ComplexClosure
route	NumStability.Algorithms.HighamChapter9ComplexClosure	NumStability.higham9_11_complexPartialSchur_norm_le_realEnvelopeSchur	NumStability.higham9_11_complexPartialSchur_norm_le_realEnvelopeSchur	NumStability.higham9_11_complexPartialSchur_norm_le_realEnvelopeSchur	NumStability.higham9_11_complexPartialSchur_norm_le_realEnvelopeSchur	authored	837	0	884	12	839	6	839	62	8540C901DB06A974ACC7981109161CBBD7488F97A487A13AF9F448B4930D22D1	NumStability.Source.Higham.Chapter09.ComplexClosure
route	NumStability.Algorithms.HighamChapter9ComplexClosure	NumStability.higham9_11_complexPivotEnvelope	NumStability.higham9_11_complexPivotEnvelope	NumStability.higham9_11_complexPivotEnvelope	NumStability.higham9_11_complexPivotEnvelope	authored	781	0	788	45	785	18	785	49	56B96761E434618ECE68FBB89077E9BED852198E93E559C3E34F44C18D11F0D4	NumStability.Source.Higham.Chapter09.ComplexClosure
route	NumStability.Algorithms.HighamChapter9ComplexClosure	NumStability.higham9_11_complexPivotEnvelope_abs	NumStability.higham9_11_complexPivotEnvelope_abs	NumStability.higham9_11_complexPivotEnvelope_abs	NumStability.higham9_11_complexPivotEnvelope_abs	authored	790	0	794	45	790	6	790	41	BDB634D77C097329C9279E639EDCE21E5FB042F9892C8C8C95D7CF834A838D43	NumStability.Source.Higham.Chapter09.ComplexClosure
route	NumStability.Algorithms.HighamChapter9ComplexClosure	NumStability.higham9_11_complexPivotEnvelope_col_zero	NumStability.higham9_11_complexPivotEnvelope_col_zero	NumStability.higham9_11_complexPivotEnvelope_col_zero	NumStability.higham9_11_complexPivotEnvelope_col_zero	authored	796	0	799	40	796	6	796	46	1A2A4D2C0FD41A9F9496D720A3F20096A97D007987338A496151574C9ECB3CE6	NumStability.Source.Higham.Chapter09.ComplexClosure
route	NumStability.Algorithms.HighamChapter9ComplexClosure	NumStability.higham9_11_complexPivotEnvelope_nonzero_iff	NumStability.higham9_11_complexPivotEnvelope_nonzero_iff	NumStability.higham9_11_complexPivotEnvelope_nonzero_iff	NumStability.higham9_11_complexPivotEnvelope_nonzero_iff	authored	801	0	804	67	801	6	801	49	14E63BAC0AD2D56B2D93543A9F7D1C292E818DAD6E173C045C34CEDA0CA1B3E6	NumStability.Source.Higham.Chapter09.ComplexClosure
route	NumStability.Algorithms.HighamChapter9ComplexClosure	NumStability.higham9_11_complexPivotEnvelope_partialPivotChoice	NumStability.higham9_11_complexPivotEnvelope_partialPivotChoice	NumStability.higham9_11_complexPivotEnvelope_partialPivotChoice	NumStability.higham9_11_complexPivotEnvelope_partialPivotChoice	authored	806	0	814	17	806	6	806	56	F142F8A72D08FCB1FB01078BA4FECD5723B1441D746167E71BF5BB7F3052EEF7	NumStability.Source.Higham.Chapter09.ComplexClosure
route	NumStability.Algorithms.HighamChapter9ComplexClosure	NumStability.higham9_11_complex_banded_GEPP_activeHistory_le_bohteBound	NumStability.higham9_11_complex_banded_GEPP_activeHistory_le_bohteBound	NumStability.higham9_11_complex_banded_GEPP_activeHistory_le_bohteBound	NumStability.higham9_11_complex_banded_GEPP_activeHistory_le_bohteBound	authored	1141	0	1157	70	1144	8	1144	66	B6122FFAAF38309F3EED086F281A6558E0B7227C18490FCDA7F62B43B95DD901	NumStability.Source.Higham.Chapter09.ComplexClosure
route	NumStability.Algorithms.HighamChapter9ComplexClosure	NumStability.higham9_11_complex_banded_GEPP_entry_norm_le_bohteBound	NumStability.higham9_11_complex_banded_GEPP_entry_norm_le_bohteBound	NumStability.higham9_11_complex_banded_GEPP_entry_norm_le_bohteBound	NumStability.higham9_11_complex_banded_GEPP_entry_norm_le_bohteBound	authored	1159	0	1173	70	1160	8	1160	63	F69E6D5B41D1EA2BC6709A91CF40AE35824946187DF2CE44D01DBF738815D18B	NumStability.Source.Higham.Chapter09.ComplexClosure
route	NumStability.Algorithms.HighamChapter9ComplexClosure	NumStability.higham9_11_complex_banded_GEPP_growth_le_bohteBound	NumStability.higham9_11_complex_banded_GEPP_growth_le_bohteBound	NumStability.higham9_11_complex_banded_GEPP_growth_le_bohteBound	NumStability.higham9_11_complex_banded_GEPP_growth_le_bohteBound	authored	1175	0	1189	32	1178	8	1178	59	99AC90BCA14FF66D716164906B1C53F3173F4312369C19D9D51726E51A5D3712	NumStability.Source.Higham.Chapter09.ComplexClosure
route	NumStability.Algorithms.HighamChapter9ComplexClosure	NumStability.higham9_11_complex_bohte_near_attainability	NumStability.higham9_11_complex_bohte_near_attainability	NumStability.higham9_11_complex_bohte_near_attainability	NumStability.higham9_11_complex_bohte_near_attainability	authored	1378	0	1402	57	1381	8	1381	51	AB3FA303E1130D3738DF743548D302B866008BFD546AF4DA6E8914127A4FEA00	NumStability.Source.Higham.Chapter09.ComplexClosure
route	NumStability.Algorithms.HighamChapter9ComplexClosure	NumStability.higham9_11_complex_tridiagonal_GEPP_activeHistory_le_two	NumStability.higham9_11_complex_tridiagonal_GEPP_activeHistory_le_two	NumStability.higham9_11_complex_tridiagonal_GEPP_activeHistory_le_two	NumStability.higham9_11_complex_tridiagonal_GEPP_activeHistory_le_two	authored	1241	0	1250	46	1242	8	1242	64	86FD0D0DE40162DB68B2A25C43E003D4944A472DA693BF650E962E411C7DE665	NumStability.Source.Higham.Chapter09.ComplexClosure
route	NumStability.Algorithms.HighamChapter9ComplexClosure	NumStability.higham9_11_complex_tridiagonal_GEPP_growth_le_two	NumStability.higham9_11_complex_tridiagonal_GEPP_growth_le_two	NumStability.higham9_11_complex_tridiagonal_GEPP_growth_le_two	NumStability.higham9_11_complex_tridiagonal_GEPP_growth_le_two	authored	1229	0	1239	46	1231	8	1231	57	E1C0F87C01751578FA493E10AFAE2BACB2CFA6CEBFF8AF4112F28B321BD8228D	NumStability.Source.Higham.Chapter09.ComplexClosure
route	NumStability.Algorithms.HighamChapter9ComplexClosure	NumStability.higham9_11_exists_complex_banded_GEPP_growth_le_bohteBound	NumStability.higham9_11_exists_complex_banded_GEPP_growth_le_bohteBound	NumStability.higham9_11_exists_complex_banded_GEPP_growth_le_bohteBound	NumStability.higham9_11_exists_complex_banded_GEPP_growth_le_bohteBound	authored	1191	0	1204	37	1192	8	1192	66	8D317B08ABBBD63CBEC74DAB2E50899E5DD6C4206EF8E84D3560D62EBC70665E	NumStability.Source.Higham.Chapter09.ComplexClosure
route	NumStability.Algorithms.HighamChapter9ComplexClosure	NumStability.higham9_11_exists_complex_banded_GEPP_source_growth_le_bohteBound	NumStability.higham9_11_exists_complex_banded_GEPP_source_growth_le_bohteBound	NumStability.higham9_11_exists_complex_banded_GEPP_source_growth_le_bohteBound	NumStability.higham9_11_exists_complex_banded_GEPP_source_growth_le_bohteBound	authored	1206	0	1227	37	1209	8	1209	73	997C06FDB473B7003E635140415E542656AC2C5871CFFBA4AFCDDF1A4B86ABDB	NumStability.Source.Higham.Chapter09.ComplexClosure
route	NumStability.Algorithms.HighamChapter9ComplexClosure	NumStability.higham9_11_realEnvelopeSchur_nonneg	NumStability.higham9_11_realEnvelopeSchur_nonneg	NumStability.higham9_11_realEnvelopeSchur_nonneg	NumStability.higham9_11_realEnvelopeSchur_nonneg	authored	886	0	895	14	886	6	886	41	72C86D22C6BF837256CDAE3E161CBB3C053406926A4608CB53AACCE2F8B440D8	NumStability.Source.Higham.Chapter09.ComplexClosure
route	NumStability.Algorithms.HighamChapter9Theorem914Actual	NumStability.higham9_12_exists_LUFactSpec_absLU_eq_of_positive_pivots	NumStability.higham9_12_exists_LUFactSpec_absLU_eq_of_positive_pivots	NumStability.higham9_12_exists_LUFactSpec_absLU_eq_of_positive_pivots	NumStability.higham9_12_exists_LUFactSpec_absLU_eq_of_positive_pivots	authored	2602	0	2654	21	2606	8	2606	64	CB6D3F3B98404AF38EFCC8EC28FF75172FDEB396B11705D539F065C14244680A	NumStability.Source.Higham.Chapter09.Theorem914Actual
route	NumStability.Algorithms.HighamChapter9Theorem914Actual	NumStability.higham9_12_properMMatrix_exists_LUFactSpec_absLU_eq	NumStability.higham9_12_properMMatrix_exists_LUFactSpec_absLU_eq	NumStability.higham9_12_properMMatrix_exists_LUFactSpec_absLU_eq	NumStability.higham9_12_properMMatrix_exists_LUFactSpec_absLU_eq	authored	2714	0	2747	44	2716	8	2716	59	E00454DA0EDBE495E6F581F31E6953325D6FDBA88EBB6C865CF1030F9678B8F7	NumStability.Source.Higham.Chapter09.Theorem914Actual
route	NumStability.Algorithms.HighamChapter9Theorem914Actual	NumStability.higham9_12_signEquiv_exists_LUFactSpec_absLU_eq	NumStability.higham9_12_signEquiv_exists_LUFactSpec_absLU_eq	NumStability.higham9_12_signEquiv_exists_LUFactSpec_absLU_eq	NumStability.higham9_12_signEquiv_exists_LUFactSpec_absLU_eq	authored	3064	0	3126	67	3067	8	3067	55	FA4638AF097452418CC436127A023B8DDF12939C111B344946DD080DC50AE15B	NumStability.Source.Higham.Chapter09.Theorem914Actual
route	NumStability.Algorithms.HighamChapter9Theorem914Actual	NumStability.higham9_12_signEquiv_properMMatrix_exists_LUFactSpec_absLU_eq	NumStability.higham9_12_signEquiv_properMMatrix_exists_LUFactSpec_absLU_eq	NumStability.higham9_12_signEquiv_properMMatrix_exists_LUFactSpec_absLU_eq	NumStability.higham9_12_signEquiv_properMMatrix_exists_LUFactSpec_absLU_eq	authored	3157	0	3167	62	3158	8	3158	69	6C267EDF7844578473AFD404948E5158C589AEC9DDA79F6892C37AE80F3B6B2F	NumStability.Source.Higham.Chapter09.Theorem914Actual
route	NumStability.Algorithms.HighamChapter9Theorem914Actual	NumStability.higham9_12_signEquiv_symPosDef_exists_LUFactSpec_absLU_eq	NumStability.higham9_12_signEquiv_symPosDef_exists_LUFactSpec_absLU_eq	NumStability.higham9_12_signEquiv_symPosDef_exists_LUFactSpec_absLU_eq	NumStability.higham9_12_signEquiv_symPosDef_exists_LUFactSpec_absLU_eq	authored	3128	0	3138	63	3129	8	3129	65	1974C1970B7F37EBED64325995132A1BD39AB96B47473DBBACD551CE27BA84B4	NumStability.Source.Higham.Chapter09.Theorem914Actual
route	NumStability.Algorithms.HighamChapter9Theorem914Actual	NumStability.higham9_12_signEquiv_totalNonnegative_exists_LUFactSpec_absLU_eq	NumStability.higham9_12_signEquiv_totalNonnegative_exists_LUFactSpec_absLU_eq	NumStability.higham9_12_signEquiv_totalNonnegative_exists_LUFactSpec_absLU_eq	NumStability.higham9_12_signEquiv_totalNonnegative_exists_LUFactSpec_absLU_eq	authored	3140	0	3155	61	3142	8	3142	72	FFFB8C3040697A6E6DA0DD22366BFC983AF4877032B703C6A4E1601E04541DF1	NumStability.Source.Higham.Chapter09.Theorem914Actual
route	NumStability.Algorithms.HighamChapter9Theorem914Actual	NumStability.higham9_12_symPosDef_exists_LUFactSpec_absLU_eq	NumStability.higham9_12_symPosDef_exists_LUFactSpec_absLU_eq	NumStability.higham9_12_symPosDef_exists_LUFactSpec_absLU_eq	NumStability.higham9_12_symPosDef_exists_LUFactSpec_absLU_eq	authored	2656	0	2679	25	2657	8	2657	55	A07B640954AA19464685BBBB16B246BA4848AB6552D8279AFCFE22EFBFDB1927	NumStability.Source.Higham.Chapter09.Theorem914Actual
route	NumStability.Algorithms.HighamChapter9Theorem914Actual	NumStability.higham9_12_totalNonnegative_exists_LUFactSpec_absLU_eq	NumStability.higham9_12_totalNonnegative_exists_LUFactSpec_absLU_eq	NumStability.higham9_12_totalNonnegative_exists_LUFactSpec_absLU_eq	NumStability.higham9_12_totalNonnegative_exists_LUFactSpec_absLU_eq	authored	2681	0	2712	24	2683	8	2683	62	3690444B5F8C5DD0C728152E9DD0F677CB8AF784C18CCE9D740F0D1E20E32BEF	NumStability.Source.Higham.Chapter09.Theorem914Actual
route	NumStability.Algorithms.HighamChapter9Theorem914Actual	NumStability.higham9_14_ActualCorrectedSourceBound	NumStability.higham9_14_ActualCorrectedSourceBound	NumStability.higham9_14_ActualCorrectedSourceBound	NumStability.higham9_14_ActualCorrectedSourceBound	authored	2436	0	2448	62	2438	4	2438	41	3C74A4E74942973E05833E8A05B32AA26186629638B7D4216EF2FB1C11005597	NumStability.Source.Higham.Chapter09.Theorem914Actual
route	NumStability.Algorithms.HighamChapter9CompletePivotSharpClosure	NumStability.higham9_14_CompletePivotGECPUTrace_diag_ne_zero	NumStability.higham9_14_CompletePivotGECPUTrace_diag_ne_zero	NumStability.higham9_14_CompletePivotGECPUTrace_diag_ne_zero	NumStability.higham9_14_CompletePivotGECPUTrace_diag_ne_zero	authored	25	0	45	43	27	8	27	55	D8FFFD61E276D1D86CAE792740837D4202F85D3C8AAB8BB6CA9D67655487C1D4	NumStability.Source.Higham.Chapter09.CompletePivotSharpClosure
route	NumStability.Algorithms.HighamChapter9CompletePivotSharpClosure	NumStability.higham9_14_CompletePivotGECPUTrace_first_diag_le_maxEntryNorm	NumStability.higham9_14_CompletePivotGECPUTrace_first_diag_le_maxEntryNorm	NumStability.higham9_14_CompletePivotGECPUTrace_first_diag_le_maxEntryNorm	NumStability.higham9_14_CompletePivotGECPUTrace_first_diag_le_maxEntryNorm	authored	47	0	59	54	49	8	49	69	86D5B238CA58195AF96F659761331DF6FEAA8A75CAA66D695F67A69D57F45419	NumStability.Source.Higham.Chapter09.CompletePivotSharpClosure
route	NumStability.Algorithms.HighamChapter9CompletePivotSharpClosure	NumStability.higham9_14_CompletePivotGECPUTrace_growthFactorEntry_le_wilkinsonBound	NumStability.higham9_14_CompletePivotGECPUTrace_growthFactorEntry_le_wilkinsonBound	NumStability.higham9_14_CompletePivotGECPUTrace_growthFactorEntry_le_wilkinsonBound	NumStability.higham9_14_CompletePivotGECPUTrace_growthFactorEntry_le_wilkinsonBound	authored	154	0	230	52	157	8	157	78	2415104983EF91AAFB7C9FD1FD1A6F3D194912D5BDF4157B40536262B0B660B2	NumStability.Source.Higham.Chapter09.CompletePivotSharpClosure
route	NumStability.Algorithms.HighamChapter9CompletePivotSharpClosure	NumStability.higham9_14_CompletePivotGECPUTrace_prefix_diagonal_bound	NumStability.higham9_14_CompletePivotGECPUTrace_prefix_diagonal_bound	NumStability.higham9_14_CompletePivotGECPUTrace_prefix_diagonal_bound	NumStability.higham9_14_CompletePivotGECPUTrace_prefix_diagonal_bound	authored	61	0	107	31	65	8	65	64	892B319B614E0B71CA76B6184888B344549896DCBED96EBFA986475C85D80D87	NumStability.Source.Higham.Chapter09.CompletePivotSharpClosure
route	NumStability.Algorithms.HighamChapter9CompletePivotSharpClosure	NumStability.higham9_14_CompletePivotGECPUTrace_reducedHistoryGrowthFactor_le_wilkinsonBound	NumStability.higham9_14_CompletePivotGECPUTrace_reducedHistoryGrowthFactor_le_wilkinsonBound	NumStability.higham9_14_CompletePivotGECPUTrace_reducedHistoryGrowthFactor_le_wilkinsonBound	NumStability.higham9_14_CompletePivotGECPUTrace_reducedHistoryGrowthFactor_le_wilkinsonBound	authored	360	0	380	22	365	8	365	87	12CFDB6C8F55D7CCFC20EDE38EF04A9747C7DA1B9594745B08935C70DFAFBB94	NumStability.Source.Higham.Chapter09.CompletePivotSharpClosure
route	NumStability.Algorithms.HighamChapter9CompletePivotSharpClosure	NumStability.higham9_14_CompletePivotGECPUTrace_segment_diagonal_bound	NumStability.higham9_14_CompletePivotGECPUTrace_segment_diagonal_bound	NumStability.higham9_14_CompletePivotGECPUTrace_segment_diagonal_bound	NumStability.higham9_14_CompletePivotGECPUTrace_segment_diagonal_bound	authored	109	0	152	61	111	8	111	65	94A52949E7D85FB729084C31F003A0297791ED14FE770CF526D0F05B1C4A1080	NumStability.Source.Higham.Chapter09.CompletePivotSharpClosure
route	NumStability.Algorithms.HighamChapter9CompletePivotSharpClosure	NumStability.higham9_14_CompletePivotReducedStageNorm	NumStability.higham9_14_CompletePivotReducedStageNorm	NumStability.higham9_14_CompletePivotReducedStageNorm	NumStability.higham9_14_CompletePivotReducedStageNorm	authored	232	0	262	71	236	10	236	50	05A5CA6742FEFA1D4B7465926A4852C22A09A9379395CF0B37BCB1CF62585741	NumStability.Source.Higham.Chapter09.CompletePivotSharpClosure
route	NumStability.Algorithms.HighamChapter9CompletePivotSharpClosure	NumStability.higham9_14_CompletePivotReducedStageNorm.below	NumStability.higham9_14_CompletePivotReducedStageNorm.below	NumStability.higham9_14_CompletePivotReducedStageNorm	NumStability.higham9_14_CompletePivotReducedStageNorm	compiler_generated	232	0	262	71	236	10	236	50	05A5CA6742FEFA1D4B7465926A4852C22A09A9379395CF0B37BCB1CF62585741	NumStability.Source.Higham.Chapter09.CompletePivotSharpClosure
route	NumStability.Algorithms.HighamChapter9CompletePivotSharpClosure	NumStability.higham9_14_CompletePivotReducedStageNorm.below.casesOn	NumStability.higham9_14_CompletePivotReducedStageNorm.below.casesOn	NumStability.higham9_14_CompletePivotReducedStageNorm	NumStability.higham9_14_CompletePivotReducedStageNorm	compiler_generated	232	0	262	71	236	10	236	50	05A5CA6742FEFA1D4B7465926A4852C22A09A9379395CF0B37BCB1CF62585741	NumStability.Source.Higham.Chapter09.CompletePivotSharpClosure
route	NumStability.Algorithms.HighamChapter9CompletePivotSharpClosure	NumStability.higham9_14_CompletePivotReducedStageNorm.below.current	NumStability.higham9_14_CompletePivotReducedStageNorm.below.current	NumStability.higham9_14_CompletePivotReducedStageNorm	NumStability.higham9_14_CompletePivotReducedStageNorm	compiler_generated	232	0	262	71	236	10	236	50	05A5CA6742FEFA1D4B7465926A4852C22A09A9379395CF0B37BCB1CF62585741	NumStability.Source.Higham.Chapter09.CompletePivotSharpClosure
route	NumStability.Algorithms.HighamChapter9CompletePivotSharpClosure	NumStability.higham9_14_CompletePivotReducedStageNorm.below.rec	NumStability.higham9_14_CompletePivotReducedStageNorm.below.rec	NumStability.higham9_14_CompletePivotReducedStageNorm	NumStability.higham9_14_CompletePivotReducedStageNorm	compiler_generated	232	0	262	71	236	10	236	50	05A5CA6742FEFA1D4B7465926A4852C22A09A9379395CF0B37BCB1CF62585741	NumStability.Source.Higham.Chapter09.CompletePivotSharpClosure
route	NumStability.Algorithms.HighamChapter9CompletePivotSharpClosure	NumStability.higham9_14_CompletePivotReducedStageNorm.below.tail	NumStability.higham9_14_CompletePivotReducedStageNorm.below.tail	NumStability.higham9_14_CompletePivotReducedStageNorm	NumStability.higham9_14_CompletePivotReducedStageNorm	compiler_generated	232	0	262	71	236	10	236	50	05A5CA6742FEFA1D4B7465926A4852C22A09A9379395CF0B37BCB1CF62585741	NumStability.Source.Higham.Chapter09.CompletePivotSharpClosure
route	NumStability.Algorithms.HighamChapter9CompletePivotSharpClosure	NumStability.higham9_14_CompletePivotReducedStageNorm.brecOn	NumStability.higham9_14_CompletePivotReducedStageNorm.brecOn	NumStability.higham9_14_CompletePivotReducedStageNorm	NumStability.higham9_14_CompletePivotReducedStageNorm	compiler_generated	232	0	262	71	236	10	236	50	05A5CA6742FEFA1D4B7465926A4852C22A09A9379395CF0B37BCB1CF62585741	NumStability.Source.Higham.Chapter09.CompletePivotSharpClosure
route	NumStability.Algorithms.HighamChapter9CompletePivotSharpClosure	NumStability.higham9_14_CompletePivotReducedStageNorm.casesOn	NumStability.higham9_14_CompletePivotReducedStageNorm.casesOn	NumStability.higham9_14_CompletePivotReducedStageNorm	NumStability.higham9_14_CompletePivotReducedStageNorm	compiler_generated	232	0	262	71	236	10	236	50	05A5CA6742FEFA1D4B7465926A4852C22A09A9379395CF0B37BCB1CF62585741	NumStability.Source.Higham.Chapter09.CompletePivotSharpClosure
route	NumStability.Algorithms.HighamChapter9CompletePivotSharpClosure	NumStability.higham9_14_CompletePivotReducedStageNorm.current	NumStability.higham9_14_CompletePivotReducedStageNorm.current	NumStability.higham9_14_CompletePivotReducedStageNorm	NumStability.higham9_14_CompletePivotReducedStageNorm	compiler_generated	232	0	262	71	236	10	236	50	05A5CA6742FEFA1D4B7465926A4852C22A09A9379395CF0B37BCB1CF62585741	NumStability.Source.Higham.Chapter09.CompletePivotSharpClosure
route	NumStability.Algorithms.HighamChapter9CompletePivotSharpClosure	NumStability.higham9_14_CompletePivotReducedStageNorm.rec	NumStability.higham9_14_CompletePivotReducedStageNorm.rec	NumStability.higham9_14_CompletePivotReducedStageNorm	NumStability.higham9_14_CompletePivotReducedStageNorm	compiler_generated	232	0	262	71	236	10	236	50	05A5CA6742FEFA1D4B7465926A4852C22A09A9379395CF0B37BCB1CF62585741	NumStability.Source.Higham.Chapter09.CompletePivotSharpClosure
route	NumStability.Algorithms.HighamChapter9CompletePivotSharpClosure	NumStability.higham9_14_CompletePivotReducedStageNorm.recOn	NumStability.higham9_14_CompletePivotReducedStageNorm.recOn	NumStability.higham9_14_CompletePivotReducedStageNorm	NumStability.higham9_14_CompletePivotReducedStageNorm	compiler_generated	232	0	262	71	236	10	236	50	05A5CA6742FEFA1D4B7465926A4852C22A09A9379395CF0B37BCB1CF62585741	NumStability.Source.Higham.Chapter09.CompletePivotSharpClosure
route	NumStability.Algorithms.HighamChapter9CompletePivotSharpClosure	NumStability.higham9_14_CompletePivotReducedStageNorm.tail	NumStability.higham9_14_CompletePivotReducedStageNorm.tail	NumStability.higham9_14_CompletePivotReducedStageNorm	NumStability.higham9_14_CompletePivotReducedStageNorm	compiler_generated	232	0	262	71	236	10	236	50	05A5CA6742FEFA1D4B7465926A4852C22A09A9379395CF0B37BCB1CF62585741	NumStability.Source.Higham.Chapter09.CompletePivotSharpClosure
route	NumStability.Algorithms.HighamChapter9Theorem914Actual	NumStability.higham9_14_IsProperMMatrix	NumStability.higham9_14_IsProperMMatrix	NumStability.higham9_14_IsProperMMatrix	NumStability.higham9_14_IsProperMMatrix	authored	2199	0	2206	54	2202	4	2202	30	A8BBDF78C9E4CA26AD0EBFD059DB2C69027FC5900B8D7360BC1B1BFA8726111A	NumStability.Source.Higham.Chapter09.Theorem914Actual
route	NumStability.Algorithms.HighamChapter9Theorem914Actual	NumStability.higham9_14_IsSignEquiv_symm	NumStability.higham9_14_IsSignEquiv_symm	NumStability.higham9_14_IsSignEquiv_symm	NumStability.higham9_14_IsSignEquiv_symm	authored	2782	0	2799	54	2784	8	2784	35	1EE4F1073561AB6F11366B0F6D9001003E5DC77B635F24731C9F39D8373FB85D	NumStability.Source.Higham.Chapter09.Theorem914Actual
route	NumStability.Algorithms.HighamChapter9Theorem914Actual	NumStability.higham9_14_absLU_diag_sum	NumStability.higham9_14_absLU_diag_sum	NumStability.higham9_14_absLU_diag_sum	NumStability.higham9_14_absLU_diag_sum	authored	1514	0	1573	53	1518	8	1518	33	C520FFAA5DA92B7EA32CCECECAEE93CA9562A653792C5D3E2DC006E12CF9D26A	NumStability.Source.Higham.Chapter09.Theorem914Actual
route	NumStability.Algorithms.HighamChapter9Theorem914Actual	NumStability.higham9_14_actualFactorDelta	NumStability.higham9_14_actualFactorDelta	NumStability.higham9_14_actualFactorDelta	NumStability.higham9_14_actualFactorDelta	authored	216	0	222	29	218	18	218	46	5F9DEBFB004D07434F3591117A960AD786E8940DE2C469EFFD2A82B31D1BC921	NumStability.Source.Higham.Chapter09.Theorem914Actual
route	NumStability.Algorithms.HighamChapter9Theorem914Actual	NumStability.higham9_14_actualFactorDelta_product	NumStability.higham9_14_actualFactorDelta_product	NumStability.higham9_14_actualFactorDelta_product	NumStability.higham9_14_actualFactorDelta_product	authored	224	0	246	41	226	8	226	44	40A09C42EAF7E08EAE37A787C2BC4805012000F4EF4A205D7E28E641230BE2C1	NumStability.Source.Higham.Chapter09.Theorem914Actual
route	NumStability.Algorithms.HighamChapter9Theorem914Actual	NumStability.higham9_14_actual_noCancellation_of_diagonal_term_sign	NumStability.higham9_14_actual_noCancellation_of_diagonal_term_sign	NumStability.higham9_14_actual_noCancellation_of_diagonal_term_sign	NumStability.higham9_14_actual_noCancellation_of_diagonal_term_sign	authored	1630	0	1719	43	1634	8	1634	62	3C762E217316A309EA55C7BF909BF592311CB7B7370F53EF75BD97BD4D00AA64	NumStability.Source.Higham.Chapter09.Theorem914Actual
route	NumStability.Algorithms.HighamChapter9Theorem914Actual	NumStability.higham9_14_actual_noCancellation_of_positive_exact_pivots	NumStability.higham9_14_actual_noCancellation_of_positive_exact_pivots	NumStability.higham9_14_actual_noCancellation_of_positive_exact_pivots	NumStability.higham9_14_actual_noCancellation_of_positive_exact_pivots	authored	1738	0	1774	45	1741	8	1741	65	7C187FB4AD404F66C010A8AADBE4B461BBB6B9BAC23BC1386C80588B1C2E8B28	NumStability.Source.Higham.Chapter09.Theorem914Actual
route	NumStability.Algorithms.HighamChapter9Theorem914Actual	NumStability.higham9_14_actual_noCancellation_of_signed_exact_pivots	NumStability.higham9_14_actual_noCancellation_of_signed_exact_pivots	NumStability.higham9_14_actual_noCancellation_of_signed_exact_pivots	NumStability.higham9_14_actual_noCancellation_of_signed_exact_pivots	authored	1798	0	1850	18	1801	8	1801	63	6ABCC60A0BA1ED3277BB120DEB05F734BBE6FC09D2E1FF0EE2448E06326FECB6	NumStability.Source.Higham.Chapter09.Theorem914Actual
route	NumStability.Algorithms.HighamChapter9Theorem914Actual	NumStability.higham9_14_actual_tridiag_source_h_bound_corrected_of_noCancellation	NumStability.higham9_14_actual_tridiag_source_h_bound_corrected_of_noCancellation	NumStability.higham9_14_actual_tridiag_source_h_bound_corrected_of_noCancellation	NumStability.higham9_14_actual_tridiag_source_h_bound_corrected_of_noCancellation	authored	1176	0	1283	63	1186	8	1186	76	5CBFD85263F4A0225EF5F092FFDD068990C96C0C4C793F6B5F7C0CF587A6DB07	NumStability.Source.Higham.Chapter09.Theorem914Actual
route	NumStability.Algorithms.HighamChapter9Theorem914Actual	NumStability.higham9_14_actual_tridiag_source_scaled_h_bound_corrected_of_growth	NumStability.higham9_14_actual_tridiag_source_scaled_h_bound_corrected_of_growth	NumStability.higham9_14_actual_tridiag_source_scaled_h_bound_corrected_of_growth	NumStability.higham9_14_actual_tridiag_source_scaled_h_bound_corrected_of_growth	authored	1337	0	1386	68	1340	8	1340	75	B092BDC88B64B93DEA6804DBD1B7A1E26030E44C2FE62EFD2BB9F26A9F4755D1	NumStability.Source.Higham.Chapter09.Theorem914Actual
route	NumStability.Algorithms.HighamChapter9Theorem914Actual	NumStability.higham9_14_actual_tridiag_source_three_h_bound_corrected_of_growth	NumStability.higham9_14_actual_tridiag_source_three_h_bound_corrected_of_growth	NumStability.higham9_14_actual_tridiag_source_three_h_bound_corrected_of_growth	NumStability.higham9_14_actual_tridiag_source_three_h_bound_corrected_of_growth	authored	1285	0	1335	68	1290	8	1290	74	32B4F13CA08472BB1977091B378A161D14C18F3B43B37E093A2A698AD0C2038B	NumStability.Source.Higham.Chapter09.Theorem914Actual
route	NumStability.Algorithms.HighamChapter9CompletePivotSharpClosure	NumStability.higham9_14_completePivotReducedHistoryGrowthFactor	NumStability.higham9_14_completePivotReducedHistoryGrowthFactor	NumStability.higham9_14_completePivotReducedHistoryGrowthFactor	NumStability.higham9_14_completePivotReducedHistoryGrowthFactor	authored	280	0	287	70	283	18	283	68	6B171B7D7DE8B74FDBB2A9567AA889B4AFCF149FA117965C22B3C1DE0EAAEC4C	NumStability.Source.Higham.Chapter09.CompletePivotSharpClosure
route	NumStability.Algorithms.HighamChapter9CompletePivotSharpClosure	NumStability.higham9_14_completePivotReducedHistoryMax	NumStability.higham9_14_completePivotReducedHistoryMax	NumStability.higham9_14_completePivotReducedHistoryMax	NumStability.higham9_14_completePivotReducedHistoryMax	authored	271	0	278	61	275	18	275	59	C2FF6D503B82B21D0C6E904012B604B209C25459A7139ABBC10F3C46A0138D40	NumStability.Source.Higham.Chapter09.CompletePivotSharpClosure
route	NumStability.Algorithms.HighamChapter9CompletePivotSharpClosure	NumStability.higham9_14_completePivotReducedHistoryMax_le_maxEntryNorm_U	NumStability.higham9_14_completePivotReducedHistoryMax_le_maxEntryNorm_U	NumStability.higham9_14_completePivotReducedHistoryMax_le_maxEntryNorm_U	NumStability.higham9_14_completePivotReducedHistoryMax_le_maxEntryNorm_U	authored	289	0	358	47	293	8	293	67	4DABA0F5986A5647168B4978E02DF182A9740A2A70F8B7E8B30DC7E30738CB43	NumStability.Source.Higham.Chapter09.CompletePivotSharpClosure
route	NumStability.Algorithms.HighamChapter9CompletePivotSharpClosure	NumStability.higham9_14_completePivotReducedHistoryNormSet	NumStability.higham9_14_completePivotReducedHistoryNormSet	NumStability.higham9_14_completePivotReducedHistoryNormSet	NumStability.higham9_14_completePivotReducedHistoryNormSet	authored	264	0	269	57	266	4	266	49	6E8DAB3C1B0A1BBAC8ACF6FA66B79E6691ABF5D059FD255445C0BBA991300F3A	NumStability.Source.Higham.Chapter09.CompletePivotSharpClosure
route	NumStability.Algorithms.HighamChapter9CompletePivotSharpClosure	NumStability.higham9_14_completePivotTrace_to_rookTrace	NumStability.higham9_14_completePivotTrace_to_rookTrace	NumStability.higham9_14_completePivotTrace_to_rookTrace	NumStability.higham9_14_completePivotTrace_to_rookTrace	authored	10	0	23	17	12	8	12	50	74C45B9CCBABC8A19E13242DF9DD4E37F13AB09BDBEE489AFB69D2DDE2A1716A	NumStability.Source.Higham.Chapter09.CompletePivotSharpClosure
route	NumStability.Algorithms.HighamChapter9Theorem914Actual	NumStability.higham9_14_det_ne_zero_iff_of_signEquiv	NumStability.higham9_14_det_ne_zero_iff_of_signEquiv	NumStability.higham9_14_det_ne_zero_iff_of_signEquiv	NumStability.higham9_14_det_ne_zero_iff_of_signEquiv	authored	2801	0	2808	53	2801	8	2801	47	329F259CEF2CCC2123423DE37185C5D000B61D192785FAD3861FA524E249FF38	NumStability.Source.Higham.Chapter09.Theorem914Actual
route	NumStability.Algorithms.HighamChapter9Theorem914Actual	NumStability.higham9_14_det_ne_zero_of_signEquiv	NumStability.higham9_14_det_ne_zero_of_signEquiv	NumStability.higham9_14_det_ne_zero_of_signEquiv	NumStability.higham9_14_det_ne_zero_of_signEquiv	authored	2749	0	2780	47	2751	8	2751	43	F0D529E068FDDD4E74FF7B99918C06838A06A2DC396DD7E3419619004A6EB8FC	NumStability.Source.Higham.Chapter09.Theorem914Actual
route	NumStability.Algorithms.HighamChapter9Theorem914Actual	NumStability.higham9_14_diagDominantCounterexampleData	NumStability.higham9_14_diagDominantCounterexampleData	NumStability.higham9_14_diagDominantCounterexampleData	NumStability.higham9_14_diagDominantCounterexampleData	authored	3213	0	3218	17	3215	18	3215	59	9B2A28E071BB9A4EFA4DAF9C8483478759C8D117775161138388E6FFDB3E3F8A	NumStability.Source.Higham.Chapter09.Theorem914Actual
route	NumStability.Algorithms.HighamChapter9Theorem914Actual	NumStability.higham9_14_diagDominantCounterexample_col	NumStability.higham9_14_diagDominantCounterexample_col	NumStability.higham9_14_diagDominantCounterexample_col	NumStability.higham9_14_diagDominantCounterexample_col	authored	3228	0	3234	48	3228	8	3228	49	B7D9B3995B6F718A35F9B3E7D4B5B485F8D142AB5F783F3EA442339ACC5414E1	NumStability.Source.Higham.Chapter09.Theorem914Actual
route	NumStability.Algorithms.HighamChapter9Theorem914Actual	NumStability.higham9_14_diagDominantCounterexample_det_ne_zero	NumStability.higham9_14_diagDominantCounterexample_det_ne_zero	NumStability.higham9_14_diagDominantCounterexample_det_ne_zero	NumStability.higham9_14_diagDominantCounterexample_det_ne_zero	authored	3236	0	3241	73	3236	8	3236	57	3007A6255135837BFE7F010B963F5A85C69404599585F0E9C1BE2C93DECA4397	NumStability.Source.Higham.Chapter09.Theorem914Actual
route	NumStability.Algorithms.HighamChapter9Theorem914Actual	NumStability.higham9_14_diagDominantCounterexample_roundedPivot_one_eq_zero	NumStability.higham9_14_diagDominantCounterexample_roundedPivot_one_eq_zero	NumStability.higham9_14_diagDominantCounterexample_roundedPivot_one_eq_zero	NumStability.higham9_14_diagDominantCounterexample_roundedPivot_one_eq_zero	authored	3243	0	3249	46	3243	8	3243	70	DAE788B0D2EE835E0D5CD4B7B380DE9ED7864B1D1AA067F80374321E237720CD	NumStability.Source.Higham.Chapter09.Theorem914Actual
route	NumStability.Algorithms.HighamChapter9Theorem914Actual	NumStability.higham9_14_diagDominantCounterexample_row	NumStability.higham9_14_diagDominantCounterexample_row	NumStability.higham9_14_diagDominantCounterexample_row	NumStability.higham9_14_diagDominantCounterexample_row	authored	3220	0	3226	48	3220	8	3220	49	D3D6321EE60D32E08D5C8D82D411D9E4799743938B02D0B9AC64826FC3E0F7C1	NumStability.Source.Higham.Chapter09.Theorem914Actual
route	NumStability.Algorithms.HighamChapter9Theorem914Actual	NumStability.higham9_14_diagDominant_small_u_nonbreakdown_not_from_bare_FPModel	NumStability.higham9_14_diagDominant_small_u_nonbreakdown_not_from_bare_FPModel	NumStability.higham9_14_diagDominant_small_u_nonbreakdown_not_from_bare_FPModel	NumStability.higham9_14_diagDominant_small_u_nonbreakdown_not_from_bare_FPModel	authored	3340	0	3356	72	3342	8	3342	74	0C0DE14B341F30BCAC1A950DBD6B275E25FD060E1F16B2068A32D5C237FE980A	NumStability.Source.Higham.Chapter09.Theorem914Actual
route	NumStability.Algorithms.HighamChapter9Theorem914Actual	NumStability.higham9_14_diagDominant_unrestricted_nonbreakdown_not_from_bare_FPModel	NumStability.higham9_14_diagDominant_unrestricted_nonbreakdown_not_from_bare_FPModel	NumStability.higham9_14_diagDominant_unrestricted_nonbreakdown_not_from_bare_FPModel	NumStability.higham9_14_diagDominant_unrestricted_nonbreakdown_not_from_bare_FPModel	authored	3251	0	3266	66	3254	8	3254	79	512A50FA27A5DD6725824B1D31F2FA5656EAC707A42B24CC5FA1D33D5B580A87	NumStability.Source.Higham.Chapter09.Theorem914Actual
route	NumStability.Algorithms.HighamChapter9Theorem914Actual	NumStability.higham9_14_exactFPModel	NumStability.higham9_14_exactFPModel	NumStability.higham9_14_exactFPModel	NumStability.higham9_14_exactFPModel	authored	61	0	64	47	63	18	63	41	18635A4E4F19C5120C820D5CFA7C1182ED964D10D1B9A1689E2DE35953D6EB76	NumStability.Source.Higham.Chapter09.Theorem914Actual
route	NumStability.Algorithms.HighamChapter9Theorem914Actual	NumStability.higham9_14_exactFP_LUFactSpec	NumStability.higham9_14_exactFP_LUFactSpec	NumStability.higham9_14_exactFP_LUFactSpec	NumStability.higham9_14_exactFP_LUFactSpec	authored	317	0	328	65	318	8	318	37	71B4E2528999F4281487FDA026702F1255F56CA5DD8E05F745744DF626CDCC90	NumStability.Source.Higham.Chapter09.Theorem914Actual
route	NumStability.Algorithms.HighamChapter9Theorem914Actual	NumStability.higham9_14_exactFP_product_eq_source	NumStability.higham9_14_exactFP_product_eq_source	NumStability.higham9_14_exactFP_product_eq_source	NumStability.higham9_14_exactFP_product_eq_source	authored	248	0	315	34	251	8	251	44	2355D2D6A1DF44B5FB5EE5471E7AEE4DE25EF4FBA1B808BA68DDCBCC74423A26	NumStability.Source.Higham.Chapter09.Theorem914Actual
route	NumStability.Algorithms.HighamChapter9Theorem914Actual	NumStability.higham9_14_exactMultiplierVec	NumStability.higham9_14_exactMultiplierVec	NumStability.higham9_14_exactMultiplierVec	NumStability.higham9_14_exactMultiplierVec	authored	53	0	59	39	54	18	54	47	915C8A84ACF1D932AED1827ED64B4B2B829A6DAB13D8AD2755C32FECCDA382FD	NumStability.Source.Higham.Chapter09.Theorem914Actual
route	NumStability.Algorithms.HighamChapter9Theorem914Actual	NumStability.higham9_14_exactMultiplierVec_of_pos	NumStability.higham9_14_exactMultiplierVec_of_pos	NumStability.higham9_14_exactMultiplierVec_of_pos	NumStability.higham9_14_exactMultiplierVec_of_pos	authored	110	0	122	5	110	8	110	44	6D0E776B53DB3BAF99E268B840927B18F17175DC636DED0CC32ED888CBF0B7C1	NumStability.Source.Higham.Chapter09.Theorem914Actual
route	NumStability.Algorithms.HighamChapter9Theorem914Actual	NumStability.higham9_14_exactPivotVec	NumStability.higham9_14_exactPivotVec	NumStability.higham9_14_exactPivotVec	NumStability.higham9_14_exactPivotVec	authored	29	0	35	39	30	18	30	42	2ADE7C9D91AFC6BA920D3DE16B12AFEA95DD19415665F3C594596B45C6BCBFF9	NumStability.Source.Higham.Chapter09.Theorem914Actual
route	NumStability.Algorithms.HighamChapter9Theorem914Actual	NumStability.higham9_14_exactPivotVec_eq_U_diag_of_LUFactSpec	NumStability.higham9_14_exactPivotVec_eq_U_diag_of_LUFactSpec	NumStability.higham9_14_exactPivotVec_eq_U_diag_of_LUFactSpec	NumStability.higham9_14_exactPivotVec_eq_U_diag_of_LUFactSpec	authored	1852	0	1920	14	1854	8	1854	56	7D70EFA4E9E105CA6F3226800411A2084BE865EA8C1CF538985C2C979F37FF61	NumStability.Source.Higham.Chapter09.Theorem914Actual
route	NumStability.Algorithms.HighamChapter9Theorem914Actual	NumStability.higham9_14_exactPivotVec_ne_zero_of_LUFactSpec	NumStability.higham9_14_exactPivotVec_ne_zero_of_LUFactSpec	NumStability.higham9_14_exactPivotVec_ne_zero_of_LUFactSpec	NumStability.higham9_14_exactPivotVec_ne_zero_of_LUFactSpec	authored	1922	0	1931	16	1924	8	1924	54	5BBE5EF22BD67DB3C020F374E1B80220B3301046AFF4D14001EC1EAF53AF8BB4	NumStability.Source.Higham.Chapter09.Theorem914Actual
route	NumStability.Algorithms.HighamChapter9Theorem914Actual	NumStability.higham9_14_exactPivotVec_ne_zero_of_colDiagDominant	NumStability.higham9_14_exactPivotVec_ne_zero_of_colDiagDominant	NumStability.higham9_14_exactPivotVec_ne_zero_of_colDiagDominant	NumStability.higham9_14_exactPivotVec_ne_zero_of_colDiagDominant	authored	2169	0	2181	48	2171	8	2171	59	672918865266EC2AC1C46F12224B37C04924AF13F5426135A679852775B1BBD3	NumStability.Source.Higham.Chapter09.Theorem914Actual
route	NumStability.Algorithms.HighamChapter9Theorem914Actual	NumStability.higham9_14_exactPivotVec_ne_zero_of_leadingPrincipalBlock_det_ne_zero	NumStability.higham9_14_exactPivotVec_ne_zero_of_leadingPrincipalBlock_det_ne_zero	NumStability.higham9_14_exactPivotVec_ne_zero_of_leadingPrincipalBlock_det_ne_zero	NumStability.higham9_14_exactPivotVec_ne_zero_of_leadingPrincipalBlock_det_ne_zero	authored	1933	0	1948	48	1935	8	1935	77	F698FD38E137C966EDD0FB9A91BD08D74428818F26FDABAD6504231CAD9B0932	NumStability.Source.Higham.Chapter09.Theorem914Actual
route	NumStability.Algorithms.HighamChapter9Theorem914Actual	NumStability.higham9_14_exactPivotVec_ne_zero_of_properMMatrix	NumStability.higham9_14_exactPivotVec_ne_zero_of_properMMatrix	NumStability.higham9_14_exactPivotVec_ne_zero_of_properMMatrix	NumStability.higham9_14_exactPivotVec_ne_zero_of_properMMatrix	authored	2392	0	2396	65	2392	8	2392	57	6AB2D1CA7117B5475E9550785E3BC85A01A5ABCFCE9BF1EF5AF2E05BA43800E6	NumStability.Source.Higham.Chapter09.Theorem914Actual
route	NumStability.Algorithms.HighamChapter9Theorem914Actual	NumStability.higham9_14_exactPivotVec_ne_zero_of_rowDiagDominant	NumStability.higham9_14_exactPivotVec_ne_zero_of_rowDiagDominant	NumStability.higham9_14_exactPivotVec_ne_zero_of_rowDiagDominant	NumStability.higham9_14_exactPivotVec_ne_zero_of_rowDiagDominant	authored	2183	0	2195	48	2185	8	2185	59	632021C8F745830F1DFD35F7D43C79E0A3DC498BF54DA22E52080158EB444E53	NumStability.Source.Higham.Chapter09.Theorem914Actual
route	NumStability.Algorithms.HighamChapter9Theorem914Actual	NumStability.higham9_14_exactPivotVec_ne_zero_of_signEquiv	NumStability.higham9_14_exactPivotVec_ne_zero_of_signEquiv	NumStability.higham9_14_exactPivotVec_ne_zero_of_signEquiv	NumStability.higham9_14_exactPivotVec_ne_zero_of_signEquiv	authored	2152	0	2167	58	2156	8	2156	53	AC3FBF5A9EEF88E89229EA31A444371A0EAB0E215CCA2FE2F2C275606A92EF85	NumStability.Source.Higham.Chapter09.Theorem914Actual
route	NumStability.Algorithms.HighamChapter9Theorem914Actual	NumStability.higham9_14_exactPivotVec_ne_zero_of_symPosDef	NumStability.higham9_14_exactPivotVec_ne_zero_of_symPosDef	NumStability.higham9_14_exactPivotVec_ne_zero_of_symPosDef	NumStability.higham9_14_exactPivotVec_ne_zero_of_symPosDef	authored	2060	0	2070	40	2062	8	2062	53	BD6D3EDBE8B330534CD2A27D659C88F4ADD9D053BCF5469955905A82EB5902BA	NumStability.Source.Higham.Chapter09.Theorem914Actual
route	NumStability.Algorithms.HighamChapter9Theorem914Actual	NumStability.higham9_14_exactPivotVec_ne_zero_of_totalNonnegative	NumStability.higham9_14_exactPivotVec_ne_zero_of_totalNonnegative	NumStability.higham9_14_exactPivotVec_ne_zero_of_totalNonnegative	NumStability.higham9_14_exactPivotVec_ne_zero_of_totalNonnegative	authored	2072	0	2085	48	2074	8	2074	60	F4975334A62A0ED6361B5CB982BF00A08572D77AAE049C5B20EE512C7E46A1DD	NumStability.Source.Higham.Chapter09.Theorem914Actual
route	NumStability.Algorithms.HighamChapter9Theorem914Actual	NumStability.higham9_14_exactPivotVec_of_pos	NumStability.higham9_14_exactPivotVec_of_pos	NumStability.higham9_14_exactPivotVec_of_pos	NumStability.higham9_14_exactPivotVec_of_pos	authored	124	0	141	13	124	8	124	39	021FF2E77B084BE0776D2F961898AAF571E461A5366A5778E37B69D94FB0A509	NumStability.Source.Higham.Chapter09.Theorem914Actual
route	NumStability.Algorithms.HighamChapter9Theorem914Actual	NumStability.higham9_14_exactPivotVec_pos_of_leadingPrincipalBlock_det_pos	NumStability.higham9_14_exactPivotVec_pos_of_leadingPrincipalBlock_det_pos	NumStability.higham9_14_exactPivotVec_pos_of_leadingPrincipalBlock_det_pos	NumStability.higham9_14_exactPivotVec_pos_of_leadingPrincipalBlock_det_pos	authored	1950	0	2016	39	1954	8	1954	69	003773F86413762EC811EEACD7AAEBDE6363D6A226B8009D27E28BA2A70725D5	NumStability.Source.Higham.Chapter09.Theorem914Actual
route	NumStability.Algorithms.HighamChapter9Theorem914Actual	NumStability.higham9_14_exactPivotVec_pos_of_properMMatrix	NumStability.higham9_14_exactPivotVec_pos_of_properMMatrix	NumStability.higham9_14_exactPivotVec_pos_of_properMMatrix	NumStability.higham9_14_exactPivotVec_pos_of_properMMatrix	authored	2378	0	2390	15	2380	8	2380	53	3133DE17FB73CFD84E1BF84F504317B90839F0D3C7C2F8D800A38913E8276B33	NumStability.Source.Higham.Chapter09.Theorem914Actual
route	NumStability.Algorithms.HighamChapter9Theorem914Actual	NumStability.higham9_14_exactPivotVec_pos_of_symPosDef	NumStability.higham9_14_exactPivotVec_pos_of_symPosDef	NumStability.higham9_14_exactPivotVec_pos_of_symPosDef	NumStability.higham9_14_exactPivotVec_pos_of_symPosDef	authored	2049	0	2058	39	2051	8	2051	49	FD8D736F8E7196D3E2FC73D0CA62606AB8A95D0D253203001D5FF177655CC770	NumStability.Source.Higham.Chapter09.Theorem914Actual
route	NumStability.Algorithms.HighamChapter9Theorem914Actual	NumStability.higham9_14_exactPivotVec_pos_of_totalNonnegative	NumStability.higham9_14_exactPivotVec_pos_of_totalNonnegative	NumStability.higham9_14_exactPivotVec_pos_of_totalNonnegative	NumStability.higham9_14_exactPivotVec_pos_of_totalNonnegative	authored	2087	0	2100	47	2090	8	2090	56	C0680138B96B453A4FFD5837E6343CD9EE29A00E1DAC07710615D7025C43AD58	NumStability.Source.Higham.Chapter09.Theorem914Actual
route	NumStability.Algorithms.HighamChapter9CompletePivotSharpClosure	NumStability.higham9_14_exists_CompletePivotGECPUTrace_growthFactorEntry_le_wilkinsonBound	NumStability.higham9_14_exists_CompletePivotGECPUTrace_growthFactorEntry_le_wilkinsonBound	NumStability.higham9_14_exists_CompletePivotGECPUTrace_growthFactorEntry_le_wilkinsonBound	NumStability.higham9_14_exists_CompletePivotGECPUTrace_growthFactorEntry_le_wilkinsonBound	authored	382	0	399	26	385	8	385	85	51542B1D7BA15BD5D68C11E4ADA5EC1F996D0F312DF87D9C62EAB5B53C7B804F	NumStability.Source.Higham.Chapter09.CompletePivotSharpClosure
route	NumStability.Algorithms.HighamChapter9CompletePivotSharpClosure	NumStability.higham9_14_exists_CompletePivotGECPUTrace_reducedHistoryGrowthFactor_le_wilkinsonBound	NumStability.higham9_14_exists_CompletePivotGECPUTrace_reducedHistoryGrowthFactor_le_wilkinsonBound	NumStability.higham9_14_exists_CompletePivotGECPUTrace_reducedHistoryGrowthFactor_le_wilkinsonBound	NumStability.higham9_14_exists_CompletePivotGECPUTrace_reducedHistoryGrowthFactor_le_wilkinsonBound	authored	401	0	419	26	405	8	405	94	7608C28B2B88F4D88A25C94FC2D3E167D45F19667EEC096A4A6A74E85B1091B3	NumStability.Source.Higham.Chapter09.CompletePivotSharpClosure
route	NumStability.Algorithms.HighamChapter9Theorem914DiagDominant	NumStability.higham9_14_exists_threshold_actual_diagDominant_growth_bound_16	NumStability.higham9_14_exists_threshold_actual_diagDominant_growth_bound_16	NumStability.higham9_14_exists_threshold_actual_diagDominant_growth_bound_16	NumStability.higham9_14_exists_threshold_actual_diagDominant_growth_bound_16	authored	14	0	313	59	22	8	22	71	DD6E894E235D599A2D7FE3FC8B9DE7BF4B61757749F7667E02EE5D7E54844355	NumStability.Source.Higham.Chapter09.Theorem914DiagDominant
route	NumStability.Algorithms.HighamChapter9Theorem914Actual	NumStability.higham9_14_exists_threshold_actual_source_h_corrected_of_positive_pivots	NumStability.higham9_14_exists_threshold_actual_source_h_corrected_of_positive_pivots	NumStability.higham9_14_exists_threshold_actual_source_h_corrected_of_positive_pivots	NumStability.higham9_14_exists_threshold_actual_source_h_corrected_of_positive_pivots	authored	2450	0	2481	41	2454	8	2454	80	50EC36768FD4A8C8F8E25D1BB1EE90C51103BAA414218FB7DED35FB3D0D16B50	NumStability.Source.Higham.Chapter09.Theorem914Actual
route	NumStability.Algorithms.HighamChapter9Theorem914Actual	NumStability.higham9_14_exists_threshold_actual_source_h_corrected_of_properMMatrix	NumStability.higham9_14_exists_threshold_actual_source_h_corrected_of_properMMatrix	NumStability.higham9_14_exists_threshold_actual_source_h_corrected_of_properMMatrix	NumStability.higham9_14_exists_threshold_actual_source_h_corrected_of_properMMatrix	authored	2569	0	2600	44	2571	8	2571	78	2566FE89511BEA599A6AFF1F2A85590F54D3C3EB3296295B2C82B6008768261A	NumStability.Source.Higham.Chapter09.Theorem914Actual
route	NumStability.Algorithms.HighamChapter9Theorem914Actual	NumStability.higham9_14_exists_threshold_actual_source_h_corrected_of_signEquiv_properMMatrix	NumStability.higham9_14_exists_threshold_actual_source_h_corrected_of_signEquiv_properMMatrix	NumStability.higham9_14_exists_threshold_actual_source_h_corrected_of_signEquiv_properMMatrix	NumStability.higham9_14_exists_threshold_actual_source_h_corrected_of_signEquiv_properMMatrix	authored	3026	0	3062	24	3027	8	3027	88	1D0DE6FC393FC125C8D06A030FBADBAD2C6ED55B6C67384DCAE1336DB9C45A78	NumStability.Source.Higham.Chapter09.Theorem914Actual
route	NumStability.Algorithms.HighamChapter9Theorem914Actual	NumStability.higham9_14_exists_threshold_actual_source_h_corrected_of_signEquiv_symPosDef	NumStability.higham9_14_exists_threshold_actual_source_h_corrected_of_signEquiv_symPosDef	NumStability.higham9_14_exists_threshold_actual_source_h_corrected_of_signEquiv_symPosDef	NumStability.higham9_14_exists_threshold_actual_source_h_corrected_of_signEquiv_symPosDef	authored	2956	0	2983	24	2957	8	2957	84	170050ABB6F675006CF149EAAF69E763FFEB5B5325F1F4A6587BB44C933453A1	NumStability.Source.Higham.Chapter09.Theorem914Actual
route	NumStability.Algorithms.HighamChapter9Theorem914Actual	NumStability.higham9_14_exists_threshold_actual_source_h_corrected_of_signEquiv_totalNonnegative	NumStability.higham9_14_exists_threshold_actual_source_h_corrected_of_signEquiv_totalNonnegative	NumStability.higham9_14_exists_threshold_actual_source_h_corrected_of_signEquiv_totalNonnegative	NumStability.higham9_14_exists_threshold_actual_source_h_corrected_of_signEquiv_totalNonnegative	authored	2985	0	3024	24	2988	8	2988	91	7D4F7CE38ADDB1DA9CA53C4E3F6BE15793D8CE85E5080D9B9D06DB1E76121F39	NumStability.Source.Higham.Chapter09.Theorem914Actual
route	NumStability.Algorithms.HighamChapter9Theorem914Actual	NumStability.higham9_14_exists_threshold_actual_source_h_corrected_of_signed_pivots	NumStability.higham9_14_exists_threshold_actual_source_h_corrected_of_signed_pivots	NumStability.higham9_14_exists_threshold_actual_source_h_corrected_of_signed_pivots	NumStability.higham9_14_exists_threshold_actual_source_h_corrected_of_signed_pivots	authored	2483	0	2514	41	2485	8	2485	78	7D5864E03125AED470CED8F7BD5347B9A602654536EDA26CE8FF4B48E89C75D7	NumStability.Source.Higham.Chapter09.Theorem914Actual
route	NumStability.Algorithms.HighamChapter9Theorem914Actual	NumStability.higham9_14_exists_threshold_actual_source_h_corrected_of_symPosDef	NumStability.higham9_14_exists_threshold_actual_source_h_corrected_of_symPosDef	NumStability.higham9_14_exists_threshold_actual_source_h_corrected_of_symPosDef	NumStability.higham9_14_exists_threshold_actual_source_h_corrected_of_symPosDef	authored	2516	0	2538	25	2518	8	2518	74	D273AD476FEC64725FE3333C448A3837B3920AD66922D7CABC26904222F94A69	NumStability.Source.Higham.Chapter09.Theorem914Actual
route	NumStability.Algorithms.HighamChapter9Theorem914Actual	NumStability.higham9_14_exists_threshold_actual_source_h_corrected_of_totalNonnegative	NumStability.higham9_14_exists_threshold_actual_source_h_corrected_of_totalNonnegative	NumStability.higham9_14_exists_threshold_actual_source_h_corrected_of_totalNonnegative	NumStability.higham9_14_exists_threshold_actual_source_h_corrected_of_totalNonnegative	authored	2540	0	2567	24	2542	8	2542	81	9F250EBD50611432FF9BEAA4DAEAC37E450BE29B396DEBA4A98DA562DFCCA974	NumStability.Source.Higham.Chapter09.Theorem914Actual
route	NumStability.Algorithms.HighamChapter9Theorem914DiagDominant	NumStability.higham9_14_exists_threshold_actual_source_sixteen_h_corrected_of_diagDominant	NumStability.higham9_14_exists_threshold_actual_source_sixteen_h_corrected_of_diagDominant	NumStability.higham9_14_exists_threshold_actual_source_sixteen_h_corrected_of_diagDominant	NumStability.higham9_14_exists_threshold_actual_source_sixteen_h_corrected_of_diagDominant	authored	315	0	347	50	321	8	321	85	5CD95549057C88A1503535C70B4502CDFA0E02181A78F448DD76C541373FE859	NumStability.Source.Higham.Chapter09.Theorem914DiagDominant
route	NumStability.Algorithms.HighamChapter9Theorem914Actual	NumStability.higham9_14_exists_unitRoundoff_threshold_of_exactPivotVec_ne_zero	NumStability.higham9_14_exists_unitRoundoff_threshold_of_exactPivotVec_ne_zero	NumStability.higham9_14_exists_unitRoundoff_threshold_of_exactPivotVec_ne_zero	NumStability.higham9_14_exists_unitRoundoff_threshold_of_exactPivotVec_ne_zero	authored	488	0	524	32	491	8	491	73	04CA289CF2DEE5448ABE42A3A84909E71860DA517BE994D0DF5EF2920F25CEF9	NumStability.Source.Higham.Chapter09.Theorem914Actual
route	NumStability.Algorithms.HighamChapter9Theorem914Actual	NumStability.higham9_14_exists_unitRoundoff_threshold_of_properMMatrix	NumStability.higham9_14_exists_unitRoundoff_threshold_of_properMMatrix	NumStability.higham9_14_exists_unitRoundoff_threshold_of_properMMatrix	NumStability.higham9_14_exists_unitRoundoff_threshold_of_properMMatrix	authored	2425	0	2434	60	2425	8	2425	65	CF93B1982C97E04238254E07685256B044DFCE362CF7C90514606FCCF6656EDA	NumStability.Source.Higham.Chapter09.Theorem914Actual
route	NumStability.Algorithms.HighamChapter9Theorem914Actual	NumStability.higham9_14_exists_unitRoundoff_threshold_of_signEquiv	NumStability.higham9_14_exists_unitRoundoff_threshold_of_signEquiv	NumStability.higham9_14_exists_unitRoundoff_threshold_of_signEquiv	NumStability.higham9_14_exists_unitRoundoff_threshold_of_signEquiv	authored	3169	0	3182	69	3169	8	3169	61	63C694B25D70D55B4AA988B5EDE90CA03A2A21A79147AEC1CF371F5C8928F50A	NumStability.Source.Higham.Chapter09.Theorem914Actual
route	NumStability.Algorithms.HighamChapter9Theorem914Actual	NumStability.higham9_14_exists_unitRoundoff_threshold_of_symPosDef	NumStability.higham9_14_exists_unitRoundoff_threshold_of_symPosDef	NumStability.higham9_14_exists_unitRoundoff_threshold_of_symPosDef	NumStability.higham9_14_exists_unitRoundoff_threshold_of_symPosDef	authored	2401	0	2410	61	2401	8	2401	61	30E32241C4550BD2147A2EB02086D17DC675329DA6911161D39EECA2BC3AC0C3	NumStability.Source.Higham.Chapter09.Theorem914Actual
route	NumStability.Algorithms.HighamChapter9Theorem914Actual	NumStability.higham9_14_exists_unitRoundoff_threshold_of_totalNonnegative	NumStability.higham9_14_exists_unitRoundoff_threshold_of_totalNonnegative	NumStability.higham9_14_exists_unitRoundoff_threshold_of_totalNonnegative	NumStability.higham9_14_exists_unitRoundoff_threshold_of_totalNonnegative	authored	2412	0	2423	72	2412	8	2412	68	97F5999B5C224D4455D36A27A7472635C179CF39C947BCF68B806214CE09C490	NumStability.Source.Higham.Chapter09.Theorem914Actual
route	NumStability.Algorithms.HighamChapter9Theorem914Actual	NumStability.higham9_14_fl_div_mul_abs_le_four_exact	NumStability.higham9_14_fl_div_mul_abs_le_four_exact	NumStability.higham9_14_fl_div_mul_abs_le_four_exact	NumStability.higham9_14_fl_div_mul_abs_le_four_exact	authored	1593	0	1628	36	1596	8	1596	47	E87BC378B67D881C5D8BF931DA4B61BDE36405809F227107CF856DEEC0902D67	NumStability.Source.Higham.Chapter09.Theorem914Actual
route	NumStability.Algorithms.HighamChapter9Theorem914Actual	NumStability.higham9_14_fl_div_mul_den_abs_le_two	NumStability.higham9_14_fl_div_mul_den_abs_le_two	NumStability.higham9_14_fl_div_mul_den_abs_le_two	NumStability.higham9_14_fl_div_mul_den_abs_le_two	authored	1575	0	1591	54	1578	8	1578	44	7D0E672C9BBFD1A7E74737F42DB9807F06577DE524761331E99A4104B524D94F	NumStability.Source.Higham.Chapter09.Theorem914Actual
route	NumStability.Algorithms.HighamChapter9Theorem914Actual	NumStability.higham9_14_fl_div_mul_nonneg_of_pos_den	NumStability.higham9_14_fl_div_mul_nonneg_of_pos_den	NumStability.higham9_14_fl_div_mul_nonneg_of_pos_den	NumStability.higham9_14_fl_div_mul_nonneg_of_pos_den	authored	1721	0	1736	11	1724	8	1724	47	3772732B0C1243E8997141F564C3426E00DA6EF702DD22EB37E24AD1365D9011	NumStability.Source.Higham.Chapter09.Theorem914Actual
route	NumStability.Algorithms.HighamChapter9Theorem914Actual	NumStability.higham9_14_fl_div_signed_diagonal_nonneg	NumStability.higham9_14_fl_div_signed_diagonal_nonneg	NumStability.higham9_14_fl_div_signed_diagonal_nonneg	NumStability.higham9_14_fl_div_signed_diagonal_nonneg	authored	1776	0	1796	52	1779	8	1779	48	1F48C4EFA8265AE57EC2A1C7CACF51782094947F70499B4CEFEEAAD5AE45A9E9	NumStability.Source.Higham.Chapter09.Theorem914Actual
route	NumStability.Algorithms.HighamChapter9Theorem914Actual	NumStability.higham9_14_leadingPrincipalBlock_det_ne_zero_of_signEquiv	NumStability.higham9_14_leadingPrincipalBlock_det_ne_zero_of_signEquiv	NumStability.higham9_14_leadingPrincipalBlock_det_ne_zero_of_signEquiv	NumStability.higham9_14_leadingPrincipalBlock_det_ne_zero_of_signEquiv	authored	2102	0	2150	59	2104	8	2104	65	F49EF2296499390B4EE6A1B67F85B33559AE00413A0017EE591AC413AE941999	NumStability.Source.Higham.Chapter09.Theorem914Actual
route	NumStability.Algorithms.HighamChapter9Theorem914Actual	NumStability.higham9_14_leadingPrincipalBlock_det_pos_of_symPosDef	NumStability.higham9_14_leadingPrincipalBlock_det_pos_of_symPosDef	NumStability.higham9_14_leadingPrincipalBlock_det_pos_of_symPosDef	NumStability.higham9_14_leadingPrincipalBlock_det_pos_of_symPosDef	authored	2038	0	2047	26	2039	8	2039	61	3E6EE69782E64321C323E81EA2421C5F4469BDBADED539ABA436F988C49D4535	NumStability.Source.Higham.Chapter09.Theorem914Actual
route	NumStability.Algorithms.HighamChapter9Theorem914Actual	NumStability.higham9_14_natExtension	NumStability.higham9_14_natExtension	NumStability.higham9_14_natExtension	NumStability.higham9_14_natExtension	authored	19	0	22	46	21	18	21	41	2FC074084EB1B3E5960E995D39168B16E2C676DC491677CDCBBBD0EC0188CCB2	NumStability.Source.Higham.Chapter09.Theorem914Actual
route	NumStability.Algorithms.HighamChapter9Theorem914Actual	NumStability.higham9_14_natExtension_fin	NumStability.higham9_14_natExtension_fin	NumStability.higham9_14_natExtension_fin	NumStability.higham9_14_natExtension_fin	authored	24	0	27	32	24	16	24	43	837E620BCB11464A72C2FF2FE5B55AB40666702DA6B0479AC680EE695FABF93C	NumStability.Source.Higham.Chapter09.Theorem914Actual
route	NumStability.Algorithms.HighamChapter9Theorem914Actual	NumStability.higham9_14_posDef_leadingPrincipalBlock	NumStability.higham9_14_posDef_leadingPrincipalBlock	NumStability.higham9_14_posDef_leadingPrincipalBlock	NumStability.higham9_14_posDef_leadingPrincipalBlock	authored	2018	0	2036	19	2019	8	2019	47	E9CAF5F29CC98E381CD268B689CAC55CCBBADEC9DE8AFAE8B043DB352021674D	NumStability.Source.Higham.Chapter09.Theorem914Actual
route	NumStability.Algorithms.HighamChapter9Theorem914Actual	NumStability.higham9_14_properM_exists_LUFactSpec_U_diag_pos	NumStability.higham9_14_properM_exists_LUFactSpec_U_diag_pos	NumStability.higham9_14_properM_exists_LUFactSpec_U_diag_pos	NumStability.higham9_14_properM_exists_LUFactSpec_U_diag_pos	authored	2330	0	2376	44	2332	8	2332	55	4FA5BEA6A7CE717DEFD874A15A9EF6B35F9BE8105A27ADCFBC806A349EF32267	NumStability.Source.Higham.Chapter09.Theorem914Actual
route	NumStability.Algorithms.HighamChapter9Theorem914Actual	NumStability.higham9_14_properM_firstSchur	NumStability.higham9_14_properM_firstSchur	NumStability.higham9_14_properM_firstSchur	NumStability.higham9_14_properM_firstSchur	authored	2274	0	2328	59	2277	8	2277	37	F854329E32EC707510E4B200D5B797DA72B2A362EACE23F54348E063AE6F79EA	NumStability.Source.Higham.Chapter09.Theorem914Actual
route	NumStability.Algorithms.HighamChapter9Theorem914Actual	NumStability.higham9_14_properM_firstSchur_rightInverse	NumStability.higham9_14_properM_firstSchur_rightInverse	NumStability.higham9_14_properM_firstSchur_rightInverse	NumStability.higham9_14_properM_firstSchur_rightInverse	authored	2213	0	2272	16	2216	8	2216	50	0002C05E5164A429DB817996B2D1A29257ACCAAEFDFE247538F770C7566E677B	NumStability.Source.Higham.Chapter09.Theorem914Actual
route	NumStability.Algorithms.HighamChapter9Theorem914Actual	NumStability.higham9_14_properM_tailInverse	NumStability.higham9_14_properM_tailInverse	NumStability.higham9_14_properM_tailInverse	NumStability.higham9_14_properM_tailInverse	authored	2208	0	2211	54	2209	18	2209	48	3233AED649C511F4DBF35FACEDF78378506F31FC725CAF86B343293219421E52	NumStability.Source.Higham.Chapter09.Theorem914Actual
route	NumStability.Algorithms.HighamChapter9Theorem914Actual	NumStability.higham9_14_roundedMultiplierVec	NumStability.higham9_14_roundedMultiplierVec	NumStability.higham9_14_roundedMultiplierVec	NumStability.higham9_14_roundedMultiplierVec	authored	45	0	51	39	46	18	46	49	109583B1B8F92ECB8DB4C043ABC75E1ACC4337A423F29A2D80ACC4B0D8C3F024	NumStability.Source.Higham.Chapter09.Theorem914Actual
route	NumStability.Algorithms.HighamChapter9Theorem914Actual	NumStability.higham9_14_roundedMultiplierVec_exactFPModel_eq	NumStability.higham9_14_roundedMultiplierVec_exactFPModel_eq	NumStability.higham9_14_roundedMultiplierVec_exactFPModel_eq	NumStability.higham9_14_roundedMultiplierVec_exactFPModel_eq	authored	104	0	108	64	104	16	104	63	E14683412531DB0D318F20C44CB9FE5D854A447710C7DAF474FB61F8D88807B7	NumStability.Source.Higham.Chapter09.Theorem914Actual
route	NumStability.Algorithms.HighamChapter9Theorem914Actual	NumStability.higham9_14_roundedMultiplierVec_of_pos	NumStability.higham9_14_roundedMultiplierVec_of_pos	NumStability.higham9_14_roundedMultiplierVec_of_pos	NumStability.higham9_14_roundedMultiplierVec_of_pos	authored	151	0	164	5	151	8	151	46	A9793B83B8E83AE837100B71A8052337DE1122B64D7B306F11ACA4A7A5DAFCAA	NumStability.Source.Higham.Chapter09.Theorem914Actual
route	NumStability.Algorithms.HighamChapter9Theorem914Actual	NumStability.higham9_14_roundedMultiplier_exactFPModel_eq	NumStability.higham9_14_roundedMultiplier_exactFPModel_eq	NumStability.higham9_14_roundedMultiplier_exactFPModel_eq	NumStability.higham9_14_roundedMultiplier_exactFPModel_eq	authored	84	0	96	50	85	8	85	52	C2FAE9AA9E0A72F1ED869416055F34E23D4E3318075C2BBD73960D3CCB8EF85C	NumStability.Source.Higham.Chapter09.Theorem914Actual
route	NumStability.Algorithms.HighamChapter9Theorem914Actual	NumStability.higham9_14_roundedPivotVec	NumStability.higham9_14_roundedPivotVec	NumStability.higham9_14_roundedPivotVec	NumStability.higham9_14_roundedPivotVec	authored	37	0	43	39	38	18	38	44	D5ED374DB2523051C66F194C1655D77C0CECF5FD074D1E4E205C1E290F12DBE6	NumStability.Source.Higham.Chapter09.Theorem914Actual
route	NumStability.Algorithms.HighamChapter9Theorem914Actual	NumStability.higham9_14_roundedPivotVec_exactFPModel_eq	NumStability.higham9_14_roundedPivotVec_exactFPModel_eq	NumStability.higham9_14_roundedPivotVec_exactFPModel_eq	NumStability.higham9_14_roundedPivotVec_exactFPModel_eq	authored	98	0	102	59	98	16	98	58	A6C8245B5E3C606758536E8976F07020737611CDBBA46E7D0E55DB18BEDA8DA3	NumStability.Source.Higham.Chapter09.Theorem914Actual
route	NumStability.Algorithms.HighamChapter9Theorem914Actual	NumStability.higham9_14_roundedPivotVec_of_pos	NumStability.higham9_14_roundedPivotVec_of_pos	NumStability.higham9_14_roundedPivotVec_of_pos	NumStability.higham9_14_roundedPivotVec_of_pos	authored	166	0	184	13	166	8	166	41	4A19B45FE303239A74C967AFEE8C5EE5B3F24543543CEBF8A4998F1A634B7EFC	NumStability.Source.Higham.Chapter09.Theorem914Actual
route	NumStability.Algorithms.HighamChapter9Theorem914Actual	NumStability.higham9_14_roundedPivotVec_zero	NumStability.higham9_14_roundedPivotVec_zero	NumStability.higham9_14_roundedPivotVec_zero	NumStability.higham9_14_roundedPivotVec_zero	authored	143	0	149	59	143	16	143	47	5247A59A684C638F7B9C39A1489E153216EBD8789039BC791888FB6A0D476FD2	NumStability.Source.Higham.Chapter09.Theorem914Actual
route	NumStability.Algorithms.HighamChapter9Theorem914Actual	NumStability.higham9_14_roundedPivot_exactFPModel_eq	NumStability.higham9_14_roundedPivot_exactFPModel_eq	NumStability.higham9_14_roundedPivot_exactFPModel_eq	NumStability.higham9_14_roundedPivot_exactFPModel_eq	authored	66	0	82	13	68	8	68	47	B58B12092F8F6BEF476B2127D0B57CC0E6C34497180FA6123045731A95606FF6	NumStability.Source.Higham.Chapter09.Theorem914Actual
route	NumStability.Algorithms.HighamChapter9Theorem914Actual	NumStability.higham9_14_roundedProductData	NumStability.higham9_14_roundedProductData	NumStability.higham9_14_roundedProductData	NumStability.higham9_14_roundedProductData	authored	186	0	199	10	188	18	188	47	1795AD664AB575EEA72EEDDC5005F84B33E195E2DE49046E4A1DEBD127B9703B	NumStability.Source.Higham.Chapter09.Theorem914Actual
route	NumStability.Algorithms.HighamChapter9Theorem914Actual	NumStability.higham9_14_roundedProductData_recurrence	NumStability.higham9_14_roundedProductData_recurrence	NumStability.higham9_14_roundedProductData_recurrence	NumStability.higham9_14_roundedProductData_recurrence	authored	201	0	214	44	203	8	203	48	B44F4349BB8E4B7CB5ABD94B91C0C3FEEA59DC6FDA8A45EF1296366D00EE67AA	NumStability.Source.Higham.Chapter09.Theorem914Actual
route	NumStability.Algorithms.HighamChapter9Theorem914Actual	NumStability.higham9_14_signEquivL	NumStability.higham9_14_signEquivL	NumStability.higham9_14_signEquivL	NumStability.higham9_14_signEquivL	authored	2810	0	2813	32	2811	4	2811	25	CD9B5927913E9B0F59A7AF5B486740A14379566B4DAA20F596C7FA86281A33C0	NumStability.Source.Higham.Chapter09.Theorem914Actual
route	NumStability.Algorithms.HighamChapter9Theorem914Actual	NumStability.higham9_14_signEquivU	NumStability.higham9_14_signEquivU	NumStability.higham9_14_signEquivU	NumStability.higham9_14_signEquivU	authored	2815	0	2818	32	2816	4	2816	25	8D9D817D6C80BAD644D10991C4584E876DD326544F6F01A2A6AC48C6AD4AF96D	NumStability.Source.Higham.Chapter09.Theorem914Actual
route	NumStability.Algorithms.HighamChapter9Theorem914Actual	NumStability.higham9_14_signEquiv_LUFactSpec_transform	NumStability.higham9_14_signEquiv_LUFactSpec_transform	NumStability.higham9_14_signEquiv_LUFactSpec_transform	NumStability.higham9_14_signEquiv_LUFactSpec_transform	authored	2820	0	2862	53	2821	8	2821	49	87C26F8B07BBC3A6239DAA39DA6343A6B96F91EDEB65F24C3027125128641D50	NumStability.Source.Higham.Chapter09.Theorem914Actual
route	NumStability.Algorithms.HighamChapter9Theorem914Actual	NumStability.higham9_14_signed_pivots_of_signEquiv_positive_base	NumStability.higham9_14_signed_pivots_of_signEquiv_positive_base	NumStability.higham9_14_signed_pivots_of_signEquiv_positive_base	NumStability.higham9_14_signed_pivots_of_signEquiv_positive_base	authored	2864	0	2954	57	2866	8	2866	59	9216D35DC49DB7772C56057489786ED8DECD5E9D99CF7EF158938D6DEA2DCB83	NumStability.Source.Higham.Chapter09.Theorem914Actual
route	NumStability.Algorithms.HighamChapter9Theorem914Actual	NumStability.higham9_14_smallUDiagDominantCounterexampleData	NumStability.higham9_14_smallUDiagDominantCounterexampleData	NumStability.higham9_14_smallUDiagDominantCounterexampleData	NumStability.higham9_14_smallUDiagDominantCounterexampleData	authored	3295	0	3301	42	3297	18	3297	65	FFDA6C0F1ED84B97CFF7541032729A64F7AB39B447FD0A482B3FBAB0F664DF89	NumStability.Source.Higham.Chapter09.Theorem914Actual
route	NumStability.Algorithms.HighamChapter9Theorem914Actual	NumStability.higham9_14_smallUDiagDominantCounterexample_col	NumStability.higham9_14_smallUDiagDominantCounterexample_col	NumStability.higham9_14_smallUDiagDominantCounterexample_col	NumStability.higham9_14_smallUDiagDominantCounterexample_col	authored	3315	0	3321	54	3315	8	3315	55	69BB05CC63B39BAC8348D36FF08F95B0A330804517C02E9AE9AAA06DA24D358F	NumStability.Source.Higham.Chapter09.Theorem914Actual
route	NumStability.Algorithms.HighamChapter9Theorem914Actual	NumStability.higham9_14_smallUDiagDominantCounterexample_det_ne_zero	NumStability.higham9_14_smallUDiagDominantCounterexample_det_ne_zero	NumStability.higham9_14_smallUDiagDominantCounterexample_det_ne_zero	NumStability.higham9_14_smallUDiagDominantCounterexample_det_ne_zero	authored	3323	0	3330	52	3323	8	3323	63	2320C34BA9F28C71A34AF172E26E5CB38274AFFADC5FF9093C85F1B491A32979	NumStability.Source.Higham.Chapter09.Theorem914Actual
route	NumStability.Algorithms.HighamChapter9Theorem914Actual	NumStability.higham9_14_smallUDiagDominantCounterexample_roundedPivot_one_eq_zero	NumStability.higham9_14_smallUDiagDominantCounterexample_roundedPivot_one_eq_zero	NumStability.higham9_14_smallUDiagDominantCounterexample_roundedPivot_one_eq_zero	NumStability.higham9_14_smallUDiagDominantCounterexample_roundedPivot_one_eq_zero	authored	3332	0	3338	60	3332	8	3332	76	1F16799FB2B84193C6467FC77DDCAA28DF5240FEAA310045A7957B9F5FD33453	NumStability.Source.Higham.Chapter09.Theorem914Actual
route	NumStability.Algorithms.HighamChapter9Theorem914Actual	NumStability.higham9_14_smallUDiagDominantCounterexample_row	NumStability.higham9_14_smallUDiagDominantCounterexample_row	NumStability.higham9_14_smallUDiagDominantCounterexample_row	NumStability.higham9_14_smallUDiagDominantCounterexample_row	authored	3307	0	3313	54	3307	8	3307	55	2C61545D8F88F841645F60D9E55AD654D007C350F73AA3B253965AEF22AE780C	NumStability.Source.Higham.Chapter09.Theorem914Actual
route	NumStability.Algorithms.HighamChapter9Theorem914Actual	NumStability.higham9_14_tenthRoundUpMulDivModel	NumStability.higham9_14_tenthRoundUpMulDivModel	NumStability.higham9_14_tenthRoundUpMulDivModel	NumStability.higham9_14_tenthRoundUpMulDivModel	authored	3268	0	3293	35	3270	18	3270	52	FFE3B25E472A29B9CBA6B1EF063ED8390DE93E2F1946517740F2C890FD5D9910	NumStability.Source.Higham.Chapter09.Theorem914Actual
route	NumStability.Algorithms.HighamChapter9Theorem914Actual	NumStability.higham9_14_tenthRoundUpMulDivModel_u_lt_half	NumStability.higham9_14_tenthRoundUpMulDivModel_u_lt_half	NumStability.higham9_14_tenthRoundUpMulDivModel_u_lt_half	NumStability.higham9_14_tenthRoundUpMulDivModel_u_lt_half	authored	3303	0	3305	47	3303	8	3303	52	71080D09CCB5BBE72858777D2AC9E48C215AB4E00EFEA94E7E6A4766778C827A	NumStability.Source.Higham.Chapter09.Theorem914Actual
route	NumStability.Algorithms.HighamChapter9Theorem914Actual	NumStability.higham9_14_unitSubtractionZeroModel	NumStability.higham9_14_unitSubtractionZeroModel	NumStability.higham9_14_unitSubtractionZeroModel	NumStability.higham9_14_unitSubtractionZeroModel	authored	3186	0	3211	35	3188	18	3188	53	AA6BB5048317AF3F15E93C9826A827CE04F03D71E55FEB53A3AEF642A7F8CCCE	NumStability.Source.Higham.Chapter09.Theorem914Actual
route	NumStability.Algorithms.HighamChapter9Theorem914Actual	NumStability.higham9_14_weakMMatrixCounterexampleData	NumStability.higham9_14_weakMMatrixCounterexampleData	NumStability.higham9_14_weakMMatrixCounterexampleData	NumStability.higham9_14_weakMMatrixCounterexampleData	authored	3358	0	3367	43	3364	18	3364	58	0216FE5FF009F263FD709AD5E968B11F8933BBDF93A3C9CA8757E749AB4B4ACF	NumStability.Source.Higham.Chapter09.Theorem914Actual
route	NumStability.Algorithms.HighamChapter9Theorem914Actual	NumStability.higham9_14_weakMMatrixCounterexample_det_ne_zero	NumStability.higham9_14_weakMMatrixCounterexample_det_ne_zero	NumStability.higham9_14_weakMMatrixCounterexample_det_ne_zero	NumStability.higham9_14_weakMMatrixCounterexample_det_ne_zero	authored	3383	0	3388	68	3383	8	3383	56	1E4809600EBF3C2805153CB7BAC6D76AFCDAA6DDBDC7287B72AC7BBF01E967DA	NumStability.Source.Higham.Chapter09.Theorem914Actual
route	NumStability.Algorithms.HighamChapter9Theorem914Actual	NumStability.higham9_14_weakMMatrixCounterexample_exactPivot_one_eq_zero	NumStability.higham9_14_weakMMatrixCounterexample_exactPivot_one_eq_zero	NumStability.higham9_14_weakMMatrixCounterexample_exactPivot_one_eq_zero	NumStability.higham9_14_weakMMatrixCounterexample_exactPivot_one_eq_zero	authored	3390	0	3394	70	3390	8	3390	67	4D89FCC00E0BBDFA10BF5662373901D10BD7BC2250682041BE4D3CB0B8209AB0	NumStability.Source.Higham.Chapter09.Theorem914Actual
route	NumStability.Algorithms.HighamChapter9Theorem914Actual	NumStability.higham9_14_weakMMatrixCounterexample_isMMatrix	NumStability.higham9_14_weakMMatrixCounterexample_isMMatrix	NumStability.higham9_14_weakMMatrixCounterexample_isMMatrix	NumStability.higham9_14_weakMMatrixCounterexample_isMMatrix	authored	3369	0	3381	54	3369	8	3369	54	4F8BBBD755E1E756E58B3D6E5EF057D2DAAD4C67B8AE43C6719CB1A6DDCD75E8	NumStability.Source.Higham.Chapter09.Theorem914Actual
route	NumStability.Algorithms.HighamChapter9Theorem914Actual	NumStability.higham9_14_weak_IsMMatrix_nonsingular_does_not_force_exact_pivots	NumStability.higham9_14_weak_IsMMatrix_nonsingular_does_not_force_exact_pivots	NumStability.higham9_14_weak_IsMMatrix_nonsingular_does_not_force_exact_pivots	NumStability.higham9_14_weak_IsMMatrix_nonsingular_does_not_force_exact_pivots	authored	3396	0	3408	63	3398	8	3398	73	88C504B5D2DA4B7C10B1971B33700B5031A9B8A1830098D8822A659640824351	NumStability.Source.Higham.Chapter09.Theorem914Actual
route	NumStability.Algorithms.HighamChapter9Theorem914Actual	NumStability.higham9_20_actual_tridiag_lu_perturbation_model_corrected	NumStability.higham9_20_actual_tridiag_lu_perturbation_model_corrected	NumStability.higham9_20_actual_tridiag_lu_perturbation_model_corrected	NumStability.higham9_20_actual_tridiag_lu_perturbation_model_corrected	authored	395	0	486	53	400	8	400	65	E39F18F4DCB4E04C571E15A68416EF36E722228B1D98D7B18591F506E8C1EBD1	NumStability.Source.Higham.Chapter09.Theorem914Actual
route	NumStability.Algorithms.HighamChapter9Theorem914Actual	NumStability.higham9_20_exists_threshold_actual_tridiag_corrected	NumStability.higham9_20_exists_threshold_actual_tridiag_corrected	NumStability.higham9_20_exists_threshold_actual_tridiag_corrected	NumStability.higham9_20_exists_threshold_actual_tridiag_corrected	authored	526	0	549	63	530	8	530	60	6BA257C7D4782BB08B0FE6D7B5315FC7C5460A74A9A6CBB51C764ABCB948ADF6	NumStability.Source.Higham.Chapter09.Theorem914Actual
route	NumStability.Algorithms.HighamChapter9Theorem914Actual	NumStability.higham9_21_actual_bidiagonal_solve_perturbation_model_corrected	NumStability.higham9_21_actual_bidiagonal_solve_perturbation_model_corrected	NumStability.higham9_21_actual_bidiagonal_solve_perturbation_model_corrected	NumStability.higham9_21_actual_bidiagonal_solve_perturbation_model_corrected	authored	930	0	1097	67	936	8	936	71	CC41A22BCAC6729D0BB7E9FC2126E2B041682731B9F28E098934D5D7738D476A	NumStability.Source.Higham.Chapter09.Theorem914Actual
route	NumStability.Algorithms.HighamChapter9Theorem914Actual	NumStability.higham9_21_lowerSolve	NumStability.higham9_21_lowerSolve	NumStability.higham9_21_lowerSolve	NumStability.higham9_21_lowerSolve	authored	563	0	567	65	564	18	564	39	872251B18C3A384BFE8AF66900CCAE85CD7A71250E043A24DD307C9B36D4A18C	NumStability.Source.Higham.Chapter09.Theorem914Actual
route	NumStability.Algorithms.HighamChapter9Theorem914Actual	NumStability.higham9_21_lowerSolveNat	NumStability.higham9_21_lowerSolveNat	NumStability.higham9_21_lowerSolveNat	NumStability.higham9_21_lowerSolveNat	authored	553	0	561	67	556	18	556	42	B6995F7EAF8B9EA04820FF7E276AA09E20459A6392AF588E7A2415C74E914C0E	NumStability.Source.Higham.Chapter09.Theorem914Actual
route	NumStability.Algorithms.HighamChapter9Theorem914Actual	NumStability.higham9_21_lowerSolve_of_pos	NumStability.higham9_21_lowerSolve_of_pos	NumStability.higham9_21_lowerSolve_of_pos	NumStability.higham9_21_lowerSolve_of_pos	authored	579	0	596	5	579	8	579	36	E454A1FFE75E695DC86659B309172007F92B2407D69535C19CCA326CDA614A98	NumStability.Source.Higham.Chapter09.Theorem914Actual
route	NumStability.Algorithms.HighamChapter9Theorem914Actual	NumStability.higham9_21_lowerSolve_zero	NumStability.higham9_21_lowerSolve_zero	NumStability.higham9_21_lowerSolve_zero	NumStability.higham9_21_lowerSolve_zero	authored	569	0	577	45	569	8	569	34	E6AAECEB02954D51879E5442ED47C7A0076D34D74E47A20D460504775242E170	NumStability.Source.Higham.Chapter09.Theorem914Actual
route	NumStability.Algorithms.HighamChapter9Theorem914Actual	NumStability.higham9_21_upperSolve	NumStability.higham9_21_upperSolve	NumStability.higham9_21_upperSolve	NumStability.higham9_21_upperSolve	authored	610	0	620	19	614	18	614	39	CC425FA7D86882A88245D78CD4AA9F7E1724F1BE478FD209A3B39C2AF87661DF	NumStability.Source.Higham.Chapter09.Theorem914Actual
route	NumStability.Algorithms.HighamChapter9Theorem914Actual	NumStability.higham9_21_upperSolveRevNat	NumStability.higham9_21_upperSolveRevNat	NumStability.higham9_21_upperSolveRevNat	NumStability.higham9_21_upperSolveRevNat	authored	598	0	608	19	600	18	600	45	B39764AEB2EEF337EA4DF5B9996B7447AFBE129D106116AFD7CFC5A1C0A1EC4F	NumStability.Source.Higham.Chapter09.Theorem914Actual
route	NumStability.Algorithms.HighamChapter9Theorem914Actual	NumStability.higham9_21_upperSolve_last	NumStability.higham9_21_upperSolve_last	NumStability.higham9_21_upperSolve_last	NumStability.higham9_21_upperSolve_last	authored	622	0	649	13	622	8	622	34	A5C5F8F43ED80DF5E93A19EC3DE5739EBF712996108F01A6884B4C8232703070	NumStability.Source.Higham.Chapter09.Theorem914Actual
route	NumStability.Algorithms.HighamChapter9Theorem914Actual	NumStability.higham9_21_upperSolve_of_not_last	NumStability.higham9_21_upperSolve_of_not_last	NumStability.higham9_21_upperSolve_of_not_last	NumStability.higham9_21_upperSolve_of_not_last	authored	651	0	685	17	651	8	651	41	87A8A08EFD72BD7C7D2D9C26E822B3B9E411C054101942EF98B1851D2C078051	NumStability.Source.Higham.Chapter09.Theorem914Actual
route	NumStability.Algorithms.HighamChapter9Theorem914Actual	NumStability.higham9_22_actual_tridiag_source_f_bound_corrected	NumStability.higham9_22_actual_tridiag_source_f_bound_corrected	NumStability.higham9_22_actual_tridiag_source_f_bound_corrected	NumStability.higham9_22_actual_tridiag_source_f_bound_corrected	authored	1099	0	1140	27	1102	8	1102	58	5B79FE01B19C74E237EE78FEC1BE93E727E4CDBCE33B56798164208DE01F7A4C	NumStability.Source.Higham.Chapter09.Theorem914Actual
route	NumStability.Algorithms.HighamChapter9Theorem914Actual	NumStability.higham9_22_exists_threshold_actual_tridiag_source_f_corrected	NumStability.higham9_22_exists_threshold_actual_tridiag_source_f_corrected	NumStability.higham9_22_exists_threshold_actual_tridiag_source_f_corrected	NumStability.higham9_22_exists_threshold_actual_tridiag_source_f_corrected	authored	1142	0	1174	27	1144	8	1144	69	E05CECA1AE0F274C7591D59E39E0D53056E19DB4151E57394E3D807E2C9FF359	NumStability.Source.Higham.Chapter09.Theorem914Actual
route	NumStability.Algorithms.HighamChapter9Theorem97Classification	NumStability.higham9_7_LeadingTieGEPPTrace	NumStability.higham9_7_LeadingTieGEPPTrace	NumStability.higham9_7_LeadingTieGEPPTrace	NumStability.higham9_7_LeadingTieGEPPTrace	authored	23	0	42	50	26	10	26	39	61F8B18C7B3F2F75F70B6A1F8FBC1878CD88281A8989475BA649EE106E2582A7	NumStability.Source.Higham.Chapter09.Theorem97Classification
route	NumStability.Algorithms.HighamChapter9Theorem97Classification	NumStability.higham9_7_LeadingTieGEPPTrace.below	NumStability.higham9_7_LeadingTieGEPPTrace.below	NumStability.higham9_7_LeadingTieGEPPTrace	NumStability.higham9_7_LeadingTieGEPPTrace	compiler_generated	23	0	42	50	26	10	26	39	61F8B18C7B3F2F75F70B6A1F8FBC1878CD88281A8989475BA649EE106E2582A7	NumStability.Source.Higham.Chapter09.Theorem97Classification
route	NumStability.Algorithms.HighamChapter9Theorem97Classification	NumStability.higham9_7_LeadingTieGEPPTrace.below.casesOn	NumStability.higham9_7_LeadingTieGEPPTrace.below.casesOn	NumStability.higham9_7_LeadingTieGEPPTrace	NumStability.higham9_7_LeadingTieGEPPTrace	compiler_generated	23	0	42	50	26	10	26	39	61F8B18C7B3F2F75F70B6A1F8FBC1878CD88281A8989475BA649EE106E2582A7	NumStability.Source.Higham.Chapter09.Theorem97Classification
route	NumStability.Algorithms.HighamChapter9Theorem97Classification	NumStability.higham9_7_LeadingTieGEPPTrace.below.done	NumStability.higham9_7_LeadingTieGEPPTrace.below.done	NumStability.higham9_7_LeadingTieGEPPTrace	NumStability.higham9_7_LeadingTieGEPPTrace	compiler_generated	23	0	42	50	26	10	26	39	61F8B18C7B3F2F75F70B6A1F8FBC1878CD88281A8989475BA649EE106E2582A7	NumStability.Source.Higham.Chapter09.Theorem97Classification
route	NumStability.Algorithms.HighamChapter9Theorem97Classification	NumStability.higham9_7_LeadingTieGEPPTrace.below.rec	NumStability.higham9_7_LeadingTieGEPPTrace.below.rec	NumStability.higham9_7_LeadingTieGEPPTrace	NumStability.higham9_7_LeadingTieGEPPTrace	compiler_generated	23	0	42	50	26	10	26	39	61F8B18C7B3F2F75F70B6A1F8FBC1878CD88281A8989475BA649EE106E2582A7	NumStability.Source.Higham.Chapter09.Theorem97Classification
route	NumStability.Algorithms.HighamChapter9Theorem97Classification	NumStability.higham9_7_LeadingTieGEPPTrace.below.step	NumStability.higham9_7_LeadingTieGEPPTrace.below.step	NumStability.higham9_7_LeadingTieGEPPTrace	NumStability.higham9_7_LeadingTieGEPPTrace	compiler_generated	23	0	42	50	26	10	26	39	61F8B18C7B3F2F75F70B6A1F8FBC1878CD88281A8989475BA649EE106E2582A7	NumStability.Source.Higham.Chapter09.Theorem97Classification
route	NumStability.Algorithms.HighamChapter9Theorem97Classification	NumStability.higham9_7_LeadingTieGEPPTrace.brecOn	NumStability.higham9_7_LeadingTieGEPPTrace.brecOn	NumStability.higham9_7_LeadingTieGEPPTrace	NumStability.higham9_7_LeadingTieGEPPTrace	compiler_generated	23	0	42	50	26	10	26	39	61F8B18C7B3F2F75F70B6A1F8FBC1878CD88281A8989475BA649EE106E2582A7	NumStability.Source.Higham.Chapter09.Theorem97Classification
route	NumStability.Algorithms.HighamChapter9Theorem97Classification	NumStability.higham9_7_LeadingTieGEPPTrace.casesOn	NumStability.higham9_7_LeadingTieGEPPTrace.casesOn	NumStability.higham9_7_LeadingTieGEPPTrace	NumStability.higham9_7_LeadingTieGEPPTrace	compiler_generated	23	0	42	50	26	10	26	39	61F8B18C7B3F2F75F70B6A1F8FBC1878CD88281A8989475BA649EE106E2582A7	NumStability.Source.Higham.Chapter09.Theorem97Classification
route	NumStability.Algorithms.HighamChapter9Theorem97Classification	NumStability.higham9_7_LeadingTieGEPPTrace.done	NumStability.higham9_7_LeadingTieGEPPTrace.done	NumStability.higham9_7_LeadingTieGEPPTrace	NumStability.higham9_7_LeadingTieGEPPTrace	compiler_generated	23	0	42	50	26	10	26	39	61F8B18C7B3F2F75F70B6A1F8FBC1878CD88281A8989475BA649EE106E2582A7	NumStability.Source.Higham.Chapter09.Theorem97Classification
route	NumStability.Algorithms.HighamChapter9Theorem97Classification	NumStability.higham9_7_LeadingTieGEPPTrace.rec	NumStability.higham9_7_LeadingTieGEPPTrace.rec	NumStability.higham9_7_LeadingTieGEPPTrace	NumStability.higham9_7_LeadingTieGEPPTrace	compiler_generated	23	0	42	50	26	10	26	39	61F8B18C7B3F2F75F70B6A1F8FBC1878CD88281A8989475BA649EE106E2582A7	NumStability.Source.Higham.Chapter09.Theorem97Classification
route	NumStability.Algorithms.HighamChapter9Theorem97Classification	NumStability.higham9_7_LeadingTieGEPPTrace.recOn	NumStability.higham9_7_LeadingTieGEPPTrace.recOn	NumStability.higham9_7_LeadingTieGEPPTrace	NumStability.higham9_7_LeadingTieGEPPTrace	compiler_generated	23	0	42	50	26	10	26	39	61F8B18C7B3F2F75F70B6A1F8FBC1878CD88281A8989475BA649EE106E2582A7	NumStability.Source.Higham.Chapter09.Theorem97Classification
route	NumStability.Algorithms.HighamChapter9Theorem97Classification	NumStability.higham9_7_LeadingTieGEPPTrace.step	NumStability.higham9_7_LeadingTieGEPPTrace.step	NumStability.higham9_7_LeadingTieGEPPTrace	NumStability.higham9_7_LeadingTieGEPPTrace	compiler_generated	23	0	42	50	26	10	26	39	61F8B18C7B3F2F75F70B6A1F8FBC1878CD88281A8989475BA649EE106E2582A7	NumStability.Source.Higham.Chapter09.Theorem97Classification
route	NumStability.Algorithms.HighamChapter9Theorem97Classification	NumStability.higham9_7_LeadingTieGEPPTrace.toPartialPivotGEPPUTrace	NumStability.higham9_7_LeadingTieGEPPTrace.toPartialPivotGEPPUTrace	NumStability.higham9_7_LeadingTieGEPPTrace.toPartialPivotGEPPUTrace	NumStability.higham9_7_LeadingTieGEPPTrace.toPartialPivotGEPPUTrace	authored	44	0	53	69	45	8	45	62	87FC212262D1AFB8721B5E55F00B16C13F7E3B706325654116EB8E8C025880A1	NumStability.Source.Higham.Chapter09.Theorem97Classification
route	NumStability.Algorithms.HighamChapter9Theorem97Classification	NumStability.higham9_7_LeadingTieGEPPTrace_finalU_entry_le_sourceMax	NumStability.higham9_7_LeadingTieGEPPTrace_finalU_entry_le_sourceMax	NumStability.higham9_7_LeadingTieGEPPTrace_finalU_entry_le_sourceMax	NumStability.higham9_7_LeadingTieGEPPTrace_finalU_entry_le_sourceMax	authored	139	0	172	70	141	8	141	63	52061D92E21ABE1A338BB4106528406E95E1372F9C749355D084F97277F984E0	NumStability.Source.Higham.Chapter09.Theorem97Classification
route	NumStability.Algorithms.HighamChapter9Theorem97Classification	NumStability.higham9_7_LeadingTieGEPPTrace_finalU_maxEntryNorm_le_sourceMax	NumStability.higham9_7_LeadingTieGEPPTrace_finalU_maxEntryNorm_le_sourceMax	NumStability.higham9_7_LeadingTieGEPPTrace_finalU_maxEntryNorm_le_sourceMax	NumStability.higham9_7_LeadingTieGEPPTrace_finalU_maxEntryNorm_le_sourceMax	authored	174	0	182	70	177	8	177	70	0A676F17EB38F42FDC09CA4CBC688DC512AD11EC44A83B2E01AB419DEC5DFF79	NumStability.Source.Higham.Chapter09.Theorem97Classification
route	NumStability.Algorithms.HighamChapter9Theorem97Classification	NumStability.higham9_7_LeadingTieGEPPTrace_initial_le_sourceMax	NumStability.higham9_7_LeadingTieGEPPTrace_initial_le_sourceMax	NumStability.higham9_7_LeadingTieGEPPTrace_initial_le_sourceMax	NumStability.higham9_7_LeadingTieGEPPTrace_initial_le_sourceMax	authored	131	0	137	54	132	8	132	58	C09058CB54C3254531842AB0A527808743A797C0A322AB4400B6FCE964666A56	NumStability.Source.Higham.Chapter09.Theorem97Classification
route	NumStability.Algorithms.HighamChapter9Theorem97Classification	NumStability.higham9_7_LeadingTieGEPPTrace_sourceMax_le_pow_two	NumStability.higham9_7_LeadingTieGEPPTrace_sourceMax_le_pow_two	NumStability.higham9_7_LeadingTieGEPPTrace_sourceMax_le_pow_two	NumStability.higham9_7_LeadingTieGEPPTrace_sourceMax_le_pow_two	authored	184	0	243	44	185	8	185	58	7A12EB028871E616D386603A60C6D528C354A4C8DAA5146C3FE5E50CB9E994B8	NumStability.Source.Higham.Chapter09.Theorem97Classification
route	NumStability.Algorithms.HighamChapter9Theorem97Classification	NumStability.higham9_7_LeadingTieGEPPTrace_sourceMax_nonneg	NumStability.higham9_7_LeadingTieGEPPTrace_sourceMax_nonneg	NumStability.higham9_7_LeadingTieGEPPTrace_sourceMax_nonneg	NumStability.higham9_7_LeadingTieGEPPTrace_sourceMax_nonneg	authored	121	0	129	33	122	8	122	54	DE734346795FE4F17E45D3F6FDC8BD928C508E8AE8C010FD2889BB4AF9C11187	NumStability.Source.Higham.Chapter09.Theorem97Classification
route	NumStability.Algorithms.HighamChapter9Theorem97Classification	NumStability.higham9_7_exists_LeadingTieGEPPTrace_of_det_ne_zero	NumStability.higham9_7_exists_LeadingTieGEPPTrace_of_det_ne_zero	NumStability.higham9_7_exists_LeadingTieGEPPTrace_of_det_ne_zero	NumStability.higham9_7_exists_LeadingTieGEPPTrace_of_det_ne_zero	authored	81	0	111	63	84	8	84	59	4A6BFFA14DD7BAA847E4F8E18CDB1619489F6087E6190509EBBB1407B513ECEB	NumStability.Source.Higham.Chapter09.Theorem97Classification
route	NumStability.Algorithms.HighamChapter9Theorem97Classification	NumStability.higham9_7_exists_leadingRowOnTiesChoice_pivot_ne_zero_of_det_ne_zero	NumStability.higham9_7_exists_leadingRowOnTiesChoice_pivot_ne_zero_of_det_ne_zero	NumStability.higham9_7_exists_leadingRowOnTiesChoice_pivot_ne_zero_of_det_ne_zero	NumStability.higham9_7_exists_leadingRowOnTiesChoice_pivot_ne_zero_of_det_ne_zero	authored	55	0	79	31	59	8	59	76	04E6DF3ABF4DB6E8FDA940EAFC989F2C8B56E6CEBDED73F2B55C3978C3E9536A	NumStability.Source.Higham.Chapter09.Theorem97Classification
route	NumStability.Algorithms.HighamChapter9Theorem97Classification	NumStability.higham9_7_extremalM	NumStability.higham9_7_extremalM	NumStability.higham9_7_extremalM	NumStability.higham9_7_extremalM	authored	253	0	256	28	254	21	254	40	1BD2AC75257EEEE07B9A8ED042D0C575ED426DDF1B34FF3E6D9417DB9DF5E370	NumStability.Source.Higham.Chapter09.Theorem97Classification
route	NumStability.Algorithms.HighamChapter9Theorem97Classification	NumStability.higham9_7_extremal_sourceTrace_core	NumStability.higham9_7_extremal_sourceTrace_core	NumStability.higham9_7_extremal_sourceTrace_core	NumStability.higham9_7_extremal_sourceTrace_core	authored	419	0	781	71	423	8	423	43	3F6AAFF3A56999C20D65FE8364580AA4780E61369FDA59A2F7BE7B5F1353B261	NumStability.Source.Higham.Chapter09.Theorem97Classification
route	NumStability.Algorithms.HighamChapter9Theorem97Classification	NumStability.higham9_7_extremal_step_descent	NumStability.higham9_7_extremal_step_descent	NumStability.higham9_7_extremal_step_descent	NumStability.higham9_7_extremal_step_descent	authored	352	0	388	32	354	8	354	39	CA47D4CCD6F702410228A44C90C0704FD9E321AAEC6957C7A12C04DC3F94FF70	NumStability.Source.Higham.Chapter09.Theorem97Classification
route	NumStability.Algorithms.HighamChapter9Theorem97Classification	NumStability.higham9_7_leadingRowOnTiesChoice	NumStability.higham9_7_leadingRowOnTiesChoice	NumStability.higham9_7_leadingRowOnTiesChoice	NumStability.higham9_7_leadingRowOnTiesChoice	authored	16	0	21	31	18	4	18	36	4D0407BE88094CF88CE1130D177239E9FB6B9A92C7FE056B2A62FAD85DD074C4	NumStability.Source.Higham.Chapter09.Theorem97Classification
route	NumStability.Algorithms.HighamChapter9Theorem97Classification	NumStability.higham9_7_noInterchangeTrace_rebase	NumStability.higham9_7_noInterchangeTrace_rebase	NumStability.higham9_7_noInterchangeTrace_rebase	NumStability.higham9_7_noInterchangeTrace_rebase	authored	402	0	415	85	404	8	404	43	FCDEE49CF1901D6D90487CEE7FE1D34F23E097311EF02512E6A13CBC03927748	NumStability.Source.Higham.Chapter09.Theorem97Classification
route	NumStability.Algorithms.HighamChapter9Theorem97Classification	NumStability.higham9_7_printedUpperBlock	NumStability.higham9_7_printedUpperBlock	NumStability.higham9_7_printedUpperBlock	NumStability.higham9_7_printedUpperBlock	authored	331	0	339	50	333	18	333	45	939AF54C046F6F6CEB2FF76B546564698ED666B6E56A572D3A994B5D0370D37B	NumStability.Source.Higham.Chapter09.Theorem97Classification
route	NumStability.Algorithms.HighamChapter9Theorem97Classification	NumStability.higham9_7_printedUpperBlock_castSucc	NumStability.higham9_7_printedUpperBlock_castSucc	NumStability.higham9_7_printedUpperBlock_castSucc	NumStability.higham9_7_printedUpperBlock_castSucc	authored	347	0	350	36	347	16	347	52	455E1796B50FA2D4DB48AC7A48EC8EEED5FE88A551D8C45A5AD8C3243F319CF4	NumStability.Source.Higham.Chapter09.Theorem97Classification
route	NumStability.Algorithms.HighamChapter9Theorem97Classification	NumStability.higham9_7_printedUpperBlock_lastCol	NumStability.higham9_7_printedUpperBlock_lastCol	NumStability.higham9_7_printedUpperBlock_lastCol	NumStability.higham9_7_printedUpperBlock_lastCol	authored	341	0	345	36	341	16	341	51	96BEC2A15FB6219C7C96A3A41D777D7CA0E87A4882871052E848D831FE6C7B6B	NumStability.Source.Higham.Chapter09.Theorem97Classification
route	NumStability.Algorithms.HighamChapter9Theorem97Classification	NumStability.higham9_7_signedExtremalLower	NumStability.higham9_7_signedExtremalLower	NumStability.higham9_7_signedExtremalLower	NumStability.higham9_7_signedExtremalLower	authored	247	0	251	55	249	18	249	47	6B69BB8139BCA36E6482F00B8935132E745FB57B3FB2192C165E28FA8777FFDC	NumStability.Source.Higham.Chapter09.Theorem97Classification
route	NumStability.Algorithms.HighamChapter9Theorem97Classification	NumStability.higham9_7_signedExtremalLower_diag	NumStability.higham9_7_signedExtremalLower_diag	NumStability.higham9_7_signedExtremalLower_diag	NumStability.higham9_7_signedExtremalLower_diag	authored	258	0	262	28	258	8	258	42	9784B386F61DDD8DDB5BC7EA67EE9F3F7773917E8B88DDE7A6D78C3E7100DFB0	NumStability.Source.Higham.Chapter09.Theorem97Classification
route	NumStability.Algorithms.HighamChapter9Theorem97Classification	NumStability.higham9_7_signedExtremalLower_mul_powerColumn	NumStability.higham9_7_signedExtremalLower_mul_powerColumn	NumStability.higham9_7_signedExtremalLower_mul_powerColumn	NumStability.higham9_7_signedExtremalLower_mul_powerColumn	authored	279	0	311	10	281	8	281	53	7F7C037165FD683D12C5DA139EA90D957834B5833B586693E6C5571E025D77DF	NumStability.Source.Higham.Chapter09.Theorem97Classification
route	NumStability.Algorithms.HighamChapter9Theorem97Classification	NumStability.higham9_7_signedExtremalLower_strictLower	NumStability.higham9_7_signedExtremalLower_strictLower	NumStability.higham9_7_signedExtremalLower_strictLower	NumStability.higham9_7_signedExtremalLower_strictLower	authored	272	0	277	13	272	8	272	49	E9027F2C8D76780F2BB203F5BC9260C7E2C21E405B2AE80B4079FE0BBC68631F	NumStability.Source.Higham.Chapter09.Theorem97Classification
route	NumStability.Algorithms.HighamChapter9Theorem97Classification	NumStability.higham9_7_signedExtremalLower_upper_zero	NumStability.higham9_7_signedExtremalLower_upper_zero	NumStability.higham9_7_signedExtremalLower_upper_zero	NumStability.higham9_7_signedExtremalLower_upper_zero	authored	264	0	270	14	264	8	264	48	645D61ED4E6B035D343227232C02F22579F56B5FF07DA5AE9957E0CAC4CDA3DF	NumStability.Source.Higham.Chapter09.Theorem97Classification
route	NumStability.Algorithms.HighamChapter9Theorem97Classification	NumStability.higham9_7_sourceReducedGrowthFactor	NumStability.higham9_7_sourceReducedGrowthFactor	NumStability.higham9_7_sourceReducedGrowthFactor	NumStability.higham9_7_sourceReducedGrowthFactor	authored	113	0	119	23	115	18	115	53	27F8EAAAF6D5D4936AC0C2E519153D635FCD73D256990D92F5A59EC005F2CE3A	NumStability.Source.Higham.Chapter09.Theorem97Classification
route	NumStability.Algorithms.HighamChapter9Theorem97Classification	NumStability.higham9_7_sourceReducedGrowthFactor_eq_pow_iff	NumStability.higham9_7_sourceReducedGrowthFactor_eq_pow_iff	NumStability.higham9_7_sourceReducedGrowthFactor_eq_pow_iff	NumStability.higham9_7_sourceReducedGrowthFactor_eq_pow_iff	authored	390	0	400	34	392	8	392	54	41E2CEAAB609622AB077DF65472AD4D06D71C970AFC91F17C239B1F1BC7EA81A	NumStability.Source.Higham.Chapter09.Theorem97Classification
route	NumStability.Algorithms.HighamChapter9Theorem97Classification	NumStability.higham9_7_sourceReducedGrowth_extremal_implies_finalU_extremal	NumStability.higham9_7_sourceReducedGrowth_extremal_implies_finalU_extremal	NumStability.higham9_7_sourceReducedGrowth_extremal_implies_finalU_extremal	NumStability.higham9_7_sourceReducedGrowth_extremal_implies_finalU_extremal	authored	785	0	818	76	787	8	787	70	0A4E5DDDE0567A98E5DDBC44E0AC173876049D9FFABD046CD6C6FFA196EC52E1	NumStability.Source.Higham.Chapter09.Theorem97Classification
route	NumStability.Algorithms.HighamChapter9Theorem97Classification	NumStability.higham9_7_source_extremal_classification	NumStability.higham9_7_source_extremal_classification	NumStability.higham9_7_source_extremal_classification	NumStability.higham9_7_source_extremal_classification	authored	820	0	936	74	834	8	834	48	9292FA24AECB6C612EA990FC88A1047CEED0469C1F0996F9DA54042F1292D845	NumStability.Source.Higham.Chapter09.Theorem97Classification
route	NumStability.Algorithms.HighamChapter9Theorem97Classification	NumStability.higham9_7_sub_eq_two_mul_sign_rigidity	NumStability.higham9_7_sub_eq_two_mul_sign_rigidity	NumStability.higham9_7_sub_eq_two_mul_sign_rigidity	NumStability.higham9_7_sub_eq_two_mul_sign_rigidity	authored	313	0	329	50	315	8	315	46	D205071F815803012CB19138F79009ECA9AD2FF0FD0908BEB567CCC18F98270F	NumStability.Source.Higham.Chapter09.Theorem97Classification
route	NumStability.Algorithms.HighamChapter9ComplexClosure	NumStability.higham9_8_complex_growth_factor_ge_theta_of_permutedLU	NumStability.higham9_8_complex_growth_factor_ge_theta_of_permutedLU	NumStability.higham9_8_complex_growth_factor_ge_theta_of_permutedLU	NumStability.higham9_8_complex_growth_factor_ge_theta_of_permutedLU	authored	132	0	170	39	136	8	136	62	71181FF80292E5E7EBBAA7176762F0416B99F25C63F006323EE0C89CF71CB48B	NumStability.Source.Higham.Chapter09.ComplexClosure
route	NumStability.Algorithms.HighamChapter9ComplexClosure	NumStability.higham9_8_complex_source_theorem	NumStability.higham9_8_complex_source_theorem	NumStability.higham9_8_complex_source_theorem	NumStability.higham9_8_complex_source_theorem	authored	172	0	188	51	174	8	174	40	79B70106962BCCA9DB34C30CAC70324D4B58693B974C824F1DF71BDE3193B9F2	NumStability.Source.Higham.Chapter09.ComplexClosure
route	NumStability.Algorithms.HighamChapter9ComplexClosure	NumStability.higham9_8_complex_theta_le_card_of_rightInverse	NumStability.higham9_8_complex_theta_le_card_of_rightInverse	NumStability.higham9_8_complex_theta_le_card_of_rightInverse	NumStability.higham9_8_complex_theta_le_card_of_rightInverse	authored	120	0	130	28	122	8	122	55	C347210D5F522BB141A0135DEB408E1327B1F555F9A0F54E183B298DFF29194E	NumStability.Source.Higham.Chapter09.ComplexClosure
route	NumStability.Algorithms.HighamChapter9Theorem99Closure	NumStability.higham9_9_colDiagDominant_exists_LUFactSpec_noPivotGrowthFactor_le_two	NumStability.higham9_9_colDiagDominant_exists_LUFactSpec_noPivotGrowthFactor_le_two	NumStability.higham9_9_colDiagDominant_exists_LUFactSpec_noPivotGrowthFactor_le_two	NumStability.higham9_9_colDiagDominant_exists_LUFactSpec_noPivotGrowthFactor_le_two	authored	701	0	767	11	706	8	706	78	90F73C2766FC33F0070547030C0D3491CB5F4F4ECBA349A61F1E134B9C196065	NumStability.Source.Higham.Chapter09.Theorem99Closure
route	NumStability.Algorithms.HighamChapter9Theorem99ComplexClosure	NumStability.higham9_9_complexGEReducedEntry	NumStability.higham9_9_complexGEReducedEntry	NumStability.higham9_9_complexGEReducedEntry	NumStability.higham9_9_complexGEReducedEntry	authored	24	0	28	50	26	18	26	49	AA67C730B43A0EE467F81B5938E17786865C420BB52C337216147CDEF06A2911	NumStability.Source.Higham.Chapter09.Theorem99ComplexClosure
route	NumStability.Algorithms.HighamChapter9Theorem99ComplexClosure	NumStability.higham9_9_complexNoPivotReducedEntryMax	NumStability.higham9_9_complexNoPivotReducedEntryMax	NumStability.higham9_9_complexNoPivotReducedEntryMax	NumStability.higham9_9_complexNoPivotReducedEntryMax	authored	30	0	37	70	32	18	32	57	D8D6B59C7FA5382A6D7D83EE49792AE80D574B64DFF49A2247DA02B83D3D333C	NumStability.Source.Higham.Chapter09.Theorem99ComplexClosure
route	NumStability.Algorithms.HighamChapter9Theorem99ComplexClosure	NumStability.higham9_9_complexNoPivotReducedGrowthFactor	NumStability.higham9_9_complexNoPivotReducedGrowthFactor	NumStability.higham9_9_complexNoPivotReducedGrowthFactor	NumStability.higham9_9_complexNoPivotReducedGrowthFactor	authored	39	0	44	39	41	18	41	61	D52CDC262C9A3009BF9DE6E15DD9B7DA1A19907A6E91BD7AD0971D0BEC578848	NumStability.Source.Higham.Chapter09.Theorem99ComplexClosure
route	NumStability.Algorithms.HighamChapter9Theorem99ComplexClosure	NumStability.higham9_9_complexNoRowInterchangesRequired	NumStability.higham9_9_complexNoRowInterchangesRequired	NumStability.higham9_9_complexNoRowInterchangesRequired	NumStability.higham9_9_complexNoRowInterchangesRequired	authored	827	0	833	55	829	4	829	46	1D6F8EE031B0B9D6403AA02FD9991A1D8E7AF6EBE1FCA808AAAC928DBD19A921	NumStability.Source.Higham.Chapter09.Theorem99ComplexClosure
route	NumStability.Algorithms.HighamChapter9Theorem99ComplexClosure	NumStability.higham9_9_complexPrefixDot	NumStability.higham9_9_complexPrefixDot	NumStability.higham9_9_complexPrefixDot	NumStability.higham9_9_complexPrefixDot	authored	19	0	22	57	20	18	20	44	7F61D5E76BE196126F5622FE97AF3626C1CF7A192BAB2059B9052ECD6EA8E7DB	NumStability.Source.Higham.Chapter09.Theorem99ComplexClosure
route	NumStability.Algorithms.HighamChapter9Theorem99ComplexClosure	NumStability.higham9_9_complex_LUFactSpec_of_transpose_rescaled	NumStability.higham9_9_complex_LUFactSpec_of_transpose_rescaled	NumStability.higham9_9_complex_LUFactSpec_of_transpose_rescaled	NumStability.higham9_9_complex_LUFactSpec_of_transpose_rescaled	authored	703	0	733	22	706	8	706	58	7AB34FA947B74A738A52D50F7E132BB25A96D6AD1D10CCFEAB51283EE69654FD	NumStability.Source.Higham.Chapter09.Theorem99ComplexClosure
route	NumStability.Algorithms.HighamChapter9Theorem99ComplexClosure	NumStability.higham9_9_complex_colDiagDominant_exists_noPivotLU_growth_le_two	NumStability.higham9_9_complex_colDiagDominant_exists_noPivotLU_growth_le_two	NumStability.higham9_9_complex_colDiagDominant_exists_noPivotLU_growth_le_two	NumStability.higham9_9_complex_colDiagDominant_exists_noPivotLU_growth_le_two	authored	940	0	1011	12	945	8	945	72	910C61EFF5B2976A9AF5BC4E1B656080E2694B59F530F5BDD206AC3E757971AF	NumStability.Source.Higham.Chapter09.Theorem99ComplexClosure
route	NumStability.Algorithms.HighamChapter9Theorem99ComplexClosure	NumStability.higham9_9_complex_diagDominant_exists_noPivotLU_growth_le_two	NumStability.higham9_9_complex_diagDominant_exists_noPivotLU_growth_le_two	NumStability.higham9_9_complex_diagDominant_exists_noPivotLU_growth_le_two	NumStability.higham9_9_complex_diagDominant_exists_noPivotLU_growth_le_two	authored	1013	0	1036	62	1015	8	1015	69	9CC56024430916949A1CDD6F4EBBCD3E083D40797F70CFC7848E36824D86C1C7	NumStability.Source.Higham.Chapter09.Theorem99ComplexClosure
route	NumStability.Algorithms.HighamChapter9Theorem99ComplexClosure	NumStability.higham9_9_complex_growthFactor_le_noPivotReducedGrowthFactor	NumStability.higham9_9_complex_growthFactor_le_noPivotReducedGrowthFactor	NumStability.higham9_9_complex_growthFactor_le_noPivotReducedGrowthFactor	NumStability.higham9_9_complex_growthFactor_le_noPivotReducedGrowthFactor	authored	848	0	877	57	849	8	849	68	DF8358FEE20C7FAD6086B45FD1A94D56FE87EE255381DC1F4F00DBE2FBC86125	NumStability.Source.Higham.Chapter09.Theorem99ComplexClosure
route	NumStability.Algorithms.HighamChapter9Theorem99ComplexClosure	NumStability.higham9_9_complex_maxEntryNorm_transpose	NumStability.higham9_9_complex_maxEntryNorm_transpose	NumStability.higham9_9_complex_maxEntryNorm_transpose	NumStability.higham9_9_complex_maxEntryNorm_transpose	authored	670	0	684	40	672	8	672	48	CDFE27D404A907008F550A910B11FC19DF8754B11C2E57914F9C2224474626A3	NumStability.Source.Higham.Chapter09.Theorem99ComplexClosure
route	NumStability.Algorithms.HighamChapter9Theorem99ComplexClosure	NumStability.higham9_9_complex_noPivotReducedGrowthFactor_le_two_of_entry_bound	NumStability.higham9_9_complex_noPivotReducedGrowthFactor_le_two_of_entry_bound	NumStability.higham9_9_complex_noPivotReducedGrowthFactor_le_two_of_entry_bound	NumStability.higham9_9_complex_noPivotReducedGrowthFactor_le_two_of_entry_bound	authored	879	0	898	29	881	8	881	74	0A2F3A0843EA1CD2CB692217FE360356B38AA443CF0171F490FF122390988DC6	NumStability.Source.Higham.Chapter09.Theorem99ComplexClosure
route	NumStability.Algorithms.HighamChapter9Theorem99ComplexClosure	NumStability.higham9_9_complex_noRowInterchangesRequired_of_multiplier_bound	NumStability.higham9_9_complex_noRowInterchangesRequired_of_multiplier_bound	NumStability.higham9_9_complex_noRowInterchangesRequired_of_multiplier_bound	NumStability.higham9_9_complex_noRowInterchangesRequired_of_multiplier_bound	authored	835	0	846	66	837	8	837	71	D94512F15498FB2859E0DCC82E0BD4B3DAD4A8EAE3899EADDDB872315C6169B1	NumStability.Source.Higham.Chapter09.Theorem99ComplexClosure
route	NumStability.Algorithms.HighamChapter9Theorem99ComplexClosure	NumStability.higham9_9_complex_reducedEntry_eq_lower_mul_pivot	NumStability.higham9_9_complex_reducedEntry_eq_lower_mul_pivot	NumStability.higham9_9_complex_reducedEntry_eq_lower_mul_pivot	NumStability.higham9_9_complex_reducedEntry_eq_lower_mul_pivot	authored	816	0	825	6	818	8	818	57	BBBAB990EF25038A4C9603F28FABCF6139C21C1969956085DDAF6F8B5656020E	NumStability.Source.Higham.Chapter09.Theorem99ComplexClosure
route	NumStability.Algorithms.HighamChapter9Theorem99ComplexClosure	NumStability.higham9_9_complex_reducedEntry_eq_upper	NumStability.higham9_9_complex_reducedEntry_eq_upper	NumStability.higham9_9_complex_reducedEntry_eq_upper	NumStability.higham9_9_complex_reducedEntry_eq_upper	authored	806	0	814	6	807	8	807	47	1B60F2BDACBE85ECEDEB16288E9260B581279E6126ACDE1596C350448D25E0F9	NumStability.Source.Higham.Chapter09.Theorem99ComplexClosure
route	NumStability.Algorithms.HighamChapter9Theorem99ComplexClosure	NumStability.higham9_9_complex_rowDiagDominant_entry_ratio_norm_le_one	NumStability.higham9_9_complex_rowDiagDominant_entry_ratio_norm_le_one	NumStability.higham9_9_complex_rowDiagDominant_entry_ratio_norm_le_one	NumStability.higham9_9_complex_rowDiagDominant_entry_ratio_norm_le_one	authored	735	0	756	17	736	8	736	65	376C631CE46157CD1EED2FFC6D314F81167C452893CC4B1BC9406CEDF4068E3F	NumStability.Source.Higham.Chapter09.Theorem99ComplexClosure
route	NumStability.Algorithms.HighamChapter9Theorem99ComplexClosure	NumStability.higham9_9_complex_rowDiagDominant_exists_noPivotLU_growth_le_two	NumStability.higham9_9_complex_rowDiagDominant_exists_noPivotLU_growth_le_two	NumStability.higham9_9_complex_rowDiagDominant_exists_noPivotLU_growth_le_two	NumStability.higham9_9_complex_rowDiagDominant_exists_noPivotLU_growth_le_two	authored	902	0	938	12	907	8	907	72	07136E5E3E847CA5D81BB9C58D20E1357D43308E1CEF5EFFD6C1B6018DD934A9	NumStability.Source.Higham.Chapter09.Theorem99ComplexClosure
route	NumStability.Algorithms.HighamChapter9Theorem99ComplexClosure	NumStability.higham9_9_complex_source_eq_prefix_add_upper	NumStability.higham9_9_complex_source_eq_prefix_add_upper	NumStability.higham9_9_complex_source_eq_prefix_add_upper	NumStability.higham9_9_complex_source_eq_prefix_add_upper	authored	780	0	804	39	781	6	781	50	CA1E2F14F91314DEF90127DE6F257BC4A1E345CDA004A47671EC9BA39441D212	NumStability.Source.Higham.Chapter09.Theorem99ComplexClosure
route	NumStability.Algorithms.HighamChapter9Theorem99ComplexClosure	NumStability.higham9_9_complex_transpose_det_ne_zero	NumStability.higham9_9_complex_transpose_det_ne_zero	NumStability.higham9_9_complex_transpose_det_ne_zero	NumStability.higham9_9_complex_transpose_det_ne_zero	authored	686	0	701	13	687	8	687	47	1A84DBAC6F351CF9EDC7A92B68A3802575AF633FE619ABA9A794483A4560FBF9	NumStability.Source.Higham.Chapter09.Theorem99ComplexClosure
route	NumStability.Algorithms.HighamChapter9Theorem99ComplexClosure	NumStability.higham9_9_complex_transpose_rescaled_reducedEntry_eq	NumStability.higham9_9_complex_transpose_rescaled_reducedEntry_eq	NumStability.higham9_9_complex_transpose_rescaled_reducedEntry_eq	NumStability.higham9_9_complex_transpose_rescaled_reducedEntry_eq	authored	758	0	778	13	760	8	760	60	5F7BB679CED2237EF01FE4160E20EDEA81646DA2E657F4D20D346773B1B7E033	NumStability.Source.Higham.Chapter09.Theorem99ComplexClosure
route	NumStability.Algorithms.HighamChapter9Theorem99Closure	NumStability.higham9_9_diagDominant_exists_LUFactSpec_noPivotGrowthFactor_le_two	NumStability.higham9_9_diagDominant_exists_LUFactSpec_noPivotGrowthFactor_le_two	NumStability.higham9_9_diagDominant_exists_LUFactSpec_noPivotGrowthFactor_le_two	NumStability.higham9_9_diagDominant_exists_LUFactSpec_noPivotGrowthFactor_le_two	authored	769	0	787	45	772	8	772	75	F26AD97E55BB815670DCA3E33717D1DEF5AA0BF009BB174134662BEB1A0D27B0	NumStability.Source.Higham.Chapter09.Theorem99Closure
route	NumStability.Algorithms.HighamChapter9Theorem99Closure	NumStability.higham9_9_growthFactorEntry_le_noPivotReducedGrowthFactor	NumStability.higham9_9_growthFactorEntry_le_noPivotReducedGrowthFactor	NumStability.higham9_9_growthFactorEntry_le_noPivotReducedGrowthFactor	NumStability.higham9_9_growthFactorEntry_le_noPivotReducedGrowthFactor	authored	630	0	671	57	632	8	632	65	47C1BA6F44502CBAAF9A328854339547C27A838FC482A7B328E2AFCF963C6CA9	NumStability.Source.Higham.Chapter09.Theorem99Closure
route	NumStability.Algorithms.HighamChapter9Theorem99Closure	NumStability.higham9_9_rowDiagDominant_exists_LUFactSpec_noPivotGrowthFactor_le_two	NumStability.higham9_9_rowDiagDominant_exists_LUFactSpec_noPivotGrowthFactor_le_two	NumStability.higham9_9_rowDiagDominant_exists_LUFactSpec_noPivotGrowthFactor_le_two	NumStability.higham9_9_rowDiagDominant_exists_LUFactSpec_noPivotGrowthFactor_le_two	authored	673	0	699	11	678	8	678	78	3289E501924CE0E1538EAE0E5FA8CBA2D895926F10BA9D36182C417ECB0F988C	NumStability.Source.Higham.Chapter09.Theorem99Closure
route	NumStability.Algorithms.HighamChapter9Theorem99Closure	NumStability.higham9_9_transpose_rescaled_noPivotReducedEntryMax_eq	NumStability.higham9_9_transpose_rescaled_noPivotReducedEntryMax_eq	NumStability.higham9_9_transpose_rescaled_noPivotReducedEntryMax_eq	NumStability.higham9_9_transpose_rescaled_noPivotReducedEntryMax_eq	authored	588	0	612	40	590	8	590	62	70426C411D1E404FE59A136CDC1FCE65D63C42603773EE557E42D962DE0B0322	NumStability.Source.Higham.Chapter09.Theorem99Closure
route	NumStability.Algorithms.HighamChapter9Theorem99Closure	NumStability.higham9_9_transpose_rescaled_noPivotReducedGrowthFactor_eq	NumStability.higham9_9_transpose_rescaled_noPivotReducedGrowthFactor_eq	NumStability.higham9_9_transpose_rescaled_noPivotReducedGrowthFactor_eq	NumStability.higham9_9_transpose_rescaled_noPivotReducedGrowthFactor_eq	authored	614	0	628	51	616	8	616	66	EB7CDBA346AC4CB9C172EED18D7869879ED1A4F247BE66FE6F3D920F7D290BBF	NumStability.Source.Higham.Chapter09.Theorem99Closure
route	NumStability.Algorithms.HighamChapter9Theorem99Closure	NumStability.higham9_9_transpose_rescaled_reducedEntry_eq	NumStability.higham9_9_transpose_rescaled_reducedEntry_eq	NumStability.higham9_9_transpose_rescaled_reducedEntry_eq	NumStability.higham9_9_transpose_rescaled_reducedEntry_eq	authored	567	0	586	14	570	8	570	52	0ED3EFDFC8E8392FB4F89E320DA5472AA43E0E7C8DEEF31AAF7F5EF3522D3380	NumStability.Source.Higham.Chapter09.Theorem99Closure
route	NumStability.Algorithms.HighamChapter9ComplexClosure	NumStability.higham9_ComplexColDiagDominant	NumStability.higham9_ComplexColDiagDominant	NumStability.higham9_ComplexColDiagDominant	NumStability.higham9_ComplexColDiagDominant	authored	24	0	28	68	26	4	26	34	C6A54E095852ABBE296D5866633EE14640D10EA3A6FFE029DCA749C88710B8A8	NumStability.Source.Higham.Chapter09.ComplexClosure
route	NumStability.Algorithms.HighamChapter9ComplexClosure	NumStability.higham9_ComplexGEPPActiveHistoryBound	NumStability.higham9_ComplexGEPPActiveHistoryBound	NumStability.higham9_ComplexGEPPActiveHistoryBound	NumStability.higham9_ComplexGEPPActiveHistoryBound	authored	284	0	313	64	288	10	288	47	ECB478C8F2C3846DA9CF7D51B8AFD28A15DDF2FB56ADA3ADC834249475A41176	NumStability.Source.Higham.Chapter09.ComplexClosure
route	NumStability.Algorithms.HighamChapter9ComplexClosure	NumStability.higham9_ComplexGEPPActiveHistoryBound.below	NumStability.higham9_ComplexGEPPActiveHistoryBound.below	NumStability.higham9_ComplexGEPPActiveHistoryBound	NumStability.higham9_ComplexGEPPActiveHistoryBound	compiler_generated	284	0	313	64	288	10	288	47	ECB478C8F2C3846DA9CF7D51B8AFD28A15DDF2FB56ADA3ADC834249475A41176	NumStability.Source.Higham.Chapter09.ComplexClosure
route	NumStability.Algorithms.HighamChapter9ComplexClosure	NumStability.higham9_ComplexGEPPActiveHistoryBound.below.casesOn	NumStability.higham9_ComplexGEPPActiveHistoryBound.below.casesOn	NumStability.higham9_ComplexGEPPActiveHistoryBound	NumStability.higham9_ComplexGEPPActiveHistoryBound	compiler_generated	284	0	313	64	288	10	288	47	ECB478C8F2C3846DA9CF7D51B8AFD28A15DDF2FB56ADA3ADC834249475A41176	NumStability.Source.Higham.Chapter09.ComplexClosure
route	NumStability.Algorithms.HighamChapter9ComplexClosure	NumStability.higham9_ComplexGEPPActiveHistoryBound.below.done	NumStability.higham9_ComplexGEPPActiveHistoryBound.below.done	NumStability.higham9_ComplexGEPPActiveHistoryBound	NumStability.higham9_ComplexGEPPActiveHistoryBound	compiler_generated	284	0	313	64	288	10	288	47	ECB478C8F2C3846DA9CF7D51B8AFD28A15DDF2FB56ADA3ADC834249475A41176	NumStability.Source.Higham.Chapter09.ComplexClosure
route	NumStability.Algorithms.HighamChapter9ComplexClosure	NumStability.higham9_ComplexGEPPActiveHistoryBound.below.pivot	NumStability.higham9_ComplexGEPPActiveHistoryBound.below.pivot	NumStability.higham9_ComplexGEPPActiveHistoryBound	NumStability.higham9_ComplexGEPPActiveHistoryBound	compiler_generated	284	0	313	64	288	10	288	47	ECB478C8F2C3846DA9CF7D51B8AFD28A15DDF2FB56ADA3ADC834249475A41176	NumStability.Source.Higham.Chapter09.ComplexClosure
route	NumStability.Algorithms.HighamChapter9ComplexClosure	NumStability.higham9_ComplexGEPPActiveHistoryBound.below.rec	NumStability.higham9_ComplexGEPPActiveHistoryBound.below.rec	NumStability.higham9_ComplexGEPPActiveHistoryBound	NumStability.higham9_ComplexGEPPActiveHistoryBound	compiler_generated	284	0	313	64	288	10	288	47	ECB478C8F2C3846DA9CF7D51B8AFD28A15DDF2FB56ADA3ADC834249475A41176	NumStability.Source.Higham.Chapter09.ComplexClosure
route	NumStability.Algorithms.HighamChapter9ComplexClosure	NumStability.higham9_ComplexGEPPActiveHistoryBound.below.skip	NumStability.higham9_ComplexGEPPActiveHistoryBound.below.skip	NumStability.higham9_ComplexGEPPActiveHistoryBound	NumStability.higham9_ComplexGEPPActiveHistoryBound	compiler_generated	284	0	313	64	288	10	288	47	ECB478C8F2C3846DA9CF7D51B8AFD28A15DDF2FB56ADA3ADC834249475A41176	NumStability.Source.Higham.Chapter09.ComplexClosure
route	NumStability.Algorithms.HighamChapter9ComplexClosure	NumStability.higham9_ComplexGEPPActiveHistoryBound.brecOn	NumStability.higham9_ComplexGEPPActiveHistoryBound.brecOn	NumStability.higham9_ComplexGEPPActiveHistoryBound	NumStability.higham9_ComplexGEPPActiveHistoryBound	compiler_generated	284	0	313	64	288	10	288	47	ECB478C8F2C3846DA9CF7D51B8AFD28A15DDF2FB56ADA3ADC834249475A41176	NumStability.Source.Higham.Chapter09.ComplexClosure
route	NumStability.Algorithms.HighamChapter9ComplexClosure	NumStability.higham9_ComplexGEPPActiveHistoryBound.casesOn	NumStability.higham9_ComplexGEPPActiveHistoryBound.casesOn	NumStability.higham9_ComplexGEPPActiveHistoryBound	NumStability.higham9_ComplexGEPPActiveHistoryBound	compiler_generated	284	0	313	64	288	10	288	47	ECB478C8F2C3846DA9CF7D51B8AFD28A15DDF2FB56ADA3ADC834249475A41176	NumStability.Source.Higham.Chapter09.ComplexClosure
route	NumStability.Algorithms.HighamChapter9ComplexClosure	NumStability.higham9_ComplexGEPPActiveHistoryBound.done	NumStability.higham9_ComplexGEPPActiveHistoryBound.done	NumStability.higham9_ComplexGEPPActiveHistoryBound	NumStability.higham9_ComplexGEPPActiveHistoryBound	compiler_generated	284	0	313	64	288	10	288	47	ECB478C8F2C3846DA9CF7D51B8AFD28A15DDF2FB56ADA3ADC834249475A41176	NumStability.Source.Higham.Chapter09.ComplexClosure
route	NumStability.Algorithms.HighamChapter9ComplexClosure	NumStability.higham9_ComplexGEPPActiveHistoryBound.pivot	NumStability.higham9_ComplexGEPPActiveHistoryBound.pivot	NumStability.higham9_ComplexGEPPActiveHistoryBound	NumStability.higham9_ComplexGEPPActiveHistoryBound	compiler_generated	284	0	313	64	288	10	288	47	ECB478C8F2C3846DA9CF7D51B8AFD28A15DDF2FB56ADA3ADC834249475A41176	NumStability.Source.Higham.Chapter09.ComplexClosure
route	NumStability.Algorithms.HighamChapter9ComplexClosure	NumStability.higham9_ComplexGEPPActiveHistoryBound.rec	NumStability.higham9_ComplexGEPPActiveHistoryBound.rec	NumStability.higham9_ComplexGEPPActiveHistoryBound	NumStability.higham9_ComplexGEPPActiveHistoryBound	compiler_generated	284	0	313	64	288	10	288	47	ECB478C8F2C3846DA9CF7D51B8AFD28A15DDF2FB56ADA3ADC834249475A41176	NumStability.Source.Higham.Chapter09.ComplexClosure
route	NumStability.Algorithms.HighamChapter9ComplexClosure	NumStability.higham9_ComplexGEPPActiveHistoryBound.recOn	NumStability.higham9_ComplexGEPPActiveHistoryBound.recOn	NumStability.higham9_ComplexGEPPActiveHistoryBound	NumStability.higham9_ComplexGEPPActiveHistoryBound	compiler_generated	284	0	313	64	288	10	288	47	ECB478C8F2C3846DA9CF7D51B8AFD28A15DDF2FB56ADA3ADC834249475A41176	NumStability.Source.Higham.Chapter09.ComplexClosure
route	NumStability.Algorithms.HighamChapter9ComplexClosure	NumStability.higham9_ComplexGEPPActiveHistoryBound.skip	NumStability.higham9_ComplexGEPPActiveHistoryBound.skip	NumStability.higham9_ComplexGEPPActiveHistoryBound	NumStability.higham9_ComplexGEPPActiveHistoryBound	compiler_generated	284	0	313	64	288	10	288	47	ECB478C8F2C3846DA9CF7D51B8AFD28A15DDF2FB56ADA3ADC834249475A41176	NumStability.Source.Higham.Chapter09.ComplexClosure
route	NumStability.Algorithms.HighamChapter9ComplexClosure	NumStability.higham9_ComplexGEPPActiveHistoryBound_current	NumStability.higham9_ComplexGEPPActiveHistoryBound_current	NumStability.higham9_ComplexGEPPActiveHistoryBound_current	NumStability.higham9_ComplexGEPPActiveHistoryBound_current	authored	315	0	324	37	315	8	315	53	1AB8FC223F070F66C914019CBBD5BB202C2D3E70FA9C32C1C4E692ECEAA2942F	NumStability.Source.Higham.Chapter09.ComplexClosure
route	NumStability.Algorithms.HighamChapter9ComplexClosure	NumStability.higham9_ComplexPartialPivotGEPPUTrace	NumStability.higham9_ComplexPartialPivotGEPPUTrace	NumStability.higham9_ComplexPartialPivotGEPPUTrace	NumStability.higham9_ComplexPartialPivotGEPPUTrace	authored	192	0	215	44	196	10	196	47	2CAD6B7B3B072913252FF7FB1BBF7F7DB18A9056A27815A07ACFB9BEA67FECCC	NumStability.Source.Higham.Chapter09.ComplexClosure
route	NumStability.Algorithms.HighamChapter9ComplexClosure	NumStability.higham9_ComplexPartialPivotGEPPUTrace.below	NumStability.higham9_ComplexPartialPivotGEPPUTrace.below	NumStability.higham9_ComplexPartialPivotGEPPUTrace	NumStability.higham9_ComplexPartialPivotGEPPUTrace	compiler_generated	192	0	215	44	196	10	196	47	2CAD6B7B3B072913252FF7FB1BBF7F7DB18A9056A27815A07ACFB9BEA67FECCC	NumStability.Source.Higham.Chapter09.ComplexClosure
route	NumStability.Algorithms.HighamChapter9ComplexClosure	NumStability.higham9_ComplexPartialPivotGEPPUTrace.below.casesOn	NumStability.higham9_ComplexPartialPivotGEPPUTrace.below.casesOn	NumStability.higham9_ComplexPartialPivotGEPPUTrace	NumStability.higham9_ComplexPartialPivotGEPPUTrace	compiler_generated	192	0	215	44	196	10	196	47	2CAD6B7B3B072913252FF7FB1BBF7F7DB18A9056A27815A07ACFB9BEA67FECCC	NumStability.Source.Higham.Chapter09.ComplexClosure
route	NumStability.Algorithms.HighamChapter9ComplexClosure	NumStability.higham9_ComplexPartialPivotGEPPUTrace.below.done	NumStability.higham9_ComplexPartialPivotGEPPUTrace.below.done	NumStability.higham9_ComplexPartialPivotGEPPUTrace	NumStability.higham9_ComplexPartialPivotGEPPUTrace	compiler_generated	192	0	215	44	196	10	196	47	2CAD6B7B3B072913252FF7FB1BBF7F7DB18A9056A27815A07ACFB9BEA67FECCC	NumStability.Source.Higham.Chapter09.ComplexClosure
route	NumStability.Algorithms.HighamChapter9ComplexClosure	NumStability.higham9_ComplexPartialPivotGEPPUTrace.below.pivot	NumStability.higham9_ComplexPartialPivotGEPPUTrace.below.pivot	NumStability.higham9_ComplexPartialPivotGEPPUTrace	NumStability.higham9_ComplexPartialPivotGEPPUTrace	compiler_generated	192	0	215	44	196	10	196	47	2CAD6B7B3B072913252FF7FB1BBF7F7DB18A9056A27815A07ACFB9BEA67FECCC	NumStability.Source.Higham.Chapter09.ComplexClosure
route	NumStability.Algorithms.HighamChapter9ComplexClosure	NumStability.higham9_ComplexPartialPivotGEPPUTrace.below.rec	NumStability.higham9_ComplexPartialPivotGEPPUTrace.below.rec	NumStability.higham9_ComplexPartialPivotGEPPUTrace	NumStability.higham9_ComplexPartialPivotGEPPUTrace	compiler_generated	192	0	215	44	196	10	196	47	2CAD6B7B3B072913252FF7FB1BBF7F7DB18A9056A27815A07ACFB9BEA67FECCC	NumStability.Source.Higham.Chapter09.ComplexClosure
route	NumStability.Algorithms.HighamChapter9ComplexClosure	NumStability.higham9_ComplexPartialPivotGEPPUTrace.below.skip	NumStability.higham9_ComplexPartialPivotGEPPUTrace.below.skip	NumStability.higham9_ComplexPartialPivotGEPPUTrace	NumStability.higham9_ComplexPartialPivotGEPPUTrace	compiler_generated	192	0	215	44	196	10	196	47	2CAD6B7B3B072913252FF7FB1BBF7F7DB18A9056A27815A07ACFB9BEA67FECCC	NumStability.Source.Higham.Chapter09.ComplexClosure
route	NumStability.Algorithms.HighamChapter9ComplexClosure	NumStability.higham9_ComplexPartialPivotGEPPUTrace.brecOn	NumStability.higham9_ComplexPartialPivotGEPPUTrace.brecOn	NumStability.higham9_ComplexPartialPivotGEPPUTrace	NumStability.higham9_ComplexPartialPivotGEPPUTrace	compiler_generated	192	0	215	44	196	10	196	47	2CAD6B7B3B072913252FF7FB1BBF7F7DB18A9056A27815A07ACFB9BEA67FECCC	NumStability.Source.Higham.Chapter09.ComplexClosure
route	NumStability.Algorithms.HighamChapter9ComplexClosure	NumStability.higham9_ComplexPartialPivotGEPPUTrace.casesOn	NumStability.higham9_ComplexPartialPivotGEPPUTrace.casesOn	NumStability.higham9_ComplexPartialPivotGEPPUTrace	NumStability.higham9_ComplexPartialPivotGEPPUTrace	compiler_generated	192	0	215	44	196	10	196	47	2CAD6B7B3B072913252FF7FB1BBF7F7DB18A9056A27815A07ACFB9BEA67FECCC	NumStability.Source.Higham.Chapter09.ComplexClosure
route	NumStability.Algorithms.HighamChapter9ComplexClosure	NumStability.higham9_ComplexPartialPivotGEPPUTrace.done	NumStability.higham9_ComplexPartialPivotGEPPUTrace.done	NumStability.higham9_ComplexPartialPivotGEPPUTrace	NumStability.higham9_ComplexPartialPivotGEPPUTrace	compiler_generated	192	0	215	44	196	10	196	47	2CAD6B7B3B072913252FF7FB1BBF7F7DB18A9056A27815A07ACFB9BEA67FECCC	NumStability.Source.Higham.Chapter09.ComplexClosure
route	NumStability.Algorithms.HighamChapter9ComplexClosure	NumStability.higham9_ComplexPartialPivotGEPPUTrace.pivot	NumStability.higham9_ComplexPartialPivotGEPPUTrace.pivot	NumStability.higham9_ComplexPartialPivotGEPPUTrace	NumStability.higham9_ComplexPartialPivotGEPPUTrace	compiler_generated	192	0	215	44	196	10	196	47	2CAD6B7B3B072913252FF7FB1BBF7F7DB18A9056A27815A07ACFB9BEA67FECCC	NumStability.Source.Higham.Chapter09.ComplexClosure
route	NumStability.Algorithms.HighamChapter9ComplexClosure	NumStability.higham9_ComplexPartialPivotGEPPUTrace.rec	NumStability.higham9_ComplexPartialPivotGEPPUTrace.rec	NumStability.higham9_ComplexPartialPivotGEPPUTrace	NumStability.higham9_ComplexPartialPivotGEPPUTrace	compiler_generated	192	0	215	44	196	10	196	47	2CAD6B7B3B072913252FF7FB1BBF7F7DB18A9056A27815A07ACFB9BEA67FECCC	NumStability.Source.Higham.Chapter09.ComplexClosure
route	NumStability.Algorithms.HighamChapter9ComplexClosure	NumStability.higham9_ComplexPartialPivotGEPPUTrace.recOn	NumStability.higham9_ComplexPartialPivotGEPPUTrace.recOn	NumStability.higham9_ComplexPartialPivotGEPPUTrace	NumStability.higham9_ComplexPartialPivotGEPPUTrace	compiler_generated	192	0	215	44	196	10	196	47	2CAD6B7B3B072913252FF7FB1BBF7F7DB18A9056A27815A07ACFB9BEA67FECCC	NumStability.Source.Higham.Chapter09.ComplexClosure
route	NumStability.Algorithms.HighamChapter9ComplexClosure	NumStability.higham9_ComplexPartialPivotGEPPUTrace.skip	NumStability.higham9_ComplexPartialPivotGEPPUTrace.skip	NumStability.higham9_ComplexPartialPivotGEPPUTrace	NumStability.higham9_ComplexPartialPivotGEPPUTrace	compiler_generated	192	0	215	44	196	10	196	47	2CAD6B7B3B072913252FF7FB1BBF7F7DB18A9056A27815A07ACFB9BEA67FECCC	NumStability.Source.Higham.Chapter09.ComplexClosure
route	NumStability.Algorithms.HighamChapter9ComplexClosure	NumStability.higham9_ComplexPartialPivotGEPPUTrace_upper_zero	NumStability.higham9_ComplexPartialPivotGEPPUTrace_upper_zero	NumStability.higham9_ComplexPartialPivotGEPPUTrace_upper_zero	NumStability.higham9_ComplexPartialPivotGEPPUTrace_upper_zero	authored	248	0	282	44	248	8	248	56	5BFC075E2376CF05AF17783EC62BC9AC0996443C230C1BD026E2568D6DD0126A	NumStability.Source.Higham.Chapter09.ComplexClosure
route	NumStability.Algorithms.HighamChapter9ComplexClosure	NumStability.higham9_ComplexRowDiagDominant	NumStability.higham9_ComplexRowDiagDominant	NumStability.higham9_ComplexRowDiagDominant	NumStability.higham9_ComplexRowDiagDominant	authored	19	0	22	68	20	4	20	34	0AD9398764ABCAC6B724C24DDC19C3BFDBFA44CE5598226FD811FD70CA5F18AB	NumStability.Source.Higham.Chapter09.ComplexClosure
route	NumStability.Algorithms.HighamChapter9ComplexClosure	NumStability.higham9_complexGrowthFactor	NumStability.higham9_complexGrowthFactor	NumStability.higham9_complexGrowthFactor	NumStability.higham9_complexGrowthFactor	authored	88	0	92	39	89	18	89	45	A11ACD04A4D2FF980DE66E450DB39A0C2B6AA24472E96EFA59E8E1A474A4BD46	NumStability.Source.Higham.Chapter09.ComplexClosure
route	NumStability.Algorithms.HighamChapter9ComplexClosure	NumStability.higham9_complexMaxEntryNorm_pos_of_det_ne_zero	NumStability.higham9_complexMaxEntryNorm_pos_of_det_ne_zero	NumStability.higham9_complexMaxEntryNorm_pos_of_det_ne_zero	NumStability.higham9_complexMaxEntryNorm_pos_of_det_ne_zero	authored	94	0	116	17	94	6	94	52	5589D6198209716580618C438D1EA15CF8D2D6C5342D24A6F321EBFF6BDEDE93	NumStability.Source.Higham.Chapter09.ComplexClosure
route	NumStability.Algorithms.HighamChapter9ComplexClosure	NumStability.higham9_complexPartialPivotChoice	NumStability.higham9_complexPartialPivotChoice	NumStability.higham9_complexPartialPivotChoice	NumStability.higham9_complexPartialPivotChoice	authored	43	0	47	38	45	4	45	37	E21EDFFED95E908986F62FC53AF6F4E29EB6B50B4CE7FB3C53C0D261AFD1B33C	NumStability.Source.Higham.Chapter09.ComplexClosure
route	NumStability.Algorithms.HighamChapter9ComplexClosure	NumStability.higham9_complexPartialPivotChoice_pivot_ne_zero_of_column	NumStability.higham9_complexPartialPivotChoice_pivot_ne_zero_of_column	NumStability.higham9_complexPartialPivotChoice_pivot_ne_zero_of_column	NumStability.higham9_complexPartialPivotChoice_pivot_ne_zero_of_column	authored	58	0	65	62	58	8	58	65	6A8F47081EDA15178992B1E0DC1288593706EBDA38EE2A5ABBD555249734EDCC	NumStability.Source.Higham.Chapter09.ComplexClosure
route	NumStability.Algorithms.HighamChapter9ComplexClosure	NumStability.higham9_complexPartialPivot_multiplier_norm_le_one	NumStability.higham9_complexPartialPivot_multiplier_norm_le_one	NumStability.higham9_complexPartialPivot_multiplier_norm_le_one	NumStability.higham9_complexPartialPivot_multiplier_norm_le_one	authored	67	0	74	23	67	8	67	58	2659B719ADE93224A0347C34C0B34F1E4324948C91F923E4F415955E1D867095	NumStability.Source.Higham.Chapter09.ComplexClosure
route	NumStability.Algorithms.HighamChapter9ComplexClosure	NumStability.higham9_complexPartialSchur	NumStability.higham9_complexPartialSchur	NumStability.higham9_complexPartialSchur	NumStability.higham9_complexPartialSchur	authored	80	0	86	66	82	18	82	45	EFCF8FD24C066AEB6CF83E632C3EBE5521D211F5C67EBCD9A5B489203E771D3B	NumStability.Source.Higham.Chapter09.ComplexClosure
route	NumStability.Algorithms.HighamChapter9ComplexClosure	NumStability.higham9_complexRowDiagDominant_transpose_iff_colDiagDominant	NumStability.higham9_complexRowDiagDominant_transpose_iff_colDiagDominant	NumStability.higham9_complexRowDiagDominant_transpose_iff_colDiagDominant	NumStability.higham9_complexRowDiagDominant_transpose_iff_colDiagDominant	authored	35	0	41	50	35	8	35	68	82ADF2B5D3CDB28E75EA4E12A564A8FB76D6B7AF2B1E61102525FCFAD15A9E93	NumStability.Source.Higham.Chapter09.ComplexClosure
route	NumStability.Algorithms.HighamChapter9ComplexClosure	NumStability.higham9_complexRowPermuted	NumStability.higham9_complexRowPermuted	NumStability.higham9_complexRowPermuted	NumStability.higham9_complexRowPermuted	authored	76	0	78	67	77	4	77	30	DAE28921DC274BD204547E3F11A7AD9C60EB329FE3D668A6B2C74C4712E1D9E8	NumStability.Source.Higham.Chapter09.ComplexClosure
route	NumStability.Algorithms.HighamChapter9ComplexClosure	NumStability.higham9_complexTranspose	NumStability.higham9_complexTranspose	NumStability.higham9_complexTranspose	NumStability.higham9_complexTranspose	authored	30	0	33	41	32	4	32	28	81C9E73998F4FA9CAF9B671783A2FB275F58987B2D494EF02DF004E49A5F6279	NumStability.Source.Higham.Chapter09.ComplexClosure
route	NumStability.Algorithms.HighamChapter9ComplexClosure	NumStability.higham9_exists_ComplexPartialPivotGEPPUTrace	NumStability.higham9_exists_ComplexPartialPivotGEPPUTrace	NumStability.higham9_exists_ComplexPartialPivotGEPPUTrace	NumStability.higham9_exists_ComplexPartialPivotGEPPUTrace	authored	217	0	246	64	220	8	220	52	700104E835E867514A8EADBAEF564157625CDF1BE8ED0E59D2203BCC38663ED8	NumStability.Source.Higham.Chapter09.ComplexClosure
route	NumStability.Algorithms.HighamChapter9ComplexClosure	NumStability.higham9_exists_complexPartialPivotChoice	NumStability.higham9_exists_complexPartialPivotChoice	NumStability.higham9_exists_complexPartialPivotChoice	NumStability.higham9_exists_complexPartialPivotChoice	authored	49	0	56	48	49	8	49	48	62EF57E6642CCC82DEA93758E734BB1E6270D21176962AAD79DBC8522A599EBF	NumStability.Source.Higham.Chapter09.ComplexClosure
route	NumStability.Algorithms.HighamChapter9ComplexClosure	NumStability.higham9_realMatrixToComplex	NumStability.higham9_realMatrixToComplex	NumStability.higham9_realMatrixToComplex	NumStability.higham9_realMatrixToComplex	authored	1254	0	1256	24	1254	18	1254	45	5EFF67A254C7886DDF54D01A6964794C5CE2EB8070128F5A8A823FF4D8F15F06	NumStability.Source.Higham.Chapter09.ComplexClosure
route	NumStability.Algorithms.HighamChapter9ComplexClosure	NumStability.higham9_realMatrixToComplex_growth_eq	NumStability.higham9_realMatrixToComplex_growth_eq	NumStability.higham9_realMatrixToComplex_growth_eq	NumStability.higham9_realMatrixToComplex_growth_eq	authored	1368	0	1376	45	1368	6	1368	43	997885B919474B9E66B1B4B5296CEDDBAF24880C0326FEDDEB241CF176B013CC	NumStability.Source.Higham.Chapter09.ComplexClosure
route	NumStability.Algorithms.HighamChapter9ComplexClosure	NumStability.higham9_realMatrixToComplex_luFirstStepU	NumStability.higham9_realMatrixToComplex_luFirstStepU	NumStability.higham9_realMatrixToComplex_luFirstStepU	NumStability.higham9_realMatrixToComplex_luFirstStepU	authored	1298	0	1307	42	1298	6	1298	46	758D2F5C41247EAA31AB9FF3A67ACAC492498079B27A29F1322861CA6AC7F9C9	NumStability.Source.Higham.Chapter09.ComplexClosure
route	NumStability.Algorithms.HighamChapter9ComplexClosure	NumStability.higham9_realMatrixToComplex_maxEntryNorm	NumStability.higham9_realMatrixToComplex_maxEntryNorm	NumStability.higham9_realMatrixToComplex_maxEntryNorm	NumStability.higham9_realMatrixToComplex_maxEntryNorm	authored	1263	0	1272	46	1263	6	1263	46	21AA6FC60542D758B871CA69B9FE25D2906DB65D0A30E03FA39997D691687A73	NumStability.Source.Higham.Chapter09.ComplexClosure
route	NumStability.Algorithms.HighamChapter9ComplexClosure	NumStability.higham9_realMatrixToComplex_norm	NumStability.higham9_realMatrixToComplex_norm	NumStability.higham9_realMatrixToComplex_norm	NumStability.higham9_realMatrixToComplex_norm	authored	1258	0	1261	36	1258	6	1258	38	B04B4EC1DB43FAC2102AA14FBD9BC82426C730F94C95186501B4A5775F4AE852	NumStability.Source.Higham.Chapter09.ComplexClosure
route	NumStability.Algorithms.HighamChapter9ComplexClosure	NumStability.higham9_realMatrixToComplex_partialChoice	NumStability.higham9_realMatrixToComplex_partialChoice	NumStability.higham9_realMatrixToComplex_partialChoice	NumStability.higham9_realMatrixToComplex_partialChoice	authored	1274	0	1279	76	1274	6	1274	47	C8F66B53910CA8728DC650283B8D18C232784FC387ADFEDF4C0134EE11B0677F	NumStability.Source.Higham.Chapter09.ComplexClosure
route	NumStability.Algorithms.HighamChapter9ComplexClosure	NumStability.higham9_realMatrixToComplex_partialSchur	NumStability.higham9_realMatrixToComplex_partialSchur	NumStability.higham9_realMatrixToComplex_partialSchur	NumStability.higham9_realMatrixToComplex_partialSchur	authored	1281	0	1290	56	1281	6	1281	46	667847CE3A87C8DA79807AEB63046F6172B6FE7DD6F84AAA36CBB395C96A0E13	NumStability.Source.Higham.Chapter09.ComplexClosure
route	NumStability.Algorithms.HighamChapter9ComplexClosure	NumStability.higham9_realMatrixToComplex_rowPermuted	NumStability.higham9_realMatrixToComplex_rowPermuted	NumStability.higham9_realMatrixToComplex_rowPermuted	NumStability.higham9_realMatrixToComplex_rowPermuted	authored	1292	0	1296	5	1292	6	1292	45	A66571F7542B28E62EC55FB80A758AB951627A50A24AC9B234FD1E8BB3ABF7EC	NumStability.Source.Higham.Chapter09.ComplexClosure
route	NumStability.Algorithms.HighamChapter9ComplexClosure	NumStability.higham9_real_PartialPivotGEPPUTrace_to_complex	NumStability.higham9_real_PartialPivotGEPPUTrace_to_complex	NumStability.higham9_real_PartialPivotGEPPUTrace_to_complex	NumStability.higham9_real_PartialPivotGEPPUTrace_to_complex	authored	1309	0	1334	17	1311	8	1311	54	BC55F434A299A6647B3E1BA6FE773153FC47790DBFC5A831FA1F3CEDE35F2A1A	NumStability.Source.Higham.Chapter09.ComplexClosure
route	NumStability.Algorithms.HighamChapter9Theorem914Actual	_private.NumStability.Algorithms.HighamChapter9Theorem914Actual.0.NumStability.higham9_14_abs_add_eq_add_abs_of_mul_nonneg	_private.NumStability.Algorithms.HighamChapter9Theorem914Actual.0.NumStability.higham9_14_abs_add_eq_add_abs_of_mul_nonneg	_private.NumStability.Algorithms.HighamChapter9Theorem914Actual.0.NumStability.higham9_14_abs_add_eq_add_abs_of_mul_nonneg	_private.NumStability.Algorithms.HighamChapter9Theorem914Actual.0.NumStability.higham9_14_abs_add_eq_add_abs_of_mul_nonneg	authored	1491	0	1512	8	1491	16	1491	59	4E38F9C14B6E07163144E2B32E07D30A28478701E427F89CBBF5D0D4A4B94925	NumStability.Source.Higham.Chapter09.Theorem914Actual
route	NumStability.Algorithms.HighamChapter9Theorem914Actual	_private.NumStability.Algorithms.HighamChapter9Theorem914Actual.0.NumStability.higham9_14_actualFactor_abs_diag_le_sum	_private.NumStability.Algorithms.HighamChapter9Theorem914Actual.0.NumStability.higham9_14_actualFactor_abs_diag_le_sum	_private.NumStability.Algorithms.HighamChapter9Theorem914Actual.0.NumStability.higham9_14_actualFactor_abs_diag_le_sum	_private.NumStability.Algorithms.HighamChapter9Theorem914Actual.0.NumStability.higham9_14_actualFactor_abs_diag_le_sum	authored	330	0	365	35	330	16	330	55	125B76E8A09C3D20655A7856384754C3B42920E65B992D5D2B790231CB7B5CFE	NumStability.Source.Higham.Chapter09.Theorem914Actual
route	NumStability.Algorithms.HighamChapter9Theorem914Actual	_private.NumStability.Algorithms.HighamChapter9Theorem914Actual.0.NumStability.higham9_14_actualFactor_abs_sub_le_sum	_private.NumStability.Algorithms.HighamChapter9Theorem914Actual.0.NumStability.higham9_14_actualFactor_abs_sub_le_sum	_private.NumStability.Algorithms.HighamChapter9Theorem914Actual.0.NumStability.higham9_14_actualFactor_abs_sub_le_sum	_private.NumStability.Algorithms.HighamChapter9Theorem914Actual.0.NumStability.higham9_14_actualFactor_abs_sub_le_sum	authored	367	0	393	27	367	16	367	54	9B20E2C8B3479359B0AB8AAEA045F986DE2C78157C306C9654FF52EB60425AB9	NumStability.Source.Higham.Chapter09.Theorem914Actual
route	NumStability.Algorithms.HighamChapter9Theorem914Actual	_private.NumStability.Algorithms.HighamChapter9Theorem914Actual.0.NumStability.higham9_14_exact_LU_diag_rel	_private.NumStability.Algorithms.HighamChapter9Theorem914Actual.0.NumStability.higham9_14_exact_LU_diag_rel	_private.NumStability.Algorithms.HighamChapter9Theorem914Actual.0.NumStability.higham9_14_exact_LU_diag_rel	_private.NumStability.Algorithms.HighamChapter9Theorem914Actual.0.NumStability.higham9_14_exact_LU_diag_rel	authored	1435	0	1489	52	1435	16	1435	44	40ED0358C4B81FA27A4B1E938460DE5A2A7EED39E8FBEC7946300AFA94D71B30	NumStability.Source.Higham.Chapter09.Theorem914Actual
route	NumStability.Algorithms.HighamChapter9Theorem914Actual	_private.NumStability.Algorithms.HighamChapter9Theorem914Actual.0.NumStability.higham9_14_exact_LU_sub_eq	_private.NumStability.Algorithms.HighamChapter9Theorem914Actual.0.NumStability.higham9_14_exact_LU_sub_eq	_private.NumStability.Algorithms.HighamChapter9Theorem914Actual.0.NumStability.higham9_14_exact_LU_sub_eq	_private.NumStability.Algorithms.HighamChapter9Theorem914Actual.0.NumStability.higham9_14_exact_LU_sub_eq	authored	1413	0	1433	21	1413	16	1413	42	BF0A76C773F14AAE306B519C7971F263CC801C986237C63A1240D04888871101	NumStability.Source.Higham.Chapter09.Theorem914Actual
route	NumStability.Algorithms.HighamChapter9Theorem914Actual	_private.NumStability.Algorithms.HighamChapter9Theorem914Actual.0.NumStability.higham9_14_exact_LU_super_eq	_private.NumStability.Algorithms.HighamChapter9Theorem914Actual.0.NumStability.higham9_14_exact_LU_super_eq	_private.NumStability.Algorithms.HighamChapter9Theorem914Actual.0.NumStability.higham9_14_exact_LU_super_eq	_private.NumStability.Algorithms.HighamChapter9Theorem914Actual.0.NumStability.higham9_14_exact_LU_super_eq	authored	1390	0	1411	46	1390	16	1390	44	2EDF9F8E17950914179B5DBAE7EEB3E96ADB23AA58C82C107938EEACF25CA7DC	NumStability.Source.Higham.Chapter09.Theorem914Actual
route	NumStability.Algorithms.HighamChapter9Theorem914Actual	_private.NumStability.Algorithms.HighamChapter9Theorem914Actual.0.NumStability.higham9_21_lower_row_sum	_private.NumStability.Algorithms.HighamChapter9Theorem914Actual.0.NumStability.higham9_21_lower_row_sum	_private.NumStability.Algorithms.HighamChapter9Theorem914Actual.0.NumStability.higham9_21_lower_row_sum	_private.NumStability.Algorithms.HighamChapter9Theorem914Actual.0.NumStability.higham9_21_lower_row_sum	authored	687	0	746	31	687	16	687	40	8C9A5A6DA609CF69FB9BB76DCECF75769210BDBBE226CEDDB494025C6378B322	NumStability.Source.Higham.Chapter09.Theorem914Actual
route	NumStability.Algorithms.HighamChapter9Theorem914Actual	_private.NumStability.Algorithms.HighamChapter9Theorem914Actual.0.NumStability.higham9_21_lower_step_corrected	_private.NumStability.Algorithms.HighamChapter9Theorem914Actual.0.NumStability.higham9_21_lower_step_corrected	_private.NumStability.Algorithms.HighamChapter9Theorem914Actual.0.NumStability.higham9_21_lower_step_corrected	_private.NumStability.Algorithms.HighamChapter9Theorem914Actual.0.NumStability.higham9_21_lower_step_corrected	authored	803	0	828	32	803	16	803	47	5B38217701FA250A8B7166842834471316BEB7DE7CA3CD7639DB057D79741EAE	NumStability.Source.Higham.Chapter09.Theorem914Actual
route	NumStability.Algorithms.HighamChapter9Theorem914Actual	_private.NumStability.Algorithms.HighamChapter9Theorem914Actual.0.NumStability.higham9_21_upper_last_step_corrected	_private.NumStability.Algorithms.HighamChapter9Theorem914Actual.0.NumStability.higham9_21_upper_last_step_corrected	_private.NumStability.Algorithms.HighamChapter9Theorem914Actual.0.NumStability.higham9_21_upper_last_step_corrected	_private.NumStability.Algorithms.HighamChapter9Theorem914Actual.0.NumStability.higham9_21_upper_last_step_corrected	authored	830	0	852	32	830	16	830	52	5D0DA358653C99B78551E783CE12E678F0A0D8662CE9F5424147EC428967FD1B	NumStability.Source.Higham.Chapter09.Theorem914Actual
route	NumStability.Algorithms.HighamChapter9Theorem914Actual	_private.NumStability.Algorithms.HighamChapter9Theorem914Actual.0.NumStability.higham9_21_upper_row_sum	_private.NumStability.Algorithms.HighamChapter9Theorem914Actual.0.NumStability.higham9_21_upper_row_sum	_private.NumStability.Algorithms.HighamChapter9Theorem914Actual.0.NumStability.higham9_21_upper_row_sum	_private.NumStability.Algorithms.HighamChapter9Theorem914Actual.0.NumStability.higham9_21_upper_row_sum	authored	748	0	801	31	748	16	748	40	6B77C70541C3DCBAC9638AD12A8A9514672232281C122657179E27703B5DA56F	NumStability.Source.Higham.Chapter09.Theorem914Actual
route	NumStability.Algorithms.HighamChapter9Theorem914Actual	_private.NumStability.Algorithms.HighamChapter9Theorem914Actual.0.NumStability.higham9_21_upper_step_corrected	_private.NumStability.Algorithms.HighamChapter9Theorem914Actual.0.NumStability.higham9_21_upper_step_corrected	_private.NumStability.Algorithms.HighamChapter9Theorem914Actual.0.NumStability.higham9_21_upper_step_corrected	_private.NumStability.Algorithms.HighamChapter9Theorem914Actual.0.NumStability.higham9_21_upper_step_corrected	authored	854	0	928	33	854	16	854	47	F1159D49F0D1C292BC5E0ADBAAD2E331CCFCAD7B5224D8EC6BEA7C80678473CB	NumStability.Source.Higham.Chapter09.Theorem914Actual
route	NumStability.Algorithms.HighamChapter9Theorem99ComplexClosure	_private.NumStability.Algorithms.HighamChapter9Theorem99ComplexClosure.0.NumStability.Higham9Theorem99ComplexDirect.rowDiagDominant_zero_diag_row_zero	_private.NumStability.Algorithms.HighamChapter9Theorem99ComplexClosure.0.NumStability.Higham9Theorem99ComplexDirect.rowDiagDominant_zero_diag_row_zero	_private.NumStability.Algorithms.HighamChapter9Theorem99ComplexClosure.0.NumStability.Higham9Theorem99ComplexDirect.rowDiagDominant_zero_diag_row_zero	_private.NumStability.Algorithms.HighamChapter9Theorem99ComplexClosure.0.NumStability.Higham9Theorem99ComplexDirect.rowDiagDominant_zero_diag_row_zero	authored	50	0	74	54	50	16	50	50	ADACB23A0544E171D69C11B54453102E7B1116EB4CF240F7B086108437E1CA26	NumStability.Source.Higham.Chapter09.Theorem99ComplexClosure
