format	1
NumStability.higham9_10_HessenbergGEPPTrace	NumStability.Algorithms.HighamChapter9	NumStability.Source.Higham.Chapter09.Section05	inductive	public
NumStability.higham9_10_HessenbergGEPPTrace.below	NumStability.Algorithms.HighamChapter9	NumStability.Source.Higham.Chapter09.Section05	inductive	public
NumStability.higham9_10_HessenbergGEPPTrace.below.casesOn	NumStability.Algorithms.HighamChapter9	NumStability.Source.Higham.Chapter09.Section05	definition	public
NumStability.higham9_10_HessenbergGEPPTrace.below.init	NumStability.Algorithms.HighamChapter9	NumStability.Source.Higham.Chapter09.Section05	constructor	public
NumStability.higham9_10_HessenbergGEPPTrace.below.rec	NumStability.Algorithms.HighamChapter9	NumStability.Source.Higham.Chapter09.Section05	recursor	public
NumStability.higham9_10_HessenbergGEPPTrace.below.step	NumStability.Algorithms.HighamChapter9	NumStability.Source.Higham.Chapter09.Section05	constructor	public
NumStability.higham9_10_HessenbergGEPPTrace.brecOn	NumStability.Algorithms.HighamChapter9	NumStability.Source.Higham.Chapter09.Section05	theorem	public
NumStability.higham9_10_HessenbergGEPPTrace.casesOn	NumStability.Algorithms.HighamChapter9	NumStability.Source.Higham.Chapter09.Section05	definition	public
NumStability.higham9_10_HessenbergGEPPTrace.init	NumStability.Algorithms.HighamChapter9	NumStability.Source.Higham.Chapter09.Section05	constructor	public
NumStability.higham9_10_HessenbergGEPPTrace.rec	NumStability.Algorithms.HighamChapter9	NumStability.Source.Higham.Chapter09.Section05	recursor	public
NumStability.higham9_10_HessenbergGEPPTrace.recOn	NumStability.Algorithms.HighamChapter9	NumStability.Source.Higham.Chapter09.Section05	definition	public
NumStability.higham9_10_HessenbergGEPPTrace.step	NumStability.Algorithms.HighamChapter9	NumStability.Source.Higham.Chapter09.Section05	constructor	public
NumStability.higham9_10_HessenbergGEPPTrace_isUpperHessenberg	NumStability.Algorithms.HighamChapter9	NumStability.Source.Higham.Chapter09.Section05	theorem	public
NumStability.higham9_10_HessenbergGEPPTrace_stageBound	NumStability.Algorithms.HighamChapter9	NumStability.Source.Higham.Chapter09.Section05	theorem	public
NumStability.higham9_10_HessenbergGEPPTrace_stage_pos	NumStability.Algorithms.HighamChapter9	NumStability.Source.Higham.Chapter09.Section05	theorem	public
NumStability.higham9_10_HessenbergGEPPTrace_upperHessenberg_and_stageBound	NumStability.Algorithms.HighamChapter9	NumStability.Source.Higham.Chapter09.Section05	theorem	public
NumStability.higham9_10_HessenbergGEPPUTrace	NumStability.Algorithms.HighamChapter9	NumStability.Source.Higham.Chapter09.Section05	inductive	public
NumStability.higham9_10_HessenbergGEPPUTrace.below	NumStability.Algorithms.HighamChapter9	NumStability.Source.Higham.Chapter09.Section05	inductive	public
NumStability.higham9_10_HessenbergGEPPUTrace.below.casesOn	NumStability.Algorithms.HighamChapter9	NumStability.Source.Higham.Chapter09.Section05	definition	public
NumStability.higham9_10_HessenbergGEPPUTrace.below.done	NumStability.Algorithms.HighamChapter9	NumStability.Source.Higham.Chapter09.Section05	constructor	public
NumStability.higham9_10_HessenbergGEPPUTrace.below.rec	NumStability.Algorithms.HighamChapter9	NumStability.Source.Higham.Chapter09.Section05	recursor	public
NumStability.higham9_10_HessenbergGEPPUTrace.below.step	NumStability.Algorithms.HighamChapter9	NumStability.Source.Higham.Chapter09.Section05	constructor	public
NumStability.higham9_10_HessenbergGEPPUTrace.brecOn	NumStability.Algorithms.HighamChapter9	NumStability.Source.Higham.Chapter09.Section05	theorem	public
NumStability.higham9_10_HessenbergGEPPUTrace.casesOn	NumStability.Algorithms.HighamChapter9	NumStability.Source.Higham.Chapter09.Section05	definition	public
NumStability.higham9_10_HessenbergGEPPUTrace.done	NumStability.Algorithms.HighamChapter9	NumStability.Source.Higham.Chapter09.Section05	constructor	public
NumStability.higham9_10_HessenbergGEPPUTrace.rec	NumStability.Algorithms.HighamChapter9	NumStability.Source.Higham.Chapter09.Section05	recursor	public
NumStability.higham9_10_HessenbergGEPPUTrace.recOn	NumStability.Algorithms.HighamChapter9	NumStability.Source.Higham.Chapter09.Section05	definition	public
NumStability.higham9_10_HessenbergGEPPUTrace.step	NumStability.Algorithms.HighamChapter9	NumStability.Source.Higham.Chapter09.Section05	constructor	public
NumStability.higham9_10_HessenbergGEPPUTrace_row_bound	NumStability.Algorithms.HighamChapter9	NumStability.Source.Higham.Chapter09.Section05	theorem	public
NumStability.higham9_10_HessenbergGEPPUTrace_upper_zero	NumStability.Algorithms.HighamChapter9	NumStability.Source.Higham.Chapter09.Section05	theorem	public
NumStability.higham9_10_HessenbergStageBound	NumStability.Algorithms.HighamChapter9	NumStability.Source.Higham.Chapter09.Section05	definition	public
NumStability.higham9_10_HessenbergStageBound_one_of_maxEntryNorm	NumStability.Algorithms.HighamChapter9	NumStability.Source.Higham.Chapter09.Section05	theorem	public
NumStability.higham9_10_exists_first_active_column_nonzero_of_det_ne_zero	NumStability.Algorithms.HighamChapter9	NumStability.Source.Higham.Chapter09.Section05	theorem	public
NumStability.higham9_10_exists_first_partialPivotChoice_pivot_ne_zero_of_det_ne_zero	NumStability.Algorithms.HighamChapter9	NumStability.Source.Higham.Chapter09.Section05	theorem	public
NumStability.higham9_10_hessenberg_firstColumn_nonzero_row_le_one	NumStability.Algorithms.HighamChapter9	NumStability.Source.Higham.Chapter09.Section05	theorem	public
NumStability.higham9_10_hessenberg_firstPivotRowSwap_tail	NumStability.Algorithms.HighamChapter9	NumStability.Source.Higham.Chapter09.Section05	theorem	public
NumStability.higham9_10_hessenberg_firstSchurComplement_isUpperHessenberg	NumStability.Algorithms.HighamChapter9	NumStability.Source.Higham.Chapter09.Section05	theorem	public
NumStability.higham9_10_hessenberg_firstSchurComplement_row_bound	NumStability.Algorithms.HighamChapter9	NumStability.Source.Higham.Chapter09.Section05	theorem	public
NumStability.higham9_10_hessenberg_firstSchurComplement_stageBound	NumStability.Algorithms.HighamChapter9	NumStability.Source.Higham.Chapter09.Section05	theorem	public
NumStability.higham9_10_hessenberg_firstSchurComplement_tail_rows_eq_original	NumStability.Algorithms.HighamChapter9	NumStability.Source.Higham.Chapter09.Section05	theorem	public
NumStability.higham9_10_hessenberg_growthFactorEntry_le_card_of_row_bounds	NumStability.Algorithms.HighamChapter9	NumStability.Source.Higham.Chapter09.Section05	theorem	public
NumStability.higham9_10_hessenberg_growth_backward_error	NumStability.Algorithms.HighamChapter9	NumStability.Source.Higham.Chapter09.Section05	theorem	public
NumStability.higham9_10_hessenberg_lu_solve_backward_stable_tight	NumStability.Algorithms.HighamChapter9	NumStability.Source.Higham.Chapter09.Section05	theorem	public
NumStability.higham9_11_alpha_block_eq	NumStability.Algorithms.HighamChapter9	NumStability.Source.Higham.Chapter09.Section04	theorem	public
NumStability.higham9_11_banded_growth_factor_solve_tight	NumStability.Algorithms.HighamChapter9	NumStability.Source.Higham.Chapter09.Section05	theorem	public
NumStability.higham9_11_banded_growth_factor_solve_tight_of_growth_le	NumStability.Algorithms.HighamChapter9	NumStability.Source.Higham.Chapter09.Section05	theorem	public
NumStability.higham9_11_bandwidth_five_bohte_solve_tight	NumStability.Algorithms.HighamChapter9	NumStability.Source.Higham.Chapter09.Section05	theorem	public
NumStability.higham9_11_bandwidth_five_bohte_solve_tight_of_growth_le	NumStability.Algorithms.HighamChapter9	NumStability.Source.Higham.Chapter09.Section05	theorem	public
NumStability.higham9_11_bandwidth_five_bohte_solve_tight_of_isBanded	NumStability.Algorithms.HighamChapter9	NumStability.Source.Higham.Chapter09.Section05	theorem	public
NumStability.higham9_11_bandwidth_five_bohte_solve_tight_of_isBanded_growth_le	NumStability.Algorithms.HighamChapter9	NumStability.Source.Higham.Chapter09.Section05	theorem	public
NumStability.higham9_11_bandwidth_four_bohte_solve_tight	NumStability.Algorithms.HighamChapter9	NumStability.Source.Higham.Chapter09.Section05	theorem	public
NumStability.higham9_11_bandwidth_four_bohte_solve_tight_of_growth_le	NumStability.Algorithms.HighamChapter9	NumStability.Source.Higham.Chapter09.Section05	theorem	public
NumStability.higham9_11_bandwidth_four_bohte_solve_tight_of_isBanded	NumStability.Algorithms.HighamChapter9	NumStability.Source.Higham.Chapter09.Section05	theorem	public
NumStability.higham9_11_bandwidth_four_bohte_solve_tight_of_isBanded_growth_le	NumStability.Algorithms.HighamChapter9	NumStability.Source.Higham.Chapter09.Section05	theorem	public
NumStability.higham9_11_bandwidth_one_bohte_solve_tight	NumStability.Algorithms.HighamChapter9	NumStability.Source.Higham.Chapter09.Section05	theorem	public
NumStability.higham9_11_bandwidth_one_bohte_solve_tight_of_growth_le	NumStability.Algorithms.HighamChapter9	NumStability.Source.Higham.Chapter09.Section05	theorem	public
NumStability.higham9_11_bandwidth_one_bohte_solve_tight_of_isBanded	NumStability.Algorithms.HighamChapter9	NumStability.Source.Higham.Chapter09.Section05	theorem	public
NumStability.higham9_11_bandwidth_one_bohte_solve_tight_of_isBanded_growth_le	NumStability.Algorithms.HighamChapter9	NumStability.Source.Higham.Chapter09.Section05	theorem	public
NumStability.higham9_11_bandwidth_three_bohte_solve_tight	NumStability.Algorithms.HighamChapter9	NumStability.Source.Higham.Chapter09.Section05	theorem	public
NumStability.higham9_11_bandwidth_three_bohte_solve_tight_of_growth_le	NumStability.Algorithms.HighamChapter9	NumStability.Source.Higham.Chapter09.Section05	theorem	public
NumStability.higham9_11_bandwidth_three_bohte_solve_tight_of_isBanded	NumStability.Algorithms.HighamChapter9	NumStability.Source.Higham.Chapter09.Section05	theorem	public
NumStability.higham9_11_bandwidth_three_bohte_solve_tight_of_isBanded_growth_le	NumStability.Algorithms.HighamChapter9	NumStability.Source.Higham.Chapter09.Section05	theorem	public
NumStability.higham9_11_bandwidth_two_bohte_solve_tight	NumStability.Algorithms.HighamChapter9	NumStability.Source.Higham.Chapter09.Section05	theorem	public
NumStability.higham9_11_bandwidth_two_bohte_solve_tight_of_growth_le	NumStability.Algorithms.HighamChapter9	NumStability.Source.Higham.Chapter09.Section05	theorem	public
NumStability.higham9_11_bandwidth_two_bohte_solve_tight_of_isBanded	NumStability.Algorithms.HighamChapter9	NumStability.Source.Higham.Chapter09.Section05	theorem	public
NumStability.higham9_11_bandwidth_two_bohte_solve_tight_of_isBanded_growth_le	NumStability.Algorithms.HighamChapter9	NumStability.Source.Higham.Chapter09.Section05	theorem	public
NumStability.higham9_11_beta_blockInv_eq	NumStability.Algorithms.HighamChapter9	NumStability.Source.Higham.Chapter09.Section04	theorem	public
NumStability.higham9_11_blockInverseCandidate	NumStability.Algorithms.HighamChapter9	NumStability.Source.Higham.Chapter09.Section04	definition	public
NumStability.higham9_11_blockInverseCandidate_abs	NumStability.Algorithms.HighamChapter9	NumStability.Source.Higham.Chapter09.Section04	theorem	public
NumStability.higham9_11_blockInverseCandidate_block_max_eq	NumStability.Algorithms.HighamChapter9	NumStability.Source.Higham.Chapter09.Section04	theorem	public
NumStability.higham9_11_blockInverseCandidate_left	NumStability.Algorithms.HighamChapter9	NumStability.Source.Higham.Chapter09.Section04	theorem	public
NumStability.higham9_11_blockInverseCandidate_right	NumStability.Algorithms.HighamChapter9	NumStability.Source.Higham.Chapter09.Section04	theorem	public
NumStability.higham9_11_blockMatrix	NumStability.Algorithms.HighamChapter9	NumStability.Source.Higham.Chapter09.Section04	definition	public
NumStability.higham9_11_blockMatrix_abs	NumStability.Algorithms.HighamChapter9	NumStability.Source.Higham.Chapter09.Section04	theorem	public
NumStability.higham9_11_blockMatrix_block_max_eq	NumStability.Algorithms.HighamChapter9	NumStability.Source.Higham.Chapter09.Section04	theorem	public
NumStability.higham9_11_bohteBound	NumStability.Algorithms.HighamChapter9	NumStability.Source.Higham.Chapter09.Section05	definition	public
NumStability.higham9_11_bohteBound_add_three_eq	NumStability.Algorithms.HighamChapter9	NumStability.Source.Higham.Chapter09.Section05	theorem	public
NumStability.higham9_11_bohteBound_bandwidth_five_formula	NumStability.Algorithms.HighamChapter9	NumStability.Source.Higham.Chapter09.Section05	theorem	public
NumStability.higham9_11_bohteBound_bandwidth_four_formula	NumStability.Algorithms.HighamChapter9	NumStability.Source.Higham.Chapter09.Section05	theorem	public
NumStability.higham9_11_bohteBound_bandwidth_one_formula	NumStability.Algorithms.HighamChapter9	NumStability.Source.Higham.Chapter09.Section05	theorem	public
NumStability.higham9_11_bohteBound_bandwidth_three_formula	NumStability.Algorithms.HighamChapter9	NumStability.Source.Higham.Chapter09.Section05	theorem	public
NumStability.higham9_11_bohteBound_bandwidth_two_formula	NumStability.Algorithms.HighamChapter9	NumStability.Source.Higham.Chapter09.Section05	theorem	public
NumStability.higham9_11_bohteBound_ge_one	NumStability.Algorithms.HighamChapter9	NumStability.Source.Higham.Chapter09.Section05	theorem	public
NumStability.higham9_11_bohteBound_ge_two	NumStability.Algorithms.HighamChapter9	NumStability.Source.Higham.Chapter09.Section05	theorem	public
NumStability.higham9_11_bohteBound_le_add_three	NumStability.Algorithms.HighamChapter9	NumStability.Source.Higham.Chapter09.Section05	theorem	public
NumStability.higham9_11_bohteBound_le_of_le	NumStability.Algorithms.HighamChapter9	NumStability.Source.Higham.Chapter09.Section05	theorem	public
NumStability.higham9_11_bohteBound_le_succ	NumStability.Algorithms.HighamChapter9	NumStability.Source.Higham.Chapter09.Section05	theorem	public
NumStability.higham9_11_bohteBound_monotone	NumStability.Algorithms.HighamChapter9	NumStability.Source.Higham.Chapter09.Section05	theorem	public
NumStability.higham9_11_bohteBound_nonneg	NumStability.Algorithms.HighamChapter9	NumStability.Source.Higham.Chapter09.Section05	theorem	public
NumStability.higham9_11_bohteBound_pentadiagonal_formula	NumStability.Algorithms.HighamChapter9	NumStability.Source.Higham.Chapter09.Section05	theorem	public
NumStability.higham9_11_bohteBound_pos	NumStability.Algorithms.HighamChapter9	NumStability.Source.Higham.Chapter09.Section05	theorem	public
NumStability.higham9_11_bohteBound_quad_le_add_three	NumStability.Algorithms.HighamChapter9	NumStability.Source.Higham.Chapter09.Section05	theorem	public
NumStability.higham9_11_bohteBound_tridiagonal	NumStability.Algorithms.HighamChapter9	NumStability.Source.Higham.Chapter09.Section05	theorem	public
NumStability.higham9_11_bohteBound_zero	NumStability.Algorithms.HighamChapter9	NumStability.Source.Higham.Chapter09.Section05	theorem	public
NumStability.higham9_11_bohte_banded_solve_tight	NumStability.Algorithms.HighamChapter9	NumStability.Source.Higham.Chapter09.Section05	theorem	public
NumStability.higham9_11_bohte_banded_solve_tight_of_bandwidth_le	NumStability.Algorithms.HighamChapter9	NumStability.Source.Higham.Chapter09.Section05	theorem	public
NumStability.higham9_11_bohte_banded_solve_tight_of_growth_le	NumStability.Algorithms.HighamChapter9	NumStability.Source.Higham.Chapter09.Section05	theorem	public
NumStability.higham9_11_bohte_banded_solve_tight_of_isBanded_common	NumStability.Algorithms.HighamChapter9	NumStability.Source.Higham.Chapter09.Section05	theorem	public
NumStability.higham9_11_bohte_banded_solve_tight_of_isBanded_common_growth_le	NumStability.Algorithms.HighamChapter9	NumStability.Source.Higham.Chapter09.Section05	theorem	public
NumStability.higham9_11_complete_pivoting_lower_bound_consequence	NumStability.Algorithms.HighamChapter9	NumStability.Source.Higham.Chapter09.Section04	theorem	public
NumStability.higham9_11_complete_pivoting_lower_bound_consequence_le	NumStability.Algorithms.HighamChapter9	NumStability.Source.Higham.Chapter09.Section04	theorem	public
NumStability.higham9_11_complete_pivoting_lower_bound_from_flattened_sine_block	NumStability.Algorithms.HighamChapter9	NumStability.Source.Higham.Chapter09.Section04	theorem	public
NumStability.higham9_11_complete_pivoting_lower_bound_from_flattened_sine_block_maxEntry	NumStability.Algorithms.HighamChapter9	NumStability.Source.Higham.Chapter09.Section04	theorem	public
NumStability.higham9_11_complete_pivoting_lower_bound_from_sine_block_theta	NumStability.Algorithms.HighamChapter9	NumStability.Source.Higham.Chapter09.Section04	theorem	public
NumStability.higham9_11_complete_pivoting_lower_bound_from_witness	NumStability.Algorithms.HighamChapter9	NumStability.Source.Higham.Chapter09.Section04	theorem	public
NumStability.higham9_11_complete_pivoting_lower_bound_from_witness_le	NumStability.Algorithms.HighamChapter9	NumStability.Source.Higham.Chapter09.Section04	theorem	public
NumStability.higham9_11_flatBlockEquiv	NumStability.Algorithms.HighamChapter9	NumStability.Source.Higham.Chapter09.Section04	definition	public
NumStability.higham9_11_flatBlockIndex	NumStability.Algorithms.HighamChapter9	NumStability.Source.Higham.Chapter09.Section04	definition	public
NumStability.higham9_11_flatBlockIndex_flatIndexOfBlock	NumStability.Algorithms.HighamChapter9	NumStability.Source.Higham.Chapter09.Section04	theorem	public
NumStability.higham9_11_flatBlockInner_eq_iff	NumStability.Algorithms.HighamChapter9	NumStability.Source.Higham.Chapter09.Section04	theorem	public
NumStability.higham9_11_flatIndexOfBlock	NumStability.Algorithms.HighamChapter9	NumStability.Source.Higham.Chapter09.Section04	definition	public
NumStability.higham9_11_flatIndexOfBlock_flatBlockIndex_flatInnerIndex	NumStability.Algorithms.HighamChapter9	NumStability.Source.Higham.Chapter09.Section04	theorem	public
NumStability.higham9_11_flatInnerIndex	NumStability.Algorithms.HighamChapter9	NumStability.Source.Higham.Chapter09.Section04	definition	public
NumStability.higham9_11_flatInnerIndex_flatIndexOfBlock	NumStability.Algorithms.HighamChapter9	NumStability.Source.Higham.Chapter09.Section04	theorem	public
NumStability.higham9_11_flattenTwoBlock	NumStability.Algorithms.HighamChapter9	NumStability.Source.Higham.Chapter09.Section04	definition	public
NumStability.higham9_11_flattenTwoBlock_entry_flatIndexOfBlock	NumStability.Algorithms.HighamChapter9	NumStability.Source.Higham.Chapter09.Section04	theorem	public
NumStability.higham9_11_flattenTwoBlock_matMul_entry	NumStability.Algorithms.HighamChapter9	NumStability.Source.Higham.Chapter09.Section04	theorem	public
NumStability.higham9_11_flattenTwoBlock_maxEntryNorm_eq_blockMaxNorm	NumStability.Algorithms.HighamChapter9	NumStability.Source.Higham.Chapter09.Section04	theorem	public
NumStability.higham9_11_flattenTwoBlock_right_inverse	NumStability.Algorithms.HighamChapter9	NumStability.Source.Higham.Chapter09.Section04	theorem	public
NumStability.higham9_11_flatten_blockInverseCandidate_maxEntryNorm_eq	NumStability.Algorithms.HighamChapter9	NumStability.Source.Higham.Chapter09.Section04	theorem	public
NumStability.higham9_11_flatten_blockMatrix_maxEntryNorm_eq	NumStability.Algorithms.HighamChapter9	NumStability.Source.Higham.Chapter09.Section04	theorem	public
NumStability.higham9_11_matrix_banded_growth_factor_solve_tight	NumStability.Algorithms.HighamChapter9	NumStability.Source.Higham.Chapter09.Section05	theorem	public
NumStability.higham9_11_matrix_banded_growth_factor_solve_tight_of_growth_le	NumStability.Algorithms.HighamChapter9	NumStability.Source.Higham.Chapter09.Section05	theorem	public
NumStability.higham9_11_matrix_bandwidth_five_bohte_solve_tight	NumStability.Algorithms.HighamChapter9	NumStability.Source.Higham.Chapter09.Section05	theorem	public
NumStability.higham9_11_matrix_bandwidth_five_bohte_solve_tight_of_growth_le	NumStability.Algorithms.HighamChapter9	NumStability.Source.Higham.Chapter09.Section05	theorem	public
NumStability.higham9_11_matrix_bandwidth_five_bohte_solve_tight_of_isBanded	NumStability.Algorithms.HighamChapter9	NumStability.Source.Higham.Chapter09.Section05	theorem	public
NumStability.higham9_11_matrix_bandwidth_five_bohte_solve_tight_of_isBanded_growth_le	NumStability.Algorithms.HighamChapter9	NumStability.Source.Higham.Chapter09.Section05	theorem	public
NumStability.higham9_11_matrix_bandwidth_four_bohte_solve_tight	NumStability.Algorithms.HighamChapter9	NumStability.Source.Higham.Chapter09.Section05	theorem	public
NumStability.higham9_11_matrix_bandwidth_four_bohte_solve_tight_of_growth_le	NumStability.Algorithms.HighamChapter9	NumStability.Source.Higham.Chapter09.Section05	theorem	public
NumStability.higham9_11_matrix_bandwidth_four_bohte_solve_tight_of_isBanded	NumStability.Algorithms.HighamChapter9	NumStability.Source.Higham.Chapter09.Section05	theorem	public
NumStability.higham9_11_matrix_bandwidth_four_bohte_solve_tight_of_isBanded_growth_le	NumStability.Algorithms.HighamChapter9	NumStability.Source.Higham.Chapter09.Section05	theorem	public
NumStability.higham9_11_matrix_bandwidth_one_bohte_solve_tight	NumStability.Algorithms.HighamChapter9	NumStability.Source.Higham.Chapter09.Section05	theorem	public
NumStability.higham9_11_matrix_bandwidth_one_bohte_solve_tight_of_growth_le	NumStability.Algorithms.HighamChapter9	NumStability.Source.Higham.Chapter09.Section05	theorem	public
NumStability.higham9_11_matrix_bandwidth_one_bohte_solve_tight_of_isBanded	NumStability.Algorithms.HighamChapter9	NumStability.Source.Higham.Chapter09.Section05	theorem	public
NumStability.higham9_11_matrix_bandwidth_one_bohte_solve_tight_of_isBanded_growth_le	NumStability.Algorithms.HighamChapter9	NumStability.Source.Higham.Chapter09.Section05	theorem	public
NumStability.higham9_11_matrix_bandwidth_three_bohte_solve_tight	NumStability.Algorithms.HighamChapter9	NumStability.Source.Higham.Chapter09.Section05	theorem	public
NumStability.higham9_11_matrix_bandwidth_three_bohte_solve_tight_of_growth_le	NumStability.Algorithms.HighamChapter9	NumStability.Source.Higham.Chapter09.Section05	theorem	public
NumStability.higham9_11_matrix_bandwidth_three_bohte_solve_tight_of_isBanded	NumStability.Algorithms.HighamChapter9	NumStability.Source.Higham.Chapter09.Section05	theorem	public
NumStability.higham9_11_matrix_bandwidth_three_bohte_solve_tight_of_isBanded_growth_le	NumStability.Algorithms.HighamChapter9	NumStability.Source.Higham.Chapter09.Section05	theorem	public
NumStability.higham9_11_matrix_bandwidth_two_bohte_solve_tight	NumStability.Algorithms.HighamChapter9	NumStability.Source.Higham.Chapter09.Section05	theorem	public
NumStability.higham9_11_matrix_bandwidth_two_bohte_solve_tight_of_growth_le	NumStability.Algorithms.HighamChapter9	NumStability.Source.Higham.Chapter09.Section05	theorem	public
NumStability.higham9_11_matrix_bandwidth_two_bohte_solve_tight_of_isBanded	NumStability.Algorithms.HighamChapter9	NumStability.Source.Higham.Chapter09.Section05	theorem	public
NumStability.higham9_11_matrix_bandwidth_two_bohte_solve_tight_of_isBanded_growth_le	NumStability.Algorithms.HighamChapter9	NumStability.Source.Higham.Chapter09.Section05	theorem	public
NumStability.higham9_11_matrix_bohte_banded_solve_tight	NumStability.Algorithms.HighamChapter9	NumStability.Source.Higham.Chapter09.Section05	theorem	public
NumStability.higham9_11_matrix_bohte_banded_solve_tight_of_bandwidth_le	NumStability.Algorithms.HighamChapter9	NumStability.Source.Higham.Chapter09.Section05	theorem	public
NumStability.higham9_11_matrix_bohte_banded_solve_tight_of_growth_le	NumStability.Algorithms.HighamChapter9	NumStability.Source.Higham.Chapter09.Section05	theorem	public
NumStability.higham9_11_matrix_bohte_banded_solve_tight_of_isBanded_common	NumStability.Algorithms.HighamChapter9	NumStability.Source.Higham.Chapter09.Section05	theorem	public
NumStability.higham9_11_matrix_bohte_banded_solve_tight_of_isBanded_common_growth_le	NumStability.Algorithms.HighamChapter9	NumStability.Source.Higham.Chapter09.Section05	theorem	public
NumStability.higham9_11_matrix_pentadiagonal_bohte_solve_tight	NumStability.Algorithms.HighamChapter9	NumStability.Source.Higham.Chapter09.Section05	theorem	public
NumStability.higham9_11_matrix_pentadiagonal_bohte_solve_tight_of_growth_le	NumStability.Algorithms.HighamChapter9	NumStability.Source.Higham.Chapter09.Section05	theorem	public
NumStability.higham9_11_matrix_pentadiagonal_bohte_solve_tight_of_isBanded	NumStability.Algorithms.HighamChapter9	NumStability.Source.Higham.Chapter09.Section05	theorem	public
NumStability.higham9_11_matrix_pentadiagonal_bohte_solve_tight_of_isBanded_growth_le	NumStability.Algorithms.HighamChapter9	NumStability.Source.Higham.Chapter09.Section05	theorem	public
NumStability.higham9_11_matrix_tridiag_data_bohte_solve_tight	NumStability.Algorithms.HighamChapter9	NumStability.Source.Higham.Chapter09.Section06	theorem	public
NumStability.higham9_11_matrix_tridiag_data_bohte_solve_tight_of_exact_recurrence	NumStability.Algorithms.HighamChapter9	NumStability.Source.Higham.Chapter09.Section06	theorem	public
NumStability.higham9_11_matrix_tridiagonal_bohte_solve_tight	NumStability.Algorithms.HighamChapter9	NumStability.Source.Higham.Chapter09.Section05	theorem	public
NumStability.higham9_11_matrix_tridiagonal_bohte_solve_tight_of_growth_le	NumStability.Algorithms.HighamChapter9	NumStability.Source.Higham.Chapter09.Section05	theorem	public
NumStability.higham9_11_matrix_tridiagonal_bohte_solve_tight_of_isTridiagonal	NumStability.Algorithms.HighamChapter9	NumStability.Source.Higham.Chapter09.Section05	theorem	public
NumStability.higham9_11_matrix_tridiagonal_bohte_solve_tight_of_isTridiagonal_growth_le	NumStability.Algorithms.HighamChapter9	NumStability.Source.Higham.Chapter09.Section05	theorem	public
NumStability.higham9_11_pentadiagonal_bohte_solve_tight	NumStability.Algorithms.HighamChapter9	NumStability.Source.Higham.Chapter09.Section05	theorem	public
NumStability.higham9_11_pentadiagonal_bohte_solve_tight_of_growth_le	NumStability.Algorithms.HighamChapter9	NumStability.Source.Higham.Chapter09.Section05	theorem	public
NumStability.higham9_11_pentadiagonal_bohte_solve_tight_of_isBanded	NumStability.Algorithms.HighamChapter9	NumStability.Source.Higham.Chapter09.Section05	theorem	public
NumStability.higham9_11_pentadiagonal_bohte_solve_tight_of_isBanded_growth_le	NumStability.Algorithms.HighamChapter9	NumStability.Source.Higham.Chapter09.Section05	theorem	public
NumStability.higham9_11_sine_block_theta_candidate_ge_succ	NumStability.Algorithms.HighamChapter9	NumStability.Source.Higham.Chapter09.Section04	theorem	public
NumStability.higham9_11_theta_block_eq_two_theta	NumStability.Algorithms.HighamChapter9	NumStability.Source.Higham.Chapter09.Section04	theorem	public
NumStability.higham9_11_tridiag_data_bohte_solve_tight	NumStability.Algorithms.HighamChapter9	NumStability.Source.Higham.Chapter09.Section06	theorem	public
NumStability.higham9_11_tridiag_data_bohte_solve_tight_of_exact_recurrence	NumStability.Algorithms.HighamChapter9	NumStability.Source.Higham.Chapter09.Section06	theorem	public
NumStability.higham9_11_tridiagonal_bohte_solve_tight	NumStability.Algorithms.HighamChapter9	NumStability.Source.Higham.Chapter09.Section05	theorem	public
NumStability.higham9_11_tridiagonal_bohte_solve_tight_of_growth_le	NumStability.Algorithms.HighamChapter9	NumStability.Source.Higham.Chapter09.Section05	theorem	public
NumStability.higham9_11_tridiagonal_bohte_solve_tight_of_isTridiagonal	NumStability.Algorithms.HighamChapter9	NumStability.Source.Higham.Chapter09.Section05	theorem	public
NumStability.higham9_11_tridiagonal_bohte_solve_tight_of_isTridiagonal_growth_le	NumStability.Algorithms.HighamChapter9	NumStability.Source.Higham.Chapter09.Section05	theorem	public
NumStability.higham9_12_cos_sum_eq_of_mod_two_eq	NumStability.Algorithms.HighamChapter9	NumStability.Source.Higham.Chapter09.Section04	theorem	public
NumStability.higham9_12_cos_sum_even	NumStability.Algorithms.HighamChapter9	NumStability.Source.Higham.Chapter09.Section04	theorem	public
NumStability.higham9_12_cos_sum_odd	NumStability.Algorithms.HighamChapter9	NumStability.Source.Higham.Chapter09.Section04	theorem	public
NumStability.higham9_12_cos_sum_pos_lt_two_mul	NumStability.Algorithms.HighamChapter9	NumStability.Source.Higham.Chapter09.Section04	theorem	public
NumStability.higham9_12_matrix_mmatrix_lu_growthFactorEntry_le_one_of_det_ne_zero	NumStability.Algorithms.HighamChapter9	NumStability.Source.Higham.Chapter09.Section06	theorem	public
NumStability.higham9_12_matrix_nonneg_lu_growthFactorEntry_le_one_of_det_ne_zero	NumStability.Algorithms.HighamChapter9	NumStability.Source.Higham.Chapter09.Section06	theorem	public
NumStability.higham9_12_matrix_sign_equiv_growthFactorEntry_le_one_of_IsSignEquiv_det_ne_zero	NumStability.Algorithms.HighamChapter9	NumStability.Source.Higham.Chapter09.Section06	theorem	public
NumStability.higham9_12_matrix_sign_equiv_growthFactorEntry_le_one_of_det_ne_zero	NumStability.Algorithms.HighamChapter9	NumStability.Source.Higham.Chapter09.Section06	theorem	public
NumStability.higham9_12_matrix_spd_lu_backward_error	NumStability.Algorithms.HighamChapter9	NumStability.Source.Higham.Chapter09.Section06	theorem	public
NumStability.higham9_12_matrix_spd_tridiag_builder_lu_backward_error_of_positive_DLT	NumStability.Algorithms.HighamChapter9	NumStability.Source.Higham.Chapter09.Section06	theorem	public
NumStability.higham9_12_matrix_spd_tridiag_builder_lu_backward_error_of_recurrence	NumStability.Algorithms.HighamChapter9	NumStability.Source.Higham.Chapter09.Section06	theorem	public
NumStability.higham9_12_matrix_spd_tridiag_lu_backward_error_of_positive_DLT	NumStability.Algorithms.HighamChapter9	NumStability.Source.Higham.Chapter09.Section06	theorem	public
NumStability.higham9_12_mmatrix_lu_growthFactorEntry_le_one	NumStability.Algorithms.HighamChapter9	NumStability.Source.Higham.Chapter09.Section06	theorem	public
NumStability.higham9_12_mmatrix_lu_growthFactorEntry_le_one_of_det_ne_zero	NumStability.Algorithms.HighamChapter9	NumStability.Source.Higham.Chapter09.Section06	theorem	public
NumStability.higham9_12_mmatrix_lu_optimal_growth	NumStability.Algorithms.HighamChapter9	NumStability.Source.Higham.Chapter09.Section06	theorem	public
NumStability.higham9_12_nonneg_lu_growthFactorEntry_le_one	NumStability.Algorithms.HighamChapter9	NumStability.Source.Higham.Chapter09.Section06	theorem	public
NumStability.higham9_12_nonneg_lu_growthFactorEntry_le_one_of_det_ne_zero	NumStability.Algorithms.HighamChapter9	NumStability.Source.Higham.Chapter09.Section06	theorem	public
NumStability.higham9_12_nonneg_lu_optimal_growth	NumStability.Algorithms.HighamChapter9	NumStability.Source.Higham.Chapter09.Section06	theorem	public
NumStability.higham9_12_shifted_geometric_sum_even	NumStability.Algorithms.HighamChapter9	NumStability.Source.Higham.Chapter09.Section04	theorem	public
NumStability.higham9_12_shifted_geometric_sum_odd_re	NumStability.Algorithms.HighamChapter9	NumStability.Source.Higham.Chapter09.Section04	theorem	public
NumStability.higham9_12_signDiagMatrix	NumStability.Algorithms.HighamChapter9	NumStability.Source.Higham.Chapter09.Section06	definition	public
NumStability.higham9_12_signDiagMatrix_isSignDiag	NumStability.Algorithms.HighamChapter9	NumStability.Source.Higham.Chapter09.Section06	theorem	public
NumStability.higham9_12_sign_equiv_growthFactorEntry_le_one	NumStability.Algorithms.HighamChapter9	NumStability.Source.Higham.Chapter09.Section06	theorem	public
NumStability.higham9_12_sign_equiv_growthFactorEntry_le_one_of_IsSignEquiv	NumStability.Algorithms.HighamChapter9	NumStability.Source.Higham.Chapter09.Section06	theorem	public
NumStability.higham9_12_sign_equiv_growthFactorEntry_le_one_of_IsSignEquiv_det_ne_zero	NumStability.Algorithms.HighamChapter9	NumStability.Source.Higham.Chapter09.Section06	theorem	public
NumStability.higham9_12_sign_equiv_growthFactorEntry_le_one_of_det_ne_zero	NumStability.Algorithms.HighamChapter9	NumStability.Source.Higham.Chapter09.Section06	theorem	public
NumStability.higham9_12_sign_equiv_optimal_growth	NumStability.Algorithms.HighamChapter9	NumStability.Source.Higham.Chapter09.Section06	theorem	public
NumStability.higham9_12_sign_equiv_optimal_growth_of_IsSignEquiv	NumStability.Algorithms.HighamChapter9	NumStability.Source.Higham.Chapter09.Section06	theorem	public
NumStability.higham9_12_sign_equiv_signDiag_witnesses	NumStability.Algorithms.HighamChapter9	NumStability.Source.Higham.Chapter09.Section06	theorem	public
NumStability.higham9_12_sineMatrix	NumStability.Algorithms.HighamChapter9	NumStability.Source.Higham.Chapter09.Section04	definition	public
NumStability.higham9_12_sineMatrix_entry_abs_le_scale	NumStability.Algorithms.HighamChapter9	NumStability.Source.Higham.Chapter09.Section04	theorem	public
NumStability.higham9_12_sineMatrix_inverse_formula	NumStability.Algorithms.HighamChapter9	NumStability.Source.Higham.Chapter09.Section04	theorem	public
NumStability.higham9_12_sineMatrix_maxEntryNorm_le_scale	NumStability.Algorithms.HighamChapter9	NumStability.Source.Higham.Chapter09.Section04	theorem	public
NumStability.higham9_12_sineMatrix_maxEntryNorm_pos	NumStability.Algorithms.HighamChapter9	NumStability.Source.Higham.Chapter09.Section04	theorem	public
NumStability.higham9_12_sineMatrix_mul_self	NumStability.Algorithms.HighamChapter9	NumStability.Source.Higham.Chapter09.Section04	theorem	public
NumStability.higham9_12_sineMatrix_symm	NumStability.Algorithms.HighamChapter9	NumStability.Source.Higham.Chapter09.Section04	theorem	public
NumStability.higham9_12_sineMatrix_theta_candidate_ge_half_succ	NumStability.Algorithms.HighamChapter9	NumStability.Source.Higham.Chapter09.Section04	theorem	public
NumStability.higham9_12_sineMatrix_two_theta_candidate_ge_succ	NumStability.Algorithms.HighamChapter9	NumStability.Source.Higham.Chapter09.Section04	theorem	public
NumStability.higham9_12_sineMatrix_zero_zero_pos	NumStability.Algorithms.HighamChapter9	NumStability.Source.Higham.Chapter09.Section04	theorem	public
NumStability.higham9_12_sineRoot_ne_one	NumStability.Algorithms.HighamChapter9	NumStability.Source.Higham.Chapter09.Section04	theorem	public
NumStability.higham9_12_sineRoot_pow_even	NumStability.Algorithms.HighamChapter9	NumStability.Source.Higham.Chapter09.Section04	theorem	public
NumStability.higham9_12_sineRoot_pow_odd	NumStability.Algorithms.HighamChapter9	NumStability.Source.Higham.Chapter09.Section04	theorem	public
NumStability.higham9_12_sineRoot_shifted_pow_re_eq_cos	NumStability.Algorithms.HighamChapter9	NumStability.Source.Higham.Chapter09.Section04	theorem	public
NumStability.higham9_12_sine_product_sum	NumStability.Algorithms.HighamChapter9	NumStability.Source.Higham.Chapter09.Section04	theorem	public
NumStability.higham9_12_spd_lu_backward_error	NumStability.Algorithms.HighamChapter9	NumStability.Source.Higham.Chapter09.Section05	theorem	public
NumStability.higham9_12_spd_tridiag_absLU_eq_of_positive_DLT	NumStability.Algorithms.HighamChapter9	NumStability.Source.Higham.Chapter09.Section06	theorem	public
NumStability.higham9_12_spd_tridiag_builder_absLU_eq_of_positive_DLT	NumStability.Algorithms.HighamChapter9	NumStability.Source.Higham.Chapter09.Section06	theorem	public
NumStability.higham9_12_spd_tridiag_builder_absLU_eq_of_recurrence	NumStability.Algorithms.HighamChapter9	NumStability.Source.Higham.Chapter09.Section06	theorem	public
NumStability.higham9_12_spd_tridiag_builder_growthFactorEntry_le_one	NumStability.Algorithms.HighamChapter9	NumStability.Source.Higham.Chapter09.Section06	theorem	public
NumStability.higham9_12_spd_tridiag_builder_growthFactorEntry_le_one_of_recurrence	NumStability.Algorithms.HighamChapter9	NumStability.Source.Higham.Chapter09.Section06	theorem	public
NumStability.higham9_12_spd_tridiag_builder_growthFactorEntry_le_one_of_spd	NumStability.Algorithms.HighamChapter9	NumStability.Source.Higham.Chapter09.Section06	theorem	public
NumStability.higham9_12_spd_tridiag_builder_growthFactorEntry_le_one_of_spd_recurrence	NumStability.Algorithms.HighamChapter9	NumStability.Source.Higham.Chapter09.Section06	theorem	public
NumStability.higham9_12_spd_tridiag_builder_lu_backward_error_of_positive_DLT	NumStability.Algorithms.HighamChapter9	NumStability.Source.Higham.Chapter09.Section06	theorem	public
NumStability.higham9_12_spd_tridiag_builder_lu_backward_error_of_recurrence	NumStability.Algorithms.HighamChapter9	NumStability.Source.Higham.Chapter09.Section06	theorem	public
NumStability.higham9_12_spd_tridiag_growthFactorEntry_le_one	NumStability.Algorithms.HighamChapter9	NumStability.Source.Higham.Chapter09.Section06	theorem	public
NumStability.higham9_12_spd_tridiag_growthFactorEntry_le_one_of_spd	NumStability.Algorithms.HighamChapter9	NumStability.Source.Higham.Chapter09.Section06	theorem	public
NumStability.higham9_12_spd_tridiag_lu_backward_error_of_positive_DLT	NumStability.Algorithms.HighamChapter9	NumStability.Source.Higham.Chapter09.Section06	theorem	public
NumStability.higham9_12_theta_ge_half_succ_of_maxEntryNorm_le_scale	NumStability.Algorithms.HighamChapter9	NumStability.Source.Higham.Chapter09.Section04	theorem	public
NumStability.higham9_12_two_theta_ge_succ_of_maxEntryNorm_le_scale	NumStability.Algorithms.HighamChapter9	NumStability.Source.Higham.Chapter09.Section04	theorem	public
NumStability.higham9_13_colDiagDom_L_entries_bounded_of_LUFactSpec	NumStability.Algorithms.HighamChapter9	NumStability.Source.Higham.Chapter09.Section06	theorem	public
NumStability.higham9_13_colDiagDom_growthFactorEntry_le_three_of_LUFactSpec	NumStability.Algorithms.HighamChapter9	NumStability.Source.Higham.Chapter09.Section06	theorem	public
NumStability.higham9_13_colDiagDom_tridiag_growth_bound_3_of_LUFactSpec	NumStability.Algorithms.HighamChapter9	NumStability.Source.Higham.Chapter09.Section06	theorem	public
NumStability.higham9_13_column_growth_by_modification_count	NumStability.Algorithms.HighamChapter9	NumStability.Source.Higham.Chapter09.Section04	theorem	public
NumStability.higham9_13_complexGrowthFactorEntry	NumStability.Algorithms.HighamChapter9	NumStability.Source.Higham.Chapter09.Section04	definition	public
NumStability.higham9_13_complexMaxEntryNorm	NumStability.Algorithms.HighamChapter9	NumStability.Source.Higham.Chapter09.Section04	definition	public
NumStability.higham9_13_complexMaxEntryNorm_le_of_entry_le_bound	NumStability.Algorithms.HighamChapter9	NumStability.Source.Higham.Chapter09.Section04	theorem	public
NumStability.higham9_13_complexMaxEntryNorm_le_of_entry_le_max	NumStability.Algorithms.HighamChapter9	NumStability.Source.Higham.Chapter09.Section04	theorem	public
NumStability.higham9_13_complexMaxEntryNorm_nonneg	NumStability.Algorithms.HighamChapter9	NumStability.Source.Higham.Chapter09.Section04	theorem	public
NumStability.higham9_13_entry_norm_le_complexMaxEntryNorm	NumStability.Algorithms.HighamChapter9	NumStability.Source.Higham.Chapter09.Section04	theorem	public
NumStability.higham9_13_fourierRoot_geometric_sum_zero	NumStability.Algorithms.HighamChapter9	NumStability.Source.Higham.Chapter09.Section04	theorem	public
NumStability.higham9_13_fourierRoot_ne_one	NumStability.Algorithms.HighamChapter9	NumStability.Source.Higham.Chapter09.Section04	theorem	public
NumStability.higham9_13_fourierRoot_pow_card	NumStability.Algorithms.HighamChapter9	NumStability.Source.Higham.Chapter09.Section04	theorem	public
NumStability.higham9_13_fourierVandermonde	NumStability.Algorithms.HighamChapter9	NumStability.Source.Higham.Chapter09.Section04	definition	public
NumStability.higham9_13_fourierVandermondeScaledAdjoint	NumStability.Algorithms.HighamChapter9	NumStability.Source.Higham.Chapter09.Section04	definition	public
NumStability.higham9_13_fourierVandermondeScaledAdjoint_complexMaxEntryNorm_eq_inv	NumStability.Algorithms.HighamChapter9	NumStability.Source.Higham.Chapter09.Section04	theorem	public
NumStability.higham9_13_fourierVandermondeScaledAdjoint_norm	NumStability.Algorithms.HighamChapter9	NumStability.Source.Higham.Chapter09.Section04	theorem	public
NumStability.higham9_13_fourierVandermonde_column_gram	NumStability.Algorithms.HighamChapter9	NumStability.Source.Higham.Chapter09.Section04	theorem	public
NumStability.higham9_13_fourierVandermonde_column_norm_sq	NumStability.Algorithms.HighamChapter9	NumStability.Source.Higham.Chapter09.Section04	theorem	public
NumStability.higham9_13_fourierVandermonde_column_orthogonal	NumStability.Algorithms.HighamChapter9	NumStability.Source.Higham.Chapter09.Section04	theorem	public
NumStability.higham9_13_fourierVandermonde_column_orthogonal_of_lt	NumStability.Algorithms.HighamChapter9	NumStability.Source.Higham.Chapter09.Section04	theorem	public
NumStability.higham9_13_fourierVandermonde_complexGrowthFactorEntry_ge_card	NumStability.Algorithms.HighamChapter9	NumStability.Source.Higham.Chapter09.Section04	theorem	public
NumStability.higham9_13_fourierVandermonde_complexGrowthFactorEntry_ge_card_of_completePermutedLUFactSpec	NumStability.Algorithms.HighamChapter9	NumStability.Source.Higham.Chapter09.Section04	theorem	public
NumStability.higham9_13_fourierVandermonde_complexMaxEntryNorm_eq_one	NumStability.Algorithms.HighamChapter9	NumStability.Source.Higham.Chapter09.Section04	theorem	public
NumStability.higham9_13_fourierVandermonde_conj_mul_eq_pow_of_col_lt	NumStability.Algorithms.HighamChapter9	NumStability.Source.Higham.Chapter09.Section04	theorem	public
NumStability.higham9_13_fourierVandermonde_conj_mul_self	NumStability.Algorithms.HighamChapter9	NumStability.Source.Higham.Chapter09.Section04	theorem	public
NumStability.higham9_13_fourierVandermonde_firstCol	NumStability.Algorithms.HighamChapter9	NumStability.Source.Higham.Chapter09.Section04	theorem	public
NumStability.higham9_13_fourierVandermonde_firstRow	NumStability.Algorithms.HighamChapter9	NumStability.Source.Higham.Chapter09.Section04	theorem	public
NumStability.higham9_13_fourierVandermonde_inverse_formula	NumStability.Algorithms.HighamChapter9	NumStability.Source.Higham.Chapter09.Section04	theorem	public
NumStability.higham9_13_fourierVandermonde_mul_scaledAdjoint	NumStability.Algorithms.HighamChapter9	NumStability.Source.Higham.Chapter09.Section04	theorem	public
NumStability.higham9_13_fourierVandermonde_norm	NumStability.Algorithms.HighamChapter9	NumStability.Source.Higham.Chapter09.Section04	theorem	public
NumStability.higham9_13_fourierVandermonde_row_gram	NumStability.Algorithms.HighamChapter9	NumStability.Source.Higham.Chapter09.Section04	theorem	public
NumStability.higham9_13_fourierVandermonde_row_norm_sq	NumStability.Algorithms.HighamChapter9	NumStability.Source.Higham.Chapter09.Section04	theorem	public
NumStability.higham9_13_fourierVandermonde_row_orthogonal	NumStability.Algorithms.HighamChapter9	NumStability.Source.Higham.Chapter09.Section04	theorem	public
NumStability.higham9_13_fourierVandermonde_symm	NumStability.Algorithms.HighamChapter9	NumStability.Source.Higham.Chapter09.Section04	theorem	public
NumStability.higham9_13_fourierVandermonde_theta_eq_card	NumStability.Algorithms.HighamChapter9	NumStability.Source.Higham.Chapter09.Section04	theorem	public
NumStability.higham9_13_growthFactorEntry_bound_from_column_modifications	NumStability.Algorithms.HighamChapter9	NumStability.Source.Higham.Chapter09.Section04	theorem	public
NumStability.higham9_13_growthFactorEntry_bound_from_column_modifications_two_pow	NumStability.Algorithms.HighamChapter9	NumStability.Source.Higham.Chapter09.Section04	theorem	public
NumStability.higham9_13_growthFactorEntry_bound_of_column_counts	NumStability.Algorithms.HighamChapter9	NumStability.Source.Higham.Chapter09.Section04	theorem	public
NumStability.higham9_13_growthFactorEntry_bound_of_sparse_columns	NumStability.Algorithms.HighamChapter9	NumStability.Source.Higham.Chapter09.Section04	theorem	public
NumStability.higham9_13_growthFactorEntry_le_three_of_LUFactSpec	NumStability.Algorithms.HighamChapter9	NumStability.Source.Higham.Chapter09.Section06	theorem	public
NumStability.higham9_13_inverse_row_identity_le_card_mul_complexMaxEntryNorm	NumStability.Algorithms.HighamChapter9	NumStability.Source.Higham.Chapter09.Section04	theorem	public
NumStability.higham9_13_maxEntryNorm_bound_of_entry_bound	NumStability.Algorithms.HighamChapter9	NumStability.Source.Higham.Chapter09.Section04	theorem	public
NumStability.higham9_13_rowDiagDom_growthFactorEntry_le_three	NumStability.Algorithms.HighamChapter9	NumStability.Source.Higham.Chapter09.Section06	theorem	public
NumStability.higham9_13_rowDiagDom_growthFactorEntry_le_three_of_LUFactSpec	NumStability.Algorithms.HighamChapter9	NumStability.Source.Higham.Chapter09.Section06	theorem	public
NumStability.higham9_13_rowDiagDom_transpose_growthFactorEntry_le_three	NumStability.Algorithms.HighamChapter9	NumStability.Source.Higham.Chapter09.Section06	theorem	public
NumStability.higham9_13_rowDiagDom_transpose_growthFactorEntry_le_three_of_Amax	NumStability.Algorithms.HighamChapter9	NumStability.Source.Higham.Chapter09.Section06	theorem	public
NumStability.higham9_13_rowDiagDom_transpose_tridiag_growth_bound_3	NumStability.Algorithms.HighamChapter9	NumStability.Source.Higham.Chapter09.Section06	theorem	public
NumStability.higham9_13_rowDiagDom_tridiag_builder_growthFactorEntry_le_three	NumStability.Algorithms.HighamChapter9	NumStability.Source.Higham.Chapter09.Section06	theorem	public
NumStability.higham9_13_rowDiagDom_tridiag_builder_growthFactorEntry_le_three_exists_hAmax	NumStability.Algorithms.HighamChapter9	NumStability.Source.Higham.Chapter09.Section06	theorem	public
NumStability.higham9_13_rowDiagDom_tridiag_builder_growthFactorEntry_le_three_of_recurrence	NumStability.Algorithms.HighamChapter9	NumStability.Source.Higham.Chapter09.Section06	theorem	public
NumStability.higham9_13_rowDiagDom_tridiag_builder_growthFactorEntry_le_three_of_recurrence_exists_hAmax	NumStability.Algorithms.HighamChapter9	NumStability.Source.Higham.Chapter09.Section06	theorem	public
NumStability.higham9_13_rowDiagDom_tridiag_builder_growth_bound_3	NumStability.Algorithms.HighamChapter9	NumStability.Source.Higham.Chapter09.Section06	theorem	public
NumStability.higham9_13_rowDiagDom_tridiag_builder_growth_bound_3_of_recurrence	NumStability.Algorithms.HighamChapter9	NumStability.Source.Higham.Chapter09.Section06	theorem	public
NumStability.higham9_13_rowDiagDom_tridiag_growth_bound_3	NumStability.Algorithms.HighamChapter9	NumStability.Source.Higham.Chapter09.Section06	theorem	public
NumStability.higham9_13_rowDiagDom_tridiag_growth_bound_3_of_LUFactSpec	NumStability.Algorithms.HighamChapter9	NumStability.Source.Higham.Chapter09.Section06	theorem	public
NumStability.higham9_13_scaledAdjoint_mul_fourierVandermonde	NumStability.Algorithms.HighamChapter9	NumStability.Source.Higham.Chapter09.Section04	theorem	public
NumStability.higham9_13_thresholdFactor	NumStability.Algorithms.HighamChapter9	NumStability.Source.Higham.Chapter09.Section04	definition	public
NumStability.higham9_13_thresholdFactor_ge_one	NumStability.Algorithms.HighamChapter9	NumStability.Source.Higham.Chapter09.Section04	theorem	public
NumStability.higham9_13_thresholdFactor_le_two_of_one_le	NumStability.Algorithms.HighamChapter9	NumStability.Source.Higham.Chapter09.Section04	theorem	public
NumStability.higham9_13_thresholdFactor_nonneg	NumStability.Algorithms.HighamChapter9	NumStability.Source.Higham.Chapter09.Section04	theorem	public
NumStability.higham9_13_thresholdFactor_pow_le_two_pow_of_one_le	NumStability.Algorithms.HighamChapter9	NumStability.Source.Higham.Chapter09.Section04	theorem	public
NumStability.higham9_13_threshold_update_abs_bound	NumStability.Algorithms.HighamChapter9	NumStability.Source.Higham.Chapter09.Section04	theorem	public
NumStability.higham9_13_tridiag_builder_growthFactorEntry_le_three	NumStability.Algorithms.HighamChapter9	NumStability.Source.Higham.Chapter09.Section06	theorem	public
NumStability.higham9_13_tridiag_builder_growthFactorEntry_le_three_exists_hAmax	NumStability.Algorithms.HighamChapter9	NumStability.Source.Higham.Chapter09.Section06	theorem	public
NumStability.higham9_13_tridiag_builder_growthFactorEntry_le_three_of_recurrence	NumStability.Algorithms.HighamChapter9	NumStability.Source.Higham.Chapter09.Section06	theorem	public
NumStability.higham9_13_tridiag_builder_growthFactorEntry_le_three_of_recurrence_exists_hAmax	NumStability.Algorithms.HighamChapter9	NumStability.Source.Higham.Chapter09.Section06	theorem	public
NumStability.higham9_13_tridiag_builder_growth_bound_3	NumStability.Algorithms.HighamChapter9	NumStability.Source.Higham.Chapter09.Section06	theorem	public
NumStability.higham9_13_tridiag_builder_growth_bound_3_of_recurrence	NumStability.Algorithms.HighamChapter9	NumStability.Source.Higham.Chapter09.Section06	theorem	public
NumStability.higham9_13_tridiag_growthFactorEntry_le_three	NumStability.Algorithms.HighamChapter9	NumStability.Source.Higham.Chapter09.Section06	theorem	public
NumStability.higham9_13_tridiag_growth_bound_3	NumStability.Algorithms.HighamChapter9	NumStability.Source.Higham.Chapter09.Section06	theorem	public
NumStability.higham9_13_tridiag_growth_bound_3_of_LUFactSpec	NumStability.Algorithms.HighamChapter9	NumStability.Source.Higham.Chapter09.Section06	theorem	public
NumStability.higham9_13_tridiagonal_transpose_iff	NumStability.Algorithms.HighamChapter9	NumStability.Source.Higham.Chapter09.Section06	theorem	public
NumStability.higham9_14_LUFactSpec_leadingSubmatrix_det_eq_prod_U_diag	NumStability.Algorithms.HighamChapter9	NumStability.Source.Higham.Chapter09.Section04	theorem	public
NumStability.higham9_14_abs_prod_leadingPivots_le_of_entries_le	NumStability.Algorithms.HighamChapter9	NumStability.Source.Higham.Chapter09.Section04	theorem	public
NumStability.higham9_14_abs_prod_pivots_le_maxEntryNorm	NumStability.Algorithms.HighamChapter9	NumStability.Source.Higham.Chapter09.Section04	theorem	public
NumStability.higham9_14_backward_relative_correction	NumStability.Algorithms.HighamChapter9Theorem914Primitive	NumStability.Source.Higham.Chapter09.Theorem914Primitive	theorem	public
NumStability.higham9_14_completePivotWilkinsonBound	NumStability.Algorithms.HighamChapter9	NumStability.Source.Higham.Chapter09.Section04	definition	public
NumStability.higham9_14_completePivotWilkinsonBound_ge_one	NumStability.Algorithms.HighamChapter9	NumStability.Source.Higham.Chapter09.Section04	theorem	public
NumStability.higham9_14_completePivotWilkinsonBound_ge_sqrt	NumStability.Algorithms.HighamChapter9	NumStability.Source.Higham.Chapter09.Section04	theorem	public
NumStability.higham9_14_completePivotWilkinsonBound_ge_two_of_ge_two	NumStability.Algorithms.HighamChapter9	NumStability.Source.Higham.Chapter09.Section04	theorem	public
NumStability.higham9_14_completePivotWilkinsonBound_le_of_le	NumStability.Algorithms.HighamChapter9	NumStability.Source.Higham.Chapter09.Section04	theorem	public
NumStability.higham9_14_completePivotWilkinsonBound_monotone	NumStability.Algorithms.HighamChapter9	NumStability.Source.Higham.Chapter09.Section04	theorem	public
NumStability.higham9_14_completePivotWilkinsonBound_nonneg	NumStability.Algorithms.HighamChapter9	NumStability.Source.Higham.Chapter09.Section04	theorem	public
NumStability.higham9_14_completePivotWilkinsonBound_one	NumStability.Algorithms.HighamChapter9	NumStability.Source.Higham.Chapter09.Section04	theorem	public
NumStability.higham9_14_completePivotWilkinsonBound_pos	NumStability.Algorithms.HighamChapter9	NumStability.Source.Higham.Chapter09.Section04	theorem	public
NumStability.higham9_14_completePivotWilkinsonBound_succ_div_ge_one	NumStability.Algorithms.HighamChapter9	NumStability.Source.Higham.Chapter09.Section04	theorem	public
NumStability.higham9_14_completePivotWilkinsonBound_two	NumStability.Algorithms.HighamChapter9	NumStability.Source.Higham.Chapter09.Section04	theorem	public
NumStability.higham9_14_completePivotWilkinsonProduct	NumStability.Algorithms.HighamChapter9	NumStability.Source.Higham.Chapter09.Section04	definition	public
NumStability.higham9_14_completePivotWilkinsonProduct_factor_ge_one	NumStability.Algorithms.HighamChapter9	NumStability.Source.Higham.Chapter09.Section04	theorem	public
NumStability.higham9_14_completePivotWilkinsonProduct_ge_one	NumStability.Algorithms.HighamChapter9	NumStability.Source.Higham.Chapter09.Section04	theorem	public
NumStability.higham9_14_completePivotWilkinsonProduct_le_of_le	NumStability.Algorithms.HighamChapter9	NumStability.Source.Higham.Chapter09.Section04	theorem	public
NumStability.higham9_14_completePivotWilkinsonProduct_le_succ	NumStability.Algorithms.HighamChapter9	NumStability.Source.Higham.Chapter09.Section04	theorem	public
NumStability.higham9_14_completePivotWilkinsonProduct_monotone	NumStability.Algorithms.HighamChapter9	NumStability.Source.Higham.Chapter09.Section04	theorem	public
NumStability.higham9_14_completePivotWilkinsonProduct_nonneg	NumStability.Algorithms.HighamChapter9	NumStability.Source.Higham.Chapter09.Section04	theorem	public
NumStability.higham9_14_completePivotWilkinsonProduct_pos	NumStability.Algorithms.HighamChapter9	NumStability.Source.Higham.Chapter09.Section04	theorem	public
NumStability.higham9_14_completePivotWilkinsonProduct_succ	NumStability.Algorithms.HighamChapter9	NumStability.Source.Higham.Chapter09.Section04	theorem	public
NumStability.higham9_14_completePivotWilkinsonProduct_succ_div_ge_one	NumStability.Algorithms.HighamChapter9	NumStability.Source.Higham.Chapter09.Section04	theorem	public
NumStability.higham9_14_completePivotWilkinsonProduct_two	NumStability.Algorithms.HighamChapter9	NumStability.Source.Higham.Chapter09.Section04	theorem	public
NumStability.higham9_14_completePivot_growthFactorEntry_le_wilkinsonBound	NumStability.Algorithms.HighamChapter9	NumStability.Source.Higham.Chapter09.Section04	theorem	public
NumStability.higham9_14_completePivot_iterate_entry_le_wilkinsonBound_mul	NumStability.Algorithms.HighamChapter9	NumStability.Source.Higham.Chapter09.Section04	theorem	public
NumStability.higham9_14_completePivot_segment_pivot_bound	NumStability.Algorithms.HighamChapter9	NumStability.Source.Higham.Chapter09.Section04	theorem	public
NumStability.higham9_14_exactMultiplier	NumStability.Algorithms.HighamChapter9Theorem914Primitive	NumStability.Source.Higham.Chapter09.Theorem914Primitive	definition	public
NumStability.higham9_14_exactPivot	NumStability.Algorithms.HighamChapter9Theorem914Primitive	NumStability.Source.Higham.Chapter09.Theorem914Primitive	definition	public
NumStability.higham9_14_exactPivot_succ	NumStability.Algorithms.HighamChapter9Theorem914Primitive	NumStability.Source.Higham.Chapter09.Theorem914Primitive	theorem	public
NumStability.higham9_14_exactPivot_zero	NumStability.Algorithms.HighamChapter9Theorem914Primitive	NumStability.Source.Higham.Chapter09.Theorem914Primitive	theorem	public
NumStability.higham9_14_exists_unitRoundoff_threshold_of_exact_pivots_ne_zero	NumStability.Algorithms.HighamChapter9Theorem914Primitive	NumStability.Source.Higham.Chapter09.Theorem914Primitive	theorem	public
NumStability.higham9_14_exists_unitRoundoff_threshold_of_exact_pivots_ne_zero_with_tolerance	NumStability.Algorithms.HighamChapter9Theorem914Primitive	NumStability.Source.Higham.Chapter09.Theorem914Primitive	theorem	public
NumStability.higham9_14_exists_unitRoundoff_threshold_of_margin	NumStability.Algorithms.HighamChapter9Theorem914Primitive	NumStability.Source.Higham.Chapter09.Theorem914Primitive	theorem	public
NumStability.higham9_14_f	NumStability.Algorithms.HighamChapter9	NumStability.Source.Higham.Chapter09.Section06	definition	public
NumStability.higham9_14_f_le_h	NumStability.Algorithms.HighamChapter9	NumStability.Source.Higham.Chapter09.Section06	theorem	public
NumStability.higham9_14_f_mono_nonneg	NumStability.Algorithms.HighamChapter9	NumStability.Source.Higham.Chapter09.Section06	theorem	public
NumStability.higham9_14_f_nonneg	NumStability.Algorithms.HighamChapter9	NumStability.Source.Higham.Chapter09.Section06	theorem	public
NumStability.higham9_14_geIterate	NumStability.Algorithms.HighamChapter9	NumStability.Source.Higham.Chapter09.Section04	definition	public
NumStability.higham9_14_geIterate_LUFactSpec	NumStability.Algorithms.HighamChapter9	NumStability.Source.Higham.Chapter09.Section04	theorem	public
NumStability.higham9_14_geIterate_row_zero	NumStability.Algorithms.HighamChapter9	NumStability.Source.Higham.Chapter09.Section04	theorem	public
NumStability.higham9_14_geIterate_zero_apply	NumStability.Algorithms.HighamChapter9	NumStability.Source.Higham.Chapter09.Section04	theorem	public
NumStability.higham9_14_geShift	NumStability.Algorithms.HighamChapter9	NumStability.Source.Higham.Chapter09.Section04	definition	public
NumStability.higham9_14_geShift_val	NumStability.Algorithms.HighamChapter9	NumStability.Source.Higham.Chapter09.Section04	theorem	public
NumStability.higham9_14_h	NumStability.Algorithms.HighamChapter9	NumStability.Source.Higham.Chapter09.Section06	definition	public
NumStability.higham9_14_h_eq_f_div	NumStability.Algorithms.HighamChapter9	NumStability.Source.Higham.Chapter09.Section06	theorem	public
NumStability.higham9_14_h_mul_one_sub_eq_f	NumStability.Algorithms.HighamChapter9	NumStability.Source.Higham.Chapter09.Section06	theorem	public
NumStability.higham9_14_halfUnitDownwardDivisionModel	NumStability.Algorithms.HighamChapter9Theorem914Primitive	NumStability.Source.Higham.Chapter09.Theorem914Primitive	definition	public
NumStability.higham9_14_leadingSubmatrix_det_succ	NumStability.Algorithms.HighamChapter9	NumStability.Source.Higham.Chapter09.Section04	theorem	public
NumStability.higham9_14_matrix_mmatrix_lu_source_f_bound_of_RectDoolittleRoundedStageTrace_square_fl_triangular_solves_gamma	NumStability.Algorithms.HighamChapter9	NumStability.Source.Higham.Chapter09.Section06	theorem	public
NumStability.higham9_14_matrix_mmatrix_lu_source_f_bound_of_RectDoolittleRoundedStageTrace_square_fl_triangular_solves_gamma_le	NumStability.Algorithms.HighamChapter9	NumStability.Source.Higham.Chapter09.Section06	theorem	public
NumStability.higham9_14_matrix_mmatrix_lu_source_f_bound_of_models	NumStability.Algorithms.HighamChapter9	NumStability.Source.Higham.Chapter09.Section06	theorem	public
NumStability.higham9_14_matrix_mmatrix_lu_source_f_bound_of_models_gamma	NumStability.Algorithms.HighamChapter9	NumStability.Source.Higham.Chapter09.Section06	theorem	public
NumStability.higham9_14_matrix_mmatrix_lu_source_f_bound_of_rectRoundedLoop_square_fl_triangular_solves_gamma	NumStability.Algorithms.HighamChapter9	NumStability.Source.Higham.Chapter09.Section06	theorem	public
NumStability.higham9_14_matrix_mmatrix_lu_source_f_bound_of_rectRoundedLoop_square_fl_triangular_solves_gamma_le	NumStability.Algorithms.HighamChapter9	NumStability.Source.Higham.Chapter09.Section06	theorem	public
NumStability.higham9_14_matrix_mmatrix_lu_source_h_bound_of_RectDoolittleRoundedStageTrace_square_fl_triangular_solves_gamma	NumStability.Algorithms.HighamChapter9	NumStability.Source.Higham.Chapter09.Section06	theorem	public
NumStability.higham9_14_matrix_mmatrix_lu_source_h_bound_of_RectDoolittleRoundedStageTrace_square_fl_triangular_solves_gamma_le	NumStability.Algorithms.HighamChapter9	NumStability.Source.Higham.Chapter09.Section06	theorem	public
NumStability.higham9_14_matrix_mmatrix_lu_source_h_bound_of_models	NumStability.Algorithms.HighamChapter9	NumStability.Source.Higham.Chapter09.Section06	theorem	public
NumStability.higham9_14_matrix_mmatrix_lu_source_h_bound_of_models_gamma	NumStability.Algorithms.HighamChapter9	NumStability.Source.Higham.Chapter09.Section06	theorem	public
NumStability.higham9_14_matrix_mmatrix_lu_source_h_bound_of_rectRoundedLoop_square_fl_triangular_solves_gamma	NumStability.Algorithms.HighamChapter9	NumStability.Source.Higham.Chapter09.Section06	theorem	public
NumStability.higham9_14_matrix_mmatrix_lu_source_h_bound_of_rectRoundedLoop_square_fl_triangular_solves_gamma_le	NumStability.Algorithms.HighamChapter9	NumStability.Source.Higham.Chapter09.Section06	theorem	public
NumStability.higham9_14_matrix_nonnegative_lu_source_f_bound_of_RectDoolittleRoundedStageTrace_square_fl_triangular_solves_gamma	NumStability.Algorithms.HighamChapter9	NumStability.Source.Higham.Chapter09.Section06	theorem	public
NumStability.higham9_14_matrix_nonnegative_lu_source_f_bound_of_RectDoolittleRoundedStageTrace_square_fl_triangular_solves_gamma_le	NumStability.Algorithms.HighamChapter9	NumStability.Source.Higham.Chapter09.Section06	theorem	public
NumStability.higham9_14_matrix_nonnegative_lu_source_f_bound_of_models	NumStability.Algorithms.HighamChapter9	NumStability.Source.Higham.Chapter09.Section06	theorem	public
NumStability.higham9_14_matrix_nonnegative_lu_source_f_bound_of_models_gamma	NumStability.Algorithms.HighamChapter9	NumStability.Source.Higham.Chapter09.Section06	theorem	public
NumStability.higham9_14_matrix_nonnegative_lu_source_f_bound_of_rectRoundedLoop_square_fl_triangular_solves_gamma	NumStability.Algorithms.HighamChapter9	NumStability.Source.Higham.Chapter09.Section06	theorem	public
NumStability.higham9_14_matrix_nonnegative_lu_source_f_bound_of_rectRoundedLoop_square_fl_triangular_solves_gamma_le	NumStability.Algorithms.HighamChapter9	NumStability.Source.Higham.Chapter09.Section06	theorem	public
NumStability.higham9_14_matrix_nonnegative_lu_source_h_bound_of_RectDoolittleRoundedStageTrace_square_fl_triangular_solves_gamma	NumStability.Algorithms.HighamChapter9	NumStability.Source.Higham.Chapter09.Section06	theorem	public
NumStability.higham9_14_matrix_nonnegative_lu_source_h_bound_of_RectDoolittleRoundedStageTrace_square_fl_triangular_solves_gamma_le	NumStability.Algorithms.HighamChapter9	NumStability.Source.Higham.Chapter09.Section06	theorem	public
NumStability.higham9_14_matrix_nonnegative_lu_source_h_bound_of_models	NumStability.Algorithms.HighamChapter9	NumStability.Source.Higham.Chapter09.Section06	theorem	public
NumStability.higham9_14_matrix_nonnegative_lu_source_h_bound_of_models_gamma	NumStability.Algorithms.HighamChapter9	NumStability.Source.Higham.Chapter09.Section06	theorem	public
NumStability.higham9_14_matrix_nonnegative_lu_source_h_bound_of_rectRoundedLoop_square_fl_triangular_solves_gamma	NumStability.Algorithms.HighamChapter9	NumStability.Source.Higham.Chapter09.Section06	theorem	public
NumStability.higham9_14_matrix_nonnegative_lu_source_h_bound_of_rectRoundedLoop_square_fl_triangular_solves_gamma_le	NumStability.Algorithms.HighamChapter9	NumStability.Source.Higham.Chapter09.Section06	theorem	public
NumStability.higham9_14_matrix_sign_equiv_source_f_bound_of_IsSignEquiv_RectDoolittleRoundedStageTrace_square_fl_triangular_solves_gamma	NumStability.Algorithms.HighamChapter9	NumStability.Source.Higham.Chapter09.Section06	theorem	public
NumStability.higham9_14_matrix_sign_equiv_source_f_bound_of_IsSignEquiv_RectDoolittleRoundedStageTrace_square_fl_triangular_solves_gamma_le	NumStability.Algorithms.HighamChapter9	NumStability.Source.Higham.Chapter09.Section06	theorem	public
NumStability.higham9_14_matrix_sign_equiv_source_f_bound_of_IsSignEquiv_models	NumStability.Algorithms.HighamChapter9	NumStability.Source.Higham.Chapter09.Section06	theorem	public
NumStability.higham9_14_matrix_sign_equiv_source_f_bound_of_IsSignEquiv_models_gamma	NumStability.Algorithms.HighamChapter9	NumStability.Source.Higham.Chapter09.Section06	theorem	public
NumStability.higham9_14_matrix_sign_equiv_source_f_bound_of_IsSignEquiv_rectRoundedLoop_square_fl_triangular_solves_gamma	NumStability.Algorithms.HighamChapter9	NumStability.Source.Higham.Chapter09.Section06	theorem	public
NumStability.higham9_14_matrix_sign_equiv_source_f_bound_of_IsSignEquiv_rectRoundedLoop_square_fl_triangular_solves_gamma_le	NumStability.Algorithms.HighamChapter9	NumStability.Source.Higham.Chapter09.Section06	theorem	public
NumStability.higham9_14_matrix_sign_equiv_source_h_bound_of_IsSignEquiv_RectDoolittleRoundedStageTrace_square_fl_triangular_solves_gamma	NumStability.Algorithms.HighamChapter9	NumStability.Source.Higham.Chapter09.Section06	theorem	public
NumStability.higham9_14_matrix_sign_equiv_source_h_bound_of_IsSignEquiv_RectDoolittleRoundedStageTrace_square_fl_triangular_solves_gamma_le	NumStability.Algorithms.HighamChapter9	NumStability.Source.Higham.Chapter09.Section06	theorem	public
NumStability.higham9_14_matrix_sign_equiv_source_h_bound_of_IsSignEquiv_models	NumStability.Algorithms.HighamChapter9	NumStability.Source.Higham.Chapter09.Section06	theorem	public
NumStability.higham9_14_matrix_sign_equiv_source_h_bound_of_IsSignEquiv_models_gamma	NumStability.Algorithms.HighamChapter9	NumStability.Source.Higham.Chapter09.Section06	theorem	public
NumStability.higham9_14_matrix_sign_equiv_source_h_bound_of_IsSignEquiv_rectRoundedLoop_square_fl_triangular_solves_gamma	NumStability.Algorithms.HighamChapter9	NumStability.Source.Higham.Chapter09.Section06	theorem	public
NumStability.higham9_14_matrix_sign_equiv_source_h_bound_of_IsSignEquiv_rectRoundedLoop_square_fl_triangular_solves_gamma_le	NumStability.Algorithms.HighamChapter9	NumStability.Source.Higham.Chapter09.Section06	theorem	public
NumStability.higham9_14_matrix_source_f_bound_of_DoolittleDenseLoopAbsBudgetCertificate_fl_triangular_solves_absLU_le_absA_gamma	NumStability.Algorithms.HighamChapter9	NumStability.Source.Higham.Chapter09.Section06	theorem	public
NumStability.higham9_14_matrix_source_f_bound_of_DoolittleDenseLoopAbsBudgetCertificate_fl_triangular_solves_absLU_le_absA_gamma_le	NumStability.Algorithms.HighamChapter9	NumStability.Source.Higham.Chapter09.Section06	theorem	public
NumStability.higham9_14_matrix_source_f_bound_of_DoolittleDenseLoopAbsBudgetCertificate_fl_triangular_solves_gamma	NumStability.Algorithms.HighamChapter9	NumStability.Source.Higham.Chapter09.Section06	theorem	public
NumStability.higham9_14_matrix_source_f_bound_of_DoolittleDenseLoopAbsBudgetCertificate_fl_triangular_solves_gamma_le	NumStability.Algorithms.HighamChapter9	NumStability.Source.Higham.Chapter09.Section06	theorem	public
NumStability.higham9_14_matrix_source_f_bound_of_DoolittleDenseLoopCertificate_fl_triangular_solves_absLU_le_absA_gamma	NumStability.Algorithms.HighamChapter9	NumStability.Source.Higham.Chapter09.Section06	theorem	public
NumStability.higham9_14_matrix_source_f_bound_of_DoolittleDenseLoopCertificate_fl_triangular_solves_absLU_le_absA_gamma_le	NumStability.Algorithms.HighamChapter9	NumStability.Source.Higham.Chapter09.Section06	theorem	public
NumStability.higham9_14_matrix_source_f_bound_of_DoolittleDenseLoopCertificate_fl_triangular_solves_gamma	NumStability.Algorithms.HighamChapter9	NumStability.Source.Higham.Chapter09.Section06	theorem	public
NumStability.higham9_14_matrix_source_f_bound_of_DoolittleDenseLoopCertificate_fl_triangular_solves_gamma_le	NumStability.Algorithms.HighamChapter9	NumStability.Source.Higham.Chapter09.Section06	theorem	public
NumStability.higham9_14_matrix_source_f_bound_of_LUBackwardError_fl_triangular_solves_absLU_le_absA_gamma	NumStability.Algorithms.HighamChapter9	NumStability.Source.Higham.Chapter09.Section06	theorem	public
NumStability.higham9_14_matrix_source_f_bound_of_LUBackwardError_fl_triangular_solves_absLU_le_absA_gamma_le	NumStability.Algorithms.HighamChapter9	NumStability.Source.Higham.Chapter09.Section06	theorem	public
NumStability.higham9_14_matrix_source_f_bound_of_LUBackwardError_fl_triangular_solves_gamma	NumStability.Algorithms.HighamChapter9	NumStability.Source.Higham.Chapter09.Section06	theorem	public
NumStability.higham9_14_matrix_source_f_bound_of_LUBackwardError_fl_triangular_solves_gamma_le	NumStability.Algorithms.HighamChapter9	NumStability.Source.Higham.Chapter09.Section06	theorem	public
NumStability.higham9_14_matrix_source_f_bound_of_LUFactSpec_fl_triangular_solves_absLU_le_absA_gamma	NumStability.Algorithms.HighamChapter9	NumStability.Source.Higham.Chapter09.Section06	theorem	public
NumStability.higham9_14_matrix_source_f_bound_of_LUFactSpec_fl_triangular_solves_absLU_le_absA_gamma_le	NumStability.Algorithms.HighamChapter9	NumStability.Source.Higham.Chapter09.Section06	theorem	public
NumStability.higham9_14_matrix_source_f_bound_of_LUFactSpec_fl_triangular_solves_gamma	NumStability.Algorithms.HighamChapter9	NumStability.Source.Higham.Chapter09.Section06	theorem	public
NumStability.higham9_14_matrix_source_f_bound_of_LUFactSpec_fl_triangular_solves_gamma_le	NumStability.Algorithms.HighamChapter9	NumStability.Source.Higham.Chapter09.Section06	theorem	public
NumStability.higham9_14_matrix_source_f_bound_of_RectDoolittleDenseLoopAbsBudgetCertificate_square_fl_triangular_solves_absLU_le_absA_gamma	NumStability.Algorithms.HighamChapter9	NumStability.Source.Higham.Chapter09.Section06	theorem	public
NumStability.higham9_14_matrix_source_f_bound_of_RectDoolittleDenseLoopAbsBudgetCertificate_square_fl_triangular_solves_absLU_le_absA_gamma_le	NumStability.Algorithms.HighamChapter9	NumStability.Source.Higham.Chapter09.Section06	theorem	public
NumStability.higham9_14_matrix_source_f_bound_of_RectDoolittleDenseLoopAbsBudgetCertificate_square_fl_triangular_solves_gamma	NumStability.Algorithms.HighamChapter9	NumStability.Source.Higham.Chapter09.Section06	theorem	public
NumStability.higham9_14_matrix_source_f_bound_of_RectDoolittleDenseLoopAbsBudgetCertificate_square_fl_triangular_solves_gamma_le	NumStability.Algorithms.HighamChapter9	NumStability.Source.Higham.Chapter09.Section06	theorem	public
NumStability.higham9_14_matrix_source_f_bound_of_RectDoolittleDenseLoopCertificate_square_fl_triangular_solves_absLU_le_absA_gamma	NumStability.Algorithms.HighamChapter9	NumStability.Source.Higham.Chapter09.Section06	theorem	public
NumStability.higham9_14_matrix_source_f_bound_of_RectDoolittleDenseLoopCertificate_square_fl_triangular_solves_absLU_le_absA_gamma_le	NumStability.Algorithms.HighamChapter9	NumStability.Source.Higham.Chapter09.Section06	theorem	public
NumStability.higham9_14_matrix_source_f_bound_of_RectDoolittleDenseLoopCertificate_square_fl_triangular_solves_gamma	NumStability.Algorithms.HighamChapter9	NumStability.Source.Higham.Chapter09.Section06	theorem	public
NumStability.higham9_14_matrix_source_f_bound_of_RectDoolittleDenseLoopCertificate_square_fl_triangular_solves_gamma_le	NumStability.Algorithms.HighamChapter9	NumStability.Source.Higham.Chapter09.Section06	theorem	public
NumStability.higham9_14_matrix_source_f_bound_of_RectDoolittleRoundedStageTrace_square_fl_triangular_solves_absLU_le_absA_gamma	NumStability.Algorithms.HighamChapter9	NumStability.Source.Higham.Chapter09.Section06	theorem	public
NumStability.higham9_14_matrix_source_f_bound_of_RectDoolittleRoundedStageTrace_square_fl_triangular_solves_absLU_le_absA_gamma_le	NumStability.Algorithms.HighamChapter9	NumStability.Source.Higham.Chapter09.Section06	theorem	public
NumStability.higham9_14_matrix_source_f_bound_of_RectDoolittleRoundedStageTrace_square_fl_triangular_solves_gamma	NumStability.Algorithms.HighamChapter9	NumStability.Source.Higham.Chapter09.Section06	theorem	public
NumStability.higham9_14_matrix_source_f_bound_of_RectDoolittleRoundedStageTrace_square_fl_triangular_solves_gamma_le	NumStability.Algorithms.HighamChapter9	NumStability.Source.Higham.Chapter09.Section06	theorem	public
NumStability.higham9_14_matrix_source_f_bound_of_absLU_le_absA_and_matrix_models	NumStability.Algorithms.HighamChapter9	NumStability.Source.Higham.Chapter09.Section06	theorem	public
NumStability.higham9_14_matrix_source_f_bound_of_absLU_le_absA_and_matrix_models_le	NumStability.Algorithms.HighamChapter9	NumStability.Source.Higham.Chapter09.Section06	theorem	public
NumStability.higham9_14_matrix_source_f_bound_of_absLU_le_const_absA_and_matrix_models	NumStability.Algorithms.HighamChapter9	NumStability.Source.Higham.Chapter09.Section06	theorem	public
NumStability.higham9_14_matrix_source_f_bound_of_absLU_le_const_absA_and_matrix_models_le	NumStability.Algorithms.HighamChapter9	NumStability.Source.Higham.Chapter09.Section06	theorem	public
NumStability.higham9_14_matrix_source_f_bound_of_rectLiteralDoolittle_exactTargetGaps_square_fl_triangular_solves_gamma	NumStability.Algorithms.HighamChapter9	NumStability.Source.Higham.Chapter09.Section06	theorem	public
NumStability.higham9_14_matrix_source_f_bound_of_rectLiteralDoolittle_exactTargetGaps_square_fl_triangular_solves_gamma_le	NumStability.Algorithms.HighamChapter9	NumStability.Source.Higham.Chapter09.Section06	theorem	public
NumStability.higham9_14_matrix_source_f_bound_of_rectRoundedLoop_square_fl_triangular_solves_absLU_le_absA_gamma	NumStability.Algorithms.HighamChapter9	NumStability.Source.Higham.Chapter09.Section06	theorem	public
NumStability.higham9_14_matrix_source_f_bound_of_rectRoundedLoop_square_fl_triangular_solves_absLU_le_absA_gamma_le	NumStability.Algorithms.HighamChapter9	NumStability.Source.Higham.Chapter09.Section06	theorem	public
NumStability.higham9_14_matrix_source_f_bound_of_rectRoundedLoop_square_fl_triangular_solves_gamma	NumStability.Algorithms.HighamChapter9	NumStability.Source.Higham.Chapter09.Section06	theorem	public
NumStability.higham9_14_matrix_source_f_bound_of_rectRoundedLoop_square_fl_triangular_solves_gamma_le	NumStability.Algorithms.HighamChapter9	NumStability.Source.Higham.Chapter09.Section06	theorem	public
NumStability.higham9_14_matrix_source_h_bound_of_DoolittleDenseLoopAbsBudgetCertificate_fl_triangular_solves_absLU_le_absA_gamma	NumStability.Algorithms.HighamChapter9	NumStability.Source.Higham.Chapter09.Section06	theorem	public
NumStability.higham9_14_matrix_source_h_bound_of_DoolittleDenseLoopAbsBudgetCertificate_fl_triangular_solves_absLU_le_absA_gamma_le	NumStability.Algorithms.HighamChapter9	NumStability.Source.Higham.Chapter09.Section06	theorem	public
NumStability.higham9_14_matrix_source_h_bound_of_DoolittleDenseLoopAbsBudgetCertificate_fl_triangular_solves_const_gamma	NumStability.Algorithms.HighamChapter9	NumStability.Source.Higham.Chapter09.Section06	theorem	public
NumStability.higham9_14_matrix_source_h_bound_of_DoolittleDenseLoopAbsBudgetCertificate_fl_triangular_solves_const_gamma_le	NumStability.Algorithms.HighamChapter9	NumStability.Source.Higham.Chapter09.Section06	theorem	public
NumStability.higham9_14_matrix_source_h_bound_of_DoolittleDenseLoopAbsBudgetCertificate_fl_triangular_solves_gamma	NumStability.Algorithms.HighamChapter9	NumStability.Source.Higham.Chapter09.Section06	theorem	public
NumStability.higham9_14_matrix_source_h_bound_of_DoolittleDenseLoopAbsBudgetCertificate_fl_triangular_solves_gamma_le	NumStability.Algorithms.HighamChapter9	NumStability.Source.Higham.Chapter09.Section06	theorem	public
NumStability.higham9_14_matrix_source_h_bound_of_DoolittleDenseLoopCertificate_fl_triangular_solves_absLU_le_absA_gamma	NumStability.Algorithms.HighamChapter9	NumStability.Source.Higham.Chapter09.Section06	theorem	public
NumStability.higham9_14_matrix_source_h_bound_of_DoolittleDenseLoopCertificate_fl_triangular_solves_absLU_le_absA_gamma_le	NumStability.Algorithms.HighamChapter9	NumStability.Source.Higham.Chapter09.Section06	theorem	public
NumStability.higham9_14_matrix_source_h_bound_of_DoolittleDenseLoopCertificate_fl_triangular_solves_const_gamma	NumStability.Algorithms.HighamChapter9	NumStability.Source.Higham.Chapter09.Section06	theorem	public
NumStability.higham9_14_matrix_source_h_bound_of_DoolittleDenseLoopCertificate_fl_triangular_solves_const_gamma_le	NumStability.Algorithms.HighamChapter9	NumStability.Source.Higham.Chapter09.Section06	theorem	public
NumStability.higham9_14_matrix_source_h_bound_of_DoolittleDenseLoopCertificate_fl_triangular_solves_gamma	NumStability.Algorithms.HighamChapter9	NumStability.Source.Higham.Chapter09.Section06	theorem	public
NumStability.higham9_14_matrix_source_h_bound_of_DoolittleDenseLoopCertificate_fl_triangular_solves_gamma_le	NumStability.Algorithms.HighamChapter9	NumStability.Source.Higham.Chapter09.Section06	theorem	public
NumStability.higham9_14_matrix_source_h_bound_of_LUBackwardError_fl_triangular_solves_absLU_le_absA_gamma	NumStability.Algorithms.HighamChapter9	NumStability.Source.Higham.Chapter09.Section06	theorem	public
NumStability.higham9_14_matrix_source_h_bound_of_LUBackwardError_fl_triangular_solves_absLU_le_absA_gamma_le	NumStability.Algorithms.HighamChapter9	NumStability.Source.Higham.Chapter09.Section06	theorem	public
NumStability.higham9_14_matrix_source_h_bound_of_LUBackwardError_fl_triangular_solves_const_gamma	NumStability.Algorithms.HighamChapter9	NumStability.Source.Higham.Chapter09.Section06	theorem	public
NumStability.higham9_14_matrix_source_h_bound_of_LUBackwardError_fl_triangular_solves_const_gamma_le	NumStability.Algorithms.HighamChapter9	NumStability.Source.Higham.Chapter09.Section06	theorem	public
NumStability.higham9_14_matrix_source_h_bound_of_LUBackwardError_fl_triangular_solves_gamma	NumStability.Algorithms.HighamChapter9	NumStability.Source.Higham.Chapter09.Section06	theorem	public
NumStability.higham9_14_matrix_source_h_bound_of_LUBackwardError_fl_triangular_solves_gamma_le	NumStability.Algorithms.HighamChapter9	NumStability.Source.Higham.Chapter09.Section06	theorem	public
NumStability.higham9_14_matrix_source_h_bound_of_LUFactSpec_fl_triangular_solves_absLU_le_absA_gamma	NumStability.Algorithms.HighamChapter9	NumStability.Source.Higham.Chapter09.Section06	theorem	public
NumStability.higham9_14_matrix_source_h_bound_of_LUFactSpec_fl_triangular_solves_absLU_le_absA_gamma_le	NumStability.Algorithms.HighamChapter9	NumStability.Source.Higham.Chapter09.Section06	theorem	public
NumStability.higham9_14_matrix_source_h_bound_of_LUFactSpec_fl_triangular_solves_const_gamma	NumStability.Algorithms.HighamChapter9	NumStability.Source.Higham.Chapter09.Section06	theorem	public
NumStability.higham9_14_matrix_source_h_bound_of_LUFactSpec_fl_triangular_solves_const_gamma_le	NumStability.Algorithms.HighamChapter9	NumStability.Source.Higham.Chapter09.Section06	theorem	public
NumStability.higham9_14_matrix_source_h_bound_of_LUFactSpec_fl_triangular_solves_gamma	NumStability.Algorithms.HighamChapter9	NumStability.Source.Higham.Chapter09.Section06	theorem	public
NumStability.higham9_14_matrix_source_h_bound_of_LUFactSpec_fl_triangular_solves_gamma_le	NumStability.Algorithms.HighamChapter9	NumStability.Source.Higham.Chapter09.Section06	theorem	public
NumStability.higham9_14_matrix_source_h_bound_of_RectDoolittleDenseLoopAbsBudgetCertificate_square_fl_triangular_solves_absLU_le_absA_gamma	NumStability.Algorithms.HighamChapter9	NumStability.Source.Higham.Chapter09.Section06	theorem	public
NumStability.higham9_14_matrix_source_h_bound_of_RectDoolittleDenseLoopAbsBudgetCertificate_square_fl_triangular_solves_absLU_le_absA_gamma_le	NumStability.Algorithms.HighamChapter9	NumStability.Source.Higham.Chapter09.Section06	theorem	public
NumStability.higham9_14_matrix_source_h_bound_of_RectDoolittleDenseLoopAbsBudgetCertificate_square_fl_triangular_solves_const_gamma	NumStability.Algorithms.HighamChapter9	NumStability.Source.Higham.Chapter09.Section06	theorem	public
NumStability.higham9_14_matrix_source_h_bound_of_RectDoolittleDenseLoopAbsBudgetCertificate_square_fl_triangular_solves_const_gamma_le	NumStability.Algorithms.HighamChapter9	NumStability.Source.Higham.Chapter09.Section06	theorem	public
NumStability.higham9_14_matrix_source_h_bound_of_RectDoolittleDenseLoopAbsBudgetCertificate_square_fl_triangular_solves_gamma	NumStability.Algorithms.HighamChapter9	NumStability.Source.Higham.Chapter09.Section06	theorem	public
NumStability.higham9_14_matrix_source_h_bound_of_RectDoolittleDenseLoopAbsBudgetCertificate_square_fl_triangular_solves_gamma_le	NumStability.Algorithms.HighamChapter9	NumStability.Source.Higham.Chapter09.Section06	theorem	public
NumStability.higham9_14_matrix_source_h_bound_of_RectDoolittleDenseLoopCertificate_square_fl_triangular_solves_absLU_le_absA_gamma	NumStability.Algorithms.HighamChapter9	NumStability.Source.Higham.Chapter09.Section06	theorem	public
NumStability.higham9_14_matrix_source_h_bound_of_RectDoolittleDenseLoopCertificate_square_fl_triangular_solves_absLU_le_absA_gamma_le	NumStability.Algorithms.HighamChapter9	NumStability.Source.Higham.Chapter09.Section06	theorem	public
NumStability.higham9_14_matrix_source_h_bound_of_RectDoolittleDenseLoopCertificate_square_fl_triangular_solves_const_gamma	NumStability.Algorithms.HighamChapter9	NumStability.Source.Higham.Chapter09.Section06	theorem	public
NumStability.higham9_14_matrix_source_h_bound_of_RectDoolittleDenseLoopCertificate_square_fl_triangular_solves_const_gamma_le	NumStability.Algorithms.HighamChapter9	NumStability.Source.Higham.Chapter09.Section06	theorem	public
NumStability.higham9_14_matrix_source_h_bound_of_RectDoolittleDenseLoopCertificate_square_fl_triangular_solves_gamma	NumStability.Algorithms.HighamChapter9	NumStability.Source.Higham.Chapter09.Section06	theorem	public
NumStability.higham9_14_matrix_source_h_bound_of_RectDoolittleDenseLoopCertificate_square_fl_triangular_solves_gamma_le	NumStability.Algorithms.HighamChapter9	NumStability.Source.Higham.Chapter09.Section06	theorem	public
NumStability.higham9_14_matrix_source_h_bound_of_RectDoolittleRoundedStageTrace_square_fl_triangular_solves_absLU_le_absA_gamma	NumStability.Algorithms.HighamChapter9	NumStability.Source.Higham.Chapter09.Section06	theorem	public
NumStability.higham9_14_matrix_source_h_bound_of_RectDoolittleRoundedStageTrace_square_fl_triangular_solves_absLU_le_absA_gamma_le	NumStability.Algorithms.HighamChapter9	NumStability.Source.Higham.Chapter09.Section06	theorem	public
NumStability.higham9_14_matrix_source_h_bound_of_RectDoolittleRoundedStageTrace_square_fl_triangular_solves_const_gamma	NumStability.Algorithms.HighamChapter9	NumStability.Source.Higham.Chapter09.Section06	theorem	public
NumStability.higham9_14_matrix_source_h_bound_of_RectDoolittleRoundedStageTrace_square_fl_triangular_solves_const_gamma_le	NumStability.Algorithms.HighamChapter9	NumStability.Source.Higham.Chapter09.Section06	theorem	public
NumStability.higham9_14_matrix_source_h_bound_of_RectDoolittleRoundedStageTrace_square_fl_triangular_solves_gamma	NumStability.Algorithms.HighamChapter9	NumStability.Source.Higham.Chapter09.Section06	theorem	public
NumStability.higham9_14_matrix_source_h_bound_of_RectDoolittleRoundedStageTrace_square_fl_triangular_solves_gamma_le	NumStability.Algorithms.HighamChapter9	NumStability.Source.Higham.Chapter09.Section06	theorem	public
NumStability.higham9_14_matrix_source_h_bound_of_absLU_le_absA_and_matrix_models	NumStability.Algorithms.HighamChapter9	NumStability.Source.Higham.Chapter09.Section06	theorem	public
NumStability.higham9_14_matrix_source_h_bound_of_absLU_le_absA_and_matrix_models_le	NumStability.Algorithms.HighamChapter9	NumStability.Source.Higham.Chapter09.Section06	theorem	public
NumStability.higham9_14_matrix_source_h_bound_of_absLU_le_const_absA_and_matrix_models	NumStability.Algorithms.HighamChapter9	NumStability.Source.Higham.Chapter09.Section06	theorem	public
NumStability.higham9_14_matrix_source_h_bound_of_absLU_le_const_absA_and_matrix_models_le	NumStability.Algorithms.HighamChapter9	NumStability.Source.Higham.Chapter09.Section06	theorem	public
NumStability.higham9_14_matrix_source_h_bound_of_matrix_models_absLUhat_bound	NumStability.Algorithms.HighamChapter9	NumStability.Source.Higham.Chapter09.Section06	theorem	public
NumStability.higham9_14_matrix_source_h_bound_of_matrix_models_absLUhat_mul_one_sub_bound	NumStability.Algorithms.HighamChapter9	NumStability.Source.Higham.Chapter09.Section06	theorem	public
NumStability.higham9_14_matrix_source_h_bound_of_rectLiteralDoolittle_exactTargetGaps_square_fl_triangular_solves_const_gamma	NumStability.Algorithms.HighamChapter9	NumStability.Source.Higham.Chapter09.Section06	theorem	public
NumStability.higham9_14_matrix_source_h_bound_of_rectLiteralDoolittle_exactTargetGaps_square_fl_triangular_solves_const_gamma_le	NumStability.Algorithms.HighamChapter9	NumStability.Source.Higham.Chapter09.Section06	theorem	public
NumStability.higham9_14_matrix_source_h_bound_of_rectLiteralDoolittle_exactTargetGaps_square_fl_triangular_solves_gamma	NumStability.Algorithms.HighamChapter9	NumStability.Source.Higham.Chapter09.Section06	theorem	public
NumStability.higham9_14_matrix_source_h_bound_of_rectLiteralDoolittle_exactTargetGaps_square_fl_triangular_solves_gamma_le	NumStability.Algorithms.HighamChapter9	NumStability.Source.Higham.Chapter09.Section06	theorem	public
NumStability.higham9_14_matrix_source_h_bound_of_rectRoundedLoop_square_fl_triangular_solves_absLU_le_absA_gamma	NumStability.Algorithms.HighamChapter9	NumStability.Source.Higham.Chapter09.Section06	theorem	public
NumStability.higham9_14_matrix_source_h_bound_of_rectRoundedLoop_square_fl_triangular_solves_absLU_le_absA_gamma_le	NumStability.Algorithms.HighamChapter9	NumStability.Source.Higham.Chapter09.Section06	theorem	public
NumStability.higham9_14_matrix_source_h_bound_of_rectRoundedLoop_square_fl_triangular_solves_const_gamma	NumStability.Algorithms.HighamChapter9	NumStability.Source.Higham.Chapter09.Section06	theorem	public
NumStability.higham9_14_matrix_source_h_bound_of_rectRoundedLoop_square_fl_triangular_solves_const_gamma_le	NumStability.Algorithms.HighamChapter9	NumStability.Source.Higham.Chapter09.Section06	theorem	public
NumStability.higham9_14_matrix_source_h_bound_of_rectRoundedLoop_square_fl_triangular_solves_gamma	NumStability.Algorithms.HighamChapter9	NumStability.Source.Higham.Chapter09.Section06	theorem	public
NumStability.higham9_14_matrix_source_h_bound_of_rectRoundedLoop_square_fl_triangular_solves_gamma_le	NumStability.Algorithms.HighamChapter9	NumStability.Source.Higham.Chapter09.Section06	theorem	public
NumStability.higham9_14_mmatrix_lu_source_f_bound_actual_triangular_solves	NumStability.Algorithms.HighamChapter9	NumStability.Source.Higham.Chapter09.Section06	theorem	public
NumStability.higham9_14_mmatrix_lu_source_f_bound_actual_triangular_solves_gamma	NumStability.Algorithms.HighamChapter9	NumStability.Source.Higham.Chapter09.Section06	theorem	public
NumStability.higham9_14_mmatrix_lu_source_f_bound_of_RectDoolittleRoundedStageTrace_square_fl_triangular_solves_gamma	NumStability.Algorithms.HighamChapter9	NumStability.Source.Higham.Chapter09.Section06	theorem	public
NumStability.higham9_14_mmatrix_lu_source_f_bound_of_RectDoolittleRoundedStageTrace_square_fl_triangular_solves_gamma_le	NumStability.Algorithms.HighamChapter9	NumStability.Source.Higham.Chapter09.Section06	theorem	public
NumStability.higham9_14_mmatrix_lu_source_f_bound_of_RectDoolittleRoundedStageTrace_square_models_gamma	NumStability.Algorithms.HighamChapter9	NumStability.Source.Higham.Chapter09.Section06	theorem	public
NumStability.higham9_14_mmatrix_lu_source_f_bound_of_models	NumStability.Algorithms.HighamChapter9	NumStability.Source.Higham.Chapter09.Section06	theorem	public
NumStability.higham9_14_mmatrix_lu_source_f_bound_of_models_gamma	NumStability.Algorithms.HighamChapter9	NumStability.Source.Higham.Chapter09.Section06	theorem	public
NumStability.higham9_14_mmatrix_lu_source_f_bound_of_rectRoundedLoop_square_fl_triangular_solves_gamma	NumStability.Algorithms.HighamChapter9	NumStability.Source.Higham.Chapter09.Section06	theorem	public
NumStability.higham9_14_mmatrix_lu_source_f_bound_of_rectRoundedLoop_square_fl_triangular_solves_gamma_le	NumStability.Algorithms.HighamChapter9	NumStability.Source.Higham.Chapter09.Section06	theorem	public
NumStability.higham9_14_mmatrix_lu_source_f_bound_of_rectRoundedLoop_square_models_gamma	NumStability.Algorithms.HighamChapter9	NumStability.Source.Higham.Chapter09.Section06	theorem	public
NumStability.higham9_14_mmatrix_lu_source_h_bound_actual_triangular_solves	NumStability.Algorithms.HighamChapter9	NumStability.Source.Higham.Chapter09.Section06	theorem	public
NumStability.higham9_14_mmatrix_lu_source_h_bound_actual_triangular_solves_gamma	NumStability.Algorithms.HighamChapter9	NumStability.Source.Higham.Chapter09.Section06	theorem	public
NumStability.higham9_14_mmatrix_lu_source_h_bound_of_RectDoolittleRoundedStageTrace_square_fl_triangular_solves_gamma	NumStability.Algorithms.HighamChapter9	NumStability.Source.Higham.Chapter09.Section06	theorem	public
NumStability.higham9_14_mmatrix_lu_source_h_bound_of_RectDoolittleRoundedStageTrace_square_fl_triangular_solves_gamma_le	NumStability.Algorithms.HighamChapter9	NumStability.Source.Higham.Chapter09.Section06	theorem	public
NumStability.higham9_14_mmatrix_lu_source_h_bound_of_RectDoolittleRoundedStageTrace_square_models_gamma	NumStability.Algorithms.HighamChapter9	NumStability.Source.Higham.Chapter09.Section06	theorem	public
NumStability.higham9_14_mmatrix_lu_source_h_bound_of_models	NumStability.Algorithms.HighamChapter9	NumStability.Source.Higham.Chapter09.Section06	theorem	public
NumStability.higham9_14_mmatrix_lu_source_h_bound_of_models_gamma	NumStability.Algorithms.HighamChapter9	NumStability.Source.Higham.Chapter09.Section06	theorem	public
NumStability.higham9_14_mmatrix_lu_source_h_bound_of_rectRoundedLoop_square_fl_triangular_solves_gamma	NumStability.Algorithms.HighamChapter9	NumStability.Source.Higham.Chapter09.Section06	theorem	public
NumStability.higham9_14_mmatrix_lu_source_h_bound_of_rectRoundedLoop_square_fl_triangular_solves_gamma_le	NumStability.Algorithms.HighamChapter9	NumStability.Source.Higham.Chapter09.Section06	theorem	public
NumStability.higham9_14_mmatrix_lu_source_h_bound_of_rectRoundedLoop_square_models_gamma	NumStability.Algorithms.HighamChapter9	NumStability.Source.Higham.Chapter09.Section06	theorem	public
NumStability.higham9_14_model_div_backward_corrected	NumStability.Algorithms.HighamChapter9Theorem914Primitive	NumStability.Source.Higham.Chapter09.Theorem914Primitive	theorem	public
NumStability.higham9_14_nonnegative_lu_source_f_bound_actual_triangular_solves	NumStability.Algorithms.HighamChapter9	NumStability.Source.Higham.Chapter09.Section06	theorem	public
NumStability.higham9_14_nonnegative_lu_source_f_bound_actual_triangular_solves_gamma	NumStability.Algorithms.HighamChapter9	NumStability.Source.Higham.Chapter09.Section06	theorem	public
NumStability.higham9_14_nonnegative_lu_source_f_bound_of_RectDoolittleRoundedStageTrace_square_fl_triangular_solves_gamma	NumStability.Algorithms.HighamChapter9	NumStability.Source.Higham.Chapter09.Section06	theorem	public
NumStability.higham9_14_nonnegative_lu_source_f_bound_of_RectDoolittleRoundedStageTrace_square_fl_triangular_solves_gamma_le	NumStability.Algorithms.HighamChapter9	NumStability.Source.Higham.Chapter09.Section06	theorem	public
NumStability.higham9_14_nonnegative_lu_source_f_bound_of_RectDoolittleRoundedStageTrace_square_models_gamma	NumStability.Algorithms.HighamChapter9	NumStability.Source.Higham.Chapter09.Section06	theorem	public
NumStability.higham9_14_nonnegative_lu_source_f_bound_of_models	NumStability.Algorithms.HighamChapter9	NumStability.Source.Higham.Chapter09.Section06	theorem	public
NumStability.higham9_14_nonnegative_lu_source_f_bound_of_models_gamma	NumStability.Algorithms.HighamChapter9	NumStability.Source.Higham.Chapter09.Section06	theorem	public
NumStability.higham9_14_nonnegative_lu_source_f_bound_of_rectRoundedLoop_square_fl_triangular_solves_gamma	NumStability.Algorithms.HighamChapter9	NumStability.Source.Higham.Chapter09.Section06	theorem	public
NumStability.higham9_14_nonnegative_lu_source_f_bound_of_rectRoundedLoop_square_fl_triangular_solves_gamma_le	NumStability.Algorithms.HighamChapter9	NumStability.Source.Higham.Chapter09.Section06	theorem	public
NumStability.higham9_14_nonnegative_lu_source_f_bound_of_rectRoundedLoop_square_models_gamma	NumStability.Algorithms.HighamChapter9	NumStability.Source.Higham.Chapter09.Section06	theorem	public
NumStability.higham9_14_nonnegative_lu_source_h_bound_actual_triangular_solves	NumStability.Algorithms.HighamChapter9	NumStability.Source.Higham.Chapter09.Section06	theorem	public
NumStability.higham9_14_nonnegative_lu_source_h_bound_actual_triangular_solves_gamma	NumStability.Algorithms.HighamChapter9	NumStability.Source.Higham.Chapter09.Section06	theorem	public
NumStability.higham9_14_nonnegative_lu_source_h_bound_of_RectDoolittleRoundedStageTrace_square_fl_triangular_solves_gamma	NumStability.Algorithms.HighamChapter9	NumStability.Source.Higham.Chapter09.Section06	theorem	public
NumStability.higham9_14_nonnegative_lu_source_h_bound_of_RectDoolittleRoundedStageTrace_square_fl_triangular_solves_gamma_le	NumStability.Algorithms.HighamChapter9	NumStability.Source.Higham.Chapter09.Section06	theorem	public
NumStability.higham9_14_nonnegative_lu_source_h_bound_of_RectDoolittleRoundedStageTrace_square_models_gamma	NumStability.Algorithms.HighamChapter9	NumStability.Source.Higham.Chapter09.Section06	theorem	public
NumStability.higham9_14_nonnegative_lu_source_h_bound_of_models	NumStability.Algorithms.HighamChapter9	NumStability.Source.Higham.Chapter09.Section06	theorem	public
NumStability.higham9_14_nonnegative_lu_source_h_bound_of_models_gamma	NumStability.Algorithms.HighamChapter9	NumStability.Source.Higham.Chapter09.Section06	theorem	public
NumStability.higham9_14_nonnegative_lu_source_h_bound_of_rectRoundedLoop_square_fl_triangular_solves_gamma	NumStability.Algorithms.HighamChapter9	NumStability.Source.Higham.Chapter09.Section06	theorem	public
NumStability.higham9_14_nonnegative_lu_source_h_bound_of_rectRoundedLoop_square_fl_triangular_solves_gamma_le	NumStability.Algorithms.HighamChapter9	NumStability.Source.Higham.Chapter09.Section06	theorem	public
NumStability.higham9_14_nonnegative_lu_source_h_bound_of_rectRoundedLoop_square_models_gamma	NumStability.Algorithms.HighamChapter9	NumStability.Source.Higham.Chapter09.Section06	theorem	public
NumStability.higham9_14_pivotErrorBudget	NumStability.Algorithms.HighamChapter9Theorem914Primitive	NumStability.Source.Higham.Chapter09.Theorem914Primitive	definition	public
NumStability.higham9_14_pivotGrowth	NumStability.Algorithms.HighamChapter9Theorem914Primitive	NumStability.Source.Higham.Chapter09.Theorem914Primitive	definition	public
NumStability.higham9_14_pivotRound	NumStability.Algorithms.HighamChapter9Theorem914Primitive	NumStability.Source.Higham.Chapter09.Theorem914Primitive	definition	public
NumStability.higham9_14_pow_two_le_completePivotWilkinsonBound_of_eq_one	NumStability.Algorithms.HighamChapter9	NumStability.Source.Higham.Chapter09.Section04	theorem	public
NumStability.higham9_14_pow_two_le_completePivotWilkinsonBound_of_le_two	NumStability.Algorithms.HighamChapter9	NumStability.Source.Higham.Chapter09.Section04	theorem	public
NumStability.higham9_14_roundedMultiplier	NumStability.Algorithms.HighamChapter9Theorem914Primitive	NumStability.Source.Higham.Chapter09.Theorem914Primitive	definition	public
NumStability.higham9_14_roundedPivot	NumStability.Algorithms.HighamChapter9Theorem914Primitive	NumStability.Source.Higham.Chapter09.Theorem914Primitive	definition	public
NumStability.higham9_14_roundedPivot_ne_zero_of_explicit_margin	NumStability.Algorithms.HighamChapter9Theorem914Primitive	NumStability.Source.Higham.Chapter09.Theorem914Primitive	theorem	public
NumStability.higham9_14_roundedPivot_nonbreakdown_of_explicit_margin	NumStability.Algorithms.HighamChapter9Theorem914Primitive	NumStability.Source.Higham.Chapter09.Theorem914Primitive	theorem	public
NumStability.higham9_14_roundedPivot_succ	NumStability.Algorithms.HighamChapter9Theorem914Primitive	NumStability.Source.Higham.Chapter09.Theorem914Primitive	theorem	public
NumStability.higham9_14_roundedPivot_zero	NumStability.Algorithms.HighamChapter9Theorem914Primitive	NumStability.Source.Higham.Chapter09.Theorem914Primitive	theorem	public
NumStability.higham9_14_same_u_div_backward_not_from_bare_FPModel	NumStability.Algorithms.HighamChapter9Theorem914Primitive	NumStability.Source.Higham.Chapter09.Theorem914Primitive	theorem	public
NumStability.higham9_14_sign_equiv_source_f_bound_actual_triangular_solves	NumStability.Algorithms.HighamChapter9	NumStability.Source.Higham.Chapter09.Section06	theorem	public
NumStability.higham9_14_sign_equiv_source_f_bound_actual_triangular_solves_gamma	NumStability.Algorithms.HighamChapter9	NumStability.Source.Higham.Chapter09.Section06	theorem	public
NumStability.higham9_14_sign_equiv_source_f_bound_actual_triangular_solves_of_IsSignEquiv	NumStability.Algorithms.HighamChapter9	NumStability.Source.Higham.Chapter09.Section06	theorem	public
NumStability.higham9_14_sign_equiv_source_f_bound_actual_triangular_solves_of_IsSignEquiv_gamma	NumStability.Algorithms.HighamChapter9	NumStability.Source.Higham.Chapter09.Section06	theorem	public
NumStability.higham9_14_sign_equiv_source_f_bound_of_IsSignEquiv_RectDoolittleRoundedStageTrace_square_fl_triangular_solves_gamma	NumStability.Algorithms.HighamChapter9	NumStability.Source.Higham.Chapter09.Section06	theorem	public
NumStability.higham9_14_sign_equiv_source_f_bound_of_IsSignEquiv_RectDoolittleRoundedStageTrace_square_fl_triangular_solves_gamma_le	NumStability.Algorithms.HighamChapter9	NumStability.Source.Higham.Chapter09.Section06	theorem	public
NumStability.higham9_14_sign_equiv_source_f_bound_of_IsSignEquiv_RectDoolittleRoundedStageTrace_square_models_gamma	NumStability.Algorithms.HighamChapter9	NumStability.Source.Higham.Chapter09.Section06	theorem	public
NumStability.higham9_14_sign_equiv_source_f_bound_of_IsSignEquiv_models	NumStability.Algorithms.HighamChapter9	NumStability.Source.Higham.Chapter09.Section06	theorem	public
NumStability.higham9_14_sign_equiv_source_f_bound_of_IsSignEquiv_models_gamma	NumStability.Algorithms.HighamChapter9	NumStability.Source.Higham.Chapter09.Section06	theorem	public
NumStability.higham9_14_sign_equiv_source_f_bound_of_IsSignEquiv_rectRoundedLoop_square_fl_triangular_solves_gamma	NumStability.Algorithms.HighamChapter9	NumStability.Source.Higham.Chapter09.Section06	theorem	public
NumStability.higham9_14_sign_equiv_source_f_bound_of_IsSignEquiv_rectRoundedLoop_square_fl_triangular_solves_gamma_le	NumStability.Algorithms.HighamChapter9	NumStability.Source.Higham.Chapter09.Section06	theorem	public
NumStability.higham9_14_sign_equiv_source_f_bound_of_IsSignEquiv_rectRoundedLoop_square_models_gamma	NumStability.Algorithms.HighamChapter9	NumStability.Source.Higham.Chapter09.Section06	theorem	public
NumStability.higham9_14_sign_equiv_source_f_bound_of_models	NumStability.Algorithms.HighamChapter9	NumStability.Source.Higham.Chapter09.Section06	theorem	public
NumStability.higham9_14_sign_equiv_source_f_bound_of_models_gamma	NumStability.Algorithms.HighamChapter9	NumStability.Source.Higham.Chapter09.Section06	theorem	public
NumStability.higham9_14_sign_equiv_source_h_bound_actual_triangular_solves	NumStability.Algorithms.HighamChapter9	NumStability.Source.Higham.Chapter09.Section06	theorem	public
NumStability.higham9_14_sign_equiv_source_h_bound_actual_triangular_solves_gamma	NumStability.Algorithms.HighamChapter9	NumStability.Source.Higham.Chapter09.Section06	theorem	public
NumStability.higham9_14_sign_equiv_source_h_bound_actual_triangular_solves_of_IsSignEquiv	NumStability.Algorithms.HighamChapter9	NumStability.Source.Higham.Chapter09.Section06	theorem	public
NumStability.higham9_14_sign_equiv_source_h_bound_actual_triangular_solves_of_IsSignEquiv_gamma	NumStability.Algorithms.HighamChapter9	NumStability.Source.Higham.Chapter09.Section06	theorem	public
NumStability.higham9_14_sign_equiv_source_h_bound_of_IsSignEquiv_RectDoolittleRoundedStageTrace_square_fl_triangular_solves_gamma	NumStability.Algorithms.HighamChapter9	NumStability.Source.Higham.Chapter09.Section06	theorem	public
NumStability.higham9_14_sign_equiv_source_h_bound_of_IsSignEquiv_RectDoolittleRoundedStageTrace_square_fl_triangular_solves_gamma_le	NumStability.Algorithms.HighamChapter9	NumStability.Source.Higham.Chapter09.Section06	theorem	public
NumStability.higham9_14_sign_equiv_source_h_bound_of_IsSignEquiv_RectDoolittleRoundedStageTrace_square_models_gamma	NumStability.Algorithms.HighamChapter9	NumStability.Source.Higham.Chapter09.Section06	theorem	public
NumStability.higham9_14_sign_equiv_source_h_bound_of_IsSignEquiv_models	NumStability.Algorithms.HighamChapter9	NumStability.Source.Higham.Chapter09.Section06	theorem	public
NumStability.higham9_14_sign_equiv_source_h_bound_of_IsSignEquiv_models_gamma	NumStability.Algorithms.HighamChapter9	NumStability.Source.Higham.Chapter09.Section06	theorem	public
NumStability.higham9_14_sign_equiv_source_h_bound_of_IsSignEquiv_rectRoundedLoop_square_fl_triangular_solves_gamma	NumStability.Algorithms.HighamChapter9	NumStability.Source.Higham.Chapter09.Section06	theorem	public
NumStability.higham9_14_sign_equiv_source_h_bound_of_IsSignEquiv_rectRoundedLoop_square_fl_triangular_solves_gamma_le	NumStability.Algorithms.HighamChapter9	NumStability.Source.Higham.Chapter09.Section06	theorem	public
NumStability.higham9_14_sign_equiv_source_h_bound_of_IsSignEquiv_rectRoundedLoop_square_models_gamma	NumStability.Algorithms.HighamChapter9	NumStability.Source.Higham.Chapter09.Section06	theorem	public
NumStability.higham9_14_sign_equiv_source_h_bound_of_models	NumStability.Algorithms.HighamChapter9	NumStability.Source.Higham.Chapter09.Section06	theorem	public
NumStability.higham9_14_sign_equiv_source_h_bound_of_models_gamma	NumStability.Algorithms.HighamChapter9	NumStability.Source.Higham.Chapter09.Section06	theorem	public
NumStability.higham9_14_source_f_bound	NumStability.Algorithms.HighamChapter9	NumStability.Source.Higham.Chapter09.Section06	theorem	public
NumStability.higham9_14_source_f_bound_of_DoolittleDenseLoopAbsBudgetCertificate_fl_triangular_solves_absLU_le_absA_gamma	NumStability.Algorithms.HighamChapter9	NumStability.Source.Higham.Chapter09.Section06	theorem	public
NumStability.higham9_14_source_f_bound_of_DoolittleDenseLoopAbsBudgetCertificate_fl_triangular_solves_absLU_le_absA_gamma_le	NumStability.Algorithms.HighamChapter9	NumStability.Source.Higham.Chapter09.Section06	theorem	public
NumStability.higham9_14_source_f_bound_of_DoolittleDenseLoopAbsBudgetCertificate_fl_triangular_solves_gamma	NumStability.Algorithms.HighamChapter9	NumStability.Source.Higham.Chapter09.Section06	theorem	public
NumStability.higham9_14_source_f_bound_of_DoolittleDenseLoopAbsBudgetCertificate_fl_triangular_solves_gamma_le	NumStability.Algorithms.HighamChapter9	NumStability.Source.Higham.Chapter09.Section06	theorem	public
NumStability.higham9_14_source_f_bound_of_DoolittleDenseLoopCertificate_fl_triangular_solves_absLU_le_absA_gamma	NumStability.Algorithms.HighamChapter9	NumStability.Source.Higham.Chapter09.Section06	theorem	public
NumStability.higham9_14_source_f_bound_of_DoolittleDenseLoopCertificate_fl_triangular_solves_absLU_le_absA_gamma_le	NumStability.Algorithms.HighamChapter9	NumStability.Source.Higham.Chapter09.Section06	theorem	public
NumStability.higham9_14_source_f_bound_of_DoolittleDenseLoopCertificate_fl_triangular_solves_gamma	NumStability.Algorithms.HighamChapter9	NumStability.Source.Higham.Chapter09.Section06	theorem	public
NumStability.higham9_14_source_f_bound_of_DoolittleDenseLoopCertificate_fl_triangular_solves_gamma_le	NumStability.Algorithms.HighamChapter9	NumStability.Source.Higham.Chapter09.Section06	theorem	public
NumStability.higham9_14_source_f_bound_of_LUBackwardError_fl_triangular_solves_absLU_le_absA_gamma	NumStability.Algorithms.HighamChapter9	NumStability.Source.Higham.Chapter09.Section06	theorem	public
NumStability.higham9_14_source_f_bound_of_LUBackwardError_fl_triangular_solves_absLU_le_absA_gamma_le	NumStability.Algorithms.HighamChapter9	NumStability.Source.Higham.Chapter09.Section06	theorem	public
NumStability.higham9_14_source_f_bound_of_LUBackwardError_fl_triangular_solves_gamma	NumStability.Algorithms.HighamChapter9	NumStability.Source.Higham.Chapter09.Section06	theorem	public
NumStability.higham9_14_source_f_bound_of_LUBackwardError_fl_triangular_solves_gamma_le	NumStability.Algorithms.HighamChapter9	NumStability.Source.Higham.Chapter09.Section06	theorem	public
NumStability.higham9_14_source_f_bound_of_LUFactSpec_fl_triangular_solves_absLU_le_absA_gamma	NumStability.Algorithms.HighamChapter9	NumStability.Source.Higham.Chapter09.Section06	theorem	public
NumStability.higham9_14_source_f_bound_of_LUFactSpec_fl_triangular_solves_absLU_le_absA_gamma_le	NumStability.Algorithms.HighamChapter9	NumStability.Source.Higham.Chapter09.Section06	theorem	public
NumStability.higham9_14_source_f_bound_of_LUFactSpec_fl_triangular_solves_gamma	NumStability.Algorithms.HighamChapter9	NumStability.Source.Higham.Chapter09.Section06	theorem	public
NumStability.higham9_14_source_f_bound_of_LUFactSpec_fl_triangular_solves_gamma_le	NumStability.Algorithms.HighamChapter9	NumStability.Source.Higham.Chapter09.Section06	theorem	public
NumStability.higham9_14_source_f_bound_of_RectDoolittleDenseLoopAbsBudgetCertificate_square_fl_triangular_solves_absLU_le_absA_gamma	NumStability.Algorithms.HighamChapter9	NumStability.Source.Higham.Chapter09.Section06	theorem	public
NumStability.higham9_14_source_f_bound_of_RectDoolittleDenseLoopAbsBudgetCertificate_square_fl_triangular_solves_absLU_le_absA_gamma_le	NumStability.Algorithms.HighamChapter9	NumStability.Source.Higham.Chapter09.Section06	theorem	public
NumStability.higham9_14_source_f_bound_of_RectDoolittleDenseLoopAbsBudgetCertificate_square_fl_triangular_solves_gamma	NumStability.Algorithms.HighamChapter9	NumStability.Source.Higham.Chapter09.Section06	theorem	public
NumStability.higham9_14_source_f_bound_of_RectDoolittleDenseLoopAbsBudgetCertificate_square_fl_triangular_solves_gamma_le	NumStability.Algorithms.HighamChapter9	NumStability.Source.Higham.Chapter09.Section06	theorem	public
NumStability.higham9_14_source_f_bound_of_RectDoolittleDenseLoopCertificate_square_fl_triangular_solves_absLU_le_absA_gamma	NumStability.Algorithms.HighamChapter9	NumStability.Source.Higham.Chapter09.Section06	theorem	public
NumStability.higham9_14_source_f_bound_of_RectDoolittleDenseLoopCertificate_square_fl_triangular_solves_absLU_le_absA_gamma_le	NumStability.Algorithms.HighamChapter9	NumStability.Source.Higham.Chapter09.Section06	theorem	public
NumStability.higham9_14_source_f_bound_of_RectDoolittleDenseLoopCertificate_square_fl_triangular_solves_gamma	NumStability.Algorithms.HighamChapter9	NumStability.Source.Higham.Chapter09.Section06	theorem	public
NumStability.higham9_14_source_f_bound_of_RectDoolittleDenseLoopCertificate_square_fl_triangular_solves_gamma_le	NumStability.Algorithms.HighamChapter9	NumStability.Source.Higham.Chapter09.Section06	theorem	public
NumStability.higham9_14_source_f_bound_of_RectDoolittleRoundedStageTrace_square_fl_triangular_solves_absLU_le_absA_gamma	NumStability.Algorithms.HighamChapter9	NumStability.Source.Higham.Chapter09.Section06	theorem	public
NumStability.higham9_14_source_f_bound_of_RectDoolittleRoundedStageTrace_square_fl_triangular_solves_absLU_le_absA_gamma_le	NumStability.Algorithms.HighamChapter9	NumStability.Source.Higham.Chapter09.Section06	theorem	public
NumStability.higham9_14_source_f_bound_of_RectDoolittleRoundedStageTrace_square_fl_triangular_solves_gamma	NumStability.Algorithms.HighamChapter9	NumStability.Source.Higham.Chapter09.Section06	theorem	public
NumStability.higham9_14_source_f_bound_of_RectDoolittleRoundedStageTrace_square_fl_triangular_solves_gamma_le	NumStability.Algorithms.HighamChapter9	NumStability.Source.Higham.Chapter09.Section06	theorem	public
NumStability.higham9_14_source_f_bound_of_absLU_le_absA_and_9_20_9_21_models	NumStability.Algorithms.HighamChapter9	NumStability.Source.Higham.Chapter09.Section06	theorem	public
NumStability.higham9_14_source_f_bound_of_absLU_le_absA_and_9_20_9_21_models_le	NumStability.Algorithms.HighamChapter9	NumStability.Source.Higham.Chapter09.Section06	theorem	public
NumStability.higham9_14_source_f_bound_of_absLU_le_const_absA_and_9_20_9_21_models	NumStability.Algorithms.HighamChapter9	NumStability.Source.Higham.Chapter09.Section06	theorem	public
NumStability.higham9_14_source_f_bound_of_absLU_le_const_absA_and_9_20_9_21_models_le	NumStability.Algorithms.HighamChapter9	NumStability.Source.Higham.Chapter09.Section06	theorem	public
NumStability.higham9_14_source_f_bound_of_rectLiteralDoolittle_exactTargetGaps_square_fl_triangular_solves_gamma	NumStability.Algorithms.HighamChapter9	NumStability.Source.Higham.Chapter09.Section06	theorem	public
NumStability.higham9_14_source_f_bound_of_rectLiteralDoolittle_exactTargetGaps_square_fl_triangular_solves_gamma_le	NumStability.Algorithms.HighamChapter9	NumStability.Source.Higham.Chapter09.Section06	theorem	public
NumStability.higham9_14_source_f_bound_of_rectRoundedLoop_square_fl_triangular_solves_absLU_le_absA_gamma	NumStability.Algorithms.HighamChapter9	NumStability.Source.Higham.Chapter09.Section06	theorem	public
NumStability.higham9_14_source_f_bound_of_rectRoundedLoop_square_fl_triangular_solves_absLU_le_absA_gamma_le	NumStability.Algorithms.HighamChapter9	NumStability.Source.Higham.Chapter09.Section06	theorem	public
NumStability.higham9_14_source_f_bound_of_rectRoundedLoop_square_fl_triangular_solves_gamma	NumStability.Algorithms.HighamChapter9	NumStability.Source.Higham.Chapter09.Section06	theorem	public
NumStability.higham9_14_source_f_bound_of_rectRoundedLoop_square_fl_triangular_solves_gamma_le	NumStability.Algorithms.HighamChapter9	NumStability.Source.Higham.Chapter09.Section06	theorem	public
NumStability.higham9_14_source_h_bound_of_9_20_9_21_models_absLUhat_bound	NumStability.Algorithms.HighamChapter9	NumStability.Source.Higham.Chapter09.Section06	theorem	public
NumStability.higham9_14_source_h_bound_of_9_20_9_21_models_absLUhat_mul_one_sub_bound	NumStability.Algorithms.HighamChapter9	NumStability.Source.Higham.Chapter09.Section06	theorem	public
NumStability.higham9_14_source_h_bound_of_DoolittleDenseLoopAbsBudgetCertificate_fl_triangular_solves_absLU_le_absA_gamma	NumStability.Algorithms.HighamChapter9	NumStability.Source.Higham.Chapter09.Section06	theorem	public
NumStability.higham9_14_source_h_bound_of_DoolittleDenseLoopAbsBudgetCertificate_fl_triangular_solves_absLU_le_absA_gamma_le	NumStability.Algorithms.HighamChapter9	NumStability.Source.Higham.Chapter09.Section06	theorem	public
NumStability.higham9_14_source_h_bound_of_DoolittleDenseLoopAbsBudgetCertificate_fl_triangular_solves_const_gamma	NumStability.Algorithms.HighamChapter9	NumStability.Source.Higham.Chapter09.Section06	theorem	public
NumStability.higham9_14_source_h_bound_of_DoolittleDenseLoopAbsBudgetCertificate_fl_triangular_solves_const_gamma_le	NumStability.Algorithms.HighamChapter9	NumStability.Source.Higham.Chapter09.Section06	theorem	public
NumStability.higham9_14_source_h_bound_of_DoolittleDenseLoopAbsBudgetCertificate_fl_triangular_solves_gamma	NumStability.Algorithms.HighamChapter9	NumStability.Source.Higham.Chapter09.Section06	theorem	public
NumStability.higham9_14_source_h_bound_of_DoolittleDenseLoopAbsBudgetCertificate_fl_triangular_solves_gamma_le	NumStability.Algorithms.HighamChapter9	NumStability.Source.Higham.Chapter09.Section06	theorem	public
NumStability.higham9_14_source_h_bound_of_DoolittleDenseLoopCertificate_fl_triangular_solves_absLU_le_absA_gamma	NumStability.Algorithms.HighamChapter9	NumStability.Source.Higham.Chapter09.Section06	theorem	public
NumStability.higham9_14_source_h_bound_of_DoolittleDenseLoopCertificate_fl_triangular_solves_absLU_le_absA_gamma_le	NumStability.Algorithms.HighamChapter9	NumStability.Source.Higham.Chapter09.Section06	theorem	public
NumStability.higham9_14_source_h_bound_of_DoolittleDenseLoopCertificate_fl_triangular_solves_const_gamma	NumStability.Algorithms.HighamChapter9	NumStability.Source.Higham.Chapter09.Section06	theorem	public
NumStability.higham9_14_source_h_bound_of_DoolittleDenseLoopCertificate_fl_triangular_solves_const_gamma_le	NumStability.Algorithms.HighamChapter9	NumStability.Source.Higham.Chapter09.Section06	theorem	public
NumStability.higham9_14_source_h_bound_of_DoolittleDenseLoopCertificate_fl_triangular_solves_gamma	NumStability.Algorithms.HighamChapter9	NumStability.Source.Higham.Chapter09.Section06	theorem	public
NumStability.higham9_14_source_h_bound_of_DoolittleDenseLoopCertificate_fl_triangular_solves_gamma_le	NumStability.Algorithms.HighamChapter9	NumStability.Source.Higham.Chapter09.Section06	theorem	public
NumStability.higham9_14_source_h_bound_of_LUBackwardError_fl_triangular_solves_absLU_le_absA_gamma	NumStability.Algorithms.HighamChapter9	NumStability.Source.Higham.Chapter09.Section06	theorem	public
NumStability.higham9_14_source_h_bound_of_LUBackwardError_fl_triangular_solves_absLU_le_absA_gamma_le	NumStability.Algorithms.HighamChapter9	NumStability.Source.Higham.Chapter09.Section06	theorem	public
NumStability.higham9_14_source_h_bound_of_LUBackwardError_fl_triangular_solves_const_gamma	NumStability.Algorithms.HighamChapter9	NumStability.Source.Higham.Chapter09.Section06	theorem	public
NumStability.higham9_14_source_h_bound_of_LUBackwardError_fl_triangular_solves_const_gamma_le	NumStability.Algorithms.HighamChapter9	NumStability.Source.Higham.Chapter09.Section06	theorem	public
NumStability.higham9_14_source_h_bound_of_LUBackwardError_fl_triangular_solves_gamma	NumStability.Algorithms.HighamChapter9	NumStability.Source.Higham.Chapter09.Section06	theorem	public
NumStability.higham9_14_source_h_bound_of_LUBackwardError_fl_triangular_solves_gamma_le	NumStability.Algorithms.HighamChapter9	NumStability.Source.Higham.Chapter09.Section06	theorem	public
NumStability.higham9_14_source_h_bound_of_LUFactSpec_fl_triangular_solves_absLU_le_absA_gamma	NumStability.Algorithms.HighamChapter9	NumStability.Source.Higham.Chapter09.Section06	theorem	public
NumStability.higham9_14_source_h_bound_of_LUFactSpec_fl_triangular_solves_absLU_le_absA_gamma_le	NumStability.Algorithms.HighamChapter9	NumStability.Source.Higham.Chapter09.Section06	theorem	public
NumStability.higham9_14_source_h_bound_of_LUFactSpec_fl_triangular_solves_const_gamma	NumStability.Algorithms.HighamChapter9	NumStability.Source.Higham.Chapter09.Section06	theorem	public
NumStability.higham9_14_source_h_bound_of_LUFactSpec_fl_triangular_solves_const_gamma_le	NumStability.Algorithms.HighamChapter9	NumStability.Source.Higham.Chapter09.Section06	theorem	public
NumStability.higham9_14_source_h_bound_of_LUFactSpec_fl_triangular_solves_gamma	NumStability.Algorithms.HighamChapter9	NumStability.Source.Higham.Chapter09.Section06	theorem	public
NumStability.higham9_14_source_h_bound_of_LUFactSpec_fl_triangular_solves_gamma_le	NumStability.Algorithms.HighamChapter9	NumStability.Source.Higham.Chapter09.Section06	theorem	public
NumStability.higham9_14_source_h_bound_of_RectDoolittleDenseLoopAbsBudgetCertificate_square_fl_triangular_solves_absLU_le_absA_gamma	NumStability.Algorithms.HighamChapter9	NumStability.Source.Higham.Chapter09.Section06	theorem	public
NumStability.higham9_14_source_h_bound_of_RectDoolittleDenseLoopAbsBudgetCertificate_square_fl_triangular_solves_absLU_le_absA_gamma_le	NumStability.Algorithms.HighamChapter9	NumStability.Source.Higham.Chapter09.Section06	theorem	public
NumStability.higham9_14_source_h_bound_of_RectDoolittleDenseLoopAbsBudgetCertificate_square_fl_triangular_solves_const_gamma	NumStability.Algorithms.HighamChapter9	NumStability.Source.Higham.Chapter09.Section06	theorem	public
NumStability.higham9_14_source_h_bound_of_RectDoolittleDenseLoopAbsBudgetCertificate_square_fl_triangular_solves_const_gamma_le	NumStability.Algorithms.HighamChapter9	NumStability.Source.Higham.Chapter09.Section06	theorem	public
NumStability.higham9_14_source_h_bound_of_RectDoolittleDenseLoopAbsBudgetCertificate_square_fl_triangular_solves_gamma	NumStability.Algorithms.HighamChapter9	NumStability.Source.Higham.Chapter09.Section06	theorem	public
NumStability.higham9_14_source_h_bound_of_RectDoolittleDenseLoopAbsBudgetCertificate_square_fl_triangular_solves_gamma_le	NumStability.Algorithms.HighamChapter9	NumStability.Source.Higham.Chapter09.Section06	theorem	public
NumStability.higham9_14_source_h_bound_of_RectDoolittleDenseLoopCertificate_square_fl_triangular_solves_absLU_le_absA_gamma	NumStability.Algorithms.HighamChapter9	NumStability.Source.Higham.Chapter09.Section06	theorem	public
NumStability.higham9_14_source_h_bound_of_RectDoolittleDenseLoopCertificate_square_fl_triangular_solves_absLU_le_absA_gamma_le	NumStability.Algorithms.HighamChapter9	NumStability.Source.Higham.Chapter09.Section06	theorem	public
NumStability.higham9_14_source_h_bound_of_RectDoolittleDenseLoopCertificate_square_fl_triangular_solves_const_gamma	NumStability.Algorithms.HighamChapter9	NumStability.Source.Higham.Chapter09.Section06	theorem	public
NumStability.higham9_14_source_h_bound_of_RectDoolittleDenseLoopCertificate_square_fl_triangular_solves_const_gamma_le	NumStability.Algorithms.HighamChapter9	NumStability.Source.Higham.Chapter09.Section06	theorem	public
NumStability.higham9_14_source_h_bound_of_RectDoolittleDenseLoopCertificate_square_fl_triangular_solves_gamma	NumStability.Algorithms.HighamChapter9	NumStability.Source.Higham.Chapter09.Section06	theorem	public
NumStability.higham9_14_source_h_bound_of_RectDoolittleDenseLoopCertificate_square_fl_triangular_solves_gamma_le	NumStability.Algorithms.HighamChapter9	NumStability.Source.Higham.Chapter09.Section06	theorem	public
NumStability.higham9_14_source_h_bound_of_RectDoolittleRoundedStageTrace_square_fl_triangular_solves_absLU_le_absA_gamma	NumStability.Algorithms.HighamChapter9	NumStability.Source.Higham.Chapter09.Section06	theorem	public
NumStability.higham9_14_source_h_bound_of_RectDoolittleRoundedStageTrace_square_fl_triangular_solves_absLU_le_absA_gamma_le	NumStability.Algorithms.HighamChapter9	NumStability.Source.Higham.Chapter09.Section06	theorem	public
NumStability.higham9_14_source_h_bound_of_RectDoolittleRoundedStageTrace_square_fl_triangular_solves_const_gamma	NumStability.Algorithms.HighamChapter9	NumStability.Source.Higham.Chapter09.Section06	theorem	public
NumStability.higham9_14_source_h_bound_of_RectDoolittleRoundedStageTrace_square_fl_triangular_solves_const_gamma_le	NumStability.Algorithms.HighamChapter9	NumStability.Source.Higham.Chapter09.Section06	theorem	public
NumStability.higham9_14_source_h_bound_of_RectDoolittleRoundedStageTrace_square_fl_triangular_solves_gamma	NumStability.Algorithms.HighamChapter9	NumStability.Source.Higham.Chapter09.Section06	theorem	public
NumStability.higham9_14_source_h_bound_of_RectDoolittleRoundedStageTrace_square_fl_triangular_solves_gamma_le	NumStability.Algorithms.HighamChapter9	NumStability.Source.Higham.Chapter09.Section06	theorem	public
NumStability.higham9_14_source_h_bound_of_absLU_le_absA_and_9_20_9_21_models	NumStability.Algorithms.HighamChapter9	NumStability.Source.Higham.Chapter09.Section06	theorem	public
NumStability.higham9_14_source_h_bound_of_absLU_le_absA_and_9_20_9_21_models_le	NumStability.Algorithms.HighamChapter9	NumStability.Source.Higham.Chapter09.Section06	theorem	public
NumStability.higham9_14_source_h_bound_of_absLU_le_const_absA_and_9_20_9_21_models	NumStability.Algorithms.HighamChapter9	NumStability.Source.Higham.Chapter09.Section06	theorem	public
NumStability.higham9_14_source_h_bound_of_absLU_le_const_absA_and_9_20_9_21_models_le	NumStability.Algorithms.HighamChapter9	NumStability.Source.Higham.Chapter09.Section06	theorem	public
NumStability.higham9_14_source_h_bound_of_absLUhat_bound	NumStability.Algorithms.HighamChapter9	NumStability.Source.Higham.Chapter09.Section06	theorem	public
NumStability.higham9_14_source_h_bound_of_absLUhat_mul_one_sub_bound	NumStability.Algorithms.HighamChapter9	NumStability.Source.Higham.Chapter09.Section06	theorem	public
NumStability.higham9_14_source_h_bound_of_rectLiteralDoolittle_exactTargetGaps_square_fl_triangular_solves_const_gamma	NumStability.Algorithms.HighamChapter9	NumStability.Source.Higham.Chapter09.Section06	theorem	public
NumStability.higham9_14_source_h_bound_of_rectLiteralDoolittle_exactTargetGaps_square_fl_triangular_solves_const_gamma_le	NumStability.Algorithms.HighamChapter9	NumStability.Source.Higham.Chapter09.Section06	theorem	public
NumStability.higham9_14_source_h_bound_of_rectLiteralDoolittle_exactTargetGaps_square_fl_triangular_solves_gamma	NumStability.Algorithms.HighamChapter9	NumStability.Source.Higham.Chapter09.Section06	theorem	public
NumStability.higham9_14_source_h_bound_of_rectLiteralDoolittle_exactTargetGaps_square_fl_triangular_solves_gamma_le	NumStability.Algorithms.HighamChapter9	NumStability.Source.Higham.Chapter09.Section06	theorem	public
NumStability.higham9_14_source_h_bound_of_rectRoundedLoop_square_fl_triangular_solves_absLU_le_absA_gamma	NumStability.Algorithms.HighamChapter9	NumStability.Source.Higham.Chapter09.Section06	theorem	public
NumStability.higham9_14_source_h_bound_of_rectRoundedLoop_square_fl_triangular_solves_absLU_le_absA_gamma_le	NumStability.Algorithms.HighamChapter9	NumStability.Source.Higham.Chapter09.Section06	theorem	public
NumStability.higham9_14_source_h_bound_of_rectRoundedLoop_square_fl_triangular_solves_const_gamma	NumStability.Algorithms.HighamChapter9	NumStability.Source.Higham.Chapter09.Section06	theorem	public
NumStability.higham9_14_source_h_bound_of_rectRoundedLoop_square_fl_triangular_solves_const_gamma_le	NumStability.Algorithms.HighamChapter9	NumStability.Source.Higham.Chapter09.Section06	theorem	public
NumStability.higham9_14_source_h_bound_of_rectRoundedLoop_square_fl_triangular_solves_gamma	NumStability.Algorithms.HighamChapter9	NumStability.Source.Higham.Chapter09.Section06	theorem	public
NumStability.higham9_14_source_h_bound_of_rectRoundedLoop_square_fl_triangular_solves_gamma_le	NumStability.Algorithms.HighamChapter9	NumStability.Source.Higham.Chapter09.Section06	theorem	public
NumStability.higham9_14_spd_tridiag_positive_DLT_source_f_bound_actual_triangular_solves	NumStability.Algorithms.HighamChapter9	NumStability.Source.Higham.Chapter09.Section06	theorem	public
NumStability.higham9_14_spd_tridiag_positive_DLT_source_f_bound_actual_triangular_solves_gamma	NumStability.Algorithms.HighamChapter9	NumStability.Source.Higham.Chapter09.Section06	theorem	public
NumStability.higham9_14_spd_tridiag_positive_DLT_source_f_bound_actual_triangular_solves_of_recurrence	NumStability.Algorithms.HighamChapter9	NumStability.Source.Higham.Chapter09.Section06	theorem	public
NumStability.higham9_14_spd_tridiag_positive_DLT_source_f_bound_actual_triangular_solves_of_recurrence_gamma	NumStability.Algorithms.HighamChapter9	NumStability.Source.Higham.Chapter09.Section06	theorem	public
NumStability.higham9_14_spd_tridiag_positive_DLT_source_f_bound_actual_triangular_solves_of_spd	NumStability.Algorithms.HighamChapter9	NumStability.Source.Higham.Chapter09.Section06	theorem	public
NumStability.higham9_14_spd_tridiag_positive_DLT_source_f_bound_actual_triangular_solves_of_spd_gamma	NumStability.Algorithms.HighamChapter9	NumStability.Source.Higham.Chapter09.Section06	theorem	public
NumStability.higham9_14_spd_tridiag_positive_DLT_source_f_bound_actual_triangular_solves_of_spd_recurrence	NumStability.Algorithms.HighamChapter9	NumStability.Source.Higham.Chapter09.Section06	theorem	public
NumStability.higham9_14_spd_tridiag_positive_DLT_source_f_bound_actual_triangular_solves_of_spd_recurrence_gamma	NumStability.Algorithms.HighamChapter9	NumStability.Source.Higham.Chapter09.Section06	theorem	public
NumStability.higham9_14_spd_tridiag_positive_DLT_source_f_bound_of_RectDoolittleRoundedStageTrace_square_fl_triangular_solves_gamma	NumStability.Algorithms.HighamChapter9	NumStability.Source.Higham.Chapter09.Section06	theorem	public
NumStability.higham9_14_spd_tridiag_positive_DLT_source_f_bound_of_RectDoolittleRoundedStageTrace_square_fl_triangular_solves_gamma_le	NumStability.Algorithms.HighamChapter9	NumStability.Source.Higham.Chapter09.Section06	theorem	public
NumStability.higham9_14_spd_tridiag_positive_DLT_source_f_bound_of_models	NumStability.Algorithms.HighamChapter9	NumStability.Source.Higham.Chapter09.Section06	theorem	public
NumStability.higham9_14_spd_tridiag_positive_DLT_source_f_bound_of_models_gamma	NumStability.Algorithms.HighamChapter9	NumStability.Source.Higham.Chapter09.Section06	theorem	public
NumStability.higham9_14_spd_tridiag_positive_DLT_source_f_bound_of_rectRoundedLoop_square_fl_triangular_solves_gamma	NumStability.Algorithms.HighamChapter9	NumStability.Source.Higham.Chapter09.Section06	theorem	public
NumStability.higham9_14_spd_tridiag_positive_DLT_source_f_bound_of_rectRoundedLoop_square_fl_triangular_solves_gamma_le	NumStability.Algorithms.HighamChapter9	NumStability.Source.Higham.Chapter09.Section06	theorem	public
NumStability.higham9_14_spd_tridiag_positive_DLT_source_f_bound_of_recurrence	NumStability.Algorithms.HighamChapter9	NumStability.Source.Higham.Chapter09.Section06	theorem	public
NumStability.higham9_14_spd_tridiag_positive_DLT_source_f_bound_of_recurrence_gamma	NumStability.Algorithms.HighamChapter9	NumStability.Source.Higham.Chapter09.Section06	theorem	public
NumStability.higham9_14_spd_tridiag_positive_DLT_source_f_bound_of_spd_RectDoolittleRoundedStageTrace_square_fl_triangular_solves_gamma	NumStability.Algorithms.HighamChapter9	NumStability.Source.Higham.Chapter09.Section06	theorem	public
NumStability.higham9_14_spd_tridiag_positive_DLT_source_f_bound_of_spd_RectDoolittleRoundedStageTrace_square_fl_triangular_solves_gamma_le	NumStability.Algorithms.HighamChapter9	NumStability.Source.Higham.Chapter09.Section06	theorem	public
NumStability.higham9_14_spd_tridiag_positive_DLT_source_f_bound_of_spd_rectRoundedLoop_square_fl_triangular_solves_gamma	NumStability.Algorithms.HighamChapter9	NumStability.Source.Higham.Chapter09.Section06	theorem	public
NumStability.higham9_14_spd_tridiag_positive_DLT_source_f_bound_of_spd_rectRoundedLoop_square_fl_triangular_solves_gamma_le	NumStability.Algorithms.HighamChapter9	NumStability.Source.Higham.Chapter09.Section06	theorem	public
NumStability.higham9_14_spd_tridiag_positive_DLT_source_h_bound_actual_triangular_solves	NumStability.Algorithms.HighamChapter9	NumStability.Source.Higham.Chapter09.Section06	theorem	public
NumStability.higham9_14_spd_tridiag_positive_DLT_source_h_bound_actual_triangular_solves_gamma	NumStability.Algorithms.HighamChapter9	NumStability.Source.Higham.Chapter09.Section06	theorem	public
NumStability.higham9_14_spd_tridiag_positive_DLT_source_h_bound_actual_triangular_solves_of_recurrence	NumStability.Algorithms.HighamChapter9	NumStability.Source.Higham.Chapter09.Section06	theorem	public
NumStability.higham9_14_spd_tridiag_positive_DLT_source_h_bound_actual_triangular_solves_of_recurrence_gamma	NumStability.Algorithms.HighamChapter9	NumStability.Source.Higham.Chapter09.Section06	theorem	public
NumStability.higham9_14_spd_tridiag_positive_DLT_source_h_bound_actual_triangular_solves_of_spd	NumStability.Algorithms.HighamChapter9	NumStability.Source.Higham.Chapter09.Section06	theorem	public
NumStability.higham9_14_spd_tridiag_positive_DLT_source_h_bound_actual_triangular_solves_of_spd_gamma	NumStability.Algorithms.HighamChapter9	NumStability.Source.Higham.Chapter09.Section06	theorem	public
NumStability.higham9_14_spd_tridiag_positive_DLT_source_h_bound_actual_triangular_solves_of_spd_recurrence	NumStability.Algorithms.HighamChapter9	NumStability.Source.Higham.Chapter09.Section06	theorem	public
NumStability.higham9_14_spd_tridiag_positive_DLT_source_h_bound_actual_triangular_solves_of_spd_recurrence_gamma	NumStability.Algorithms.HighamChapter9	NumStability.Source.Higham.Chapter09.Section06	theorem	public
NumStability.higham9_14_spd_tridiag_positive_DLT_source_h_bound_of_RectDoolittleRoundedStageTrace_square_fl_triangular_solves_gamma	NumStability.Algorithms.HighamChapter9	NumStability.Source.Higham.Chapter09.Section06	theorem	public
NumStability.higham9_14_spd_tridiag_positive_DLT_source_h_bound_of_RectDoolittleRoundedStageTrace_square_fl_triangular_solves_gamma_le	NumStability.Algorithms.HighamChapter9	NumStability.Source.Higham.Chapter09.Section06	theorem	public
NumStability.higham9_14_spd_tridiag_positive_DLT_source_h_bound_of_models	NumStability.Algorithms.HighamChapter9	NumStability.Source.Higham.Chapter09.Section06	theorem	public
NumStability.higham9_14_spd_tridiag_positive_DLT_source_h_bound_of_models_gamma	NumStability.Algorithms.HighamChapter9	NumStability.Source.Higham.Chapter09.Section06	theorem	public
NumStability.higham9_14_spd_tridiag_positive_DLT_source_h_bound_of_rectRoundedLoop_square_fl_triangular_solves_gamma	NumStability.Algorithms.HighamChapter9	NumStability.Source.Higham.Chapter09.Section06	theorem	public
NumStability.higham9_14_spd_tridiag_positive_DLT_source_h_bound_of_rectRoundedLoop_square_fl_triangular_solves_gamma_le	NumStability.Algorithms.HighamChapter9	NumStability.Source.Higham.Chapter09.Section06	theorem	public
NumStability.higham9_14_spd_tridiag_positive_DLT_source_h_bound_of_recurrence	NumStability.Algorithms.HighamChapter9	NumStability.Source.Higham.Chapter09.Section06	theorem	public
NumStability.higham9_14_spd_tridiag_positive_DLT_source_h_bound_of_recurrence_gamma	NumStability.Algorithms.HighamChapter9	NumStability.Source.Higham.Chapter09.Section06	theorem	public
NumStability.higham9_14_spd_tridiag_positive_DLT_source_h_bound_of_spd_RectDoolittleRoundedStageTrace_square_fl_triangular_solves_gamma	NumStability.Algorithms.HighamChapter9	NumStability.Source.Higham.Chapter09.Section06	theorem	public
NumStability.higham9_14_spd_tridiag_positive_DLT_source_h_bound_of_spd_RectDoolittleRoundedStageTrace_square_fl_triangular_solves_gamma_le	NumStability.Algorithms.HighamChapter9	NumStability.Source.Higham.Chapter09.Section06	theorem	public
NumStability.higham9_14_spd_tridiag_positive_DLT_source_h_bound_of_spd_rectRoundedLoop_square_fl_triangular_solves_gamma	NumStability.Algorithms.HighamChapter9	NumStability.Source.Higham.Chapter09.Section06	theorem	public
NumStability.higham9_14_spd_tridiag_positive_DLT_source_h_bound_of_spd_rectRoundedLoop_square_fl_triangular_solves_gamma_le	NumStability.Algorithms.HighamChapter9	NumStability.Source.Higham.Chapter09.Section06	theorem	public
NumStability.higham9_14_tridiag_colDiagDom_fu_bound_from_LUFactSpec	NumStability.Algorithms.HighamChapter9	NumStability.Source.Higham.Chapter09.Section06	theorem	public
NumStability.higham9_14_tridiag_colDiagDom_fu_bound_from_builders	NumStability.Algorithms.HighamChapter9	NumStability.Source.Higham.Chapter09.Section06	theorem	public
NumStability.higham9_14_tridiag_colDiagDom_fu_bound_from_recurrence	NumStability.Algorithms.HighamChapter9	NumStability.Source.Higham.Chapter09.Section06	theorem	public
NumStability.higham9_14_tridiag_colDiagDom_source_f_bound_from_LUBackwardError_fl_triangular_solves	NumStability.Algorithms.HighamChapter9	NumStability.Source.Higham.Chapter09.Section06	theorem	public
NumStability.higham9_14_tridiag_colDiagDom_source_f_bound_from_LUBackwardError_fl_triangular_solves_gamma	NumStability.Algorithms.HighamChapter9	NumStability.Source.Higham.Chapter09.Section06	theorem	public
NumStability.higham9_14_tridiag_colDiagDom_source_f_bound_from_LUFactSpec	NumStability.Algorithms.HighamChapter9	NumStability.Source.Higham.Chapter09.Section06	theorem	public
NumStability.higham9_14_tridiag_colDiagDom_source_f_bound_from_LUFactSpec_fl_triangular_solves	NumStability.Algorithms.HighamChapter9	NumStability.Source.Higham.Chapter09.Section06	theorem	public
NumStability.higham9_14_tridiag_colDiagDom_source_f_bound_from_LUFactSpec_fl_triangular_solves_gamma	NumStability.Algorithms.HighamChapter9	NumStability.Source.Higham.Chapter09.Section06	theorem	public
NumStability.higham9_14_tridiag_colDiagDom_source_f_bound_from_LUFactSpec_gamma	NumStability.Algorithms.HighamChapter9	NumStability.Source.Higham.Chapter09.Section06	theorem	public
NumStability.higham9_14_tridiag_colDiagDom_source_f_bound_from_builders	NumStability.Algorithms.HighamChapter9	NumStability.Source.Higham.Chapter09.Section06	theorem	public
NumStability.higham9_14_tridiag_colDiagDom_source_f_bound_from_builders_LUBackwardError_fl_triangular_solves	NumStability.Algorithms.HighamChapter9	NumStability.Source.Higham.Chapter09.Section06	theorem	public
NumStability.higham9_14_tridiag_colDiagDom_source_f_bound_from_builders_LUBackwardError_fl_triangular_solves_gamma	NumStability.Algorithms.HighamChapter9	NumStability.Source.Higham.Chapter09.Section06	theorem	public
NumStability.higham9_14_tridiag_colDiagDom_source_f_bound_from_builders_LUFactSpec_fl_triangular_solves	NumStability.Algorithms.HighamChapter9	NumStability.Source.Higham.Chapter09.Section06	theorem	public
NumStability.higham9_14_tridiag_colDiagDom_source_f_bound_from_builders_LUFactSpec_fl_triangular_solves_gamma	NumStability.Algorithms.HighamChapter9	NumStability.Source.Higham.Chapter09.Section06	theorem	public
NumStability.higham9_14_tridiag_colDiagDom_source_f_bound_from_builders_gamma	NumStability.Algorithms.HighamChapter9	NumStability.Source.Higham.Chapter09.Section06	theorem	public
NumStability.higham9_14_tridiag_colDiagDom_source_f_bound_from_recurrence	NumStability.Algorithms.HighamChapter9	NumStability.Source.Higham.Chapter09.Section06	theorem	public
NumStability.higham9_14_tridiag_colDiagDom_source_f_bound_from_recurrence_LUBackwardError_fl_triangular_solves	NumStability.Algorithms.HighamChapter9	NumStability.Source.Higham.Chapter09.Section06	theorem	public
NumStability.higham9_14_tridiag_colDiagDom_source_f_bound_from_recurrence_LUBackwardError_fl_triangular_solves_gamma	NumStability.Algorithms.HighamChapter9	NumStability.Source.Higham.Chapter09.Section06	theorem	public
NumStability.higham9_14_tridiag_colDiagDom_source_f_bound_from_recurrence_LUFactSpec_fl_triangular_solves	NumStability.Algorithms.HighamChapter9	NumStability.Source.Higham.Chapter09.Section06	theorem	public
NumStability.higham9_14_tridiag_colDiagDom_source_f_bound_from_recurrence_LUFactSpec_fl_triangular_solves_gamma	NumStability.Algorithms.HighamChapter9	NumStability.Source.Higham.Chapter09.Section06	theorem	public
NumStability.higham9_14_tridiag_colDiagDom_source_f_bound_from_recurrence_gamma	NumStability.Algorithms.HighamChapter9	NumStability.Source.Higham.Chapter09.Section06	theorem	public
NumStability.higham9_14_tridiag_colDiagDom_source_f_bound_of_RectDoolittleRoundedStageTrace_square_fl_triangular_solves_gamma	NumStability.Algorithms.HighamChapter9	NumStability.Source.Higham.Chapter09.Section06	theorem	public
NumStability.higham9_14_tridiag_colDiagDom_source_f_bound_of_RectDoolittleRoundedStageTrace_square_fl_triangular_solves_gamma_le	NumStability.Algorithms.HighamChapter9	NumStability.Source.Higham.Chapter09.Section06	theorem	public
NumStability.higham9_14_tridiag_colDiagDom_source_f_bound_of_RectDoolittleRoundedStageTrace_square_models_gamma	NumStability.Algorithms.HighamChapter9	NumStability.Source.Higham.Chapter09.Section06	theorem	public
NumStability.higham9_14_tridiag_colDiagDom_source_f_bound_of_rectRoundedLoop_square_fl_triangular_solves_gamma	NumStability.Algorithms.HighamChapter9	NumStability.Source.Higham.Chapter09.Section06	theorem	public
NumStability.higham9_14_tridiag_colDiagDom_source_f_bound_of_rectRoundedLoop_square_fl_triangular_solves_gamma_le	NumStability.Algorithms.HighamChapter9	NumStability.Source.Higham.Chapter09.Section06	theorem	public
NumStability.higham9_14_tridiag_colDiagDom_source_f_bound_of_rectRoundedLoop_square_models_gamma	NumStability.Algorithms.HighamChapter9	NumStability.Source.Higham.Chapter09.Section06	theorem	public
NumStability.higham9_14_tridiag_colDiagDom_source_h_bound_from_LUBackwardError_fl_triangular_solves	NumStability.Algorithms.HighamChapter9	NumStability.Source.Higham.Chapter09.Section06	theorem	public
NumStability.higham9_14_tridiag_colDiagDom_source_h_bound_from_LUBackwardError_fl_triangular_solves_gamma	NumStability.Algorithms.HighamChapter9	NumStability.Source.Higham.Chapter09.Section06	theorem	public
NumStability.higham9_14_tridiag_colDiagDom_source_h_bound_from_LUFactSpec	NumStability.Algorithms.HighamChapter9	NumStability.Source.Higham.Chapter09.Section06	theorem	public
NumStability.higham9_14_tridiag_colDiagDom_source_h_bound_from_LUFactSpec_fl_triangular_solves	NumStability.Algorithms.HighamChapter9	NumStability.Source.Higham.Chapter09.Section06	theorem	public
NumStability.higham9_14_tridiag_colDiagDom_source_h_bound_from_LUFactSpec_fl_triangular_solves_gamma	NumStability.Algorithms.HighamChapter9	NumStability.Source.Higham.Chapter09.Section06	theorem	public
NumStability.higham9_14_tridiag_colDiagDom_source_h_bound_from_LUFactSpec_gamma	NumStability.Algorithms.HighamChapter9	NumStability.Source.Higham.Chapter09.Section06	theorem	public
NumStability.higham9_14_tridiag_colDiagDom_source_h_bound_from_builders	NumStability.Algorithms.HighamChapter9	NumStability.Source.Higham.Chapter09.Section06	theorem	public
NumStability.higham9_14_tridiag_colDiagDom_source_h_bound_from_builders_LUBackwardError_fl_triangular_solves	NumStability.Algorithms.HighamChapter9	NumStability.Source.Higham.Chapter09.Section06	theorem	public
NumStability.higham9_14_tridiag_colDiagDom_source_h_bound_from_builders_LUBackwardError_fl_triangular_solves_gamma	NumStability.Algorithms.HighamChapter9	NumStability.Source.Higham.Chapter09.Section06	theorem	public
NumStability.higham9_14_tridiag_colDiagDom_source_h_bound_from_builders_LUFactSpec_fl_triangular_solves	NumStability.Algorithms.HighamChapter9	NumStability.Source.Higham.Chapter09.Section06	theorem	public
NumStability.higham9_14_tridiag_colDiagDom_source_h_bound_from_builders_LUFactSpec_fl_triangular_solves_gamma	NumStability.Algorithms.HighamChapter9	NumStability.Source.Higham.Chapter09.Section06	theorem	public
NumStability.higham9_14_tridiag_colDiagDom_source_h_bound_from_builders_gamma	NumStability.Algorithms.HighamChapter9	NumStability.Source.Higham.Chapter09.Section06	theorem	public
NumStability.higham9_14_tridiag_colDiagDom_source_h_bound_from_recurrence	NumStability.Algorithms.HighamChapter9	NumStability.Source.Higham.Chapter09.Section06	theorem	public
NumStability.higham9_14_tridiag_colDiagDom_source_h_bound_from_recurrence_LUBackwardError_fl_triangular_solves	NumStability.Algorithms.HighamChapter9	NumStability.Source.Higham.Chapter09.Section06	theorem	public
NumStability.higham9_14_tridiag_colDiagDom_source_h_bound_from_recurrence_LUBackwardError_fl_triangular_solves_gamma	NumStability.Algorithms.HighamChapter9	NumStability.Source.Higham.Chapter09.Section06	theorem	public
NumStability.higham9_14_tridiag_colDiagDom_source_h_bound_from_recurrence_LUFactSpec_fl_triangular_solves	NumStability.Algorithms.HighamChapter9	NumStability.Source.Higham.Chapter09.Section06	theorem	public
NumStability.higham9_14_tridiag_colDiagDom_source_h_bound_from_recurrence_LUFactSpec_fl_triangular_solves_gamma	NumStability.Algorithms.HighamChapter9	NumStability.Source.Higham.Chapter09.Section06	theorem	public
NumStability.higham9_14_tridiag_colDiagDom_source_h_bound_from_recurrence_gamma	NumStability.Algorithms.HighamChapter9	NumStability.Source.Higham.Chapter09.Section06	theorem	public
NumStability.higham9_14_tridiag_colDiagDom_source_h_bound_of_RectDoolittleRoundedStageTrace_square_fl_triangular_solves_const_gamma	NumStability.Algorithms.HighamChapter9	NumStability.Source.Higham.Chapter09.Section06	theorem	public
NumStability.higham9_14_tridiag_colDiagDom_source_h_bound_of_RectDoolittleRoundedStageTrace_square_fl_triangular_solves_const_gamma_le	NumStability.Algorithms.HighamChapter9	NumStability.Source.Higham.Chapter09.Section06	theorem	public
NumStability.higham9_14_tridiag_colDiagDom_source_h_bound_of_RectDoolittleRoundedStageTrace_square_models_gamma	NumStability.Algorithms.HighamChapter9	NumStability.Source.Higham.Chapter09.Section06	theorem	public
NumStability.higham9_14_tridiag_colDiagDom_source_h_bound_of_rectRoundedLoop_square_fl_triangular_solves_const_gamma	NumStability.Algorithms.HighamChapter9	NumStability.Source.Higham.Chapter09.Section06	theorem	public
NumStability.higham9_14_tridiag_colDiagDom_source_h_bound_of_rectRoundedLoop_square_fl_triangular_solves_const_gamma_le	NumStability.Algorithms.HighamChapter9	NumStability.Source.Higham.Chapter09.Section06	theorem	public
NumStability.higham9_14_tridiag_colDiagDom_source_h_bound_of_rectRoundedLoop_square_models_gamma	NumStability.Algorithms.HighamChapter9	NumStability.Source.Higham.Chapter09.Section06	theorem	public
NumStability.higham9_14_tridiag_data_colDiagDom_source_f_bound_from_LUBackwardError_fl_triangular_solves	NumStability.Algorithms.HighamChapter9	NumStability.Source.Higham.Chapter09.Section06	theorem	public
NumStability.higham9_14_tridiag_data_colDiagDom_source_f_bound_from_LUBackwardError_fl_triangular_solves_gamma	NumStability.Algorithms.HighamChapter9	NumStability.Source.Higham.Chapter09.Section06	theorem	public
NumStability.higham9_14_tridiag_data_colDiagDom_source_f_bound_from_LUFactSpec	NumStability.Algorithms.HighamChapter9	NumStability.Source.Higham.Chapter09.Section06	theorem	public
NumStability.higham9_14_tridiag_data_colDiagDom_source_f_bound_from_LUFactSpec_fl_triangular_solves	NumStability.Algorithms.HighamChapter9	NumStability.Source.Higham.Chapter09.Section06	theorem	public
NumStability.higham9_14_tridiag_data_colDiagDom_source_f_bound_from_LUFactSpec_fl_triangular_solves_gamma	NumStability.Algorithms.HighamChapter9	NumStability.Source.Higham.Chapter09.Section06	theorem	public
NumStability.higham9_14_tridiag_data_colDiagDom_source_f_bound_from_LUFactSpec_gamma	NumStability.Algorithms.HighamChapter9	NumStability.Source.Higham.Chapter09.Section06	theorem	public
NumStability.higham9_14_tridiag_data_colDiagDom_source_h_bound_from_LUBackwardError_fl_triangular_solves	NumStability.Algorithms.HighamChapter9	NumStability.Source.Higham.Chapter09.Section06	theorem	public
NumStability.higham9_14_tridiag_data_colDiagDom_source_h_bound_from_LUBackwardError_fl_triangular_solves_gamma	NumStability.Algorithms.HighamChapter9	NumStability.Source.Higham.Chapter09.Section06	theorem	public
NumStability.higham9_14_tridiag_data_colDiagDom_source_h_bound_from_LUFactSpec	NumStability.Algorithms.HighamChapter9	NumStability.Source.Higham.Chapter09.Section06	theorem	public
NumStability.higham9_14_tridiag_data_colDiagDom_source_h_bound_from_LUFactSpec_fl_triangular_solves	NumStability.Algorithms.HighamChapter9	NumStability.Source.Higham.Chapter09.Section06	theorem	public
NumStability.higham9_14_tridiag_data_colDiagDom_source_h_bound_from_LUFactSpec_fl_triangular_solves_gamma	NumStability.Algorithms.HighamChapter9	NumStability.Source.Higham.Chapter09.Section06	theorem	public
NumStability.higham9_14_tridiag_data_colDiagDom_source_h_bound_from_LUFactSpec_gamma	NumStability.Algorithms.HighamChapter9	NumStability.Source.Higham.Chapter09.Section06	theorem	public
NumStability.higham9_14_tridiag_data_rowDiagDom_source_f_bound_from_LUBackwardError_fl_triangular_solves	NumStability.Algorithms.HighamChapter9	NumStability.Source.Higham.Chapter09.Section06	theorem	public
NumStability.higham9_14_tridiag_data_rowDiagDom_source_f_bound_from_LUBackwardError_fl_triangular_solves_gamma	NumStability.Algorithms.HighamChapter9	NumStability.Source.Higham.Chapter09.Section06	theorem	public
NumStability.higham9_14_tridiag_data_rowDiagDom_source_f_bound_from_LUFactSpec	NumStability.Algorithms.HighamChapter9	NumStability.Source.Higham.Chapter09.Section06	theorem	public
NumStability.higham9_14_tridiag_data_rowDiagDom_source_f_bound_from_LUFactSpec_fl_triangular_solves	NumStability.Algorithms.HighamChapter9	NumStability.Source.Higham.Chapter09.Section06	theorem	public
NumStability.higham9_14_tridiag_data_rowDiagDom_source_f_bound_from_LUFactSpec_fl_triangular_solves_gamma	NumStability.Algorithms.HighamChapter9	NumStability.Source.Higham.Chapter09.Section06	theorem	public
NumStability.higham9_14_tridiag_data_rowDiagDom_source_f_bound_from_LUFactSpec_gamma	NumStability.Algorithms.HighamChapter9	NumStability.Source.Higham.Chapter09.Section06	theorem	public
NumStability.higham9_14_tridiag_data_rowDiagDom_source_h_bound_from_LUBackwardError_fl_triangular_solves	NumStability.Algorithms.HighamChapter9	NumStability.Source.Higham.Chapter09.Section06	theorem	public
NumStability.higham9_14_tridiag_data_rowDiagDom_source_h_bound_from_LUBackwardError_fl_triangular_solves_gamma	NumStability.Algorithms.HighamChapter9	NumStability.Source.Higham.Chapter09.Section06	theorem	public
NumStability.higham9_14_tridiag_data_rowDiagDom_source_h_bound_from_LUFactSpec	NumStability.Algorithms.HighamChapter9	NumStability.Source.Higham.Chapter09.Section06	theorem	public
NumStability.higham9_14_tridiag_data_rowDiagDom_source_h_bound_from_LUFactSpec_fl_triangular_solves	NumStability.Algorithms.HighamChapter9	NumStability.Source.Higham.Chapter09.Section06	theorem	public
NumStability.higham9_14_tridiag_data_rowDiagDom_source_h_bound_from_LUFactSpec_fl_triangular_solves_gamma	NumStability.Algorithms.HighamChapter9	NumStability.Source.Higham.Chapter09.Section06	theorem	public
NumStability.higham9_14_tridiag_data_rowDiagDom_source_h_bound_from_LUFactSpec_gamma	NumStability.Algorithms.HighamChapter9	NumStability.Source.Higham.Chapter09.Section06	theorem	public
NumStability.higham9_14_tridiag_diagDom_fu_bound_from_structural_growth	NumStability.Algorithms.HighamChapter9	NumStability.Source.Higham.Chapter09.Section06	theorem	public
NumStability.higham9_14_tridiag_diagDom_fu_bound_tight	NumStability.Algorithms.HighamChapter9	NumStability.Source.Higham.Chapter09.Section06	theorem	public
NumStability.higham9_14_tridiag_rowDiagDom_fu_bound_from_LUFactSpec	NumStability.Algorithms.HighamChapter9	NumStability.Source.Higham.Chapter09.Section06	theorem	public
NumStability.higham9_14_tridiag_rowDiagDom_fu_bound_from_builders	NumStability.Algorithms.HighamChapter9	NumStability.Source.Higham.Chapter09.Section06	theorem	public
NumStability.higham9_14_tridiag_rowDiagDom_fu_bound_from_recurrence	NumStability.Algorithms.HighamChapter9	NumStability.Source.Higham.Chapter09.Section06	theorem	public
NumStability.higham9_14_tridiag_rowDiagDom_fu_bound_from_structural_growth	NumStability.Algorithms.HighamChapter9	NumStability.Source.Higham.Chapter09.Section06	theorem	public
NumStability.higham9_14_tridiag_rowDiagDom_source_f_bound_from_LUBackwardError_fl_triangular_solves	NumStability.Algorithms.HighamChapter9	NumStability.Source.Higham.Chapter09.Section06	theorem	public
NumStability.higham9_14_tridiag_rowDiagDom_source_f_bound_from_LUBackwardError_fl_triangular_solves_gamma	NumStability.Algorithms.HighamChapter9	NumStability.Source.Higham.Chapter09.Section06	theorem	public
NumStability.higham9_14_tridiag_rowDiagDom_source_f_bound_from_LUFactSpec	NumStability.Algorithms.HighamChapter9	NumStability.Source.Higham.Chapter09.Section06	theorem	public
NumStability.higham9_14_tridiag_rowDiagDom_source_f_bound_from_LUFactSpec_fl_triangular_solves	NumStability.Algorithms.HighamChapter9	NumStability.Source.Higham.Chapter09.Section06	theorem	public
NumStability.higham9_14_tridiag_rowDiagDom_source_f_bound_from_LUFactSpec_fl_triangular_solves_gamma	NumStability.Algorithms.HighamChapter9	NumStability.Source.Higham.Chapter09.Section06	theorem	public
NumStability.higham9_14_tridiag_rowDiagDom_source_f_bound_from_LUFactSpec_gamma	NumStability.Algorithms.HighamChapter9	NumStability.Source.Higham.Chapter09.Section06	theorem	public
NumStability.higham9_14_tridiag_rowDiagDom_source_f_bound_from_builders	NumStability.Algorithms.HighamChapter9	NumStability.Source.Higham.Chapter09.Section06	theorem	public
NumStability.higham9_14_tridiag_rowDiagDom_source_f_bound_from_builders_LUBackwardError_fl_triangular_solves	NumStability.Algorithms.HighamChapter9	NumStability.Source.Higham.Chapter09.Section06	theorem	public
NumStability.higham9_14_tridiag_rowDiagDom_source_f_bound_from_builders_LUBackwardError_fl_triangular_solves_gamma	NumStability.Algorithms.HighamChapter9	NumStability.Source.Higham.Chapter09.Section06	theorem	public
NumStability.higham9_14_tridiag_rowDiagDom_source_f_bound_from_builders_LUFactSpec_fl_triangular_solves	NumStability.Algorithms.HighamChapter9	NumStability.Source.Higham.Chapter09.Section06	theorem	public
NumStability.higham9_14_tridiag_rowDiagDom_source_f_bound_from_builders_LUFactSpec_fl_triangular_solves_gamma	NumStability.Algorithms.HighamChapter9	NumStability.Source.Higham.Chapter09.Section06	theorem	public
NumStability.higham9_14_tridiag_rowDiagDom_source_f_bound_from_builders_gamma	NumStability.Algorithms.HighamChapter9	NumStability.Source.Higham.Chapter09.Section06	theorem	public
NumStability.higham9_14_tridiag_rowDiagDom_source_f_bound_from_recurrence	NumStability.Algorithms.HighamChapter9	NumStability.Source.Higham.Chapter09.Section06	theorem	public
NumStability.higham9_14_tridiag_rowDiagDom_source_f_bound_from_recurrence_LUBackwardError_fl_triangular_solves	NumStability.Algorithms.HighamChapter9	NumStability.Source.Higham.Chapter09.Section06	theorem	public
NumStability.higham9_14_tridiag_rowDiagDom_source_f_bound_from_recurrence_LUBackwardError_fl_triangular_solves_gamma	NumStability.Algorithms.HighamChapter9	NumStability.Source.Higham.Chapter09.Section06	theorem	public
NumStability.higham9_14_tridiag_rowDiagDom_source_f_bound_from_recurrence_LUFactSpec_fl_triangular_solves	NumStability.Algorithms.HighamChapter9	NumStability.Source.Higham.Chapter09.Section06	theorem	public
NumStability.higham9_14_tridiag_rowDiagDom_source_f_bound_from_recurrence_LUFactSpec_fl_triangular_solves_gamma	NumStability.Algorithms.HighamChapter9	NumStability.Source.Higham.Chapter09.Section06	theorem	public
NumStability.higham9_14_tridiag_rowDiagDom_source_f_bound_from_recurrence_gamma	NumStability.Algorithms.HighamChapter9	NumStability.Source.Higham.Chapter09.Section06	theorem	public
NumStability.higham9_14_tridiag_rowDiagDom_source_f_bound_of_RectDoolittleRoundedStageTrace_square_fl_triangular_solves_gamma	NumStability.Algorithms.HighamChapter9	NumStability.Source.Higham.Chapter09.Section06	theorem	public
NumStability.higham9_14_tridiag_rowDiagDom_source_f_bound_of_RectDoolittleRoundedStageTrace_square_fl_triangular_solves_gamma_le	NumStability.Algorithms.HighamChapter9	NumStability.Source.Higham.Chapter09.Section06	theorem	public
NumStability.higham9_14_tridiag_rowDiagDom_source_f_bound_of_RectDoolittleRoundedStageTrace_square_models_gamma	NumStability.Algorithms.HighamChapter9	NumStability.Source.Higham.Chapter09.Section06	theorem	public
NumStability.higham9_14_tridiag_rowDiagDom_source_f_bound_of_rectRoundedLoop_square_fl_triangular_solves_gamma	NumStability.Algorithms.HighamChapter9	NumStability.Source.Higham.Chapter09.Section06	theorem	public
NumStability.higham9_14_tridiag_rowDiagDom_source_f_bound_of_rectRoundedLoop_square_fl_triangular_solves_gamma_le	NumStability.Algorithms.HighamChapter9	NumStability.Source.Higham.Chapter09.Section06	theorem	public
NumStability.higham9_14_tridiag_rowDiagDom_source_f_bound_of_rectRoundedLoop_square_models_gamma	NumStability.Algorithms.HighamChapter9	NumStability.Source.Higham.Chapter09.Section06	theorem	public
NumStability.higham9_14_tridiag_rowDiagDom_source_h_bound_from_LUBackwardError_fl_triangular_solves	NumStability.Algorithms.HighamChapter9	NumStability.Source.Higham.Chapter09.Section06	theorem	public
NumStability.higham9_14_tridiag_rowDiagDom_source_h_bound_from_LUBackwardError_fl_triangular_solves_gamma	NumStability.Algorithms.HighamChapter9	NumStability.Source.Higham.Chapter09.Section06	theorem	public
NumStability.higham9_14_tridiag_rowDiagDom_source_h_bound_from_LUFactSpec	NumStability.Algorithms.HighamChapter9	NumStability.Source.Higham.Chapter09.Section06	theorem	public
NumStability.higham9_14_tridiag_rowDiagDom_source_h_bound_from_LUFactSpec_fl_triangular_solves	NumStability.Algorithms.HighamChapter9	NumStability.Source.Higham.Chapter09.Section06	theorem	public
NumStability.higham9_14_tridiag_rowDiagDom_source_h_bound_from_LUFactSpec_fl_triangular_solves_gamma	NumStability.Algorithms.HighamChapter9	NumStability.Source.Higham.Chapter09.Section06	theorem	public
NumStability.higham9_14_tridiag_rowDiagDom_source_h_bound_from_LUFactSpec_gamma	NumStability.Algorithms.HighamChapter9	NumStability.Source.Higham.Chapter09.Section06	theorem	public
NumStability.higham9_14_tridiag_rowDiagDom_source_h_bound_from_builders	NumStability.Algorithms.HighamChapter9	NumStability.Source.Higham.Chapter09.Section06	theorem	public
NumStability.higham9_14_tridiag_rowDiagDom_source_h_bound_from_builders_LUBackwardError_fl_triangular_solves	NumStability.Algorithms.HighamChapter9	NumStability.Source.Higham.Chapter09.Section06	theorem	public
NumStability.higham9_14_tridiag_rowDiagDom_source_h_bound_from_builders_LUBackwardError_fl_triangular_solves_gamma	NumStability.Algorithms.HighamChapter9	NumStability.Source.Higham.Chapter09.Section06	theorem	public
NumStability.higham9_14_tridiag_rowDiagDom_source_h_bound_from_builders_LUFactSpec_fl_triangular_solves	NumStability.Algorithms.HighamChapter9	NumStability.Source.Higham.Chapter09.Section06	theorem	public
NumStability.higham9_14_tridiag_rowDiagDom_source_h_bound_from_builders_LUFactSpec_fl_triangular_solves_gamma	NumStability.Algorithms.HighamChapter9	NumStability.Source.Higham.Chapter09.Section06	theorem	public
NumStability.higham9_14_tridiag_rowDiagDom_source_h_bound_from_builders_gamma	NumStability.Algorithms.HighamChapter9	NumStability.Source.Higham.Chapter09.Section06	theorem	public
NumStability.higham9_14_tridiag_rowDiagDom_source_h_bound_from_recurrence	NumStability.Algorithms.HighamChapter9	NumStability.Source.Higham.Chapter09.Section06	theorem	public
NumStability.higham9_14_tridiag_rowDiagDom_source_h_bound_from_recurrence_LUBackwardError_fl_triangular_solves	NumStability.Algorithms.HighamChapter9	NumStability.Source.Higham.Chapter09.Section06	theorem	public
NumStability.higham9_14_tridiag_rowDiagDom_source_h_bound_from_recurrence_LUBackwardError_fl_triangular_solves_gamma	NumStability.Algorithms.HighamChapter9	NumStability.Source.Higham.Chapter09.Section06	theorem	public
NumStability.higham9_14_tridiag_rowDiagDom_source_h_bound_from_recurrence_LUFactSpec_fl_triangular_solves	NumStability.Algorithms.HighamChapter9	NumStability.Source.Higham.Chapter09.Section06	theorem	public
NumStability.higham9_14_tridiag_rowDiagDom_source_h_bound_from_recurrence_LUFactSpec_fl_triangular_solves_gamma	NumStability.Algorithms.HighamChapter9	NumStability.Source.Higham.Chapter09.Section06	theorem	public
NumStability.higham9_14_tridiag_rowDiagDom_source_h_bound_from_recurrence_gamma	NumStability.Algorithms.HighamChapter9	NumStability.Source.Higham.Chapter09.Section06	theorem	public
NumStability.higham9_14_tridiag_rowDiagDom_source_h_bound_of_RectDoolittleRoundedStageTrace_square_fl_triangular_solves_const_gamma	NumStability.Algorithms.HighamChapter9	NumStability.Source.Higham.Chapter09.Section06	theorem	public
NumStability.higham9_14_tridiag_rowDiagDom_source_h_bound_of_RectDoolittleRoundedStageTrace_square_fl_triangular_solves_const_gamma_le	NumStability.Algorithms.HighamChapter9	NumStability.Source.Higham.Chapter09.Section06	theorem	public
NumStability.higham9_14_tridiag_rowDiagDom_source_h_bound_of_RectDoolittleRoundedStageTrace_square_models_gamma	NumStability.Algorithms.HighamChapter9	NumStability.Source.Higham.Chapter09.Section06	theorem	public
NumStability.higham9_14_tridiag_rowDiagDom_source_h_bound_of_rectRoundedLoop_square_fl_triangular_solves_const_gamma	NumStability.Algorithms.HighamChapter9	NumStability.Source.Higham.Chapter09.Section06	theorem	public
NumStability.higham9_14_tridiag_rowDiagDom_source_h_bound_of_rectRoundedLoop_square_fl_triangular_solves_const_gamma_le	NumStability.Algorithms.HighamChapter9	NumStability.Source.Higham.Chapter09.Section06	theorem	public
NumStability.higham9_14_tridiag_rowDiagDom_source_h_bound_of_rectRoundedLoop_square_models_gamma	NumStability.Algorithms.HighamChapter9	NumStability.Source.Higham.Chapter09.Section06	theorem	public
NumStability.higham9_14_wilkinson_max_pivot_bound	NumStability.Algorithms.HighamChapter9	NumStability.Source.Higham.Chapter09.Section04	theorem	public
NumStability.higham9_14_wilkinson_pivot_le_bound_mul	NumStability.Algorithms.HighamChapter9	NumStability.Source.Higham.Chapter09.Section04	theorem	public
NumStability.higham9_14_wilkinson_ratio_bound	NumStability.Algorithms.HighamChapter9	NumStability.Source.Higham.Chapter09.Section04	theorem	public
NumStability.higham9_16_pow_two_le_rookPivotFosterBound_of_eq_one	NumStability.Algorithms.HighamChapter9	NumStability.Source.Higham.Chapter09.Section04	theorem	public
NumStability.higham9_16_pow_two_le_rookPivotFosterBound_of_le_two	NumStability.Algorithms.HighamChapter9	NumStability.Source.Higham.Chapter09.Section04	theorem	public
NumStability.higham9_16_rookPivotFosterBound	NumStability.Algorithms.HighamChapter9	NumStability.Source.Higham.Chapter09.Section04	definition	public
NumStability.higham9_16_rookPivotFosterBound_eq_three_halves_mul_exp_log_sq	NumStability.Algorithms.HighamChapter9	NumStability.Source.Higham.Chapter09.Section04	theorem	public
NumStability.higham9_16_rookPivotFosterBound_ge_one	NumStability.Algorithms.HighamChapter9	NumStability.Source.Higham.Chapter09.Section04	theorem	public
NumStability.higham9_16_rookPivotFosterBound_ge_three_halves	NumStability.Algorithms.HighamChapter9	NumStability.Source.Higham.Chapter09.Section04	theorem	public
NumStability.higham9_16_rookPivotFosterBound_ge_two_of_ge_two	NumStability.Algorithms.HighamChapter9	NumStability.Source.Higham.Chapter09.Section04	theorem	public
NumStability.higham9_16_rookPivotFosterBound_le_of_le	NumStability.Algorithms.HighamChapter9	NumStability.Source.Higham.Chapter09.Section04	theorem	public
NumStability.higham9_16_rookPivotFosterBound_log	NumStability.Algorithms.HighamChapter9	NumStability.Source.Higham.Chapter09.Section04	theorem	public
NumStability.higham9_16_rookPivotFosterBound_log_succ_sub	NumStability.Algorithms.HighamChapter9	NumStability.Source.Higham.Chapter09.Section04	theorem	public
NumStability.higham9_16_rookPivotFosterBound_monotone	NumStability.Algorithms.HighamChapter9	NumStability.Source.Higham.Chapter09.Section04	theorem	public
NumStability.higham9_16_rookPivotFosterBound_nonneg	NumStability.Algorithms.HighamChapter9	NumStability.Source.Higham.Chapter09.Section04	theorem	public
NumStability.higham9_16_rookPivotFosterBound_one	NumStability.Algorithms.HighamChapter9	NumStability.Source.Higham.Chapter09.Section04	theorem	public
NumStability.higham9_16_rookPivotFosterBound_pos	NumStability.Algorithms.HighamChapter9	NumStability.Source.Higham.Chapter09.Section04	theorem	public
NumStability.higham9_16_rookPivotFosterBound_succ_div	NumStability.Algorithms.HighamChapter9	NumStability.Source.Higham.Chapter09.Section04	theorem	public
NumStability.higham9_16_rookPivotFosterBound_succ_div_ge_one	NumStability.Algorithms.HighamChapter9	NumStability.Source.Higham.Chapter09.Section04	theorem	public
NumStability.higham9_16_rookPivotFosterBound_two_ge_two	NumStability.Algorithms.HighamChapter9	NumStability.Source.Higham.Chapter09.Section04	theorem	public
NumStability.higham9_16_rookPivotFosterFactor_le_of_le	NumStability.Algorithms.HighamChapter9	NumStability.Source.Higham.Chapter09.Section04	theorem	public
NumStability.higham9_17_absLU_infNorm_le_condSkeel_of_LUFactSpec	NumStability.Algorithms.HighamChapter9	NumStability.Source.Higham.Chapter09.Section05	theorem	public
NumStability.higham9_17_rowDiagDom_absLU_bound	NumStability.Algorithms.HighamChapter9	NumStability.Source.Higham.Chapter09.Section05	definition	public
NumStability.higham9_17_rowDiagDom_absLU_bound_of_LUFactSpec	NumStability.Algorithms.HighamChapter9	NumStability.Source.Higham.Chapter09.Section05	theorem	public
NumStability.higham9_18_TridiagData	NumStability.Algorithms.HighamChapter9	NumStability.Source.Higham.Chapter09.Section06	definition	public
NumStability.higham9_18_tridiag_to_matrix	NumStability.Algorithms.HighamChapter9	NumStability.Source.Higham.Chapter09.Section06	definition	public
NumStability.higham9_18_tridiag_to_matrix_isBanded_one_one	NumStability.Algorithms.HighamChapter9	NumStability.Source.Higham.Chapter09.Section06	theorem	public
NumStability.higham9_18_tridiag_to_matrix_isTridiagonal	NumStability.Algorithms.HighamChapter9	NumStability.Source.Higham.Chapter09.Section06	theorem	public
NumStability.higham9_19_TridiagExactLURecurrence	NumStability.Algorithms.HighamChapter9	NumStability.Source.Higham.Chapter09.Section06	definition	public
NumStability.higham9_19_tridiag_LUFactSpec_of_exact_product	NumStability.Algorithms.HighamChapter9	NumStability.Source.Higham.Chapter09.Section06	theorem	public
NumStability.higham9_19_tridiag_LUFactSpec_of_recurrence	NumStability.Algorithms.HighamChapter9	NumStability.Source.Higham.Chapter09.Section06	theorem	public
NumStability.higham9_19_tridiag_exact_product_of_recurrence	NumStability.Algorithms.HighamChapter9	NumStability.Source.Higham.Chapter09.Section06	theorem	public
NumStability.higham9_19_tridiag_lu	NumStability.Algorithms.HighamChapter9	NumStability.Source.Higham.Chapter09.Section06	definition	public
NumStability.higham9_19_tridiag_prevIndex	NumStability.Algorithms.HighamChapter9	NumStability.Source.Higham.Chapter09.Section06	definition	public
NumStability.higham9_1_LUFactSpec_one_explicit	NumStability.Algorithms.HighamChapter9	NumStability.Source.Higham.Chapter09.Section02	theorem	public
NumStability.higham9_1_completePivotChoice	NumStability.Algorithms.HighamChapter9	NumStability.Source.Higham.Chapter09.Section01	definition	public
NumStability.higham9_1_completePivotChoice_pivot_ne_zero_of_exists	NumStability.Algorithms.HighamChapter9	NumStability.Source.Higham.Chapter09.Section01	theorem	public
NumStability.higham9_1_completePivot_active_entry_ratio_abs_le_one	NumStability.Algorithms.HighamChapter9	NumStability.Source.Higham.Chapter09.Section01	theorem	public
NumStability.higham9_1_completePivot_column_multiplier_abs_le_one	NumStability.Algorithms.HighamChapter9	NumStability.Source.Higham.Chapter09.Section01	theorem	public
NumStability.higham9_1_completePivot_rowColPermuted_partialPivotChoice_zero	NumStability.Algorithms.HighamChapter9	NumStability.Source.Higham.Chapter09.Section02	theorem	public
NumStability.higham9_1_det_eq_pivot_mul_firstSchurComplement_det	NumStability.Algorithms.HighamChapter9	NumStability.Source.Higham.Chapter09.Section02	theorem	public
NumStability.higham9_1_det_eq_pivot_product	NumStability.Algorithms.HighamChapter9	NumStability.Source.Higham.Chapter09.Section02	theorem	public
NumStability.higham9_1_det_ne_zero_iff_pivots_ne_zero	NumStability.Algorithms.HighamChapter9	NumStability.Source.Higham.Chapter09.Section02	theorem	public
NumStability.higham9_1_exists_completePivotChoice	NumStability.Algorithms.HighamChapter9	NumStability.Source.Higham.Chapter09.Section01	theorem	public
NumStability.higham9_1_exists_completePivotChoice_pivot_ne_zero	NumStability.Algorithms.HighamChapter9	NumStability.Source.Higham.Chapter09.Section01	theorem	public
NumStability.higham9_1_exists_completePivot_nonzero_and_ratio_bounds	NumStability.Algorithms.HighamChapter9	NumStability.Source.Higham.Chapter09.Section01	theorem	public
NumStability.higham9_1_exists_entry_ne_zero_of_det_ne_zero	NumStability.Algorithms.HighamChapter9	NumStability.Source.Higham.Chapter09.Section01	theorem	public
NumStability.higham9_1_exists_first_completePivotChoice_pivot_ne_zero_of_det_ne_zero	NumStability.Algorithms.HighamChapter9	NumStability.Source.Higham.Chapter09.Section01	theorem	public
NumStability.higham9_1_exists_partialPivotChoice	NumStability.Algorithms.HighamChapter9	NumStability.Source.Higham.Chapter09.Section01	theorem	public
NumStability.higham9_1_exists_partialPivotChoice_pivot_ne_zero	NumStability.Algorithms.HighamChapter9	NumStability.Source.Higham.Chapter09.Section01	theorem	public
NumStability.higham9_1_exists_partialPivot_nonzero_and_multiplier_bound	NumStability.Algorithms.HighamChapter9	NumStability.Source.Higham.Chapter09.Section01	theorem	public
NumStability.higham9_1_exists_rookPivotChoice	NumStability.Algorithms.HighamChapter9	NumStability.Source.Higham.Chapter09.Section01	theorem	public
NumStability.higham9_1_exists_rookPivot_nonzero_and_ratio_bounds	NumStability.Algorithms.HighamChapter9	NumStability.Source.Higham.Chapter09.Section01	theorem	public
NumStability.higham9_1_firstSchurComplement	NumStability.Algorithms.HighamChapter9	NumStability.Source.Higham.Chapter09.Section02	definition	public
NumStability.higham9_1_firstSchurComplement_leadingSubmatrix_comm	NumStability.Algorithms.HighamChapter9	NumStability.Source.Higham.Chapter09.Section02	theorem	public
NumStability.higham9_1_leadingPrincipalBlock_det_eq_pivot_product	NumStability.Algorithms.HighamChapter9	NumStability.Source.Higham.Chapter09.Section02	theorem	public
NumStability.higham9_1_leadingPrincipalBlock_det_ne_zero_iff_pivots_ne_zero	NumStability.Algorithms.HighamChapter9	NumStability.Source.Higham.Chapter09.Section02	theorem	public
NumStability.higham9_1_leadingSubmatrix_det_eq_pivot_mul_schur	NumStability.Algorithms.HighamChapter9	NumStability.Source.Higham.Chapter09.Section02	theorem	public
NumStability.higham9_1_lu_exists_of_firstSchurComplement	NumStability.Algorithms.HighamChapter9	NumStability.Source.Higham.Chapter09.Section02	theorem	public
NumStability.higham9_1_lu_exists_of_leading_minors_ne_zero	NumStability.Algorithms.HighamChapter9	NumStability.Source.Higham.Chapter09.Section02	theorem	public
NumStability.higham9_1_lu_unique_of_pivots_ne_zero	NumStability.Algorithms.HighamChapter9	NumStability.Source.Higham.Chapter09.Section02	theorem	public
NumStability.higham9_1_partialPivotChoice	NumStability.Algorithms.HighamChapter9	NumStability.Source.Higham.Chapter09.Section01	definition	public
NumStability.higham9_1_partialPivotChoice_pivot_ne_zero_of_exists	NumStability.Algorithms.HighamChapter9	NumStability.Source.Higham.Chapter09.Section01	theorem	public
NumStability.higham9_1_partialPivot_multiplier_abs_le_one	NumStability.Algorithms.HighamChapter9	NumStability.Source.Higham.Chapter09.Section01	theorem	public
NumStability.higham9_1_rookPivotChoice	NumStability.Algorithms.HighamChapter9	NumStability.Source.Higham.Chapter09.Section01	definition	public
NumStability.higham9_1_rookPivotChoice_of_completePivotChoice	NumStability.Algorithms.HighamChapter9	NumStability.Source.Higham.Chapter09.Section01	theorem	public
NumStability.higham9_1_rookPivot_column_multiplier_abs_le_one	NumStability.Algorithms.HighamChapter9	NumStability.Source.Higham.Chapter09.Section01	theorem	public
NumStability.higham9_1_rookPivot_row_multiplier_abs_le_one	NumStability.Algorithms.HighamChapter9	NumStability.Source.Higham.Chapter09.Section01	theorem	public
NumStability.higham9_20_primitive_diagonal_residual_corrected	NumStability.Algorithms.HighamChapter9Theorem914Primitive	NumStability.Source.Higham.Chapter09.Theorem914Primitive	theorem	public
NumStability.higham9_20_primitive_division_residual_corrected	NumStability.Algorithms.HighamChapter9Theorem914Primitive	NumStability.Source.Higham.Chapter09.Theorem914Primitive	theorem	public
NumStability.higham9_20_tridiag_lu_perturbation_model	NumStability.Algorithms.HighamChapter9	NumStability.Source.Higham.Chapter09.Section06	definition	public
NumStability.higham9_20_tridiag_lu_perturbation_model_iff_matrix_mul	NumStability.Algorithms.HighamChapter9	NumStability.Source.Higham.Chapter09.Section06	theorem	public
NumStability.higham9_20_tridiag_lu_perturbation_model_mono	NumStability.Algorithms.HighamChapter9	NumStability.Source.Higham.Chapter09.Section06	theorem	public
NumStability.higham9_20_tridiag_lu_perturbation_model_of_DoolittleDenseLoopAbsBudgetCertificate	NumStability.Algorithms.HighamChapter9	NumStability.Source.Higham.Chapter09.Section06	theorem	public
NumStability.higham9_20_tridiag_lu_perturbation_model_of_DoolittleDenseLoopCertificate	NumStability.Algorithms.HighamChapter9	NumStability.Source.Higham.Chapter09.Section06	theorem	public
NumStability.higham9_20_tridiag_lu_perturbation_model_of_LUBackwardError_le	NumStability.Algorithms.HighamChapter9	NumStability.Source.Higham.Chapter09.Section06	theorem	public
NumStability.higham9_20_tridiag_lu_perturbation_model_of_RectDoolittleDenseLoopAbsBudgetCertificate_square	NumStability.Algorithms.HighamChapter9	NumStability.Source.Higham.Chapter09.Section06	theorem	public
NumStability.higham9_20_tridiag_lu_perturbation_model_of_RectDoolittleDenseLoopCertificate_square	NumStability.Algorithms.HighamChapter9	NumStability.Source.Higham.Chapter09.Section06	theorem	public
NumStability.higham9_20_tridiag_lu_perturbation_model_of_RectDoolittleRoundedStageTrace_square	NumStability.Algorithms.HighamChapter9	NumStability.Source.Higham.Chapter09.Section06	theorem	public
NumStability.higham9_20_tridiag_lu_perturbation_model_of_RectDoolittleRoundedStageTrace_square_gamma	NumStability.Algorithms.HighamChapter9	NumStability.Source.Higham.Chapter09.Section06	theorem	public
NumStability.higham9_20_tridiag_lu_perturbation_model_of_rectRoundedLoop_square	NumStability.Algorithms.HighamChapter9	NumStability.Source.Higham.Chapter09.Section06	theorem	public
NumStability.higham9_20_tridiag_lu_perturbation_model_of_rectRoundedLoop_square_gamma	NumStability.Algorithms.HighamChapter9	NumStability.Source.Higham.Chapter09.Section06	theorem	public
NumStability.higham9_21_tridiag_solve_perturbation_model	NumStability.Algorithms.HighamChapter9	NumStability.Source.Higham.Chapter09.Section06	definition	public
NumStability.higham9_21_tridiag_solve_perturbation_model_iff_matrix_mulVec	NumStability.Algorithms.HighamChapter9	NumStability.Source.Higham.Chapter09.Section06	theorem	public
NumStability.higham9_21_tridiag_solve_perturbation_model_mono	NumStability.Algorithms.HighamChapter9	NumStability.Source.Higham.Chapter09.Section06	theorem	public
NumStability.higham9_21_tridiag_solve_perturbation_model_of_fl_triangular_solves_gamma	NumStability.Algorithms.HighamChapter9	NumStability.Source.Higham.Chapter09.Section06	theorem	public
NumStability.higham9_21_tridiag_solve_perturbation_model_of_fl_triangular_solves_gamma_le	NumStability.Algorithms.HighamChapter9	NumStability.Source.Higham.Chapter09.Section06	theorem	public
NumStability.higham9_22_matrix_source_f_bound_of_matrix_models	NumStability.Algorithms.HighamChapter9	NumStability.Source.Higham.Chapter09.Section06	theorem	public
NumStability.higham9_22_matrix_source_f_bound_of_matrix_models_le	NumStability.Algorithms.HighamChapter9	NumStability.Source.Higham.Chapter09.Section06	theorem	public
NumStability.higham9_22_source_f_bound_of_9_20_9_21_models	NumStability.Algorithms.HighamChapter9	NumStability.Source.Higham.Chapter09.Section06	theorem	public
NumStability.higham9_22_source_f_bound_of_9_20_9_21_models_le	NumStability.Algorithms.HighamChapter9	NumStability.Source.Higham.Chapter09.Section06	theorem	public
NumStability.higham9_23_condSkeel_nonneg	NumStability.Algorithms.HighamChapter9	NumStability.Source.Higham.Chapter09.Section06	theorem	public
NumStability.higham9_23_firstOrderLe_of_backward_error_coeff	NumStability.Algorithms.HighamChapter9	NumStability.Source.Higham.Chapter09.Section06	theorem	public
NumStability.higham9_23_forward_error_exact_condSkeel	NumStability.Algorithms.HighamChapter9	NumStability.Source.Higham.Chapter09.Section06	theorem	public
NumStability.higham9_23_forward_error_exact_condSkeel_of_backward_error	NumStability.Algorithms.HighamChapter9	NumStability.Source.Higham.Chapter09.Section06	theorem	public
NumStability.higham9_23_forward_error_firstOrder_cond_product	NumStability.Algorithms.HighamChapter9	NumStability.Source.Higham.Chapter09.Section06	theorem	public
NumStability.higham9_23_forward_error_firstOrder_cond_product_of_backward_error	NumStability.Algorithms.HighamChapter9	NumStability.Source.Higham.Chapter09.Section06	theorem	public
NumStability.higham9_23_matrix_forward_error_exact_condSkeel	NumStability.Algorithms.HighamChapter9	NumStability.Source.Higham.Chapter09.Section06	theorem	public
NumStability.higham9_23_matrix_forward_error_exact_condSkeel_of_backward_error	NumStability.Algorithms.HighamChapter9	NumStability.Source.Higham.Chapter09.Section06	theorem	public
NumStability.higham9_23_matrix_forward_error_firstOrder_cond_product	NumStability.Algorithms.HighamChapter9	NumStability.Source.Higham.Chapter09.Section06	theorem	public
NumStability.higham9_23_matrix_forward_error_firstOrder_cond_product_of_backward_error	NumStability.Algorithms.HighamChapter9	NumStability.Source.Higham.Chapter09.Section06	theorem	public
NumStability.higham9_24_scaledMatrix	NumStability.Algorithms.HighamChapter9	NumStability.Source.Higham.Chapter09.Section06	definition	public
NumStability.higham9_2_CompletePermutedLUBackwardError	NumStability.Algorithms.HighamChapter9	NumStability.Source.Higham.Chapter09.Section02	definition	public
NumStability.higham9_2_CompletePermutedLUFactSpec	NumStability.Algorithms.HighamChapter9	NumStability.Source.Higham.Chapter09.Section02	definition	public
NumStability.higham9_2_DoolittleDenseLoopAbsBudgetCertificate	NumStability.Algorithms.HighamChapter9	NumStability.Source.Higham.Chapter09.Section02	definition	public
NumStability.higham9_2_DoolittleDenseLoopCertificate	NumStability.Algorithms.HighamChapter9	NumStability.Source.Higham.Chapter09.Section02	definition	public
NumStability.higham9_2_DoolittleLU	NumStability.Algorithms.HighamChapter9	NumStability.Source.Higham.Chapter09.Section01	definition	public
NumStability.higham9_2_PermutedLUBackwardError	NumStability.Algorithms.HighamChapter9	NumStability.Source.Higham.Chapter09.Section02	definition	public
NumStability.higham9_2_PermutedLUFactSpec	NumStability.Algorithms.HighamChapter9	NumStability.Source.Higham.Chapter09.Section02	definition	public
NumStability.higham9_2_RectDoolittleDenseLoopAbsBudgetCertificate	NumStability.Algorithms.HighamChapter9	NumStability.Source.Higham.Chapter09.Section02	inductive	public
NumStability.higham9_2_RectDoolittleDenseLoopAbsBudgetCertificate.L_abs_residual	NumStability.Algorithms.HighamChapter9	NumStability.Source.Higham.Chapter09.Section02	theorem	public
NumStability.higham9_2_RectDoolittleDenseLoopAbsBudgetCertificate.L_budget_le_compression	NumStability.Algorithms.HighamChapter9	NumStability.Source.Higham.Chapter09.Section02	theorem	public
NumStability.higham9_2_RectDoolittleDenseLoopAbsBudgetCertificate.L_diag	NumStability.Algorithms.HighamChapter9	NumStability.Source.Higham.Chapter09.Section02	theorem	public
NumStability.higham9_2_RectDoolittleDenseLoopAbsBudgetCertificate.L_entry_eq	NumStability.Algorithms.HighamChapter9	NumStability.Source.Higham.Chapter09.Section02	theorem	public
NumStability.higham9_2_RectDoolittleDenseLoopAbsBudgetCertificate.L_upper_zero	NumStability.Algorithms.HighamChapter9	NumStability.Source.Higham.Chapter09.Section02	theorem	public
NumStability.higham9_2_RectDoolittleDenseLoopAbsBudgetCertificate.U_abs_residual	NumStability.Algorithms.HighamChapter9	NumStability.Source.Higham.Chapter09.Section02	theorem	public
NumStability.higham9_2_RectDoolittleDenseLoopAbsBudgetCertificate.U_budget_le_compression	NumStability.Algorithms.HighamChapter9	NumStability.Source.Higham.Chapter09.Section02	theorem	public
NumStability.higham9_2_RectDoolittleDenseLoopAbsBudgetCertificate.U_entry_eq	NumStability.Algorithms.HighamChapter9	NumStability.Source.Higham.Chapter09.Section02	theorem	public
NumStability.higham9_2_RectDoolittleDenseLoopAbsBudgetCertificate.U_lower_zero	NumStability.Algorithms.HighamChapter9	NumStability.Source.Higham.Chapter09.Section02	theorem	public
NumStability.higham9_2_RectDoolittleDenseLoopAbsBudgetCertificate.casesOn	NumStability.Algorithms.HighamChapter9	NumStability.Source.Higham.Chapter09.Section02	definition	public
NumStability.higham9_2_RectDoolittleDenseLoopAbsBudgetCertificate.mk	NumStability.Algorithms.HighamChapter9	NumStability.Source.Higham.Chapter09.Section02	constructor	public
NumStability.higham9_2_RectDoolittleDenseLoopAbsBudgetCertificate.rec	NumStability.Algorithms.HighamChapter9	NumStability.Source.Higham.Chapter09.Section02	recursor	public
NumStability.higham9_2_RectDoolittleDenseLoopAbsBudgetCertificate.recOn	NumStability.Algorithms.HighamChapter9	NumStability.Source.Higham.Chapter09.Section02	definition	public
NumStability.higham9_2_RectDoolittleDenseLoopCertificate	NumStability.Algorithms.HighamChapter9	NumStability.Source.Higham.Chapter09.Section02	inductive	public
NumStability.higham9_2_RectDoolittleDenseLoopCertificate.L_diag	NumStability.Algorithms.HighamChapter9	NumStability.Source.Higham.Chapter09.Section02	theorem	public
NumStability.higham9_2_RectDoolittleDenseLoopCertificate.L_entry_eq	NumStability.Algorithms.HighamChapter9	NumStability.Source.Higham.Chapter09.Section02	theorem	public
NumStability.higham9_2_RectDoolittleDenseLoopCertificate.L_residual_compression	NumStability.Algorithms.HighamChapter9	NumStability.Source.Higham.Chapter09.Section02	theorem	public
NumStability.higham9_2_RectDoolittleDenseLoopCertificate.L_upper_zero	NumStability.Algorithms.HighamChapter9	NumStability.Source.Higham.Chapter09.Section02	theorem	public
NumStability.higham9_2_RectDoolittleDenseLoopCertificate.U_entry_eq	NumStability.Algorithms.HighamChapter9	NumStability.Source.Higham.Chapter09.Section02	theorem	public
NumStability.higham9_2_RectDoolittleDenseLoopCertificate.U_lower_zero	NumStability.Algorithms.HighamChapter9	NumStability.Source.Higham.Chapter09.Section02	theorem	public
NumStability.higham9_2_RectDoolittleDenseLoopCertificate.U_residual_compression	NumStability.Algorithms.HighamChapter9	NumStability.Source.Higham.Chapter09.Section02	theorem	public
NumStability.higham9_2_RectDoolittleDenseLoopCertificate.casesOn	NumStability.Algorithms.HighamChapter9	NumStability.Source.Higham.Chapter09.Section02	definition	public
NumStability.higham9_2_RectDoolittleDenseLoopCertificate.mk	NumStability.Algorithms.HighamChapter9	NumStability.Source.Higham.Chapter09.Section02	constructor	public
NumStability.higham9_2_RectDoolittleDenseLoopCertificate.rec	NumStability.Algorithms.HighamChapter9	NumStability.Source.Higham.Chapter09.Section02	recursor	public
NumStability.higham9_2_RectDoolittleDenseLoopCertificate.recOn	NumStability.Algorithms.HighamChapter9	NumStability.Source.Higham.Chapter09.Section02	definition	public
NumStability.higham9_2_RectDoolittleRoundedPrefixTrace	NumStability.Algorithms.HighamChapter9	NumStability.Source.Higham.Chapter09.Section02	inductive	public
NumStability.higham9_2_RectDoolittleRoundedPrefixTrace.L_diag_done	NumStability.Algorithms.HighamChapter9	NumStability.Source.Higham.Chapter09.Section02	theorem	public
NumStability.higham9_2_RectDoolittleRoundedPrefixTrace.L_stage_eq_done	NumStability.Algorithms.HighamChapter9	NumStability.Source.Higham.Chapter09.Section02	theorem	public
NumStability.higham9_2_RectDoolittleRoundedPrefixTrace.L_upper_zero_done	NumStability.Algorithms.HighamChapter9	NumStability.Source.Higham.Chapter09.Section02	theorem	public
NumStability.higham9_2_RectDoolittleRoundedPrefixTrace.U_lower_zero_done	NumStability.Algorithms.HighamChapter9	NumStability.Source.Higham.Chapter09.Section02	theorem	public
NumStability.higham9_2_RectDoolittleRoundedPrefixTrace.U_stage_eq_done	NumStability.Algorithms.HighamChapter9	NumStability.Source.Higham.Chapter09.Section02	theorem	public
NumStability.higham9_2_RectDoolittleRoundedPrefixTrace.casesOn	NumStability.Algorithms.HighamChapter9	NumStability.Source.Higham.Chapter09.Section02	definition	public
NumStability.higham9_2_RectDoolittleRoundedPrefixTrace.mk	NumStability.Algorithms.HighamChapter9	NumStability.Source.Higham.Chapter09.Section02	constructor	public
NumStability.higham9_2_RectDoolittleRoundedPrefixTrace.rec	NumStability.Algorithms.HighamChapter9	NumStability.Source.Higham.Chapter09.Section02	recursor	public
NumStability.higham9_2_RectDoolittleRoundedPrefixTrace.recOn	NumStability.Algorithms.HighamChapter9	NumStability.Source.Higham.Chapter09.Section02	definition	public
NumStability.higham9_2_RectDoolittleRoundedStageTrace	NumStability.Algorithms.HighamChapter9	NumStability.Source.Higham.Chapter09.Section02	inductive	public
NumStability.higham9_2_RectDoolittleRoundedStageTrace.L_diag	NumStability.Algorithms.HighamChapter9	NumStability.Source.Higham.Chapter09.Section02	theorem	public
NumStability.higham9_2_RectDoolittleRoundedStageTrace.L_stage_eq	NumStability.Algorithms.HighamChapter9	NumStability.Source.Higham.Chapter09.Section02	theorem	public
NumStability.higham9_2_RectDoolittleRoundedStageTrace.L_upper_zero	NumStability.Algorithms.HighamChapter9	NumStability.Source.Higham.Chapter09.Section02	theorem	public
NumStability.higham9_2_RectDoolittleRoundedStageTrace.U_lower_zero	NumStability.Algorithms.HighamChapter9	NumStability.Source.Higham.Chapter09.Section02	theorem	public
NumStability.higham9_2_RectDoolittleRoundedStageTrace.U_stage_eq	NumStability.Algorithms.HighamChapter9	NumStability.Source.Higham.Chapter09.Section02	theorem	public
NumStability.higham9_2_RectDoolittleRoundedStageTrace.casesOn	NumStability.Algorithms.HighamChapter9	NumStability.Source.Higham.Chapter09.Section02	definition	public
NumStability.higham9_2_RectDoolittleRoundedStageTrace.mk	NumStability.Algorithms.HighamChapter9	NumStability.Source.Higham.Chapter09.Section02	constructor	public
NumStability.higham9_2_RectDoolittleRoundedStageTrace.rec	NumStability.Algorithms.HighamChapter9	NumStability.Source.Higham.Chapter09.Section02	recursor	public
NumStability.higham9_2_RectDoolittleRoundedStageTrace.recOn	NumStability.Algorithms.HighamChapter9	NumStability.Source.Higham.Chapter09.Section02	definition	public
NumStability.higham9_2_RectDoolittleRoundedStageTransition	NumStability.Algorithms.HighamChapter9	NumStability.Source.Higham.Chapter09.Section02	inductive	public
NumStability.higham9_2_RectDoolittleRoundedStageTransition.L_diag_stage	NumStability.Algorithms.HighamChapter9	NumStability.Source.Higham.Chapter09.Section02	theorem	public
NumStability.higham9_2_RectDoolittleRoundedStageTransition.L_preserve_off_stage	NumStability.Algorithms.HighamChapter9	NumStability.Source.Higham.Chapter09.Section02	theorem	public
NumStability.higham9_2_RectDoolittleRoundedStageTransition.L_stage_eq_prev	NumStability.Algorithms.HighamChapter9	NumStability.Source.Higham.Chapter09.Section02	theorem	public
NumStability.higham9_2_RectDoolittleRoundedStageTransition.L_upper_zero_stage	NumStability.Algorithms.HighamChapter9	NumStability.Source.Higham.Chapter09.Section02	theorem	public
NumStability.higham9_2_RectDoolittleRoundedStageTransition.U_lower_zero_stage	NumStability.Algorithms.HighamChapter9	NumStability.Source.Higham.Chapter09.Section02	theorem	public
NumStability.higham9_2_RectDoolittleRoundedStageTransition.U_preserve_off_stage	NumStability.Algorithms.HighamChapter9	NumStability.Source.Higham.Chapter09.Section02	theorem	public
NumStability.higham9_2_RectDoolittleRoundedStageTransition.U_stage_eq_prev	NumStability.Algorithms.HighamChapter9	NumStability.Source.Higham.Chapter09.Section02	theorem	public
NumStability.higham9_2_RectDoolittleRoundedStageTransition.casesOn	NumStability.Algorithms.HighamChapter9	NumStability.Source.Higham.Chapter09.Section02	definition	public
NumStability.higham9_2_RectDoolittleRoundedStageTransition.mk	NumStability.Algorithms.HighamChapter9	NumStability.Source.Higham.Chapter09.Section02	constructor	public
NumStability.higham9_2_RectDoolittleRoundedStageTransition.rec	NumStability.Algorithms.HighamChapter9	NumStability.Source.Higham.Chapter09.Section02	recursor	public
NumStability.higham9_2_RectDoolittleRoundedStageTransition.recOn	NumStability.Algorithms.HighamChapter9	NumStability.Source.Higham.Chapter09.Section02	definition	public
NumStability.higham9_2_RectDoolittleRoundedState	NumStability.Algorithms.HighamChapter9	NumStability.Source.Higham.Chapter09.Section02	definition	public
NumStability.higham9_2_absBudgetCertificate_of_literal_doolittle_component_dominance	NumStability.Algorithms.HighamChapter9	NumStability.Source.Higham.Chapter09.Section02	theorem	public
NumStability.higham9_2_absBudgetCertificate_of_literal_doolittle_exact_product_margins	NumStability.Algorithms.HighamChapter9	NumStability.Source.Higham.Chapter09.Section02	theorem	public
NumStability.higham9_2_absBudgetCertificate_of_literal_doolittle_exact_product_numerator_margins	NumStability.Algorithms.HighamChapter9	NumStability.Source.Higham.Chapter09.Section02	theorem	public
NumStability.higham9_2_absBudgetCertificate_of_literal_doolittle_exact_target_gaps	NumStability.Algorithms.HighamChapter9	NumStability.Source.Higham.Chapter09.Section02	theorem	public
NumStability.higham9_2_absBudgetCertificate_of_literal_doolittle_source_budgets	NumStability.Algorithms.HighamChapter9	NumStability.Source.Higham.Chapter09.Section02	theorem	public
NumStability.higham9_2_absBudgetCertificate_to_DoolittleLU	NumStability.Algorithms.HighamChapter9	NumStability.Source.Higham.Chapter09.Section02	theorem	public
NumStability.higham9_2_abs_lower_entry_mul_pivot_le_rectMatMul_abs_sum	NumStability.Algorithms.HighamChapter9	NumStability.Source.Higham.Chapter09.Section02	theorem	public
NumStability.higham9_2_abs_upper_entry_le_rectMatMul_abs_sum	NumStability.Algorithms.HighamChapter9	NumStability.Source.Higham.Chapter09.Section02	theorem	public
NumStability.higham9_2_colPermutedMatrix	NumStability.Algorithms.HighamChapter9	NumStability.Source.Higham.Chapter09.Section02	definition	public
NumStability.higham9_2_colPermutedMatrix_infNorm	NumStability.Algorithms.HighamChapter9	NumStability.Source.Higham.Chapter09.Section02	theorem	public
NumStability.higham9_2_colPermutedMatrix_maxEntryNorm	NumStability.Algorithms.HighamChapter9	NumStability.Source.Higham.Chapter09.Section02	theorem	public
NumStability.higham9_2_completePermutedAbsBudgetCertificate_to_CompletePermutedLUBackwardError	NumStability.Algorithms.HighamChapter9	NumStability.Source.Higham.Chapter09.Section02	theorem	public
NumStability.higham9_2_completePermutedDenseLoopCertificate_to_CompletePermutedLUBackwardError	NumStability.Algorithms.HighamChapter9	NumStability.Source.Higham.Chapter09.Section02	theorem	public
NumStability.higham9_2_completePermutedLUBackwardError_to_LUBackwardError	NumStability.Algorithms.HighamChapter9	NumStability.Source.Higham.Chapter09.Section02	theorem	public
NumStability.higham9_2_completePermutedLUFactSpec_det_eq_pivot_product	NumStability.Algorithms.HighamChapter9	NumStability.Source.Higham.Chapter09.Section02	theorem	public
NumStability.higham9_2_completePermutedLUFactSpec_det_ne_zero_iff_pivots_ne_zero	NumStability.Algorithms.HighamChapter9	NumStability.Source.Higham.Chapter09.Section02	theorem	public
NumStability.higham9_2_completePermutedLUFactSpec_to_CompletePermutedLUBackwardError_gamma	NumStability.Algorithms.HighamChapter9	NumStability.Source.Higham.Chapter09.Section02	theorem	public
NumStability.higham9_2_completePermutedLUFactSpec_to_CompletePermutedLUBackwardError_zero	NumStability.Algorithms.HighamChapter9	NumStability.Source.Higham.Chapter09.Section02	theorem	public
NumStability.higham9_2_completePermutedLUFactSpec_to_LUFactSpec	NumStability.Algorithms.HighamChapter9	NumStability.Source.Higham.Chapter09.Section02	theorem	public
NumStability.higham9_2_completePermutedRectAbsBudgetCertificate_to_CompletePermutedLUBackwardError	NumStability.Algorithms.HighamChapter9	NumStability.Source.Higham.Chapter09.Section02	theorem	public
NumStability.higham9_2_completePermutedRectDenseLoopCertificate_to_CompletePermutedLUBackwardError	NumStability.Algorithms.HighamChapter9	NumStability.Source.Higham.Chapter09.Section02	theorem	public
NumStability.higham9_2_completePermutedRectRoundedLoopStageTrace	NumStability.Algorithms.HighamChapter9	NumStability.Source.Higham.Chapter09.Section02	theorem	public
NumStability.higham9_2_completePermutedRectRoundedLoop_square_to_DoolittleLU	NumStability.Algorithms.HighamChapter9	NumStability.Source.Higham.Chapter09.Section02	theorem	public
NumStability.higham9_2_completePermutedRectRoundedLoop_to_CompletePermutedLUBackwardError	NumStability.Algorithms.HighamChapter9	NumStability.Source.Higham.Chapter09.Section02	theorem	public
NumStability.higham9_2_completePermutedRectRoundedLoop_to_rectAbsBudgetCertificate	NumStability.Algorithms.HighamChapter9	NumStability.Source.Higham.Chapter09.Section02	theorem	public
NumStability.higham9_2_completePermutedRectRoundedLoop_to_rectDenseLoopCertificate	NumStability.Algorithms.HighamChapter9	NumStability.Source.Higham.Chapter09.Section02	theorem	public
NumStability.higham9_2_completePermutedRectRoundedStageTrace_to_CompletePermutedLUBackwardError	NumStability.Algorithms.HighamChapter9	NumStability.Source.Higham.Chapter09.Section02	theorem	public
NumStability.higham9_2_complexRowColPermutedMatrix	NumStability.Algorithms.HighamChapter9	NumStability.Source.Higham.Chapter09.Section04	definition	public
NumStability.higham9_2_complexRowColPermutedMatrix_right_inverse	NumStability.Algorithms.HighamChapter9	NumStability.Source.Higham.Chapter09.Section04	theorem	public
NumStability.higham9_2_denseLoopCertificate_to_DoolittleLU	NumStability.Algorithms.HighamChapter9	NumStability.Source.Higham.Chapter09.Section02	theorem	public
NumStability.higham9_2_doolittleSourceFlopPolynomial	NumStability.Algorithms.HighamChapter9	NumStability.Source.Higham.Chapter09.Section02	definition	public
NumStability.higham9_2_doolittleSourceFlopPolynomial_eq	NumStability.Algorithms.HighamChapter9	NumStability.Source.Higham.Chapter09.Section02	theorem	public
NumStability.higham9_2_doolittleSourceFlopPolynomial_one	NumStability.Algorithms.HighamChapter9	NumStability.Source.Higham.Chapter09.Section02	theorem	public
NumStability.higham9_2_exactDoolittle_recurrences_to_LUFactSpec	NumStability.Algorithms.HighamChapter9	NumStability.Source.Higham.Chapter09.Section02	theorem	public
NumStability.higham9_2_firstPivotRowColSwap_det_ne_zero	NumStability.Algorithms.HighamChapter9	NumStability.Source.Higham.Chapter09.Section02	theorem	public
NumStability.higham9_2_flDoolittleLEntry	NumStability.Algorithms.HighamChapter9	NumStability.Source.Higham.Chapter09.Section02	definition	public
NumStability.higham9_2_flDoolittleLNumerator	NumStability.Algorithms.HighamChapter9	NumStability.Source.Higham.Chapter09.Section02	definition	public
NumStability.higham9_2_flDoolittleUEntry	NumStability.Algorithms.HighamChapter9	NumStability.Source.Higham.Chapter09.Section02	definition	public
NumStability.higham9_2_permutedAbsBudgetCertificate_to_PermutedLUBackwardError	NumStability.Algorithms.HighamChapter9	NumStability.Source.Higham.Chapter09.Section02	theorem	public
NumStability.higham9_2_permutedDenseLoopCertificate_to_PermutedLUBackwardError	NumStability.Algorithms.HighamChapter9	NumStability.Source.Higham.Chapter09.Section02	theorem	public
NumStability.higham9_2_permutedLUBackwardError_to_LUBackwardError	NumStability.Algorithms.HighamChapter9	NumStability.Source.Higham.Chapter09.Section02	theorem	public
NumStability.higham9_2_permutedLUFactSpec_det_eq_pivot_product	NumStability.Algorithms.HighamChapter9	NumStability.Source.Higham.Chapter09.Section02	theorem	public
NumStability.higham9_2_permutedLUFactSpec_det_ne_zero_iff_pivots_ne_zero	NumStability.Algorithms.HighamChapter9	NumStability.Source.Higham.Chapter09.Section02	theorem	public
NumStability.higham9_2_permutedLUFactSpec_to_CompletePermutedLUFactSpec_id	NumStability.Algorithms.HighamChapter9	NumStability.Source.Higham.Chapter09.Section02	theorem	public
NumStability.higham9_2_permutedLUFactSpec_to_LUFactSpec	NumStability.Algorithms.HighamChapter9	NumStability.Source.Higham.Chapter09.Section02	theorem	public
NumStability.higham9_2_permutedLUFactSpec_to_PermutedLUBackwardError_gamma	NumStability.Algorithms.HighamChapter9	NumStability.Source.Higham.Chapter09.Section02	theorem	public
NumStability.higham9_2_permutedLUFactSpec_to_PermutedLUBackwardError_zero	NumStability.Algorithms.HighamChapter9	NumStability.Source.Higham.Chapter09.Section02	theorem	public
NumStability.higham9_2_permutedRectAbsBudgetCertificate_to_PermutedLUBackwardError	NumStability.Algorithms.HighamChapter9	NumStability.Source.Higham.Chapter09.Section02	theorem	public
NumStability.higham9_2_permutedRectDenseLoopCertificate_to_PermutedLUBackwardError	NumStability.Algorithms.HighamChapter9	NumStability.Source.Higham.Chapter09.Section02	theorem	public
NumStability.higham9_2_permutedRectRoundedLoopStageTrace	NumStability.Algorithms.HighamChapter9	NumStability.Source.Higham.Chapter09.Section02	theorem	public
NumStability.higham9_2_permutedRectRoundedLoop_square_to_DoolittleLU	NumStability.Algorithms.HighamChapter9	NumStability.Source.Higham.Chapter09.Section02	theorem	public
NumStability.higham9_2_permutedRectRoundedLoop_to_PermutedLUBackwardError	NumStability.Algorithms.HighamChapter9	NumStability.Source.Higham.Chapter09.Section02	theorem	public
NumStability.higham9_2_permutedRectRoundedLoop_to_rectAbsBudgetCertificate	NumStability.Algorithms.HighamChapter9	NumStability.Source.Higham.Chapter09.Section02	theorem	public
NumStability.higham9_2_permutedRectRoundedLoop_to_rectDenseLoopCertificate	NumStability.Algorithms.HighamChapter9	NumStability.Source.Higham.Chapter09.Section02	theorem	public
NumStability.higham9_2_permutedRectRoundedStageTrace_to_PermutedLUBackwardError	NumStability.Algorithms.HighamChapter9	NumStability.Source.Higham.Chapter09.Section02	theorem	public
NumStability.higham9_2_rectAbsBudgetCertificate_of_literal_doolittle_component_dominance	NumStability.Algorithms.HighamChapter9	NumStability.Source.Higham.Chapter09.Section02	theorem	public
NumStability.higham9_2_rectAbsBudgetCertificate_of_literal_doolittle_exact_product_margins	NumStability.Algorithms.HighamChapter9	NumStability.Source.Higham.Chapter09.Section02	theorem	public
NumStability.higham9_2_rectAbsBudgetCertificate_of_literal_doolittle_exact_product_numerator_margins	NumStability.Algorithms.HighamChapter9	NumStability.Source.Higham.Chapter09.Section02	theorem	public
NumStability.higham9_2_rectAbsBudgetCertificate_of_literal_doolittle_exact_target_gaps	NumStability.Algorithms.HighamChapter9	NumStability.Source.Higham.Chapter09.Section02	theorem	public
NumStability.higham9_2_rectAbsBudgetCertificate_of_literal_doolittle_source_budgets	NumStability.Algorithms.HighamChapter9	NumStability.Source.Higham.Chapter09.Section02	theorem	public
NumStability.higham9_2_rectAbsBudgetCertificate_square_to_DoolittleLU	NumStability.Algorithms.HighamChapter9	NumStability.Source.Higham.Chapter09.Section02	theorem	public
NumStability.higham9_2_rectAbsBudgetCertificate_to_rectDenseLoopCertificate	NumStability.Algorithms.HighamChapter9	NumStability.Source.Higham.Chapter09.Section02	theorem	public
NumStability.higham9_2_rectAbsBudgetCertificate_to_squareAbsBudgetCertificate	NumStability.Algorithms.HighamChapter9	NumStability.Source.Higham.Chapter09.Section02	theorem	public
NumStability.higham9_2_rectDenseLoopCertificate_square_to_DoolittleLU	NumStability.Algorithms.HighamChapter9	NumStability.Source.Higham.Chapter09.Section02	theorem	public
NumStability.higham9_2_rectDenseLoopCertificate_to_squareDenseLoopCertificate	NumStability.Algorithms.HighamChapter9	NumStability.Source.Higham.Chapter09.Section02	theorem	public
NumStability.higham9_2_rectDoolittleLAbsBudget	NumStability.Algorithms.HighamChapter9	NumStability.Source.Higham.Chapter09.Section02	definition	public
NumStability.higham9_2_rectDoolittleLAbsBudget_le_compression_of_component_dominance	NumStability.Algorithms.HighamChapter9	NumStability.Source.Higham.Chapter09.Section02	theorem	public
NumStability.higham9_2_rectDoolittleLExactProductMargin_of_exactTarget_gap	NumStability.Algorithms.HighamChapter9	NumStability.Source.Higham.Chapter09.Section02	theorem	public
NumStability.higham9_2_rectDoolittleLExactProductNumeratorMargin_of_exactTarget_gap	NumStability.Algorithms.HighamChapter9	NumStability.Source.Higham.Chapter09.Section02	theorem	public
NumStability.higham9_2_rectDoolittleLExactTarget	NumStability.Algorithms.HighamChapter9	NumStability.Source.Higham.Chapter09.Section02	definition	public
NumStability.higham9_2_rectDoolittleLExactTargetEntryResidualBudget	NumStability.Algorithms.HighamChapter9	NumStability.Source.Higham.Chapter09.Section02	definition	public
NumStability.higham9_2_rectDoolittleLExactTargetNumeratorResidualBudget	NumStability.Algorithms.HighamChapter9	NumStability.Source.Higham.Chapter09.Section02	definition	public
NumStability.higham9_2_rectDoolittleLNumeratorAbs	NumStability.Algorithms.HighamChapter9	NumStability.Source.Higham.Chapter09.Section02	definition	public
NumStability.higham9_2_rectDoolittleLNumeratorAbs_le_of_exact_product_numerator_margin	NumStability.Algorithms.HighamChapter9	NumStability.Source.Higham.Chapter09.Section02	theorem	public
NumStability.higham9_2_rectDoolittleLProductAbs	NumStability.Algorithms.HighamChapter9	NumStability.Source.Higham.Chapter09.Section02	definition	public
NumStability.higham9_2_rectDoolittleLProductAbs_le_of_exact_product_margin	NumStability.Algorithms.HighamChapter9	NumStability.Source.Higham.Chapter09.Section02	theorem	public
NumStability.higham9_2_rectDoolittleLUpdate	NumStability.Algorithms.HighamChapter9	NumStability.Source.Higham.Chapter09.Section02	definition	public
NumStability.higham9_2_rectDoolittleLUpdate_eq_of_LUFactSpec	NumStability.Algorithms.HighamChapter9	NumStability.Source.Higham.Chapter09.Section02	theorem	public
NumStability.higham9_2_rectDoolittleLUpdate_source_identity	NumStability.Algorithms.HighamChapter9	NumStability.Source.Higham.Chapter09.Section02	theorem	public
NumStability.higham9_2_rectDoolittleLWorkAbs	NumStability.Algorithms.HighamChapter9	NumStability.Source.Higham.Chapter09.Section02	definition	public
NumStability.higham9_2_rectDoolittleLWorkAbs_le_of_exact_product_margin	NumStability.Algorithms.HighamChapter9	NumStability.Source.Higham.Chapter09.Section02	theorem	public
NumStability.higham9_2_rectDoolittleL_source_identity	NumStability.Algorithms.HighamChapter9	NumStability.Source.Higham.Chapter09.Section02	theorem	public
NumStability.higham9_2_rectDoolittleUAbsBudget	NumStability.Algorithms.HighamChapter9	NumStability.Source.Higham.Chapter09.Section02	definition	public
NumStability.higham9_2_rectDoolittleUAbsBudget_le_compression_of_component_dominance	NumStability.Algorithms.HighamChapter9	NumStability.Source.Higham.Chapter09.Section02	theorem	public
NumStability.higham9_2_rectDoolittleUExactProductMargin_of_exactTarget_gap	NumStability.Algorithms.HighamChapter9	NumStability.Source.Higham.Chapter09.Section02	theorem	public
NumStability.higham9_2_rectDoolittleUExactTarget	NumStability.Algorithms.HighamChapter9	NumStability.Source.Higham.Chapter09.Section02	definition	public
NumStability.higham9_2_rectDoolittleUExactTargetResidualBudget	NumStability.Algorithms.HighamChapter9	NumStability.Source.Higham.Chapter09.Section02	definition	public
NumStability.higham9_2_rectDoolittleUProductAbs	NumStability.Algorithms.HighamChapter9	NumStability.Source.Higham.Chapter09.Section02	definition	public
NumStability.higham9_2_rectDoolittleUProductAbs_le_of_exact_product_margin	NumStability.Algorithms.HighamChapter9	NumStability.Source.Higham.Chapter09.Section02	theorem	public
NumStability.higham9_2_rectDoolittleUUpdate	NumStability.Algorithms.HighamChapter9	NumStability.Source.Higham.Chapter09.Section02	definition	public
NumStability.higham9_2_rectDoolittleUUpdate_eq_of_LUFactSpec	NumStability.Algorithms.HighamChapter9	NumStability.Source.Higham.Chapter09.Section02	theorem	public
NumStability.higham9_2_rectDoolittleUUpdate_source_identity	NumStability.Algorithms.HighamChapter9	NumStability.Source.Higham.Chapter09.Section02	theorem	public
NumStability.higham9_2_rectDoolittleUWorkAbs	NumStability.Algorithms.HighamChapter9	NumStability.Source.Higham.Chapter09.Section02	definition	public
NumStability.higham9_2_rectDoolittleUWorkAbs_le_of_exact_product_margin	NumStability.Algorithms.HighamChapter9	NumStability.Source.Higham.Chapter09.Section02	theorem	public
NumStability.higham9_2_rectDoolittleU_source_identity	NumStability.Algorithms.HighamChapter9	NumStability.Source.Higham.Chapter09.Section02	theorem	public
NumStability.higham9_2_rectDoolittle_exact_recurrences_rectMatMul_eq	NumStability.Algorithms.HighamChapter9	NumStability.Source.Higham.Chapter09.Section02	theorem	public
NumStability.higham9_2_rectFlDoolittleLEntry	NumStability.Algorithms.HighamChapter9	NumStability.Source.Higham.Chapter09.Section02	definition	public
NumStability.higham9_2_rectFlDoolittleLEntry_eq_of_prefix	NumStability.Algorithms.HighamChapter9	NumStability.Source.Higham.Chapter09.Section02	theorem	public
NumStability.higham9_2_rectFlDoolittleLEntry_mul_pivot_sub_numerator_abs_le	NumStability.Algorithms.HighamChapter9	NumStability.Source.Higham.Chapter09.Section02	theorem	public
NumStability.higham9_2_rectFlDoolittleLEntry_residual_abs_le	NumStability.Algorithms.HighamChapter9	NumStability.Source.Higham.Chapter09.Section02	theorem	public
NumStability.higham9_2_rectFlDoolittleLNumerator	NumStability.Algorithms.HighamChapter9	NumStability.Source.Higham.Chapter09.Section02	definition	public
NumStability.higham9_2_rectFlDoolittleLNumerator_eq_of_prefix	NumStability.Algorithms.HighamChapter9	NumStability.Source.Higham.Chapter09.Section02	theorem	public
NumStability.higham9_2_rectFlDoolittleLNumerator_residual_abs_le	NumStability.Algorithms.HighamChapter9	NumStability.Source.Higham.Chapter09.Section02	theorem	public
NumStability.higham9_2_rectFlDoolittleUEntry	NumStability.Algorithms.HighamChapter9	NumStability.Source.Higham.Chapter09.Section02	definition	public
NumStability.higham9_2_rectFlDoolittleUEntry_eq_of_prefix	NumStability.Algorithms.HighamChapter9	NumStability.Source.Higham.Chapter09.Section02	theorem	public
NumStability.higham9_2_rectFlDoolittleUEntry_residual_abs_le	NumStability.Algorithms.HighamChapter9	NumStability.Source.Higham.Chapter09.Section02	theorem	public
NumStability.higham9_2_rectMatMul_eq_prefix_add_lower	NumStability.Algorithms.HighamChapter9	NumStability.Source.Higham.Chapter09.Section02	theorem	public
NumStability.higham9_2_rectMatMul_eq_prefix_add_upper	NumStability.Algorithms.HighamChapter9	NumStability.Source.Higham.Chapter09.Section02	theorem	public
NumStability.higham9_2_rectPrefixDot	NumStability.Algorithms.HighamChapter9	NumStability.Source.Higham.Chapter09.Section02	definition	public
NumStability.higham9_2_rectPrefixDot_abs_le_absLUProduct	NumStability.Algorithms.HighamChapter9	NumStability.Source.Higham.Chapter09.Section04	theorem	public
NumStability.higham9_2_rectRoundedInitialState	NumStability.Algorithms.HighamChapter9	NumStability.Source.Higham.Chapter09.Section02	definition	public
NumStability.higham9_2_rectRoundedLoopL	NumStability.Algorithms.HighamChapter9	NumStability.Source.Higham.Chapter09.Section02	definition	public
NumStability.higham9_2_rectRoundedLoopL_diag	NumStability.Algorithms.HighamChapter9	NumStability.Source.Higham.Chapter09.Section02	theorem	public
NumStability.higham9_2_rectRoundedLoopL_stage_eq	NumStability.Algorithms.HighamChapter9	NumStability.Source.Higham.Chapter09.Section02	theorem	public
NumStability.higham9_2_rectRoundedLoopL_upper_zero	NumStability.Algorithms.HighamChapter9	NumStability.Source.Higham.Chapter09.Section02	theorem	public
NumStability.higham9_2_rectRoundedLoopStageTrace	NumStability.Algorithms.HighamChapter9	NumStability.Source.Higham.Chapter09.Section02	theorem	public
NumStability.higham9_2_rectRoundedLoopState	NumStability.Algorithms.HighamChapter9	NumStability.Source.Higham.Chapter09.Section02	definition	public
NumStability.higham9_2_rectRoundedLoopState_L_eq_final_of_col_lt	NumStability.Algorithms.HighamChapter9	NumStability.Source.Higham.Chapter09.Section02	theorem	public
NumStability.higham9_2_rectRoundedLoopState_U_eq_final_of_row_lt	NumStability.Algorithms.HighamChapter9	NumStability.Source.Higham.Chapter09.Section02	theorem	public
NumStability.higham9_2_rectRoundedLoopState_add_L_column_stable_of_lt	NumStability.Algorithms.HighamChapter9	NumStability.Source.Higham.Chapter09.Section02	theorem	public
NumStability.higham9_2_rectRoundedLoopState_add_U_row_stable_of_lt	NumStability.Algorithms.HighamChapter9	NumStability.Source.Higham.Chapter09.Section02	theorem	public
NumStability.higham9_2_rectRoundedLoopState_succ_L_column_stable_of_lt	NumStability.Algorithms.HighamChapter9	NumStability.Source.Higham.Chapter09.Section02	theorem	public
NumStability.higham9_2_rectRoundedLoopState_succ_L_diag_stage	NumStability.Algorithms.HighamChapter9	NumStability.Source.Higham.Chapter09.Section02	theorem	public
NumStability.higham9_2_rectRoundedLoopState_succ_L_stage_eq_prev	NumStability.Algorithms.HighamChapter9	NumStability.Source.Higham.Chapter09.Section02	theorem	public
NumStability.higham9_2_rectRoundedLoopState_succ_L_upper_zero_stage	NumStability.Algorithms.HighamChapter9	NumStability.Source.Higham.Chapter09.Section02	theorem	public
NumStability.higham9_2_rectRoundedLoopState_succ_U_lower_zero_stage	NumStability.Algorithms.HighamChapter9	NumStability.Source.Higham.Chapter09.Section02	theorem	public
NumStability.higham9_2_rectRoundedLoopState_succ_U_row_stable_of_lt	NumStability.Algorithms.HighamChapter9	NumStability.Source.Higham.Chapter09.Section02	theorem	public
NumStability.higham9_2_rectRoundedLoopState_succ_U_stage_eq_prev	NumStability.Algorithms.HighamChapter9	NumStability.Source.Higham.Chapter09.Section02	theorem	public
NumStability.higham9_2_rectRoundedLoopState_succ_transition	NumStability.Algorithms.HighamChapter9	NumStability.Source.Higham.Chapter09.Section02	theorem	public
NumStability.higham9_2_rectRoundedLoopU	NumStability.Algorithms.HighamChapter9	NumStability.Source.Higham.Chapter09.Section02	definition	public
NumStability.higham9_2_rectRoundedLoopU_lower_zero	NumStability.Algorithms.HighamChapter9	NumStability.Source.Higham.Chapter09.Section02	theorem	public
NumStability.higham9_2_rectRoundedLoopU_stage_eq	NumStability.Algorithms.HighamChapter9	NumStability.Source.Higham.Chapter09.Section02	theorem	public
NumStability.higham9_2_rectRoundedLoop_square_to_DoolittleLU	NumStability.Algorithms.HighamChapter9	NumStability.Source.Higham.Chapter09.Section02	theorem	public
NumStability.higham9_2_rectRoundedLoop_to_rectAbsBudgetCertificate	NumStability.Algorithms.HighamChapter9	NumStability.Source.Higham.Chapter09.Section02	theorem	public
NumStability.higham9_2_rectRoundedLoop_to_rectDenseLoopCertificate	NumStability.Algorithms.HighamChapter9	NumStability.Source.Higham.Chapter09.Section02	theorem	public
NumStability.higham9_2_rectRoundedPrefixTrace_complete_of_stage_obligations	NumStability.Algorithms.HighamChapter9	NumStability.Source.Higham.Chapter09.Section02	theorem	public
NumStability.higham9_2_rectRoundedPrefixTrace_complete_to_stageTrace	NumStability.Algorithms.HighamChapter9	NumStability.Source.Higham.Chapter09.Section02	theorem	public
NumStability.higham9_2_rectRoundedPrefixTrace_of_stage_obligations	NumStability.Algorithms.HighamChapter9	NumStability.Source.Higham.Chapter09.Section02	theorem	public
NumStability.higham9_2_rectRoundedPrefixTrace_succ	NumStability.Algorithms.HighamChapter9	NumStability.Source.Higham.Chapter09.Section02	theorem	public
NumStability.higham9_2_rectRoundedPrefixTrace_zero	NumStability.Algorithms.HighamChapter9	NumStability.Source.Higham.Chapter09.Section02	theorem	public
NumStability.higham9_2_rectRoundedStageStep	NumStability.Algorithms.HighamChapter9	NumStability.Source.Higham.Chapter09.Section02	definition	public
NumStability.higham9_2_rectRoundedStageTrace_of_stage_obligations	NumStability.Algorithms.HighamChapter9	NumStability.Source.Higham.Chapter09.Section02	theorem	public
NumStability.higham9_2_rectRoundedStageTrace_square_to_DoolittleLU	NumStability.Algorithms.HighamChapter9	NumStability.Source.Higham.Chapter09.Section02	theorem	public
NumStability.higham9_2_rectRoundedStageTrace_to_prefixTrace	NumStability.Algorithms.HighamChapter9	NumStability.Source.Higham.Chapter09.Section02	theorem	public
NumStability.higham9_2_rectRoundedStageTrace_to_rectAbsBudgetCertificate	NumStability.Algorithms.HighamChapter9	NumStability.Source.Higham.Chapter09.Section02	theorem	public
NumStability.higham9_2_rectRoundedStageTrace_to_rectDenseLoopCertificate	NumStability.Algorithms.HighamChapter9	NumStability.Source.Higham.Chapter09.Section02	theorem	public
NumStability.higham9_2_rectRoundedStageTransition_of_update	NumStability.Algorithms.HighamChapter9	NumStability.Source.Higham.Chapter09.Section02	theorem	public
NumStability.higham9_2_rectRoundedStageUpdateL	NumStability.Algorithms.HighamChapter9	NumStability.Source.Higham.Chapter09.Section02	definition	public
NumStability.higham9_2_rectRoundedStageUpdateU	NumStability.Algorithms.HighamChapter9	NumStability.Source.Higham.Chapter09.Section02	definition	public
NumStability.higham9_2_rectRow	NumStability.Algorithms.HighamChapter9	NumStability.Source.Higham.Chapter09.Section02	definition	public
NumStability.higham9_2_rectStageObligations_to_rectDenseLoopCertificate	NumStability.Algorithms.HighamChapter9	NumStability.Source.Higham.Chapter09.Section02	theorem	public
NumStability.higham9_2_rowColPermutedMatrix	NumStability.Algorithms.HighamChapter9	NumStability.Source.Higham.Chapter09.Section02	definition	public
NumStability.higham9_2_rowColPermutedMatrix_det_ne_zero	NumStability.Algorithms.HighamChapter9	NumStability.Source.Higham.Chapter09.Section02	theorem	public
NumStability.higham9_2_rowColPermutedMatrix_firstPivotRowSwap_maxEntryNorm	NumStability.Algorithms.HighamChapter9	NumStability.Source.Higham.Chapter09.Section02	theorem	public
NumStability.higham9_2_rowColPermutedMatrix_infNorm	NumStability.Algorithms.HighamChapter9	NumStability.Source.Higham.Chapter09.Section02	theorem	public
NumStability.higham9_2_rowColPermutedMatrix_maxEntryNorm	NumStability.Algorithms.HighamChapter9	NumStability.Source.Higham.Chapter09.Section02	theorem	public
NumStability.higham9_2_rowColPermutedMatrix_right_inverse	NumStability.Algorithms.HighamChapter9	NumStability.Source.Higham.Chapter09.Section02	theorem	public
NumStability.higham9_2_rowPermutedMatrix	NumStability.Algorithms.HighamChapter9	NumStability.Source.Higham.Chapter09.Section02	definition	public
NumStability.higham9_2_rowPermutedMatrix_infNorm	NumStability.Algorithms.HighamChapter9	NumStability.Source.Higham.Chapter09.Section02	theorem	public
NumStability.higham9_2_rowPermutedMatrix_maxEntryNorm	NumStability.Algorithms.HighamChapter9	NumStability.Source.Higham.Chapter09.Section02	theorem	public
NumStability.higham9_3_absBudgetCertificate_backward_error	NumStability.Algorithms.HighamChapter9	NumStability.Source.Higham.Chapter09.Section03	theorem	public
NumStability.higham9_3_complete_permuted_lu_backward_error_gamma	NumStability.Algorithms.HighamChapter9	NumStability.Source.Higham.Chapter09.Section02	theorem	public
NumStability.higham9_3_complete_permuted_lu_backward_error_gamma_of_LUFactSpec	NumStability.Algorithms.HighamChapter9	NumStability.Source.Higham.Chapter09.Section02	theorem	public
NumStability.higham9_3_complete_permuted_rectAbsBudgetCertificate_backward_error	NumStability.Algorithms.HighamChapter9	NumStability.Source.Higham.Chapter09.Section02	theorem	public
NumStability.higham9_3_complete_permuted_rectDenseLoopCertificate_backward_error	NumStability.Algorithms.HighamChapter9	NumStability.Source.Higham.Chapter09.Section02	theorem	public
NumStability.higham9_3_complete_permuted_rectRoundedLoop_backward_error	NumStability.Algorithms.HighamChapter9	NumStability.Source.Higham.Chapter09.Section02	theorem	public
NumStability.higham9_3_complete_permuted_rectRoundedStageTrace_backward_error	NumStability.Algorithms.HighamChapter9	NumStability.Source.Higham.Chapter09.Section02	theorem	public
NumStability.higham9_3_denseLoopCertificate_backward_error	NumStability.Algorithms.HighamChapter9	NumStability.Source.Higham.Chapter09.Section03	theorem	public
NumStability.higham9_3_doolittle_backward_error	NumStability.Algorithms.HighamChapter9	NumStability.Source.Higham.Chapter09.Section02	theorem	public
NumStability.higham9_3_exactDoolittle_recurrences_backward_error_gamma	NumStability.Algorithms.HighamChapter9	NumStability.Source.Higham.Chapter09.Section03	theorem	public
NumStability.higham9_3_exactDoolittle_recurrences_to_LUBackwardError_gamma	NumStability.Algorithms.HighamChapter9	NumStability.Source.Higham.Chapter09.Section03	theorem	public
NumStability.higham9_3_exactDoolittle_recurrences_to_LUBackwardError_zero	NumStability.Algorithms.HighamChapter9	NumStability.Source.Higham.Chapter09.Section03	theorem	public
NumStability.higham9_3_literalDoolittle_componentDominance_backward_error	NumStability.Algorithms.HighamChapter9	NumStability.Source.Higham.Chapter09.Section03	theorem	public
NumStability.higham9_3_literalDoolittle_exactProductMargins_backward_error	NumStability.Algorithms.HighamChapter9	NumStability.Source.Higham.Chapter09.Section03	theorem	public
NumStability.higham9_3_literalDoolittle_exactProductNumeratorMargins_backward_error	NumStability.Algorithms.HighamChapter9	NumStability.Source.Higham.Chapter09.Section03	theorem	public
NumStability.higham9_3_literalDoolittle_exactTargetGaps_backward_error	NumStability.Algorithms.HighamChapter9	NumStability.Source.Higham.Chapter09.Section03	theorem	public
NumStability.higham9_3_literalDoolittle_source_budgets_backward_error	NumStability.Algorithms.HighamChapter9	NumStability.Source.Higham.Chapter09.Section03	theorem	public
NumStability.higham9_3_lu_backward_error_gamma	NumStability.Algorithms.HighamChapter9	NumStability.Source.Higham.Chapter09.Section03	theorem	public
NumStability.higham9_3_permuted_lu_backward_error_gamma	NumStability.Algorithms.HighamChapter9	NumStability.Source.Higham.Chapter09.Section02	theorem	public
NumStability.higham9_3_permuted_lu_backward_error_gamma_of_LUFactSpec	NumStability.Algorithms.HighamChapter9	NumStability.Source.Higham.Chapter09.Section02	theorem	public
NumStability.higham9_3_permuted_rectAbsBudgetCertificate_backward_error	NumStability.Algorithms.HighamChapter9	NumStability.Source.Higham.Chapter09.Section02	theorem	public
NumStability.higham9_3_permuted_rectDenseLoopCertificate_backward_error	NumStability.Algorithms.HighamChapter9	NumStability.Source.Higham.Chapter09.Section02	theorem	public
NumStability.higham9_3_permuted_rectRoundedLoop_backward_error	NumStability.Algorithms.HighamChapter9	NumStability.Source.Higham.Chapter09.Section02	theorem	public
NumStability.higham9_3_permuted_rectRoundedStageTrace_backward_error	NumStability.Algorithms.HighamChapter9	NumStability.Source.Higham.Chapter09.Section02	theorem	public
NumStability.higham9_3_rectAbsBudgetCertificate_backward_error	NumStability.Algorithms.HighamChapter9	NumStability.Source.Higham.Chapter09.Section03	theorem	public
NumStability.higham9_3_rectAbsBudgetCertificate_square_backward_error	NumStability.Algorithms.HighamChapter9	NumStability.Source.Higham.Chapter09.Section03	theorem	public
NumStability.higham9_3_rectDenseLoopCertificate_backward_error	NumStability.Algorithms.HighamChapter9	NumStability.Source.Higham.Chapter09.Section03	theorem	public
NumStability.higham9_3_rectDenseLoopCertificate_square_backward_error	NumStability.Algorithms.HighamChapter9	NumStability.Source.Higham.Chapter09.Section03	theorem	public
NumStability.higham9_3_rectLiteralDoolittle_componentDominance_backward_error	NumStability.Algorithms.HighamChapter9	NumStability.Source.Higham.Chapter09.Section03	theorem	public
NumStability.higham9_3_rectLiteralDoolittle_componentDominance_square_backward_error	NumStability.Algorithms.HighamChapter9	NumStability.Source.Higham.Chapter09.Section03	theorem	public
NumStability.higham9_3_rectLiteralDoolittle_exactProductMargins_backward_error	NumStability.Algorithms.HighamChapter9	NumStability.Source.Higham.Chapter09.Section03	theorem	public
NumStability.higham9_3_rectLiteralDoolittle_exactProductMargins_square_backward_error	NumStability.Algorithms.HighamChapter9	NumStability.Source.Higham.Chapter09.Section03	theorem	public
NumStability.higham9_3_rectLiteralDoolittle_exactProductNumeratorMargins_backward_error	NumStability.Algorithms.HighamChapter9	NumStability.Source.Higham.Chapter09.Section03	theorem	public
NumStability.higham9_3_rectLiteralDoolittle_exactProductNumeratorMargins_square_backward_error	NumStability.Algorithms.HighamChapter9	NumStability.Source.Higham.Chapter09.Section03	theorem	public
NumStability.higham9_3_rectLiteralDoolittle_exactTargetGaps_backward_error	NumStability.Algorithms.HighamChapter9	NumStability.Source.Higham.Chapter09.Section03	theorem	public
NumStability.higham9_3_rectLiteralDoolittle_exactTargetGaps_square_backward_error	NumStability.Algorithms.HighamChapter9	NumStability.Source.Higham.Chapter09.Section03	theorem	public
NumStability.higham9_3_rectLiteralDoolittle_source_budgets_backward_error	NumStability.Algorithms.HighamChapter9	NumStability.Source.Higham.Chapter09.Section03	theorem	public
NumStability.higham9_3_rectLiteralDoolittle_source_budgets_square_backward_error	NumStability.Algorithms.HighamChapter9	NumStability.Source.Higham.Chapter09.Section03	theorem	public
NumStability.higham9_3_rectRoundedLoop_backward_error	NumStability.Algorithms.HighamChapter9	NumStability.Source.Higham.Chapter09.Section03	theorem	public
NumStability.higham9_3_rectRoundedPrefixTrace_complete_backward_error	NumStability.Algorithms.HighamChapter9	NumStability.Source.Higham.Chapter09.Section03	theorem	public
NumStability.higham9_3_rectRoundedStageTrace_backward_error	NumStability.Algorithms.HighamChapter9	NumStability.Source.Higham.Chapter09.Section03	theorem	public
NumStability.higham9_3_rectStageObligations_backward_error	NumStability.Algorithms.HighamChapter9	NumStability.Source.Higham.Chapter09.Section03	theorem	public
NumStability.higham9_4_exactDoolittle_recurrences_lu_solve_backward_error	NumStability.Algorithms.HighamChapter9	NumStability.Source.Higham.Chapter09.Section03	theorem	public
NumStability.higham9_4_lu_solve_backward_error	NumStability.Algorithms.HighamChapter9	NumStability.Source.Higham.Chapter09.Section03	theorem	public
NumStability.higham9_4_rectRoundedLoop_square_lu_solve_backward_error	NumStability.Algorithms.HighamChapter9	NumStability.Source.Higham.Chapter09.Section03	theorem	public
NumStability.higham9_5_computedMultiplier_infNorm	NumStability.Algorithms.HighamChapter9ComputedCorrection	NumStability.Source.Higham.Chapter09.ComputedCorrection	theorem	public
NumStability.higham9_5_computedMultiplier_row_sum_le	NumStability.Algorithms.HighamChapter9ComputedCorrection	NumStability.Source.Higham.Chapter09.ComputedCorrection	theorem	public
NumStability.higham9_5_computed_wilkinson_source_correction	NumStability.Algorithms.HighamChapter9ComputedCorrection	NumStability.Source.Higham.Chapter09.ComputedCorrection	theorem	public
NumStability.higham9_5_ieeeSingle_roundedU_not_exactGEPPUTrace	NumStability.Algorithms.HighamChapter9ComputedCorrection	NumStability.Source.Higham.Chapter09.ComputedCorrection	theorem	public
NumStability.higham9_5_ieeeSingle_source_discrepancy	NumStability.Algorithms.HighamChapter9ComputedCorrection	NumStability.Source.Higham.Chapter09.ComputedCorrection	theorem	public
NumStability.higham9_5_rectAbsBudgetCertificate_lower_reduced_abs_residual	NumStability.Algorithms.HighamChapter9	NumStability.Source.Higham.Chapter09.Section02	theorem	public
NumStability.higham9_5_rectAbsBudgetCertificate_lower_reduced_residual_compression	NumStability.Algorithms.HighamChapter9	NumStability.Source.Higham.Chapter09.Section02	theorem	public
NumStability.higham9_5_rectAbsBudgetCertificate_upper_reduced_abs_residual	NumStability.Algorithms.HighamChapter9	NumStability.Source.Higham.Chapter09.Section02	theorem	public
NumStability.higham9_5_rectAbsBudgetCertificate_upper_reduced_residual_compression	NumStability.Algorithms.HighamChapter9	NumStability.Source.Higham.Chapter09.Section02	theorem	public
NumStability.higham9_5_rectDenseLoopCertificate_lower_reduced_residual_compression	NumStability.Algorithms.HighamChapter9	NumStability.Source.Higham.Chapter09.Section02	theorem	public
NumStability.higham9_5_rectDenseLoopCertificate_upper_reduced_residual_compression	NumStability.Algorithms.HighamChapter9	NumStability.Source.Higham.Chapter09.Section02	theorem	public
NumStability.higham9_5_rectGEReducedEntry	NumStability.Algorithms.HighamChapter9	NumStability.Source.Higham.Chapter09.Section02	definition	public
NumStability.higham9_5_rectGEReducedEntry_abs_le_maxEntryNorm_add_absLU_infNorm	NumStability.Algorithms.HighamChapter9	NumStability.Source.Higham.Chapter09.Section04	theorem	public
NumStability.higham9_5_rectGEReducedEntry_eq_DoolittleLNumerator	NumStability.Algorithms.HighamChapter9	NumStability.Source.Higham.Chapter09.Section02	theorem	public
NumStability.higham9_5_rectGEReducedEntry_eq_DoolittleLUpdate_mul_pivot	NumStability.Algorithms.HighamChapter9	NumStability.Source.Higham.Chapter09.Section02	theorem	public
NumStability.higham9_5_rectGEReducedEntry_eq_DoolittleUUpdate	NumStability.Algorithms.HighamChapter9	NumStability.Source.Higham.Chapter09.Section02	theorem	public
NumStability.higham9_5_rectGEReducedEntry_eq_rectPrefixDot	NumStability.Algorithms.HighamChapter9	NumStability.Source.Higham.Chapter09.Section02	theorem	public
NumStability.higham9_5_rectGEReducedEntry_eq_sub_matMul_of_ge	NumStability.Algorithms.HighamChapter9	NumStability.Source.Higham.Chapter09.Section04	theorem	public
NumStability.higham9_5_rectGEReducedEntry_eq_sub_rectMatMul_of_ge	NumStability.Algorithms.HighamChapter9	NumStability.Source.Higham.Chapter09.Section04	theorem	public
NumStability.higham9_5_rectGEReducedEntry_eq_zero_of_LUFactSpec_of_ge	NumStability.Algorithms.HighamChapter9	NumStability.Source.Higham.Chapter09.Section04	theorem	public
NumStability.higham9_5_rectGEReducedEntry_eq_zero_of_rectDoolittle_exact_recurrences_of_ge	NumStability.Algorithms.HighamChapter9	NumStability.Source.Higham.Chapter09.Section04	theorem	public
NumStability.higham9_5_rectGEReducedEntry_eq_zero_of_rectMatMul_eq_of_ge	NumStability.Algorithms.HighamChapter9	NumStability.Source.Higham.Chapter09.Section04	theorem	public
NumStability.higham9_5_rectGEReducedEntry_full_eq_sub_rectMatMul	NumStability.Algorithms.HighamChapter9	NumStability.Source.Higham.Chapter09.Section04	theorem	public
NumStability.higham9_5_rectGEReducedEntry_full_eq_zero_of_LUFactSpec	NumStability.Algorithms.HighamChapter9	NumStability.Source.Higham.Chapter09.Section04	theorem	public
NumStability.higham9_5_rectGEReducedEntry_full_eq_zero_of_rectDoolittle_exact_recurrences	NumStability.Algorithms.HighamChapter9	NumStability.Source.Higham.Chapter09.Section04	theorem	public
NumStability.higham9_5_rectGEReducedEntry_full_eq_zero_of_rectMatMul_eq	NumStability.Algorithms.HighamChapter9	NumStability.Source.Higham.Chapter09.Section04	theorem	public
NumStability.higham9_5_rectGEReducedEntry_succ_of_lt	NumStability.Algorithms.HighamChapter9	NumStability.Source.Higham.Chapter09.Section02	theorem	public
NumStability.higham9_5_rectGEReducedEntry_zero	NumStability.Algorithms.HighamChapter9	NumStability.Source.Higham.Chapter09.Section02	theorem	public
NumStability.higham9_5_rectPrefixRange	NumStability.Algorithms.HighamChapter9	NumStability.Source.Higham.Chapter09.Section02	definition	public
NumStability.higham9_5_rectPrefixRange_eq_matMul_of_ge	NumStability.Algorithms.HighamChapter9	NumStability.Source.Higham.Chapter09.Section04	theorem	public
NumStability.higham9_5_rectPrefixRange_eq_rectMatMul_of_ge	NumStability.Algorithms.HighamChapter9	NumStability.Source.Higham.Chapter09.Section04	theorem	public
NumStability.higham9_5_rectPrefixRange_eq_rectPrefixDot	NumStability.Algorithms.HighamChapter9	NumStability.Source.Higham.Chapter09.Section02	theorem	public
NumStability.higham9_5_rectPrefixRange_full_eq_matMul	NumStability.Algorithms.HighamChapter9	NumStability.Source.Higham.Chapter09.Section04	theorem	public
NumStability.higham9_5_rectPrefixRange_full_eq_rectMatMul	NumStability.Algorithms.HighamChapter9	NumStability.Source.Higham.Chapter09.Section04	theorem	public
NumStability.higham9_5_rectPrefixRange_le_full_of_nonnegative_factors	NumStability.Algorithms.HighamChapter9	NumStability.Source.Higham.Chapter09.Section04	theorem	public
NumStability.higham9_5_rectPrefixRange_nonneg_of_nonnegative_factors	NumStability.Algorithms.HighamChapter9	NumStability.Source.Higham.Chapter09.Section04	theorem	public
NumStability.higham9_5_rectRoundedLoop_lower_reduced_residual_compression	NumStability.Algorithms.HighamChapter9	NumStability.Source.Higham.Chapter09.Section02	theorem	public
NumStability.higham9_5_rectRoundedLoop_upper_reduced_residual_compression	NumStability.Algorithms.HighamChapter9	NumStability.Source.Higham.Chapter09.Section02	theorem	public
NumStability.higham9_5_roundedU_not_exactGEPPUTrace	NumStability.Algorithms.HighamChapter9ComputedCorrection	NumStability.Source.Higham.Chapter09.ComputedCorrection	theorem	public
NumStability.higham9_5_wilkinson_normwise_infNorm_tight	NumStability.Algorithms.HighamChapter9	NumStability.Source.Higham.Chapter09.Section03	theorem	public
NumStability.higham9_5_wilkinson_source_bound_of_PartialPivotGEPPUTrace	NumStability.Algorithms.HighamChapter9	NumStability.Source.Higham.Chapter09.Section04	theorem	public
NumStability.higham9_5_wilkinson_source_bound_of_PermutedPartialPivotGEPPUTrace	NumStability.Algorithms.HighamChapter9	NumStability.Source.Higham.Chapter09.Section04	theorem	public
NumStability.higham9_5_wilkinson_source_bound_of_PermutedPartialPivotGEPPUTrace_LUFactSpec	NumStability.Algorithms.HighamChapter9	NumStability.Source.Higham.Chapter09.Section04	theorem	public
NumStability.higham9_5_wilkinson_source_bound_of_PermutedPartialPivotGEPPUTrace_absBudget	NumStability.Algorithms.HighamChapter9	NumStability.Source.Higham.Chapter09.Section04	theorem	public
NumStability.higham9_5_wilkinson_source_bound_of_PermutedPartialPivotGEPPUTrace_componentDominance	NumStability.Algorithms.HighamChapter9	NumStability.Source.Higham.Chapter09.Section04	theorem	public
NumStability.higham9_5_wilkinson_source_bound_of_PermutedPartialPivotGEPPUTrace_denseLoop	NumStability.Algorithms.HighamChapter9	NumStability.Source.Higham.Chapter09.Section04	theorem	public
NumStability.higham9_5_wilkinson_source_bound_of_PermutedPartialPivotGEPPUTrace_exactProductMargins	NumStability.Algorithms.HighamChapter9	NumStability.Source.Higham.Chapter09.Section04	theorem	public
NumStability.higham9_5_wilkinson_source_bound_of_PermutedPartialPivotGEPPUTrace_exactProductNumeratorMargins	NumStability.Algorithms.HighamChapter9	NumStability.Source.Higham.Chapter09.Section04	theorem	public
NumStability.higham9_5_wilkinson_source_bound_of_PermutedPartialPivotGEPPUTrace_exactTargetGaps	NumStability.Algorithms.HighamChapter9	NumStability.Source.Higham.Chapter09.Section04	theorem	public
NumStability.higham9_5_wilkinson_source_bound_of_PermutedPartialPivotGEPPUTrace_literalSourceBudgets	NumStability.Algorithms.HighamChapter9	NumStability.Source.Higham.Chapter09.Section04	theorem	public
NumStability.higham9_5_wilkinson_source_bound_of_PermutedPartialPivotGEPPUTrace_rectRoundedLoop	NumStability.Algorithms.HighamChapter9	NumStability.Source.Higham.Chapter09.Section04	theorem	public
NumStability.higham9_5_wilkinson_source_bound_of_PermutedPartialPivotGEPPUTrace_rectRoundedStageTrace	NumStability.Algorithms.HighamChapter9	NumStability.Source.Higham.Chapter09.Section04	theorem	public
NumStability.higham9_5_wilkinson_source_bound_of_entry_growth	NumStability.Algorithms.HighamChapter9	NumStability.Source.Higham.Chapter09.Section04	theorem	public
NumStability.higham9_5_wilkinson_source_bound_of_growth_bridge	NumStability.Algorithms.HighamChapter9	NumStability.Source.Higham.Chapter09.Section04	theorem	public
NumStability.higham9_6_absLU_infNorm_le_of_reduced_stage_pair_rows	NumStability.Algorithms.HighamChapter9	NumStability.Source.Higham.Chapter09.Section04	theorem	public
NumStability.higham9_6_absLU_infNorm_le_source_constant_of_noPivotReducedGrowthFactor	NumStability.Algorithms.HighamChapter9	NumStability.Source.Higham.Chapter09.Section04	theorem	public
NumStability.higham9_6_absLU_infNorm_le_source_constant_of_noPivotReducedGrowthFactor_exists_hAmax	NumStability.Algorithms.HighamChapter9	NumStability.Source.Higham.Chapter09.Section04	theorem	public
NumStability.higham9_6_absLU_infNorm_le_source_constant_of_reduced_entry_growth	NumStability.Algorithms.HighamChapter9	NumStability.Source.Higham.Chapter09.Section04	theorem	public
NumStability.higham9_6_absLU_infNorm_le_two_card_mul_of_reduced_stage_row_bounds	NumStability.Algorithms.HighamChapter9	NumStability.Source.Higham.Chapter09.Section04	theorem	public
NumStability.higham9_6_rankOne_abs_le_reduced_add_succ	NumStability.Algorithms.HighamChapter9	NumStability.Source.Higham.Chapter09.Section04	theorem	public
NumStability.higham9_6_reducedEntry_abs_le_maxEntryNorm_of_nonnegative_LU	NumStability.Algorithms.HighamChapter9	NumStability.Source.Higham.Chapter09.Section04	theorem	public
NumStability.higham9_6_sum_stage_pair_eq_endpoints_add_two_range	NumStability.Algorithms.HighamChapter9	NumStability.Source.Higham.Chapter09.Section04	theorem	public
NumStability.higham9_7_PartialPivotGEPPUTrace	NumStability.Algorithms.HighamChapter9	NumStability.Source.Higham.Chapter09.Section02	inductive	public
NumStability.higham9_7_PartialPivotGEPPUTrace.below	NumStability.Algorithms.HighamChapter9	NumStability.Source.Higham.Chapter09.Section02	inductive	public
NumStability.higham9_7_PartialPivotGEPPUTrace.below.casesOn	NumStability.Algorithms.HighamChapter9	NumStability.Source.Higham.Chapter09.Section02	definition	public
NumStability.higham9_7_PartialPivotGEPPUTrace.below.done	NumStability.Algorithms.HighamChapter9	NumStability.Source.Higham.Chapter09.Section02	constructor	public
NumStability.higham9_7_PartialPivotGEPPUTrace.below.rec	NumStability.Algorithms.HighamChapter9	NumStability.Source.Higham.Chapter09.Section02	recursor	public
NumStability.higham9_7_PartialPivotGEPPUTrace.below.step	NumStability.Algorithms.HighamChapter9	NumStability.Source.Higham.Chapter09.Section02	constructor	public
NumStability.higham9_7_PartialPivotGEPPUTrace.brecOn	NumStability.Algorithms.HighamChapter9	NumStability.Source.Higham.Chapter09.Section02	theorem	public
NumStability.higham9_7_PartialPivotGEPPUTrace.casesOn	NumStability.Algorithms.HighamChapter9	NumStability.Source.Higham.Chapter09.Section02	definition	public
NumStability.higham9_7_PartialPivotGEPPUTrace.done	NumStability.Algorithms.HighamChapter9	NumStability.Source.Higham.Chapter09.Section02	constructor	public
NumStability.higham9_7_PartialPivotGEPPUTrace.rec	NumStability.Algorithms.HighamChapter9	NumStability.Source.Higham.Chapter09.Section02	recursor	public
NumStability.higham9_7_PartialPivotGEPPUTrace.recOn	NumStability.Algorithms.HighamChapter9	NumStability.Source.Higham.Chapter09.Section02	definition	public
NumStability.higham9_7_PartialPivotGEPPUTrace.step	NumStability.Algorithms.HighamChapter9	NumStability.Source.Higham.Chapter09.Section02	constructor	public
NumStability.higham9_7_PartialPivotGEPPUTrace_entry_abs_le_pow_two	NumStability.Algorithms.HighamChapter9	NumStability.Source.Higham.Chapter09.Section02	theorem	public
NumStability.higham9_7_PartialPivotGEPPUTrace_growthFactorEntry_le_pow_two	NumStability.Algorithms.HighamChapter9	NumStability.Source.Higham.Chapter09.Section02	theorem	public
NumStability.higham9_7_PartialPivotGEPPUTrace_upper_zero	NumStability.Algorithms.HighamChapter9	NumStability.Source.Higham.Chapter09.Section02	theorem	public
NumStability.higham9_7_PartialPivotNoInterchangeTrace	NumStability.Algorithms.HighamChapter9	NumStability.Source.Higham.Chapter09.Section02	inductive	public
NumStability.higham9_7_PartialPivotNoInterchangeTrace.below	NumStability.Algorithms.HighamChapter9	NumStability.Source.Higham.Chapter09.Section02	inductive	public
NumStability.higham9_7_PartialPivotNoInterchangeTrace.below.casesOn	NumStability.Algorithms.HighamChapter9	NumStability.Source.Higham.Chapter09.Section02	definition	public
NumStability.higham9_7_PartialPivotNoInterchangeTrace.below.done	NumStability.Algorithms.HighamChapter9	NumStability.Source.Higham.Chapter09.Section02	constructor	public
NumStability.higham9_7_PartialPivotNoInterchangeTrace.below.rec	NumStability.Algorithms.HighamChapter9	NumStability.Source.Higham.Chapter09.Section02	recursor	public
NumStability.higham9_7_PartialPivotNoInterchangeTrace.below.step	NumStability.Algorithms.HighamChapter9	NumStability.Source.Higham.Chapter09.Section02	constructor	public
NumStability.higham9_7_PartialPivotNoInterchangeTrace.brecOn	NumStability.Algorithms.HighamChapter9	NumStability.Source.Higham.Chapter09.Section02	theorem	public
NumStability.higham9_7_PartialPivotNoInterchangeTrace.casesOn	NumStability.Algorithms.HighamChapter9	NumStability.Source.Higham.Chapter09.Section02	definition	public
NumStability.higham9_7_PartialPivotNoInterchangeTrace.done	NumStability.Algorithms.HighamChapter9	NumStability.Source.Higham.Chapter09.Section02	constructor	public
NumStability.higham9_7_PartialPivotNoInterchangeTrace.rec	NumStability.Algorithms.HighamChapter9	NumStability.Source.Higham.Chapter09.Section02	recursor	public
NumStability.higham9_7_PartialPivotNoInterchangeTrace.recOn	NumStability.Algorithms.HighamChapter9	NumStability.Source.Higham.Chapter09.Section02	definition	public
NumStability.higham9_7_PartialPivotNoInterchangeTrace.step	NumStability.Algorithms.HighamChapter9	NumStability.Source.Higham.Chapter09.Section02	constructor	public
NumStability.higham9_7_PartialPivotNoInterchangeTrace_det_ne_zero	NumStability.Algorithms.HighamChapter9	NumStability.Source.Higham.Chapter09.Section04	theorem	public
NumStability.higham9_7_PartialPivotNoInterchangeTrace_exists_LUFactSpec	NumStability.Algorithms.HighamChapter9	NumStability.Source.Higham.Chapter09.Section04	theorem	public
NumStability.higham9_7_PartialPivotNoInterchangeTrace_exists_LUFactSpec_pivots_ne_zero	NumStability.Algorithms.HighamChapter9	NumStability.Source.Higham.Chapter09.Section04	theorem	public
NumStability.higham9_7_PartialPivotNoInterchangeTrace_reindex_time	NumStability.Algorithms.HighamChapter9	NumStability.Source.Higham.Chapter09.Section04	theorem	public
NumStability.higham9_7_firstPivotRowSwap	NumStability.Algorithms.HighamChapter9	NumStability.Source.Higham.Chapter09.Section02	definition	public
NumStability.higham9_7_firstPivotRowSwap_det_ne_zero	NumStability.Algorithms.HighamChapter9	NumStability.Source.Higham.Chapter09.Section02	theorem	public
NumStability.higham9_7_firstPivotRowSwap_involutive	NumStability.Algorithms.HighamChapter9	NumStability.Source.Higham.Chapter09.Section02	theorem	public
NumStability.higham9_7_firstPivotRowSwap_isPermutation	NumStability.Algorithms.HighamChapter9	NumStability.Source.Higham.Chapter09.Section02	theorem	public
NumStability.higham9_7_partialPivot_firstSchurComplement_entry_abs_le_two	NumStability.Algorithms.HighamChapter9	NumStability.Source.Higham.Chapter09.Section02	theorem	public
NumStability.higham9_7_partialPivot_firstSchurComplement_maxEntryNorm_le_two	NumStability.Algorithms.HighamChapter9	NumStability.Source.Higham.Chapter09.Section02	theorem	public
NumStability.higham9_7_partialPivot_growthFactorEntry_le_pow_two_of_stage_bounds	NumStability.Algorithms.HighamChapter9	NumStability.Source.Higham.Chapter09.Section02	theorem	public
NumStability.higham9_7_partialPivot_stageMax_le_pow_two	NumStability.Algorithms.HighamChapter9	NumStability.Source.Higham.Chapter09.Section02	theorem	public
NumStability.higham9_7_wilkinsonGrowthL	NumStability.Algorithms.HighamChapter9	NumStability.Source.Higham.Chapter09.Section02	definition	public
NumStability.higham9_7_wilkinsonGrowthL_two_pow_sum	NumStability.Algorithms.HighamChapter9	NumStability.Source.Higham.Chapter09.Section02	theorem	public
NumStability.higham9_7_wilkinsonGrowthMatrix	NumStability.Algorithms.HighamChapter9	NumStability.Source.Higham.Chapter09.Section02	definition	public
NumStability.higham9_7_wilkinsonGrowthMatrix_entry_abs_le_one	NumStability.Algorithms.HighamChapter9	NumStability.Source.Higham.Chapter09.Section02	theorem	public
NumStability.higham9_7_wilkinsonGrowthMatrix_maxEntryNorm_eq_one	NumStability.Algorithms.HighamChapter9	NumStability.Source.Higham.Chapter09.Section02	theorem	public
NumStability.higham9_7_wilkinsonGrowthMatrix_maxEntryNorm_pos	NumStability.Algorithms.HighamChapter9	NumStability.Source.Higham.Chapter09.Section02	theorem	public
NumStability.higham9_7_wilkinsonGrowthStageMatrix	NumStability.Algorithms.HighamChapter9	NumStability.Source.Higham.Chapter09.Section02	definition	public
NumStability.higham9_7_wilkinsonGrowthStageMatrix_one	NumStability.Algorithms.HighamChapter9	NumStability.Source.Higham.Chapter09.Section02	theorem	public
NumStability.higham9_7_wilkinsonGrowthStageU	NumStability.Algorithms.HighamChapter9	NumStability.Source.Higham.Chapter09.Section02	definition	public
NumStability.higham9_7_wilkinsonGrowthStageU_entry_abs_le_scale_pow	NumStability.Algorithms.HighamChapter9	NumStability.Source.Higham.Chapter09.Section02	theorem	public
NumStability.higham9_7_wilkinsonGrowthStageU_maxEntryNorm_eq_scale_pow	NumStability.Algorithms.HighamChapter9	NumStability.Source.Higham.Chapter09.Section02	theorem	public
NumStability.higham9_7_wilkinsonGrowthStageU_one	NumStability.Algorithms.HighamChapter9	NumStability.Source.Higham.Chapter09.Section02	theorem	public
NumStability.higham9_7_wilkinsonGrowthStage_entry_abs_le_scale	NumStability.Algorithms.HighamChapter9	NumStability.Source.Higham.Chapter09.Section02	theorem	public
NumStability.higham9_7_wilkinsonGrowthStage_firstSchurComplement	NumStability.Algorithms.HighamChapter9	NumStability.Source.Higham.Chapter09.Section02	theorem	public
NumStability.higham9_7_wilkinsonGrowthStage_growthFactorEntry_eq_pow	NumStability.Algorithms.HighamChapter9	NumStability.Source.Higham.Chapter09.Section02	theorem	public
NumStability.higham9_7_wilkinsonGrowthStage_lu	NumStability.Algorithms.HighamChapter9	NumStability.Source.Higham.Chapter09.Section02	theorem	public
NumStability.higham9_7_wilkinsonGrowthStage_maxEntryNorm_eq_pow	NumStability.Algorithms.HighamChapter9	NumStability.Source.Higham.Chapter09.Section02	theorem	public
NumStability.higham9_7_wilkinsonGrowthStage_maxEntryNorm_eq_scale	NumStability.Algorithms.HighamChapter9	NumStability.Source.Higham.Chapter09.Section02	theorem	public
NumStability.higham9_7_wilkinsonGrowthStage_noInterchangeTrace	NumStability.Algorithms.HighamChapter9	NumStability.Source.Higham.Chapter09.Section02	theorem	public
NumStability.higham9_7_wilkinsonGrowthStage_partialPivotChoice_zero	NumStability.Algorithms.HighamChapter9	NumStability.Source.Higham.Chapter09.Section02	theorem	public
NumStability.higham9_7_wilkinsonGrowthStage_partialPivotChoice_zero_succ	NumStability.Algorithms.HighamChapter9	NumStability.Source.Higham.Chapter09.Section02	theorem	public
NumStability.higham9_7_wilkinsonGrowthStage_pivot_zero_ne_zero	NumStability.Algorithms.HighamChapter9	NumStability.Source.Higham.Chapter09.Section02	theorem	public
NumStability.higham9_7_wilkinsonGrowthStage_pow_firstSchurComplement	NumStability.Algorithms.HighamChapter9	NumStability.Source.Higham.Chapter09.Section02	theorem	public
NumStability.higham9_7_wilkinsonGrowthStage_pow_firstSchurComplement_succ	NumStability.Algorithms.HighamChapter9	NumStability.Source.Higham.Chapter09.Section02	theorem	public
NumStability.higham9_7_wilkinsonGrowthU	NumStability.Algorithms.HighamChapter9	NumStability.Source.Higham.Chapter09.Section02	definition	public
NumStability.higham9_7_wilkinsonGrowthU_entry_abs_le_pow	NumStability.Algorithms.HighamChapter9	NumStability.Source.Higham.Chapter09.Section02	theorem	public
NumStability.higham9_7_wilkinsonGrowthU_maxEntryNorm_eq_pow	NumStability.Algorithms.HighamChapter9	NumStability.Source.Higham.Chapter09.Section02	theorem	public
NumStability.higham9_7_wilkinsonGrowth_attains_partialPivoting_bound	NumStability.Algorithms.HighamChapter9	NumStability.Source.Higham.Chapter09.Section02	theorem	public
NumStability.higham9_7_wilkinsonGrowth_growthFactorEntry_eq_pow	NumStability.Algorithms.HighamChapter9	NumStability.Source.Higham.Chapter09.Section02	theorem	public
NumStability.higham9_7_wilkinsonGrowth_lu	NumStability.Algorithms.HighamChapter9	NumStability.Source.Higham.Chapter09.Section02	theorem	public
NumStability.higham9_7_wilkinsonGrowth_noInterchangeTrace	NumStability.Algorithms.HighamChapter9	NumStability.Source.Higham.Chapter09.Section02	theorem	public
NumStability.higham9_8_ComplexCompletePermutedLUFactSpec	NumStability.Algorithms.HighamChapter9	NumStability.Source.Higham.Chapter09.Section04	inductive	public
NumStability.higham9_8_ComplexCompletePermutedLUFactSpec.L_diag	NumStability.Algorithms.HighamChapter9	NumStability.Source.Higham.Chapter09.Section04	theorem	public
NumStability.higham9_8_ComplexCompletePermutedLUFactSpec.L_upper_zero	NumStability.Algorithms.HighamChapter9	NumStability.Source.Higham.Chapter09.Section04	theorem	public
NumStability.higham9_8_ComplexCompletePermutedLUFactSpec.U_lower_zero	NumStability.Algorithms.HighamChapter9	NumStability.Source.Higham.Chapter09.Section04	theorem	public
NumStability.higham9_8_ComplexCompletePermutedLUFactSpec.casesOn	NumStability.Algorithms.HighamChapter9	NumStability.Source.Higham.Chapter09.Section04	definition	public
NumStability.higham9_8_ComplexCompletePermutedLUFactSpec.col_perm	NumStability.Algorithms.HighamChapter9	NumStability.Source.Higham.Chapter09.Section04	theorem	public
NumStability.higham9_8_ComplexCompletePermutedLUFactSpec.mk	NumStability.Algorithms.HighamChapter9	NumStability.Source.Higham.Chapter09.Section04	constructor	public
NumStability.higham9_8_ComplexCompletePermutedLUFactSpec.product_eq	NumStability.Algorithms.HighamChapter9	NumStability.Source.Higham.Chapter09.Section04	theorem	public
NumStability.higham9_8_ComplexCompletePermutedLUFactSpec.rec	NumStability.Algorithms.HighamChapter9	NumStability.Source.Higham.Chapter09.Section04	recursor	public
NumStability.higham9_8_ComplexCompletePermutedLUFactSpec.recOn	NumStability.Algorithms.HighamChapter9	NumStability.Source.Higham.Chapter09.Section04	definition	public
NumStability.higham9_8_ComplexCompletePermutedLUFactSpec.row_perm	NumStability.Algorithms.HighamChapter9	NumStability.Source.Higham.Chapter09.Section04	theorem	public
NumStability.higham9_8_ComplexIsLeftInverse	NumStability.Algorithms.HighamChapter9	NumStability.Source.Higham.Chapter09.Section04	definition	public
NumStability.higham9_8_ComplexIsRightInverse	NumStability.Algorithms.HighamChapter9	NumStability.Source.Higham.Chapter09.Section04	definition	public
NumStability.higham9_8_ComplexLUFactSpec	NumStability.Algorithms.HighamChapter9	NumStability.Source.Higham.Chapter09.Section04	inductive	public
NumStability.higham9_8_ComplexLUFactSpec.L_diag	NumStability.Algorithms.HighamChapter9	NumStability.Source.Higham.Chapter09.Section04	theorem	public
NumStability.higham9_8_ComplexLUFactSpec.L_upper_zero	NumStability.Algorithms.HighamChapter9	NumStability.Source.Higham.Chapter09.Section04	theorem	public
NumStability.higham9_8_ComplexLUFactSpec.U_lower_zero	NumStability.Algorithms.HighamChapter9	NumStability.Source.Higham.Chapter09.Section04	theorem	public
NumStability.higham9_8_ComplexLUFactSpec.casesOn	NumStability.Algorithms.HighamChapter9	NumStability.Source.Higham.Chapter09.Section04	definition	public
NumStability.higham9_8_ComplexLUFactSpec.mk	NumStability.Algorithms.HighamChapter9	NumStability.Source.Higham.Chapter09.Section04	constructor	public
NumStability.higham9_8_ComplexLUFactSpec.product_eq	NumStability.Algorithms.HighamChapter9	NumStability.Source.Higham.Chapter09.Section04	theorem	public
NumStability.higham9_8_ComplexLUFactSpec.rec	NumStability.Algorithms.HighamChapter9	NumStability.Source.Higham.Chapter09.Section04	recursor	public
NumStability.higham9_8_ComplexLUFactSpec.recOn	NumStability.Algorithms.HighamChapter9	NumStability.Source.Higham.Chapter09.Section04	definition	public
NumStability.higham9_8_completePivot_firstSchurComplement_maxEntryNorm_le_two	NumStability.Algorithms.HighamChapter9	NumStability.Source.Higham.Chapter09.Section02	theorem	public
NumStability.higham9_8_complexCompletePermutedLUFactSpec_to_LUFactSpec	NumStability.Algorithms.HighamChapter9	NumStability.Source.Higham.Chapter09.Section04	theorem	public
NumStability.higham9_8_complexCompletePivotChoice	NumStability.Algorithms.HighamChapter9	NumStability.Source.Higham.Chapter09.Section04	definition	public
NumStability.higham9_8_complexCompletePivotChoice_pivot_ne_zero_of_exists	NumStability.Algorithms.HighamChapter9	NumStability.Source.Higham.Chapter09.Section04	theorem	public
NumStability.higham9_8_complexFiniteTranspose	NumStability.Algorithms.HighamChapter9	NumStability.Source.Higham.Chapter09.Section04	definition	public
NumStability.higham9_8_complexFirstSchurComplement	NumStability.Algorithms.HighamChapter9	NumStability.Source.Higham.Chapter09.Section04	definition	public
NumStability.higham9_8_complexFirstSchurComplement_det_ne_zero	NumStability.Algorithms.HighamChapter9	NumStability.Source.Higham.Chapter09.Section04	theorem	public
NumStability.higham9_8_complexGrowthFactorEntry_ge_inverse_entry_theta	NumStability.Algorithms.HighamChapter9	NumStability.Source.Higham.Chapter09.Section04	theorem	public
NumStability.higham9_8_complexLUFactSpec_of_firstSchurComplement_explicit	NumStability.Algorithms.HighamChapter9	NumStability.Source.Higham.Chapter09.Section04	theorem	public
NumStability.higham9_8_complexLUFirstStepL	NumStability.Algorithms.HighamChapter9	NumStability.Source.Higham.Chapter09.Section04	definition	public
NumStability.higham9_8_complexLUFirstStepU	NumStability.Algorithms.HighamChapter9	NumStability.Source.Higham.Chapter09.Section04	definition	public
NumStability.higham9_8_complex_exists_entry_ne_zero_of_det_ne_zero	NumStability.Algorithms.HighamChapter9	NumStability.Source.Higham.Chapter09.Section04	theorem	public
NumStability.higham9_8_complex_finalPivot_mul_inverse_entry_eq_one	NumStability.Algorithms.HighamChapter9	NumStability.Source.Higham.Chapter09.Section04	theorem	public
NumStability.higham9_8_complex_finalPivot_mul_inverse_entry_eq_one_of_completePermutedLUFactSpec	NumStability.Algorithms.HighamChapter9	NumStability.Source.Higham.Chapter09.Section04	theorem	public
NumStability.higham9_8_complex_firstPivotRowColSwap_det_ne_zero	NumStability.Algorithms.HighamChapter9	NumStability.Source.Higham.Chapter09.Section04	theorem	public
NumStability.higham9_8_complex_inv_diag_entry	NumStability.Algorithms.HighamChapter9	NumStability.Source.Higham.Chapter09.Section04	theorem	public
NumStability.higham9_8_complex_inv_upper_tri	NumStability.Algorithms.HighamChapter9	NumStability.Source.Higham.Chapter09.Section04	theorem	public
NumStability.higham9_8_complex_isLeftInverse_finiteTranspose_of_isRightInverse	NumStability.Algorithms.HighamChapter9	NumStability.Source.Higham.Chapter09.Section04	theorem	public
NumStability.higham9_8_exists_complexCompletePivotChoice	NumStability.Algorithms.HighamChapter9	NumStability.Source.Higham.Chapter09.Section04	theorem	public
NumStability.higham9_8_exists_first_complexCompletePivotChoice_pivot_ne_zero_of_det_ne_zero	NumStability.Algorithms.HighamChapter9	NumStability.Source.Higham.Chapter09.Section04	theorem	public
NumStability.higham9_8_finalPivot_inverse_entry_abs_inv_le_maxEntryNorm	NumStability.Algorithms.HighamChapter9	NumStability.Source.Higham.Chapter09.Section04	theorem	public
NumStability.higham9_8_finalPivot_inverse_entry_abs_inv_le_maxEntryNorm_of_completePermutedLUFactSpec	NumStability.Algorithms.HighamChapter9	NumStability.Source.Higham.Chapter09.Section04	theorem	public
NumStability.higham9_8_finalPivot_mul_inverse_entry_eq_one	NumStability.Algorithms.HighamChapter9	NumStability.Source.Higham.Chapter09.Section04	theorem	public
NumStability.higham9_8_finalPivot_mul_inverse_entry_eq_one_of_completePermutedLUFactSpec	NumStability.Algorithms.HighamChapter9	NumStability.Source.Higham.Chapter09.Section04	theorem	public
NumStability.higham9_8_growth_factor_ge_theta_of_completePermutedLUFactSpec_right_inverse	NumStability.Algorithms.HighamChapter9	NumStability.Source.Higham.Chapter09.Section04	theorem	public
NumStability.higham9_8_growth_factor_ge_theta_of_lu_right_inverse	NumStability.Algorithms.HighamChapter9	NumStability.Source.Higham.Chapter09.Section04	theorem	public
NumStability.higham9_8_growth_factor_ge_theta_real	NumStability.Algorithms.HighamChapter9	NumStability.Source.Higham.Chapter09.Section04	theorem	public
NumStability.higham9_8_growth_factor_product_lower_bound	NumStability.Algorithms.HighamChapter9	NumStability.Source.Higham.Chapter09.Section04	theorem	public
NumStability.higham9_8_hadamardInv	NumStability.Algorithms.HighamChapter9	NumStability.Source.Higham.Chapter09.Section04	definition	public
NumStability.higham9_8_hadamardInv_isRightInverse	NumStability.Algorithms.HighamChapter9	NumStability.Source.Higham.Chapter09.Section04	theorem	public
NumStability.higham9_8_hadamardInv_maxEntryNorm_eq_inv	NumStability.Algorithms.HighamChapter9	NumStability.Source.Higham.Chapter09.Section04	theorem	public
NumStability.higham9_8_hadamard_growthFactorEntry_ge_card_of_lu_right_inverse	NumStability.Algorithms.HighamChapter9	NumStability.Source.Higham.Chapter09.Section04	theorem	public
NumStability.higham9_8_hadamard_maxEntryNorm_eq_one	NumStability.Algorithms.HighamChapter9	NumStability.Source.Higham.Chapter09.Section04	theorem	public
NumStability.higham9_8_hadamard_theta_candidate_eq_card	NumStability.Algorithms.HighamChapter9	NumStability.Source.Higham.Chapter09.Section04	theorem	public
NumStability.higham9_8_nonneg_factor_bound	NumStability.Algorithms.HighamChapter9	NumStability.Source.Higham.Chapter09.Section03	theorem	public
NumStability.higham9_8_theta_le_card_complex	NumStability.Algorithms.HighamChapter9	NumStability.Source.Higham.Chapter09.Section04	theorem	public
NumStability.higham9_8_theta_le_card_real	NumStability.Algorithms.HighamChapter9	NumStability.Source.Higham.Chapter09.Section04	theorem	public
NumStability.higham9_9_colDiagDominant_diag_ne_zero_of_det_ne_zero	NumStability.Algorithms.HighamChapter9	NumStability.Source.Higham.Chapter09.Section05	theorem	public
NumStability.higham9_9_colDiagDominant_entry_ratio_abs_le_one	NumStability.Algorithms.HighamChapter9	NumStability.Source.Higham.Chapter09.Section05	theorem	public
NumStability.higham9_9_colDiagDominant_entry_ratio_abs_le_one_of_det_ne_zero	NumStability.Algorithms.HighamChapter9	NumStability.Source.Higham.Chapter09.Section05	theorem	public
NumStability.higham9_9_colDiagDominant_firstSchurComplement	NumStability.Algorithms.HighamChapter9	NumStability.Source.Higham.Chapter09.Section05	theorem	public
NumStability.higham9_9_colDiagDominant_firstSchurComplement_maxEntryNorm_le_two	NumStability.Algorithms.HighamChapter9	NumStability.Source.Higham.Chapter09.Section05	theorem	public
NumStability.higham9_9_colDiagDominant_firstSchurComplement_offdiag_le_maxEntryNorm	NumStability.Algorithms.HighamChapter9	NumStability.Source.Higham.Chapter09.Section05	theorem	public
NumStability.higham9_9_colDiagDominant_first_column_multiplier_sum_except_le	NumStability.Algorithms.HighamChapter9	NumStability.Source.Higham.Chapter09.Section05	theorem	public
NumStability.higham9_9_colDiagDominant_first_column_multiplier_sum_le_one	NumStability.Algorithms.HighamChapter9	NumStability.Source.Higham.Chapter09.Section05	theorem	public
NumStability.higham9_9_colDiagDominant_luFirstStepL_unit_bound_of_tail_unit_bound	NumStability.Algorithms.HighamChapter9	NumStability.Source.Higham.Chapter09.Section05	theorem	public
NumStability.higham9_9_colDiagDominant_luFirstStep_bounds_of_tail_bounds	NumStability.Algorithms.HighamChapter9	NumStability.Source.Higham.Chapter09.Section05	theorem	public
NumStability.higham9_9_colDiagDominant_offdiag_abs_le_diag	NumStability.Algorithms.HighamChapter9	NumStability.Source.Higham.Chapter09.Section05	theorem	public
NumStability.higham9_9_colDiagDominant_transpose_iff_rowDiagDominant	NumStability.Algorithms.HighamChapter9	NumStability.Source.Higham.Chapter09.Section05	theorem	public
NumStability.higham9_9_colDiagDominant_zero_diag_col_zero	NumStability.Algorithms.HighamChapter9	NumStability.Source.Higham.Chapter09.Section05	theorem	public
NumStability.higham9_9_diagDom_lu_solve_backward_stable_tight	NumStability.Algorithms.HighamChapter9	NumStability.Source.Higham.Chapter09.Section04	theorem	public
NumStability.higham9_9_growthFactorEntry_le_two_of_upper_entry_bound	NumStability.Algorithms.HighamChapter9	NumStability.Source.Higham.Chapter09.Section05	theorem	public
NumStability.higham9_9_growthFactorEntry_le_two_of_upper_entry_bound_exists_hAmax	NumStability.Algorithms.HighamChapter9	NumStability.Source.Higham.Chapter09.Section05	theorem	public
NumStability.higham9_9_luFirstStepU_entry_bound_of_tail_entry_bound	NumStability.Algorithms.HighamChapter9	NumStability.Source.Higham.Chapter09.Section05	theorem	public
NumStability.higham9_9_luFirstStepU_growthFactorEntry_le_two_of_tail_entry_bound_exists_hAmax	NumStability.Algorithms.HighamChapter9	NumStability.Source.Higham.Chapter09.Section05	theorem	public
NumStability.higham9_9_nonneg_lu_solve_backward_error	NumStability.Algorithms.HighamChapter9	NumStability.Source.Higham.Chapter09.Section03	theorem	public
NumStability.higham9_9_rowDiagDominant_diag_ne_zero_of_det_ne_zero	NumStability.Algorithms.HighamChapter9	NumStability.Source.Higham.Chapter09.Section05	theorem	public
NumStability.higham9_9_rowDiagDominant_entry_ratio_abs_le_one	NumStability.Algorithms.HighamChapter9	NumStability.Source.Higham.Chapter09.Section05	theorem	public
NumStability.higham9_9_rowDiagDominant_entry_ratio_abs_le_one_of_det_ne_zero	NumStability.Algorithms.HighamChapter9	NumStability.Source.Higham.Chapter09.Section05	theorem	public
NumStability.higham9_9_rowDiagDominant_offdiag_abs_le_diag	NumStability.Algorithms.HighamChapter9	NumStability.Source.Higham.Chapter09.Section05	theorem	public
NumStability.higham9_9_rowDiagDominant_transpose_iff_colDiagDominant	NumStability.Algorithms.HighamChapter9	NumStability.Source.Higham.Chapter09.Section05	theorem	public
NumStability.higham9_9_rowDiagDominant_zero_diag_row_zero	NumStability.Algorithms.HighamChapter9	NumStability.Source.Higham.Chapter09.Section05	theorem	public
NumStability.higham9_LUBackwardError_mono	NumStability.Algorithms.HighamChapter9	NumStability.Source.Higham.Chapter09.Section03	theorem	public
NumStability.higham9_LUFactSpec_to_LUBackwardError_gamma	NumStability.Algorithms.HighamChapter9	NumStability.Source.Higham.Chapter09.Section03	theorem	public
NumStability.higham9_amgm_prod_le_one_of_sum_eq_card	NumStability.Algorithms.HighamChapter9	NumStability.Source.Higham.Chapter09.Section04	theorem	public
NumStability.higham9_completePivotGrowthSet	NumStability.Algorithms.HighamChapter9	NumStability.Source.Higham.Chapter09.Section04	definition	public
NumStability.higham9_completePivotGrowthSup	NumStability.Algorithms.HighamChapter9	NumStability.Source.Higham.Chapter09.Section04	definition	public
NumStability.higham9_completePivotGrowth_le_sup	NumStability.Algorithms.HighamChapter9	NumStability.Source.Higham.Chapter09.Section04	theorem	public
NumStability.higham9_det_ne_zero_of_isRightInverse	NumStability.Algorithms.HighamChapter9	NumStability.Source.Higham.Chapter09.Section04	theorem	public
NumStability.higham9_growthFactorEntry_le_one_of_absLU_le_absA	NumStability.Algorithms.HighamChapter9	NumStability.Source.Higham.Chapter09.Section06	theorem	public
NumStability.higham9_hadamard_det_sq_le_pow_maxEntryNorm	NumStability.Algorithms.HighamChapter9	NumStability.Source.Higham.Chapter09.Section04	theorem	public
NumStability.higham9_hadamard_det_sq_le_prod_row_sq	NumStability.Algorithms.HighamChapter9	NumStability.Source.Higham.Chapter09.Section04	theorem	public
NumStability.higham9_infNorm_pos_of_det_ne_zero	NumStability.Algorithms.HighamChapter9	NumStability.Source.Higham.Chapter09.Section04	theorem	public
NumStability.higham9_posDef_det_le_prod_diag	NumStability.Algorithms.HighamChapter9	NumStability.Source.Higham.Chapter09.Section04	theorem	public
NumStability.higham_problem9_10_apply_left_inverse_of_matMulVec_eq	NumStability.Algorithms.HighamChapter9	NumStability.Source.Higham.Chapter09.Section04	theorem	public
NumStability.higham_problem9_10_matMulVec_scaledBasis	NumStability.Algorithms.HighamChapter9	NumStability.Source.Higham.Chapter09.Section04	theorem	public
NumStability.higham_problem9_10_multiplierBlunderAlpha	NumStability.Algorithms.HighamChapter9	NumStability.Source.Higham.Chapter09.Section04	definition	public
NumStability.higham_problem9_10_multiplier_blunder_error	NumStability.Algorithms.HighamChapter9	NumStability.Source.Higham.Chapter09.Section04	theorem	public
NumStability.higham_problem9_10_rankOneBasis	NumStability.Algorithms.HighamChapter9	NumStability.Source.Higham.Chapter09.Section04	definition	public
NumStability.higham_problem9_10_rankOneBasis_mulVec	NumStability.Algorithms.HighamChapter9	NumStability.Source.Higham.Chapter09.Section04	theorem	public
NumStability.higham_problem9_10_rankOnePerturbed_mulVec	NumStability.Algorithms.HighamChapter9	NumStability.Source.Higham.Chapter09.Section04	theorem	public
NumStability.higham_problem9_10_rankOne_blunder_error	NumStability.Algorithms.HighamChapter9	NumStability.Source.Higham.Chapter09.Section04	theorem	public
NumStability.higham_problem9_10_rankOne_blunder_solution	NumStability.Algorithms.HighamChapter9	NumStability.Source.Higham.Chapter09.Section04	theorem	public
NumStability.higham_problem9_14_FirstMethodTrace	NumStability.Algorithms.HighamChapter9	NumStability.Source.Higham.Chapter09.Section04	inductive	public
NumStability.higham_problem9_14_FirstMethodTrace.below	NumStability.Algorithms.HighamChapter9	NumStability.Source.Higham.Chapter09.Section04	inductive	public
NumStability.higham_problem9_14_FirstMethodTrace.below.casesOn	NumStability.Algorithms.HighamChapter9	NumStability.Source.Higham.Chapter09.Section04	definition	public
NumStability.higham_problem9_14_FirstMethodTrace.below.init	NumStability.Algorithms.HighamChapter9	NumStability.Source.Higham.Chapter09.Section04	constructor	public
NumStability.higham_problem9_14_FirstMethodTrace.below.rec	NumStability.Algorithms.HighamChapter9	NumStability.Source.Higham.Chapter09.Section04	recursor	public
NumStability.higham_problem9_14_FirstMethodTrace.below.step	NumStability.Algorithms.HighamChapter9	NumStability.Source.Higham.Chapter09.Section04	constructor	public
NumStability.higham_problem9_14_FirstMethodTrace.brecOn	NumStability.Algorithms.HighamChapter9	NumStability.Source.Higham.Chapter09.Section04	theorem	public
NumStability.higham_problem9_14_FirstMethodTrace.casesOn	NumStability.Algorithms.HighamChapter9	NumStability.Source.Higham.Chapter09.Section04	definition	public
NumStability.higham_problem9_14_FirstMethodTrace.init	NumStability.Algorithms.HighamChapter9	NumStability.Source.Higham.Chapter09.Section04	constructor	public
NumStability.higham_problem9_14_FirstMethodTrace.rec	NumStability.Algorithms.HighamChapter9	NumStability.Source.Higham.Chapter09.Section04	recursor	public
NumStability.higham_problem9_14_FirstMethodTrace.recOn	NumStability.Algorithms.HighamChapter9	NumStability.Source.Higham.Chapter09.Section04	definition	public
NumStability.higham_problem9_14_FirstMethodTrace.step	NumStability.Algorithms.HighamChapter9	NumStability.Source.Higham.Chapter09.Section04	constructor	public
NumStability.higham_problem9_14_PairwiseBubbleTrace	NumStability.Algorithms.HighamChapter9	NumStability.Source.Higham.Chapter09.Section04	inductive	public
NumStability.higham_problem9_14_PairwiseBubbleTrace.below	NumStability.Algorithms.HighamChapter9	NumStability.Source.Higham.Chapter09.Section04	inductive	public
NumStability.higham_problem9_14_PairwiseBubbleTrace.below.casesOn	NumStability.Algorithms.HighamChapter9	NumStability.Source.Higham.Chapter09.Section04	definition	public
NumStability.higham_problem9_14_PairwiseBubbleTrace.below.init	NumStability.Algorithms.HighamChapter9	NumStability.Source.Higham.Chapter09.Section04	constructor	public
NumStability.higham_problem9_14_PairwiseBubbleTrace.below.rec	NumStability.Algorithms.HighamChapter9	NumStability.Source.Higham.Chapter09.Section04	recursor	public
NumStability.higham_problem9_14_PairwiseBubbleTrace.below.step	NumStability.Algorithms.HighamChapter9	NumStability.Source.Higham.Chapter09.Section04	constructor	public
NumStability.higham_problem9_14_PairwiseBubbleTrace.brecOn	NumStability.Algorithms.HighamChapter9	NumStability.Source.Higham.Chapter09.Section04	theorem	public
NumStability.higham_problem9_14_PairwiseBubbleTrace.casesOn	NumStability.Algorithms.HighamChapter9	NumStability.Source.Higham.Chapter09.Section04	definition	public
NumStability.higham_problem9_14_PairwiseBubbleTrace.init	NumStability.Algorithms.HighamChapter9	NumStability.Source.Higham.Chapter09.Section04	constructor	public
NumStability.higham_problem9_14_PairwiseBubbleTrace.rec	NumStability.Algorithms.HighamChapter9	NumStability.Source.Higham.Chapter09.Section04	recursor	public
NumStability.higham_problem9_14_PairwiseBubbleTrace.recOn	NumStability.Algorithms.HighamChapter9	NumStability.Source.Higham.Chapter09.Section04	definition	public
NumStability.higham_problem9_14_PairwiseBubbleTrace.step	NumStability.Algorithms.HighamChapter9	NumStability.Source.Higham.Chapter09.Section04	constructor	public
NumStability.higham_problem9_14_PrePivotedGEPP	NumStability.Algorithms.HighamChapter9	NumStability.Source.Higham.Chapter09.Section04	definition	public
NumStability.higham_problem9_14_PrePivotedGEPP_det_ne_zero	NumStability.Algorithms.HighamChapter9	NumStability.Source.Higham.Chapter09.Section04	theorem	public
NumStability.higham_problem9_14_PrePivotedGEPP_exists_LUFactSpec	NumStability.Algorithms.HighamChapter9	NumStability.Source.Higham.Chapter09.Section04	theorem	public
NumStability.higham_problem9_14_PrePivotedGEPP_exists_RecursiveFirstMethodLUFactSpec_same_as_GEPP	NumStability.Algorithms.HighamChapter9	NumStability.Source.Higham.Chapter09.Section04	theorem	public
NumStability.higham_problem9_14_PrePivotedGEPP_exists_RecursivePairwiseLUFactSpec_same_as_GEPP	NumStability.Algorithms.HighamChapter9	NumStability.Source.Higham.Chapter09.Section04	theorem	public
NumStability.higham_problem9_14_PrePivotedGEPP_exists_firstMethod_pairwise_same_LU	NumStability.Algorithms.HighamChapter9	NumStability.Source.Higham.Chapter09.Section04	theorem	public
NumStability.higham_problem9_14_PrePivotedGEPP_exists_unique_LUFactSpec	NumStability.Algorithms.HighamChapter9	NumStability.Source.Higham.Chapter09.Section04	theorem	public
NumStability.higham_problem9_14_PrePivotedGEPP_firstMethodMatrix_multiplier_abs_le_one	NumStability.Algorithms.HighamChapter9	NumStability.Source.Higham.Chapter09.Section04	theorem	public
NumStability.higham_problem9_14_PrePivotedGEPP_firstMethodMatrix_prefix_invariant	NumStability.Algorithms.HighamChapter9	NumStability.Source.Higham.Chapter09.Section04	theorem	public
NumStability.higham_problem9_14_PrePivotedGEPP_firstMethodMatrix_terminal_firstSchurComplement	NumStability.Algorithms.HighamChapter9	NumStability.Source.Higham.Chapter09.Section04	theorem	public
NumStability.higham_problem9_14_PrePivotedGEPP_firstMethodMatrix_terminal_trailing_eq_firstSchurComplement	NumStability.Algorithms.HighamChapter9	NumStability.Source.Higham.Chapter09.Section04	theorem	public
NumStability.higham_problem9_14_PrePivotedGEPP_firstSchurComplement	NumStability.Algorithms.HighamChapter9	NumStability.Source.Higham.Chapter09.Section04	theorem	public
NumStability.higham_problem9_14_PrePivotedGEPP_lu_unique	NumStability.Algorithms.HighamChapter9	NumStability.Source.Higham.Chapter09.Section04	theorem	public
NumStability.higham_problem9_14_PrePivotedGEPP_pairwiseBubbleMatrix_one_pivot_row	NumStability.Algorithms.HighamChapter9	NumStability.Source.Higham.Chapter09.Section04	theorem	public
NumStability.higham_problem9_14_PrePivotedGEPP_pairwiseBubbleMatrix_prefix_eliminated_active_eq_zero	NumStability.Algorithms.HighamChapter9	NumStability.Source.Higham.Chapter09.Section04	theorem	public
NumStability.higham_problem9_14_PrePivotedGEPP_pairwiseBubbleMatrix_prefix_eliminated_row	NumStability.Algorithms.HighamChapter9	NumStability.Source.Higham.Chapter09.Section04	theorem	public
NumStability.higham_problem9_14_PrePivotedGEPP_pairwiseBubbleMatrix_prefix_invariant	NumStability.Algorithms.HighamChapter9	NumStability.Source.Higham.Chapter09.Section04	theorem	public
NumStability.higham_problem9_14_PrePivotedGEPP_pairwiseBubbleMatrix_terminal_active_eq_zero_of_ne_zero	NumStability.Algorithms.HighamChapter9	NumStability.Source.Higham.Chapter09.Section04	theorem	public
NumStability.higham_problem9_14_PrePivotedGEPP_pairwiseBubbleMatrix_terminal_firstSchurComplement_eq_rowReversed_firstSchurComplement	NumStability.Algorithms.HighamChapter9	NumStability.Source.Higham.Chapter09.Section04	theorem	public
NumStability.higham_problem9_14_PrePivotedGEPP_pairwiseBubbleMatrix_terminal_pivot_active_ne_zero	NumStability.Algorithms.HighamChapter9	NumStability.Source.Higham.Chapter09.Section04	theorem	public
NumStability.higham_problem9_14_PrePivotedGEPP_pairwiseBubbleMatrix_terminal_pivot_row	NumStability.Algorithms.HighamChapter9	NumStability.Source.Higham.Chapter09.Section04	theorem	public
NumStability.higham_problem9_14_PrePivotedGEPP_pairwiseBubbleMatrix_terminal_trailing_eq_rowReversed_firstSchurComplement	NumStability.Algorithms.HighamChapter9	NumStability.Source.Higham.Chapter09.Section04	theorem	public
NumStability.higham_problem9_14_PrePivotedGEPP_pairwiseBubbleMatrix_two_pivot_row	NumStability.Algorithms.HighamChapter9	NumStability.Source.Higham.Chapter09.Section04	theorem	public
NumStability.higham_problem9_14_PrePivotedGEPP_rowReversedMatrix_firstColumn_pivot	NumStability.Algorithms.HighamChapter9	NumStability.Source.Higham.Chapter09.Section04	theorem	public
NumStability.higham_problem9_14_PrePivotedGEPP_rowReversedMatrix_pairPivotEliminateToLeft_growthFactorEntry_le_two	NumStability.Algorithms.HighamChapter9	NumStability.Source.Higham.Chapter09.Section04	theorem	public
NumStability.higham_problem9_14_PrePivotedGEPP_rowReversedMatrix_pairPivotEliminateToLeft_maxEntryNorm_le_two	NumStability.Algorithms.HighamChapter9	NumStability.Source.Higham.Chapter09.Section04	theorem	public
NumStability.higham_problem9_14_PrePivotedGEPP_rowReversedMatrix_pairPivotEliminateToLeft_multiplier_abs_le_one	NumStability.Algorithms.HighamChapter9	NumStability.Source.Higham.Chapter09.Section04	theorem	public
NumStability.higham_problem9_14_PrePivotedGEPP_rowReversedMatrix_pairPivotEliminateToLeft_next_pairPivotRow	NumStability.Algorithms.HighamChapter9	NumStability.Source.Higham.Chapter09.Section04	theorem	public
NumStability.higham_problem9_14_PrePivotedGEPP_rowReversedMatrix_pairPivotEliminateToLeft_normalized_multiplier_abs_le_one	NumStability.Algorithms.HighamChapter9	NumStability.Source.Higham.Chapter09.Section04	theorem	public
NumStability.higham_problem9_14_PrePivotedGEPP_rowReversedMatrix_pairPivotEliminateToLeft_of_ne_pair	NumStability.Algorithms.HighamChapter9	NumStability.Source.Higham.Chapter09.Section04	theorem	public
NumStability.higham_problem9_14_PrePivotedGEPP_rowReversedMatrix_pairPivotEliminateToLeft_pivot_active_ne_zero	NumStability.Algorithms.HighamChapter9	NumStability.Source.Higham.Chapter09.Section04	theorem	public
NumStability.higham_problem9_14_PrePivotedGEPP_rowReversedMatrix_pairPivotEliminateToLeft_pivot_row	NumStability.Algorithms.HighamChapter9	NumStability.Source.Higham.Chapter09.Section04	theorem	public
NumStability.higham_problem9_14_PrePivotedGEPP_rowReversedMatrix_pairPivotEliminateToLeft_target_abs_le_two	NumStability.Algorithms.HighamChapter9	NumStability.Source.Higham.Chapter09.Section04	theorem	public
NumStability.higham_problem9_14_PrePivotedGEPP_rowReversedMatrix_pairPivotEliminateToLeft_target_active_eq_zero	NumStability.Algorithms.HighamChapter9	NumStability.Source.Higham.Chapter09.Section04	theorem	public
NumStability.higham_problem9_14_PrePivotedGEPP_rowReversedMatrix_pairPivotEliminateToLeft_target_row	NumStability.Algorithms.HighamChapter9	NumStability.Source.Higham.Chapter09.Section04	theorem	public
NumStability.higham_problem9_14_PrePivotedGEPP_rowReversedMatrix_pairPivotEliminateToLeft_twoStep_of_ne_triple	NumStability.Algorithms.HighamChapter9	NumStability.Source.Higham.Chapter09.Section04	theorem	public
NumStability.higham_problem9_14_PrePivotedGEPP_rowReversedMatrix_pairPivotEliminateToLeft_twoStep_pivot_active_ne_zero	NumStability.Algorithms.HighamChapter9	NumStability.Source.Higham.Chapter09.Section04	theorem	public
NumStability.higham_problem9_14_PrePivotedGEPP_rowReversedMatrix_pairPivotEliminateToLeft_twoStep_pivot_row	NumStability.Algorithms.HighamChapter9	NumStability.Source.Higham.Chapter09.Section04	theorem	public
NumStability.higham_problem9_14_PrePivotedGEPP_rowReversedMatrix_pairPivotEliminateToLeft_twoStep_unchanged_abs_le_pivot	NumStability.Algorithms.HighamChapter9	NumStability.Source.Higham.Chapter09.Section04	theorem	public
NumStability.higham_problem9_14_PrePivotedGEPP_rowReversedMatrix_pairPivotEliminateToLeft_unchanged_abs_le_pivot	NumStability.Algorithms.HighamChapter9	NumStability.Source.Higham.Chapter09.Section04	theorem	public
NumStability.higham_problem9_14_PrePivotedGEPP_rowReversedMatrix_pairPivotRow_last	NumStability.Algorithms.HighamChapter9	NumStability.Source.Higham.Chapter09.Section04	theorem	public
NumStability.higham_problem9_14_RecursiveFirstMethodLUFactSpec	NumStability.Algorithms.HighamChapter9	NumStability.Source.Higham.Chapter09.Section04	inductive	public
NumStability.higham_problem9_14_RecursiveFirstMethodLUFactSpec.below	NumStability.Algorithms.HighamChapter9	NumStability.Source.Higham.Chapter09.Section04	inductive	public
NumStability.higham_problem9_14_RecursiveFirstMethodLUFactSpec.below.casesOn	NumStability.Algorithms.HighamChapter9	NumStability.Source.Higham.Chapter09.Section04	definition	public
NumStability.higham_problem9_14_RecursiveFirstMethodLUFactSpec.below.done	NumStability.Algorithms.HighamChapter9	NumStability.Source.Higham.Chapter09.Section04	constructor	public
NumStability.higham_problem9_14_RecursiveFirstMethodLUFactSpec.below.rec	NumStability.Algorithms.HighamChapter9	NumStability.Source.Higham.Chapter09.Section04	recursor	public
NumStability.higham_problem9_14_RecursiveFirstMethodLUFactSpec.below.step	NumStability.Algorithms.HighamChapter9	NumStability.Source.Higham.Chapter09.Section04	constructor	public
NumStability.higham_problem9_14_RecursiveFirstMethodLUFactSpec.brecOn	NumStability.Algorithms.HighamChapter9	NumStability.Source.Higham.Chapter09.Section04	theorem	public
NumStability.higham_problem9_14_RecursiveFirstMethodLUFactSpec.casesOn	NumStability.Algorithms.HighamChapter9	NumStability.Source.Higham.Chapter09.Section04	definition	public
NumStability.higham_problem9_14_RecursiveFirstMethodLUFactSpec.done	NumStability.Algorithms.HighamChapter9	NumStability.Source.Higham.Chapter09.Section04	constructor	public
NumStability.higham_problem9_14_RecursiveFirstMethodLUFactSpec.rec	NumStability.Algorithms.HighamChapter9	NumStability.Source.Higham.Chapter09.Section04	recursor	public
NumStability.higham_problem9_14_RecursiveFirstMethodLUFactSpec.recOn	NumStability.Algorithms.HighamChapter9	NumStability.Source.Higham.Chapter09.Section04	definition	public
NumStability.higham_problem9_14_RecursiveFirstMethodLUFactSpec.step	NumStability.Algorithms.HighamChapter9	NumStability.Source.Higham.Chapter09.Section04	constructor	public
NumStability.higham_problem9_14_RecursiveFirstMethodLUFactSpec_same_as_PrePivotedGEPP	NumStability.Algorithms.HighamChapter9	NumStability.Source.Higham.Chapter09.Section04	theorem	public
NumStability.higham_problem9_14_RecursiveFirstMethodLUFactSpec_to_LUFactSpec	NumStability.Algorithms.HighamChapter9	NumStability.Source.Higham.Chapter09.Section04	theorem	public
NumStability.higham_problem9_14_RecursiveFirstMethodTrace	NumStability.Algorithms.HighamChapter9	NumStability.Source.Higham.Chapter09.Section04	inductive	public
NumStability.higham_problem9_14_RecursiveFirstMethodTrace.below	NumStability.Algorithms.HighamChapter9	NumStability.Source.Higham.Chapter09.Section04	inductive	public
NumStability.higham_problem9_14_RecursiveFirstMethodTrace.below.casesOn	NumStability.Algorithms.HighamChapter9	NumStability.Source.Higham.Chapter09.Section04	definition	public
NumStability.higham_problem9_14_RecursiveFirstMethodTrace.below.done	NumStability.Algorithms.HighamChapter9	NumStability.Source.Higham.Chapter09.Section04	constructor	public
NumStability.higham_problem9_14_RecursiveFirstMethodTrace.below.rec	NumStability.Algorithms.HighamChapter9	NumStability.Source.Higham.Chapter09.Section04	recursor	public
NumStability.higham_problem9_14_RecursiveFirstMethodTrace.below.step	NumStability.Algorithms.HighamChapter9	NumStability.Source.Higham.Chapter09.Section04	constructor	public
NumStability.higham_problem9_14_RecursiveFirstMethodTrace.brecOn	NumStability.Algorithms.HighamChapter9	NumStability.Source.Higham.Chapter09.Section04	theorem	public
NumStability.higham_problem9_14_RecursiveFirstMethodTrace.casesOn	NumStability.Algorithms.HighamChapter9	NumStability.Source.Higham.Chapter09.Section04	definition	public
NumStability.higham_problem9_14_RecursiveFirstMethodTrace.done	NumStability.Algorithms.HighamChapter9	NumStability.Source.Higham.Chapter09.Section04	constructor	public
NumStability.higham_problem9_14_RecursiveFirstMethodTrace.rec	NumStability.Algorithms.HighamChapter9	NumStability.Source.Higham.Chapter09.Section04	recursor	public
NumStability.higham_problem9_14_RecursiveFirstMethodTrace.recOn	NumStability.Algorithms.HighamChapter9	NumStability.Source.Higham.Chapter09.Section04	definition	public
NumStability.higham_problem9_14_RecursiveFirstMethodTrace.step	NumStability.Algorithms.HighamChapter9	NumStability.Source.Higham.Chapter09.Section04	constructor	public
NumStability.higham_problem9_14_RecursiveFirstMethodTrace_of_PrePivotedGEPP	NumStability.Algorithms.HighamChapter9	NumStability.Source.Higham.Chapter09.Section04	theorem	public
NumStability.higham_problem9_14_RecursivePairwiseBubbleTrace	NumStability.Algorithms.HighamChapter9	NumStability.Source.Higham.Chapter09.Section04	inductive	public
NumStability.higham_problem9_14_RecursivePairwiseBubbleTrace.below	NumStability.Algorithms.HighamChapter9	NumStability.Source.Higham.Chapter09.Section04	inductive	public
NumStability.higham_problem9_14_RecursivePairwiseBubbleTrace.below.casesOn	NumStability.Algorithms.HighamChapter9	NumStability.Source.Higham.Chapter09.Section04	definition	public
NumStability.higham_problem9_14_RecursivePairwiseBubbleTrace.below.done	NumStability.Algorithms.HighamChapter9	NumStability.Source.Higham.Chapter09.Section04	constructor	public
NumStability.higham_problem9_14_RecursivePairwiseBubbleTrace.below.rec	NumStability.Algorithms.HighamChapter9	NumStability.Source.Higham.Chapter09.Section04	recursor	public
NumStability.higham_problem9_14_RecursivePairwiseBubbleTrace.below.step	NumStability.Algorithms.HighamChapter9	NumStability.Source.Higham.Chapter09.Section04	constructor	public
NumStability.higham_problem9_14_RecursivePairwiseBubbleTrace.brecOn	NumStability.Algorithms.HighamChapter9	NumStability.Source.Higham.Chapter09.Section04	theorem	public
NumStability.higham_problem9_14_RecursivePairwiseBubbleTrace.casesOn	NumStability.Algorithms.HighamChapter9	NumStability.Source.Higham.Chapter09.Section04	definition	public
NumStability.higham_problem9_14_RecursivePairwiseBubbleTrace.done	NumStability.Algorithms.HighamChapter9	NumStability.Source.Higham.Chapter09.Section04	constructor	public
NumStability.higham_problem9_14_RecursivePairwiseBubbleTrace.rec	NumStability.Algorithms.HighamChapter9	NumStability.Source.Higham.Chapter09.Section04	recursor	public
NumStability.higham_problem9_14_RecursivePairwiseBubbleTrace.recOn	NumStability.Algorithms.HighamChapter9	NumStability.Source.Higham.Chapter09.Section04	definition	public
NumStability.higham_problem9_14_RecursivePairwiseBubbleTrace.step	NumStability.Algorithms.HighamChapter9	NumStability.Source.Higham.Chapter09.Section04	constructor	public
NumStability.higham_problem9_14_RecursivePairwiseBubbleTrace_of_PrePivotedGEPP	NumStability.Algorithms.HighamChapter9	NumStability.Source.Higham.Chapter09.Section04	theorem	public
NumStability.higham_problem9_14_RecursivePairwiseLUFactSpec	NumStability.Algorithms.HighamChapter9	NumStability.Source.Higham.Chapter09.Section04	inductive	public
NumStability.higham_problem9_14_RecursivePairwiseLUFactSpec.below	NumStability.Algorithms.HighamChapter9	NumStability.Source.Higham.Chapter09.Section04	inductive	public
NumStability.higham_problem9_14_RecursivePairwiseLUFactSpec.below.casesOn	NumStability.Algorithms.HighamChapter9	NumStability.Source.Higham.Chapter09.Section04	definition	public
NumStability.higham_problem9_14_RecursivePairwiseLUFactSpec.below.done	NumStability.Algorithms.HighamChapter9	NumStability.Source.Higham.Chapter09.Section04	constructor	public
NumStability.higham_problem9_14_RecursivePairwiseLUFactSpec.below.rec	NumStability.Algorithms.HighamChapter9	NumStability.Source.Higham.Chapter09.Section04	recursor	public
NumStability.higham_problem9_14_RecursivePairwiseLUFactSpec.below.step	NumStability.Algorithms.HighamChapter9	NumStability.Source.Higham.Chapter09.Section04	constructor	public
NumStability.higham_problem9_14_RecursivePairwiseLUFactSpec.brecOn	NumStability.Algorithms.HighamChapter9	NumStability.Source.Higham.Chapter09.Section04	theorem	public
NumStability.higham_problem9_14_RecursivePairwiseLUFactSpec.casesOn	NumStability.Algorithms.HighamChapter9	NumStability.Source.Higham.Chapter09.Section04	definition	public
NumStability.higham_problem9_14_RecursivePairwiseLUFactSpec.done	NumStability.Algorithms.HighamChapter9	NumStability.Source.Higham.Chapter09.Section04	constructor	public
NumStability.higham_problem9_14_RecursivePairwiseLUFactSpec.rec	NumStability.Algorithms.HighamChapter9	NumStability.Source.Higham.Chapter09.Section04	recursor	public
NumStability.higham_problem9_14_RecursivePairwiseLUFactSpec.recOn	NumStability.Algorithms.HighamChapter9	NumStability.Source.Higham.Chapter09.Section04	definition	public
NumStability.higham_problem9_14_RecursivePairwiseLUFactSpec.step	NumStability.Algorithms.HighamChapter9	NumStability.Source.Higham.Chapter09.Section04	constructor	public
NumStability.higham_problem9_14_RecursivePairwiseLUFactSpec_same_as_PrePivotedGEPP	NumStability.Algorithms.HighamChapter9	NumStability.Source.Higham.Chapter09.Section04	theorem	public
NumStability.higham_problem9_14_RecursivePairwiseLUFactSpec_to_LUFactSpec	NumStability.Algorithms.HighamChapter9	NumStability.Source.Higham.Chapter09.Section04	theorem	public
NumStability.higham_problem9_14_adjacentRows	NumStability.Algorithms.HighamChapter9	NumStability.Source.Higham.Chapter09.Section04	definition	public
NumStability.higham_problem9_14_exists_RecursiveFirstMethodLUFactSpec_of_PrePivotedGEPP	NumStability.Algorithms.HighamChapter9	NumStability.Source.Higham.Chapter09.Section04	theorem	public
NumStability.higham_problem9_14_exists_RecursivePairwiseLUFactSpec_of_PrePivotedGEPP	NumStability.Algorithms.HighamChapter9	NumStability.Source.Higham.Chapter09.Section04	theorem	public
NumStability.higham_problem9_14_exists_pairPivotChoice	NumStability.Algorithms.HighamChapter9	NumStability.Source.Higham.Chapter09.Section04	theorem	public
NumStability.higham_problem9_14_firstMethodMatrix	NumStability.Algorithms.HighamChapter9	NumStability.Source.Higham.Chapter09.Section04	definition	public
NumStability.higham_problem9_14_firstMethodMatrix_det_ne_zero	NumStability.Algorithms.HighamChapter9	NumStability.Source.Higham.Chapter09.Section04	theorem	public
NumStability.higham_problem9_14_firstMethodMatrix_succ	NumStability.Algorithms.HighamChapter9	NumStability.Source.Higham.Chapter09.Section04	theorem	public
NumStability.higham_problem9_14_firstMethodMatrix_terminal_trace	NumStability.Algorithms.HighamChapter9	NumStability.Source.Higham.Chapter09.Section04	theorem	public
NumStability.higham_problem9_14_firstMethodMatrix_trace	NumStability.Algorithms.HighamChapter9	NumStability.Source.Higham.Chapter09.Section04	theorem	public
NumStability.higham_problem9_14_firstMethodMatrix_zero	NumStability.Algorithms.HighamChapter9	NumStability.Source.Higham.Chapter09.Section04	theorem	public
NumStability.higham_problem9_14_firstMethodTarget	NumStability.Algorithms.HighamChapter9	NumStability.Source.Higham.Chapter09.Section04	definition	public
NumStability.higham_problem9_14_firstMethodTarget_ne_zero	NumStability.Algorithms.HighamChapter9	NumStability.Source.Higham.Chapter09.Section04	theorem	public
NumStability.higham_problem9_14_firstMethodTarget_val	NumStability.Algorithms.HighamChapter9	NumStability.Source.Higham.Chapter09.Section04	theorem	public
NumStability.higham_problem9_14_pairEliminateRow	NumStability.Algorithms.HighamChapter9	NumStability.Source.Higham.Chapter09.Section04	definition	public
NumStability.higham_problem9_14_pairEliminateRow_det_eq	NumStability.Algorithms.HighamChapter9	NumStability.Source.Higham.Chapter09.Section04	theorem	public
NumStability.higham_problem9_14_pairEliminateRow_det_ne_zero	NumStability.Algorithms.HighamChapter9	NumStability.Source.Higham.Chapter09.Section04	theorem	public
NumStability.higham_problem9_14_pairEliminateRow_eq_updateRow_add_smul	NumStability.Algorithms.HighamChapter9	NumStability.Source.Higham.Chapter09.Section04	theorem	public
NumStability.higham_problem9_14_pairEliminateRow_of_ne	NumStability.Algorithms.HighamChapter9	NumStability.Source.Higham.Chapter09.Section04	theorem	public
NumStability.higham_problem9_14_pairEliminateRow_pivot	NumStability.Algorithms.HighamChapter9	NumStability.Source.Higham.Chapter09.Section04	theorem	public
NumStability.higham_problem9_14_pairEliminateRow_target	NumStability.Algorithms.HighamChapter9	NumStability.Source.Higham.Chapter09.Section04	theorem	public
NumStability.higham_problem9_14_pairEliminateRow_target_active_eq_zero	NumStability.Algorithms.HighamChapter9	NumStability.Source.Higham.Chapter09.Section04	theorem	public
NumStability.higham_problem9_14_pairPivotChoice	NumStability.Algorithms.HighamChapter9	NumStability.Source.Higham.Chapter09.Section04	definition	public
NumStability.higham_problem9_14_pairPivotChoice_left_multiplier_abs_le_one	NumStability.Algorithms.HighamChapter9	NumStability.Source.Higham.Chapter09.Section04	theorem	public
NumStability.higham_problem9_14_pairPivotChoice_multiplier_abs_le_one	NumStability.Algorithms.HighamChapter9	NumStability.Source.Higham.Chapter09.Section04	theorem	public
NumStability.higham_problem9_14_pairPivotChoice_right_multiplier_abs_le_one	NumStability.Algorithms.HighamChapter9	NumStability.Source.Higham.Chapter09.Section04	theorem	public
NumStability.higham_problem9_14_pairPivotEliminateToLeft	NumStability.Algorithms.HighamChapter9	NumStability.Source.Higham.Chapter09.Section04	definition	public
NumStability.higham_problem9_14_pairPivotEliminateToLeft_det_ne_zero	NumStability.Algorithms.HighamChapter9	NumStability.Source.Higham.Chapter09.Section04	theorem	public
NumStability.higham_problem9_14_pairPivotEliminateToLeft_left	NumStability.Algorithms.HighamChapter9	NumStability.Source.Higham.Chapter09.Section04	theorem	public
NumStability.higham_problem9_14_pairPivotEliminateToLeft_left_eq_right_of_abs_le	NumStability.Algorithms.HighamChapter9	NumStability.Source.Higham.Chapter09.Section04	theorem	public
NumStability.higham_problem9_14_pairPivotEliminateToLeft_multiplier_abs_le_one	NumStability.Algorithms.HighamChapter9	NumStability.Source.Higham.Chapter09.Section04	theorem	public
NumStability.higham_problem9_14_pairPivotEliminateToLeft_of_ne	NumStability.Algorithms.HighamChapter9	NumStability.Source.Higham.Chapter09.Section04	theorem	public
NumStability.higham_problem9_14_pairPivotEliminateToLeft_of_ne_pair_of_abs_le	NumStability.Algorithms.HighamChapter9	NumStability.Source.Higham.Chapter09.Section04	theorem	public
NumStability.higham_problem9_14_pairPivotEliminateToLeft_pivot	NumStability.Algorithms.HighamChapter9	NumStability.Source.Higham.Chapter09.Section04	theorem	public
NumStability.higham_problem9_14_pairPivotEliminateToLeft_target	NumStability.Algorithms.HighamChapter9	NumStability.Source.Higham.Chapter09.Section04	theorem	public
NumStability.higham_problem9_14_pairPivotEliminateToLeft_target_abs_le_two_of_abs_le	NumStability.Algorithms.HighamChapter9	NumStability.Source.Higham.Chapter09.Section04	theorem	public
NumStability.higham_problem9_14_pairPivotEliminateToLeft_target_active_eq_zero	NumStability.Algorithms.HighamChapter9	NumStability.Source.Higham.Chapter09.Section04	theorem	public
NumStability.higham_problem9_14_pairPivotEliminateToLeft_target_active_eq_zero_of_abs_le	NumStability.Algorithms.HighamChapter9	NumStability.Source.Higham.Chapter09.Section04	theorem	public
NumStability.higham_problem9_14_pairPivotEliminateToLeft_target_eq_left_sub_right	NumStability.Algorithms.HighamChapter9	NumStability.Source.Higham.Chapter09.Section04	theorem	public
NumStability.higham_problem9_14_pairPivotRow	NumStability.Algorithms.HighamChapter9	NumStability.Source.Higham.Chapter09.Section04	definition	public
NumStability.higham_problem9_14_pairPivotRow_choice	NumStability.Algorithms.HighamChapter9	NumStability.Source.Higham.Chapter09.Section04	theorem	public
NumStability.higham_problem9_14_pairPivotRow_eq_left_of_abs_gt	NumStability.Algorithms.HighamChapter9	NumStability.Source.Higham.Chapter09.Section04	theorem	public
NumStability.higham_problem9_14_pairPivotRow_eq_right_of_abs_le	NumStability.Algorithms.HighamChapter9	NumStability.Source.Higham.Chapter09.Section04	theorem	public
NumStability.higham_problem9_14_pairPivotRow_eq_right_of_firstColumn_partialPivotChoice	NumStability.Algorithms.HighamChapter9	NumStability.Source.Higham.Chapter09.Section04	theorem	public
NumStability.higham_problem9_14_pairPivotRow_left_multiplier_abs_le_one	NumStability.Algorithms.HighamChapter9	NumStability.Source.Higham.Chapter09.Section04	theorem	public
NumStability.higham_problem9_14_pairPivotRow_right_multiplier_abs_le_one	NumStability.Algorithms.HighamChapter9	NumStability.Source.Higham.Chapter09.Section04	theorem	public
NumStability.higham_problem9_14_pairPivotToLeftMatrix	NumStability.Algorithms.HighamChapter9	NumStability.Source.Higham.Chapter09.Section04	definition	public
NumStability.higham_problem9_14_pairPivotToLeftMatrix_det_ne_zero	NumStability.Algorithms.HighamChapter9	NumStability.Source.Higham.Chapter09.Section04	theorem	public
NumStability.higham_problem9_14_pairPivotToLeftMatrix_left	NumStability.Algorithms.HighamChapter9	NumStability.Source.Higham.Chapter09.Section04	theorem	public
NumStability.higham_problem9_14_pairPivotToLeftSwap	NumStability.Algorithms.HighamChapter9	NumStability.Source.Higham.Chapter09.Section04	definition	public
NumStability.higham_problem9_14_pairPivotToLeftSwap_isPermutation	NumStability.Algorithms.HighamChapter9	NumStability.Source.Higham.Chapter09.Section04	theorem	public
NumStability.higham_problem9_14_pairPivotToLeftSwap_left	NumStability.Algorithms.HighamChapter9	NumStability.Source.Higham.Chapter09.Section04	theorem	public
NumStability.higham_problem9_14_pairRowSwap	NumStability.Algorithms.HighamChapter9	NumStability.Source.Higham.Chapter09.Section04	definition	public
NumStability.higham_problem9_14_pairRowSwap_det_ne_zero	NumStability.Algorithms.HighamChapter9	NumStability.Source.Higham.Chapter09.Section04	theorem	public
NumStability.higham_problem9_14_pairRowSwap_involutive	NumStability.Algorithms.HighamChapter9	NumStability.Source.Higham.Chapter09.Section04	theorem	public
NumStability.higham_problem9_14_pairRowSwap_isPermutation	NumStability.Algorithms.HighamChapter9	NumStability.Source.Higham.Chapter09.Section04	theorem	public
NumStability.higham_problem9_14_pairRowSwap_left	NumStability.Algorithms.HighamChapter9	NumStability.Source.Higham.Chapter09.Section04	theorem	public
NumStability.higham_problem9_14_pairRowSwap_right	NumStability.Algorithms.HighamChapter9	NumStability.Source.Higham.Chapter09.Section04	theorem	public
NumStability.higham_problem9_14_pairwiseBubbleMatrix	NumStability.Algorithms.HighamChapter9	NumStability.Source.Higham.Chapter09.Section04	definition	public
NumStability.higham_problem9_14_pairwiseBubbleMatrix_det_ne_zero	NumStability.Algorithms.HighamChapter9	NumStability.Source.Higham.Chapter09.Section04	theorem	public
NumStability.higham_problem9_14_pairwiseBubbleMatrix_succ	NumStability.Algorithms.HighamChapter9	NumStability.Source.Higham.Chapter09.Section04	theorem	public
NumStability.higham_problem9_14_pairwiseBubbleMatrix_terminal_det_ne_zero	NumStability.Algorithms.HighamChapter9	NumStability.Source.Higham.Chapter09.Section04	theorem	public
NumStability.higham_problem9_14_pairwiseBubbleMatrix_terminal_trace	NumStability.Algorithms.HighamChapter9	NumStability.Source.Higham.Chapter09.Section04	theorem	public
NumStability.higham_problem9_14_pairwiseBubbleMatrix_trace	NumStability.Algorithms.HighamChapter9	NumStability.Source.Higham.Chapter09.Section04	theorem	public
NumStability.higham_problem9_14_pairwiseBubbleMatrix_zero	NumStability.Algorithms.HighamChapter9	NumStability.Source.Higham.Chapter09.Section04	theorem	public
NumStability.higham_problem9_14_pairwiseBubbleRow	NumStability.Algorithms.HighamChapter9	NumStability.Source.Higham.Chapter09.Section04	definition	public
NumStability.higham_problem9_14_pairwiseBubbleRow_self	NumStability.Algorithms.HighamChapter9	NumStability.Source.Higham.Chapter09.Section04	theorem	public
NumStability.higham_problem9_14_pairwiseBubbleRow_succ_val_lt	NumStability.Algorithms.HighamChapter9	NumStability.Source.Higham.Chapter09.Section04	theorem	public
NumStability.higham_problem9_14_pairwiseBubbleRow_zero	NumStability.Algorithms.HighamChapter9	NumStability.Source.Higham.Chapter09.Section04	theorem	public
NumStability.higham_problem9_14_pairwiseBubbleRows_adjacent	NumStability.Algorithms.HighamChapter9	NumStability.Source.Higham.Chapter09.Section04	theorem	public
NumStability.higham_problem9_14_pairwiseBubbleRows_distinct	NumStability.Algorithms.HighamChapter9	NumStability.Source.Higham.Chapter09.Section04	theorem	public
NumStability.higham_problem9_14_pairwiseBubbleSourceRow	NumStability.Algorithms.HighamChapter9	NumStability.Source.Higham.Chapter09.Section04	definition	public
NumStability.higham_problem9_14_pairwiseBubbleSourceRow_succ	NumStability.Algorithms.HighamChapter9	NumStability.Source.Higham.Chapter09.Section04	theorem	public
NumStability.higham_problem9_14_rowReversal	NumStability.Algorithms.HighamChapter9	NumStability.Source.Higham.Chapter09.Section04	definition	public
NumStability.higham_problem9_14_rowReversal_involutive	NumStability.Algorithms.HighamChapter9	NumStability.Source.Higham.Chapter09.Section04	theorem	public
NumStability.higham_problem9_14_rowReversal_isPermutation	NumStability.Algorithms.HighamChapter9	NumStability.Source.Higham.Chapter09.Section04	theorem	public
NumStability.higham_problem9_14_rowReversal_last_eq_zero	NumStability.Algorithms.HighamChapter9	NumStability.Source.Higham.Chapter09.Section04	theorem	public
NumStability.higham_problem9_14_rowReversal_zero_eq_last	NumStability.Algorithms.HighamChapter9	NumStability.Source.Higham.Chapter09.Section04	theorem	public
NumStability.higham_problem9_14_rowReversedMatrix	NumStability.Algorithms.HighamChapter9	NumStability.Source.Higham.Chapter09.Section04	definition	public
NumStability.higham_problem9_14_rowReversedMatrix_det_ne_zero	NumStability.Algorithms.HighamChapter9	NumStability.Source.Higham.Chapter09.Section04	theorem	public
NumStability.higham_problem9_14_rowReversedMatrix_firstColumn_partialPivotChoice_last	NumStability.Algorithms.HighamChapter9	NumStability.Source.Higham.Chapter09.Section04	theorem	public
NumStability.higham_problem9_14_rowReversedMatrix_growthFactorEntry_eq	NumStability.Algorithms.HighamChapter9	NumStability.Source.Higham.Chapter09.Section04	theorem	public
NumStability.higham_problem9_14_rowReversedMatrix_involutive	NumStability.Algorithms.HighamChapter9	NumStability.Source.Higham.Chapter09.Section04	theorem	public
NumStability.higham_problem9_14_rowReversedMatrix_maxEntryNorm	NumStability.Algorithms.HighamChapter9	NumStability.Source.Higham.Chapter09.Section04	theorem	public
NumStability.higham_problem9_14_rowReversedMatrix_maxEntryNorm_pos	NumStability.Algorithms.HighamChapter9	NumStability.Source.Higham.Chapter09.Section04	theorem	public
NumStability.higham_problem9_14_rowReversedMatrix_pairPivotEliminateToLeft_det_ne_zero	NumStability.Algorithms.HighamChapter9	NumStability.Source.Higham.Chapter09.Section04	theorem	public
NumStability.higham_problem9_4_complete_permuted_lu_solve_backward_error	NumStability.Algorithms.HighamChapter9	NumStability.Source.Higham.Chapter09.Section03	theorem	public
NumStability.higham_problem9_4_complete_permuted_rectRoundedLoop_lu_solve_backward_error	NumStability.Algorithms.HighamChapter9	NumStability.Source.Higham.Chapter09.Section03	theorem	public
NumStability.higham_problem9_4_permuted_lu_solve_backward_error	NumStability.Algorithms.HighamChapter9	NumStability.Source.Higham.Chapter09.Section03	theorem	public
NumStability.higham_problem9_4_permuted_rectRoundedLoop_lu_solve_backward_error	NumStability.Algorithms.HighamChapter9	NumStability.Source.Higham.Chapter09.Section03	theorem	public
NumStability.higham_problem9_9_growthFactorEntry_le_one_add_card_mul_absLU_infNorm_div	NumStability.Algorithms.HighamChapter9	NumStability.Source.Higham.Chapter09.Section04	theorem	public
NumStability.higham_problem9_9_growthFactorEntry_le_one_add_card_mul_absLU_infNorm_div_exists_hAmax	NumStability.Algorithms.HighamChapter9	NumStability.Source.Higham.Chapter09.Section04	theorem	public
NumStability.higham_problem9_9_growthFactorEntry_le_one_add_card_mul_condSkeel_exists_hAmax	NumStability.Algorithms.HighamChapter9	NumStability.Source.Higham.Chapter09.Section05	theorem	public
NumStability.higham_problem9_9_growthFactorEntry_le_one_add_card_mul_two_card_sub_one_of_rowDiagDomUpper_exists_hAmax	NumStability.Algorithms.HighamChapter9	NumStability.Source.Higham.Chapter09.Section05	theorem	public
NumStability.higham_problem9_9_noPivotReducedEntryMax	NumStability.Algorithms.HighamChapter9	NumStability.Source.Higham.Chapter09.Section04	definition	public
NumStability.higham_problem9_9_noPivotReducedEntryMax_le_maxEntryNorm_add_absLU_infNorm	NumStability.Algorithms.HighamChapter9	NumStability.Source.Higham.Chapter09.Section04	theorem	public
NumStability.higham_problem9_9_noPivotReducedGrowthFactor	NumStability.Algorithms.HighamChapter9	NumStability.Source.Higham.Chapter09.Section04	definition	public
NumStability.higham_problem9_9_noPivotReducedGrowthFactor_le_one_add_card_mul_absLU_infNorm_div	NumStability.Algorithms.HighamChapter9	NumStability.Source.Higham.Chapter09.Section04	theorem	public
NumStability.higham_problem9_9_noPivotReducedGrowthFactor_le_one_add_card_mul_absLU_infNorm_div_exists_hAmax	NumStability.Algorithms.HighamChapter9	NumStability.Source.Higham.Chapter09.Section04	theorem	public
NumStability.higham_problem9_9_noPivotReducedGrowthFactor_le_one_add_card_mul_condSkeel_exists_hAmax	NumStability.Algorithms.HighamChapter9	NumStability.Source.Higham.Chapter09.Section05	theorem	public
NumStability.higham_problem9_9_noPivotReducedGrowthFactor_le_one_add_card_mul_two_card_sub_one_of_rowDiagDomUpper_exists_hAmax	NumStability.Algorithms.HighamChapter9	NumStability.Source.Higham.Chapter09.Section05	theorem	public
NumStability.higham_problem9_9_noPivotReducedGrowthFactor_le_one_of_nonnegative_LU	NumStability.Algorithms.HighamChapter9	NumStability.Source.Higham.Chapter09.Section04	theorem	public
NumStability.higham_problem9_9_noPivotReducedGrowthFactor_le_one_of_nonnegative_LU_exists_hAmax	NumStability.Algorithms.HighamChapter9	NumStability.Source.Higham.Chapter09.Section04	theorem	public
_private.NumStability.Algorithms.HighamChapter9.0.NumStability.higham9_11_sum_half_add_half	NumStability.Algorithms.HighamChapter9	NumStability.Source.Higham.Chapter09.Section04	theorem	private
_private.NumStability.Algorithms.HighamChapter9.0.NumStability.higham9_11_sum_half_add_neg_half	NumStability.Algorithms.HighamChapter9	NumStability.Source.Higham.Chapter09.Section04	theorem	private
_private.NumStability.Algorithms.HighamChapter9.0.NumStability.higham9_12_inv_sub_one_re_of_normSq_eq_one	NumStability.Algorithms.HighamChapter9	NumStability.Source.Higham.Chapter09.Section04	theorem	private
_private.NumStability.Algorithms.HighamChapter9.0.NumStability.higham9_2_fin_foldl_congr	NumStability.Algorithms.HighamChapter9	NumStability.Source.Higham.Chapter09.Section02	theorem	private
_private.NumStability.Algorithms.HighamChapter9.0.NumStability.sum_fin_eq_sum_castLE_of_eq_zero	NumStability.Algorithms.HighamChapter9	NumStability.Source.Higham.Chapter09.Section02	theorem	private
_private.NumStability.Algorithms.HighamChapter9Theorem914Primitive.0.NumStability.higham9_14_div_input_stability	NumStability.Algorithms.HighamChapter9Theorem914Primitive	NumStability.Source.Higham.Chapter09.Theorem914Primitive	theorem	private
_private.NumStability.Algorithms.HighamChapter9Theorem914Primitive.0.NumStability.higham9_14_exists_finite_source_bounds	NumStability.Algorithms.HighamChapter9Theorem914Primitive	NumStability.Source.Higham.Chapter09.Theorem914Primitive	theorem	private
_private.NumStability.Algorithms.HighamChapter9Theorem914Primitive.0.NumStability.higham9_14_pivotErrorBudget_le_final	NumStability.Algorithms.HighamChapter9Theorem914Primitive	NumStability.Source.Higham.Chapter09.Theorem914Primitive	theorem	private
_private.NumStability.Algorithms.HighamChapter9Theorem914Primitive.0.NumStability.higham9_14_pivotErrorBudget_step	NumStability.Algorithms.HighamChapter9Theorem914Primitive	NumStability.Source.Higham.Chapter09.Theorem914Primitive	theorem	private
_private.NumStability.Algorithms.HighamChapter9Theorem914Primitive.0.NumStability.higham9_14_roundedPivot_step_error	NumStability.Algorithms.HighamChapter9Theorem914Primitive	NumStability.Source.Higham.Chapter09.Theorem914Primitive	theorem	private
