format	2
route	NumStability.Algorithms.HighamChapter9	NumStability.higham9_10_HessenbergGEPPTrace	NumStability.higham9_10_HessenbergGEPPTrace	NumStability.higham9_10_HessenbergGEPPTrace	NumStability.higham9_10_HessenbergGEPPTrace	authored	18812	0	18831	74	18818	10	18818	40	59D3D0C2B8859C24DEACB50894E0183B2DC2E4B75BD6E2047F77B5275EF31100	NumStability.Source.Higham.Chapter09.Section05
route	NumStability.Algorithms.HighamChapter9	NumStability.higham9_10_HessenbergGEPPTrace.below	NumStability.higham9_10_HessenbergGEPPTrace.below	NumStability.higham9_10_HessenbergGEPPTrace	NumStability.higham9_10_HessenbergGEPPTrace	compiler_generated	18812	0	18831	74	18818	10	18818	40	59D3D0C2B8859C24DEACB50894E0183B2DC2E4B75BD6E2047F77B5275EF31100	NumStability.Source.Higham.Chapter09.Section05
route	NumStability.Algorithms.HighamChapter9	NumStability.higham9_10_HessenbergGEPPTrace.below.casesOn	NumStability.higham9_10_HessenbergGEPPTrace.below.casesOn	NumStability.higham9_10_HessenbergGEPPTrace	NumStability.higham9_10_HessenbergGEPPTrace	compiler_generated	18812	0	18831	74	18818	10	18818	40	59D3D0C2B8859C24DEACB50894E0183B2DC2E4B75BD6E2047F77B5275EF31100	NumStability.Source.Higham.Chapter09.Section05
route	NumStability.Algorithms.HighamChapter9	NumStability.higham9_10_HessenbergGEPPTrace.below.init	NumStability.higham9_10_HessenbergGEPPTrace.below.init	NumStability.higham9_10_HessenbergGEPPTrace	NumStability.higham9_10_HessenbergGEPPTrace	compiler_generated	18812	0	18831	74	18818	10	18818	40	59D3D0C2B8859C24DEACB50894E0183B2DC2E4B75BD6E2047F77B5275EF31100	NumStability.Source.Higham.Chapter09.Section05
route	NumStability.Algorithms.HighamChapter9	NumStability.higham9_10_HessenbergGEPPTrace.below.rec	NumStability.higham9_10_HessenbergGEPPTrace.below.rec	NumStability.higham9_10_HessenbergGEPPTrace	NumStability.higham9_10_HessenbergGEPPTrace	compiler_generated	18812	0	18831	74	18818	10	18818	40	59D3D0C2B8859C24DEACB50894E0183B2DC2E4B75BD6E2047F77B5275EF31100	NumStability.Source.Higham.Chapter09.Section05
route	NumStability.Algorithms.HighamChapter9	NumStability.higham9_10_HessenbergGEPPTrace.below.step	NumStability.higham9_10_HessenbergGEPPTrace.below.step	NumStability.higham9_10_HessenbergGEPPTrace	NumStability.higham9_10_HessenbergGEPPTrace	compiler_generated	18812	0	18831	74	18818	10	18818	40	59D3D0C2B8859C24DEACB50894E0183B2DC2E4B75BD6E2047F77B5275EF31100	NumStability.Source.Higham.Chapter09.Section05
route	NumStability.Algorithms.HighamChapter9	NumStability.higham9_10_HessenbergGEPPTrace.brecOn	NumStability.higham9_10_HessenbergGEPPTrace.brecOn	NumStability.higham9_10_HessenbergGEPPTrace	NumStability.higham9_10_HessenbergGEPPTrace	compiler_generated	18812	0	18831	74	18818	10	18818	40	59D3D0C2B8859C24DEACB50894E0183B2DC2E4B75BD6E2047F77B5275EF31100	NumStability.Source.Higham.Chapter09.Section05
route	NumStability.Algorithms.HighamChapter9	NumStability.higham9_10_HessenbergGEPPTrace.casesOn	NumStability.higham9_10_HessenbergGEPPTrace.casesOn	NumStability.higham9_10_HessenbergGEPPTrace	NumStability.higham9_10_HessenbergGEPPTrace	compiler_generated	18812	0	18831	74	18818	10	18818	40	59D3D0C2B8859C24DEACB50894E0183B2DC2E4B75BD6E2047F77B5275EF31100	NumStability.Source.Higham.Chapter09.Section05
route	NumStability.Algorithms.HighamChapter9	NumStability.higham9_10_HessenbergGEPPTrace.init	NumStability.higham9_10_HessenbergGEPPTrace.init	NumStability.higham9_10_HessenbergGEPPTrace	NumStability.higham9_10_HessenbergGEPPTrace	compiler_generated	18812	0	18831	74	18818	10	18818	40	59D3D0C2B8859C24DEACB50894E0183B2DC2E4B75BD6E2047F77B5275EF31100	NumStability.Source.Higham.Chapter09.Section05
route	NumStability.Algorithms.HighamChapter9	NumStability.higham9_10_HessenbergGEPPTrace.rec	NumStability.higham9_10_HessenbergGEPPTrace.rec	NumStability.higham9_10_HessenbergGEPPTrace	NumStability.higham9_10_HessenbergGEPPTrace	compiler_generated	18812	0	18831	74	18818	10	18818	40	59D3D0C2B8859C24DEACB50894E0183B2DC2E4B75BD6E2047F77B5275EF31100	NumStability.Source.Higham.Chapter09.Section05
route	NumStability.Algorithms.HighamChapter9	NumStability.higham9_10_HessenbergGEPPTrace.recOn	NumStability.higham9_10_HessenbergGEPPTrace.recOn	NumStability.higham9_10_HessenbergGEPPTrace	NumStability.higham9_10_HessenbergGEPPTrace	compiler_generated	18812	0	18831	74	18818	10	18818	40	59D3D0C2B8859C24DEACB50894E0183B2DC2E4B75BD6E2047F77B5275EF31100	NumStability.Source.Higham.Chapter09.Section05
route	NumStability.Algorithms.HighamChapter9	NumStability.higham9_10_HessenbergGEPPTrace.step	NumStability.higham9_10_HessenbergGEPPTrace.step	NumStability.higham9_10_HessenbergGEPPTrace	NumStability.higham9_10_HessenbergGEPPTrace	compiler_generated	18812	0	18831	74	18818	10	18818	40	59D3D0C2B8859C24DEACB50894E0183B2DC2E4B75BD6E2047F77B5275EF31100	NumStability.Source.Higham.Chapter09.Section05
route	NumStability.Algorithms.HighamChapter9	NumStability.higham9_10_HessenbergGEPPTrace_isUpperHessenberg	NumStability.higham9_10_HessenbergGEPPTrace_isUpperHessenberg	NumStability.higham9_10_HessenbergGEPPTrace_isUpperHessenberg	NumStability.higham9_10_HessenbergGEPPTrace_isUpperHessenberg	authored	18850	0	18856	77	18852	8	18852	56	1D58014F30D9F5ED5C3DA46075BD0866910B8DF236C89F012921EE3492CFCC9B	NumStability.Source.Higham.Chapter09.Section05
route	NumStability.Algorithms.HighamChapter9	NumStability.higham9_10_HessenbergGEPPTrace_stageBound	NumStability.higham9_10_HessenbergGEPPTrace_stageBound	NumStability.higham9_10_HessenbergGEPPTrace_stageBound	NumStability.higham9_10_HessenbergGEPPTrace_stageBound	authored	18858	0	18864	77	18860	8	18860	49	907F1945EAF44CFE7A10D47F445200D405663F25BC56E56327D5182AC4D3FDFF	NumStability.Source.Higham.Chapter09.Section05
route	NumStability.Algorithms.HighamChapter9	NumStability.higham9_10_HessenbergGEPPTrace_stage_pos	NumStability.higham9_10_HessenbergGEPPTrace_stage_pos	NumStability.higham9_10_HessenbergGEPPTrace_stage_pos	NumStability.higham9_10_HessenbergGEPPTrace_stage_pos	authored	18866	0	18876	11	18868	8	18868	48	59F07845EC011FA286EB4BF9645629E8A5868E8A8CB67C82A4EA2F2D435F6FD1	NumStability.Source.Higham.Chapter09.Section05
route	NumStability.Algorithms.HighamChapter9	NumStability.higham9_10_HessenbergGEPPTrace_upperHessenberg_and_stageBound	NumStability.higham9_10_HessenbergGEPPTrace_upperHessenberg_and_stageBound	NumStability.higham9_10_HessenbergGEPPTrace_upperHessenberg_and_stageBound	NumStability.higham9_10_HessenbergGEPPTrace_upperHessenberg_and_stageBound	authored	18833	0	18848	27	18836	8	18836	69	F7DB08FF03AA3A184B43E78476F7BE2E206C2FED94190F1039C1DBC302842346	NumStability.Source.Higham.Chapter09.Section05
route	NumStability.Algorithms.HighamChapter9	NumStability.higham9_10_HessenbergGEPPUTrace	NumStability.higham9_10_HessenbergGEPPUTrace	NumStability.higham9_10_HessenbergGEPPUTrace	NumStability.higham9_10_HessenbergGEPPUTrace	authored	18878	0	18898	77	18883	10	18883	41	1F5CAD4E10037A2BF5FC78B6F126F4D389708DE8AEDA55EE36317E5B72DE8BF2	NumStability.Source.Higham.Chapter09.Section05
route	NumStability.Algorithms.HighamChapter9	NumStability.higham9_10_HessenbergGEPPUTrace.below	NumStability.higham9_10_HessenbergGEPPUTrace.below	NumStability.higham9_10_HessenbergGEPPUTrace	NumStability.higham9_10_HessenbergGEPPUTrace	compiler_generated	18878	0	18898	77	18883	10	18883	41	1F5CAD4E10037A2BF5FC78B6F126F4D389708DE8AEDA55EE36317E5B72DE8BF2	NumStability.Source.Higham.Chapter09.Section05
route	NumStability.Algorithms.HighamChapter9	NumStability.higham9_10_HessenbergGEPPUTrace.below.casesOn	NumStability.higham9_10_HessenbergGEPPUTrace.below.casesOn	NumStability.higham9_10_HessenbergGEPPUTrace	NumStability.higham9_10_HessenbergGEPPUTrace	compiler_generated	18878	0	18898	77	18883	10	18883	41	1F5CAD4E10037A2BF5FC78B6F126F4D389708DE8AEDA55EE36317E5B72DE8BF2	NumStability.Source.Higham.Chapter09.Section05
route	NumStability.Algorithms.HighamChapter9	NumStability.higham9_10_HessenbergGEPPUTrace.below.done	NumStability.higham9_10_HessenbergGEPPUTrace.below.done	NumStability.higham9_10_HessenbergGEPPUTrace	NumStability.higham9_10_HessenbergGEPPUTrace	compiler_generated	18878	0	18898	77	18883	10	18883	41	1F5CAD4E10037A2BF5FC78B6F126F4D389708DE8AEDA55EE36317E5B72DE8BF2	NumStability.Source.Higham.Chapter09.Section05
route	NumStability.Algorithms.HighamChapter9	NumStability.higham9_10_HessenbergGEPPUTrace.below.rec	NumStability.higham9_10_HessenbergGEPPUTrace.below.rec	NumStability.higham9_10_HessenbergGEPPUTrace	NumStability.higham9_10_HessenbergGEPPUTrace	compiler_generated	18878	0	18898	77	18883	10	18883	41	1F5CAD4E10037A2BF5FC78B6F126F4D389708DE8AEDA55EE36317E5B72DE8BF2	NumStability.Source.Higham.Chapter09.Section05
route	NumStability.Algorithms.HighamChapter9	NumStability.higham9_10_HessenbergGEPPUTrace.below.step	NumStability.higham9_10_HessenbergGEPPUTrace.below.step	NumStability.higham9_10_HessenbergGEPPUTrace	NumStability.higham9_10_HessenbergGEPPUTrace	compiler_generated	18878	0	18898	77	18883	10	18883	41	1F5CAD4E10037A2BF5FC78B6F126F4D389708DE8AEDA55EE36317E5B72DE8BF2	NumStability.Source.Higham.Chapter09.Section05
route	NumStability.Algorithms.HighamChapter9	NumStability.higham9_10_HessenbergGEPPUTrace.brecOn	NumStability.higham9_10_HessenbergGEPPUTrace.brecOn	NumStability.higham9_10_HessenbergGEPPUTrace	NumStability.higham9_10_HessenbergGEPPUTrace	compiler_generated	18878	0	18898	77	18883	10	18883	41	1F5CAD4E10037A2BF5FC78B6F126F4D389708DE8AEDA55EE36317E5B72DE8BF2	NumStability.Source.Higham.Chapter09.Section05
route	NumStability.Algorithms.HighamChapter9	NumStability.higham9_10_HessenbergGEPPUTrace.casesOn	NumStability.higham9_10_HessenbergGEPPUTrace.casesOn	NumStability.higham9_10_HessenbergGEPPUTrace	NumStability.higham9_10_HessenbergGEPPUTrace	compiler_generated	18878	0	18898	77	18883	10	18883	41	1F5CAD4E10037A2BF5FC78B6F126F4D389708DE8AEDA55EE36317E5B72DE8BF2	NumStability.Source.Higham.Chapter09.Section05
route	NumStability.Algorithms.HighamChapter9	NumStability.higham9_10_HessenbergGEPPUTrace.done	NumStability.higham9_10_HessenbergGEPPUTrace.done	NumStability.higham9_10_HessenbergGEPPUTrace	NumStability.higham9_10_HessenbergGEPPUTrace	compiler_generated	18878	0	18898	77	18883	10	18883	41	1F5CAD4E10037A2BF5FC78B6F126F4D389708DE8AEDA55EE36317E5B72DE8BF2	NumStability.Source.Higham.Chapter09.Section05
route	NumStability.Algorithms.HighamChapter9	NumStability.higham9_10_HessenbergGEPPUTrace.rec	NumStability.higham9_10_HessenbergGEPPUTrace.rec	NumStability.higham9_10_HessenbergGEPPUTrace	NumStability.higham9_10_HessenbergGEPPUTrace	compiler_generated	18878	0	18898	77	18883	10	18883	41	1F5CAD4E10037A2BF5FC78B6F126F4D389708DE8AEDA55EE36317E5B72DE8BF2	NumStability.Source.Higham.Chapter09.Section05
route	NumStability.Algorithms.HighamChapter9	NumStability.higham9_10_HessenbergGEPPUTrace.recOn	NumStability.higham9_10_HessenbergGEPPUTrace.recOn	NumStability.higham9_10_HessenbergGEPPUTrace	NumStability.higham9_10_HessenbergGEPPUTrace	compiler_generated	18878	0	18898	77	18883	10	18883	41	1F5CAD4E10037A2BF5FC78B6F126F4D389708DE8AEDA55EE36317E5B72DE8BF2	NumStability.Source.Higham.Chapter09.Section05
route	NumStability.Algorithms.HighamChapter9	NumStability.higham9_10_HessenbergGEPPUTrace.step	NumStability.higham9_10_HessenbergGEPPUTrace.step	NumStability.higham9_10_HessenbergGEPPUTrace	NumStability.higham9_10_HessenbergGEPPUTrace	compiler_generated	18878	0	18898	77	18883	10	18883	41	1F5CAD4E10037A2BF5FC78B6F126F4D389708DE8AEDA55EE36317E5B72DE8BF2	NumStability.Source.Higham.Chapter09.Section05
route	NumStability.Algorithms.HighamChapter9	NumStability.higham9_10_HessenbergGEPPUTrace_row_bound	NumStability.higham9_10_HessenbergGEPPUTrace_row_bound	NumStability.higham9_10_HessenbergGEPPUTrace_row_bound	NumStability.higham9_10_HessenbergGEPPUTrace_row_bound	authored	18928	0	18989	62	18931	8	18931	49	760F219A1F570418B2CA1A7A56A7D528AAFB742268F313F94366F972F774C5B3	NumStability.Source.Higham.Chapter09.Section05
route	NumStability.Algorithms.HighamChapter9	NumStability.higham9_10_HessenbergGEPPUTrace_upper_zero	NumStability.higham9_10_HessenbergGEPPUTrace_upper_zero	NumStability.higham9_10_HessenbergGEPPUTrace_upper_zero	NumStability.higham9_10_HessenbergGEPPUTrace_upper_zero	authored	18900	0	18926	49	18902	8	18902	50	52F844DFD794288BEC2F67798333C6F213547A01AACAE6E4EFEDAB9DABF69111	NumStability.Source.Higham.Chapter09.Section05
route	NumStability.Algorithms.HighamChapter9	NumStability.higham9_10_HessenbergStageBound	NumStability.higham9_10_HessenbergStageBound	NumStability.higham9_10_HessenbergStageBound	NumStability.higham9_10_HessenbergStageBound	authored	18676	0	18682	44	18679	4	18679	35	91A85E18A4FD09D402825701E9E69F039F8E70ABE40AFC64649883CABAC5A637	NumStability.Source.Higham.Chapter09.Section05
route	NumStability.Algorithms.HighamChapter9	NumStability.higham9_10_HessenbergStageBound_one_of_maxEntryNorm	NumStability.higham9_10_HessenbergStageBound_one_of_maxEntryNorm	NumStability.higham9_10_HessenbergStageBound_one_of_maxEntryNorm	NumStability.higham9_10_HessenbergStageBound_one_of_maxEntryNorm	authored	18800	0	18810	40	18803	8	18803	59	459CF999835FFB2A16C4CFCBC6E24275E5FF23A65CE40427B5925EDFD4A87471	NumStability.Source.Higham.Chapter09.Section05
route	NumStability.Algorithms.HighamChapter9	NumStability.higham9_10_exists_first_active_column_nonzero_of_det_ne_zero	NumStability.higham9_10_exists_first_active_column_nonzero_of_det_ne_zero	NumStability.higham9_10_exists_first_active_column_nonzero_of_det_ne_zero	NumStability.higham9_10_exists_first_active_column_nonzero_of_det_ne_zero	authored	18575	0	18588	55	18577	8	18577	68	6C113F89CFE16542A9EF68D8EE472EF17C1DA6935998C3DC4D78DD827551F1C6	NumStability.Source.Higham.Chapter09.Section05
route	NumStability.Algorithms.HighamChapter9	NumStability.higham9_10_exists_first_partialPivotChoice_pivot_ne_zero_of_det_ne_zero	NumStability.higham9_10_exists_first_partialPivotChoice_pivot_ne_zero_of_det_ne_zero	NumStability.higham9_10_exists_first_partialPivotChoice_pivot_ne_zero_of_det_ne_zero	NumStability.higham9_10_exists_first_partialPivotChoice_pivot_ne_zero_of_det_ne_zero	authored	18590	0	18602	28	18592	8	18592	79	785D02E022FC8CC13395ADE050922B0CD62EFD88B2F894EFD91B0549C0E74A75	NumStability.Source.Higham.Chapter09.Section05
route	NumStability.Algorithms.HighamChapter9	NumStability.higham9_10_hessenberg_firstColumn_nonzero_row_le_one	NumStability.higham9_10_hessenberg_firstColumn_nonzero_row_le_one	NumStability.higham9_10_hessenberg_firstColumn_nonzero_row_le_one	NumStability.higham9_10_hessenberg_firstColumn_nonzero_row_le_one	authored	18562	0	18573	30	18566	8	18566	60	EDE2361BA12E0C1F7AFB6D4D99372CB27C66322B7F8D9E09EE7588D8334D0BCB	NumStability.Source.Higham.Chapter09.Section05
route	NumStability.Algorithms.HighamChapter9	NumStability.higham9_10_hessenberg_firstPivotRowSwap_tail	NumStability.higham9_10_hessenberg_firstPivotRowSwap_tail	NumStability.higham9_10_hessenberg_firstPivotRowSwap_tail	NumStability.higham9_10_hessenberg_firstPivotRowSwap_tail	authored	18604	0	18616	53	18606	8	18606	52	9CB4993E5076447CFC4E9BFE7DE6C75001EAA08A8E885E05C0B67E2485E30419	NumStability.Source.Higham.Chapter09.Section05
route	NumStability.Algorithms.HighamChapter9	NumStability.higham9_10_hessenberg_firstSchurComplement_isUpperHessenberg	NumStability.higham9_10_hessenberg_firstSchurComplement_isUpperHessenberg	NumStability.higham9_10_hessenberg_firstSchurComplement_isUpperHessenberg	NumStability.higham9_10_hessenberg_firstSchurComplement_isUpperHessenberg	authored	18636	0	18656	9	18639	8	18639	68	9AF1F8A579827CACBD3C2F719C29FD2D536862B6F4EAA258854DDFFF220149FD	NumStability.Source.Higham.Chapter09.Section05
route	NumStability.Algorithms.HighamChapter9	NumStability.higham9_10_hessenberg_firstSchurComplement_row_bound	NumStability.higham9_10_hessenberg_firstSchurComplement_row_bound	NumStability.higham9_10_hessenberg_firstSchurComplement_row_bound	NumStability.higham9_10_hessenberg_firstSchurComplement_row_bound	authored	18658	0	18674	79	18662	8	18662	60	EF2D8195A4C619D515753BDDAE7AC1684F4DF367F2718A684077DF423A7EA454	NumStability.Source.Higham.Chapter09.Section05
route	NumStability.Algorithms.HighamChapter9	NumStability.higham9_10_hessenberg_firstSchurComplement_stageBound	NumStability.higham9_10_hessenberg_firstSchurComplement_stageBound	NumStability.higham9_10_hessenberg_firstSchurComplement_stageBound	NumStability.higham9_10_hessenberg_firstSchurComplement_stageBound	authored	18684	0	18798	43	18688	8	18688	61	DB7309ABC046FD1E402D888A1FF1FDCC048DFC069FB264855A3E8C71F8619620	NumStability.Source.Higham.Chapter09.Section05
route	NumStability.Algorithms.HighamChapter9	NumStability.higham9_10_hessenberg_firstSchurComplement_tail_rows_eq_original	NumStability.higham9_10_hessenberg_firstSchurComplement_tail_rows_eq_original	NumStability.higham9_10_hessenberg_firstSchurComplement_tail_rows_eq_original	NumStability.higham9_10_hessenberg_firstSchurComplement_tail_rows_eq_original	authored	18618	0	18634	82	18620	8	18620	72	15B828DAB5A624226276064C68695819620CE40849F3822BBCBFD11A79E17769	NumStability.Source.Higham.Chapter09.Section05
route	NumStability.Algorithms.HighamChapter9	NumStability.higham9_10_hessenberg_growthFactorEntry_le_card_of_row_bounds	NumStability.higham9_10_hessenberg_growthFactorEntry_le_card_of_row_bounds	NumStability.higham9_10_hessenberg_growthFactorEntry_le_card_of_row_bounds	NumStability.higham9_10_hessenberg_growthFactorEntry_le_card_of_row_bounds	authored	18991	0	19009	52	18998	8	18998	69	DABAF407036F851E7968C267C5EDB7FAA856CFC678C8A2C57E556453612B5E2D	NumStability.Source.Higham.Chapter09.Section05
route	NumStability.Algorithms.HighamChapter9	NumStability.higham9_10_hessenberg_growth_backward_error	NumStability.higham9_10_hessenberg_growth_backward_error	NumStability.higham9_10_hessenberg_growth_backward_error	NumStability.higham9_10_hessenberg_growth_backward_error	authored	19011	0	19022	67	19013	8	19013	51	A105BA5F68DBA5B318343B8A441151B93553A74DA41289957B844466A1B08E67	NumStability.Source.Higham.Chapter09.Section05
route	NumStability.Algorithms.HighamChapter9	NumStability.higham9_10_hessenberg_lu_solve_backward_stable_tight	NumStability.higham9_10_hessenberg_lu_solve_backward_stable_tight	NumStability.higham9_10_hessenberg_lu_solve_backward_stable_tight	NumStability.higham9_10_hessenberg_lu_solve_backward_stable_tight	authored	19024	0	19053	55	19029	8	19029	60	95EB45691BA07A551360BD47E19D5E29DEC10B1D932AA37340F825503DCEE165	NumStability.Source.Higham.Chapter09.Section05
route	NumStability.Algorithms.HighamChapter9	NumStability.higham9_11_alpha_block_eq	NumStability.higham9_11_alpha_block_eq	NumStability.higham9_11_alpha_block_eq	NumStability.higham9_11_alpha_block_eq	authored	11889	0	11905	84	11891	8	11891	33	3925D430A6A2DDFBE3BD8C61E271675D507F202A2D54FFE38F199C4AF6B23259	NumStability.Source.Higham.Chapter09.Section04
route	NumStability.Algorithms.HighamChapter9	NumStability.higham9_11_banded_growth_factor_solve_tight	NumStability.higham9_11_banded_growth_factor_solve_tight	NumStability.higham9_11_banded_growth_factor_solve_tight	NumStability.higham9_11_banded_growth_factor_solve_tight	authored	19291	0	19310	38	19293	8	19293	51	6B7539701ACD5E662BE73DDEF91F58D6EE184A5DF9E78E5EC02F84168C3D52DA	NumStability.Source.Higham.Chapter09.Section05
route	NumStability.Algorithms.HighamChapter9	NumStability.higham9_11_banded_growth_factor_solve_tight_of_growth_le	NumStability.higham9_11_banded_growth_factor_solve_tight_of_growth_le	NumStability.higham9_11_banded_growth_factor_solve_tight_of_growth_le	NumStability.higham9_11_banded_growth_factor_solve_tight_of_growth_le	authored	19312	0	19341	58	19318	8	19318	64	BC4B8F1149B5794C7E09B90429271DD2181A57D45BAED37C2219E4FA5DC4818B	NumStability.Source.Higham.Chapter09.Section05
route	NumStability.Algorithms.HighamChapter9	NumStability.higham9_11_bandwidth_five_bohte_solve_tight	NumStability.higham9_11_bandwidth_five_bohte_solve_tight	NumStability.higham9_11_bandwidth_five_bohte_solve_tight	NumStability.higham9_11_bandwidth_five_bohte_solve_tight	authored	20836	0	20861	79	20840	8	20840	51	4F1000ABA4E6DF08EE3D7167A37300B762DCAED4FC011166E90C0A972BC07798	NumStability.Source.Higham.Chapter09.Section05
route	NumStability.Algorithms.HighamChapter9	NumStability.higham9_11_bandwidth_five_bohte_solve_tight_of_growth_le	NumStability.higham9_11_bandwidth_five_bohte_solve_tight_of_growth_le	NumStability.higham9_11_bandwidth_five_bohte_solve_tight_of_growth_le	NumStability.higham9_11_bandwidth_five_bohte_solve_tight_of_growth_le	authored	20863	0	20889	40	20865	8	20865	64	4770D5F8E85135E3EB5E57C03606B061E0265C99D3FAECDF9D71A3AF564F80DA	NumStability.Source.Higham.Chapter09.Section05
route	NumStability.Algorithms.HighamChapter9	NumStability.higham9_11_bandwidth_five_bohte_solve_tight_of_isBanded	NumStability.higham9_11_bandwidth_five_bohte_solve_tight_of_isBanded	NumStability.higham9_11_bandwidth_five_bohte_solve_tight_of_isBanded	NumStability.higham9_11_bandwidth_five_bohte_solve_tight_of_isBanded	authored	20891	0	20917	79	20893	8	20893	63	DB15340937E850544C6AC130DB005BF05CE73F303630F3A19A0D96136BAFF0F4	NumStability.Source.Higham.Chapter09.Section05
route	NumStability.Algorithms.HighamChapter9	NumStability.higham9_11_bandwidth_five_bohte_solve_tight_of_isBanded_growth_le	NumStability.higham9_11_bandwidth_five_bohte_solve_tight_of_isBanded_growth_le	NumStability.higham9_11_bandwidth_five_bohte_solve_tight_of_isBanded_growth_le	NumStability.higham9_11_bandwidth_five_bohte_solve_tight_of_isBanded_growth_le	authored	20919	0	20947	40	20921	8	20921	73	87BA05313B8B35297FF477A6266F2030F214EE4C5FF3A49F9A8F2CE0A9192025	NumStability.Source.Higham.Chapter09.Section05
route	NumStability.Algorithms.HighamChapter9	NumStability.higham9_11_bandwidth_four_bohte_solve_tight	NumStability.higham9_11_bandwidth_four_bohte_solve_tight	NumStability.higham9_11_bandwidth_four_bohte_solve_tight	NumStability.higham9_11_bandwidth_four_bohte_solve_tight	authored	20722	0	20748	79	20727	8	20727	51	71EB77E21F4A29D6CA23532058B03BC4A7F1A0221B71419CC8507F1CDEC950BC	NumStability.Source.Higham.Chapter09.Section05
route	NumStability.Algorithms.HighamChapter9	NumStability.higham9_11_bandwidth_four_bohte_solve_tight_of_growth_le	NumStability.higham9_11_bandwidth_four_bohte_solve_tight_of_growth_le	NumStability.higham9_11_bandwidth_four_bohte_solve_tight_of_growth_le	NumStability.higham9_11_bandwidth_four_bohte_solve_tight_of_growth_le	authored	20750	0	20776	40	20752	8	20752	64	200C31B323CE6914A561A558CA9F151747BA759920B707FDE444E76653D5E9E9	NumStability.Source.Higham.Chapter09.Section05
route	NumStability.Algorithms.HighamChapter9	NumStability.higham9_11_bandwidth_four_bohte_solve_tight_of_isBanded	NumStability.higham9_11_bandwidth_four_bohte_solve_tight_of_isBanded	NumStability.higham9_11_bandwidth_four_bohte_solve_tight_of_isBanded	NumStability.higham9_11_bandwidth_four_bohte_solve_tight_of_isBanded	authored	20778	0	20804	79	20780	8	20780	63	04330E2F8BFADC0F60222AB45A6CC9ECE027963EC0AEFEA13BEA24A466BE610B	NumStability.Source.Higham.Chapter09.Section05
route	NumStability.Algorithms.HighamChapter9	NumStability.higham9_11_bandwidth_four_bohte_solve_tight_of_isBanded_growth_le	NumStability.higham9_11_bandwidth_four_bohte_solve_tight_of_isBanded_growth_le	NumStability.higham9_11_bandwidth_four_bohte_solve_tight_of_isBanded_growth_le	NumStability.higham9_11_bandwidth_four_bohte_solve_tight_of_isBanded_growth_le	authored	20806	0	20834	40	20808	8	20808	73	85DF10527BEBBBD2F30622C3FA36760BBB76FB63D2E708B8A04C2FEF91716D55	NumStability.Source.Higham.Chapter09.Section05
route	NumStability.Algorithms.HighamChapter9	NumStability.higham9_11_bandwidth_one_bohte_solve_tight	NumStability.higham9_11_bandwidth_one_bohte_solve_tight	NumStability.higham9_11_bandwidth_one_bohte_solve_tight	NumStability.higham9_11_bandwidth_one_bohte_solve_tight	authored	19705	0	19731	78	19710	8	19710	50	CDBF0C2B051AD0899D6910B99BD660FDAB8FB4457EBB3C4467975D57A265226B	NumStability.Source.Higham.Chapter09.Section05
route	NumStability.Algorithms.HighamChapter9	NumStability.higham9_11_bandwidth_one_bohte_solve_tight_of_growth_le	NumStability.higham9_11_bandwidth_one_bohte_solve_tight_of_growth_le	NumStability.higham9_11_bandwidth_one_bohte_solve_tight_of_growth_le	NumStability.higham9_11_bandwidth_one_bohte_solve_tight_of_growth_le	authored	19733	0	19763	40	19739	8	19739	63	9EABD23489ABF51A62627E9D39057F33C0C7D7A7EEF1AEDD459D3EEE91550F55	NumStability.Source.Higham.Chapter09.Section05
route	NumStability.Algorithms.HighamChapter9	NumStability.higham9_11_bandwidth_one_bohte_solve_tight_of_isBanded	NumStability.higham9_11_bandwidth_one_bohte_solve_tight_of_isBanded	NumStability.higham9_11_bandwidth_one_bohte_solve_tight_of_isBanded	NumStability.higham9_11_bandwidth_one_bohte_solve_tight_of_isBanded	authored	19765	0	19794	68	19770	8	19770	62	89894F985B4761D50F6813EF14CA1A18A51A474AB7F60E7FED50857E9FF84568	NumStability.Source.Higham.Chapter09.Section05
route	NumStability.Algorithms.HighamChapter9	NumStability.higham9_11_bandwidth_one_bohte_solve_tight_of_isBanded_growth_le	NumStability.higham9_11_bandwidth_one_bohte_solve_tight_of_isBanded_growth_le	NumStability.higham9_11_bandwidth_one_bohte_solve_tight_of_isBanded_growth_le	NumStability.higham9_11_bandwidth_one_bohte_solve_tight_of_isBanded_growth_le	authored	19796	0	19828	40	19802	8	19802	72	2073E29F9387D89A435B327E96A8747BBF03B5ECD3732919E85E6615775E546F	NumStability.Source.Higham.Chapter09.Section05
route	NumStability.Algorithms.HighamChapter9	NumStability.higham9_11_bandwidth_three_bohte_solve_tight	NumStability.higham9_11_bandwidth_three_bohte_solve_tight	NumStability.higham9_11_bandwidth_three_bohte_solve_tight	NumStability.higham9_11_bandwidth_three_bohte_solve_tight	authored	20609	0	20634	80	20613	8	20613	52	F46F4F92DC00A7E2653F25B9D66E3BE46BEB895B7CB5F6E303D455EE81E592E1	NumStability.Source.Higham.Chapter09.Section05
route	NumStability.Algorithms.HighamChapter9	NumStability.higham9_11_bandwidth_three_bohte_solve_tight_of_growth_le	NumStability.higham9_11_bandwidth_three_bohte_solve_tight_of_growth_le	NumStability.higham9_11_bandwidth_three_bohte_solve_tight_of_growth_le	NumStability.higham9_11_bandwidth_three_bohte_solve_tight_of_growth_le	authored	20636	0	20662	40	20638	8	20638	65	F4738DEF9C6F30CB075F174A00C825FFCC93130824BAC6D4FE046219FA555F7F	NumStability.Source.Higham.Chapter09.Section05
route	NumStability.Algorithms.HighamChapter9	NumStability.higham9_11_bandwidth_three_bohte_solve_tight_of_isBanded	NumStability.higham9_11_bandwidth_three_bohte_solve_tight_of_isBanded	NumStability.higham9_11_bandwidth_three_bohte_solve_tight_of_isBanded	NumStability.higham9_11_bandwidth_three_bohte_solve_tight_of_isBanded	authored	20664	0	20690	80	20666	8	20666	64	A4B576EF6558182F6F1EC185892D0F7C915E13400721D1F2EA3899616AB0526D	NumStability.Source.Higham.Chapter09.Section05
route	NumStability.Algorithms.HighamChapter9	NumStability.higham9_11_bandwidth_three_bohte_solve_tight_of_isBanded_growth_le	NumStability.higham9_11_bandwidth_three_bohte_solve_tight_of_isBanded_growth_le	NumStability.higham9_11_bandwidth_three_bohte_solve_tight_of_isBanded_growth_le	NumStability.higham9_11_bandwidth_three_bohte_solve_tight_of_isBanded_growth_le	authored	20692	0	20720	40	20694	8	20694	74	C77D1BD012FFE9B4479405AD576572AE060EDE665F63351CA89AC123005A7547	NumStability.Source.Higham.Chapter09.Section05
route	NumStability.Algorithms.HighamChapter9	NumStability.higham9_11_bandwidth_two_bohte_solve_tight	NumStability.higham9_11_bandwidth_two_bohte_solve_tight	NumStability.higham9_11_bandwidth_two_bohte_solve_tight	NumStability.higham9_11_bandwidth_two_bohte_solve_tight	authored	20281	0	20307	78	20286	8	20286	50	3CBDF761DEF2B4535FA336360B8A0D2BE8422E411C5992896C453030A037DB18	NumStability.Source.Higham.Chapter09.Section05
route	NumStability.Algorithms.HighamChapter9	NumStability.higham9_11_bandwidth_two_bohte_solve_tight_of_growth_le	NumStability.higham9_11_bandwidth_two_bohte_solve_tight_of_growth_le	NumStability.higham9_11_bandwidth_two_bohte_solve_tight_of_growth_le	NumStability.higham9_11_bandwidth_two_bohte_solve_tight_of_growth_le	authored	20309	0	20335	40	20311	8	20311	63	14E49EC637A15BD614A63B1453756E70FA51A7DA5DFF90D70558C8981DB62B4A	NumStability.Source.Higham.Chapter09.Section05
route	NumStability.Algorithms.HighamChapter9	NumStability.higham9_11_bandwidth_two_bohte_solve_tight_of_isBanded	NumStability.higham9_11_bandwidth_two_bohte_solve_tight_of_isBanded	NumStability.higham9_11_bandwidth_two_bohte_solve_tight_of_isBanded	NumStability.higham9_11_bandwidth_two_bohte_solve_tight_of_isBanded	authored	20337	0	20366	78	20342	8	20342	62	F1CF8796010BF0F2C36F7BF0FC5A29E6AA6090E422245A3552DDB714F0994DF7	NumStability.Source.Higham.Chapter09.Section05
route	NumStability.Algorithms.HighamChapter9	NumStability.higham9_11_bandwidth_two_bohte_solve_tight_of_isBanded_growth_le	NumStability.higham9_11_bandwidth_two_bohte_solve_tight_of_isBanded_growth_le	NumStability.higham9_11_bandwidth_two_bohte_solve_tight_of_isBanded_growth_le	NumStability.higham9_11_bandwidth_two_bohte_solve_tight_of_isBanded_growth_le	authored	20368	0	20396	40	20370	8	20370	72	F9373FA06B28AF9A3CFEA9B0F3C3B993D76C76A3D4FA318C7F0FAD5E1C92F77D	NumStability.Source.Higham.Chapter09.Section05
route	NumStability.Algorithms.HighamChapter9	NumStability.higham9_11_beta_blockInv_eq	NumStability.higham9_11_beta_blockInv_eq	NumStability.higham9_11_beta_blockInv_eq	NumStability.higham9_11_beta_blockInv_eq	authored	11953	0	11970	38	11955	8	11955	35	5FCA98CE945000D8BD19C84CFCD4D58DD332F9334F2A62E39DE817CB9806A29F	NumStability.Source.Higham.Chapter09.Section04
route	NumStability.Algorithms.HighamChapter9	NumStability.higham9_11_blockInverseCandidate	NumStability.higham9_11_blockInverseCandidate	NumStability.higham9_11_blockInverseCandidate	NumStability.higham9_11_blockInverseCandidate	authored	11453	0	11457	71	11455	18	11455	50	858BCFB0C80429FA0D053BD513693328D4D45A9D3685CF9633EB9F0533F626EF	NumStability.Source.Higham.Chapter09.Section04
route	NumStability.Algorithms.HighamChapter9	NumStability.higham9_11_blockInverseCandidate_abs	NumStability.higham9_11_blockInverseCandidate_abs	NumStability.higham9_11_blockInverseCandidate_abs	NumStability.higham9_11_blockInverseCandidate_abs	authored	11620	0	11626	10	11620	6	11620	42	4CC1CE9F419CF41C132BCAE921B50BCA62EACBBFD5206B74AD217D1263147B26	NumStability.Source.Higham.Chapter09.Section04
route	NumStability.Algorithms.HighamChapter9	NumStability.higham9_11_blockInverseCandidate_block_max_eq	NumStability.higham9_11_blockInverseCandidate_block_max_eq	NumStability.higham9_11_blockInverseCandidate_block_max_eq	NumStability.higham9_11_blockInverseCandidate_block_max_eq	authored	11916	0	11951	12	11916	6	11916	51	19E03460A244DC3CE77F40F6040DE79B194F7EE4CB045A69AAC64021849C00B4	NumStability.Source.Higham.Chapter09.Section04
route	NumStability.Algorithms.HighamChapter9	NumStability.higham9_11_blockInverseCandidate_left	NumStability.higham9_11_blockInverseCandidate_left	NumStability.higham9_11_blockInverseCandidate_left	NumStability.higham9_11_blockInverseCandidate_left	authored	11646	0	11720	78	11648	8	11648	45	5CD2A2E7AA06FE62376CF4527A5878A7F354C44A263B9250D29F2CAF25A0F6B0	NumStability.Source.Higham.Chapter09.Section04
route	NumStability.Algorithms.HighamChapter9	NumStability.higham9_11_blockInverseCandidate_right	NumStability.higham9_11_blockInverseCandidate_right	NumStability.higham9_11_blockInverseCandidate_right	NumStability.higham9_11_blockInverseCandidate_right	authored	11722	0	11796	78	11724	8	11724	46	A87CB5A471A99EF09F1CA0F532C8FE2F10CF719FE12A300B27CBECC024C9FA9D	NumStability.Source.Higham.Chapter09.Section04
route	NumStability.Algorithms.HighamChapter9	NumStability.higham9_11_blockMatrix	NumStability.higham9_11_blockMatrix	NumStability.higham9_11_blockMatrix	NumStability.higham9_11_blockMatrix	authored	11447	0	11451	80	11449	4	11449	26	D570DB23235920D835A05954D40B7D671F4AD6253F48E76229F3D11A7868EF4F	NumStability.Source.Higham.Chapter09.Section04
route	NumStability.Algorithms.HighamChapter9	NumStability.higham9_11_blockMatrix_abs	NumStability.higham9_11_blockMatrix_abs	NumStability.higham9_11_blockMatrix_abs	NumStability.higham9_11_blockMatrix_abs	authored	11612	0	11618	12	11612	6	11612	32	BBA1F29FE0BA1CDC578E632DF9A3342B707CD205DE991183A478D56B7C6092CF	NumStability.Source.Higham.Chapter09.Section04
route	NumStability.Algorithms.HighamChapter9	NumStability.higham9_11_blockMatrix_block_max_eq	NumStability.higham9_11_blockMatrix_block_max_eq	NumStability.higham9_11_blockMatrix_block_max_eq	NumStability.higham9_11_blockMatrix_block_max_eq	authored	11870	0	11887	41	11870	6	11870	41	234921A6D2725C6C88458D93EFA63E1853EC09F8B87EC335EC3BDADB4D79F4AC	NumStability.Source.Higham.Chapter09.Section04
route	NumStability.Algorithms.HighamChapter9	NumStability.higham9_11_bohteBound	NumStability.higham9_11_bohteBound	NumStability.higham9_11_bohteBound	NumStability.higham9_11_bohteBound	authored	19055	0	19066	59	19065	18	19065	39	0ABA627385815CFB0B7E165079F91B8FA0C55F74C984655957B3663B3D982D63	NumStability.Source.Higham.Chapter09.Section05
route	NumStability.Algorithms.HighamChapter9	NumStability.higham9_11_bohteBound_add_three_eq	NumStability.higham9_11_bohteBound_add_three_eq	NumStability.higham9_11_bohteBound_add_three_eq	NumStability.higham9_11_bohteBound_add_three_eq	authored	19220	0	19236	6	19224	8	19224	42	63DE0B558484D338BD47D6AECAE4CCA30711656812DF6E5F391CDFD4035F1230	NumStability.Source.Higham.Chapter09.Section05
route	NumStability.Algorithms.HighamChapter9	NumStability.higham9_11_bohteBound_bandwidth_five_formula	NumStability.higham9_11_bohteBound_bandwidth_five_formula	NumStability.higham9_11_bohteBound_bandwidth_five_formula	NumStability.higham9_11_bohteBound_bandwidth_five_formula	authored	19114	0	19120	5	19117	8	19117	52	3D75690F3E9505065D653A1418087893F9B899812DFA2370BE54C21C5501FF6B	NumStability.Source.Higham.Chapter09.Section05
route	NumStability.Algorithms.HighamChapter9	NumStability.higham9_11_bohteBound_bandwidth_four_formula	NumStability.higham9_11_bohteBound_bandwidth_four_formula	NumStability.higham9_11_bohteBound_bandwidth_four_formula	NumStability.higham9_11_bohteBound_bandwidth_four_formula	authored	19105	0	19112	5	19109	8	19109	52	2A25F9C642C44728CAE1405EE59079AB777272FB39679846B4F93B96C30BC1C4	NumStability.Source.Higham.Chapter09.Section05
route	NumStability.Algorithms.HighamChapter9	NumStability.higham9_11_bohteBound_bandwidth_one_formula	NumStability.higham9_11_bohteBound_bandwidth_one_formula	NumStability.higham9_11_bohteBound_bandwidth_one_formula	NumStability.higham9_11_bohteBound_bandwidth_one_formula	authored	19075	0	19080	35	19078	8	19078	51	7CEE2D67BD0864258643577955234828A1E9B20340C2E53292D00D1E1DED07B7	NumStability.Source.Higham.Chapter09.Section05
route	NumStability.Algorithms.HighamChapter9	NumStability.higham9_11_bohteBound_bandwidth_three_formula	NumStability.higham9_11_bohteBound_bandwidth_three_formula	NumStability.higham9_11_bohteBound_bandwidth_three_formula	NumStability.higham9_11_bohteBound_bandwidth_three_formula	authored	19097	0	19103	5	19100	8	19100	53	69F2D36F6109B5EFA701E2E4AA0BF5D2BF9ACF92F24AE74D3C0AAAD975216EF1	NumStability.Source.Higham.Chapter09.Section05
route	NumStability.Algorithms.HighamChapter9	NumStability.higham9_11_bohteBound_bandwidth_two_formula	NumStability.higham9_11_bohteBound_bandwidth_two_formula	NumStability.higham9_11_bohteBound_bandwidth_two_formula	NumStability.higham9_11_bohteBound_bandwidth_two_formula	authored	19090	0	19095	45	19093	8	19093	51	25F12D1E13DBFE78A7CFF2850B33A3847EE43730577BB0508CAA994B4EA3856B	NumStability.Source.Higham.Chapter09.Section05
route	NumStability.Algorithms.HighamChapter9	NumStability.higham9_11_bohteBound_ge_one	NumStability.higham9_11_bohteBound_ge_one	NumStability.higham9_11_bohteBound_ge_one	NumStability.higham9_11_bohteBound_ge_one	authored	19213	0	19218	36	19215	8	19215	36	F0BAEF8C9D2CC34D5BA882D57BF557A00B7C7F5AEC86F0E45159CF4C3AAEA191	NumStability.Source.Higham.Chapter09.Section05
route	NumStability.Algorithms.HighamChapter9	NumStability.higham9_11_bohteBound_ge_two	NumStability.higham9_11_bohteBound_ge_two	NumStability.higham9_11_bohteBound_ge_two	NumStability.higham9_11_bohteBound_ge_two	authored	19160	0	19204	18	19166	8	19166	36	F2A77D89A658D74034AA9253AF9E1E65B56715F3D640657C4B6C2665E69D30FB	NumStability.Source.Higham.Chapter09.Section05
route	NumStability.Algorithms.HighamChapter9	NumStability.higham9_11_bohteBound_le_add_three	NumStability.higham9_11_bohteBound_le_add_three	NumStability.higham9_11_bohteBound_le_add_three	NumStability.higham9_11_bohteBound_le_add_three	authored	19248	0	19258	62	19251	8	19251	42	C405307E08C3A13213D056328A3971F3300E143E1CB0400ABA8CC3091DF1DC9F	NumStability.Source.Higham.Chapter09.Section05
route	NumStability.Algorithms.HighamChapter9	NumStability.higham9_11_bohteBound_le_of_le	NumStability.higham9_11_bohteBound_le_of_le	NumStability.higham9_11_bohteBound_le_of_le	NumStability.higham9_11_bohteBound_le_of_le	authored	19286	0	19289	36	19287	8	19287	38	BCDB3CEF33438A94A6E8E35E9CD5A6D4D3B3EC5A13F8A90B74C17F1BC560AB42	NumStability.Source.Higham.Chapter09.Section05
route	NumStability.Algorithms.HighamChapter9	NumStability.higham9_11_bohteBound_le_succ	NumStability.higham9_11_bohteBound_le_succ	NumStability.higham9_11_bohteBound_le_succ	NumStability.higham9_11_bohteBound_le_succ	authored	19260	0	19277	48	19264	8	19264	37	6871085008E34CC236C849DBF911A6A6D3E537A01740EA34535ED947D99CCCB3	NumStability.Source.Higham.Chapter09.Section05
route	NumStability.Algorithms.HighamChapter9	NumStability.higham9_11_bohteBound_monotone	NumStability.higham9_11_bohteBound_monotone	NumStability.higham9_11_bohteBound_monotone	NumStability.higham9_11_bohteBound_monotone	authored	19279	0	19284	55	19282	8	19282	38	DA96228F115418DE20FF0EC69C3126FD4F2ACA0A8A727CE4F356BB36400FF1E2	NumStability.Source.Higham.Chapter09.Section05
route	NumStability.Algorithms.HighamChapter9	NumStability.higham9_11_bohteBound_nonneg	NumStability.higham9_11_bohteBound_nonneg	NumStability.higham9_11_bohteBound_nonneg	NumStability.higham9_11_bohteBound_nonneg	authored	19130	0	19158	72	19134	8	19134	36	B1C5074FE6EC81A5194E79BFA03CB48C7A6193633BEC96AACE53DEF602C703B9	NumStability.Source.Higham.Chapter09.Section05
route	NumStability.Algorithms.HighamChapter9	NumStability.higham9_11_bohteBound_pentadiagonal_formula	NumStability.higham9_11_bohteBound_pentadiagonal_formula	NumStability.higham9_11_bohteBound_pentadiagonal_formula	NumStability.higham9_11_bohteBound_pentadiagonal_formula	authored	19082	0	19088	5	19085	8	19085	51	8BCD4F80AEE560E121D3D73863C12983430B7056B38D16A5983BDAFAFA41DBE2	NumStability.Source.Higham.Chapter09.Section05
route	NumStability.Algorithms.HighamChapter9	NumStability.higham9_11_bohteBound_pos	NumStability.higham9_11_bohteBound_pos	NumStability.higham9_11_bohteBound_pos	NumStability.higham9_11_bohteBound_pos	authored	19206	0	19211	36	19208	8	19208	33	35E5A7C0530AD7291E029F20CD725D781FED297933154FB0C1365F5AE99BEDF3	NumStability.Source.Higham.Chapter09.Section05
route	NumStability.Algorithms.HighamChapter9	NumStability.higham9_11_bohteBound_quad_le_add_three	NumStability.higham9_11_bohteBound_quad_le_add_three	NumStability.higham9_11_bohteBound_quad_le_add_three	NumStability.higham9_11_bohteBound_quad_le_add_three	authored	19238	0	19246	71	19242	8	19242	47	13B4AEB18F827FD6CB038545298ADE8499C53F7E3FEB9959742DC2062C68398B	NumStability.Source.Higham.Chapter09.Section05
route	NumStability.Algorithms.HighamChapter9	NumStability.higham9_11_bohteBound_tridiagonal	NumStability.higham9_11_bohteBound_tridiagonal	NumStability.higham9_11_bohteBound_tridiagonal	NumStability.higham9_11_bohteBound_tridiagonal	authored	19068	0	19073	5	19070	8	19070	41	F15D23FDF2C1A281406C669B39B9F386CA99CCE0CBD44220EA181349ED07BA38	NumStability.Source.Higham.Chapter09.Section05
route	NumStability.Algorithms.HighamChapter9	NumStability.higham9_11_bohteBound_zero	NumStability.higham9_11_bohteBound_zero	NumStability.higham9_11_bohteBound_zero	NumStability.higham9_11_bohteBound_zero	authored	19122	0	19128	5	19125	8	19125	34	392E2A61FC9D9E467A76529C7346DA89BFC68F37A5CA39DD1D108E3A10567C19	NumStability.Source.Higham.Chapter09.Section05
route	NumStability.Algorithms.HighamChapter9	NumStability.higham9_11_bohte_banded_solve_tight	NumStability.higham9_11_bohte_banded_solve_tight	NumStability.higham9_11_bohte_banded_solve_tight	NumStability.higham9_11_bohte_banded_solve_tight	authored	19343	0	19366	38	19347	8	19347	43	6D862B9BBAC7469E9C1D9D2CDD84E9C7EA4F6B79276C47DD0597EF8169F717E6	NumStability.Source.Higham.Chapter09.Section05
route	NumStability.Algorithms.HighamChapter9	NumStability.higham9_11_bohte_banded_solve_tight_of_bandwidth_le	NumStability.higham9_11_bohte_banded_solve_tight_of_bandwidth_le	NumStability.higham9_11_bohte_banded_solve_tight_of_bandwidth_le	NumStability.higham9_11_bohte_banded_solve_tight_of_bandwidth_le	authored	19401	0	19427	38	19406	8	19406	59	443B59D319C7A0CC05D1F6288D96BE4921102C1A67C7B316DA59987CB213DE9B	NumStability.Source.Higham.Chapter09.Section05
route	NumStability.Algorithms.HighamChapter9	NumStability.higham9_11_bohte_banded_solve_tight_of_growth_le	NumStability.higham9_11_bohte_banded_solve_tight_of_growth_le	NumStability.higham9_11_bohte_banded_solve_tight_of_growth_le	NumStability.higham9_11_bohte_banded_solve_tight_of_growth_le	authored	19368	0	19399	58	19375	8	19375	56	1DDDBDCDC21B16EA5F1B9F1EE1C20F1D81620C553BF281273B0692CC3C64CF15	NumStability.Source.Higham.Chapter09.Section05
route	NumStability.Algorithms.HighamChapter9	NumStability.higham9_11_bohte_banded_solve_tight_of_isBanded_common	NumStability.higham9_11_bohte_banded_solve_tight_of_isBanded_common	NumStability.higham9_11_bohte_banded_solve_tight_of_isBanded_common	NumStability.higham9_11_bohte_banded_solve_tight_of_isBanded_common	authored	19429	0	19458	38	19435	8	19435	62	7F36B672F3F047F0633BB51549C768B863B83C38AD71A9DF818782DB97D18CDF	NumStability.Source.Higham.Chapter09.Section05
route	NumStability.Algorithms.HighamChapter9	NumStability.higham9_11_bohte_banded_solve_tight_of_isBanded_common_growth_le	NumStability.higham9_11_bohte_banded_solve_tight_of_isBanded_common_growth_le	NumStability.higham9_11_bohte_banded_solve_tight_of_isBanded_common_growth_le	NumStability.higham9_11_bohte_banded_solve_tight_of_isBanded_common_growth_le	authored	19460	0	19494	13	19467	8	19467	72	9C5DDAE1BD7C67C4D2A18CC8FA4E2602E2074EFBAB0559BE7B530CB1E6D00393	NumStability.Source.Higham.Chapter09.Section05
route	NumStability.Algorithms.HighamChapter9	NumStability.higham9_11_complete_pivoting_lower_bound_consequence	NumStability.higham9_11_complete_pivoting_lower_bound_consequence	NumStability.higham9_11_complete_pivoting_lower_bound_consequence	NumStability.higham9_11_complete_pivoting_lower_bound_consequence	authored	12038	0	12047	10	12041	8	12041	60	A7D7751E6CDE28E56921CE175FA8E48891537D780EE79B5B4123B2F8E3A0033D	NumStability.Source.Higham.Chapter09.Section04
route	NumStability.Algorithms.HighamChapter9	NumStability.higham9_11_complete_pivoting_lower_bound_consequence_le	NumStability.higham9_11_complete_pivoting_lower_bound_consequence_le	NumStability.higham9_11_complete_pivoting_lower_bound_consequence_le	NumStability.higham9_11_complete_pivoting_lower_bound_consequence_le	authored	12049	0	12058	10	12052	8	12052	63	E4DBBC47139C59C5107A3A86135C5C7CB386BF06A3DD84C7866A8A9203F2DA0B	NumStability.Source.Higham.Chapter09.Section04
route	NumStability.Algorithms.HighamChapter9	NumStability.higham9_11_complete_pivoting_lower_bound_from_flattened_sine_block	NumStability.higham9_11_complete_pivoting_lower_bound_from_flattened_sine_block	NumStability.higham9_11_complete_pivoting_lower_bound_from_flattened_sine_block	NumStability.higham9_11_complete_pivoting_lower_bound_from_flattened_sine_block	authored	13058	0	13089	11	13064	8	13064	74	27A92F3E9140B436E4286D1EF297B829602AA2181424F5EC6FF607CCD77E06F0	NumStability.Source.Higham.Chapter09.Section04
route	NumStability.Algorithms.HighamChapter9	NumStability.higham9_11_complete_pivoting_lower_bound_from_flattened_sine_block_maxEntry	NumStability.higham9_11_complete_pivoting_lower_bound_from_flattened_sine_block_maxEntry	NumStability.higham9_11_complete_pivoting_lower_bound_from_flattened_sine_block_maxEntry	NumStability.higham9_11_complete_pivoting_lower_bound_from_flattened_sine_block_maxEntry	authored	13091	0	13116	81	13098	8	13098	83	4B0A2C9CF8126592AD8138899C2EF0124088414C59BC782E8EF3470E6F86406D	NumStability.Source.Higham.Chapter09.Section04
route	NumStability.Algorithms.HighamChapter9	NumStability.higham9_11_complete_pivoting_lower_bound_from_sine_block_theta	NumStability.higham9_11_complete_pivoting_lower_bound_from_sine_block_theta	NumStability.higham9_11_complete_pivoting_lower_bound_from_sine_block_theta	NumStability.higham9_11_complete_pivoting_lower_bound_from_sine_block_theta	authored	12019	0	12036	80	12025	8	12025	70	66C2013994E72B07B48B5FBC618A903CDF4144C6D1AC9F719E5ADD22EF003DA0	NumStability.Source.Higham.Chapter09.Section04
route	NumStability.Algorithms.HighamChapter9	NumStability.higham9_11_complete_pivoting_lower_bound_from_witness	NumStability.higham9_11_complete_pivoting_lower_bound_from_witness	NumStability.higham9_11_complete_pivoting_lower_bound_from_witness	NumStability.higham9_11_complete_pivoting_lower_bound_from_witness	authored	13022	0	13037	78	13026	8	13026	61	D95257841C931D0271E39B09BEBFC04CE6AFCFD42EB59B7856BE72E69DE809EC	NumStability.Source.Higham.Chapter09.Section04
route	NumStability.Algorithms.HighamChapter9	NumStability.higham9_11_complete_pivoting_lower_bound_from_witness_le	NumStability.higham9_11_complete_pivoting_lower_bound_from_witness_le	NumStability.higham9_11_complete_pivoting_lower_bound_from_witness_le	NumStability.higham9_11_complete_pivoting_lower_bound_from_witness_le	authored	13039	0	13056	78	13045	8	13045	64	A0CFD544CF62BE2C6A483AB7418B86584E072FF09EAE4A244A384F54A5C8590C	NumStability.Source.Higham.Chapter09.Section04
route	NumStability.Algorithms.HighamChapter9	NumStability.higham9_11_flatBlockEquiv	NumStability.higham9_11_flatBlockEquiv	NumStability.higham9_11_flatBlockEquiv	NumStability.higham9_11_flatBlockEquiv	authored	11545	0	11559	72	11547	18	11547	43	894C465590B475F605DEA5D3924AAC23ED4D36B982ACE218819BBB4B729EBD5D	NumStability.Source.Higham.Chapter09.Section04
route	NumStability.Algorithms.HighamChapter9	NumStability.higham9_11_flatBlockIndex	NumStability.higham9_11_flatBlockIndex	NumStability.higham9_11_flatBlockIndex	NumStability.higham9_11_flatBlockIndex	authored	11459	0	11462	28	11461	4	11461	29	43527AB3E717F0873E9BD48D6EC1DDEF065AD5BD4FE71043A135CE4676DDC3A1	NumStability.Source.Higham.Chapter09.Section04
route	NumStability.Algorithms.HighamChapter9	NumStability.higham9_11_flatBlockIndex_flatIndexOfBlock	NumStability.higham9_11_flatBlockIndex_flatIndexOfBlock	NumStability.higham9_11_flatBlockIndex_flatIndexOfBlock	NumStability.higham9_11_flatBlockIndex_flatIndexOfBlock	authored	11494	0	11499	65	11494	6	11494	48	70AE90CBC30BB0C4413AB9DB2609CC16F393395CFA85F9124A128AB47CF0A121	NumStability.Source.Higham.Chapter09.Section04
route	NumStability.Algorithms.HighamChapter9	NumStability.higham9_11_flatBlockInner_eq_iff	NumStability.higham9_11_flatBlockInner_eq_iff	NumStability.higham9_11_flatBlockInner_eq_iff	NumStability.higham9_11_flatBlockInner_eq_iff	authored	11523	0	11543	20	11523	6	11523	38	582921E4104718B26A5770D8F2A9CC6F05487154E2D2579682DD668D2D9EFE65	NumStability.Source.Higham.Chapter09.Section04
route	NumStability.Algorithms.HighamChapter9	NumStability.higham9_11_flatIndexOfBlock	NumStability.higham9_11_flatIndexOfBlock	NumStability.higham9_11_flatIndexOfBlock	NumStability.higham9_11_flatIndexOfBlock	authored	11485	0	11492	36	11488	4	11488	31	CAB7234ADA72C1A4B69C879500F443AAB3DCD42723E2B86DE4AB10126B0AE9E3	NumStability.Source.Higham.Chapter09.Section04
route	NumStability.Algorithms.HighamChapter9	NumStability.higham9_11_flatIndexOfBlock_flatBlockIndex_flatInnerIndex	NumStability.higham9_11_flatIndexOfBlock_flatBlockIndex_flatInnerIndex	NumStability.higham9_11_flatIndexOfBlock_flatBlockIndex_flatInnerIndex	NumStability.higham9_11_flatIndexOfBlock_flatBlockIndex_flatInnerIndex	authored	11510	0	11521	9	11510	6	11510	63	F59AD4FB00331EF73CA56B48CCEC784B85297052F1BB290924C8C7680DB25112	NumStability.Source.Higham.Chapter09.Section04
route	NumStability.Algorithms.HighamChapter9	NumStability.higham9_11_flatInnerIndex	NumStability.higham9_11_flatInnerIndex	NumStability.higham9_11_flatInnerIndex	NumStability.higham9_11_flatInnerIndex	authored	11464	0	11473	12	11466	4	11466	29	5D40FF696B8956F57AD2211459619385A0BA6195CA02C4EC27EF05930DA68371	NumStability.Source.Higham.Chapter09.Section04
route	NumStability.Algorithms.HighamChapter9	NumStability.higham9_11_flatInnerIndex_flatIndexOfBlock	NumStability.higham9_11_flatInnerIndex_flatIndexOfBlock	NumStability.higham9_11_flatInnerIndex_flatIndexOfBlock	NumStability.higham9_11_flatInnerIndex_flatIndexOfBlock	authored	11501	0	11508	65	11501	6	11501	48	288BB9CFEBDA9372C266CFFAF2D89AB0D717B63249F1E962D9EBB28E1F665A79	NumStability.Source.Higham.Chapter09.Section04
route	NumStability.Algorithms.HighamChapter9	NumStability.higham9_11_flattenTwoBlock	NumStability.higham9_11_flattenTwoBlock	NumStability.higham9_11_flattenTwoBlock	NumStability.higham9_11_flattenTwoBlock	authored	11475	0	11483	71	11478	4	11478	30	828D73433043A02AF86FBF789B8B498A91A914F90B6E9E171B22F82C9ECBB188	NumStability.Source.Higham.Chapter09.Section04
route	NumStability.Algorithms.HighamChapter9	NumStability.higham9_11_flattenTwoBlock_entry_flatIndexOfBlock	NumStability.higham9_11_flattenTwoBlock_entry_flatIndexOfBlock	NumStability.higham9_11_flattenTwoBlock_entry_flatIndexOfBlock	NumStability.higham9_11_flattenTwoBlock_entry_flatIndexOfBlock	authored	11561	0	11570	47	11561	6	11561	55	97D45D6214BFB4C5A2A92D47B39D8D12B526B0E1CD135EBC5AF41BCDE8BBFD48	NumStability.Source.Higham.Chapter09.Section04
route	NumStability.Algorithms.HighamChapter9	NumStability.higham9_11_flattenTwoBlock_matMul_entry	NumStability.higham9_11_flattenTwoBlock_matMul_entry	NumStability.higham9_11_flattenTwoBlock_matMul_entry	NumStability.higham9_11_flattenTwoBlock_matMul_entry	authored	11798	0	11819	47	11800	8	11800	47	3FD9C98AA8CF01464EE6AD335A0C9ACBE539F490C66E39541A6F155827B8B950	NumStability.Source.Higham.Chapter09.Section04
route	NumStability.Algorithms.HighamChapter9	NumStability.higham9_11_flattenTwoBlock_maxEntryNorm_eq_blockMaxNorm	NumStability.higham9_11_flattenTwoBlock_maxEntryNorm_eq_blockMaxNorm	NumStability.higham9_11_flattenTwoBlock_maxEntryNorm_eq_blockMaxNorm	NumStability.higham9_11_flattenTwoBlock_maxEntryNorm_eq_blockMaxNorm	authored	11572	0	11610	69	11574	8	11574	63	22F8B6374E49575941AD859074D14E816EAFB6AC45178DE366F0EABCDCA117D6	NumStability.Source.Higham.Chapter09.Section04
route	NumStability.Algorithms.HighamChapter9	NumStability.higham9_11_flattenTwoBlock_right_inverse	NumStability.higham9_11_flattenTwoBlock_right_inverse	NumStability.higham9_11_flattenTwoBlock_right_inverse	NumStability.higham9_11_flattenTwoBlock_right_inverse	authored	11821	0	11853	20	11823	8	11823	48	D8CA14E2BB4291F48E9ECF443DB59E73FDE69507E96F57B9385B355FD2CBF5B1	NumStability.Source.Higham.Chapter09.Section04
route	NumStability.Algorithms.HighamChapter9	NumStability.higham9_11_flatten_blockInverseCandidate_maxEntryNorm_eq	NumStability.higham9_11_flatten_blockInverseCandidate_maxEntryNorm_eq	NumStability.higham9_11_flatten_blockInverseCandidate_maxEntryNorm_eq	NumStability.higham9_11_flatten_blockInverseCandidate_maxEntryNorm_eq	authored	11972	0	11980	83	11974	8	11974	64	7B9F55CCFBFA5B69D6ED99752DC79BA220250A9F11E2F79E35EBDAA60D86D856	NumStability.Source.Higham.Chapter09.Section04
route	NumStability.Algorithms.HighamChapter9	NumStability.higham9_11_flatten_blockMatrix_maxEntryNorm_eq	NumStability.higham9_11_flatten_blockMatrix_maxEntryNorm_eq	NumStability.higham9_11_flatten_blockMatrix_maxEntryNorm_eq	NumStability.higham9_11_flatten_blockMatrix_maxEntryNorm_eq	authored	11907	0	11914	63	11908	8	11908	54	7E86AF1D2ED9B6BC548A8D3D7867B59EEA88958FC306ABFB9A161657E9F67EB1	NumStability.Source.Higham.Chapter09.Section04
route	NumStability.Algorithms.HighamChapter9	NumStability.higham9_11_matrix_banded_growth_factor_solve_tight	NumStability.higham9_11_matrix_banded_growth_factor_solve_tight	NumStability.higham9_11_matrix_banded_growth_factor_solve_tight	NumStability.higham9_11_matrix_banded_growth_factor_solve_tight	authored	19496	0	19524	54	19502	8	19502	58	5576432C052BBDA7A17845AD230FA81C4A7FA29C95749B8400DB074B8C0AF7F8	NumStability.Source.Higham.Chapter09.Section05
route	NumStability.Algorithms.HighamChapter9	NumStability.higham9_11_matrix_banded_growth_factor_solve_tight_of_growth_le	NumStability.higham9_11_matrix_banded_growth_factor_solve_tight_of_growth_le	NumStability.higham9_11_matrix_banded_growth_factor_solve_tight_of_growth_le	NumStability.higham9_11_matrix_banded_growth_factor_solve_tight_of_growth_le	authored	19526	0	19554	54	19528	8	19528	71	2F2284CF836862D8B491BAB62579ACF84B7557900A6C632C284B22058FD3EA62	NumStability.Source.Higham.Chapter09.Section05
route	NumStability.Algorithms.HighamChapter9	NumStability.higham9_11_matrix_bandwidth_five_bohte_solve_tight	NumStability.higham9_11_matrix_bandwidth_five_bohte_solve_tight	NumStability.higham9_11_matrix_bandwidth_five_bohte_solve_tight	NumStability.higham9_11_matrix_bandwidth_five_bohte_solve_tight	authored	21173	0	21197	79	21175	8	21175	58	8971AD34FCF52BFD2457D24F21D2AD5C0C62A4F1E4EE19886F07A8F0171564AE	NumStability.Source.Higham.Chapter09.Section05
route	NumStability.Algorithms.HighamChapter9	NumStability.higham9_11_matrix_bandwidth_five_bohte_solve_tight_of_growth_le	NumStability.higham9_11_matrix_bandwidth_five_bohte_solve_tight_of_growth_le	NumStability.higham9_11_matrix_bandwidth_five_bohte_solve_tight_of_growth_le	NumStability.higham9_11_matrix_bandwidth_five_bohte_solve_tight_of_growth_le	authored	21199	0	21225	40	21201	8	21201	71	0BD851719ADFA7858BF73800D2950D7F8289CAE1369523B6A5AB03F75B5D0FA8	NumStability.Source.Higham.Chapter09.Section05
route	NumStability.Algorithms.HighamChapter9	NumStability.higham9_11_matrix_bandwidth_five_bohte_solve_tight_of_isBanded	NumStability.higham9_11_matrix_bandwidth_five_bohte_solve_tight_of_isBanded	NumStability.higham9_11_matrix_bandwidth_five_bohte_solve_tight_of_isBanded	NumStability.higham9_11_matrix_bandwidth_five_bohte_solve_tight_of_isBanded	authored	21227	0	21253	79	21229	8	21229	70	20E18FE862DEFF03F603E7C85462A824BA45D037B83FF76A821217AE509DFDB9	NumStability.Source.Higham.Chapter09.Section05
route	NumStability.Algorithms.HighamChapter9	NumStability.higham9_11_matrix_bandwidth_five_bohte_solve_tight_of_isBanded_growth_le	NumStability.higham9_11_matrix_bandwidth_five_bohte_solve_tight_of_isBanded_growth_le	NumStability.higham9_11_matrix_bandwidth_five_bohte_solve_tight_of_isBanded_growth_le	NumStability.higham9_11_matrix_bandwidth_five_bohte_solve_tight_of_isBanded_growth_le	authored	21255	0	21283	40	21257	8	21257	80	709A85167C1678390749A2737FF8350EA624F46EF5755DD726BCD9B148D68AD4	NumStability.Source.Higham.Chapter09.Section05
route	NumStability.Algorithms.HighamChapter9	NumStability.higham9_11_matrix_bandwidth_four_bohte_solve_tight	NumStability.higham9_11_matrix_bandwidth_four_bohte_solve_tight	NumStability.higham9_11_matrix_bandwidth_four_bohte_solve_tight	NumStability.higham9_11_matrix_bandwidth_four_bohte_solve_tight	authored	21061	0	21085	79	21063	8	21063	58	70E28B889318A67144BA3607539F27839AAD58DD65E7B0B85ED1B4FEA8C49214	NumStability.Source.Higham.Chapter09.Section05
route	NumStability.Algorithms.HighamChapter9	NumStability.higham9_11_matrix_bandwidth_four_bohte_solve_tight_of_growth_le	NumStability.higham9_11_matrix_bandwidth_four_bohte_solve_tight_of_growth_le	NumStability.higham9_11_matrix_bandwidth_four_bohte_solve_tight_of_growth_le	NumStability.higham9_11_matrix_bandwidth_four_bohte_solve_tight_of_growth_le	authored	21087	0	21113	40	21089	8	21089	71	65708DEEA7AF900299C742E041DD5D2EEEF6AC1BB4D3C6B3156AE18061C4E5DE	NumStability.Source.Higham.Chapter09.Section05
route	NumStability.Algorithms.HighamChapter9	NumStability.higham9_11_matrix_bandwidth_four_bohte_solve_tight_of_isBanded	NumStability.higham9_11_matrix_bandwidth_four_bohte_solve_tight_of_isBanded	NumStability.higham9_11_matrix_bandwidth_four_bohte_solve_tight_of_isBanded	NumStability.higham9_11_matrix_bandwidth_four_bohte_solve_tight_of_isBanded	authored	21115	0	21141	79	21117	8	21117	70	6FB3A279F784AC78AA00F934E6ADD5BC2AA6013934E4F32F21F356F5FEFF88F3	NumStability.Source.Higham.Chapter09.Section05
route	NumStability.Algorithms.HighamChapter9	NumStability.higham9_11_matrix_bandwidth_four_bohte_solve_tight_of_isBanded_growth_le	NumStability.higham9_11_matrix_bandwidth_four_bohte_solve_tight_of_isBanded_growth_le	NumStability.higham9_11_matrix_bandwidth_four_bohte_solve_tight_of_isBanded_growth_le	NumStability.higham9_11_matrix_bandwidth_four_bohte_solve_tight_of_isBanded_growth_le	authored	21143	0	21171	40	21145	8	21145	80	DC2888904A1D7168F8C0B46955AFBA9F3F9ED52EEC9879E4BDF2B589CA182B47	NumStability.Source.Higham.Chapter09.Section05
route	NumStability.Algorithms.HighamChapter9	NumStability.higham9_11_matrix_bandwidth_one_bohte_solve_tight	NumStability.higham9_11_matrix_bandwidth_one_bohte_solve_tight	NumStability.higham9_11_matrix_bandwidth_one_bohte_solve_tight	NumStability.higham9_11_matrix_bandwidth_one_bohte_solve_tight	authored	19951	0	19975	78	19953	8	19953	57	AF40FEB03773A29386A8D591D9B457DB7B0829840CE1552BABF08FAFEA47B427	NumStability.Source.Higham.Chapter09.Section05
route	NumStability.Algorithms.HighamChapter9	NumStability.higham9_11_matrix_bandwidth_one_bohte_solve_tight_of_growth_le	NumStability.higham9_11_matrix_bandwidth_one_bohte_solve_tight_of_growth_le	NumStability.higham9_11_matrix_bandwidth_one_bohte_solve_tight_of_growth_le	NumStability.higham9_11_matrix_bandwidth_one_bohte_solve_tight_of_growth_le	authored	19977	0	20003	40	19979	8	19979	70	31CFE15E581F32CC404E5312B5196C62BDEC27FD25223DABD05490997544DEAC	NumStability.Source.Higham.Chapter09.Section05
route	NumStability.Algorithms.HighamChapter9	NumStability.higham9_11_matrix_bandwidth_one_bohte_solve_tight_of_isBanded	NumStability.higham9_11_matrix_bandwidth_one_bohte_solve_tight_of_isBanded	NumStability.higham9_11_matrix_bandwidth_one_bohte_solve_tight_of_isBanded	NumStability.higham9_11_matrix_bandwidth_one_bohte_solve_tight_of_isBanded	authored	20005	0	20031	68	20007	8	20007	69	FCDD12D2CC66773F27D8236B0A9E0E300F98D8A1A5A70FDF4258D64CAA6E8719	NumStability.Source.Higham.Chapter09.Section05
route	NumStability.Algorithms.HighamChapter9	NumStability.higham9_11_matrix_bandwidth_one_bohte_solve_tight_of_isBanded_growth_le	NumStability.higham9_11_matrix_bandwidth_one_bohte_solve_tight_of_isBanded_growth_le	NumStability.higham9_11_matrix_bandwidth_one_bohte_solve_tight_of_isBanded_growth_le	NumStability.higham9_11_matrix_bandwidth_one_bohte_solve_tight_of_isBanded_growth_le	authored	20033	0	20061	40	20035	8	20035	79	233D8A9FCB3B89E7E58E3C1D540C6A59DD3AD21B38CF337756F4E8B22EDE27F6	NumStability.Source.Higham.Chapter09.Section05
route	NumStability.Algorithms.HighamChapter9	NumStability.higham9_11_matrix_bandwidth_three_bohte_solve_tight	NumStability.higham9_11_matrix_bandwidth_three_bohte_solve_tight	NumStability.higham9_11_matrix_bandwidth_three_bohte_solve_tight	NumStability.higham9_11_matrix_bandwidth_three_bohte_solve_tight	authored	20949	0	20973	80	20951	8	20951	59	248861D630306480F85AE9379C2C646C4E2FE7F9FA72AA9B0537F61BE6E7F06A	NumStability.Source.Higham.Chapter09.Section05
route	NumStability.Algorithms.HighamChapter9	NumStability.higham9_11_matrix_bandwidth_three_bohte_solve_tight_of_growth_le	NumStability.higham9_11_matrix_bandwidth_three_bohte_solve_tight_of_growth_le	NumStability.higham9_11_matrix_bandwidth_three_bohte_solve_tight_of_growth_le	NumStability.higham9_11_matrix_bandwidth_three_bohte_solve_tight_of_growth_le	authored	20975	0	21001	40	20977	8	20977	72	2DE873B405B03C7ED738BA9F058777C163FF31914356FDB6ABBCDADCF945DAF7	NumStability.Source.Higham.Chapter09.Section05
route	NumStability.Algorithms.HighamChapter9	NumStability.higham9_11_matrix_bandwidth_three_bohte_solve_tight_of_isBanded	NumStability.higham9_11_matrix_bandwidth_three_bohte_solve_tight_of_isBanded	NumStability.higham9_11_matrix_bandwidth_three_bohte_solve_tight_of_isBanded	NumStability.higham9_11_matrix_bandwidth_three_bohte_solve_tight_of_isBanded	authored	21003	0	21029	80	21005	8	21005	71	54761ED44C9F52C98EB476325BBB95583AEC9227FC62A6793E25054019A55B5F	NumStability.Source.Higham.Chapter09.Section05
route	NumStability.Algorithms.HighamChapter9	NumStability.higham9_11_matrix_bandwidth_three_bohte_solve_tight_of_isBanded_growth_le	NumStability.higham9_11_matrix_bandwidth_three_bohte_solve_tight_of_isBanded_growth_le	NumStability.higham9_11_matrix_bandwidth_three_bohte_solve_tight_of_isBanded_growth_le	NumStability.higham9_11_matrix_bandwidth_three_bohte_solve_tight_of_isBanded_growth_le	authored	21031	0	21059	40	21033	8	21033	81	72DD165348E6051338CBA6794193FFB89266756AC5B583199ACF6C3350C845C7	NumStability.Source.Higham.Chapter09.Section05
route	NumStability.Algorithms.HighamChapter9	NumStability.higham9_11_matrix_bandwidth_two_bohte_solve_tight	NumStability.higham9_11_matrix_bandwidth_two_bohte_solve_tight	NumStability.higham9_11_matrix_bandwidth_two_bohte_solve_tight	NumStability.higham9_11_matrix_bandwidth_two_bohte_solve_tight	authored	20510	0	20531	54	20512	8	20512	57	F8720C1F0E4981CE67D5B03A2A02F6A7706A53349CA5CEE868FED82A746C7D38	NumStability.Source.Higham.Chapter09.Section05
route	NumStability.Algorithms.HighamChapter9	NumStability.higham9_11_matrix_bandwidth_two_bohte_solve_tight_of_growth_le	NumStability.higham9_11_matrix_bandwidth_two_bohte_solve_tight_of_growth_le	NumStability.higham9_11_matrix_bandwidth_two_bohte_solve_tight_of_growth_le	NumStability.higham9_11_matrix_bandwidth_two_bohte_solve_tight_of_growth_le	authored	20533	0	20556	68	20535	8	20535	70	899E670EA0FDEEA7EA7BDC7BDED32C38A8C49D71BD9EF14A723CB7647D072EAF	NumStability.Source.Higham.Chapter09.Section05
route	NumStability.Algorithms.HighamChapter9	NumStability.higham9_11_matrix_bandwidth_two_bohte_solve_tight_of_isBanded	NumStability.higham9_11_matrix_bandwidth_two_bohte_solve_tight_of_isBanded	NumStability.higham9_11_matrix_bandwidth_two_bohte_solve_tight_of_isBanded	NumStability.higham9_11_matrix_bandwidth_two_bohte_solve_tight_of_isBanded	authored	20558	0	20580	62	20560	8	20560	69	BC25CEB66CD85F69F43706B6ADBBBC858BE10DED11BF8321E71AA4763363255C	NumStability.Source.Higham.Chapter09.Section05
route	NumStability.Algorithms.HighamChapter9	NumStability.higham9_11_matrix_bandwidth_two_bohte_solve_tight_of_isBanded_growth_le	NumStability.higham9_11_matrix_bandwidth_two_bohte_solve_tight_of_isBanded_growth_le	NumStability.higham9_11_matrix_bandwidth_two_bohte_solve_tight_of_isBanded_growth_le	NumStability.higham9_11_matrix_bandwidth_two_bohte_solve_tight_of_isBanded_growth_le	authored	20582	0	20607	11	20584	8	20584	79	401AA4EAD9F75839A1561AC6BC961F4C17EACBE20390274766D503E94DA0DE13	NumStability.Source.Higham.Chapter09.Section05
route	NumStability.Algorithms.HighamChapter9	NumStability.higham9_11_matrix_bohte_banded_solve_tight	NumStability.higham9_11_matrix_bohte_banded_solve_tight	NumStability.higham9_11_matrix_bohte_banded_solve_tight	NumStability.higham9_11_matrix_bohte_banded_solve_tight	authored	19556	0	19580	54	19557	8	19557	50	618392062E6D1682756028D9D7E125D0C9DBCB3D1ABD7FDBD9CF6C0C0D16BE2E	NumStability.Source.Higham.Chapter09.Section05
route	NumStability.Algorithms.HighamChapter9	NumStability.higham9_11_matrix_bohte_banded_solve_tight_of_bandwidth_le	NumStability.higham9_11_matrix_bohte_banded_solve_tight_of_bandwidth_le	NumStability.higham9_11_matrix_bohte_banded_solve_tight_of_bandwidth_le	NumStability.higham9_11_matrix_bohte_banded_solve_tight_of_bandwidth_le	authored	19612	0	19639	54	19614	8	19614	66	90329AB395AAC4D32B41D85743884E3D20B41DF7DABD2FBAC578CEF25D0F4136	NumStability.Source.Higham.Chapter09.Section05
route	NumStability.Algorithms.HighamChapter9	NumStability.higham9_11_matrix_bohte_banded_solve_tight_of_growth_le	NumStability.higham9_11_matrix_bohte_banded_solve_tight_of_growth_le	NumStability.higham9_11_matrix_bohte_banded_solve_tight_of_growth_le	NumStability.higham9_11_matrix_bohte_banded_solve_tight_of_growth_le	authored	19582	0	19610	54	19583	8	19583	63	046728BEDA2B180B8F8500FBA4A3E102749F0EA8D8527F2D548B00E4FA0C7D22	NumStability.Source.Higham.Chapter09.Section05
route	NumStability.Algorithms.HighamChapter9	NumStability.higham9_11_matrix_bohte_banded_solve_tight_of_isBanded_common	NumStability.higham9_11_matrix_bohte_banded_solve_tight_of_isBanded_common	NumStability.higham9_11_matrix_bohte_banded_solve_tight_of_isBanded_common	NumStability.higham9_11_matrix_bohte_banded_solve_tight_of_isBanded_common	authored	19641	0	19670	54	19643	8	19643	69	D3D782E75946F1175F061D85D9E752B8494EE6C155508787A518FD15B637075C	NumStability.Source.Higham.Chapter09.Section05
route	NumStability.Algorithms.HighamChapter9	NumStability.higham9_11_matrix_bohte_banded_solve_tight_of_isBanded_common_growth_le	NumStability.higham9_11_matrix_bohte_banded_solve_tight_of_isBanded_common_growth_le	NumStability.higham9_11_matrix_bohte_banded_solve_tight_of_isBanded_common_growth_le	NumStability.higham9_11_matrix_bohte_banded_solve_tight_of_isBanded_common_growth_le	authored	19672	0	19703	54	19674	8	19674	79	7A8F96369BEE5F467C2F63F123B46B7B75D0F26508B5EC337794099813AF7FEC	NumStability.Source.Higham.Chapter09.Section05
route	NumStability.Algorithms.HighamChapter9	NumStability.higham9_11_matrix_pentadiagonal_bohte_solve_tight	NumStability.higham9_11_matrix_pentadiagonal_bohte_solve_tight	NumStability.higham9_11_matrix_pentadiagonal_bohte_solve_tight	NumStability.higham9_11_matrix_pentadiagonal_bohte_solve_tight	authored	20398	0	20422	78	20400	8	20400	57	2E75DA75A8DC368E4DEBE95E69BBC25473BDE4B5F2FF3E84E6412D759ADFEB2F	NumStability.Source.Higham.Chapter09.Section05
route	NumStability.Algorithms.HighamChapter9	NumStability.higham9_11_matrix_pentadiagonal_bohte_solve_tight_of_growth_le	NumStability.higham9_11_matrix_pentadiagonal_bohte_solve_tight_of_growth_le	NumStability.higham9_11_matrix_pentadiagonal_bohte_solve_tight_of_growth_le	NumStability.higham9_11_matrix_pentadiagonal_bohte_solve_tight_of_growth_le	authored	20424	0	20450	40	20426	8	20426	70	8B5AEB58BC0BFA75E32655734153F6A647052C95869090D3D9B03E84EF5FC2CD	NumStability.Source.Higham.Chapter09.Section05
route	NumStability.Algorithms.HighamChapter9	NumStability.higham9_11_matrix_pentadiagonal_bohte_solve_tight_of_isBanded	NumStability.higham9_11_matrix_pentadiagonal_bohte_solve_tight_of_isBanded	NumStability.higham9_11_matrix_pentadiagonal_bohte_solve_tight_of_isBanded	NumStability.higham9_11_matrix_pentadiagonal_bohte_solve_tight_of_isBanded	authored	20452	0	20478	78	20454	8	20454	69	498B2F0A99C9A8CD8D3464983603A74C9BC1B6CCE3C6B189AD2FCFBF8AE1C935	NumStability.Source.Higham.Chapter09.Section05
route	NumStability.Algorithms.HighamChapter9	NumStability.higham9_11_matrix_pentadiagonal_bohte_solve_tight_of_isBanded_growth_le	NumStability.higham9_11_matrix_pentadiagonal_bohte_solve_tight_of_isBanded_growth_le	NumStability.higham9_11_matrix_pentadiagonal_bohte_solve_tight_of_isBanded_growth_le	NumStability.higham9_11_matrix_pentadiagonal_bohte_solve_tight_of_isBanded_growth_le	authored	20480	0	20508	40	20482	8	20482	79	1C45521BD3E92F3505DD022E7F20432676D579938DDE459752DC786238D39EFE	NumStability.Source.Higham.Chapter09.Section05
route	NumStability.Algorithms.HighamChapter9	NumStability.higham9_11_matrix_tridiag_data_bohte_solve_tight	NumStability.higham9_11_matrix_tridiag_data_bohte_solve_tight	NumStability.higham9_11_matrix_tridiag_data_bohte_solve_tight	NumStability.higham9_11_matrix_tridiag_data_bohte_solve_tight	authored	21906	0	21937	54	21908	8	21908	56	83400A8E22E10387BA325CC8023AD0F1AD22F45FC14EDD6BBA7EFFA8EE41C613	NumStability.Source.Higham.Chapter09.Section06
route	NumStability.Algorithms.HighamChapter9	NumStability.higham9_11_matrix_tridiag_data_bohte_solve_tight_of_exact_recurrence	NumStability.higham9_11_matrix_tridiag_data_bohte_solve_tight_of_exact_recurrence	NumStability.higham9_11_matrix_tridiag_data_bohte_solve_tight_of_exact_recurrence	NumStability.higham9_11_matrix_tridiag_data_bohte_solve_tight_of_exact_recurrence	authored	21939	0	21969	54	21941	8	21941	76	F4A82EEFC6FF1FC8924BE1A84DE559F4AF32CAAC6BD5A9087DD2EAC3A2F3CEC4	NumStability.Source.Higham.Chapter09.Section06
route	NumStability.Algorithms.HighamChapter9	NumStability.higham9_11_matrix_tridiagonal_bohte_solve_tight	NumStability.higham9_11_matrix_tridiagonal_bohte_solve_tight	NumStability.higham9_11_matrix_tridiagonal_bohte_solve_tight	NumStability.higham9_11_matrix_tridiagonal_bohte_solve_tight	authored	20117	0	20138	54	20119	8	20119	55	8B7EF4C92972DBE9AF5E75B21E00E4C16097F9315532CBDF6307A1475EFE0650	NumStability.Source.Higham.Chapter09.Section05
route	NumStability.Algorithms.HighamChapter9	NumStability.higham9_11_matrix_tridiagonal_bohte_solve_tight_of_growth_le	NumStability.higham9_11_matrix_tridiagonal_bohte_solve_tight_of_growth_le	NumStability.higham9_11_matrix_tridiagonal_bohte_solve_tight_of_growth_le	NumStability.higham9_11_matrix_tridiagonal_bohte_solve_tight_of_growth_le	authored	20140	0	20163	68	20142	8	20142	68	A8D8A604D49C333AD5D1C4E8C89AC8827C7EF236AB9BDD7BBC057E2FC8C98763	NumStability.Source.Higham.Chapter09.Section05
route	NumStability.Algorithms.HighamChapter9	NumStability.higham9_11_matrix_tridiagonal_bohte_solve_tight_of_isTridiagonal	NumStability.higham9_11_matrix_tridiagonal_bohte_solve_tight_of_isTridiagonal	NumStability.higham9_11_matrix_tridiagonal_bohte_solve_tight_of_isTridiagonal	NumStability.higham9_11_matrix_tridiagonal_bohte_solve_tight_of_isTridiagonal	authored	20063	0	20086	69	20065	8	20065	72	5D42F5A4CADA6BD9F689573698FCB1C96541C96605D3B19D2BB6B6BA3218F5B7	NumStability.Source.Higham.Chapter09.Section05
route	NumStability.Algorithms.HighamChapter9	NumStability.higham9_11_matrix_tridiagonal_bohte_solve_tight_of_isTridiagonal_growth_le	NumStability.higham9_11_matrix_tridiagonal_bohte_solve_tight_of_isTridiagonal_growth_le	NumStability.higham9_11_matrix_tridiagonal_bohte_solve_tight_of_isTridiagonal_growth_le	NumStability.higham9_11_matrix_tridiagonal_bohte_solve_tight_of_isTridiagonal_growth_le	authored	20088	0	20115	40	20090	8	20090	82	E22F33486667900B3A295CFE14EE5DDD13941648444E3A301058DE9DCF1B8BB1	NumStability.Source.Higham.Chapter09.Section05
route	NumStability.Algorithms.HighamChapter9	NumStability.higham9_11_pentadiagonal_bohte_solve_tight	NumStability.higham9_11_pentadiagonal_bohte_solve_tight	NumStability.higham9_11_pentadiagonal_bohte_solve_tight	NumStability.higham9_11_pentadiagonal_bohte_solve_tight	authored	20165	0	20190	78	20169	8	20169	50	699574A59EDAC73CE78932C16CF6690D97F2AA26FC2E509FC34793492D86060A	NumStability.Source.Higham.Chapter09.Section05
route	NumStability.Algorithms.HighamChapter9	NumStability.higham9_11_pentadiagonal_bohte_solve_tight_of_growth_le	NumStability.higham9_11_pentadiagonal_bohte_solve_tight_of_growth_le	NumStability.higham9_11_pentadiagonal_bohte_solve_tight_of_growth_le	NumStability.higham9_11_pentadiagonal_bohte_solve_tight_of_growth_le	authored	20192	0	20218	40	20194	8	20194	63	57A9AFF33BDD8E78C53117E55986AF3EC66D7094B9E93266ED02AA61471B856D	NumStability.Source.Higham.Chapter09.Section05
route	NumStability.Algorithms.HighamChapter9	NumStability.higham9_11_pentadiagonal_bohte_solve_tight_of_isBanded	NumStability.higham9_11_pentadiagonal_bohte_solve_tight_of_isBanded	NumStability.higham9_11_pentadiagonal_bohte_solve_tight_of_isBanded	NumStability.higham9_11_pentadiagonal_bohte_solve_tight_of_isBanded	authored	20220	0	20249	78	20225	8	20225	62	68E3CCF14E9002BA31EC86DB5E28C8CC5A2E4ADFA9C1F5EE0AF4FBEA15542C02	NumStability.Source.Higham.Chapter09.Section05
route	NumStability.Algorithms.HighamChapter9	NumStability.higham9_11_pentadiagonal_bohte_solve_tight_of_isBanded_growth_le	NumStability.higham9_11_pentadiagonal_bohte_solve_tight_of_isBanded_growth_le	NumStability.higham9_11_pentadiagonal_bohte_solve_tight_of_isBanded_growth_le	NumStability.higham9_11_pentadiagonal_bohte_solve_tight_of_isBanded_growth_le	authored	20251	0	20279	40	20253	8	20253	72	415C3BB6A811D6307062C79FCC3E1FA299ABBBA09AE71B66AFFE994C0374A807	NumStability.Source.Higham.Chapter09.Section05
route	NumStability.Algorithms.HighamChapter9	NumStability.higham9_11_sine_block_theta_candidate_ge_succ	NumStability.higham9_11_sine_block_theta_candidate_ge_succ	NumStability.higham9_11_sine_block_theta_candidate_ge_succ	NumStability.higham9_11_sine_block_theta_candidate_ge_succ	authored	11999	0	12017	60	12005	8	12005	53	FA4A2725ED627DC49982AB83D682DE325F325A50867D6D703C4758F9BAA34809	NumStability.Source.Higham.Chapter09.Section04
route	NumStability.Algorithms.HighamChapter9	NumStability.higham9_11_theta_block_eq_two_theta	NumStability.higham9_11_theta_block_eq_two_theta	NumStability.higham9_11_theta_block_eq_two_theta	NumStability.higham9_11_theta_block_eq_two_theta	authored	11982	0	11997	42	11987	8	11987	43	BB170BDB9634F6B4655ADA67951B49FC74C9439E2061870F955612766B8C843C	NumStability.Source.Higham.Chapter09.Section04
route	NumStability.Algorithms.HighamChapter9	NumStability.higham9_11_tridiag_data_bohte_solve_tight	NumStability.higham9_11_tridiag_data_bohte_solve_tight	NumStability.higham9_11_tridiag_data_bohte_solve_tight	NumStability.higham9_11_tridiag_data_bohte_solve_tight	authored	21780	0	21811	38	21786	8	21786	49	2518755A3B9FDBF423F4F63C4DC0FED9FAF7DBB3B6347B90CBC7F9DDF5B17FFE	NumStability.Source.Higham.Chapter09.Section06
route	NumStability.Algorithms.HighamChapter9	NumStability.higham9_11_tridiag_data_bohte_solve_tight_of_exact_recurrence	NumStability.higham9_11_tridiag_data_bohte_solve_tight_of_exact_recurrence	NumStability.higham9_11_tridiag_data_bohte_solve_tight_of_exact_recurrence	NumStability.higham9_11_tridiag_data_bohte_solve_tight_of_exact_recurrence	authored	21869	0	21904	18	21875	8	21875	69	DD766529BA532E32D5BBFEB30B14E530F34815762D9826F3FF1D3F927C134787	NumStability.Source.Higham.Chapter09.Section06
route	NumStability.Algorithms.HighamChapter9	NumStability.higham9_11_tridiagonal_bohte_solve_tight	NumStability.higham9_11_tridiagonal_bohte_solve_tight	NumStability.higham9_11_tridiagonal_bohte_solve_tight	NumStability.higham9_11_tridiagonal_bohte_solve_tight	authored	19894	0	19921	68	19900	8	19900	48	B5836B4AD96F21325D969579EB48CBEC8ABC4DC56F38F758FA8554D967B4A195	NumStability.Source.Higham.Chapter09.Section05
route	NumStability.Algorithms.HighamChapter9	NumStability.higham9_11_tridiagonal_bohte_solve_tight_of_growth_le	NumStability.higham9_11_tridiagonal_bohte_solve_tight_of_growth_le	NumStability.higham9_11_tridiagonal_bohte_solve_tight_of_growth_le	NumStability.higham9_11_tridiagonal_bohte_solve_tight_of_growth_le	authored	19923	0	19949	68	19928	8	19928	61	BBC5F43700B88489FF4B66E61F268571B1BB63DC6499AF166B7DD4FDEA69AF85	NumStability.Source.Higham.Chapter09.Section05
route	NumStability.Algorithms.HighamChapter9	NumStability.higham9_11_tridiagonal_bohte_solve_tight_of_isTridiagonal	NumStability.higham9_11_tridiagonal_bohte_solve_tight_of_isTridiagonal	NumStability.higham9_11_tridiagonal_bohte_solve_tight_of_isTridiagonal	NumStability.higham9_11_tridiagonal_bohte_solve_tight_of_isTridiagonal	authored	19830	0	19859	68	19835	8	19835	65	DC3EE89D2722FC267AB4CB540B5842E9A4A4038743D6D58F0C55EF9FBA1746C0	NumStability.Source.Higham.Chapter09.Section05
route	NumStability.Algorithms.HighamChapter9	NumStability.higham9_11_tridiagonal_bohte_solve_tight_of_isTridiagonal_growth_le	NumStability.higham9_11_tridiagonal_bohte_solve_tight_of_isTridiagonal_growth_le	NumStability.higham9_11_tridiagonal_bohte_solve_tight_of_isTridiagonal_growth_le	NumStability.higham9_11_tridiagonal_bohte_solve_tight_of_isTridiagonal_growth_le	authored	19861	0	19892	40	19867	8	19867	75	0B5A0299B6647A140DD2430F462334D6B1B9085D837825E508ECCC90B87090B0	NumStability.Source.Higham.Chapter09.Section05
route	NumStability.Algorithms.HighamChapter9	NumStability.higham9_12_cos_sum_eq_of_mod_two_eq	NumStability.higham9_12_cos_sum_eq_of_mod_two_eq	NumStability.higham9_12_cos_sum_eq_of_mod_two_eq	NumStability.higham9_12_cos_sum_eq_of_mod_two_eq	authored	9691	0	9712	17	9693	8	9693	43	1129E6163D23D2BA4EFFEEBEA6515D44EF6A5230DE589CC323232D88E4CAD9BF	NumStability.Source.Higham.Chapter09.Section04
route	NumStability.Algorithms.HighamChapter9	NumStability.higham9_12_cos_sum_even	NumStability.higham9_12_cos_sum_even	NumStability.higham9_12_cos_sum_even	NumStability.higham9_12_cos_sum_even	authored	9520	0	9545	40	9523	8	9523	31	4EAF3EC1D09EFCEF376728CB041EDB39A10219E1A581A0C06BBF2D7C80F152B6	NumStability.Source.Higham.Chapter09.Section04
route	NumStability.Algorithms.HighamChapter9	NumStability.higham9_12_cos_sum_odd	NumStability.higham9_12_cos_sum_odd	NumStability.higham9_12_cos_sum_odd	NumStability.higham9_12_cos_sum_odd	authored	9641	0	9666	24	9644	8	9644	30	25B1D10E66127614ADD4F364D7DA3F15F3FD2D8B3CB31A1845964330B7679D0B	NumStability.Source.Higham.Chapter09.Section04
route	NumStability.Algorithms.HighamChapter9	NumStability.higham9_12_cos_sum_pos_lt_two_mul	NumStability.higham9_12_cos_sum_pos_lt_two_mul	NumStability.higham9_12_cos_sum_pos_lt_two_mul	NumStability.higham9_12_cos_sum_pos_lt_two_mul	authored	9668	0	9689	79	9670	8	9670	41	BA8CC4F9F7BE1318F70A05044C9F6DBA4392252A4B99C720D3E58A73A5877C03	NumStability.Source.Higham.Chapter09.Section04
route	NumStability.Algorithms.HighamChapter9	NumStability.higham9_12_matrix_mmatrix_lu_growthFactorEntry_le_one_of_det_ne_zero	NumStability.higham9_12_matrix_mmatrix_lu_growthFactorEntry_le_one_of_det_ne_zero	NumStability.higham9_12_matrix_mmatrix_lu_growthFactorEntry_le_one_of_det_ne_zero	NumStability.higham9_12_matrix_mmatrix_lu_growthFactorEntry_le_one_of_det_ne_zero	authored	21697	0	21711	54	21700	8	21700	76	FF2406D0A0B55F20B0FCCEDEDCBD49B49D8E8B35AB5EA550BA00988983D8A7D3	NumStability.Source.Higham.Chapter09.Section06
route	NumStability.Algorithms.HighamChapter9	NumStability.higham9_12_matrix_nonneg_lu_growthFactorEntry_le_one_of_det_ne_zero	NumStability.higham9_12_matrix_nonneg_lu_growthFactorEntry_le_one_of_det_ne_zero	NumStability.higham9_12_matrix_nonneg_lu_growthFactorEntry_le_one_of_det_ne_zero	NumStability.higham9_12_matrix_nonneg_lu_growthFactorEntry_le_one_of_det_ne_zero	authored	21685	0	21695	43	21687	8	21687	75	C261A29BFE39A8E669FFB60041FAD95131CAC93C65E0C0D6D8A42A6BC45AC7B3	NumStability.Source.Higham.Chapter09.Section06
route	NumStability.Algorithms.HighamChapter9	NumStability.higham9_12_matrix_sign_equiv_growthFactorEntry_le_one_of_IsSignEquiv_det_ne_zero	NumStability.higham9_12_matrix_sign_equiv_growthFactorEntry_le_one_of_IsSignEquiv_det_ne_zero	NumStability.higham9_12_matrix_sign_equiv_growthFactorEntry_le_one_of_IsSignEquiv_det_ne_zero	NumStability.higham9_12_matrix_sign_equiv_growthFactorEntry_le_one_of_IsSignEquiv_det_ne_zero	authored	21735	0	21752	42	21738	8	21738	88	EE630B86D5C88A92E5C40652A5A3E52C65C863E2D5B63BFAB3200FCA98723D85	NumStability.Source.Higham.Chapter09.Section06
route	NumStability.Algorithms.HighamChapter9	NumStability.higham9_12_matrix_sign_equiv_growthFactorEntry_le_one_of_det_ne_zero	NumStability.higham9_12_matrix_sign_equiv_growthFactorEntry_le_one_of_det_ne_zero	NumStability.higham9_12_matrix_sign_equiv_growthFactorEntry_le_one_of_det_ne_zero	NumStability.higham9_12_matrix_sign_equiv_growthFactorEntry_le_one_of_det_ne_zero	authored	21713	0	21733	58	21715	8	21715	76	2C32C39F7F92581BEB3782A9B848F57232C40D5B29B79D59206B8ED56D0A1FA7	NumStability.Source.Higham.Chapter09.Section06
route	NumStability.Algorithms.HighamChapter9	NumStability.higham9_12_matrix_spd_lu_backward_error	NumStability.higham9_12_matrix_spd_lu_backward_error	NumStability.higham9_12_matrix_spd_lu_backward_error	NumStability.higham9_12_matrix_spd_lu_backward_error	authored	22148	0	22165	37	22150	8	22150	47	EB3CC2DE19511D5D2742C7CAAF840BC2F9C92605894247765ACD945E170460D5	NumStability.Source.Higham.Chapter09.Section06
route	NumStability.Algorithms.HighamChapter9	NumStability.higham9_12_matrix_spd_tridiag_builder_lu_backward_error_of_positive_DLT	NumStability.higham9_12_matrix_spd_tridiag_builder_lu_backward_error_of_positive_DLT	NumStability.higham9_12_matrix_spd_tridiag_builder_lu_backward_error_of_positive_DLT	NumStability.higham9_12_matrix_spd_tridiag_builder_lu_backward_error_of_positive_DLT	authored	22194	0	22226	37	22196	8	22196	79	5531C2E45752F4EB42025E4F9123C6527ABBF6588F761D22C3749725DBA138C6	NumStability.Source.Higham.Chapter09.Section06
route	NumStability.Algorithms.HighamChapter9	NumStability.higham9_12_matrix_spd_tridiag_builder_lu_backward_error_of_recurrence	NumStability.higham9_12_matrix_spd_tridiag_builder_lu_backward_error_of_recurrence	NumStability.higham9_12_matrix_spd_tridiag_builder_lu_backward_error_of_recurrence	NumStability.higham9_12_matrix_spd_tridiag_builder_lu_backward_error_of_recurrence	authored	22228	0	22252	37	22230	8	22230	77	945BA9D98BC3E89213A7DA31C1521A38F7B3C9B587BD4A243524B508A0C08DB1	NumStability.Source.Higham.Chapter09.Section06
route	NumStability.Algorithms.HighamChapter9	NumStability.higham9_12_matrix_spd_tridiag_lu_backward_error_of_positive_DLT	NumStability.higham9_12_matrix_spd_tridiag_lu_backward_error_of_positive_DLT	NumStability.higham9_12_matrix_spd_tridiag_lu_backward_error_of_positive_DLT	NumStability.higham9_12_matrix_spd_tridiag_lu_backward_error_of_positive_DLT	authored	22167	0	22192	37	22169	8	22169	71	91FB35FB9BFB3871D0F582FF316B80964754E2270E2E36F2A89F7BF6D44E20A9	NumStability.Source.Higham.Chapter09.Section06
route	NumStability.Algorithms.HighamChapter9	NumStability.higham9_12_mmatrix_lu_growthFactorEntry_le_one	NumStability.higham9_12_mmatrix_lu_growthFactorEntry_le_one	NumStability.higham9_12_mmatrix_lu_growthFactorEntry_le_one	NumStability.higham9_12_mmatrix_lu_growthFactorEntry_le_one	authored	21460	0	21474	88	21462	8	21462	54	4AC6316DECA93B4278E1FF92472517EEC1EABA467C86C1235FDF73E5D4469747	NumStability.Source.Higham.Chapter09.Section06
route	NumStability.Algorithms.HighamChapter9	NumStability.higham9_12_mmatrix_lu_growthFactorEntry_le_one_of_det_ne_zero	NumStability.higham9_12_mmatrix_lu_growthFactorEntry_le_one_of_det_ne_zero	NumStability.higham9_12_mmatrix_lu_growthFactorEntry_le_one_of_det_ne_zero	NumStability.higham9_12_mmatrix_lu_growthFactorEntry_le_one_of_det_ne_zero	authored	21476	0	21493	27	21478	8	21478	69	D4808AC32A556B19D0491237F744495F2F123D907EEB81F83F5AFD854E7B7FAE	NumStability.Source.Higham.Chapter09.Section06
route	NumStability.Algorithms.HighamChapter9	NumStability.higham9_12_mmatrix_lu_optimal_growth	NumStability.higham9_12_mmatrix_lu_optimal_growth	NumStability.higham9_12_mmatrix_lu_optimal_growth	NumStability.higham9_12_mmatrix_lu_optimal_growth	authored	21449	0	21458	54	21450	8	21450	44	C85C788BA9AC1856E40A6C6934CBDA070C29344A369FF847A2C2F3ABECBB37FF	NumStability.Source.Higham.Chapter09.Section06
route	NumStability.Algorithms.HighamChapter9	NumStability.higham9_12_nonneg_lu_growthFactorEntry_le_one	NumStability.higham9_12_nonneg_lu_growthFactorEntry_le_one	NumStability.higham9_12_nonneg_lu_growthFactorEntry_le_one	NumStability.higham9_12_nonneg_lu_growthFactorEntry_le_one	authored	21421	0	21432	76	21423	8	21423	53	B1DEB81196AC3B50FB31AF9566F5293E87A2E0FAF125927119094FA66D8911A2	NumStability.Source.Higham.Chapter09.Section06
route	NumStability.Algorithms.HighamChapter9	NumStability.higham9_12_nonneg_lu_growthFactorEntry_le_one_of_det_ne_zero	NumStability.higham9_12_nonneg_lu_growthFactorEntry_le_one_of_det_ne_zero	NumStability.higham9_12_nonneg_lu_growthFactorEntry_le_one_of_det_ne_zero	NumStability.higham9_12_nonneg_lu_growthFactorEntry_le_one_of_det_ne_zero	authored	21434	0	21447	75	21436	8	21436	68	73BDA8AB4CA3E76934430020876124F6D244C1A78B6FD34620BB4041B557BA90	NumStability.Source.Higham.Chapter09.Section06
route	NumStability.Algorithms.HighamChapter9	NumStability.higham9_12_nonneg_lu_optimal_growth	NumStability.higham9_12_nonneg_lu_optimal_growth	NumStability.higham9_12_nonneg_lu_optimal_growth	NumStability.higham9_12_nonneg_lu_optimal_growth	authored	21338	0	21345	42	21340	8	21340	43	CC0667651DB2B5BE64E4C185C01822E886878D9217CDF9330C2B57D0E5F9594C	NumStability.Source.Higham.Chapter09.Section06
route	NumStability.Algorithms.HighamChapter9	NumStability.higham9_12_shifted_geometric_sum_even	NumStability.higham9_12_shifted_geometric_sum_even	NumStability.higham9_12_shifted_geometric_sum_even	NumStability.higham9_12_shifted_geometric_sum_even	authored	9451	0	9490	20	9454	8	9454	45	D3FF340F9E735C21692BBAAB6C5BDCA2F8911A8509CB4B79CCCC08A4BE56C045	NumStability.Source.Higham.Chapter09.Section04
route	NumStability.Algorithms.HighamChapter9	NumStability.higham9_12_shifted_geometric_sum_odd_re	NumStability.higham9_12_shifted_geometric_sum_odd_re	NumStability.higham9_12_shifted_geometric_sum_odd_re	NumStability.higham9_12_shifted_geometric_sum_odd_re	authored	9577	0	9639	24	9579	8	9579	47	7E37B0647DAF5F886BA59BBBDF9CEFB3BC0062B2DBA2AB3FF8F889D5DFCB853F	NumStability.Source.Higham.Chapter09.Section04
route	NumStability.Algorithms.HighamChapter9	NumStability.higham9_12_signDiagMatrix	NumStability.higham9_12_signDiagMatrix	NumStability.higham9_12_signDiagMatrix	NumStability.higham9_12_signDiagMatrix	authored	21564	0	21567	37	21565	4	21565	29	410FB6015473FCBA1C00138016C9B83EBC2C43FE3B19B8B1159F05699E896F3D	NumStability.Source.Higham.Chapter09.Section06
route	NumStability.Algorithms.HighamChapter9	NumStability.higham9_12_signDiagMatrix_isSignDiag	NumStability.higham9_12_signDiagMatrix_isSignDiag	NumStability.higham9_12_signDiagMatrix_isSignDiag	NumStability.higham9_12_signDiagMatrix_isSignDiag	authored	21569	0	21577	42	21570	8	21570	44	9384F7AD8A94AD41F8D74D22D9A762080CFF110BB1720B666BD4205B27C99403	NumStability.Source.Higham.Chapter09.Section06
route	NumStability.Algorithms.HighamChapter9	NumStability.higham9_12_sign_equiv_growthFactorEntry_le_one	NumStability.higham9_12_sign_equiv_growthFactorEntry_le_one	NumStability.higham9_12_sign_equiv_growthFactorEntry_le_one	NumStability.higham9_12_sign_equiv_growthFactorEntry_le_one	authored	21513	0	21536	54	21515	8	21515	54	76A7C0073F5135D9C92B5749A747D8B4E2B219FC5BFC7040E7FBC09C6BE78F5F	NumStability.Source.Higham.Chapter09.Section06
route	NumStability.Algorithms.HighamChapter9	NumStability.higham9_12_sign_equiv_growthFactorEntry_le_one_of_IsSignEquiv	NumStability.higham9_12_sign_equiv_growthFactorEntry_le_one_of_IsSignEquiv	NumStability.higham9_12_sign_equiv_growthFactorEntry_le_one_of_IsSignEquiv	NumStability.higham9_12_sign_equiv_growthFactorEntry_le_one_of_IsSignEquiv	authored	21642	0	21661	64	21644	8	21644	69	9CD83F89184B450FFACC386932B01EF9D765DD29A297579F035C5FE763AAFFCD	NumStability.Source.Higham.Chapter09.Section06
route	NumStability.Algorithms.HighamChapter9	NumStability.higham9_12_sign_equiv_growthFactorEntry_le_one_of_IsSignEquiv_det_ne_zero	NumStability.higham9_12_sign_equiv_growthFactorEntry_le_one_of_IsSignEquiv_det_ne_zero	NumStability.higham9_12_sign_equiv_growthFactorEntry_le_one_of_IsSignEquiv_det_ne_zero	NumStability.higham9_12_sign_equiv_growthFactorEntry_le_one_of_IsSignEquiv_det_ne_zero	authored	21663	0	21683	24	21665	8	21665	81	DED8915BEFA84485EA24537DC90757C4E8F37441810EEBC8EE47EE48530F8B96	NumStability.Source.Higham.Chapter09.Section06
route	NumStability.Algorithms.HighamChapter9	NumStability.higham9_12_sign_equiv_growthFactorEntry_le_one_of_det_ne_zero	NumStability.higham9_12_sign_equiv_growthFactorEntry_le_one_of_det_ne_zero	NumStability.higham9_12_sign_equiv_growthFactorEntry_le_one_of_det_ne_zero	NumStability.higham9_12_sign_equiv_growthFactorEntry_le_one_of_det_ne_zero	authored	21538	0	21562	76	21540	8	21540	69	FCDC86590D1DC56958308B325C83F3DB56EEDDF78F685DEF691EB1FDD506F8F8	NumStability.Source.Higham.Chapter09.Section06
route	NumStability.Algorithms.HighamChapter9	NumStability.higham9_12_sign_equiv_optimal_growth	NumStability.higham9_12_sign_equiv_optimal_growth	NumStability.higham9_12_sign_equiv_optimal_growth	NumStability.higham9_12_sign_equiv_optimal_growth	authored	21495	0	21511	35	21496	8	21496	44	73A7A24FF9600EDBBF43404B25A9A699CE411310B601B9A681A8307B61DE6611	NumStability.Source.Higham.Chapter09.Section06
route	NumStability.Algorithms.HighamChapter9	NumStability.higham9_12_sign_equiv_optimal_growth_of_IsSignEquiv	NumStability.higham9_12_sign_equiv_optimal_growth_of_IsSignEquiv	NumStability.higham9_12_sign_equiv_optimal_growth_of_IsSignEquiv	NumStability.higham9_12_sign_equiv_optimal_growth_of_IsSignEquiv	authored	21622	0	21640	53	21628	8	21628	59	9A9A7293902451D0A481E874121A0B1D3E241F042C8C610631283B43B82369CD	NumStability.Source.Higham.Chapter09.Section06
route	NumStability.Algorithms.HighamChapter9	NumStability.higham9_12_sign_equiv_signDiag_witnesses	NumStability.higham9_12_sign_equiv_signDiag_witnesses	NumStability.higham9_12_sign_equiv_signDiag_witnesses	NumStability.higham9_12_sign_equiv_signDiag_witnesses	authored	21579	0	21620	17	21582	8	21582	48	E12E33CE86A85A8A2B07A750BDC867D0B736B8D9079D6D6B94026DF24293EC45	NumStability.Source.Higham.Chapter09.Section06
route	NumStability.Algorithms.HighamChapter9	NumStability.higham9_12_sineMatrix	NumStability.higham9_12_sineMatrix	NumStability.higham9_12_sineMatrix	NumStability.higham9_12_sineMatrix	authored	9306	0	9317	22	9312	18	9312	39	9A5C27FEF0357186C08DA278B12A60101C95C0AC67CDA9101378C15CAE164C49	NumStability.Source.Higham.Chapter09.Section04
route	NumStability.Algorithms.HighamChapter9	NumStability.higham9_12_sineMatrix_entry_abs_le_scale	NumStability.higham9_12_sineMatrix_entry_abs_le_scale	NumStability.higham9_12_sineMatrix_entry_abs_le_scale	NumStability.higham9_12_sineMatrix_entry_abs_le_scale	authored	9326	0	9332	75	9328	8	9328	48	B2617694D50F84738EB55D3916C6F54980115739555A89A2665AB995A2B69353	NumStability.Source.Higham.Chapter09.Section04
route	NumStability.Algorithms.HighamChapter9	NumStability.higham9_12_sineMatrix_inverse_formula	NumStability.higham9_12_sineMatrix_inverse_formula	NumStability.higham9_12_sineMatrix_inverse_formula	NumStability.higham9_12_sineMatrix_inverse_formula	authored	9945	0	9951	53	9947	8	9947	45	8525B5FC4C700243E6C3B2105AB08D40C234B2FBAEAC316A379D40BAA72DF439	NumStability.Source.Higham.Chapter09.Section04
route	NumStability.Algorithms.HighamChapter9	NumStability.higham9_12_sineMatrix_maxEntryNorm_le_scale	NumStability.higham9_12_sineMatrix_maxEntryNorm_le_scale	NumStability.higham9_12_sineMatrix_maxEntryNorm_le_scale	NumStability.higham9_12_sineMatrix_maxEntryNorm_le_scale	authored	9334	0	9344	54	9336	8	9336	51	2CA1346E21574BEABC6E2C3C1A7E38DC8B03DCB3E0655ED8F49047B14A81B7C0	NumStability.Source.Higham.Chapter09.Section04
route	NumStability.Algorithms.HighamChapter9	NumStability.higham9_12_sineMatrix_maxEntryNorm_pos	NumStability.higham9_12_sineMatrix_maxEntryNorm_pos	NumStability.higham9_12_sineMatrix_maxEntryNorm_pos	NumStability.higham9_12_sineMatrix_maxEntryNorm_pos	authored	9372	0	9381	41	9374	8	9374	46	D0A937369C43657E234850A52DA8965C309C54E1AC6B89119584ED17A7188D41	NumStability.Source.Higham.Chapter09.Section04
route	NumStability.Algorithms.HighamChapter9	NumStability.higham9_12_sineMatrix_mul_self	NumStability.higham9_12_sineMatrix_mul_self	NumStability.higham9_12_sineMatrix_mul_self	NumStability.higham9_12_sineMatrix_mul_self	authored	9870	0	9943	8	9872	8	9872	38	B1ECBF8292BFEBD16C71C66C9F6185F9EE0382BCB855A6CF7F19284DE763B538	NumStability.Source.Higham.Chapter09.Section04
route	NumStability.Algorithms.HighamChapter9	NumStability.higham9_12_sineMatrix_symm	NumStability.higham9_12_sineMatrix_symm	NumStability.higham9_12_sineMatrix_symm	NumStability.higham9_12_sineMatrix_symm	authored	9319	0	9324	6	9320	8	9320	34	D5B57AD463F059589BF2F877F682ED89DDC7F20B3CE0210699A2B2B60BA6BB2D	NumStability.Source.Higham.Chapter09.Section04
route	NumStability.Algorithms.HighamChapter9	NumStability.higham9_12_sineMatrix_theta_candidate_ge_half_succ	NumStability.higham9_12_sineMatrix_theta_candidate_ge_half_succ	NumStability.higham9_12_sineMatrix_theta_candidate_ge_half_succ	NumStability.higham9_12_sineMatrix_theta_candidate_ge_half_succ	authored	10013	0	10029	52	10019	8	10019	58	0EB96598B71DD059A5052644C87565ABBB7683AAE35C09CC76E34366FE58A20C	NumStability.Source.Higham.Chapter09.Section04
route	NumStability.Algorithms.HighamChapter9	NumStability.higham9_12_sineMatrix_two_theta_candidate_ge_succ	NumStability.higham9_12_sineMatrix_two_theta_candidate_ge_succ	NumStability.higham9_12_sineMatrix_two_theta_candidate_ge_succ	NumStability.higham9_12_sineMatrix_two_theta_candidate_ge_succ	authored	10031	0	10039	10	10033	8	10033	57	0A0081D8BE07DC43849DACBDA2895FE46F9ADC411EC7F6EED715606F82CB6FE0	NumStability.Source.Higham.Chapter09.Section04
route	NumStability.Algorithms.HighamChapter9	NumStability.higham9_12_sineMatrix_zero_zero_pos	NumStability.higham9_12_sineMatrix_zero_zero_pos	NumStability.higham9_12_sineMatrix_zero_zero_pos	NumStability.higham9_12_sineMatrix_zero_zero_pos	authored	9346	0	9370	35	9349	8	9349	43	FEBA3DBDF3EC29BD0F924F647A2DC4D6EA34AEF618994BB7920FB45F406FF982	NumStability.Source.Higham.Chapter09.Section04
route	NumStability.Algorithms.HighamChapter9	NumStability.higham9_12_sineRoot_ne_one	NumStability.higham9_12_sineRoot_ne_one	NumStability.higham9_12_sineRoot_ne_one	NumStability.higham9_12_sineRoot_ne_one	authored	9412	0	9449	10	9414	8	9414	34	6B749E5258F49EA459A2E1E5EF61ED0C7A0C3F13C1688FEE8D806414D13C819A	NumStability.Source.Higham.Chapter09.Section04
route	NumStability.Algorithms.HighamChapter9	NumStability.higham9_12_sineRoot_pow_even	NumStability.higham9_12_sineRoot_pow_even	NumStability.higham9_12_sineRoot_pow_even	NumStability.higham9_12_sineRoot_pow_even	authored	9383	0	9395	6	9385	8	9385	36	65F34FA0E09E62AE3E10A8B9BDF26DCD633A30BFBE14B89A1B3B0F597DD100FC	NumStability.Source.Higham.Chapter09.Section04
route	NumStability.Algorithms.HighamChapter9	NumStability.higham9_12_sineRoot_pow_odd	NumStability.higham9_12_sineRoot_pow_odd	NumStability.higham9_12_sineRoot_pow_odd	NumStability.higham9_12_sineRoot_pow_odd	authored	9397	0	9410	6	9399	8	9399	35	77BEAD997D07186DA9CE6327C526790F0357A740230CDAF0CD049369B7572A5F	NumStability.Source.Higham.Chapter09.Section04
route	NumStability.Algorithms.HighamChapter9	NumStability.higham9_12_sineRoot_shifted_pow_re_eq_cos	NumStability.higham9_12_sineRoot_shifted_pow_re_eq_cos	NumStability.higham9_12_sineRoot_shifted_pow_re_eq_cos	NumStability.higham9_12_sineRoot_shifted_pow_re_eq_cos	authored	9492	0	9518	6	9493	8	9493	49	E402C48B809FFD30DC11EC21C210800780E53EA647D3DB46605E124418C590F8	NumStability.Source.Higham.Chapter09.Section04
route	NumStability.Algorithms.HighamChapter9	NumStability.higham9_12_sine_product_sum	NumStability.higham9_12_sine_product_sum	NumStability.higham9_12_sine_product_sum	NumStability.higham9_12_sine_product_sum	authored	9714	0	9868	35	9718	8	9718	35	4B11CB454907EAF016BC9979D4841E8C44615A03BCA509D476C993B5E14BC6CD	NumStability.Source.Higham.Chapter09.Section04
route	NumStability.Algorithms.HighamChapter9	NumStability.higham9_12_spd_lu_backward_error	NumStability.higham9_12_spd_lu_backward_error	NumStability.higham9_12_spd_lu_backward_error	NumStability.higham9_12_spd_lu_backward_error	authored	21287	0	21299	61	21289	8	21289	40	1E1AA60B6457962601B345EB87CF6CD1451C2C63200BF7B345DD773E9E8632BD	NumStability.Source.Higham.Chapter09.Section05
route	NumStability.Algorithms.HighamChapter9	NumStability.higham9_12_spd_tridiag_absLU_eq_of_positive_DLT	NumStability.higham9_12_spd_tridiag_absLU_eq_of_positive_DLT	NumStability.higham9_12_spd_tridiag_absLU_eq_of_positive_DLT	NumStability.higham9_12_spd_tridiag_absLU_eq_of_positive_DLT	authored	21301	0	21314	68	21306	8	21306	55	EFFC60BA09DDF5D1B2949A25811AF8699D26C271EE422F8ECB04317CBC465B1A	NumStability.Source.Higham.Chapter09.Section06
route	NumStability.Algorithms.HighamChapter9	NumStability.higham9_12_spd_tridiag_builder_absLU_eq_of_positive_DLT	NumStability.higham9_12_spd_tridiag_builder_absLU_eq_of_positive_DLT	NumStability.higham9_12_spd_tridiag_builder_absLU_eq_of_positive_DLT	NumStability.higham9_12_spd_tridiag_builder_absLU_eq_of_positive_DLT	authored	21971	0	21991	25	21974	8	21974	63	881842E00B9416B7662229FC2244E6A5D84BBDCCD3C1EF61E7769005FABD5434	NumStability.Source.Higham.Chapter09.Section06
route	NumStability.Algorithms.HighamChapter9	NumStability.higham9_12_spd_tridiag_builder_absLU_eq_of_recurrence	NumStability.higham9_12_spd_tridiag_builder_absLU_eq_of_recurrence	NumStability.higham9_12_spd_tridiag_builder_absLU_eq_of_recurrence	NumStability.higham9_12_spd_tridiag_builder_absLU_eq_of_recurrence	authored	22071	0	22086	15	22074	8	22074	61	FC565DD3ADAB801450788E0E5501A7B0842EF06C2DEB050422AF7C90C478F56C	NumStability.Source.Higham.Chapter09.Section06
route	NumStability.Algorithms.HighamChapter9	NumStability.higham9_12_spd_tridiag_builder_growthFactorEntry_le_one	NumStability.higham9_12_spd_tridiag_builder_growthFactorEntry_le_one	NumStability.higham9_12_spd_tridiag_builder_growthFactorEntry_le_one	NumStability.higham9_12_spd_tridiag_builder_growthFactorEntry_le_one	authored	21993	0	22013	25	21995	8	21995	63	1414407557452E0156041760AD603EE3628432BA0181E6A7142B072991D13BB9	NumStability.Source.Higham.Chapter09.Section06
route	NumStability.Algorithms.HighamChapter9	NumStability.higham9_12_spd_tridiag_builder_growthFactorEntry_le_one_of_recurrence	NumStability.higham9_12_spd_tridiag_builder_growthFactorEntry_le_one_of_recurrence	NumStability.higham9_12_spd_tridiag_builder_growthFactorEntry_le_one_of_recurrence	NumStability.higham9_12_spd_tridiag_builder_growthFactorEntry_le_one_of_recurrence	authored	22088	0	22103	15	22090	8	22090	77	6F4860D8F0631B114AFEA0426B982F5289A3AC9BCE6E598EA9A53EC9DF6D3F17	NumStability.Source.Higham.Chapter09.Section06
route	NumStability.Algorithms.HighamChapter9	NumStability.higham9_12_spd_tridiag_builder_growthFactorEntry_le_one_of_spd	NumStability.higham9_12_spd_tridiag_builder_growthFactorEntry_le_one_of_spd	NumStability.higham9_12_spd_tridiag_builder_growthFactorEntry_le_one_of_spd	NumStability.higham9_12_spd_tridiag_builder_growthFactorEntry_le_one_of_spd	authored	22015	0	22040	55	22017	8	22017	70	3EC47BD883D3575B154FBD0E05B775AF257205052E05114A9A19CF1ECF1D22B9	NumStability.Source.Higham.Chapter09.Section06
route	NumStability.Algorithms.HighamChapter9	NumStability.higham9_12_spd_tridiag_builder_growthFactorEntry_le_one_of_spd_recurrence	NumStability.higham9_12_spd_tridiag_builder_growthFactorEntry_le_one_of_spd_recurrence	NumStability.higham9_12_spd_tridiag_builder_growthFactorEntry_le_one_of_spd_recurrence	NumStability.higham9_12_spd_tridiag_builder_growthFactorEntry_le_one_of_spd_recurrence	authored	22105	0	22122	17	22107	8	22107	81	41E9F03B17A08A5307BA022D780EA2C79531CE8814F28C2B428C3DF9925099BA	NumStability.Source.Higham.Chapter09.Section06
route	NumStability.Algorithms.HighamChapter9	NumStability.higham9_12_spd_tridiag_builder_lu_backward_error_of_positive_DLT	NumStability.higham9_12_spd_tridiag_builder_lu_backward_error_of_positive_DLT	NumStability.higham9_12_spd_tridiag_builder_lu_backward_error_of_positive_DLT	NumStability.higham9_12_spd_tridiag_builder_lu_backward_error_of_positive_DLT	authored	22042	0	22069	25	22044	8	22044	72	F4C77E1025D385E5435191AA658ECE05EB04C4BD68D6E7D79733EE1367A1E784	NumStability.Source.Higham.Chapter09.Section06
route	NumStability.Algorithms.HighamChapter9	NumStability.higham9_12_spd_tridiag_builder_lu_backward_error_of_recurrence	NumStability.higham9_12_spd_tridiag_builder_lu_backward_error_of_recurrence	NumStability.higham9_12_spd_tridiag_builder_lu_backward_error_of_recurrence	NumStability.higham9_12_spd_tridiag_builder_lu_backward_error_of_recurrence	authored	22124	0	22146	15	22126	8	22126	70	04E8B43A1D33025B32973601ED13F9EF2D52820C4E24367B0F415D7226011766	NumStability.Source.Higham.Chapter09.Section06
route	NumStability.Algorithms.HighamChapter9	NumStability.higham9_12_spd_tridiag_growthFactorEntry_le_one	NumStability.higham9_12_spd_tridiag_growthFactorEntry_le_one	NumStability.higham9_12_spd_tridiag_growthFactorEntry_le_one	NumStability.higham9_12_spd_tridiag_growthFactorEntry_le_one	authored	21378	0	21395	39	21381	8	21381	55	7A754A22B7478638A61BCE5F34C80E333C23FD2A06F16A0BCD1915BBD904F0E8	NumStability.Source.Higham.Chapter09.Section06
route	NumStability.Algorithms.HighamChapter9	NumStability.higham9_12_spd_tridiag_growthFactorEntry_le_one_of_spd	NumStability.higham9_12_spd_tridiag_growthFactorEntry_le_one_of_spd	NumStability.higham9_12_spd_tridiag_growthFactorEntry_le_one_of_spd	NumStability.higham9_12_spd_tridiag_growthFactorEntry_le_one_of_spd	authored	21397	0	21419	35	21403	8	21403	62	093250F2EE61112A6114282FDD3F7C070F418B6B054F33304A5FF9B048E45D19	NumStability.Source.Higham.Chapter09.Section06
route	NumStability.Algorithms.HighamChapter9	NumStability.higham9_12_spd_tridiag_lu_backward_error_of_positive_DLT	NumStability.higham9_12_spd_tridiag_lu_backward_error_of_positive_DLT	NumStability.higham9_12_spd_tridiag_lu_backward_error_of_positive_DLT	NumStability.higham9_12_spd_tridiag_lu_backward_error_of_positive_DLT	authored	21316	0	21336	42	21320	8	21320	64	3A47F309822447CB0AA8234C3F9F3DE69EBEAC8108DF5833F846693C63C5EE76	NumStability.Source.Higham.Chapter09.Section06
route	NumStability.Algorithms.HighamChapter9	NumStability.higham9_12_theta_ge_half_succ_of_maxEntryNorm_le_scale	NumStability.higham9_12_theta_ge_half_succ_of_maxEntryNorm_le_scale	NumStability.higham9_12_theta_ge_half_succ_of_maxEntryNorm_le_scale	NumStability.higham9_12_theta_ge_half_succ_of_maxEntryNorm_le_scale	authored	9953	0	9993	28	9957	8	9957	62	1C30DBE0AD53661FC98D153A254914CE70D03F262BFBE8858777CC6C066E8FE5	NumStability.Source.Higham.Chapter09.Section04
route	NumStability.Algorithms.HighamChapter9	NumStability.higham9_12_two_theta_ge_succ_of_maxEntryNorm_le_scale	NumStability.higham9_12_two_theta_ge_succ_of_maxEntryNorm_le_scale	NumStability.higham9_12_two_theta_ge_succ_of_maxEntryNorm_le_scale	NumStability.higham9_12_two_theta_ge_succ_of_maxEntryNorm_le_scale	authored	9995	0	10011	10	9997	8	9997	61	83AE2C4789FAE94809D4D221FEE4F027D0899A8FE9FB5E9503A9F82C6D04597C	NumStability.Source.Higham.Chapter09.Section04
route	NumStability.Algorithms.HighamChapter9	NumStability.higham9_13_colDiagDom_L_entries_bounded_of_LUFactSpec	NumStability.higham9_13_colDiagDom_L_entries_bounded_of_LUFactSpec	NumStability.higham9_13_colDiagDom_L_entries_bounded_of_LUFactSpec	NumStability.higham9_13_colDiagDom_L_entries_bounded_of_LUFactSpec	authored	22347	0	22363	19	22351	8	22351	61	B59864DF2B821C7F0A29C6457934696EAADAC0BCF8D4BCE6A43B7E2982012919	NumStability.Source.Higham.Chapter09.Section06
route	NumStability.Algorithms.HighamChapter9	NumStability.higham9_13_colDiagDom_growthFactorEntry_le_three_of_LUFactSpec	NumStability.higham9_13_colDiagDom_growthFactorEntry_le_three_of_LUFactSpec	NumStability.higham9_13_colDiagDom_growthFactorEntry_le_three_of_LUFactSpec	NumStability.higham9_13_colDiagDom_growthFactorEntry_le_three_of_LUFactSpec	authored	22380	0	22393	28	22382	8	22382	70	9E4F57A97B144EB948B84125867C10A12AE478D4108884C6C1DF8DD8512CEDDE	NumStability.Source.Higham.Chapter09.Section06
route	NumStability.Algorithms.HighamChapter9	NumStability.higham9_13_colDiagDom_tridiag_growth_bound_3_of_LUFactSpec	NumStability.higham9_13_colDiagDom_tridiag_growth_bound_3_of_LUFactSpec	NumStability.higham9_13_colDiagDom_tridiag_growth_bound_3_of_LUFactSpec	NumStability.higham9_13_colDiagDom_tridiag_growth_bound_3_of_LUFactSpec	authored	22365	0	22378	22	22367	8	22367	66	B4E5B513E6AC0E5FC0B056E685DA3219000650898703C6C96ED187C61CDC40FD	NumStability.Source.Higham.Chapter09.Section06
route	NumStability.Algorithms.HighamChapter9	NumStability.higham9_13_column_growth_by_modification_count	NumStability.higham9_13_column_growth_by_modification_count	NumStability.higham9_13_column_growth_by_modification_count	NumStability.higham9_13_column_growth_by_modification_count	authored	13427	0	13462	16	13430	8	13430	54	C089B77F5F5EE34C2177F6F0F224F4BA2FE92231497DFCFA12126A1070063704	NumStability.Source.Higham.Chapter09.Section04
route	NumStability.Algorithms.HighamChapter9	NumStability.higham9_13_complexGrowthFactorEntry	NumStability.higham9_13_complexGrowthFactorEntry	NumStability.higham9_13_complexGrowthFactorEntry	NumStability.higham9_13_complexGrowthFactorEntry	authored	10583	0	10589	75	10587	18	10587	53	5E107718E9F5EEC39CE9471091E497C6F18AE227A1A2EF439B5EA4561E90F78D	NumStability.Source.Higham.Chapter09.Section04
route	NumStability.Algorithms.HighamChapter9	NumStability.higham9_13_complexMaxEntryNorm	NumStability.higham9_13_complexMaxEntryNorm	NumStability.higham9_13_complexMaxEntryNorm	NumStability.higham9_13_complexMaxEntryNorm	authored	10408	0	10417	25	10413	18	10413	48	83028EAC926FF248842102456DF5853B22F26CE365B016C326672D7AEC17E448	NumStability.Source.Higham.Chapter09.Section04
route	NumStability.Algorithms.HighamChapter9	NumStability.higham9_13_complexMaxEntryNorm_le_of_entry_le_bound	NumStability.higham9_13_complexMaxEntryNorm_le_of_entry_le_bound	NumStability.higham9_13_complexMaxEntryNorm_le_of_entry_le_bound	NumStability.higham9_13_complexMaxEntryNorm_le_of_entry_le_bound	authored	10438	0	10448	18	10439	6	10439	57	9E781A70FCE14AC5E07121864A97806165449D25E9EFD209A86ED78693923AB6	NumStability.Source.Higham.Chapter09.Section04
route	NumStability.Algorithms.HighamChapter9	NumStability.higham9_13_complexMaxEntryNorm_le_of_entry_le_max	NumStability.higham9_13_complexMaxEntryNorm_le_of_entry_le_max	NumStability.higham9_13_complexMaxEntryNorm_le_of_entry_le_max	NumStability.higham9_13_complexMaxEntryNorm_le_of_entry_le_max	authored	10450	0	10457	48	10452	6	10452	55	C863B5E0B12B5A8C5D0396D689F09DBE195D723A5BC52F7357D2119A59C9DFD7	NumStability.Source.Higham.Chapter09.Section04
route	NumStability.Algorithms.HighamChapter9	NumStability.higham9_13_complexMaxEntryNorm_nonneg	NumStability.higham9_13_complexMaxEntryNorm_nonneg	NumStability.higham9_13_complexMaxEntryNorm_nonneg	NumStability.higham9_13_complexMaxEntryNorm_nonneg	authored	10430	0	10436	61	10431	6	10431	43	29A35050A2E2F0879AC139B60B7C52CAF366219E1DAE6FA0307D90747ACD1B00	NumStability.Source.Higham.Chapter09.Section04
route	NumStability.Algorithms.HighamChapter9	NumStability.higham9_13_entry_norm_le_complexMaxEntryNorm	NumStability.higham9_13_entry_norm_le_complexMaxEntryNorm	NumStability.higham9_13_entry_norm_le_complexMaxEntryNorm	NumStability.higham9_13_entry_norm_le_complexMaxEntryNorm	authored	10419	0	10428	25	10421	6	10421	50	E224EDC764BEC9064FE6A7BF348117EBEA63017FD02EB0642D7690DEC60A2A2E	NumStability.Source.Higham.Chapter09.Section04
route	NumStability.Algorithms.HighamChapter9	NumStability.higham9_13_fourierRoot_geometric_sum_zero	NumStability.higham9_13_fourierRoot_geometric_sum_zero	NumStability.higham9_13_fourierRoot_geometric_sum_zero	NumStability.higham9_13_fourierRoot_geometric_sum_zero	authored	10189	0	10206	29	10191	8	10191	49	E0FF3D55A61F2732673851B11466D3BC795AAB682B98D9176143137B4CCA02B8	NumStability.Source.Higham.Chapter09.Section04
route	NumStability.Algorithms.HighamChapter9	NumStability.higham9_13_fourierRoot_ne_one	NumStability.higham9_13_fourierRoot_ne_one	NumStability.higham9_13_fourierRoot_ne_one	NumStability.higham9_13_fourierRoot_ne_one	authored	10149	0	10187	10	10151	8	10151	37	4E54A72F95226130100616A95FC057E2FB5F1C2ADC9DE2535F2C2C9410F22D51	NumStability.Source.Higham.Chapter09.Section04
route	NumStability.Algorithms.HighamChapter9	NumStability.higham9_13_fourierRoot_pow_card	NumStability.higham9_13_fourierRoot_pow_card	NumStability.higham9_13_fourierRoot_pow_card	NumStability.higham9_13_fourierRoot_pow_card	authored	10135	0	10147	57	10137	8	10137	39	94D1CEDB4D421CC1160AB0EC7C7CD154D05579B7E8DA7015C9F60A613B0B8364	NumStability.Source.Higham.Chapter09.Section04
route	NumStability.Algorithms.HighamChapter9	NumStability.higham9_13_fourierVandermonde	NumStability.higham9_13_fourierVandermonde	NumStability.higham9_13_fourierVandermonde	NumStability.higham9_13_fourierVandermonde	authored	10043	0	10054	18	10049	18	10049	47	41B875309C002B4BC85913A03F78BD6D4F08CA0B0A066EC7E63C70AD49C28F46	NumStability.Source.Higham.Chapter09.Section04
route	NumStability.Algorithms.HighamChapter9	NumStability.higham9_13_fourierVandermondeScaledAdjoint	NumStability.higham9_13_fourierVandermondeScaledAdjoint	NumStability.higham9_13_fourierVandermondeScaledAdjoint	NumStability.higham9_13_fourierVandermondeScaledAdjoint	authored	10324	0	10328	69	10326	18	10326	60	D41911A765066874EED9DA2A673CD4874E580F015375BB7CC4AC6C9EC45BC1F3	NumStability.Source.Higham.Chapter09.Section04
route	NumStability.Algorithms.HighamChapter9	NumStability.higham9_13_fourierVandermondeScaledAdjoint_complexMaxEntryNorm_eq_inv	NumStability.higham9_13_fourierVandermondeScaledAdjoint_complexMaxEntryNorm_eq_inv	NumStability.higham9_13_fourierVandermondeScaledAdjoint_complexMaxEntryNorm_eq_inv	NumStability.higham9_13_fourierVandermondeScaledAdjoint_complexMaxEntryNorm_eq_inv	authored	10548	0	10565	72	10550	8	10550	77	7D54A05211C5E8B2BBA9C29F690F1575FBF4D2E386890AD93D2710DBBAF8C066	NumStability.Source.Higham.Chapter09.Section04
route	NumStability.Algorithms.HighamChapter9	NumStability.higham9_13_fourierVandermondeScaledAdjoint_norm	NumStability.higham9_13_fourierVandermondeScaledAdjoint_norm	NumStability.higham9_13_fourierVandermondeScaledAdjoint_norm	NumStability.higham9_13_fourierVandermondeScaledAdjoint_norm	authored	10539	0	10546	6	10541	8	10541	55	07CAEE1B613BA583855F517341E7F62BAE0361048E046305B36E93270FB0209D	NumStability.Source.Higham.Chapter09.Section04
route	NumStability.Algorithms.HighamChapter9	NumStability.higham9_13_fourierVandermonde_column_gram	NumStability.higham9_13_fourierVandermonde_column_gram	NumStability.higham9_13_fourierVandermonde_column_gram	NumStability.higham9_13_fourierVandermonde_column_gram	authored	10280	0	10290	67	10282	8	10282	49	EEBEFD8D19D8A3BB02BC9EB5BBCDA8DD1787950EED03065AB45F440160AE6040	NumStability.Source.Higham.Chapter09.Section04
route	NumStability.Algorithms.HighamChapter9	NumStability.higham9_13_fourierVandermonde_column_norm_sq	NumStability.higham9_13_fourierVandermonde_column_norm_sq	NumStability.higham9_13_fourierVandermonde_column_norm_sq	NumStability.higham9_13_fourierVandermonde_column_norm_sq	authored	10102	0	10117	26	10105	8	10105	52	76CD432CA16F15897C1275C793BDE349538CA1129FB85B00B5E330257D3EA2F4	NumStability.Source.Higham.Chapter09.Section04
route	NumStability.Algorithms.HighamChapter9	NumStability.higham9_13_fourierVandermonde_column_orthogonal	NumStability.higham9_13_fourierVandermonde_column_orthogonal	NumStability.higham9_13_fourierVandermonde_column_orthogonal	NumStability.higham9_13_fourierVandermonde_column_orthogonal	authored	10251	0	10278	30	10255	8	10255	55	F25BD1C0671B0264EC44F0EA0157B7F8AD69AAE0CA1BEBB75222638C2C945044	NumStability.Source.Higham.Chapter09.Section04
route	NumStability.Algorithms.HighamChapter9	NumStability.higham9_13_fourierVandermonde_column_orthogonal_of_lt	NumStability.higham9_13_fourierVandermonde_column_orthogonal_of_lt	NumStability.higham9_13_fourierVandermonde_column_orthogonal_of_lt	NumStability.higham9_13_fourierVandermonde_column_orthogonal_of_lt	authored	10227	0	10249	86	10229	8	10229	61	68356022732495777BAF260A75F82CFEAE9B587A6806120AD5F7D16BB4FB9297	NumStability.Source.Higham.Chapter09.Section04
route	NumStability.Algorithms.HighamChapter9	NumStability.higham9_13_fourierVandermonde_complexGrowthFactorEntry_ge_card	NumStability.higham9_13_fourierVandermonde_complexGrowthFactorEntry_ge_card	NumStability.higham9_13_fourierVandermonde_complexGrowthFactorEntry_ge_card	NumStability.higham9_13_fourierVandermonde_complexGrowthFactorEntry_ge_card	authored	10645	0	10678	14	10651	8	10651	70	B3D818CAA3FA2ADC4F2F517A45FF5BFA0D7E0372063C6A688C80AAE3A62DC56F	NumStability.Source.Higham.Chapter09.Section04
route	NumStability.Algorithms.HighamChapter9	NumStability.higham9_13_fourierVandermonde_complexGrowthFactorEntry_ge_card_of_completePermutedLUFactSpec	NumStability.higham9_13_fourierVandermonde_complexGrowthFactorEntry_ge_card_of_completePermutedLUFactSpec	NumStability.higham9_13_fourierVandermonde_complexGrowthFactorEntry_ge_card_of_completePermutedLUFactSpec	NumStability.higham9_13_fourierVandermonde_complexGrowthFactorEntry_ge_card_of_completePermutedLUFactSpec	authored	11393	0	11443	59	11400	8	11400	100	88BFEB534BEF527772EB33D7F7BB06ED92AB67328BB2A67753A607160A9A8B5B	NumStability.Source.Higham.Chapter09.Section04
route	NumStability.Algorithms.HighamChapter9	NumStability.higham9_13_fourierVandermonde_complexMaxEntryNorm_eq_one	NumStability.higham9_13_fourierVandermonde_complexMaxEntryNorm_eq_one	NumStability.higham9_13_fourierVandermonde_complexMaxEntryNorm_eq_one	NumStability.higham9_13_fourierVandermonde_complexMaxEntryNorm_eq_one	authored	10522	0	10537	59	10524	8	10524	64	7161BB441EF6EF90C696BF42FB1059270219C8466800597048798C0CC96BFA63	NumStability.Source.Higham.Chapter09.Section04
route	NumStability.Algorithms.HighamChapter9	NumStability.higham9_13_fourierVandermonde_conj_mul_eq_pow_of_col_lt	NumStability.higham9_13_fourierVandermonde_conj_mul_eq_pow_of_col_lt	NumStability.higham9_13_fourierVandermonde_conj_mul_eq_pow_of_col_lt	NumStability.higham9_13_fourierVandermonde_conj_mul_eq_pow_of_col_lt	authored	10208	0	10225	6	10210	8	10210	63	D8E685F1FAE38F06CBE956205B109EAB2BC3B251983FA0278407A37B022CA876	NumStability.Source.Higham.Chapter09.Section04
route	NumStability.Algorithms.HighamChapter9	NumStability.higham9_13_fourierVandermonde_conj_mul_self	NumStability.higham9_13_fourierVandermonde_conj_mul_self	NumStability.higham9_13_fourierVandermonde_conj_mul_self	NumStability.higham9_13_fourierVandermonde_conj_mul_self	authored	10087	0	10100	10	10090	8	10090	51	BD800C51F6916693C28F09A12FD6D60B627157F276CDFD6C93F66CA7D8A647FB	NumStability.Source.Higham.Chapter09.Section04
route	NumStability.Algorithms.HighamChapter9	NumStability.higham9_13_fourierVandermonde_firstCol	NumStability.higham9_13_fourierVandermonde_firstCol	NumStability.higham9_13_fourierVandermonde_firstCol	NumStability.higham9_13_fourierVandermonde_firstCol	authored	10072	0	10077	38	10074	8	10074	46	E35AC59A6F38316F1F06C8451DA88614E2B87434E5F03F4F819F5210939F2CF6	NumStability.Source.Higham.Chapter09.Section04
route	NumStability.Algorithms.HighamChapter9	NumStability.higham9_13_fourierVandermonde_firstRow	NumStability.higham9_13_fourierVandermonde_firstRow	NumStability.higham9_13_fourierVandermonde_firstRow	NumStability.higham9_13_fourierVandermonde_firstRow	authored	10065	0	10070	38	10067	8	10067	46	24FD61B29A18E2ADEDBCC4DF1752E21524CEF512B90EBE61180809165976C583	NumStability.Source.Higham.Chapter09.Section04
route	NumStability.Algorithms.HighamChapter9	NumStability.higham9_13_fourierVandermonde_inverse_formula	NumStability.higham9_13_fourierVandermonde_inverse_formula	NumStability.higham9_13_fourierVandermonde_inverse_formula	NumStability.higham9_13_fourierVandermonde_inverse_formula	authored	10391	0	10406	52	10394	8	10394	53	66070B9BF87196C0E771CA087FF4A80824BA804065C01566C879A4C425AB8E5E	NumStability.Source.Higham.Chapter09.Section04
route	NumStability.Algorithms.HighamChapter9	NumStability.higham9_13_fourierVandermonde_mul_scaledAdjoint	NumStability.higham9_13_fourierVandermonde_mul_scaledAdjoint	NumStability.higham9_13_fourierVandermonde_mul_scaledAdjoint	NumStability.higham9_13_fourierVandermonde_mul_scaledAdjoint	authored	10360	0	10389	27	10362	8	10362	55	AA1323486CB0188255A97828A119BF50FAE161131ED14625D64CDFC4EB18FB70	NumStability.Source.Higham.Chapter09.Section04
route	NumStability.Algorithms.HighamChapter9	NumStability.higham9_13_fourierVandermonde_norm	NumStability.higham9_13_fourierVandermonde_norm	NumStability.higham9_13_fourierVandermonde_norm	NumStability.higham9_13_fourierVandermonde_norm	authored	10079	0	10085	36	10082	8	10082	42	BC9ACAC3BEEC68A2DEE361AD47BCA8C583773B6B79E7D5F3058EB98E0AC90BF3	NumStability.Source.Higham.Chapter09.Section04
route	NumStability.Algorithms.HighamChapter9	NumStability.higham9_13_fourierVandermonde_row_gram	NumStability.higham9_13_fourierVandermonde_row_gram	NumStability.higham9_13_fourierVandermonde_row_gram	NumStability.higham9_13_fourierVandermonde_row_gram	authored	10312	0	10322	64	10314	8	10314	46	9F748CB1F5AA6203B0A3F7D20D77AF9A8AAA53472BBA4071CE0214CFBF77E7A3	NumStability.Source.Higham.Chapter09.Section04
route	NumStability.Algorithms.HighamChapter9	NumStability.higham9_13_fourierVandermonde_row_norm_sq	NumStability.higham9_13_fourierVandermonde_row_norm_sq	NumStability.higham9_13_fourierVandermonde_row_norm_sq	NumStability.higham9_13_fourierVandermonde_row_norm_sq	authored	10119	0	10133	26	10121	8	10121	49	D0651393EE077DADEA842366D3E08FDF7799037134111561DE0B1E0F44CDD281	NumStability.Source.Higham.Chapter09.Section04
route	NumStability.Algorithms.HighamChapter9	NumStability.higham9_13_fourierVandermonde_row_orthogonal	NumStability.higham9_13_fourierVandermonde_row_orthogonal	NumStability.higham9_13_fourierVandermonde_row_orthogonal	NumStability.higham9_13_fourierVandermonde_row_orthogonal	authored	10292	0	10310	64	10294	8	10294	52	DF257AA5299F76F5ED64E137FE61AFD685F30113B981366E280F4CA2DBD0CD56	NumStability.Source.Higham.Chapter09.Section04
route	NumStability.Algorithms.HighamChapter9	NumStability.higham9_13_fourierVandermonde_symm	NumStability.higham9_13_fourierVandermonde_symm	NumStability.higham9_13_fourierVandermonde_symm	NumStability.higham9_13_fourierVandermonde_symm	authored	10056	0	10063	9	10058	8	10058	42	73AE8700FE68037431D34375B4E84C31E44677FC7AAE0FC459A52CB37E16D4D8	NumStability.Source.Higham.Chapter09.Section04
route	NumStability.Algorithms.HighamChapter9	NumStability.higham9_13_fourierVandermonde_theta_eq_card	NumStability.higham9_13_fourierVandermonde_theta_eq_card	NumStability.higham9_13_fourierVandermonde_theta_eq_card	NumStability.higham9_13_fourierVandermonde_theta_eq_card	authored	10567	0	10581	18	10571	8	10571	51	FB11854AC1726E0438A1E647581D84C0B533A5595E5B2DE3F1D88E392131F9EA	NumStability.Source.Higham.Chapter09.Section04
route	NumStability.Algorithms.HighamChapter9	NumStability.higham9_13_growthFactorEntry_bound_from_column_modifications	NumStability.higham9_13_growthFactorEntry_bound_from_column_modifications	NumStability.higham9_13_growthFactorEntry_bound_from_column_modifications	NumStability.higham9_13_growthFactorEntry_bound_from_column_modifications	authored	13521	0	13554	65	13529	8	13529	68	1133480C0A482BD069667285CA00246B42DC6C121764D5E62C148FB3B8D6AC90	NumStability.Source.Higham.Chapter09.Section04
route	NumStability.Algorithms.HighamChapter9	NumStability.higham9_13_growthFactorEntry_bound_from_column_modifications_two_pow	NumStability.higham9_13_growthFactorEntry_bound_from_column_modifications_two_pow	NumStability.higham9_13_growthFactorEntry_bound_from_column_modifications_two_pow	NumStability.higham9_13_growthFactorEntry_bound_from_column_modifications_two_pow	authored	13556	0	13578	65	13560	8	13560	76	49E02C8360E6E183727CD062EA96AD4DFB484C6C14850A1158EDA99CA61B6B7E	NumStability.Source.Higham.Chapter09.Section04
route	NumStability.Algorithms.HighamChapter9	NumStability.higham9_13_growthFactorEntry_bound_of_column_counts	NumStability.higham9_13_growthFactorEntry_bound_of_column_counts	NumStability.higham9_13_growthFactorEntry_bound_of_column_counts	NumStability.higham9_13_growthFactorEntry_bound_of_column_counts	authored	13497	0	13519	51	13503	8	13503	59	2113C08866B9770720DABDFF5223723504DF678F5C0E5D55FBE4D568E961F336	NumStability.Source.Higham.Chapter09.Section04
route	NumStability.Algorithms.HighamChapter9	NumStability.higham9_13_growthFactorEntry_bound_of_sparse_columns	NumStability.higham9_13_growthFactorEntry_bound_of_sparse_columns	NumStability.higham9_13_growthFactorEntry_bound_of_sparse_columns	NumStability.higham9_13_growthFactorEntry_bound_of_sparse_columns	authored	13476	0	13495	53	13481	8	13481	60	D54B3C390D4DAD7581C99345D065EAB3AFE68D8AA86574E90A9B04458FD4B361	NumStability.Source.Higham.Chapter09.Section04
route	NumStability.Algorithms.HighamChapter9	NumStability.higham9_13_growthFactorEntry_le_three_of_LUFactSpec	NumStability.higham9_13_growthFactorEntry_le_three_of_LUFactSpec	NumStability.higham9_13_growthFactorEntry_le_three_of_LUFactSpec	NumStability.higham9_13_growthFactorEntry_le_three_of_LUFactSpec	authored	22326	0	22345	50	22329	8	22329	59	AA60498527F817DF8971A65C0E2AB32B90D1A8221FEDF75D7710323586FDFF39	NumStability.Source.Higham.Chapter09.Section06
route	NumStability.Algorithms.HighamChapter9	NumStability.higham9_13_inverse_row_identity_le_card_mul_complexMaxEntryNorm	NumStability.higham9_13_inverse_row_identity_le_card_mul_complexMaxEntryNorm	NumStability.higham9_13_inverse_row_identity_le_card_mul_complexMaxEntryNorm	NumStability.higham9_13_inverse_row_identity_le_card_mul_complexMaxEntryNorm	authored	10459	0	10499	74	10462	8	10462	71	720CCE2F57F88AAD2A93A7503F53F4A7985299E1B028E786AD7BDA9FCFBD2E3D	NumStability.Source.Higham.Chapter09.Section04
route	NumStability.Algorithms.HighamChapter9	NumStability.higham9_13_maxEntryNorm_bound_of_entry_bound	NumStability.higham9_13_maxEntryNorm_bound_of_entry_bound	NumStability.higham9_13_maxEntryNorm_bound_of_entry_bound	NumStability.higham9_13_maxEntryNorm_bound_of_entry_bound	authored	13464	0	13474	14	13465	8	13465	52	E7E351C1BD850AFFC4BC27806430870B5EB0349E0998A407EF67C95CF83A84E0	NumStability.Source.Higham.Chapter09.Section04
route	NumStability.Algorithms.HighamChapter9	NumStability.higham9_13_rowDiagDom_growthFactorEntry_le_three	NumStability.higham9_13_rowDiagDom_growthFactorEntry_le_three	NumStability.higham9_13_rowDiagDom_growthFactorEntry_le_three	NumStability.higham9_13_rowDiagDom_growthFactorEntry_le_three	authored	22477	0	22491	25	22479	8	22479	56	5773CF830DD22D144EE0FE4A55ED67D0FBE81007A30CF2230C2B015D38827284	NumStability.Source.Higham.Chapter09.Section06
route	NumStability.Algorithms.HighamChapter9	NumStability.higham9_13_rowDiagDom_growthFactorEntry_le_three_of_LUFactSpec	NumStability.higham9_13_rowDiagDom_growthFactorEntry_le_three_of_LUFactSpec	NumStability.higham9_13_rowDiagDom_growthFactorEntry_le_three_of_LUFactSpec	NumStability.higham9_13_rowDiagDom_growthFactorEntry_le_three_of_LUFactSpec	authored	22512	0	22530	41	22515	8	22515	70	4652D86CB6ED305A9B31441843225E5CAF66412FB2BF7BAC543179BFC5170FE5	NumStability.Source.Higham.Chapter09.Section06
route	NumStability.Algorithms.HighamChapter9	NumStability.higham9_13_rowDiagDom_transpose_growthFactorEntry_le_three	NumStability.higham9_13_rowDiagDom_transpose_growthFactorEntry_le_three	NumStability.higham9_13_rowDiagDom_transpose_growthFactorEntry_le_three	NumStability.higham9_13_rowDiagDom_transpose_growthFactorEntry_le_three	authored	22418	0	22438	10	22423	8	22423	66	AF87B9A295D08CFE98029F47A4F5EB9337E5DC03D0ED8A9B9900F3A70A56F698	NumStability.Source.Higham.Chapter09.Section06
route	NumStability.Algorithms.HighamChapter9	NumStability.higham9_13_rowDiagDom_transpose_growthFactorEntry_le_three_of_Amax	NumStability.higham9_13_rowDiagDom_transpose_growthFactorEntry_le_three_of_Amax	NumStability.higham9_13_rowDiagDom_transpose_growthFactorEntry_le_three_of_Amax	NumStability.higham9_13_rowDiagDom_transpose_growthFactorEntry_le_three_of_Amax	authored	22440	0	22460	59	22446	8	22446	74	F09F2A0F5CCAAB4B0F73D2BDCAD1B14E19BD9E4FE65F7946DC2893A7AB372471	NumStability.Source.Higham.Chapter09.Section06
route	NumStability.Algorithms.HighamChapter9	NumStability.higham9_13_rowDiagDom_transpose_tridiag_growth_bound_3	NumStability.higham9_13_rowDiagDom_transpose_tridiag_growth_bound_3	NumStability.higham9_13_rowDiagDom_transpose_tridiag_growth_bound_3	NumStability.higham9_13_rowDiagDom_transpose_tridiag_growth_bound_3	authored	22395	0	22416	75	22402	8	22402	62	F4D65FF3F1EC0F7EBC0DB9348F1521CCDDAB363F84C49780FC1378B694DDD85B	NumStability.Source.Higham.Chapter09.Section06
route	NumStability.Algorithms.HighamChapter9	NumStability.higham9_13_rowDiagDom_tridiag_builder_growthFactorEntry_le_three	NumStability.higham9_13_rowDiagDom_tridiag_builder_growthFactorEntry_le_three	NumStability.higham9_13_rowDiagDom_tridiag_builder_growthFactorEntry_le_three	NumStability.higham9_13_rowDiagDom_tridiag_builder_growthFactorEntry_le_three	authored	22636	0	22656	17	22638	8	22638	72	560C3C6E947C5BFA3F6C24F524E4C5F50652E53649E2EC77A2C100C2412A7B7D	NumStability.Source.Higham.Chapter09.Section06
route	NumStability.Algorithms.HighamChapter9	NumStability.higham9_13_rowDiagDom_tridiag_builder_growthFactorEntry_le_three_exists_hAmax	NumStability.higham9_13_rowDiagDom_tridiag_builder_growthFactorEntry_le_three_exists_hAmax	NumStability.higham9_13_rowDiagDom_tridiag_builder_growthFactorEntry_le_three_exists_hAmax	NumStability.higham9_13_rowDiagDom_tridiag_builder_growthFactorEntry_le_three_exists_hAmax	authored	22658	0	22682	49	22660	8	22660	85	0214BB259655CA2BD386A7937ACBF63C728FF427192850F6A3FC5204751E651B	NumStability.Source.Higham.Chapter09.Section06
route	NumStability.Algorithms.HighamChapter9	NumStability.higham9_13_rowDiagDom_tridiag_builder_growthFactorEntry_le_three_of_recurrence	NumStability.higham9_13_rowDiagDom_tridiag_builder_growthFactorEntry_le_three_of_recurrence	NumStability.higham9_13_rowDiagDom_tridiag_builder_growthFactorEntry_le_three_of_recurrence	NumStability.higham9_13_rowDiagDom_tridiag_builder_growthFactorEntry_le_three_of_recurrence	authored	22758	0	22772	17	22760	8	22760	86	AEE0F2341A907CE2DCA303552406E9950E406F242715FA353F4B99D32A13EB2A	NumStability.Source.Higham.Chapter09.Section06
route	NumStability.Algorithms.HighamChapter9	NumStability.higham9_13_rowDiagDom_tridiag_builder_growthFactorEntry_le_three_of_recurrence_exists_hAmax	NumStability.higham9_13_rowDiagDom_tridiag_builder_growthFactorEntry_le_three_of_recurrence_exists_hAmax	NumStability.higham9_13_rowDiagDom_tridiag_builder_growthFactorEntry_le_three_of_recurrence_exists_hAmax	NumStability.higham9_13_rowDiagDom_tridiag_builder_growthFactorEntry_le_three_of_recurrence_exists_hAmax	authored	22774	0	22793	19	22776	8	22776	99	54B54DEE913DA2EAB5604B27BF5D4EBACEFD835A615DCEA94328593A4EAF6436	NumStability.Source.Higham.Chapter09.Section06
route	NumStability.Algorithms.HighamChapter9	NumStability.higham9_13_rowDiagDom_tridiag_builder_growth_bound_3	NumStability.higham9_13_rowDiagDom_tridiag_builder_growth_bound_3	NumStability.higham9_13_rowDiagDom_tridiag_builder_growth_bound_3	NumStability.higham9_13_rowDiagDom_tridiag_builder_growth_bound_3	authored	22613	0	22634	11	22616	8	22616	60	5D1EF8C889C20899A384A8606BD061003BEC14B0CC4231E9CF882B9B21B57433	NumStability.Source.Higham.Chapter09.Section06
route	NumStability.Algorithms.HighamChapter9	NumStability.higham9_13_rowDiagDom_tridiag_builder_growth_bound_3_of_recurrence	NumStability.higham9_13_rowDiagDom_tridiag_builder_growth_bound_3_of_recurrence	NumStability.higham9_13_rowDiagDom_tridiag_builder_growth_bound_3_of_recurrence	NumStability.higham9_13_rowDiagDom_tridiag_builder_growth_bound_3_of_recurrence	authored	22742	0	22756	11	22744	8	22744	74	3468624EC6C8228BA77CCF9F69D71C58879BF57950B061B60597235FD0B3E422	NumStability.Source.Higham.Chapter09.Section06
route	NumStability.Algorithms.HighamChapter9	NumStability.higham9_13_rowDiagDom_tridiag_growth_bound_3	NumStability.higham9_13_rowDiagDom_tridiag_growth_bound_3	NumStability.higham9_13_rowDiagDom_tridiag_growth_bound_3	NumStability.higham9_13_rowDiagDom_tridiag_growth_bound_3	authored	22462	0	22475	71	22467	8	22467	52	7173384A945F7AA545D7E29C9FDBBFE202BC278FF4C6E70FEDAFCD3E4AE35554	NumStability.Source.Higham.Chapter09.Section06
route	NumStability.Algorithms.HighamChapter9	NumStability.higham9_13_rowDiagDom_tridiag_growth_bound_3_of_LUFactSpec	NumStability.higham9_13_rowDiagDom_tridiag_growth_bound_3_of_LUFactSpec	NumStability.higham9_13_rowDiagDom_tridiag_growth_bound_3_of_LUFactSpec	NumStability.higham9_13_rowDiagDom_tridiag_growth_bound_3_of_LUFactSpec	authored	22493	0	22510	37	22498	8	22498	66	AB774F80AEE85B35E76C8568295F594C34FBDA2A1A339FCCCE2C5234BDAF3186	NumStability.Source.Higham.Chapter09.Section06
route	NumStability.Algorithms.HighamChapter9	NumStability.higham9_13_scaledAdjoint_mul_fourierVandermonde	NumStability.higham9_13_scaledAdjoint_mul_fourierVandermonde	NumStability.higham9_13_scaledAdjoint_mul_fourierVandermonde	NumStability.higham9_13_scaledAdjoint_mul_fourierVandermonde	authored	10330	0	10358	22	10332	8	10332	55	3E040F2AD87A6FBEF504BFCB9917696725AC49D1F002A1AF3ADB8D8EE536908E	NumStability.Source.Higham.Chapter09.Section04
route	NumStability.Algorithms.HighamChapter9	NumStability.higham9_13_thresholdFactor	NumStability.higham9_13_thresholdFactor	NumStability.higham9_13_thresholdFactor	NumStability.higham9_13_thresholdFactor	authored	13368	0	13371	9	13370	18	13370	44	7F764DC65E2B3D09BE9FB75364F01BE1DC24FBA44B457B2F6A9646A3A3EB526B	NumStability.Source.Higham.Chapter09.Section04
route	NumStability.Algorithms.HighamChapter9	NumStability.higham9_13_thresholdFactor_ge_one	NumStability.higham9_13_thresholdFactor_ge_one	NumStability.higham9_13_thresholdFactor_ge_one	NumStability.higham9_13_thresholdFactor_ge_one	authored	13373	0	13377	10	13373	6	13373	39	DE4C46F735D5F2D5CECD1E063C4AE0E28EDEEA793A1C84DD34692ECC9C24E307	NumStability.Source.Higham.Chapter09.Section04
route	NumStability.Algorithms.HighamChapter9	NumStability.higham9_13_thresholdFactor_le_two_of_one_le	NumStability.higham9_13_thresholdFactor_le_two_of_one_le	NumStability.higham9_13_thresholdFactor_le_two_of_one_le	NumStability.higham9_13_thresholdFactor_le_two_of_one_le	authored	13384	0	13390	10	13386	6	13386	49	3345E5916E52CF46B46CD534A469DB2708CB2750E8527B2474A66ACC5280253C	NumStability.Source.Higham.Chapter09.Section04
route	NumStability.Algorithms.HighamChapter9	NumStability.higham9_13_thresholdFactor_nonneg	NumStability.higham9_13_thresholdFactor_nonneg	NumStability.higham9_13_thresholdFactor_nonneg	NumStability.higham9_13_thresholdFactor_nonneg	authored	13379	0	13382	44	13379	6	13379	39	A4AB3ED52A673EE66090B5CF88B57161F204ECBB2E465415A38F47384CE5B697	NumStability.Source.Higham.Chapter09.Section04
route	NumStability.Algorithms.HighamChapter9	NumStability.higham9_13_thresholdFactor_pow_le_two_pow_of_one_le	NumStability.higham9_13_thresholdFactor_pow_le_two_pow_of_one_le	NumStability.higham9_13_thresholdFactor_pow_le_two_pow_of_one_le	NumStability.higham9_13_thresholdFactor_pow_le_two_pow_of_one_le	authored	13392	0	13399	54	13394	6	13394	57	20897A440A63B187D5DCC7AA87DB6D214DE4386F663AF819A98BA3C883AB9DD9	NumStability.Source.Higham.Chapter09.Section04
route	NumStability.Algorithms.HighamChapter9	NumStability.higham9_13_threshold_update_abs_bound	NumStability.higham9_13_threshold_update_abs_bound	NumStability.higham9_13_threshold_update_abs_bound	NumStability.higham9_13_threshold_update_abs_bound	authored	13401	0	13425	12	13406	8	13406	45	214D6D24A93E0F9A0A8B16453FD03F6877DD3723B8A38D92374818CE04CAE740	NumStability.Source.Higham.Chapter09.Section04
route	NumStability.Algorithms.HighamChapter9	NumStability.higham9_13_tridiag_builder_growthFactorEntry_le_three	NumStability.higham9_13_tridiag_builder_growthFactorEntry_le_three	NumStability.higham9_13_tridiag_builder_growthFactorEntry_le_three	NumStability.higham9_13_tridiag_builder_growthFactorEntry_le_three	authored	22562	0	22584	17	22564	8	22564	61	59DED02083B776D05D72D8E11F223026B9E7D89A8F7A8CC65A5A130ABEA4B707	NumStability.Source.Higham.Chapter09.Section06
route	NumStability.Algorithms.HighamChapter9	NumStability.higham9_13_tridiag_builder_growthFactorEntry_le_three_exists_hAmax	NumStability.higham9_13_tridiag_builder_growthFactorEntry_le_three_exists_hAmax	NumStability.higham9_13_tridiag_builder_growthFactorEntry_le_three_exists_hAmax	NumStability.higham9_13_tridiag_builder_growthFactorEntry_le_three_exists_hAmax	authored	22586	0	22611	52	22588	8	22588	74	9FDE5F5BAE0DB5BEC3BC5E87C717ED08E90AB4FEAE6FBFD5093174F82B4B549D	NumStability.Source.Higham.Chapter09.Section06
route	NumStability.Algorithms.HighamChapter9	NumStability.higham9_13_tridiag_builder_growthFactorEntry_le_three_of_recurrence	NumStability.higham9_13_tridiag_builder_growthFactorEntry_le_three_of_recurrence	NumStability.higham9_13_tridiag_builder_growthFactorEntry_le_three_of_recurrence	NumStability.higham9_13_tridiag_builder_growthFactorEntry_le_three_of_recurrence	authored	22704	0	22718	20	22706	8	22706	75	ED9BB953D70D02DBE61E008C02D7FD2CCF0CA37D427D122E85ED119AB4029D2E	NumStability.Source.Higham.Chapter09.Section06
route	NumStability.Algorithms.HighamChapter9	NumStability.higham9_13_tridiag_builder_growthFactorEntry_le_three_of_recurrence_exists_hAmax	NumStability.higham9_13_tridiag_builder_growthFactorEntry_le_three_of_recurrence_exists_hAmax	NumStability.higham9_13_tridiag_builder_growthFactorEntry_le_three_of_recurrence_exists_hAmax	NumStability.higham9_13_tridiag_builder_growthFactorEntry_le_three_of_recurrence_exists_hAmax	authored	22720	0	22740	22	22722	8	22722	88	76292AADB3C82F914459B26F1FE5F951A9567501B5A825D36C05F3AD03B218B0	NumStability.Source.Higham.Chapter09.Section06
route	NumStability.Algorithms.HighamChapter9	NumStability.higham9_13_tridiag_builder_growth_bound_3	NumStability.higham9_13_tridiag_builder_growth_bound_3	NumStability.higham9_13_tridiag_builder_growth_bound_3	NumStability.higham9_13_tridiag_builder_growth_bound_3	authored	22532	0	22560	11	22540	8	22540	49	C1C56BF450EE36CC6D2ECA11AD8CAAAB438D1835D9C35864569B386E860ECC0F	NumStability.Source.Higham.Chapter09.Section06
route	NumStability.Algorithms.HighamChapter9	NumStability.higham9_13_tridiag_builder_growth_bound_3_of_recurrence	NumStability.higham9_13_tridiag_builder_growth_bound_3_of_recurrence	NumStability.higham9_13_tridiag_builder_growth_bound_3_of_recurrence	NumStability.higham9_13_tridiag_builder_growth_bound_3_of_recurrence	authored	22684	0	22702	14	22690	8	22690	63	F7F6D02F1DB391DF9F73365B91A1C0CD9AFBB846FB51BD0D006619137029D84A	NumStability.Source.Higham.Chapter09.Section06
route	NumStability.Algorithms.HighamChapter9	NumStability.higham9_13_tridiag_growthFactorEntry_le_three	NumStability.higham9_13_tridiag_growthFactorEntry_le_three	NumStability.higham9_13_tridiag_growthFactorEntry_le_three	NumStability.higham9_13_tridiag_growthFactorEntry_le_three	authored	22288	0	22305	25	22292	8	22292	53	E58ED8B974806B6A138F3A83DB498785820A31E650C9C78788716245FBD402C0	NumStability.Source.Higham.Chapter09.Section06
route	NumStability.Algorithms.HighamChapter9	NumStability.higham9_13_tridiag_growth_bound_3	NumStability.higham9_13_tridiag_growth_bound_3	NumStability.higham9_13_tridiag_growth_bound_3	NumStability.higham9_13_tridiag_growth_bound_3	authored	22275	0	22286	73	22277	8	22277	41	BCDC47F4E02E06DD02D0A04867AD5754101DC062BE8740916E885792DC69D041	NumStability.Source.Higham.Chapter09.Section06
route	NumStability.Algorithms.HighamChapter9	NumStability.higham9_13_tridiag_growth_bound_3_of_LUFactSpec	NumStability.higham9_13_tridiag_growth_bound_3_of_LUFactSpec	NumStability.higham9_13_tridiag_growth_bound_3_of_LUFactSpec	NumStability.higham9_13_tridiag_growth_bound_3_of_LUFactSpec	authored	22307	0	22324	31	22311	8	22311	55	B2963C62847C09C7BEA39AE32C7BF7D33912EE74370848ECF21154A6138934D6	NumStability.Source.Higham.Chapter09.Section06
route	NumStability.Algorithms.HighamChapter9	NumStability.higham9_13_tridiagonal_transpose_iff	NumStability.higham9_13_tridiagonal_transpose_iff	NumStability.higham9_13_tridiagonal_transpose_iff	NumStability.higham9_13_tridiagonal_transpose_iff	authored	22254	0	22273	42	22258	8	22258	44	BD13A3203EB02E8DE76C64906F957D08C079B847939DE6ABBF865BBFD12FB411	NumStability.Source.Higham.Chapter09.Section06
route	NumStability.Algorithms.HighamChapter9	NumStability.higham9_14_LUFactSpec_leadingSubmatrix_det_eq_prod_U_diag	NumStability.higham9_14_LUFactSpec_leadingSubmatrix_det_eq_prod_U_diag	NumStability.higham9_14_LUFactSpec_leadingSubmatrix_det_eq_prod_U_diag	NumStability.higham9_14_LUFactSpec_leadingSubmatrix_det_eq_prod_U_diag	authored	12060	0	12145	64	12074	8	12074	65	3EA9449594B017A49712C72A758945DE60CFF553C2652B690467E13AE63C0303	NumStability.Source.Higham.Chapter09.Section04
route	NumStability.Algorithms.HighamChapter9	NumStability.higham9_14_abs_prod_leadingPivots_le_of_entries_le	NumStability.higham9_14_abs_prod_leadingPivots_le_of_entries_le	NumStability.higham9_14_abs_prod_leadingPivots_le_of_entries_le	NumStability.higham9_14_abs_prod_leadingPivots_le_of_entries_le	authored	12147	0	12193	12	12161	8	12161	58	7A4C851498E26FC7A44CC8D905089F770A3BA49A965034113AA8702660DD284B	NumStability.Source.Higham.Chapter09.Section04
route	NumStability.Algorithms.HighamChapter9	NumStability.higham9_14_abs_prod_pivots_le_maxEntryNorm	NumStability.higham9_14_abs_prod_pivots_le_maxEntryNorm	NumStability.higham9_14_abs_prod_pivots_le_maxEntryNorm	NumStability.higham9_14_abs_prod_pivots_le_maxEntryNorm	authored	12231	0	12255	12	12238	8	12238	50	2AB91A36A176C0893A372E5F65C5E5BD313FD2C5EB40432375AB547E06E014EE	NumStability.Source.Higham.Chapter09.Section04
route	NumStability.Algorithms.HighamChapter9Theorem914Primitive	NumStability.higham9_14_backward_relative_correction	NumStability.higham9_14_backward_relative_correction	NumStability.higham9_14_backward_relative_correction	NumStability.higham9_14_backward_relative_correction	authored	700	0	725	8	703	8	703	47	B8E6E9207E2279848F2E8483922F934F9313C970605B96D597B0AEF90B36884B	NumStability.Source.Higham.Chapter09.Theorem914Primitive
route	NumStability.Algorithms.HighamChapter9	NumStability.higham9_14_completePivotWilkinsonBound	NumStability.higham9_14_completePivotWilkinsonBound	NumStability.higham9_14_completePivotWilkinsonBound	NumStability.higham9_14_completePivotWilkinsonBound	authored	12267	0	12270	76	12269	18	12269	56	25F7651003A544966F3EE092881020049880004FC3B568676B9792A67FD7A2F4	NumStability.Source.Higham.Chapter09.Section04
route	NumStability.Algorithms.HighamChapter9	NumStability.higham9_14_completePivotWilkinsonBound_ge_one	NumStability.higham9_14_completePivotWilkinsonBound_ge_one	NumStability.higham9_14_completePivotWilkinsonBound_ge_one	NumStability.higham9_14_completePivotWilkinsonBound_ge_one	authored	12571	0	12582	74	12573	6	12573	51	8F361139671ED31A3CC6DD7D11D06D3C5A552C12E531E03EE365BDAB3149B0FB	NumStability.Source.Higham.Chapter09.Section04
route	NumStability.Algorithms.HighamChapter9	NumStability.higham9_14_completePivotWilkinsonBound_ge_sqrt	NumStability.higham9_14_completePivotWilkinsonBound_ge_sqrt	NumStability.higham9_14_completePivotWilkinsonBound_ge_sqrt	NumStability.higham9_14_completePivotWilkinsonBound_ge_sqrt	authored	12551	0	12569	65	12555	6	12555	52	78286326FFAC632473A542820E976D297E37862B0BF707F9683D679588969B1A	NumStability.Source.Higham.Chapter09.Section04
route	NumStability.Algorithms.HighamChapter9	NumStability.higham9_14_completePivotWilkinsonBound_ge_two_of_ge_two	NumStability.higham9_14_completePivotWilkinsonBound_ge_two_of_ge_two	NumStability.higham9_14_completePivotWilkinsonBound_ge_two_of_ge_two	NumStability.higham9_14_completePivotWilkinsonBound_ge_two_of_ge_two	authored	12649	0	12655	58	12651	6	12651	61	7C72093B9FC51B61E83F95D2A1793D5C642FA2636D2BF558845CACCB338942B6	NumStability.Source.Higham.Chapter09.Section04
route	NumStability.Algorithms.HighamChapter9	NumStability.higham9_14_completePivotWilkinsonBound_le_of_le	NumStability.higham9_14_completePivotWilkinsonBound_le_of_le	NumStability.higham9_14_completePivotWilkinsonBound_le_of_le	NumStability.higham9_14_completePivotWilkinsonBound_le_of_le	authored	12621	0	12635	79	12623	8	12623	55	8E9285844F1E1DB5710ED43B4B590316BB03E1F6B631C801B36308233BAADA38	NumStability.Source.Higham.Chapter09.Section04
route	NumStability.Algorithms.HighamChapter9	NumStability.higham9_14_completePivotWilkinsonBound_monotone	NumStability.higham9_14_completePivotWilkinsonBound_monotone	NumStability.higham9_14_completePivotWilkinsonBound_monotone	NumStability.higham9_14_completePivotWilkinsonBound_monotone	authored	12657	0	12662	59	12659	8	12659	55	DBFC95E2C61B3BD642D0C085D580092D32DBAF4BB074992211CA2CFA65C6CF62	NumStability.Source.Higham.Chapter09.Section04
route	NumStability.Algorithms.HighamChapter9	NumStability.higham9_14_completePivotWilkinsonBound_nonneg	NumStability.higham9_14_completePivotWilkinsonBound_nonneg	NumStability.higham9_14_completePivotWilkinsonBound_nonneg	NumStability.higham9_14_completePivotWilkinsonBound_nonneg	authored	12287	0	12290	60	12287	6	12287	51	21FD7F854F119624F4752118BF65CE88989FC21E3702876B13E47B5592CE5949	NumStability.Source.Higham.Chapter09.Section04
route	NumStability.Algorithms.HighamChapter9	NumStability.higham9_14_completePivotWilkinsonBound_one	NumStability.higham9_14_completePivotWilkinsonBound_one	NumStability.higham9_14_completePivotWilkinsonBound_one	NumStability.higham9_14_completePivotWilkinsonBound_one	authored	12595	0	12600	45	12597	6	12597	48	370D769BDCA93834C982857142ED4F61C75746C6D5FF72700BC17DA49F4A8522	NumStability.Source.Higham.Chapter09.Section04
route	NumStability.Algorithms.HighamChapter9	NumStability.higham9_14_completePivotWilkinsonBound_pos	NumStability.higham9_14_completePivotWilkinsonBound_pos	NumStability.higham9_14_completePivotWilkinsonBound_pos	NumStability.higham9_14_completePivotWilkinsonBound_pos	authored	12292	0	12297	75	12292	6	12292	48	7FAF68C08C04F4073667B45F6E5FF969E143A52E4742D0705A20FB9F1594C1F5	NumStability.Source.Higham.Chapter09.Section04
route	NumStability.Algorithms.HighamChapter9	NumStability.higham9_14_completePivotWilkinsonBound_succ_div_ge_one	NumStability.higham9_14_completePivotWilkinsonBound_succ_div_ge_one	NumStability.higham9_14_completePivotWilkinsonBound_succ_div_ge_one	NumStability.higham9_14_completePivotWilkinsonBound_succ_div_ge_one	authored	12637	0	12647	67	12639	6	12639	60	DAA4296DBE8D9BACD46470C48B810E9C5CDFD6461E834B97F47D2F83F4A69216	NumStability.Source.Higham.Chapter09.Section04
route	NumStability.Algorithms.HighamChapter9	NumStability.higham9_14_completePivotWilkinsonBound_two	NumStability.higham9_14_completePivotWilkinsonBound_two	NumStability.higham9_14_completePivotWilkinsonBound_two	NumStability.higham9_14_completePivotWilkinsonBound_two	authored	12584	0	12593	53	12586	6	12586	48	FBE5128C10DAF0C0D189B10F675078B2FEE7C7A67C66969A5CFD7F2D64726DCC	NumStability.Source.Higham.Chapter09.Section04
route	NumStability.Algorithms.HighamChapter9	NumStability.higham9_14_completePivotWilkinsonProduct	NumStability.higham9_14_completePivotWilkinsonProduct	NumStability.higham9_14_completePivotWilkinsonProduct	NumStability.higham9_14_completePivotWilkinsonProduct	authored	12257	0	12265	68	12264	18	12264	58	ABDE3467C38817D4EDE73C789C214BA0A440C7A572A21F9329D251EB6BB05BCC	NumStability.Source.Higham.Chapter09.Section04
route	NumStability.Algorithms.HighamChapter9	NumStability.higham9_14_completePivotWilkinsonProduct_factor_ge_one	NumStability.higham9_14_completePivotWilkinsonProduct_factor_ge_one	NumStability.higham9_14_completePivotWilkinsonProduct_factor_ge_one	NumStability.higham9_14_completePivotWilkinsonProduct_factor_ge_one	authored	12487	0	12498	42	12489	6	12489	60	90AB05367132344C1B27041A974CA0813908F89F6D15B2967AA8CF9073144288	NumStability.Source.Higham.Chapter09.Section04
route	NumStability.Algorithms.HighamChapter9	NumStability.higham9_14_completePivotWilkinsonProduct_ge_one	NumStability.higham9_14_completePivotWilkinsonProduct_ge_one	NumStability.higham9_14_completePivotWilkinsonProduct_ge_one	NumStability.higham9_14_completePivotWilkinsonProduct_ge_one	authored	12437	0	12463	19	12441	6	12441	53	4E01746607E5050AA5D819D95D8E6FB19BC672714CB1047D4F523F4B6AC0C113	NumStability.Source.Higham.Chapter09.Section04
route	NumStability.Algorithms.HighamChapter9	NumStability.higham9_14_completePivotWilkinsonProduct_le_of_le	NumStability.higham9_14_completePivotWilkinsonProduct_le_of_le	NumStability.higham9_14_completePivotWilkinsonProduct_le_of_le	NumStability.higham9_14_completePivotWilkinsonProduct_le_of_le	authored	12543	0	12549	55	12545	8	12545	57	521FC6CCD60588F040913D60DF90E4B618584D5B1CCE7D6A4BE5D446F8304608	NumStability.Source.Higham.Chapter09.Section04
route	NumStability.Algorithms.HighamChapter9	NumStability.higham9_14_completePivotWilkinsonProduct_le_succ	NumStability.higham9_14_completePivotWilkinsonProduct_le_succ	NumStability.higham9_14_completePivotWilkinsonProduct_le_succ	NumStability.higham9_14_completePivotWilkinsonProduct_le_succ	authored	12500	0	12525	56	12504	6	12504	54	832E62B0BAC124EB105DC41DCC713A652FAD050433859ADFDD2EBF2FC5C50204	NumStability.Source.Higham.Chapter09.Section04
route	NumStability.Algorithms.HighamChapter9	NumStability.higham9_14_completePivotWilkinsonProduct_monotone	NumStability.higham9_14_completePivotWilkinsonProduct_monotone	NumStability.higham9_14_completePivotWilkinsonProduct_monotone	NumStability.higham9_14_completePivotWilkinsonProduct_monotone	authored	12537	0	12541	74	12539	8	12539	57	3CCA63D63BE4F008F85082FE424DB611373C2CF42B7C1C7AF7FD4D4106DA4C2D	NumStability.Source.Higham.Chapter09.Section04
route	NumStability.Algorithms.HighamChapter9	NumStability.higham9_14_completePivotWilkinsonProduct_nonneg	NumStability.higham9_14_completePivotWilkinsonProduct_nonneg	NumStability.higham9_14_completePivotWilkinsonProduct_nonneg	NumStability.higham9_14_completePivotWilkinsonProduct_nonneg	authored	12272	0	12276	66	12272	6	12272	53	4CF8BF52AFEBF6A202FD83224D133217C4CEAA9A1B7FC88277ACCDD6D6A96B7E	NumStability.Source.Higham.Chapter09.Section04
route	NumStability.Algorithms.HighamChapter9	NumStability.higham9_14_completePivotWilkinsonProduct_pos	NumStability.higham9_14_completePivotWilkinsonProduct_pos	NumStability.higham9_14_completePivotWilkinsonProduct_pos	NumStability.higham9_14_completePivotWilkinsonProduct_pos	authored	12278	0	12285	38	12278	6	12278	50	0E8C622850B898C849FD6719A06A97ED2E0934D3FB6FB5F976749DD7E0EFF85D	NumStability.Source.Higham.Chapter09.Section04
route	NumStability.Algorithms.HighamChapter9	NumStability.higham9_14_completePivotWilkinsonProduct_succ	NumStability.higham9_14_completePivotWilkinsonProduct_succ	NumStability.higham9_14_completePivotWilkinsonProduct_succ	NumStability.higham9_14_completePivotWilkinsonProduct_succ	authored	12470	0	12485	26	12475	6	12475	51	B944F42F3A2F805BE46F6AEA6F73B94170A3DEA2564E1F536FEBD3E6E9E19604	NumStability.Source.Higham.Chapter09.Section04
route	NumStability.Algorithms.HighamChapter9	NumStability.higham9_14_completePivotWilkinsonProduct_succ_div_ge_one	NumStability.higham9_14_completePivotWilkinsonProduct_succ_div_ge_one	NumStability.higham9_14_completePivotWilkinsonProduct_succ_div_ge_one	NumStability.higham9_14_completePivotWilkinsonProduct_succ_div_ge_one	authored	12527	0	12535	74	12529	6	12529	62	42A620A4187949C99F11A19B5941E927E0A3F3639690BA300A82207E80CAC534	NumStability.Source.Higham.Chapter09.Section04
route	NumStability.Algorithms.HighamChapter9	NumStability.higham9_14_completePivotWilkinsonProduct_two	NumStability.higham9_14_completePivotWilkinsonProduct_two	NumStability.higham9_14_completePivotWilkinsonProduct_two	NumStability.higham9_14_completePivotWilkinsonProduct_two	authored	12465	0	12468	53	12466	6	12466	50	F61F30C1C6D417E12B41AC73F08CF444825B14493BA94DE6BD1E05621F21A293	NumStability.Source.Higham.Chapter09.Section04
route	NumStability.Algorithms.HighamChapter9	NumStability.higham9_14_completePivot_growthFactorEntry_le_wilkinsonBound	NumStability.higham9_14_completePivot_growthFactorEntry_le_wilkinsonBound	NumStability.higham9_14_completePivot_growthFactorEntry_le_wilkinsonBound	NumStability.higham9_14_completePivot_growthFactorEntry_le_wilkinsonBound	authored	12833	0	12968	69	12853	8	12853	68	00B99911B5A4B97A16675CF532D0742F10D3338C4B729D5EB0EA193F9B7D7DD0	NumStability.Source.Higham.Chapter09.Section04
route	NumStability.Algorithms.HighamChapter9	NumStability.higham9_14_completePivot_iterate_entry_le_wilkinsonBound_mul	NumStability.higham9_14_completePivot_iterate_entry_le_wilkinsonBound_mul	NumStability.higham9_14_completePivot_iterate_entry_le_wilkinsonBound_mul	NumStability.higham9_14_completePivot_iterate_entry_le_wilkinsonBound_mul	authored	12970	0	12995	77	12976	8	12976	68	8EE9DD1C0E97CDAE6E776788A6F16BA4E29FF0F1785F96D679CE7C0F260FBA2A	NumStability.Source.Higham.Chapter09.Section04
route	NumStability.Algorithms.HighamChapter9	NumStability.higham9_14_completePivot_segment_pivot_bound	NumStability.higham9_14_completePivot_segment_pivot_bound	NumStability.higham9_14_completePivot_segment_pivot_bound	NumStability.higham9_14_completePivot_segment_pivot_bound	authored	12817	0	12831	23	12821	8	12821	52	6C21F8816F013C68C30633C4144136495F9913186A3AEAF112C3FB49796DC8D6	NumStability.Source.Higham.Chapter09.Section04
route	NumStability.Algorithms.HighamChapter9Theorem914Primitive	NumStability.higham9_14_exactMultiplier	NumStability.higham9_14_exactMultiplier	NumStability.higham9_14_exactMultiplier	NumStability.higham9_14_exactMultiplier	authored	39	0	43	54	40	18	40	44	4F83CDED9327CF767CC5F10AFF3C45C403F9E6D93244B119034E30EF30547178	NumStability.Source.Higham.Chapter09.Theorem914Primitive
route	NumStability.Algorithms.HighamChapter9Theorem914Primitive	NumStability.higham9_14_exactPivot	NumStability.higham9_14_exactPivot	NumStability.higham9_14_exactPivot	NumStability.higham9_14_exactPivot	authored	14	0	18	74	15	18	15	39	669890D05D8C396FE88A7F96F71E8F8A391A93C86F4EB113E6A49EC1EF4881C3	NumStability.Source.Higham.Chapter09.Theorem914Primitive
route	NumStability.Algorithms.HighamChapter9Theorem914Primitive	NumStability.higham9_14_exactPivot_succ	NumStability.higham9_14_exactPivot_succ	NumStability.higham9_14_exactPivot_succ	NumStability.higham9_14_exactPivot_succ	authored	48	0	51	61	48	16	48	42	FF2FBFCFE4AFEB3A7B9976405DE4D2C65EBDEB899E615F834D0620DAF8FCB05D	NumStability.Source.Higham.Chapter09.Theorem914Primitive
route	NumStability.Algorithms.HighamChapter9Theorem914Primitive	NumStability.higham9_14_exactPivot_zero	NumStability.higham9_14_exactPivot_zero	NumStability.higham9_14_exactPivot_zero	NumStability.higham9_14_exactPivot_zero	authored	45	0	46	46	45	16	45	42	7F10FDDB19ACAF572847504D4A18E1126811321E18C780240FB805DDBA58C3A5	NumStability.Source.Higham.Chapter09.Theorem914Primitive
route	NumStability.Algorithms.HighamChapter9Theorem914Primitive	NumStability.higham9_14_exists_unitRoundoff_threshold_of_exact_pivots_ne_zero	NumStability.higham9_14_exists_unitRoundoff_threshold_of_exact_pivots_ne_zero	NumStability.higham9_14_exists_unitRoundoff_threshold_of_exact_pivots_ne_zero	NumStability.higham9_14_exists_unitRoundoff_threshold_of_exact_pivots_ne_zero	authored	612	0	631	34	616	8	616	72	7EA524D1E185FE8EDAC5C328E4812621B63C7956A5485BCD09CC464A33ABC151	NumStability.Source.Higham.Chapter09.Theorem914Primitive
route	NumStability.Algorithms.HighamChapter9Theorem914Primitive	NumStability.higham9_14_exists_unitRoundoff_threshold_of_exact_pivots_ne_zero_with_tolerance	NumStability.higham9_14_exists_unitRoundoff_threshold_of_exact_pivots_ne_zero_with_tolerance	NumStability.higham9_14_exists_unitRoundoff_threshold_of_exact_pivots_ne_zero_with_tolerance	NumStability.higham9_14_exists_unitRoundoff_threshold_of_exact_pivots_ne_zero_with_tolerance	authored	633	0	696	11	638	8	638	87	60047E657B140D71D9A2E2F9740117980DD458BE141D6A53735EB9696361A245	NumStability.Source.Higham.Chapter09.Theorem914Primitive
route	NumStability.Algorithms.HighamChapter9Theorem914Primitive	NumStability.higham9_14_exists_unitRoundoff_threshold_of_margin	NumStability.higham9_14_exists_unitRoundoff_threshold_of_margin	NumStability.higham9_14_exists_unitRoundoff_threshold_of_margin	NumStability.higham9_14_exists_unitRoundoff_threshold_of_margin	authored	473	0	542	77	477	8	477	58	89B44526D1DD12AB9E035A2A66F7CBA10350DD69ED84105134693B106963D525	NumStability.Source.Higham.Chapter09.Theorem914Primitive
route	NumStability.Algorithms.HighamChapter9	NumStability.higham9_14_f	NumStability.higham9_14_f	NumStability.higham9_14_f	NumStability.higham9_14_f	authored	23163	0	23165	27	23164	18	23164	30	3FD1319C551EFE97537BF8C0D3F8A978861B6EC0A1BCB645A14FDC99C3ACC252	NumStability.Source.Higham.Chapter09.Section06
route	NumStability.Algorithms.HighamChapter9	NumStability.higham9_14_f_le_h	NumStability.higham9_14_f_le_h	NumStability.higham9_14_f_le_h	NumStability.higham9_14_f_le_h	authored	23207	0	23223	33	23212	8	23212	25	8E7C49C6E8B5A792BC4C52C30C17E703A9F9E602A24C68B3883901D00F9F2457	NumStability.Source.Higham.Chapter09.Section06
route	NumStability.Algorithms.HighamChapter9	NumStability.higham9_14_f_mono_nonneg	NumStability.higham9_14_f_mono_nonneg	NumStability.higham9_14_f_mono_nonneg	NumStability.higham9_14_f_mono_nonneg	authored	23186	0	23198	11	23188	8	23188	32	521E9FDA57B1F108AB99029D8D394AC161EF9E277F4042613811FC95225A3F93	NumStability.Source.Higham.Chapter09.Section06
route	NumStability.Algorithms.HighamChapter9	NumStability.higham9_14_f_nonneg	NumStability.higham9_14_f_nonneg	NumStability.higham9_14_f_nonneg	NumStability.higham9_14_f_nonneg	authored	23177	0	23184	11	23179	8	23179	27	F9DD682E8A36A9FCBB37F144B431CB2266D29FEEA5839E5309D23A7582D670B2	NumStability.Source.Higham.Chapter09.Section06
route	NumStability.Algorithms.HighamChapter9	NumStability.higham9_14_geIterate	NumStability.higham9_14_geIterate	NumStability.higham9_14_geIterate	NumStability.higham9_14_geIterate	authored	12759	0	12767	63	12762	18	12762	38	30526C2F7795068CA702F1935FBF9EB30FF01D1AC1D18D7DAD3C01BF054D7A11	NumStability.Source.Higham.Chapter09.Section04
route	NumStability.Algorithms.HighamChapter9	NumStability.higham9_14_geIterate_LUFactSpec	NumStability.higham9_14_geIterate_LUFactSpec	NumStability.higham9_14_geIterate_LUFactSpec	NumStability.higham9_14_geIterate_LUFactSpec	authored	12769	0	12782	23	12771	8	12771	39	ABC9998F6F1CA0F331F730BE7078A85B01DA686E1BD8DA99ABFEC5824445E38F	NumStability.Source.Higham.Chapter09.Section04
route	NumStability.Algorithms.HighamChapter9	NumStability.higham9_14_geIterate_row_zero	NumStability.higham9_14_geIterate_row_zero	NumStability.higham9_14_geIterate_row_zero	NumStability.higham9_14_geIterate_row_zero	authored	12798	0	12815	30	12801	8	12801	37	2ACD631EFD76111ACF64C0B5D21AEDDF4445D7F795E047152510DE91623B66F4	NumStability.Source.Higham.Chapter09.Section04
route	NumStability.Algorithms.HighamChapter9	NumStability.higham9_14_geIterate_zero_apply	NumStability.higham9_14_geIterate_zero_apply	NumStability.higham9_14_geIterate_zero_apply	NumStability.higham9_14_geIterate_zero_apply	authored	12784	0	12796	26	12785	8	12785	39	4EB246E6DE50D22F6EC5AF1B83ED05E9661763DB2BE37B508BE45BB0AF80EE2D	NumStability.Source.Higham.Chapter09.Section04
route	NumStability.Algorithms.HighamChapter9	NumStability.higham9_14_geShift	NumStability.higham9_14_geShift	NumStability.higham9_14_geShift	NumStability.higham9_14_geShift	authored	12748	0	12753	48	12751	4	12751	22	9449CE77655B6B9993D9750AA16DC3717569EB7977390E3559920C54A01960FD	NumStability.Source.Higham.Chapter09.Section04
route	NumStability.Algorithms.HighamChapter9	NumStability.higham9_14_geShift_val	NumStability.higham9_14_geShift_val	NumStability.higham9_14_geShift_val	NumStability.higham9_14_geShift_val	authored	12755	0	12757	54	12755	14	12755	36	A23D03AC3E8AE4CF79E44BF0217707C395EEA49EF095CE04F6F80935E4418AA5	NumStability.Source.Higham.Chapter09.Section04
route	NumStability.Algorithms.HighamChapter9	NumStability.higham9_14_h	NumStability.higham9_14_h	NumStability.higham9_14_h	NumStability.higham9_14_h	authored	23167	0	23169	26	23168	18	23168	30	51832CCC288B45FE546EC5EE7554BC651C85DED3A5E06CC1F0B0D0C9568984AD	NumStability.Source.Higham.Chapter09.Section06
route	NumStability.Algorithms.HighamChapter9	NumStability.higham9_14_h_eq_f_div	NumStability.higham9_14_h_eq_f_div	NumStability.higham9_14_h_eq_f_div	NumStability.higham9_14_h_eq_f_div	authored	23171	0	23175	5	23173	8	23173	29	8694D5BB76BE967EA7162496E5D94D79801BF8694B2D95FAF7DC1D033E6AFF3B	NumStability.Source.Higham.Chapter09.Section06
route	NumStability.Algorithms.HighamChapter9	NumStability.higham9_14_h_mul_one_sub_eq_f	NumStability.higham9_14_h_mul_one_sub_eq_f	NumStability.higham9_14_h_mul_one_sub_eq_f	NumStability.higham9_14_h_mul_one_sub_eq_f	authored	23200	0	23205	19	23202	8	23202	37	9332073EDAF2138ABE2EBF87768E38A430C5424FB88A0A5B41FDC47D09511A2E	NumStability.Source.Higham.Chapter09.Section06
route	NumStability.Algorithms.HighamChapter9Theorem914Primitive	NumStability.higham9_14_halfUnitDownwardDivisionModel	NumStability.higham9_14_halfUnitDownwardDivisionModel	NumStability.higham9_14_halfUnitDownwardDivisionModel	NumStability.higham9_14_halfUnitDownwardDivisionModel	authored	802	0	833	8	805	18	805	58	81AB4D6AB79B9F73A59035705FEE08B0005E12C342BDF24958D554BB1D468DC0	NumStability.Source.Higham.Chapter09.Theorem914Primitive
route	NumStability.Algorithms.HighamChapter9	NumStability.higham9_14_leadingSubmatrix_det_succ	NumStability.higham9_14_leadingSubmatrix_det_succ	NumStability.higham9_14_leadingSubmatrix_det_succ	NumStability.higham9_14_leadingSubmatrix_det_succ	authored	12195	0	12229	24	12206	8	12206	44	66564BE746FE1589BBF4654C124CB2277EE609E96388189A14D1CA9F299B90F7	NumStability.Source.Higham.Chapter09.Section04
route	NumStability.Algorithms.HighamChapter9	NumStability.higham9_14_matrix_mmatrix_lu_source_f_bound_of_RectDoolittleRoundedStageTrace_square_fl_triangular_solves_gamma	NumStability.higham9_14_matrix_mmatrix_lu_source_f_bound_of_RectDoolittleRoundedStageTrace_square_fl_triangular_solves_gamma	NumStability.higham9_14_matrix_mmatrix_lu_source_f_bound_of_RectDoolittleRoundedStageTrace_square_fl_triangular_solves_gamma	NumStability.higham9_14_matrix_mmatrix_lu_source_f_bound_of_RectDoolittleRoundedStageTrace_square_fl_triangular_solves_gamma	authored	29303	0	29331	61	29305	8	29305	119	289679445182968A288A65B225ABD2450276E3287F8366018417400926A3C283	NumStability.Source.Higham.Chapter09.Section06
route	NumStability.Algorithms.HighamChapter9	NumStability.higham9_14_matrix_mmatrix_lu_source_f_bound_of_RectDoolittleRoundedStageTrace_square_fl_triangular_solves_gamma_le	NumStability.higham9_14_matrix_mmatrix_lu_source_f_bound_of_RectDoolittleRoundedStageTrace_square_fl_triangular_solves_gamma_le	NumStability.higham9_14_matrix_mmatrix_lu_source_f_bound_of_RectDoolittleRoundedStageTrace_square_fl_triangular_solves_gamma_le	NumStability.higham9_14_matrix_mmatrix_lu_source_f_bound_of_RectDoolittleRoundedStageTrace_square_fl_triangular_solves_gamma_le	authored	29231	0	29265	34	29233	8	29233	122	7CF64610E8DF44F7488E7DD4BF735A0A0F445929B2B55F116AE4329C0B7648FB	NumStability.Source.Higham.Chapter09.Section06
route	NumStability.Algorithms.HighamChapter9	NumStability.higham9_14_matrix_mmatrix_lu_source_f_bound_of_models	NumStability.higham9_14_matrix_mmatrix_lu_source_f_bound_of_models	NumStability.higham9_14_matrix_mmatrix_lu_source_f_bound_of_models	NumStability.higham9_14_matrix_mmatrix_lu_source_f_bound_of_models	authored	37409	0	37441	35	37411	8	37411	61	3952906DC469CEBB3349DA508897CC1A26052C2434251A960050F79B252A7D8B	NumStability.Source.Higham.Chapter09.Section06
route	NumStability.Algorithms.HighamChapter9	NumStability.higham9_14_matrix_mmatrix_lu_source_f_bound_of_models_gamma	NumStability.higham9_14_matrix_mmatrix_lu_source_f_bound_of_models_gamma	NumStability.higham9_14_matrix_mmatrix_lu_source_f_bound_of_models_gamma	NumStability.higham9_14_matrix_mmatrix_lu_source_f_bound_of_models_gamma	authored	37476	0	37506	54	37478	8	37478	67	D462E737A1EDBA97E15ECE3F0EB81FEF17DBB6ABAF2AD28C9B73357CD66EA2C1	NumStability.Source.Higham.Chapter09.Section06
route	NumStability.Algorithms.HighamChapter9	NumStability.higham9_14_matrix_mmatrix_lu_source_f_bound_of_rectRoundedLoop_square_fl_triangular_solves_gamma	NumStability.higham9_14_matrix_mmatrix_lu_source_f_bound_of_rectRoundedLoop_square_fl_triangular_solves_gamma	NumStability.higham9_14_matrix_mmatrix_lu_source_f_bound_of_rectRoundedLoop_square_fl_triangular_solves_gamma	NumStability.higham9_14_matrix_mmatrix_lu_source_f_bound_of_rectRoundedLoop_square_fl_triangular_solves_gamma	authored	33123	0	33162	48	33125	8	33125	104	DCEEF92D7AA7879A6A6F80FF9617091304EC8A5525F771CD25A016ECDF8D51AD	NumStability.Source.Higham.Chapter09.Section06
route	NumStability.Algorithms.HighamChapter9	NumStability.higham9_14_matrix_mmatrix_lu_source_f_bound_of_rectRoundedLoop_square_fl_triangular_solves_gamma_le	NumStability.higham9_14_matrix_mmatrix_lu_source_f_bound_of_rectRoundedLoop_square_fl_triangular_solves_gamma_le	NumStability.higham9_14_matrix_mmatrix_lu_source_f_bound_of_rectRoundedLoop_square_fl_triangular_solves_gamma_le	NumStability.higham9_14_matrix_mmatrix_lu_source_f_bound_of_rectRoundedLoop_square_fl_triangular_solves_gamma_le	authored	33021	0	33070	36	33023	8	33023	107	BED15CB31670F771DB7577F42446A1916C7BE07AB7B8370D51F8DAB382DCC589	NumStability.Source.Higham.Chapter09.Section06
route	NumStability.Algorithms.HighamChapter9	NumStability.higham9_14_matrix_mmatrix_lu_source_h_bound_of_RectDoolittleRoundedStageTrace_square_fl_triangular_solves_gamma	NumStability.higham9_14_matrix_mmatrix_lu_source_h_bound_of_RectDoolittleRoundedStageTrace_square_fl_triangular_solves_gamma	NumStability.higham9_14_matrix_mmatrix_lu_source_h_bound_of_RectDoolittleRoundedStageTrace_square_fl_triangular_solves_gamma	NumStability.higham9_14_matrix_mmatrix_lu_source_h_bound_of_RectDoolittleRoundedStageTrace_square_fl_triangular_solves_gamma	authored	29333	0	29362	67	29335	8	29335	119	414A789B6FAB0739B497E9D3C12E7116B4179F188D33E57B498666CAF1FA2CA2	NumStability.Source.Higham.Chapter09.Section06
route	NumStability.Algorithms.HighamChapter9	NumStability.higham9_14_matrix_mmatrix_lu_source_h_bound_of_RectDoolittleRoundedStageTrace_square_fl_triangular_solves_gamma_le	NumStability.higham9_14_matrix_mmatrix_lu_source_h_bound_of_RectDoolittleRoundedStageTrace_square_fl_triangular_solves_gamma_le	NumStability.higham9_14_matrix_mmatrix_lu_source_h_bound_of_RectDoolittleRoundedStageTrace_square_fl_triangular_solves_gamma_le	NumStability.higham9_14_matrix_mmatrix_lu_source_h_bound_of_RectDoolittleRoundedStageTrace_square_fl_triangular_solves_gamma_le	authored	29267	0	29301	34	29269	8	29269	122	6B50ED8D9BC6851FECF527CD3C449AA6094A75FE089DA619B9897F695B775CD8	NumStability.Source.Higham.Chapter09.Section06
route	NumStability.Algorithms.HighamChapter9	NumStability.higham9_14_matrix_mmatrix_lu_source_h_bound_of_models	NumStability.higham9_14_matrix_mmatrix_lu_source_h_bound_of_models	NumStability.higham9_14_matrix_mmatrix_lu_source_h_bound_of_models	NumStability.higham9_14_matrix_mmatrix_lu_source_h_bound_of_models	authored	37375	0	37407	35	37377	8	37377	61	ABCE9BE2548440D2367CA07A40B0EF8D8035CA60C2FB566FC1F0A9C89FBEECC1	NumStability.Source.Higham.Chapter09.Section06
route	NumStability.Algorithms.HighamChapter9	NumStability.higham9_14_matrix_mmatrix_lu_source_h_bound_of_models_gamma	NumStability.higham9_14_matrix_mmatrix_lu_source_h_bound_of_models_gamma	NumStability.higham9_14_matrix_mmatrix_lu_source_h_bound_of_models_gamma	NumStability.higham9_14_matrix_mmatrix_lu_source_h_bound_of_models_gamma	authored	37443	0	37474	64	37445	8	37445	67	98E937E75B1BD5EEDAD0CE3EBBC6FF73A10EE0DCB7B14EF374B6321CD53A7865	NumStability.Source.Higham.Chapter09.Section06
route	NumStability.Algorithms.HighamChapter9	NumStability.higham9_14_matrix_mmatrix_lu_source_h_bound_of_rectRoundedLoop_square_fl_triangular_solves_gamma	NumStability.higham9_14_matrix_mmatrix_lu_source_h_bound_of_rectRoundedLoop_square_fl_triangular_solves_gamma	NumStability.higham9_14_matrix_mmatrix_lu_source_h_bound_of_rectRoundedLoop_square_fl_triangular_solves_gamma	NumStability.higham9_14_matrix_mmatrix_lu_source_h_bound_of_rectRoundedLoop_square_fl_triangular_solves_gamma	authored	33164	0	33204	58	33166	8	33166	104	7626EE7E3B12DB65C43196081CA933A857D9020E8565AE9BE8A5EADB2248A42C	NumStability.Source.Higham.Chapter09.Section06
route	NumStability.Algorithms.HighamChapter9	NumStability.higham9_14_matrix_mmatrix_lu_source_h_bound_of_rectRoundedLoop_square_fl_triangular_solves_gamma_le	NumStability.higham9_14_matrix_mmatrix_lu_source_h_bound_of_rectRoundedLoop_square_fl_triangular_solves_gamma_le	NumStability.higham9_14_matrix_mmatrix_lu_source_h_bound_of_rectRoundedLoop_square_fl_triangular_solves_gamma_le	NumStability.higham9_14_matrix_mmatrix_lu_source_h_bound_of_rectRoundedLoop_square_fl_triangular_solves_gamma_le	authored	33072	0	33121	36	33074	8	33074	107	43D1904715E0085A83C11BAE6387A6D95EF3C8692DF496130C725F391090982B	NumStability.Source.Higham.Chapter09.Section06
route	NumStability.Algorithms.HighamChapter9	NumStability.higham9_14_matrix_nonnegative_lu_source_f_bound_of_RectDoolittleRoundedStageTrace_square_fl_triangular_solves_gamma	NumStability.higham9_14_matrix_nonnegative_lu_source_f_bound_of_RectDoolittleRoundedStageTrace_square_fl_triangular_solves_gamma	NumStability.higham9_14_matrix_nonnegative_lu_source_f_bound_of_RectDoolittleRoundedStageTrace_square_fl_triangular_solves_gamma	NumStability.higham9_14_matrix_nonnegative_lu_source_f_bound_of_RectDoolittleRoundedStageTrace_square_fl_triangular_solves_gamma	authored	29045	0	29070	50	29047	8	29047	123	727DC46D7E0E06C8BBCD54B8B6D34DAA40286B4B82B41143DD83B131EDFABF1E	NumStability.Source.Higham.Chapter09.Section06
route	NumStability.Algorithms.HighamChapter9	NumStability.higham9_14_matrix_nonnegative_lu_source_f_bound_of_RectDoolittleRoundedStageTrace_square_fl_triangular_solves_gamma_le	NumStability.higham9_14_matrix_nonnegative_lu_source_f_bound_of_RectDoolittleRoundedStageTrace_square_fl_triangular_solves_gamma_le	NumStability.higham9_14_matrix_nonnegative_lu_source_f_bound_of_RectDoolittleRoundedStageTrace_square_fl_triangular_solves_gamma_le	NumStability.higham9_14_matrix_nonnegative_lu_source_f_bound_of_RectDoolittleRoundedStageTrace_square_fl_triangular_solves_gamma_le	authored	28979	0	29010	23	28981	8	28981	126	5DBFB36A4193D27FB7565C679668FCE78D8B1FAD5CFAC8CC6C238612621BBC08	NumStability.Source.Higham.Chapter09.Section06
route	NumStability.Algorithms.HighamChapter9	NumStability.higham9_14_matrix_nonnegative_lu_source_f_bound_of_models	NumStability.higham9_14_matrix_nonnegative_lu_source_f_bound_of_models	NumStability.higham9_14_matrix_nonnegative_lu_source_f_bound_of_models	NumStability.higham9_14_matrix_nonnegative_lu_source_f_bound_of_models	authored	37285	0	37314	35	37287	8	37287	65	D88B9EF66C934B4B483C96B81FCEE37028BB39E4C70EB9FC62E089DAA1B35977	NumStability.Source.Higham.Chapter09.Section06
route	NumStability.Algorithms.HighamChapter9	NumStability.higham9_14_matrix_nonnegative_lu_source_f_bound_of_models_gamma	NumStability.higham9_14_matrix_nonnegative_lu_source_f_bound_of_models_gamma	NumStability.higham9_14_matrix_nonnegative_lu_source_f_bound_of_models_gamma	NumStability.higham9_14_matrix_nonnegative_lu_source_f_bound_of_models_gamma	authored	37346	0	37373	43	37348	8	37348	71	485AF0FA5120261541E60C654949EC21B889F7DA69A6517B5924126B4CD55B30	NumStability.Source.Higham.Chapter09.Section06
route	NumStability.Algorithms.HighamChapter9	NumStability.higham9_14_matrix_nonnegative_lu_source_f_bound_of_rectRoundedLoop_square_fl_triangular_solves_gamma	NumStability.higham9_14_matrix_nonnegative_lu_source_f_bound_of_rectRoundedLoop_square_fl_triangular_solves_gamma	NumStability.higham9_14_matrix_nonnegative_lu_source_f_bound_of_rectRoundedLoop_square_fl_triangular_solves_gamma	NumStability.higham9_14_matrix_nonnegative_lu_source_f_bound_of_rectRoundedLoop_square_fl_triangular_solves_gamma	authored	32766	0	32800	50	32768	8	32768	108	291A176A08E7709FDE23FA5C5EBD133E438F41859B767FB8103408B0128DECAB	NumStability.Source.Higham.Chapter09.Section06
route	NumStability.Algorithms.HighamChapter9	NumStability.higham9_14_matrix_nonnegative_lu_source_f_bound_of_rectRoundedLoop_square_fl_triangular_solves_gamma_le	NumStability.higham9_14_matrix_nonnegative_lu_source_f_bound_of_rectRoundedLoop_square_fl_triangular_solves_gamma_le	NumStability.higham9_14_matrix_nonnegative_lu_source_f_bound_of_rectRoundedLoop_square_fl_triangular_solves_gamma_le	NumStability.higham9_14_matrix_nonnegative_lu_source_f_bound_of_rectRoundedLoop_square_fl_triangular_solves_gamma_le	authored	32674	0	32718	25	32676	8	32676	111	FF3DFDCE75E873A3F2FA128C662478688A6E1118628874713CC800CB1B8BD048	NumStability.Source.Higham.Chapter09.Section06
route	NumStability.Algorithms.HighamChapter9	NumStability.higham9_14_matrix_nonnegative_lu_source_h_bound_of_RectDoolittleRoundedStageTrace_square_fl_triangular_solves_gamma	NumStability.higham9_14_matrix_nonnegative_lu_source_h_bound_of_RectDoolittleRoundedStageTrace_square_fl_triangular_solves_gamma	NumStability.higham9_14_matrix_nonnegative_lu_source_h_bound_of_RectDoolittleRoundedStageTrace_square_fl_triangular_solves_gamma	NumStability.higham9_14_matrix_nonnegative_lu_source_h_bound_of_RectDoolittleRoundedStageTrace_square_fl_triangular_solves_gamma	authored	29072	0	29098	56	29074	8	29074	123	790D3FA1DCCBC06702933C7E5456E36F5E3C69A724850850DE35D00B28665329	NumStability.Source.Higham.Chapter09.Section06
route	NumStability.Algorithms.HighamChapter9	NumStability.higham9_14_matrix_nonnegative_lu_source_h_bound_of_RectDoolittleRoundedStageTrace_square_fl_triangular_solves_gamma_le	NumStability.higham9_14_matrix_nonnegative_lu_source_h_bound_of_RectDoolittleRoundedStageTrace_square_fl_triangular_solves_gamma_le	NumStability.higham9_14_matrix_nonnegative_lu_source_h_bound_of_RectDoolittleRoundedStageTrace_square_fl_triangular_solves_gamma_le	NumStability.higham9_14_matrix_nonnegative_lu_source_h_bound_of_RectDoolittleRoundedStageTrace_square_fl_triangular_solves_gamma_le	authored	29012	0	29043	23	29014	8	29014	126	465E9FB484408DBFC3C68FA31FBB0DBAFC68E86FDF188FF36395D563A591832D	NumStability.Source.Higham.Chapter09.Section06
route	NumStability.Algorithms.HighamChapter9	NumStability.higham9_14_matrix_nonnegative_lu_source_h_bound_of_models	NumStability.higham9_14_matrix_nonnegative_lu_source_h_bound_of_models	NumStability.higham9_14_matrix_nonnegative_lu_source_h_bound_of_models	NumStability.higham9_14_matrix_nonnegative_lu_source_h_bound_of_models	authored	37254	0	37283	35	37256	8	37256	65	B27E874B10553474038B07068E8BCC014042D9ACA73986DDFF1A6A08A266045E	NumStability.Source.Higham.Chapter09.Section06
route	NumStability.Algorithms.HighamChapter9	NumStability.higham9_14_matrix_nonnegative_lu_source_h_bound_of_models_gamma	NumStability.higham9_14_matrix_nonnegative_lu_source_h_bound_of_models_gamma	NumStability.higham9_14_matrix_nonnegative_lu_source_h_bound_of_models_gamma	NumStability.higham9_14_matrix_nonnegative_lu_source_h_bound_of_models_gamma	authored	37316	0	37344	53	37318	8	37318	71	BDEE595A72CFD11DFC22C923DE0E3594F8B2C239B4DECC17BF69DB54DFEF49A9	NumStability.Source.Higham.Chapter09.Section06
route	NumStability.Algorithms.HighamChapter9	NumStability.higham9_14_matrix_nonnegative_lu_source_h_bound_of_rectRoundedLoop_square_fl_triangular_solves_gamma	NumStability.higham9_14_matrix_nonnegative_lu_source_h_bound_of_rectRoundedLoop_square_fl_triangular_solves_gamma	NumStability.higham9_14_matrix_nonnegative_lu_source_h_bound_of_rectRoundedLoop_square_fl_triangular_solves_gamma	NumStability.higham9_14_matrix_nonnegative_lu_source_h_bound_of_rectRoundedLoop_square_fl_triangular_solves_gamma	authored	32802	0	32837	50	32804	8	32804	108	AB014C851E632B5743E6E88C25D47DA3ABF3E8509436C4073758957686D3C8F0	NumStability.Source.Higham.Chapter09.Section06
route	NumStability.Algorithms.HighamChapter9	NumStability.higham9_14_matrix_nonnegative_lu_source_h_bound_of_rectRoundedLoop_square_fl_triangular_solves_gamma_le	NumStability.higham9_14_matrix_nonnegative_lu_source_h_bound_of_rectRoundedLoop_square_fl_triangular_solves_gamma_le	NumStability.higham9_14_matrix_nonnegative_lu_source_h_bound_of_rectRoundedLoop_square_fl_triangular_solves_gamma_le	NumStability.higham9_14_matrix_nonnegative_lu_source_h_bound_of_rectRoundedLoop_square_fl_triangular_solves_gamma_le	authored	32720	0	32764	25	32722	8	32722	111	3E2363F91D78F3A27949944FBA42950578338B2023292838F3820E3146DBA4FB	NumStability.Source.Higham.Chapter09.Section06
route	NumStability.Algorithms.HighamChapter9	NumStability.higham9_14_matrix_sign_equiv_source_f_bound_of_IsSignEquiv_RectDoolittleRoundedStageTrace_square_fl_triangular_solves_gamma	NumStability.higham9_14_matrix_sign_equiv_source_f_bound_of_IsSignEquiv_RectDoolittleRoundedStageTrace_square_fl_triangular_solves_gamma	NumStability.higham9_14_matrix_sign_equiv_source_f_bound_of_IsSignEquiv_RectDoolittleRoundedStageTrace_square_fl_triangular_solves_gamma	NumStability.higham9_14_matrix_sign_equiv_source_f_bound_of_IsSignEquiv_RectDoolittleRoundedStageTrace_square_fl_triangular_solves_gamma	authored	29587	0	29618	46	29589	8	29589	131	32A3BD99969C335FDAA167F5050C289A7096DCB404B18FFBFECC19FAF94845E3	NumStability.Source.Higham.Chapter09.Section06
route	NumStability.Algorithms.HighamChapter9	NumStability.higham9_14_matrix_sign_equiv_source_f_bound_of_IsSignEquiv_RectDoolittleRoundedStageTrace_square_fl_triangular_solves_gamma_le	NumStability.higham9_14_matrix_sign_equiv_source_f_bound_of_IsSignEquiv_RectDoolittleRoundedStageTrace_square_fl_triangular_solves_gamma_le	NumStability.higham9_14_matrix_sign_equiv_source_f_bound_of_IsSignEquiv_RectDoolittleRoundedStageTrace_square_fl_triangular_solves_gamma_le	NumStability.higham9_14_matrix_sign_equiv_source_f_bound_of_IsSignEquiv_RectDoolittleRoundedStageTrace_square_fl_triangular_solves_gamma_le	authored	29511	0	29547	69	29513	8	29513	134	0D3A591A9BDE5207F1A443DE49E7EE7C6E08E93EA9C99EBC6807D03F96645750	NumStability.Source.Higham.Chapter09.Section06
route	NumStability.Algorithms.HighamChapter9	NumStability.higham9_14_matrix_sign_equiv_source_f_bound_of_IsSignEquiv_models	NumStability.higham9_14_matrix_sign_equiv_source_f_bound_of_IsSignEquiv_models	NumStability.higham9_14_matrix_sign_equiv_source_f_bound_of_IsSignEquiv_models	NumStability.higham9_14_matrix_sign_equiv_source_f_bound_of_IsSignEquiv_models	authored	37543	0	37576	35	37545	8	37545	73	AC5D54591B087C8418917BBA46608DB365449ACF35AE7A1F658331CF21AD0F40	NumStability.Source.Higham.Chapter09.Section06
route	NumStability.Algorithms.HighamChapter9	NumStability.higham9_14_matrix_sign_equiv_source_f_bound_of_IsSignEquiv_models_gamma	NumStability.higham9_14_matrix_sign_equiv_source_f_bound_of_IsSignEquiv_models_gamma	NumStability.higham9_14_matrix_sign_equiv_source_f_bound_of_IsSignEquiv_models_gamma	NumStability.higham9_14_matrix_sign_equiv_source_f_bound_of_IsSignEquiv_models_gamma	authored	37613	0	37645	35	37615	8	37615	79	D3C0B9091D553E20C5A4BB953595AE707BD689C8BC79F5E0D7894FCFEA6C12E3	NumStability.Source.Higham.Chapter09.Section06
route	NumStability.Algorithms.HighamChapter9	NumStability.higham9_14_matrix_sign_equiv_source_f_bound_of_IsSignEquiv_rectRoundedLoop_square_fl_triangular_solves_gamma	NumStability.higham9_14_matrix_sign_equiv_source_f_bound_of_IsSignEquiv_rectRoundedLoop_square_fl_triangular_solves_gamma	NumStability.higham9_14_matrix_sign_equiv_source_f_bound_of_IsSignEquiv_rectRoundedLoop_square_fl_triangular_solves_gamma	NumStability.higham9_14_matrix_sign_equiv_source_f_bound_of_IsSignEquiv_rectRoundedLoop_square_fl_triangular_solves_gamma	authored	33512	0	33554	10	33514	8	33514	116	3CBADAA793FD52A80BF9B529B7AED70991545096556F5824D95348C1320637C8	NumStability.Source.Higham.Chapter09.Section06
route	NumStability.Algorithms.HighamChapter9	NumStability.higham9_14_matrix_sign_equiv_source_f_bound_of_IsSignEquiv_rectRoundedLoop_square_fl_triangular_solves_gamma_le	NumStability.higham9_14_matrix_sign_equiv_source_f_bound_of_IsSignEquiv_rectRoundedLoop_square_fl_triangular_solves_gamma_le	NumStability.higham9_14_matrix_sign_equiv_source_f_bound_of_IsSignEquiv_rectRoundedLoop_square_fl_triangular_solves_gamma_le	NumStability.higham9_14_matrix_sign_equiv_source_f_bound_of_IsSignEquiv_rectRoundedLoop_square_fl_triangular_solves_gamma_le	authored	33404	0	33456	45	33406	8	33406	119	782E2717968BA98E5A25C77F6EE0B16EA27C13BA1F98FA622A492F4F948E9ACA	NumStability.Source.Higham.Chapter09.Section06
route	NumStability.Algorithms.HighamChapter9	NumStability.higham9_14_matrix_sign_equiv_source_h_bound_of_IsSignEquiv_RectDoolittleRoundedStageTrace_square_fl_triangular_solves_gamma	NumStability.higham9_14_matrix_sign_equiv_source_h_bound_of_IsSignEquiv_RectDoolittleRoundedStageTrace_square_fl_triangular_solves_gamma	NumStability.higham9_14_matrix_sign_equiv_source_h_bound_of_IsSignEquiv_RectDoolittleRoundedStageTrace_square_fl_triangular_solves_gamma	NumStability.higham9_14_matrix_sign_equiv_source_h_bound_of_IsSignEquiv_RectDoolittleRoundedStageTrace_square_fl_triangular_solves_gamma	authored	29620	0	29652	46	29622	8	29622	131	53B90D3CF08597725E30E7420610199E442BF077F3C69A15209200FC22C7B947	NumStability.Source.Higham.Chapter09.Section06
route	NumStability.Algorithms.HighamChapter9	NumStability.higham9_14_matrix_sign_equiv_source_h_bound_of_IsSignEquiv_RectDoolittleRoundedStageTrace_square_fl_triangular_solves_gamma_le	NumStability.higham9_14_matrix_sign_equiv_source_h_bound_of_IsSignEquiv_RectDoolittleRoundedStageTrace_square_fl_triangular_solves_gamma_le	NumStability.higham9_14_matrix_sign_equiv_source_h_bound_of_IsSignEquiv_RectDoolittleRoundedStageTrace_square_fl_triangular_solves_gamma_le	NumStability.higham9_14_matrix_sign_equiv_source_h_bound_of_IsSignEquiv_RectDoolittleRoundedStageTrace_square_fl_triangular_solves_gamma_le	authored	29549	0	29585	69	29551	8	29551	134	F27EFCD59EA7AC56D3FA913890CEA759A0161E49514A37B5A870D2BB6179BEA2	NumStability.Source.Higham.Chapter09.Section06
route	NumStability.Algorithms.HighamChapter9	NumStability.higham9_14_matrix_sign_equiv_source_h_bound_of_IsSignEquiv_models	NumStability.higham9_14_matrix_sign_equiv_source_h_bound_of_IsSignEquiv_models	NumStability.higham9_14_matrix_sign_equiv_source_h_bound_of_IsSignEquiv_models	NumStability.higham9_14_matrix_sign_equiv_source_h_bound_of_IsSignEquiv_models	authored	37508	0	37541	35	37510	8	37510	73	857FB9B930F7F7DA4109B5C81ECA51B536ABC6553832D75184BD6BB9DE716DF3	NumStability.Source.Higham.Chapter09.Section06
route	NumStability.Algorithms.HighamChapter9	NumStability.higham9_14_matrix_sign_equiv_source_h_bound_of_IsSignEquiv_models_gamma	NumStability.higham9_14_matrix_sign_equiv_source_h_bound_of_IsSignEquiv_models_gamma	NumStability.higham9_14_matrix_sign_equiv_source_h_bound_of_IsSignEquiv_models_gamma	NumStability.higham9_14_matrix_sign_equiv_source_h_bound_of_IsSignEquiv_models_gamma	authored	37578	0	37611	35	37580	8	37580	79	3439194175F4B375972D2E1F93D28D6CC0B84F996412510D9F8A9341DFA84548	NumStability.Source.Higham.Chapter09.Section06
route	NumStability.Algorithms.HighamChapter9	NumStability.higham9_14_matrix_sign_equiv_source_h_bound_of_IsSignEquiv_rectRoundedLoop_square_fl_triangular_solves_gamma	NumStability.higham9_14_matrix_sign_equiv_source_h_bound_of_IsSignEquiv_rectRoundedLoop_square_fl_triangular_solves_gamma	NumStability.higham9_14_matrix_sign_equiv_source_h_bound_of_IsSignEquiv_rectRoundedLoop_square_fl_triangular_solves_gamma	NumStability.higham9_14_matrix_sign_equiv_source_h_bound_of_IsSignEquiv_rectRoundedLoop_square_fl_triangular_solves_gamma	authored	33556	0	33599	36	33558	8	33558	116	CFCD0F5C55060970A7E9FFA2E9F72EF488C607F6C5519CFD6CE64A4C110705F3	NumStability.Source.Higham.Chapter09.Section06
route	NumStability.Algorithms.HighamChapter9	NumStability.higham9_14_matrix_sign_equiv_source_h_bound_of_IsSignEquiv_rectRoundedLoop_square_fl_triangular_solves_gamma_le	NumStability.higham9_14_matrix_sign_equiv_source_h_bound_of_IsSignEquiv_rectRoundedLoop_square_fl_triangular_solves_gamma_le	NumStability.higham9_14_matrix_sign_equiv_source_h_bound_of_IsSignEquiv_rectRoundedLoop_square_fl_triangular_solves_gamma_le	NumStability.higham9_14_matrix_sign_equiv_source_h_bound_of_IsSignEquiv_rectRoundedLoop_square_fl_triangular_solves_gamma_le	authored	33458	0	33510	45	33460	8	33460	119	1692409612AA456E76E9A210F95E9208B02B8C691D097B23A15B4DAA3C691498	NumStability.Source.Higham.Chapter09.Section06
route	NumStability.Algorithms.HighamChapter9	NumStability.higham9_14_matrix_source_f_bound_of_DoolittleDenseLoopAbsBudgetCertificate_fl_triangular_solves_absLU_le_absA_gamma	NumStability.higham9_14_matrix_source_f_bound_of_DoolittleDenseLoopAbsBudgetCertificate_fl_triangular_solves_absLU_le_absA_gamma	NumStability.higham9_14_matrix_source_f_bound_of_DoolittleDenseLoopAbsBudgetCertificate_fl_triangular_solves_absLU_le_absA_gamma	NumStability.higham9_14_matrix_source_f_bound_of_DoolittleDenseLoopAbsBudgetCertificate_fl_triangular_solves_absLU_le_absA_gamma	authored	26078	0	26101	58	26081	8	26081	123	42421437D94E47F9E9B62C745186D765AD79B7724AF0D6C443AE1F8F2F632BA6	NumStability.Source.Higham.Chapter09.Section06
route	NumStability.Algorithms.HighamChapter9	NumStability.higham9_14_matrix_source_f_bound_of_DoolittleDenseLoopAbsBudgetCertificate_fl_triangular_solves_absLU_le_absA_gamma_le	NumStability.higham9_14_matrix_source_f_bound_of_DoolittleDenseLoopAbsBudgetCertificate_fl_triangular_solves_absLU_le_absA_gamma_le	NumStability.higham9_14_matrix_source_f_bound_of_DoolittleDenseLoopAbsBudgetCertificate_fl_triangular_solves_absLU_le_absA_gamma_le	NumStability.higham9_14_matrix_source_f_bound_of_DoolittleDenseLoopAbsBudgetCertificate_fl_triangular_solves_absLU_le_absA_gamma_le	authored	26030	0	26053	58	26032	8	26032	126	42212E124F8E81100848441CD335853A9749984ED664194BE3356153667BDAE5	NumStability.Source.Higham.Chapter09.Section06
route	NumStability.Algorithms.HighamChapter9	NumStability.higham9_14_matrix_source_f_bound_of_DoolittleDenseLoopAbsBudgetCertificate_fl_triangular_solves_gamma	NumStability.higham9_14_matrix_source_f_bound_of_DoolittleDenseLoopAbsBudgetCertificate_fl_triangular_solves_gamma	NumStability.higham9_14_matrix_source_f_bound_of_DoolittleDenseLoopAbsBudgetCertificate_fl_triangular_solves_gamma	NumStability.higham9_14_matrix_source_f_bound_of_DoolittleDenseLoopAbsBudgetCertificate_fl_triangular_solves_gamma	authored	25937	0	25959	55	25939	8	25939	109	32E34501C7DECA49900865E5F7528DE46BE7C7D8E28F08C32AE3213E80E7D320	NumStability.Source.Higham.Chapter09.Section06
route	NumStability.Algorithms.HighamChapter9	NumStability.higham9_14_matrix_source_f_bound_of_DoolittleDenseLoopAbsBudgetCertificate_fl_triangular_solves_gamma_le	NumStability.higham9_14_matrix_source_f_bound_of_DoolittleDenseLoopAbsBudgetCertificate_fl_triangular_solves_gamma_le	NumStability.higham9_14_matrix_source_f_bound_of_DoolittleDenseLoopAbsBudgetCertificate_fl_triangular_solves_gamma_le	NumStability.higham9_14_matrix_source_f_bound_of_DoolittleDenseLoopAbsBudgetCertificate_fl_triangular_solves_gamma_le	authored	25746	0	25769	37	25748	8	25748	112	3D321FE9F5C238D93C342AF508CFE71039C486C56ED4F2C3315301A6A44ADDEA	NumStability.Source.Higham.Chapter09.Section06
route	NumStability.Algorithms.HighamChapter9	NumStability.higham9_14_matrix_source_f_bound_of_DoolittleDenseLoopCertificate_fl_triangular_solves_absLU_le_absA_gamma	NumStability.higham9_14_matrix_source_f_bound_of_DoolittleDenseLoopCertificate_fl_triangular_solves_absLU_le_absA_gamma	NumStability.higham9_14_matrix_source_f_bound_of_DoolittleDenseLoopCertificate_fl_triangular_solves_absLU_le_absA_gamma	NumStability.higham9_14_matrix_source_f_bound_of_DoolittleDenseLoopCertificate_fl_triangular_solves_absLU_le_absA_gamma	authored	26055	0	26076	58	26058	8	26058	114	F81CB95EA8B9A6C99F1DA5CA2BFC1B2B749979F01070F8F7B17804248B951D5C	NumStability.Source.Higham.Chapter09.Section06
route	NumStability.Algorithms.HighamChapter9	NumStability.higham9_14_matrix_source_f_bound_of_DoolittleDenseLoopCertificate_fl_triangular_solves_absLU_le_absA_gamma_le	NumStability.higham9_14_matrix_source_f_bound_of_DoolittleDenseLoopCertificate_fl_triangular_solves_absLU_le_absA_gamma_le	NumStability.higham9_14_matrix_source_f_bound_of_DoolittleDenseLoopCertificate_fl_triangular_solves_absLU_le_absA_gamma_le	NumStability.higham9_14_matrix_source_f_bound_of_DoolittleDenseLoopCertificate_fl_triangular_solves_absLU_le_absA_gamma_le	authored	26007	0	26028	58	26009	8	26009	117	63B786DDA5A37F59F1B2D3E730A2ED97319AE0C21024AD96E677ED1CB17E3990	NumStability.Source.Higham.Chapter09.Section06
route	NumStability.Algorithms.HighamChapter9	NumStability.higham9_14_matrix_source_f_bound_of_DoolittleDenseLoopCertificate_fl_triangular_solves_gamma	NumStability.higham9_14_matrix_source_f_bound_of_DoolittleDenseLoopCertificate_fl_triangular_solves_gamma	NumStability.higham9_14_matrix_source_f_bound_of_DoolittleDenseLoopCertificate_fl_triangular_solves_gamma	NumStability.higham9_14_matrix_source_f_bound_of_DoolittleDenseLoopCertificate_fl_triangular_solves_gamma	authored	25915	0	25935	34	25917	8	25917	100	A9AEBE9340E6EF507360E81CF845EA9ADAB4042747744778C41F7D02B732A312	NumStability.Source.Higham.Chapter09.Section06
route	NumStability.Algorithms.HighamChapter9	NumStability.higham9_14_matrix_source_f_bound_of_DoolittleDenseLoopCertificate_fl_triangular_solves_gamma_le	NumStability.higham9_14_matrix_source_f_bound_of_DoolittleDenseLoopCertificate_fl_triangular_solves_gamma_le	NumStability.higham9_14_matrix_source_f_bound_of_DoolittleDenseLoopCertificate_fl_triangular_solves_gamma_le	NumStability.higham9_14_matrix_source_f_bound_of_DoolittleDenseLoopCertificate_fl_triangular_solves_gamma_le	authored	25723	0	25744	37	25725	8	25725	103	98BFC0A32C77EB6D9C66FEB1285755AD241914F1A5B3C6179EFC79AF898B6CBB	NumStability.Source.Higham.Chapter09.Section06
route	NumStability.Algorithms.HighamChapter9	NumStability.higham9_14_matrix_source_f_bound_of_LUBackwardError_fl_triangular_solves_absLU_le_absA_gamma	NumStability.higham9_14_matrix_source_f_bound_of_LUBackwardError_fl_triangular_solves_absLU_le_absA_gamma	NumStability.higham9_14_matrix_source_f_bound_of_LUBackwardError_fl_triangular_solves_absLU_le_absA_gamma	NumStability.higham9_14_matrix_source_f_bound_of_LUBackwardError_fl_triangular_solves_absLU_le_absA_gamma	authored	25370	0	25390	58	25372	8	25372	100	3B6C5E007FF4C9D77ADF66AFCDC087A7F5CA17B2183073D41D5C4843B2F2ACB6	NumStability.Source.Higham.Chapter09.Section06
route	NumStability.Algorithms.HighamChapter9	NumStability.higham9_14_matrix_source_f_bound_of_LUBackwardError_fl_triangular_solves_absLU_le_absA_gamma_le	NumStability.higham9_14_matrix_source_f_bound_of_LUBackwardError_fl_triangular_solves_absLU_le_absA_gamma_le	NumStability.higham9_14_matrix_source_f_bound_of_LUBackwardError_fl_triangular_solves_absLU_le_absA_gamma_le	NumStability.higham9_14_matrix_source_f_bound_of_LUBackwardError_fl_triangular_solves_absLU_le_absA_gamma_le	authored	25346	0	25368	58	25348	8	25348	103	AA8F1B23BC7447865EA33131795FBEFA111A64071F0F96AC0065F99C808B39FD	NumStability.Source.Higham.Chapter09.Section06
route	NumStability.Algorithms.HighamChapter9	NumStability.higham9_14_matrix_source_f_bound_of_LUBackwardError_fl_triangular_solves_gamma	NumStability.higham9_14_matrix_source_f_bound_of_LUBackwardError_fl_triangular_solves_gamma	NumStability.higham9_14_matrix_source_f_bound_of_LUBackwardError_fl_triangular_solves_gamma	NumStability.higham9_14_matrix_source_f_bound_of_LUBackwardError_fl_triangular_solves_gamma	authored	25157	0	25177	63	25159	8	25159	86	B75FAC87C3FD537F2F0473FC375ED9FD5DBA4713761B5D6B3F72A1C539A16E06	NumStability.Source.Higham.Chapter09.Section06
route	NumStability.Algorithms.HighamChapter9	NumStability.higham9_14_matrix_source_f_bound_of_LUBackwardError_fl_triangular_solves_gamma_le	NumStability.higham9_14_matrix_source_f_bound_of_LUBackwardError_fl_triangular_solves_gamma_le	NumStability.higham9_14_matrix_source_f_bound_of_LUBackwardError_fl_triangular_solves_gamma_le	NumStability.higham9_14_matrix_source_f_bound_of_LUBackwardError_fl_triangular_solves_gamma_le	authored	25048	0	25074	54	25050	8	25050	89	8AE4EFCBEBA9CAD616E03F221DA30B9BB683EF9702713F4A5E90CE55EB4DE79E	NumStability.Source.Higham.Chapter09.Section06
route	NumStability.Algorithms.HighamChapter9	NumStability.higham9_14_matrix_source_f_bound_of_LUFactSpec_fl_triangular_solves_absLU_le_absA_gamma	NumStability.higham9_14_matrix_source_f_bound_of_LUFactSpec_fl_triangular_solves_absLU_le_absA_gamma	NumStability.higham9_14_matrix_source_f_bound_of_LUFactSpec_fl_triangular_solves_absLU_le_absA_gamma	NumStability.higham9_14_matrix_source_f_bound_of_LUFactSpec_fl_triangular_solves_absLU_le_absA_gamma	authored	25415	0	25435	58	25417	8	25417	95	D1F388DCC7A5A0CCD859F491FC53DC31CBD4E1A0C2C356E260CB5102B09AAF63	NumStability.Source.Higham.Chapter09.Section06
route	NumStability.Algorithms.HighamChapter9	NumStability.higham9_14_matrix_source_f_bound_of_LUFactSpec_fl_triangular_solves_absLU_le_absA_gamma_le	NumStability.higham9_14_matrix_source_f_bound_of_LUFactSpec_fl_triangular_solves_absLU_le_absA_gamma_le	NumStability.higham9_14_matrix_source_f_bound_of_LUFactSpec_fl_triangular_solves_absLU_le_absA_gamma_le	NumStability.higham9_14_matrix_source_f_bound_of_LUFactSpec_fl_triangular_solves_absLU_le_absA_gamma_le	authored	25392	0	25413	58	25394	8	25394	98	8B7F5B7DE1C038BCB02D51EDEDBBC261C9A0FC5CE89D0EC0FBC82CF9DE232DCD	NumStability.Source.Higham.Chapter09.Section06
route	NumStability.Algorithms.HighamChapter9	NumStability.higham9_14_matrix_source_f_bound_of_LUFactSpec_fl_triangular_solves_gamma	NumStability.higham9_14_matrix_source_f_bound_of_LUFactSpec_fl_triangular_solves_gamma	NumStability.higham9_14_matrix_source_f_bound_of_LUFactSpec_fl_triangular_solves_gamma	NumStability.higham9_14_matrix_source_f_bound_of_LUFactSpec_fl_triangular_solves_gamma	authored	25179	0	25199	28	25181	8	25181	81	64823F363B9E79C9074B9DE98DCB3FF68A8D83DBADA0EB184519EEEEF93527C7	NumStability.Source.Higham.Chapter09.Section06
route	NumStability.Algorithms.HighamChapter9	NumStability.higham9_14_matrix_source_f_bound_of_LUFactSpec_fl_triangular_solves_gamma_le	NumStability.higham9_14_matrix_source_f_bound_of_LUFactSpec_fl_triangular_solves_gamma_le	NumStability.higham9_14_matrix_source_f_bound_of_LUFactSpec_fl_triangular_solves_gamma_le	NumStability.higham9_14_matrix_source_f_bound_of_LUFactSpec_fl_triangular_solves_gamma_le	authored	25076	0	25100	54	25078	8	25078	84	09EEEEB9A3E4643EC243480DD40C1357D7B6008BF4AD75764DFA248439A8FC30	NumStability.Source.Higham.Chapter09.Section06
route	NumStability.Algorithms.HighamChapter9	NumStability.higham9_14_matrix_source_f_bound_of_RectDoolittleDenseLoopAbsBudgetCertificate_square_fl_triangular_solves_absLU_le_absA_gamma	NumStability.higham9_14_matrix_source_f_bound_of_RectDoolittleDenseLoopAbsBudgetCertificate_square_fl_triangular_solves_absLU_le_absA_gamma	NumStability.higham9_14_matrix_source_f_bound_of_RectDoolittleDenseLoopAbsBudgetCertificate_square_fl_triangular_solves_absLU_le_absA_gamma	NumStability.higham9_14_matrix_source_f_bound_of_RectDoolittleDenseLoopAbsBudgetCertificate_square_fl_triangular_solves_absLU_le_absA_gamma	authored	27043	0	27066	58	27046	8	27046	134	EC63173467C5E8D9012B510312368788DEF2DE6A58195F58588DE5A6E69737D1	NumStability.Source.Higham.Chapter09.Section06
route	NumStability.Algorithms.HighamChapter9	NumStability.higham9_14_matrix_source_f_bound_of_RectDoolittleDenseLoopAbsBudgetCertificate_square_fl_triangular_solves_absLU_le_absA_gamma_le	NumStability.higham9_14_matrix_source_f_bound_of_RectDoolittleDenseLoopAbsBudgetCertificate_square_fl_triangular_solves_absLU_le_absA_gamma_le	NumStability.higham9_14_matrix_source_f_bound_of_RectDoolittleDenseLoopAbsBudgetCertificate_square_fl_triangular_solves_absLU_le_absA_gamma_le	NumStability.higham9_14_matrix_source_f_bound_of_RectDoolittleDenseLoopAbsBudgetCertificate_square_fl_triangular_solves_absLU_le_absA_gamma_le	authored	26993	0	27017	58	26996	8	26996	137	53E696EC98B9B1AD4E7012DC585628B4AFE10E477CA50B5F6961263E892A8D11	NumStability.Source.Higham.Chapter09.Section06
route	NumStability.Algorithms.HighamChapter9	NumStability.higham9_14_matrix_source_f_bound_of_RectDoolittleDenseLoopAbsBudgetCertificate_square_fl_triangular_solves_gamma	NumStability.higham9_14_matrix_source_f_bound_of_RectDoolittleDenseLoopAbsBudgetCertificate_square_fl_triangular_solves_gamma	NumStability.higham9_14_matrix_source_f_bound_of_RectDoolittleDenseLoopAbsBudgetCertificate_square_fl_triangular_solves_gamma	NumStability.higham9_14_matrix_source_f_bound_of_RectDoolittleDenseLoopAbsBudgetCertificate_square_fl_triangular_solves_gamma	authored	26895	0	26918	55	26898	8	26898	120	3679563C66025D82BA8320585A7E5384A73FA2E16DE384476DE0E494A616FC13	NumStability.Source.Higham.Chapter09.Section06
route	NumStability.Algorithms.HighamChapter9	NumStability.higham9_14_matrix_source_f_bound_of_RectDoolittleDenseLoopAbsBudgetCertificate_square_fl_triangular_solves_gamma_le	NumStability.higham9_14_matrix_source_f_bound_of_RectDoolittleDenseLoopAbsBudgetCertificate_square_fl_triangular_solves_gamma_le	NumStability.higham9_14_matrix_source_f_bound_of_RectDoolittleDenseLoopAbsBudgetCertificate_square_fl_triangular_solves_gamma_le	NumStability.higham9_14_matrix_source_f_bound_of_RectDoolittleDenseLoopAbsBudgetCertificate_square_fl_triangular_solves_gamma_le	authored	26696	0	26720	29	26699	8	26699	123	16125A36960434E99F4A0A6A5943A8A967D4784C0531E5D5F1AECD6324F94A5B	NumStability.Source.Higham.Chapter09.Section06
route	NumStability.Algorithms.HighamChapter9	NumStability.higham9_14_matrix_source_f_bound_of_RectDoolittleDenseLoopCertificate_square_fl_triangular_solves_absLU_le_absA_gamma	NumStability.higham9_14_matrix_source_f_bound_of_RectDoolittleDenseLoopCertificate_square_fl_triangular_solves_absLU_le_absA_gamma	NumStability.higham9_14_matrix_source_f_bound_of_RectDoolittleDenseLoopCertificate_square_fl_triangular_solves_absLU_le_absA_gamma	NumStability.higham9_14_matrix_source_f_bound_of_RectDoolittleDenseLoopCertificate_square_fl_triangular_solves_absLU_le_absA_gamma	authored	27019	0	27041	58	27022	8	27022	125	D696786B4AF51B60AB5843D5C0EF441EA2032F8EB92C43FE4C7CD15F8253FE51	NumStability.Source.Higham.Chapter09.Section06
route	NumStability.Algorithms.HighamChapter9	NumStability.higham9_14_matrix_source_f_bound_of_RectDoolittleDenseLoopCertificate_square_fl_triangular_solves_absLU_le_absA_gamma_le	NumStability.higham9_14_matrix_source_f_bound_of_RectDoolittleDenseLoopCertificate_square_fl_triangular_solves_absLU_le_absA_gamma_le	NumStability.higham9_14_matrix_source_f_bound_of_RectDoolittleDenseLoopCertificate_square_fl_triangular_solves_absLU_le_absA_gamma_le	NumStability.higham9_14_matrix_source_f_bound_of_RectDoolittleDenseLoopCertificate_square_fl_triangular_solves_absLU_le_absA_gamma_le	authored	26968	0	26991	58	26971	8	26971	128	98C69C1C7B83E9076E027ABD6A32E72CF99A9F9C4A31F7D706A38BC6B6674767	NumStability.Source.Higham.Chapter09.Section06
route	NumStability.Algorithms.HighamChapter9	NumStability.higham9_14_matrix_source_f_bound_of_RectDoolittleDenseLoopCertificate_square_fl_triangular_solves_gamma	NumStability.higham9_14_matrix_source_f_bound_of_RectDoolittleDenseLoopCertificate_square_fl_triangular_solves_gamma	NumStability.higham9_14_matrix_source_f_bound_of_RectDoolittleDenseLoopCertificate_square_fl_triangular_solves_gamma	NumStability.higham9_14_matrix_source_f_bound_of_RectDoolittleDenseLoopCertificate_square_fl_triangular_solves_gamma	authored	26871	0	26893	34	26874	8	26874	111	F14FB9430BD529236C3DC208F6E4B7CCED995266CB4C88FCF4A4A8CE75903076	NumStability.Source.Higham.Chapter09.Section06
route	NumStability.Algorithms.HighamChapter9	NumStability.higham9_14_matrix_source_f_bound_of_RectDoolittleDenseLoopCertificate_square_fl_triangular_solves_gamma_le	NumStability.higham9_14_matrix_source_f_bound_of_RectDoolittleDenseLoopCertificate_square_fl_triangular_solves_gamma_le	NumStability.higham9_14_matrix_source_f_bound_of_RectDoolittleDenseLoopCertificate_square_fl_triangular_solves_gamma_le	NumStability.higham9_14_matrix_source_f_bound_of_RectDoolittleDenseLoopCertificate_square_fl_triangular_solves_gamma_le	authored	26671	0	26694	29	26674	8	26674	114	2287B64F00521A05EA18FF896E753EDD7E67616AC7F031B1B85A0DB2A1A2D6A1	NumStability.Source.Higham.Chapter09.Section06
route	NumStability.Algorithms.HighamChapter9	NumStability.higham9_14_matrix_source_f_bound_of_RectDoolittleRoundedStageTrace_square_fl_triangular_solves_absLU_le_absA_gamma	NumStability.higham9_14_matrix_source_f_bound_of_RectDoolittleRoundedStageTrace_square_fl_triangular_solves_absLU_le_absA_gamma	NumStability.higham9_14_matrix_source_f_bound_of_RectDoolittleRoundedStageTrace_square_fl_triangular_solves_absLU_le_absA_gamma	NumStability.higham9_14_matrix_source_f_bound_of_RectDoolittleRoundedStageTrace_square_fl_triangular_solves_absLU_le_absA_gamma	authored	28006	0	28034	58	28009	8	28009	122	0F8E2FF3EEE5260402CB503E9EC0CFFB8E7441B348DB5B322F241BCEB42AF899	NumStability.Source.Higham.Chapter09.Section06
route	NumStability.Algorithms.HighamChapter9	NumStability.higham9_14_matrix_source_f_bound_of_RectDoolittleRoundedStageTrace_square_fl_triangular_solves_absLU_le_absA_gamma_le	NumStability.higham9_14_matrix_source_f_bound_of_RectDoolittleRoundedStageTrace_square_fl_triangular_solves_absLU_le_absA_gamma_le	NumStability.higham9_14_matrix_source_f_bound_of_RectDoolittleRoundedStageTrace_square_fl_triangular_solves_absLU_le_absA_gamma_le	NumStability.higham9_14_matrix_source_f_bound_of_RectDoolittleRoundedStageTrace_square_fl_triangular_solves_absLU_le_absA_gamma_le	authored	27975	0	28004	58	27977	8	27977	125	D777622707B8DD7E4640E4666F321EEC819BAF75D1A436DB8E34ED869C9BB880	NumStability.Source.Higham.Chapter09.Section06
route	NumStability.Algorithms.HighamChapter9	NumStability.higham9_14_matrix_source_f_bound_of_RectDoolittleRoundedStageTrace_square_fl_triangular_solves_gamma	NumStability.higham9_14_matrix_source_f_bound_of_RectDoolittleRoundedStageTrace_square_fl_triangular_solves_gamma	NumStability.higham9_14_matrix_source_f_bound_of_RectDoolittleRoundedStageTrace_square_fl_triangular_solves_gamma	NumStability.higham9_14_matrix_source_f_bound_of_RectDoolittleRoundedStageTrace_square_fl_triangular_solves_gamma	authored	27946	0	27973	60	27948	8	27948	108	9B1C42524D5209B0F96807B26FE01CB22C082E0E7A98669EDF653DDEEE90F3AE	NumStability.Source.Higham.Chapter09.Section06
route	NumStability.Algorithms.HighamChapter9	NumStability.higham9_14_matrix_source_f_bound_of_RectDoolittleRoundedStageTrace_square_fl_triangular_solves_gamma_le	NumStability.higham9_14_matrix_source_f_bound_of_RectDoolittleRoundedStageTrace_square_fl_triangular_solves_gamma_le	NumStability.higham9_14_matrix_source_f_bound_of_RectDoolittleRoundedStageTrace_square_fl_triangular_solves_gamma_le	NumStability.higham9_14_matrix_source_f_bound_of_RectDoolittleRoundedStageTrace_square_fl_triangular_solves_gamma_le	authored	27852	0	27882	29	27855	8	27855	111	A7CF577D3F56168E2D9A0C9F9CABE7C85BEC37B3C55B4A670182C5AAF02DF89D	NumStability.Source.Higham.Chapter09.Section06
route	NumStability.Algorithms.HighamChapter9	NumStability.higham9_14_matrix_source_f_bound_of_absLU_le_absA_and_matrix_models	NumStability.higham9_14_matrix_source_f_bound_of_absLU_le_absA_and_matrix_models	NumStability.higham9_14_matrix_source_f_bound_of_absLU_le_absA_and_matrix_models	NumStability.higham9_14_matrix_source_f_bound_of_absLU_le_absA_and_matrix_models	authored	24221	0	24261	54	24223	8	24223	75	64AD2FE850EB079979004E62473ADD53546E5DC00CD1B632B9B93B301B3B0B4B	NumStability.Source.Higham.Chapter09.Section06
route	NumStability.Algorithms.HighamChapter9	NumStability.higham9_14_matrix_source_f_bound_of_absLU_le_absA_and_matrix_models_le	NumStability.higham9_14_matrix_source_f_bound_of_absLU_le_absA_and_matrix_models_le	NumStability.higham9_14_matrix_source_f_bound_of_absLU_le_absA_and_matrix_models_le	NumStability.higham9_14_matrix_source_f_bound_of_absLU_le_absA_and_matrix_models_le	authored	24520	0	24560	54	24522	8	24522	78	0FC5355A4E9F504D9C594BDC7A95666A8250811F3B34818A26DDBF255BCDA020	NumStability.Source.Higham.Chapter09.Section06
route	NumStability.Algorithms.HighamChapter9	NumStability.higham9_14_matrix_source_f_bound_of_absLU_le_const_absA_and_matrix_models	NumStability.higham9_14_matrix_source_f_bound_of_absLU_le_const_absA_and_matrix_models	NumStability.higham9_14_matrix_source_f_bound_of_absLU_le_const_absA_and_matrix_models	NumStability.higham9_14_matrix_source_f_bound_of_absLU_le_const_absA_and_matrix_models	authored	24137	0	24177	54	24139	8	24139	81	143DFD4930A8323054D3412376A3A08AFBCB5A601F2B4437774816580576C0E4	NumStability.Source.Higham.Chapter09.Section06
route	NumStability.Algorithms.HighamChapter9	NumStability.higham9_14_matrix_source_f_bound_of_absLU_le_const_absA_and_matrix_models_le	NumStability.higham9_14_matrix_source_f_bound_of_absLU_le_const_absA_and_matrix_models_le	NumStability.higham9_14_matrix_source_f_bound_of_absLU_le_const_absA_and_matrix_models_le	NumStability.higham9_14_matrix_source_f_bound_of_absLU_le_const_absA_and_matrix_models_le	authored	24435	0	24475	54	24437	8	24437	84	FB419AB8EA526B18084D3EFADF96A2AC6B0C902D2D83DF8DD1C37D2C10815FF0	NumStability.Source.Higham.Chapter09.Section06
route	NumStability.Algorithms.HighamChapter9	NumStability.higham9_14_matrix_source_f_bound_of_rectLiteralDoolittle_exactTargetGaps_square_fl_triangular_solves_gamma	NumStability.higham9_14_matrix_source_f_bound_of_rectLiteralDoolittle_exactTargetGaps_square_fl_triangular_solves_gamma	NumStability.higham9_14_matrix_source_f_bound_of_rectLiteralDoolittle_exactTargetGaps_square_fl_triangular_solves_gamma	NumStability.higham9_14_matrix_source_f_bound_of_rectLiteralDoolittle_exactTargetGaps_square_fl_triangular_solves_gamma	authored	30451	0	30503	57	30453	8	30453	114	2852025FF5595254510581F16317E0D1152ACD7BDB55CC05682C0A5786FC6F87	NumStability.Source.Higham.Chapter09.Section06
route	NumStability.Algorithms.HighamChapter9	NumStability.higham9_14_matrix_source_f_bound_of_rectLiteralDoolittle_exactTargetGaps_square_fl_triangular_solves_gamma_le	NumStability.higham9_14_matrix_source_f_bound_of_rectLiteralDoolittle_exactTargetGaps_square_fl_triangular_solves_gamma_le	NumStability.higham9_14_matrix_source_f_bound_of_rectLiteralDoolittle_exactTargetGaps_square_fl_triangular_solves_gamma_le	NumStability.higham9_14_matrix_source_f_bound_of_rectLiteralDoolittle_exactTargetGaps_square_fl_triangular_solves_gamma_le	authored	30271	0	30329	29	30273	8	30273	117	13AC405183967228E0CC6DAABB2446BBC0549D3C74D61C6BAB7A6E06D8C362AF	NumStability.Source.Higham.Chapter09.Section06
route	NumStability.Algorithms.HighamChapter9	NumStability.higham9_14_matrix_source_f_bound_of_rectRoundedLoop_square_fl_triangular_solves_absLU_le_absA_gamma	NumStability.higham9_14_matrix_source_f_bound_of_rectRoundedLoop_square_fl_triangular_solves_absLU_le_absA_gamma	NumStability.higham9_14_matrix_source_f_bound_of_rectRoundedLoop_square_fl_triangular_solves_absLU_le_absA_gamma	NumStability.higham9_14_matrix_source_f_bound_of_rectRoundedLoop_square_fl_triangular_solves_absLU_le_absA_gamma	authored	31204	0	31242	58	31206	8	31206	107	35706C6755DB7A93B4D6756CC3124E4C2CBA2B2454257EA06650A470674EE0EC	NumStability.Source.Higham.Chapter09.Section06
route	NumStability.Algorithms.HighamChapter9	NumStability.higham9_14_matrix_source_f_bound_of_rectRoundedLoop_square_fl_triangular_solves_absLU_le_absA_gamma_le	NumStability.higham9_14_matrix_source_f_bound_of_rectRoundedLoop_square_fl_triangular_solves_absLU_le_absA_gamma_le	NumStability.higham9_14_matrix_source_f_bound_of_rectRoundedLoop_square_fl_triangular_solves_absLU_le_absA_gamma_le	NumStability.higham9_14_matrix_source_f_bound_of_rectRoundedLoop_square_fl_triangular_solves_absLU_le_absA_gamma_le	authored	31163	0	31202	58	31165	8	31165	110	A840924F3C83BC5A290D7F7C55B740C0E392C96E15ECDC916B9DA985CB105A85	NumStability.Source.Higham.Chapter09.Section06
route	NumStability.Algorithms.HighamChapter9	NumStability.higham9_14_matrix_source_f_bound_of_rectRoundedLoop_square_fl_triangular_solves_gamma	NumStability.higham9_14_matrix_source_f_bound_of_rectRoundedLoop_square_fl_triangular_solves_gamma	NumStability.higham9_14_matrix_source_f_bound_of_rectRoundedLoop_square_fl_triangular_solves_gamma	NumStability.higham9_14_matrix_source_f_bound_of_rectRoundedLoop_square_fl_triangular_solves_gamma	authored	31121	0	31161	59	31123	8	31123	93	96CF6779B49E6C5594D62521A86B1EEFAC0442094E04E4FD1B1B44B88FD4401D	NumStability.Source.Higham.Chapter09.Section06
route	NumStability.Algorithms.HighamChapter9	NumStability.higham9_14_matrix_source_f_bound_of_rectRoundedLoop_square_fl_triangular_solves_gamma_le	NumStability.higham9_14_matrix_source_f_bound_of_rectRoundedLoop_square_fl_triangular_solves_gamma_le	NumStability.higham9_14_matrix_source_f_bound_of_rectRoundedLoop_square_fl_triangular_solves_gamma_le	NumStability.higham9_14_matrix_source_f_bound_of_rectRoundedLoop_square_fl_triangular_solves_gamma_le	authored	31067	0	31119	31	31069	8	31069	96	D1DE37CD2307FA6F5C29FE3B3D46A908E343F5A4E0FBED054B72251F053A7F60	NumStability.Source.Higham.Chapter09.Section06
route	NumStability.Algorithms.HighamChapter9	NumStability.higham9_14_matrix_source_h_bound_of_DoolittleDenseLoopAbsBudgetCertificate_fl_triangular_solves_absLU_le_absA_gamma	NumStability.higham9_14_matrix_source_h_bound_of_DoolittleDenseLoopAbsBudgetCertificate_fl_triangular_solves_absLU_le_absA_gamma	NumStability.higham9_14_matrix_source_h_bound_of_DoolittleDenseLoopAbsBudgetCertificate_fl_triangular_solves_absLU_le_absA_gamma	NumStability.higham9_14_matrix_source_h_bound_of_DoolittleDenseLoopAbsBudgetCertificate_fl_triangular_solves_absLU_le_absA_gamma	authored	26168	0	26189	64	26170	8	26170	123	400A226E3F2A9E0333BA1883CECAA2DC191DCDA51AD4BC271435DCBA8F93F6D9	NumStability.Source.Higham.Chapter09.Section06
route	NumStability.Algorithms.HighamChapter9	NumStability.higham9_14_matrix_source_h_bound_of_DoolittleDenseLoopAbsBudgetCertificate_fl_triangular_solves_absLU_le_absA_gamma_le	NumStability.higham9_14_matrix_source_h_bound_of_DoolittleDenseLoopAbsBudgetCertificate_fl_triangular_solves_absLU_le_absA_gamma_le	NumStability.higham9_14_matrix_source_h_bound_of_DoolittleDenseLoopAbsBudgetCertificate_fl_triangular_solves_absLU_le_absA_gamma_le	NumStability.higham9_14_matrix_source_h_bound_of_DoolittleDenseLoopAbsBudgetCertificate_fl_triangular_solves_absLU_le_absA_gamma_le	authored	26124	0	26145	77	26126	8	26126	126	5ABD8C5EF2AF6201FC6196CBE83142890C46EDCEE031130DFE24F91B46EA134C	NumStability.Source.Higham.Chapter09.Section06
route	NumStability.Algorithms.HighamChapter9	NumStability.higham9_14_matrix_source_h_bound_of_DoolittleDenseLoopAbsBudgetCertificate_fl_triangular_solves_const_gamma	NumStability.higham9_14_matrix_source_h_bound_of_DoolittleDenseLoopAbsBudgetCertificate_fl_triangular_solves_const_gamma	NumStability.higham9_14_matrix_source_h_bound_of_DoolittleDenseLoopAbsBudgetCertificate_fl_triangular_solves_const_gamma	NumStability.higham9_14_matrix_source_h_bound_of_DoolittleDenseLoopAbsBudgetCertificate_fl_triangular_solves_const_gamma	authored	25890	0	25913	65	25892	8	25892	115	B2D11CBE162C22818D79C6650DA7764E397ED2BC8F562229D3F029D90C6B85F0	NumStability.Source.Higham.Chapter09.Section06
route	NumStability.Algorithms.HighamChapter9	NumStability.higham9_14_matrix_source_h_bound_of_DoolittleDenseLoopAbsBudgetCertificate_fl_triangular_solves_const_gamma_le	NumStability.higham9_14_matrix_source_h_bound_of_DoolittleDenseLoopAbsBudgetCertificate_fl_triangular_solves_const_gamma_le	NumStability.higham9_14_matrix_source_h_bound_of_DoolittleDenseLoopAbsBudgetCertificate_fl_triangular_solves_const_gamma_le	NumStability.higham9_14_matrix_source_h_bound_of_DoolittleDenseLoopAbsBudgetCertificate_fl_triangular_solves_const_gamma_le	authored	25842	0	25865	37	25844	8	25844	118	84E1EBCD6B03461E1F1A5DD1368F165F7978D53B32EB6818D3878008987B751E	NumStability.Source.Higham.Chapter09.Section06
route	NumStability.Algorithms.HighamChapter9	NumStability.higham9_14_matrix_source_h_bound_of_DoolittleDenseLoopAbsBudgetCertificate_fl_triangular_solves_gamma	NumStability.higham9_14_matrix_source_h_bound_of_DoolittleDenseLoopAbsBudgetCertificate_fl_triangular_solves_gamma	NumStability.higham9_14_matrix_source_h_bound_of_DoolittleDenseLoopAbsBudgetCertificate_fl_triangular_solves_gamma	NumStability.higham9_14_matrix_source_h_bound_of_DoolittleDenseLoopAbsBudgetCertificate_fl_triangular_solves_gamma	authored	25983	0	26005	65	25985	8	25985	109	28BB2B7091B818622725C3709C16E6601965F2EC4ECD8E248D13DF8316FEA736	NumStability.Source.Higham.Chapter09.Section06
route	NumStability.Algorithms.HighamChapter9	NumStability.higham9_14_matrix_source_h_bound_of_DoolittleDenseLoopAbsBudgetCertificate_fl_triangular_solves_gamma_le	NumStability.higham9_14_matrix_source_h_bound_of_DoolittleDenseLoopAbsBudgetCertificate_fl_triangular_solves_gamma_le	NumStability.higham9_14_matrix_source_h_bound_of_DoolittleDenseLoopAbsBudgetCertificate_fl_triangular_solves_gamma_le	NumStability.higham9_14_matrix_source_h_bound_of_DoolittleDenseLoopAbsBudgetCertificate_fl_triangular_solves_gamma_le	authored	25794	0	25817	37	25796	8	25796	112	3FFE14549B64BEDF4C524524D48274E8EC087C2DBFF993CCBDCB6990BFCBCA56	NumStability.Source.Higham.Chapter09.Section06
route	NumStability.Algorithms.HighamChapter9	NumStability.higham9_14_matrix_source_h_bound_of_DoolittleDenseLoopCertificate_fl_triangular_solves_absLU_le_absA_gamma	NumStability.higham9_14_matrix_source_h_bound_of_DoolittleDenseLoopCertificate_fl_triangular_solves_absLU_le_absA_gamma	NumStability.higham9_14_matrix_source_h_bound_of_DoolittleDenseLoopCertificate_fl_triangular_solves_absLU_le_absA_gamma	NumStability.higham9_14_matrix_source_h_bound_of_DoolittleDenseLoopCertificate_fl_triangular_solves_absLU_le_absA_gamma	authored	26147	0	26166	58	26149	8	26149	114	91F28E23D32408EC7CF7C24690CC8769F8B243541585149F127D69AC68854CC9	NumStability.Source.Higham.Chapter09.Section06
route	NumStability.Algorithms.HighamChapter9	NumStability.higham9_14_matrix_source_h_bound_of_DoolittleDenseLoopCertificate_fl_triangular_solves_absLU_le_absA_gamma_le	NumStability.higham9_14_matrix_source_h_bound_of_DoolittleDenseLoopCertificate_fl_triangular_solves_absLU_le_absA_gamma_le	NumStability.higham9_14_matrix_source_h_bound_of_DoolittleDenseLoopCertificate_fl_triangular_solves_absLU_le_absA_gamma_le	NumStability.higham9_14_matrix_source_h_bound_of_DoolittleDenseLoopCertificate_fl_triangular_solves_absLU_le_absA_gamma_le	authored	26103	0	26122	71	26105	8	26105	117	ED9C0F2F1B560E27B841C27573BB05AD8AB0E4074BE0163A0E3E106DF4860F58	NumStability.Source.Higham.Chapter09.Section06
route	NumStability.Algorithms.HighamChapter9	NumStability.higham9_14_matrix_source_h_bound_of_DoolittleDenseLoopCertificate_fl_triangular_solves_const_gamma	NumStability.higham9_14_matrix_source_h_bound_of_DoolittleDenseLoopCertificate_fl_triangular_solves_const_gamma	NumStability.higham9_14_matrix_source_h_bound_of_DoolittleDenseLoopCertificate_fl_triangular_solves_const_gamma	NumStability.higham9_14_matrix_source_h_bound_of_DoolittleDenseLoopCertificate_fl_triangular_solves_const_gamma	authored	25867	0	25888	44	25869	8	25869	106	C274291947F640368F6695426FB474A82E9823F4333FD98A28CDBF60C2E654D3	NumStability.Source.Higham.Chapter09.Section06
route	NumStability.Algorithms.HighamChapter9	NumStability.higham9_14_matrix_source_h_bound_of_DoolittleDenseLoopCertificate_fl_triangular_solves_const_gamma_le	NumStability.higham9_14_matrix_source_h_bound_of_DoolittleDenseLoopCertificate_fl_triangular_solves_const_gamma_le	NumStability.higham9_14_matrix_source_h_bound_of_DoolittleDenseLoopCertificate_fl_triangular_solves_const_gamma_le	NumStability.higham9_14_matrix_source_h_bound_of_DoolittleDenseLoopCertificate_fl_triangular_solves_const_gamma_le	authored	25819	0	25840	37	25821	8	25821	109	5166056998A8D15C4513646A2B0C0DEE2008250177CB139F0EC2CA3346D465E8	NumStability.Source.Higham.Chapter09.Section06
route	NumStability.Algorithms.HighamChapter9	NumStability.higham9_14_matrix_source_h_bound_of_DoolittleDenseLoopCertificate_fl_triangular_solves_gamma	NumStability.higham9_14_matrix_source_h_bound_of_DoolittleDenseLoopCertificate_fl_triangular_solves_gamma	NumStability.higham9_14_matrix_source_h_bound_of_DoolittleDenseLoopCertificate_fl_triangular_solves_gamma	NumStability.higham9_14_matrix_source_h_bound_of_DoolittleDenseLoopCertificate_fl_triangular_solves_gamma	authored	25961	0	25981	44	25963	8	25963	100	65D07DB4AFBFB4B3CB0BD079788180E3CAFC92235643AA450AC4E75A128CFFDC	NumStability.Source.Higham.Chapter09.Section06
route	NumStability.Algorithms.HighamChapter9	NumStability.higham9_14_matrix_source_h_bound_of_DoolittleDenseLoopCertificate_fl_triangular_solves_gamma_le	NumStability.higham9_14_matrix_source_h_bound_of_DoolittleDenseLoopCertificate_fl_triangular_solves_gamma_le	NumStability.higham9_14_matrix_source_h_bound_of_DoolittleDenseLoopCertificate_fl_triangular_solves_gamma_le	NumStability.higham9_14_matrix_source_h_bound_of_DoolittleDenseLoopCertificate_fl_triangular_solves_gamma_le	authored	25771	0	25792	37	25773	8	25773	103	75CDD7DB57F423B768C935323BFBAE62CBB20F6F1D5A0C330FB2D74696CB0A2A	NumStability.Source.Higham.Chapter09.Section06
route	NumStability.Algorithms.HighamChapter9	NumStability.higham9_14_matrix_source_h_bound_of_LUBackwardError_fl_triangular_solves_absLU_le_absA_gamma	NumStability.higham9_14_matrix_source_h_bound_of_LUBackwardError_fl_triangular_solves_absLU_le_absA_gamma	NumStability.higham9_14_matrix_source_h_bound_of_LUBackwardError_fl_triangular_solves_absLU_le_absA_gamma	NumStability.higham9_14_matrix_source_h_bound_of_LUBackwardError_fl_triangular_solves_absLU_le_absA_gamma	authored	25460	0	25479	59	25462	8	25462	100	09BC476CBE925085C7F37959E8CBF097A879D53DC49BC92392C9FD5426DB9173	NumStability.Source.Higham.Chapter09.Section06
route	NumStability.Algorithms.HighamChapter9	NumStability.higham9_14_matrix_source_h_bound_of_LUBackwardError_fl_triangular_solves_absLU_le_absA_gamma_le	NumStability.higham9_14_matrix_source_h_bound_of_LUBackwardError_fl_triangular_solves_absLU_le_absA_gamma_le	NumStability.higham9_14_matrix_source_h_bound_of_LUBackwardError_fl_triangular_solves_absLU_le_absA_gamma_le	NumStability.higham9_14_matrix_source_h_bound_of_LUBackwardError_fl_triangular_solves_absLU_le_absA_gamma_le	authored	25437	0	25458	21	25439	8	25439	103	A69C2F7BE93AA5DC517135105216247B7122AD72255A432E483780C47629BA50	NumStability.Source.Higham.Chapter09.Section06
route	NumStability.Algorithms.HighamChapter9	NumStability.higham9_14_matrix_source_h_bound_of_LUBackwardError_fl_triangular_solves_const_gamma	NumStability.higham9_14_matrix_source_h_bound_of_LUBackwardError_fl_triangular_solves_const_gamma	NumStability.higham9_14_matrix_source_h_bound_of_LUBackwardError_fl_triangular_solves_const_gamma	NumStability.higham9_14_matrix_source_h_bound_of_LUBackwardError_fl_triangular_solves_const_gamma	authored	25300	0	25321	73	25302	8	25302	92	7249BF40E2CCD4F08C056279152E00A0B2862E1C85D553EC6993BD18F937CAF8	NumStability.Source.Higham.Chapter09.Section06
route	NumStability.Algorithms.HighamChapter9	NumStability.higham9_14_matrix_source_h_bound_of_LUBackwardError_fl_triangular_solves_const_gamma_le	NumStability.higham9_14_matrix_source_h_bound_of_LUBackwardError_fl_triangular_solves_const_gamma_le	NumStability.higham9_14_matrix_source_h_bound_of_LUBackwardError_fl_triangular_solves_const_gamma_le	NumStability.higham9_14_matrix_source_h_bound_of_LUBackwardError_fl_triangular_solves_const_gamma_le	authored	25245	0	25271	54	25247	8	25247	95	F605832D660327F4428B400FF2E2F0135E9477967605FBD929A728ABF192C1FE	NumStability.Source.Higham.Chapter09.Section06
route	NumStability.Algorithms.HighamChapter9	NumStability.higham9_14_matrix_source_h_bound_of_LUBackwardError_fl_triangular_solves_gamma	NumStability.higham9_14_matrix_source_h_bound_of_LUBackwardError_fl_triangular_solves_gamma	NumStability.higham9_14_matrix_source_h_bound_of_LUBackwardError_fl_triangular_solves_gamma	NumStability.higham9_14_matrix_source_h_bound_of_LUBackwardError_fl_triangular_solves_gamma	authored	25201	0	25221	73	25203	8	25203	86	93002657BC6961DFB0F684C4F4663BA88213EEBD100974371AF15B42586A1887	NumStability.Source.Higham.Chapter09.Section06
route	NumStability.Algorithms.HighamChapter9	NumStability.higham9_14_matrix_source_h_bound_of_LUBackwardError_fl_triangular_solves_gamma_le	NumStability.higham9_14_matrix_source_h_bound_of_LUBackwardError_fl_triangular_solves_gamma_le	NumStability.higham9_14_matrix_source_h_bound_of_LUBackwardError_fl_triangular_solves_gamma_le	NumStability.higham9_14_matrix_source_h_bound_of_LUBackwardError_fl_triangular_solves_gamma_le	authored	25102	0	25128	54	25104	8	25104	89	0B5BB69E0809355D7FFC1E541E0888CA681CFCD6FB98F8B1AD12832858FC6E09	NumStability.Source.Higham.Chapter09.Section06
route	NumStability.Algorithms.HighamChapter9	NumStability.higham9_14_matrix_source_h_bound_of_LUFactSpec_fl_triangular_solves_absLU_le_absA_gamma	NumStability.higham9_14_matrix_source_h_bound_of_LUFactSpec_fl_triangular_solves_absLU_le_absA_gamma	NumStability.higham9_14_matrix_source_h_bound_of_LUFactSpec_fl_triangular_solves_absLU_le_absA_gamma	NumStability.higham9_14_matrix_source_h_bound_of_LUFactSpec_fl_triangular_solves_absLU_le_absA_gamma	authored	25502	0	25521	59	25504	8	25504	95	D21EEDB794B05E111529CB7614C7EAE184138AAF208F82E03DD3A2179A5A6CE8	NumStability.Source.Higham.Chapter09.Section06
route	NumStability.Algorithms.HighamChapter9	NumStability.higham9_14_matrix_source_h_bound_of_LUFactSpec_fl_triangular_solves_absLU_le_absA_gamma_le	NumStability.higham9_14_matrix_source_h_bound_of_LUFactSpec_fl_triangular_solves_absLU_le_absA_gamma_le	NumStability.higham9_14_matrix_source_h_bound_of_LUFactSpec_fl_triangular_solves_absLU_le_absA_gamma_le	NumStability.higham9_14_matrix_source_h_bound_of_LUFactSpec_fl_triangular_solves_absLU_le_absA_gamma_le	authored	25481	0	25500	72	25483	8	25483	98	9845A9863F43EF400CD7E10A1AE9D0A4E9212E0C7B36573E0414D66BCD614A4C	NumStability.Source.Higham.Chapter09.Section06
route	NumStability.Algorithms.HighamChapter9	NumStability.higham9_14_matrix_source_h_bound_of_LUFactSpec_fl_triangular_solves_const_gamma	NumStability.higham9_14_matrix_source_h_bound_of_LUFactSpec_fl_triangular_solves_const_gamma	NumStability.higham9_14_matrix_source_h_bound_of_LUFactSpec_fl_triangular_solves_const_gamma	NumStability.higham9_14_matrix_source_h_bound_of_LUFactSpec_fl_triangular_solves_const_gamma	authored	25323	0	25344	45	25325	8	25325	87	3EEAE0DCBD0D14E0170E61DB109C10CF2ACF4499DFF03092C4E0A5E8BC167C2E	NumStability.Source.Higham.Chapter09.Section06
route	NumStability.Algorithms.HighamChapter9	NumStability.higham9_14_matrix_source_h_bound_of_LUFactSpec_fl_triangular_solves_const_gamma_le	NumStability.higham9_14_matrix_source_h_bound_of_LUFactSpec_fl_triangular_solves_const_gamma_le	NumStability.higham9_14_matrix_source_h_bound_of_LUFactSpec_fl_triangular_solves_const_gamma_le	NumStability.higham9_14_matrix_source_h_bound_of_LUFactSpec_fl_triangular_solves_const_gamma_le	authored	25273	0	25298	54	25275	8	25275	90	91E7B366211024E726AE1023A526E980C5C9B8E12F92EF709691B55259023A5F	NumStability.Source.Higham.Chapter09.Section06
route	NumStability.Algorithms.HighamChapter9	NumStability.higham9_14_matrix_source_h_bound_of_LUFactSpec_fl_triangular_solves_gamma	NumStability.higham9_14_matrix_source_h_bound_of_LUFactSpec_fl_triangular_solves_gamma	NumStability.higham9_14_matrix_source_h_bound_of_LUFactSpec_fl_triangular_solves_gamma	NumStability.higham9_14_matrix_source_h_bound_of_LUFactSpec_fl_triangular_solves_gamma	authored	25223	0	25243	45	25225	8	25225	81	2886190E2E52C431BF5A80C1B9A50D88F7C33431C37D1EAF4BBE3F2D4A4725F0	NumStability.Source.Higham.Chapter09.Section06
route	NumStability.Algorithms.HighamChapter9	NumStability.higham9_14_matrix_source_h_bound_of_LUFactSpec_fl_triangular_solves_gamma_le	NumStability.higham9_14_matrix_source_h_bound_of_LUFactSpec_fl_triangular_solves_gamma_le	NumStability.higham9_14_matrix_source_h_bound_of_LUFactSpec_fl_triangular_solves_gamma_le	NumStability.higham9_14_matrix_source_h_bound_of_LUFactSpec_fl_triangular_solves_gamma_le	authored	25130	0	25155	54	25132	8	25132	84	C45EAA75B37D8434B52EDDB4A943E49B2C6FC141B810B55FE68DEB8AD188DF8B	NumStability.Source.Higham.Chapter09.Section06
route	NumStability.Algorithms.HighamChapter9	NumStability.higham9_14_matrix_source_h_bound_of_RectDoolittleDenseLoopAbsBudgetCertificate_square_fl_triangular_solves_absLU_le_absA_gamma	NumStability.higham9_14_matrix_source_h_bound_of_RectDoolittleDenseLoopAbsBudgetCertificate_square_fl_triangular_solves_absLU_le_absA_gamma	NumStability.higham9_14_matrix_source_h_bound_of_RectDoolittleDenseLoopAbsBudgetCertificate_square_fl_triangular_solves_absLU_le_absA_gamma	NumStability.higham9_14_matrix_source_h_bound_of_RectDoolittleDenseLoopAbsBudgetCertificate_square_fl_triangular_solves_absLU_le_absA_gamma	authored	27138	0	27160	64	27141	8	27141	134	2CC276EE452418C82E7F9742D2DB9D679624D1FB3072747803D46A7CC9121C1E	NumStability.Source.Higham.Chapter09.Section06
route	NumStability.Algorithms.HighamChapter9	NumStability.higham9_14_matrix_source_h_bound_of_RectDoolittleDenseLoopAbsBudgetCertificate_square_fl_triangular_solves_absLU_le_absA_gamma_le	NumStability.higham9_14_matrix_source_h_bound_of_RectDoolittleDenseLoopAbsBudgetCertificate_square_fl_triangular_solves_absLU_le_absA_gamma_le	NumStability.higham9_14_matrix_source_h_bound_of_RectDoolittleDenseLoopAbsBudgetCertificate_square_fl_triangular_solves_absLU_le_absA_gamma_le	NumStability.higham9_14_matrix_source_h_bound_of_RectDoolittleDenseLoopAbsBudgetCertificate_square_fl_triangular_solves_absLU_le_absA_gamma_le	authored	27091	0	27113	77	27094	8	27094	137	691AE64CF604C9856DA3F2378D07E950FA5FAA9C94CF70F6034DD18A16FE2037	NumStability.Source.Higham.Chapter09.Section06
route	NumStability.Algorithms.HighamChapter9	NumStability.higham9_14_matrix_source_h_bound_of_RectDoolittleDenseLoopAbsBudgetCertificate_square_fl_triangular_solves_const_gamma	NumStability.higham9_14_matrix_source_h_bound_of_RectDoolittleDenseLoopAbsBudgetCertificate_square_fl_triangular_solves_const_gamma	NumStability.higham9_14_matrix_source_h_bound_of_RectDoolittleDenseLoopAbsBudgetCertificate_square_fl_triangular_solves_const_gamma	NumStability.higham9_14_matrix_source_h_bound_of_RectDoolittleDenseLoopAbsBudgetCertificate_square_fl_triangular_solves_const_gamma	authored	26845	0	26869	65	26848	8	26848	126	E9D2A9EA799714E222E467CBFE79DFC0DA383BBE3C9952E958676078216144D9	NumStability.Source.Higham.Chapter09.Section06
route	NumStability.Algorithms.HighamChapter9	NumStability.higham9_14_matrix_source_h_bound_of_RectDoolittleDenseLoopAbsBudgetCertificate_square_fl_triangular_solves_const_gamma_le	NumStability.higham9_14_matrix_source_h_bound_of_RectDoolittleDenseLoopAbsBudgetCertificate_square_fl_triangular_solves_const_gamma_le	NumStability.higham9_14_matrix_source_h_bound_of_RectDoolittleDenseLoopAbsBudgetCertificate_square_fl_triangular_solves_const_gamma_le	NumStability.higham9_14_matrix_source_h_bound_of_RectDoolittleDenseLoopAbsBudgetCertificate_square_fl_triangular_solves_const_gamma_le	authored	26795	0	26819	29	26798	8	26798	129	A4978FCF49A7DF405F80CF5D43CCEE9EAD53589B773DBC0338DD25EA570B25E8	NumStability.Source.Higham.Chapter09.Section06
route	NumStability.Algorithms.HighamChapter9	NumStability.higham9_14_matrix_source_h_bound_of_RectDoolittleDenseLoopAbsBudgetCertificate_square_fl_triangular_solves_gamma	NumStability.higham9_14_matrix_source_h_bound_of_RectDoolittleDenseLoopAbsBudgetCertificate_square_fl_triangular_solves_gamma	NumStability.higham9_14_matrix_source_h_bound_of_RectDoolittleDenseLoopAbsBudgetCertificate_square_fl_triangular_solves_gamma	NumStability.higham9_14_matrix_source_h_bound_of_RectDoolittleDenseLoopAbsBudgetCertificate_square_fl_triangular_solves_gamma	authored	26943	0	26966	65	26946	8	26946	120	B11A5E7D7DD36089E1B3CB03C6E48E13A3C641EA788536074D307A855C4ABCC1	NumStability.Source.Higham.Chapter09.Section06
route	NumStability.Algorithms.HighamChapter9	NumStability.higham9_14_matrix_source_h_bound_of_RectDoolittleDenseLoopAbsBudgetCertificate_square_fl_triangular_solves_gamma_le	NumStability.higham9_14_matrix_source_h_bound_of_RectDoolittleDenseLoopAbsBudgetCertificate_square_fl_triangular_solves_gamma_le	NumStability.higham9_14_matrix_source_h_bound_of_RectDoolittleDenseLoopAbsBudgetCertificate_square_fl_triangular_solves_gamma_le	NumStability.higham9_14_matrix_source_h_bound_of_RectDoolittleDenseLoopAbsBudgetCertificate_square_fl_triangular_solves_gamma_le	authored	26746	0	26769	29	26748	8	26748	123	180B473A1DA6CA1766AEE05B91DC138ED9959AD33A7E509A1834C080E554D950	NumStability.Source.Higham.Chapter09.Section06
route	NumStability.Algorithms.HighamChapter9	NumStability.higham9_14_matrix_source_h_bound_of_RectDoolittleDenseLoopCertificate_square_fl_triangular_solves_absLU_le_absA_gamma	NumStability.higham9_14_matrix_source_h_bound_of_RectDoolittleDenseLoopCertificate_square_fl_triangular_solves_absLU_le_absA_gamma	NumStability.higham9_14_matrix_source_h_bound_of_RectDoolittleDenseLoopCertificate_square_fl_triangular_solves_absLU_le_absA_gamma	NumStability.higham9_14_matrix_source_h_bound_of_RectDoolittleDenseLoopCertificate_square_fl_triangular_solves_absLU_le_absA_gamma	authored	27115	0	27136	58	27118	8	27118	125	2D71E33B502B90B024442B8E5573BDFC1DC48ECE056081D4AE73A8E7C6CA83C3	NumStability.Source.Higham.Chapter09.Section06
route	NumStability.Algorithms.HighamChapter9	NumStability.higham9_14_matrix_source_h_bound_of_RectDoolittleDenseLoopCertificate_square_fl_triangular_solves_absLU_le_absA_gamma_le	NumStability.higham9_14_matrix_source_h_bound_of_RectDoolittleDenseLoopCertificate_square_fl_triangular_solves_absLU_le_absA_gamma_le	NumStability.higham9_14_matrix_source_h_bound_of_RectDoolittleDenseLoopCertificate_square_fl_triangular_solves_absLU_le_absA_gamma_le	NumStability.higham9_14_matrix_source_h_bound_of_RectDoolittleDenseLoopCertificate_square_fl_triangular_solves_absLU_le_absA_gamma_le	authored	27068	0	27089	71	27071	8	27071	128	89403B9C8BCF5FDE665FD4DA1CE27E35FEE5BBA1C4CDC889CBDBF06C86111D25	NumStability.Source.Higham.Chapter09.Section06
route	NumStability.Algorithms.HighamChapter9	NumStability.higham9_14_matrix_source_h_bound_of_RectDoolittleDenseLoopCertificate_square_fl_triangular_solves_const_gamma	NumStability.higham9_14_matrix_source_h_bound_of_RectDoolittleDenseLoopCertificate_square_fl_triangular_solves_const_gamma	NumStability.higham9_14_matrix_source_h_bound_of_RectDoolittleDenseLoopCertificate_square_fl_triangular_solves_const_gamma	NumStability.higham9_14_matrix_source_h_bound_of_RectDoolittleDenseLoopCertificate_square_fl_triangular_solves_const_gamma	authored	26821	0	26843	44	26823	8	26823	117	AC3E61F650C53ACD9476ABA83DA08A1187531A2AB06654A288CCAD56F7A6F6A3	NumStability.Source.Higham.Chapter09.Section06
route	NumStability.Algorithms.HighamChapter9	NumStability.higham9_14_matrix_source_h_bound_of_RectDoolittleDenseLoopCertificate_square_fl_triangular_solves_const_gamma_le	NumStability.higham9_14_matrix_source_h_bound_of_RectDoolittleDenseLoopCertificate_square_fl_triangular_solves_const_gamma_le	NumStability.higham9_14_matrix_source_h_bound_of_RectDoolittleDenseLoopCertificate_square_fl_triangular_solves_const_gamma_le	NumStability.higham9_14_matrix_source_h_bound_of_RectDoolittleDenseLoopCertificate_square_fl_triangular_solves_const_gamma_le	authored	26771	0	26793	29	26773	8	26773	120	E03CF9BC026988A37CFD87DF8E58B01845C89E9F881D3E33D9A3ACFA93EA0D4D	NumStability.Source.Higham.Chapter09.Section06
route	NumStability.Algorithms.HighamChapter9	NumStability.higham9_14_matrix_source_h_bound_of_RectDoolittleDenseLoopCertificate_square_fl_triangular_solves_gamma	NumStability.higham9_14_matrix_source_h_bound_of_RectDoolittleDenseLoopCertificate_square_fl_triangular_solves_gamma	NumStability.higham9_14_matrix_source_h_bound_of_RectDoolittleDenseLoopCertificate_square_fl_triangular_solves_gamma	NumStability.higham9_14_matrix_source_h_bound_of_RectDoolittleDenseLoopCertificate_square_fl_triangular_solves_gamma	authored	26920	0	26941	44	26922	8	26922	111	52A1410ECF349A615B5E4DF193F85FF48A86793B7881E9B948193C2EA225934C	NumStability.Source.Higham.Chapter09.Section06
route	NumStability.Algorithms.HighamChapter9	NumStability.higham9_14_matrix_source_h_bound_of_RectDoolittleDenseLoopCertificate_square_fl_triangular_solves_gamma_le	NumStability.higham9_14_matrix_source_h_bound_of_RectDoolittleDenseLoopCertificate_square_fl_triangular_solves_gamma_le	NumStability.higham9_14_matrix_source_h_bound_of_RectDoolittleDenseLoopCertificate_square_fl_triangular_solves_gamma_le	NumStability.higham9_14_matrix_source_h_bound_of_RectDoolittleDenseLoopCertificate_square_fl_triangular_solves_gamma_le	authored	26722	0	26744	29	26724	8	26724	114	02ADF501ECDE0820A5C1E919C47A930F103CDC8B4EDDF1BBC6E9AB72AA008135	NumStability.Source.Higham.Chapter09.Section06
route	NumStability.Algorithms.HighamChapter9	NumStability.higham9_14_matrix_source_h_bound_of_RectDoolittleRoundedStageTrace_square_fl_triangular_solves_absLU_le_absA_gamma	NumStability.higham9_14_matrix_source_h_bound_of_RectDoolittleRoundedStageTrace_square_fl_triangular_solves_absLU_le_absA_gamma	NumStability.higham9_14_matrix_source_h_bound_of_RectDoolittleRoundedStageTrace_square_fl_triangular_solves_absLU_le_absA_gamma	NumStability.higham9_14_matrix_source_h_bound_of_RectDoolittleRoundedStageTrace_square_fl_triangular_solves_absLU_le_absA_gamma	authored	28094	0	28121	26	28096	8	28096	122	D91E2297E7B3BEC3291C8A91109CDE54363FE83EA9E7BD3CEF942E4F8F4985D1	NumStability.Source.Higham.Chapter09.Section06
route	NumStability.Algorithms.HighamChapter9	NumStability.higham9_14_matrix_source_h_bound_of_RectDoolittleRoundedStageTrace_square_fl_triangular_solves_absLU_le_absA_gamma_le	NumStability.higham9_14_matrix_source_h_bound_of_RectDoolittleRoundedStageTrace_square_fl_triangular_solves_absLU_le_absA_gamma_le	NumStability.higham9_14_matrix_source_h_bound_of_RectDoolittleRoundedStageTrace_square_fl_triangular_solves_absLU_le_absA_gamma_le	NumStability.higham9_14_matrix_source_h_bound_of_RectDoolittleRoundedStageTrace_square_fl_triangular_solves_absLU_le_absA_gamma_le	authored	28065	0	28092	34	28067	8	28067	125	365DCBA1DAEEEC4C127A34FC4C56643614DF46BFF679792BADC66B4851CA5114	NumStability.Source.Higham.Chapter09.Section06
route	NumStability.Algorithms.HighamChapter9	NumStability.higham9_14_matrix_source_h_bound_of_RectDoolittleRoundedStageTrace_square_fl_triangular_solves_const_gamma	NumStability.higham9_14_matrix_source_h_bound_of_RectDoolittleRoundedStageTrace_square_fl_triangular_solves_const_gamma	NumStability.higham9_14_matrix_source_h_bound_of_RectDoolittleRoundedStageTrace_square_fl_triangular_solves_const_gamma	NumStability.higham9_14_matrix_source_h_bound_of_RectDoolittleRoundedStageTrace_square_fl_triangular_solves_const_gamma	authored	28123	0	28151	70	28125	8	28125	114	21F550AE232B4EDDCADD3059B212248CE37790ABDD1979952A4AB370D48312F5	NumStability.Source.Higham.Chapter09.Section06
route	NumStability.Algorithms.HighamChapter9	NumStability.higham9_14_matrix_source_h_bound_of_RectDoolittleRoundedStageTrace_square_fl_triangular_solves_const_gamma_le	NumStability.higham9_14_matrix_source_h_bound_of_RectDoolittleRoundedStageTrace_square_fl_triangular_solves_const_gamma_le	NumStability.higham9_14_matrix_source_h_bound_of_RectDoolittleRoundedStageTrace_square_fl_triangular_solves_const_gamma_le	NumStability.higham9_14_matrix_source_h_bound_of_RectDoolittleRoundedStageTrace_square_fl_triangular_solves_const_gamma_le	authored	27915	0	27944	29	27917	8	27917	117	C86FDF0E68F29E181B643E4621ECB0F28CB78693F8B63E8A4B9BBED145F61AF7	NumStability.Source.Higham.Chapter09.Section06
route	NumStability.Algorithms.HighamChapter9	NumStability.higham9_14_matrix_source_h_bound_of_RectDoolittleRoundedStageTrace_square_fl_triangular_solves_gamma	NumStability.higham9_14_matrix_source_h_bound_of_RectDoolittleRoundedStageTrace_square_fl_triangular_solves_gamma	NumStability.higham9_14_matrix_source_h_bound_of_RectDoolittleRoundedStageTrace_square_fl_triangular_solves_gamma	NumStability.higham9_14_matrix_source_h_bound_of_RectDoolittleRoundedStageTrace_square_fl_triangular_solves_gamma	authored	28036	0	28063	70	28038	8	28038	108	BBFDDFC4906A0F69F82F94A8E2774DF31634B8CF2FF0977C367FE567543EE0F9	NumStability.Source.Higham.Chapter09.Section06
route	NumStability.Algorithms.HighamChapter9	NumStability.higham9_14_matrix_source_h_bound_of_RectDoolittleRoundedStageTrace_square_fl_triangular_solves_gamma_le	NumStability.higham9_14_matrix_source_h_bound_of_RectDoolittleRoundedStageTrace_square_fl_triangular_solves_gamma_le	NumStability.higham9_14_matrix_source_h_bound_of_RectDoolittleRoundedStageTrace_square_fl_triangular_solves_gamma_le	NumStability.higham9_14_matrix_source_h_bound_of_RectDoolittleRoundedStageTrace_square_fl_triangular_solves_gamma_le	authored	27884	0	27913	29	27886	8	27886	111	A674585100C00F677178D48DC6A64E18DF2B948773CA09DF1F0AF17751061519	NumStability.Source.Higham.Chapter09.Section06
route	NumStability.Algorithms.HighamChapter9	NumStability.higham9_14_matrix_source_h_bound_of_absLU_le_absA_and_matrix_models	NumStability.higham9_14_matrix_source_h_bound_of_absLU_le_absA_and_matrix_models	NumStability.higham9_14_matrix_source_h_bound_of_absLU_le_absA_and_matrix_models	NumStability.higham9_14_matrix_source_h_bound_of_absLU_le_absA_and_matrix_models	authored	24095	0	24135	54	24097	8	24097	75	3AF949BD2326621891C544EAF3516164DD1F9E38E2CC44B99BDBB811A528122F	NumStability.Source.Higham.Chapter09.Section06
route	NumStability.Algorithms.HighamChapter9	NumStability.higham9_14_matrix_source_h_bound_of_absLU_le_absA_and_matrix_models_le	NumStability.higham9_14_matrix_source_h_bound_of_absLU_le_absA_and_matrix_models_le	NumStability.higham9_14_matrix_source_h_bound_of_absLU_le_absA_and_matrix_models_le	NumStability.higham9_14_matrix_source_h_bound_of_absLU_le_absA_and_matrix_models_le	authored	24562	0	24603	54	24564	8	24564	78	4EF8EC802A3C1D422F977D11BA5BFD64CB9D87590989380AD6BCDD87846FC449	NumStability.Source.Higham.Chapter09.Section06
route	NumStability.Algorithms.HighamChapter9	NumStability.higham9_14_matrix_source_h_bound_of_absLU_le_const_absA_and_matrix_models	NumStability.higham9_14_matrix_source_h_bound_of_absLU_le_const_absA_and_matrix_models	NumStability.higham9_14_matrix_source_h_bound_of_absLU_le_const_absA_and_matrix_models	NumStability.higham9_14_matrix_source_h_bound_of_absLU_le_const_absA_and_matrix_models	authored	24179	0	24219	54	24181	8	24181	81	D58D8864BCC8C2BDB4DF56E6DAA86E264EF423E242E03ED0D38BFDC09A94296D	NumStability.Source.Higham.Chapter09.Section06
route	NumStability.Algorithms.HighamChapter9	NumStability.higham9_14_matrix_source_h_bound_of_absLU_le_const_absA_and_matrix_models_le	NumStability.higham9_14_matrix_source_h_bound_of_absLU_le_const_absA_and_matrix_models_le	NumStability.higham9_14_matrix_source_h_bound_of_absLU_le_const_absA_and_matrix_models_le	NumStability.higham9_14_matrix_source_h_bound_of_absLU_le_const_absA_and_matrix_models_le	authored	24477	0	24518	54	24479	8	24479	84	EEAD8E391D40CCC978D53D4A4B5C2EE7F1F303368A7B57A7A36C097B95E12C4C	NumStability.Source.Higham.Chapter09.Section06
route	NumStability.Algorithms.HighamChapter9	NumStability.higham9_14_matrix_source_h_bound_of_matrix_models_absLUhat_bound	NumStability.higham9_14_matrix_source_h_bound_of_matrix_models_absLUhat_bound	NumStability.higham9_14_matrix_source_h_bound_of_matrix_models_absLUhat_bound	NumStability.higham9_14_matrix_source_h_bound_of_matrix_models_absLUhat_bound	authored	23871	0	23913	54	23875	8	23875	72	6857E6764AFDB778A9A6B1555AAE05810E8F4FD132502BA78EEC942D52B7101F	NumStability.Source.Higham.Chapter09.Section06
route	NumStability.Algorithms.HighamChapter9	NumStability.higham9_14_matrix_source_h_bound_of_matrix_models_absLUhat_mul_one_sub_bound	NumStability.higham9_14_matrix_source_h_bound_of_matrix_models_absLUhat_mul_one_sub_bound	NumStability.higham9_14_matrix_source_h_bound_of_matrix_models_absLUhat_mul_one_sub_bound	NumStability.higham9_14_matrix_source_h_bound_of_matrix_models_absLUhat_mul_one_sub_bound	authored	23915	0	23957	54	23919	8	23919	84	2E0B8B6BD6DDFDDD9F7C3C58E0441060EB0EA157CCF53BE360F6AE14BE18226B	NumStability.Source.Higham.Chapter09.Section06
route	NumStability.Algorithms.HighamChapter9	NumStability.higham9_14_matrix_source_h_bound_of_rectLiteralDoolittle_exactTargetGaps_square_fl_triangular_solves_const_gamma	NumStability.higham9_14_matrix_source_h_bound_of_rectLiteralDoolittle_exactTargetGaps_square_fl_triangular_solves_const_gamma	NumStability.higham9_14_matrix_source_h_bound_of_rectLiteralDoolittle_exactTargetGaps_square_fl_triangular_solves_const_gamma	NumStability.higham9_14_matrix_source_h_bound_of_rectLiteralDoolittle_exactTargetGaps_square_fl_triangular_solves_const_gamma	authored	30559	0	30612	65	30561	8	30561	120	78591C42F87B0E7045B1CE4D40A595E780D29ECC3D9C75A5F6DCCBBDDB5323B2	NumStability.Source.Higham.Chapter09.Section06
route	NumStability.Algorithms.HighamChapter9	NumStability.higham9_14_matrix_source_h_bound_of_rectLiteralDoolittle_exactTargetGaps_square_fl_triangular_solves_const_gamma_le	NumStability.higham9_14_matrix_source_h_bound_of_rectLiteralDoolittle_exactTargetGaps_square_fl_triangular_solves_const_gamma_le	NumStability.higham9_14_matrix_source_h_bound_of_rectLiteralDoolittle_exactTargetGaps_square_fl_triangular_solves_const_gamma_le	NumStability.higham9_14_matrix_source_h_bound_of_rectLiteralDoolittle_exactTargetGaps_square_fl_triangular_solves_const_gamma_le	authored	30391	0	30449	29	30393	8	30393	123	5F1D1070764FAC850B699A91947397CE856BCC7CE4776F5FC7CDC3DB162E14E7	NumStability.Source.Higham.Chapter09.Section06
route	NumStability.Algorithms.HighamChapter9	NumStability.higham9_14_matrix_source_h_bound_of_rectLiteralDoolittle_exactTargetGaps_square_fl_triangular_solves_gamma	NumStability.higham9_14_matrix_source_h_bound_of_rectLiteralDoolittle_exactTargetGaps_square_fl_triangular_solves_gamma	NumStability.higham9_14_matrix_source_h_bound_of_rectLiteralDoolittle_exactTargetGaps_square_fl_triangular_solves_gamma	NumStability.higham9_14_matrix_source_h_bound_of_rectLiteralDoolittle_exactTargetGaps_square_fl_triangular_solves_gamma	authored	30505	0	30557	65	30507	8	30507	114	EEBD6AAFDF43CFA6AB49B64ED0A4B0CBADFFB8C8756BC503B123077A940D76D7	NumStability.Source.Higham.Chapter09.Section06
route	NumStability.Algorithms.HighamChapter9	NumStability.higham9_14_matrix_source_h_bound_of_rectLiteralDoolittle_exactTargetGaps_square_fl_triangular_solves_gamma_le	NumStability.higham9_14_matrix_source_h_bound_of_rectLiteralDoolittle_exactTargetGaps_square_fl_triangular_solves_gamma_le	NumStability.higham9_14_matrix_source_h_bound_of_rectLiteralDoolittle_exactTargetGaps_square_fl_triangular_solves_gamma_le	NumStability.higham9_14_matrix_source_h_bound_of_rectLiteralDoolittle_exactTargetGaps_square_fl_triangular_solves_gamma_le	authored	30331	0	30389	29	30333	8	30333	117	BDC1531D3E5849891BBB227E7588B80265ECFADE34E91680E0D185FA612553F7	NumStability.Source.Higham.Chapter09.Section06
route	NumStability.Algorithms.HighamChapter9	NumStability.higham9_14_matrix_source_h_bound_of_rectRoundedLoop_square_fl_triangular_solves_absLU_le_absA_gamma	NumStability.higham9_14_matrix_source_h_bound_of_rectRoundedLoop_square_fl_triangular_solves_absLU_le_absA_gamma	NumStability.higham9_14_matrix_source_h_bound_of_rectRoundedLoop_square_fl_triangular_solves_absLU_le_absA_gamma	NumStability.higham9_14_matrix_source_h_bound_of_rectRoundedLoop_square_fl_triangular_solves_absLU_le_absA_gamma	authored	31380	0	31417	69	31382	8	31382	107	3361F10CF8B84A56E1CFA11BC5DDA3A9E2E3FB4D3EC2F217F129C7B017EF88A1	NumStability.Source.Higham.Chapter09.Section06
route	NumStability.Algorithms.HighamChapter9	NumStability.higham9_14_matrix_source_h_bound_of_rectRoundedLoop_square_fl_triangular_solves_absLU_le_absA_gamma_le	NumStability.higham9_14_matrix_source_h_bound_of_rectRoundedLoop_square_fl_triangular_solves_absLU_le_absA_gamma_le	NumStability.higham9_14_matrix_source_h_bound_of_rectRoundedLoop_square_fl_triangular_solves_absLU_le_absA_gamma_le	NumStability.higham9_14_matrix_source_h_bound_of_rectRoundedLoop_square_fl_triangular_solves_absLU_le_absA_gamma_le	authored	31340	0	31378	21	31342	8	31342	110	D234CCA7ECAAC93FBEBEF7BA0AFF074484D2107F5A2E236C3F14191721E601E0	NumStability.Source.Higham.Chapter09.Section06
route	NumStability.Algorithms.HighamChapter9	NumStability.higham9_14_matrix_source_h_bound_of_rectRoundedLoop_square_fl_triangular_solves_const_gamma	NumStability.higham9_14_matrix_source_h_bound_of_rectRoundedLoop_square_fl_triangular_solves_const_gamma	NumStability.higham9_14_matrix_source_h_bound_of_rectRoundedLoop_square_fl_triangular_solves_const_gamma	NumStability.higham9_14_matrix_source_h_bound_of_rectRoundedLoop_square_fl_triangular_solves_const_gamma	authored	31473	0	31514	69	31475	8	31475	99	AE213F52347645CCA48190236B4456DF2A121404F71C7AF066AA09C2394B13A4	NumStability.Source.Higham.Chapter09.Section06
route	NumStability.Algorithms.HighamChapter9	NumStability.higham9_14_matrix_source_h_bound_of_rectRoundedLoop_square_fl_triangular_solves_const_gamma_le	NumStability.higham9_14_matrix_source_h_bound_of_rectRoundedLoop_square_fl_triangular_solves_const_gamma_le	NumStability.higham9_14_matrix_source_h_bound_of_rectRoundedLoop_square_fl_triangular_solves_const_gamma_le	NumStability.higham9_14_matrix_source_h_bound_of_rectRoundedLoop_square_fl_triangular_solves_const_gamma_le	authored	31419	0	31471	31	31421	8	31421	102	8F3984782AB48FDA2A0C0289DAC338A7A125D8E948E537E245928BAC8078540E	NumStability.Source.Higham.Chapter09.Section06
route	NumStability.Algorithms.HighamChapter9	NumStability.higham9_14_matrix_source_h_bound_of_rectRoundedLoop_square_fl_triangular_solves_gamma	NumStability.higham9_14_matrix_source_h_bound_of_rectRoundedLoop_square_fl_triangular_solves_gamma	NumStability.higham9_14_matrix_source_h_bound_of_rectRoundedLoop_square_fl_triangular_solves_gamma	NumStability.higham9_14_matrix_source_h_bound_of_rectRoundedLoop_square_fl_triangular_solves_gamma	authored	31298	0	31338	59	31300	8	31300	93	6E13786A27CEB02B5BEC93D133EE53BE8984371BFC9AF1F784226ECDC1CB5524	NumStability.Source.Higham.Chapter09.Section06
route	NumStability.Algorithms.HighamChapter9	NumStability.higham9_14_matrix_source_h_bound_of_rectRoundedLoop_square_fl_triangular_solves_gamma_le	NumStability.higham9_14_matrix_source_h_bound_of_rectRoundedLoop_square_fl_triangular_solves_gamma_le	NumStability.higham9_14_matrix_source_h_bound_of_rectRoundedLoop_square_fl_triangular_solves_gamma_le	NumStability.higham9_14_matrix_source_h_bound_of_rectRoundedLoop_square_fl_triangular_solves_gamma_le	authored	31244	0	31296	31	31246	8	31246	96	162F8ABF37AD67B4CBF5B1A3C170ACC56920F3D552B15BEE499748F6C0CA3F15	NumStability.Source.Higham.Chapter09.Section06
route	NumStability.Algorithms.HighamChapter9	NumStability.higham9_14_mmatrix_lu_source_f_bound_actual_triangular_solves	NumStability.higham9_14_mmatrix_lu_source_f_bound_actual_triangular_solves	NumStability.higham9_14_mmatrix_lu_source_f_bound_actual_triangular_solves	NumStability.higham9_14_mmatrix_lu_source_f_bound_actual_triangular_solves	authored	37980	0	38009	35	37982	8	37982	69	D79C4ED9EA09A7F9ADA6A6DBBA09509A0588CA3EB50E29CC79D9F39887DF9822	NumStability.Source.Higham.Chapter09.Section06
route	NumStability.Algorithms.HighamChapter9	NumStability.higham9_14_mmatrix_lu_source_f_bound_actual_triangular_solves_gamma	NumStability.higham9_14_mmatrix_lu_source_f_bound_actual_triangular_solves_gamma	NumStability.higham9_14_mmatrix_lu_source_f_bound_actual_triangular_solves_gamma	NumStability.higham9_14_mmatrix_lu_source_f_bound_actual_triangular_solves_gamma	authored	38066	0	38085	38	38068	8	38068	75	235DB6CAB7B393B899FFF1F5BDCEC4B0976DEF457E9FEF609393E71E76B5CDB9	NumStability.Source.Higham.Chapter09.Section06
route	NumStability.Algorithms.HighamChapter9	NumStability.higham9_14_mmatrix_lu_source_f_bound_of_RectDoolittleRoundedStageTrace_square_fl_triangular_solves_gamma	NumStability.higham9_14_mmatrix_lu_source_f_bound_of_RectDoolittleRoundedStageTrace_square_fl_triangular_solves_gamma	NumStability.higham9_14_mmatrix_lu_source_f_bound_of_RectDoolittleRoundedStageTrace_square_fl_triangular_solves_gamma	NumStability.higham9_14_mmatrix_lu_source_f_bound_of_RectDoolittleRoundedStageTrace_square_fl_triangular_solves_gamma	authored	29172	0	29199	61	29173	8	29173	112	F3BE2BD274DB2FEC629DFC2FAC0F8887ED7352C0CC4CE6B6AC33F9BDDD217897	NumStability.Source.Higham.Chapter09.Section06
route	NumStability.Algorithms.HighamChapter9	NumStability.higham9_14_mmatrix_lu_source_f_bound_of_RectDoolittleRoundedStageTrace_square_fl_triangular_solves_gamma_le	NumStability.higham9_14_mmatrix_lu_source_f_bound_of_RectDoolittleRoundedStageTrace_square_fl_triangular_solves_gamma_le	NumStability.higham9_14_mmatrix_lu_source_f_bound_of_RectDoolittleRoundedStageTrace_square_fl_triangular_solves_gamma_le	NumStability.higham9_14_mmatrix_lu_source_f_bound_of_RectDoolittleRoundedStageTrace_square_fl_triangular_solves_gamma_le	authored	29100	0	29135	39	29101	8	29101	115	47AB6A500DF74B09D04EEF7A501225B99F2CF7F52C7A5DEE65E3C4E7B00A6898	NumStability.Source.Higham.Chapter09.Section06
route	NumStability.Algorithms.HighamChapter9	NumStability.higham9_14_mmatrix_lu_source_f_bound_of_RectDoolittleRoundedStageTrace_square_models_gamma	NumStability.higham9_14_mmatrix_lu_source_f_bound_of_RectDoolittleRoundedStageTrace_square_models_gamma	NumStability.higham9_14_mmatrix_lu_source_f_bound_of_RectDoolittleRoundedStageTrace_square_models_gamma	NumStability.higham9_14_mmatrix_lu_source_f_bound_of_RectDoolittleRoundedStageTrace_square_models_gamma	authored	29738	0	29780	38	29740	8	29740	98	66B72B5C47BFFD2B9542F21CA7E5E51E09B0DD24EC49E597EBC62814D9C14019	NumStability.Source.Higham.Chapter09.Section06
route	NumStability.Algorithms.HighamChapter9	NumStability.higham9_14_mmatrix_lu_source_f_bound_of_models	NumStability.higham9_14_mmatrix_lu_source_f_bound_of_models	NumStability.higham9_14_mmatrix_lu_source_f_bound_of_models	NumStability.higham9_14_mmatrix_lu_source_f_bound_of_models	authored	36970	0	36998	35	36971	8	36971	54	B9C83155B0EB5E3C19F3B47F3E69FECA492D2C84592616F3F131935EA5B348B2	NumStability.Source.Higham.Chapter09.Section06
route	NumStability.Algorithms.HighamChapter9	NumStability.higham9_14_mmatrix_lu_source_f_bound_of_models_gamma	NumStability.higham9_14_mmatrix_lu_source_f_bound_of_models_gamma	NumStability.higham9_14_mmatrix_lu_source_f_bound_of_models_gamma	NumStability.higham9_14_mmatrix_lu_source_f_bound_of_models_gamma	authored	37647	0	37668	54	37648	8	37648	60	8373926E6EFDE03167CBEEC1050BBB48EDEC8A1DF357C245A235DC05743636D2	NumStability.Source.Higham.Chapter09.Section06
route	NumStability.Algorithms.HighamChapter9	NumStability.higham9_14_mmatrix_lu_source_f_bound_of_rectRoundedLoop_square_fl_triangular_solves_gamma	NumStability.higham9_14_mmatrix_lu_source_f_bound_of_rectRoundedLoop_square_fl_triangular_solves_gamma	NumStability.higham9_14_mmatrix_lu_source_f_bound_of_rectRoundedLoop_square_fl_triangular_solves_gamma	NumStability.higham9_14_mmatrix_lu_source_f_bound_of_rectRoundedLoop_square_fl_triangular_solves_gamma	authored	32940	0	32978	48	32941	8	32941	97	53F83591D8491644E6C8C9166421BB4E19EAACE0E8217F58F748E47674BF339F	NumStability.Source.Higham.Chapter09.Section06
route	NumStability.Algorithms.HighamChapter9	NumStability.higham9_14_mmatrix_lu_source_f_bound_of_rectRoundedLoop_square_fl_triangular_solves_gamma_le	NumStability.higham9_14_mmatrix_lu_source_f_bound_of_rectRoundedLoop_square_fl_triangular_solves_gamma_le	NumStability.higham9_14_mmatrix_lu_source_f_bound_of_rectRoundedLoop_square_fl_triangular_solves_gamma_le	NumStability.higham9_14_mmatrix_lu_source_f_bound_of_rectRoundedLoop_square_fl_triangular_solves_gamma_le	authored	32839	0	32888	39	32840	8	32840	100	433A0A41F4F3899D1A66F9D3273C3237B163855B94E6B603A8F2D531BD779826	NumStability.Source.Higham.Chapter09.Section06
route	NumStability.Algorithms.HighamChapter9	NumStability.higham9_14_mmatrix_lu_source_f_bound_of_rectRoundedLoop_square_models_gamma	NumStability.higham9_14_mmatrix_lu_source_f_bound_of_rectRoundedLoop_square_models_gamma	NumStability.higham9_14_mmatrix_lu_source_f_bound_of_rectRoundedLoop_square_models_gamma	NumStability.higham9_14_mmatrix_lu_source_f_bound_of_rectRoundedLoop_square_models_gamma	authored	33710	0	33766	38	33712	8	33712	83	EAED9E9C5834FF907DF14BB5DC427C9522D16B035E71882BFF74ADE2C85A2A55	NumStability.Source.Higham.Chapter09.Section06
route	NumStability.Algorithms.HighamChapter9	NumStability.higham9_14_mmatrix_lu_source_h_bound_actual_triangular_solves	NumStability.higham9_14_mmatrix_lu_source_h_bound_actual_triangular_solves	NumStability.higham9_14_mmatrix_lu_source_h_bound_actual_triangular_solves	NumStability.higham9_14_mmatrix_lu_source_h_bound_actual_triangular_solves	authored	38378	0	38402	25	38380	8	38380	69	93C337FE45884126BFB2E820ACB9CBEA0EE9A94876D5AB1EBB54C084B445F2EE	NumStability.Source.Higham.Chapter09.Section06
route	NumStability.Algorithms.HighamChapter9	NumStability.higham9_14_mmatrix_lu_source_h_bound_actual_triangular_solves_gamma	NumStability.higham9_14_mmatrix_lu_source_h_bound_actual_triangular_solves_gamma	NumStability.higham9_14_mmatrix_lu_source_h_bound_actual_triangular_solves_gamma	NumStability.higham9_14_mmatrix_lu_source_h_bound_actual_triangular_solves_gamma	authored	38455	0	38475	48	38457	8	38457	75	50883B542C29CC217B58BFEAE90B3B7149F0CB78A12C49764DD441E7902CAEE9	NumStability.Source.Higham.Chapter09.Section06
route	NumStability.Algorithms.HighamChapter9	NumStability.higham9_14_mmatrix_lu_source_h_bound_of_RectDoolittleRoundedStageTrace_square_fl_triangular_solves_gamma	NumStability.higham9_14_mmatrix_lu_source_h_bound_of_RectDoolittleRoundedStageTrace_square_fl_triangular_solves_gamma	NumStability.higham9_14_mmatrix_lu_source_h_bound_of_RectDoolittleRoundedStageTrace_square_fl_triangular_solves_gamma	NumStability.higham9_14_mmatrix_lu_source_h_bound_of_RectDoolittleRoundedStageTrace_square_fl_triangular_solves_gamma	authored	29201	0	29229	67	29202	8	29202	112	E891FBEEB8DE78C6F243D64AB3E10C7B21E8200F6D25F6591C1B3253D190E4BB	NumStability.Source.Higham.Chapter09.Section06
route	NumStability.Algorithms.HighamChapter9	NumStability.higham9_14_mmatrix_lu_source_h_bound_of_RectDoolittleRoundedStageTrace_square_fl_triangular_solves_gamma_le	NumStability.higham9_14_mmatrix_lu_source_h_bound_of_RectDoolittleRoundedStageTrace_square_fl_triangular_solves_gamma_le	NumStability.higham9_14_mmatrix_lu_source_h_bound_of_RectDoolittleRoundedStageTrace_square_fl_triangular_solves_gamma_le	NumStability.higham9_14_mmatrix_lu_source_h_bound_of_RectDoolittleRoundedStageTrace_square_fl_triangular_solves_gamma_le	authored	29137	0	29170	34	29138	8	29138	115	0991C39AA0E25936703F011F6EA60B9A514ECA2E40F3743BD09FE87729B19C6C	NumStability.Source.Higham.Chapter09.Section06
route	NumStability.Algorithms.HighamChapter9	NumStability.higham9_14_mmatrix_lu_source_h_bound_of_RectDoolittleRoundedStageTrace_square_models_gamma	NumStability.higham9_14_mmatrix_lu_source_h_bound_of_RectDoolittleRoundedStageTrace_square_models_gamma	NumStability.higham9_14_mmatrix_lu_source_h_bound_of_RectDoolittleRoundedStageTrace_square_models_gamma	NumStability.higham9_14_mmatrix_lu_source_h_bound_of_RectDoolittleRoundedStageTrace_square_models_gamma	authored	29782	0	29825	38	29784	8	29784	98	B0DCB34321B8E097376BCBF4204B63BBB4B097EBF3852E288FA00770133D0C38	NumStability.Source.Higham.Chapter09.Section06
route	NumStability.Algorithms.HighamChapter9	NumStability.higham9_14_mmatrix_lu_source_h_bound_of_models	NumStability.higham9_14_mmatrix_lu_source_h_bound_of_models	NumStability.higham9_14_mmatrix_lu_source_h_bound_of_models	NumStability.higham9_14_mmatrix_lu_source_h_bound_of_models	authored	36806	0	36833	35	36811	8	36811	54	CB32FDFCCD0F85BA312A2340F4B640FADA78CC3AA241BA21D70D942D40677E9A	NumStability.Source.Higham.Chapter09.Section06
route	NumStability.Algorithms.HighamChapter9	NumStability.higham9_14_mmatrix_lu_source_h_bound_of_models_gamma	NumStability.higham9_14_mmatrix_lu_source_h_bound_of_models_gamma	NumStability.higham9_14_mmatrix_lu_source_h_bound_of_models_gamma	NumStability.higham9_14_mmatrix_lu_source_h_bound_of_models_gamma	authored	37119	0	37142	64	37121	8	37121	60	57E5D30E5DB9F32FA6F4400AAC904215E74A3271FFB5FC9042D7F8968A4BFB9F	NumStability.Source.Higham.Chapter09.Section06
route	NumStability.Algorithms.HighamChapter9	NumStability.higham9_14_mmatrix_lu_source_h_bound_of_rectRoundedLoop_square_fl_triangular_solves_gamma	NumStability.higham9_14_mmatrix_lu_source_h_bound_of_rectRoundedLoop_square_fl_triangular_solves_gamma	NumStability.higham9_14_mmatrix_lu_source_h_bound_of_rectRoundedLoop_square_fl_triangular_solves_gamma	NumStability.higham9_14_mmatrix_lu_source_h_bound_of_rectRoundedLoop_square_fl_triangular_solves_gamma	authored	32980	0	33019	58	32981	8	32981	97	4018E278E1253BBD5146655AC2AC3A5AB613580353D76111EC533DE3D6FB1B71	NumStability.Source.Higham.Chapter09.Section06
route	NumStability.Algorithms.HighamChapter9	NumStability.higham9_14_mmatrix_lu_source_h_bound_of_rectRoundedLoop_square_fl_triangular_solves_gamma_le	NumStability.higham9_14_mmatrix_lu_source_h_bound_of_rectRoundedLoop_square_fl_triangular_solves_gamma_le	NumStability.higham9_14_mmatrix_lu_source_h_bound_of_rectRoundedLoop_square_fl_triangular_solves_gamma_le	NumStability.higham9_14_mmatrix_lu_source_h_bound_of_rectRoundedLoop_square_fl_triangular_solves_gamma_le	authored	32890	0	32938	36	32891	8	32891	100	EA16A5918C6CBB675037FA4B84D560F61FCCEA7531D52CFDDE33703146C21E6C	NumStability.Source.Higham.Chapter09.Section06
route	NumStability.Algorithms.HighamChapter9	NumStability.higham9_14_mmatrix_lu_source_h_bound_of_rectRoundedLoop_square_models_gamma	NumStability.higham9_14_mmatrix_lu_source_h_bound_of_rectRoundedLoop_square_models_gamma	NumStability.higham9_14_mmatrix_lu_source_h_bound_of_rectRoundedLoop_square_models_gamma	NumStability.higham9_14_mmatrix_lu_source_h_bound_of_rectRoundedLoop_square_models_gamma	authored	33768	0	33826	38	33770	8	33770	83	D09658F3ADBDA2447EBA94A6622726F5D37F9F054A46DDB2F7BA9D1DC7626B08	NumStability.Source.Higham.Chapter09.Section06
route	NumStability.Algorithms.HighamChapter9Theorem914Primitive	NumStability.higham9_14_model_div_backward_corrected	NumStability.higham9_14_model_div_backward_corrected	NumStability.higham9_14_model_div_backward_corrected	NumStability.higham9_14_model_div_backward_corrected	authored	727	0	736	30	729	8	729	47	E430BA0363720B08F4A4445CA8FBDF1BD4D8AC60DB85EFFEED1D3333805FC3FA	NumStability.Source.Higham.Chapter09.Theorem914Primitive
route	NumStability.Algorithms.HighamChapter9	NumStability.higham9_14_nonnegative_lu_source_f_bound_actual_triangular_solves	NumStability.higham9_14_nonnegative_lu_source_f_bound_actual_triangular_solves	NumStability.higham9_14_nonnegative_lu_source_f_bound_actual_triangular_solves	NumStability.higham9_14_nonnegative_lu_source_f_bound_actual_triangular_solves	authored	37953	0	37978	35	37955	8	37955	73	477E09DBA90880BE0BB4D4939DAC25543429F1FB6B2B39FA81B951A98FA9D50F	NumStability.Source.Higham.Chapter09.Section06
route	NumStability.Algorithms.HighamChapter9	NumStability.higham9_14_nonnegative_lu_source_f_bound_actual_triangular_solves_gamma	NumStability.higham9_14_nonnegative_lu_source_f_bound_actual_triangular_solves_gamma	NumStability.higham9_14_nonnegative_lu_source_f_bound_actual_triangular_solves_gamma	NumStability.higham9_14_nonnegative_lu_source_f_bound_actual_triangular_solves_gamma	authored	38048	0	38064	27	38050	8	38050	79	A41C81D31CC631729A28B70128D60A6EAAA2771E76961D09B669CDA7B705D82A	NumStability.Source.Higham.Chapter09.Section06
route	NumStability.Algorithms.HighamChapter9	NumStability.higham9_14_nonnegative_lu_source_f_bound_of_RectDoolittleRoundedStageTrace_square_fl_triangular_solves_gamma	NumStability.higham9_14_nonnegative_lu_source_f_bound_of_RectDoolittleRoundedStageTrace_square_fl_triangular_solves_gamma	NumStability.higham9_14_nonnegative_lu_source_f_bound_of_RectDoolittleRoundedStageTrace_square_fl_triangular_solves_gamma	NumStability.higham9_14_nonnegative_lu_source_f_bound_of_RectDoolittleRoundedStageTrace_square_fl_triangular_solves_gamma	authored	28926	0	28950	50	28927	8	28927	116	4E57E73304800363013241C1948CB9F3AF0730425949CE238BE16E05360ADD6A	NumStability.Source.Higham.Chapter09.Section06
route	NumStability.Algorithms.HighamChapter9	NumStability.higham9_14_nonnegative_lu_source_f_bound_of_RectDoolittleRoundedStageTrace_square_fl_triangular_solves_gamma_le	NumStability.higham9_14_nonnegative_lu_source_f_bound_of_RectDoolittleRoundedStageTrace_square_fl_triangular_solves_gamma_le	NumStability.higham9_14_nonnegative_lu_source_f_bound_of_RectDoolittleRoundedStageTrace_square_fl_triangular_solves_gamma_le	NumStability.higham9_14_nonnegative_lu_source_f_bound_of_RectDoolittleRoundedStageTrace_square_fl_triangular_solves_gamma_le	authored	28856	0	28892	28	28861	8	28861	119	3E9B230DECEAFD5B729C6687F6F2C276C53340585531CFFA183821CC2F5C2B55	NumStability.Source.Higham.Chapter09.Section06
route	NumStability.Algorithms.HighamChapter9	NumStability.higham9_14_nonnegative_lu_source_f_bound_of_RectDoolittleRoundedStageTrace_square_models_gamma	NumStability.higham9_14_nonnegative_lu_source_f_bound_of_RectDoolittleRoundedStageTrace_square_models_gamma	NumStability.higham9_14_nonnegative_lu_source_f_bound_of_RectDoolittleRoundedStageTrace_square_models_gamma	NumStability.higham9_14_nonnegative_lu_source_f_bound_of_RectDoolittleRoundedStageTrace_square_models_gamma	authored	29654	0	29694	38	29657	8	29657	102	1593F750F07E8595D46A6192CA4C2E612604B4E1CCD20E79821207F47D4F355C	NumStability.Source.Higham.Chapter09.Section06
route	NumStability.Algorithms.HighamChapter9	NumStability.higham9_14_nonnegative_lu_source_f_bound_of_models	NumStability.higham9_14_nonnegative_lu_source_f_bound_of_models	NumStability.higham9_14_nonnegative_lu_source_f_bound_of_models	NumStability.higham9_14_nonnegative_lu_source_f_bound_of_models	authored	36943	0	36968	35	36944	8	36944	58	9B0B9CF1E0A766DC31F032831D6D7006BA6BDC634A1F7B0EF61D1D0189F1FD23	NumStability.Source.Higham.Chapter09.Section06
route	NumStability.Algorithms.HighamChapter9	NumStability.higham9_14_nonnegative_lu_source_f_bound_of_models_gamma	NumStability.higham9_14_nonnegative_lu_source_f_bound_of_models_gamma	NumStability.higham9_14_nonnegative_lu_source_f_bound_of_models_gamma	NumStability.higham9_14_nonnegative_lu_source_f_bound_of_models_gamma	authored	37234	0	37252	43	37235	8	37235	64	585735FBA96E11E74FC3C41BDE1407D31562E40B3321CAFB10025BD5A0B29F03	NumStability.Source.Higham.Chapter09.Section06
route	NumStability.Algorithms.HighamChapter9	NumStability.higham9_14_nonnegative_lu_source_f_bound_of_rectRoundedLoop_square_fl_triangular_solves_gamma	NumStability.higham9_14_nonnegative_lu_source_f_bound_of_rectRoundedLoop_square_fl_triangular_solves_gamma	NumStability.higham9_14_nonnegative_lu_source_f_bound_of_rectRoundedLoop_square_fl_triangular_solves_gamma	NumStability.higham9_14_nonnegative_lu_source_f_bound_of_rectRoundedLoop_square_fl_triangular_solves_gamma	authored	32601	0	32635	50	32603	8	32603	101	B0E4C379C2D342E9654ECE17A070B8444EE1C360852074D1E223E2D5E5361E97	NumStability.Source.Higham.Chapter09.Section06
route	NumStability.Algorithms.HighamChapter9	NumStability.higham9_14_nonnegative_lu_source_f_bound_of_rectRoundedLoop_square_fl_triangular_solves_gamma_le	NumStability.higham9_14_nonnegative_lu_source_f_bound_of_rectRoundedLoop_square_fl_triangular_solves_gamma_le	NumStability.higham9_14_nonnegative_lu_source_f_bound_of_rectRoundedLoop_square_fl_triangular_solves_gamma_le	NumStability.higham9_14_nonnegative_lu_source_f_bound_of_rectRoundedLoop_square_fl_triangular_solves_gamma_le	authored	32504	0	32553	28	32510	8	32510	104	DF27D32095622C6D99DCC656991730CF3568A52BEB8A631184E08AF9E5BE0637	NumStability.Source.Higham.Chapter09.Section06
route	NumStability.Algorithms.HighamChapter9	NumStability.higham9_14_nonnegative_lu_source_f_bound_of_rectRoundedLoop_square_models_gamma	NumStability.higham9_14_nonnegative_lu_source_f_bound_of_rectRoundedLoop_square_models_gamma	NumStability.higham9_14_nonnegative_lu_source_f_bound_of_rectRoundedLoop_square_models_gamma	NumStability.higham9_14_nonnegative_lu_source_f_bound_of_rectRoundedLoop_square_models_gamma	authored	33601	0	33653	38	33604	8	33604	87	33A8230B28481E5AF13D9D8C5315BC93926ECEF685CC948352BA627E16BC5B6B	NumStability.Source.Higham.Chapter09.Section06
route	NumStability.Algorithms.HighamChapter9	NumStability.higham9_14_nonnegative_lu_source_h_bound_actual_triangular_solves	NumStability.higham9_14_nonnegative_lu_source_h_bound_actual_triangular_solves	NumStability.higham9_14_nonnegative_lu_source_h_bound_actual_triangular_solves	NumStability.higham9_14_nonnegative_lu_source_h_bound_actual_triangular_solves	authored	38356	0	38376	72	38358	8	38358	73	69B11B051E07B899C6BE7AE556D6923FD66BB4E89F534D05672BC90CF5850536	NumStability.Source.Higham.Chapter09.Section06
route	NumStability.Algorithms.HighamChapter9	NumStability.higham9_14_nonnegative_lu_source_h_bound_actual_triangular_solves_gamma	NumStability.higham9_14_nonnegative_lu_source_h_bound_actual_triangular_solves_gamma	NumStability.higham9_14_nonnegative_lu_source_h_bound_actual_triangular_solves_gamma	NumStability.higham9_14_nonnegative_lu_source_h_bound_actual_triangular_solves_gamma	authored	38436	0	38453	37	38438	8	38438	79	BAA842069A74EFA1F1E84C496D3C4E45A9DC8E291A12542FF764348357E806F0	NumStability.Source.Higham.Chapter09.Section06
route	NumStability.Algorithms.HighamChapter9	NumStability.higham9_14_nonnegative_lu_source_h_bound_of_RectDoolittleRoundedStageTrace_square_fl_triangular_solves_gamma	NumStability.higham9_14_nonnegative_lu_source_h_bound_of_RectDoolittleRoundedStageTrace_square_fl_triangular_solves_gamma	NumStability.higham9_14_nonnegative_lu_source_h_bound_of_RectDoolittleRoundedStageTrace_square_fl_triangular_solves_gamma	NumStability.higham9_14_nonnegative_lu_source_h_bound_of_RectDoolittleRoundedStageTrace_square_fl_triangular_solves_gamma	authored	28952	0	28977	56	28953	8	28953	116	5518581E8DDD4A66418FD39F53C3BC45E9EE52E80851E05AE63359BA215F3656	NumStability.Source.Higham.Chapter09.Section06
route	NumStability.Algorithms.HighamChapter9	NumStability.higham9_14_nonnegative_lu_source_h_bound_of_RectDoolittleRoundedStageTrace_square_fl_triangular_solves_gamma_le	NumStability.higham9_14_nonnegative_lu_source_h_bound_of_RectDoolittleRoundedStageTrace_square_fl_triangular_solves_gamma_le	NumStability.higham9_14_nonnegative_lu_source_h_bound_of_RectDoolittleRoundedStageTrace_square_fl_triangular_solves_gamma_le	NumStability.higham9_14_nonnegative_lu_source_h_bound_of_RectDoolittleRoundedStageTrace_square_fl_triangular_solves_gamma_le	authored	28894	0	28924	23	28895	8	28895	119	67F18B8C04EBF1AC3C30C212B163732FA8519292ECB765BFA760FA25A2A56C06	NumStability.Source.Higham.Chapter09.Section06
route	NumStability.Algorithms.HighamChapter9	NumStability.higham9_14_nonnegative_lu_source_h_bound_of_RectDoolittleRoundedStageTrace_square_models_gamma	NumStability.higham9_14_nonnegative_lu_source_h_bound_of_RectDoolittleRoundedStageTrace_square_models_gamma	NumStability.higham9_14_nonnegative_lu_source_h_bound_of_RectDoolittleRoundedStageTrace_square_models_gamma	NumStability.higham9_14_nonnegative_lu_source_h_bound_of_RectDoolittleRoundedStageTrace_square_models_gamma	authored	29696	0	29736	38	29698	8	29698	102	F79621E43E431326C95B2D92C6BA35D8379D4E477399774F553E0E675B8B6E12	NumStability.Source.Higham.Chapter09.Section06
route	NumStability.Algorithms.HighamChapter9	NumStability.higham9_14_nonnegative_lu_source_h_bound_of_models	NumStability.higham9_14_nonnegative_lu_source_h_bound_of_models	NumStability.higham9_14_nonnegative_lu_source_h_bound_of_models	NumStability.higham9_14_nonnegative_lu_source_h_bound_of_models	authored	36782	0	36804	35	36786	8	36786	58	6C4EFC50B314A004B81792B6E8708EABB949FE16B8E883F06F1BAFB670C64CF7	NumStability.Source.Higham.Chapter09.Section06
route	NumStability.Algorithms.HighamChapter9	NumStability.higham9_14_nonnegative_lu_source_h_bound_of_models_gamma	NumStability.higham9_14_nonnegative_lu_source_h_bound_of_models_gamma	NumStability.higham9_14_nonnegative_lu_source_h_bound_of_models_gamma	NumStability.higham9_14_nonnegative_lu_source_h_bound_of_models_gamma	authored	37097	0	37117	53	37099	8	37099	64	9857B0C6E236F80B02950610887572F9BC2C451AB14B7563B70F283EC568F414	NumStability.Source.Higham.Chapter09.Section06
route	NumStability.Algorithms.HighamChapter9	NumStability.higham9_14_nonnegative_lu_source_h_bound_of_rectRoundedLoop_square_fl_triangular_solves_gamma	NumStability.higham9_14_nonnegative_lu_source_h_bound_of_rectRoundedLoop_square_fl_triangular_solves_gamma	NumStability.higham9_14_nonnegative_lu_source_h_bound_of_rectRoundedLoop_square_fl_triangular_solves_gamma	NumStability.higham9_14_nonnegative_lu_source_h_bound_of_rectRoundedLoop_square_fl_triangular_solves_gamma	authored	32637	0	32672	50	32639	8	32639	101	B5DDD601C1AF8CEC3AF37E35413BE685DCB8132344AE2F1A1939878A58ED9F27	NumStability.Source.Higham.Chapter09.Section06
route	NumStability.Algorithms.HighamChapter9	NumStability.higham9_14_nonnegative_lu_source_h_bound_of_rectRoundedLoop_square_fl_triangular_solves_gamma_le	NumStability.higham9_14_nonnegative_lu_source_h_bound_of_rectRoundedLoop_square_fl_triangular_solves_gamma_le	NumStability.higham9_14_nonnegative_lu_source_h_bound_of_rectRoundedLoop_square_fl_triangular_solves_gamma_le	NumStability.higham9_14_nonnegative_lu_source_h_bound_of_rectRoundedLoop_square_fl_triangular_solves_gamma_le	authored	32555	0	32599	25	32557	8	32557	104	953B7DC537FA9B4A84F21E1C1B98E0011801F98B12812469C63E93A143043DDC	NumStability.Source.Higham.Chapter09.Section06
route	NumStability.Algorithms.HighamChapter9	NumStability.higham9_14_nonnegative_lu_source_h_bound_of_rectRoundedLoop_square_models_gamma	NumStability.higham9_14_nonnegative_lu_source_h_bound_of_rectRoundedLoop_square_models_gamma	NumStability.higham9_14_nonnegative_lu_source_h_bound_of_rectRoundedLoop_square_models_gamma	NumStability.higham9_14_nonnegative_lu_source_h_bound_of_rectRoundedLoop_square_models_gamma	authored	33655	0	33708	38	33657	8	33657	87	9E6A7824EB8D392206C1983516876D36EDBB349A0948CE573076CB19CF54FF82	NumStability.Source.Higham.Chapter09.Section06
route	NumStability.Algorithms.HighamChapter9Theorem914Primitive	NumStability.higham9_14_pivotErrorBudget	NumStability.higham9_14_pivotErrorBudget	NumStability.higham9_14_pivotErrorBudget	NumStability.higham9_14_pivotErrorBudget	authored	283	0	287	36	284	18	284	45	4E41A90153A9A05603E591C6006280DB87BFF0CC073CCCF3580E7B3239052369	NumStability.Source.Higham.Chapter09.Theorem914Primitive
route	NumStability.Algorithms.HighamChapter9Theorem914Primitive	NumStability.higham9_14_pivotGrowth	NumStability.higham9_14_pivotGrowth	NumStability.higham9_14_pivotGrowth	NumStability.higham9_14_pivotGrowth	authored	109	0	111	25	110	18	110	40	2AD820B29914BF1811D340A75E0E9FA4F798E60BD5E72CC3B165BCA91F290426	NumStability.Source.Higham.Chapter09.Theorem914Primitive
route	NumStability.Algorithms.HighamChapter9Theorem914Primitive	NumStability.higham9_14_pivotRound	NumStability.higham9_14_pivotRound	NumStability.higham9_14_pivotRound	NumStability.higham9_14_pivotRound	authored	113	0	116	28	115	18	115	39	6D0AE00AF2225A92A2208AF6052D2EDE18B2F2FCBB92CC8C6622339B34164C29	NumStability.Source.Higham.Chapter09.Theorem914Primitive
route	NumStability.Algorithms.HighamChapter9	NumStability.higham9_14_pow_two_le_completePivotWilkinsonBound_of_eq_one	NumStability.higham9_14_pow_two_le_completePivotWilkinsonBound_of_eq_one	NumStability.higham9_14_pow_two_le_completePivotWilkinsonBound_of_eq_one	NumStability.higham9_14_pow_two_le_completePivotWilkinsonBound_of_eq_one	authored	12602	0	12608	51	12604	6	12604	65	111C1A40485364CAEA64DCFAAEC000B7DF83B3C60BA16A4A7412C4D18DFE4FC2	NumStability.Source.Higham.Chapter09.Section04
route	NumStability.Algorithms.HighamChapter9	NumStability.higham9_14_pow_two_le_completePivotWilkinsonBound_of_le_two	NumStability.higham9_14_pow_two_le_completePivotWilkinsonBound_of_le_two	NumStability.higham9_14_pow_two_le_completePivotWilkinsonBound_of_le_two	NumStability.higham9_14_pow_two_le_completePivotWilkinsonBound_of_le_two	authored	12610	0	12619	53	12613	6	12613	65	AE8BD8D0B77428675965ADBACAF32916FCE540E6A97CB83F3D62609EA16D6CB2	NumStability.Source.Higham.Chapter09.Section04
route	NumStability.Algorithms.HighamChapter9Theorem914Primitive	NumStability.higham9_14_roundedMultiplier	NumStability.higham9_14_roundedMultiplier	NumStability.higham9_14_roundedMultiplier	NumStability.higham9_14_roundedMultiplier	authored	31	0	37	64	33	18	33	46	B812F96FA54B914D948964D50085E98FCAC3F1622C2F6B49F3B8DEC72AD493D8	NumStability.Source.Higham.Chapter09.Theorem914Primitive
route	NumStability.Algorithms.HighamChapter9Theorem914Primitive	NumStability.higham9_14_roundedPivot	NumStability.higham9_14_roundedPivot	NumStability.higham9_14_roundedPivot	NumStability.higham9_14_roundedPivot	authored	20	0	29	16	22	18	22	41	B70BC7062C40AF892BF2675C462BB3A31BAB80C8A393A1D6B9246727500076EA	NumStability.Source.Higham.Chapter09.Theorem914Primitive
route	NumStability.Algorithms.HighamChapter9Theorem914Primitive	NumStability.higham9_14_roundedPivot_ne_zero_of_explicit_margin	NumStability.higham9_14_roundedPivot_ne_zero_of_explicit_margin	NumStability.higham9_14_roundedPivot_ne_zero_of_explicit_margin	NumStability.higham9_14_roundedPivot_ne_zero_of_explicit_margin	authored	454	0	471	47	455	8	455	58	0B3BF155D22B47B5F01D3140E7CAF5D3774E15E75F376D8F4A5FBC5288C7F42B	NumStability.Source.Higham.Chapter09.Theorem914Primitive
route	NumStability.Algorithms.HighamChapter9Theorem914Primitive	NumStability.higham9_14_roundedPivot_nonbreakdown_of_explicit_margin	NumStability.higham9_14_roundedPivot_nonbreakdown_of_explicit_margin	NumStability.higham9_14_roundedPivot_nonbreakdown_of_explicit_margin	NumStability.higham9_14_roundedPivot_nonbreakdown_of_explicit_margin	authored	366	0	452	30	373	8	373	63	5AE029EB8C3D0E2B433EC230382A172FBAFE51EF98CCF8FD8BEC1A3A64614E75	NumStability.Source.Higham.Chapter09.Theorem914Primitive
route	NumStability.Algorithms.HighamChapter9Theorem914Primitive	NumStability.higham9_14_roundedPivot_succ	NumStability.higham9_14_roundedPivot_succ	NumStability.higham9_14_roundedPivot_succ	NumStability.higham9_14_roundedPivot_succ	authored	57	0	61	80	57	16	57	44	C831233494CBC6D96B9FC27CE4B6D266F38C9EDA43BEE72F9D78E0D590EB977C	NumStability.Source.Higham.Chapter09.Theorem914Primitive
route	NumStability.Algorithms.HighamChapter9Theorem914Primitive	NumStability.higham9_14_roundedPivot_zero	NumStability.higham9_14_roundedPivot_zero	NumStability.higham9_14_roundedPivot_zero	NumStability.higham9_14_roundedPivot_zero	authored	53	0	55	51	53	16	53	44	3C5B30CC52928990F0F1B54A76B8C6932FEC1D0F10AE32B133C3D3105BA50AD0	NumStability.Source.Higham.Chapter09.Theorem914Primitive
route	NumStability.Algorithms.HighamChapter9Theorem914Primitive	NumStability.higham9_14_same_u_div_backward_not_from_bare_FPModel	NumStability.higham9_14_same_u_div_backward_not_from_bare_FPModel	NumStability.higham9_14_same_u_div_backward_not_from_bare_FPModel	NumStability.higham9_14_same_u_div_backward_not_from_bare_FPModel	authored	835	0	852	10	842	8	842	60	B7089F7D81F7600AC65F7DE1FAB040A0E84BF14793C87766B4DEF6DA5319E55E	NumStability.Source.Higham.Chapter09.Theorem914Primitive
route	NumStability.Algorithms.HighamChapter9	NumStability.higham9_14_sign_equiv_source_f_bound_actual_triangular_solves	NumStability.higham9_14_sign_equiv_source_f_bound_actual_triangular_solves	NumStability.higham9_14_sign_equiv_source_f_bound_actual_triangular_solves	NumStability.higham9_14_sign_equiv_source_f_bound_actual_triangular_solves	authored	38011	0	38046	35	38013	8	38013	69	0F96254B603B2B95CBC8CD75FE8567327B5B8BCAA2B97592C0E0E71715EFAA70	NumStability.Source.Higham.Chapter09.Section06
route	NumStability.Algorithms.HighamChapter9	NumStability.higham9_14_sign_equiv_source_f_bound_actual_triangular_solves_gamma	NumStability.higham9_14_sign_equiv_source_f_bound_actual_triangular_solves_gamma	NumStability.higham9_14_sign_equiv_source_f_bound_actual_triangular_solves_gamma	NumStability.higham9_14_sign_equiv_source_f_bound_actual_triangular_solves_gamma	authored	38087	0	38113	23	38089	8	38089	75	41704DC0344B2F6AFD1F8C6DE50DF09855C8C3730BDA1B7319E23D70CED9F6FB	NumStability.Source.Higham.Chapter09.Section06
route	NumStability.Algorithms.HighamChapter9	NumStability.higham9_14_sign_equiv_source_f_bound_actual_triangular_solves_of_IsSignEquiv	NumStability.higham9_14_sign_equiv_source_f_bound_actual_triangular_solves_of_IsSignEquiv	NumStability.higham9_14_sign_equiv_source_f_bound_actual_triangular_solves_of_IsSignEquiv	NumStability.higham9_14_sign_equiv_source_f_bound_actual_triangular_solves_of_IsSignEquiv	authored	38618	0	38643	65	38620	8	38620	84	5AF4ED6ECE1CBD335D147C26C5F4158D7D2FF9F5C37A8ECEA4DE6EE10C7FEDC0	NumStability.Source.Higham.Chapter09.Section06
route	NumStability.Algorithms.HighamChapter9	NumStability.higham9_14_sign_equiv_source_f_bound_actual_triangular_solves_of_IsSignEquiv_gamma	NumStability.higham9_14_sign_equiv_source_f_bound_actual_triangular_solves_of_IsSignEquiv_gamma	NumStability.higham9_14_sign_equiv_source_f_bound_actual_triangular_solves_of_IsSignEquiv_gamma	NumStability.higham9_14_sign_equiv_source_f_bound_actual_triangular_solves_of_IsSignEquiv_gamma	authored	38645	0	38666	57	38647	8	38647	90	34992C8C9609B19C708EC70AB4B959A2DC48FA0D00175F2F77C30484F0B3657E	NumStability.Source.Higham.Chapter09.Section06
route	NumStability.Algorithms.HighamChapter9	NumStability.higham9_14_sign_equiv_source_f_bound_of_IsSignEquiv_RectDoolittleRoundedStageTrace_square_fl_triangular_solves_gamma	NumStability.higham9_14_sign_equiv_source_f_bound_of_IsSignEquiv_RectDoolittleRoundedStageTrace_square_fl_triangular_solves_gamma	NumStability.higham9_14_sign_equiv_source_f_bound_of_IsSignEquiv_RectDoolittleRoundedStageTrace_square_fl_triangular_solves_gamma	NumStability.higham9_14_sign_equiv_source_f_bound_of_IsSignEquiv_RectDoolittleRoundedStageTrace_square_fl_triangular_solves_gamma	authored	29444	0	29475	46	29446	8	29446	124	7DF0BFE803BBB08EE74052CC088C4CB3FB492DD5B7FBDA6F905D62ECE2C494DA	NumStability.Source.Higham.Chapter09.Section06
route	NumStability.Algorithms.HighamChapter9	NumStability.higham9_14_sign_equiv_source_f_bound_of_IsSignEquiv_RectDoolittleRoundedStageTrace_square_fl_triangular_solves_gamma_le	NumStability.higham9_14_sign_equiv_source_f_bound_of_IsSignEquiv_RectDoolittleRoundedStageTrace_square_fl_triangular_solves_gamma_le	NumStability.higham9_14_sign_equiv_source_f_bound_of_IsSignEquiv_RectDoolittleRoundedStageTrace_square_fl_triangular_solves_gamma_le	NumStability.higham9_14_sign_equiv_source_f_bound_of_IsSignEquiv_RectDoolittleRoundedStageTrace_square_fl_triangular_solves_gamma_le	authored	29364	0	29403	34	29366	8	29366	127	FC4113ECEE62E9BCFCA31E2E5D8B5934805C8DD6178C55FCE734A54122E40E37	NumStability.Source.Higham.Chapter09.Section06
route	NumStability.Algorithms.HighamChapter9	NumStability.higham9_14_sign_equiv_source_f_bound_of_IsSignEquiv_RectDoolittleRoundedStageTrace_square_models_gamma	NumStability.higham9_14_sign_equiv_source_f_bound_of_IsSignEquiv_RectDoolittleRoundedStageTrace_square_models_gamma	NumStability.higham9_14_sign_equiv_source_f_bound_of_IsSignEquiv_RectDoolittleRoundedStageTrace_square_models_gamma	NumStability.higham9_14_sign_equiv_source_f_bound_of_IsSignEquiv_RectDoolittleRoundedStageTrace_square_models_gamma	authored	29827	0	29872	38	29829	8	29829	110	FEBBAF9315FEA29768C93042EC10F061CF48979A80E4A311110BBB6EFBD054D4	NumStability.Source.Higham.Chapter09.Section06
route	NumStability.Algorithms.HighamChapter9	NumStability.higham9_14_sign_equiv_source_f_bound_of_IsSignEquiv_models	NumStability.higham9_14_sign_equiv_source_f_bound_of_IsSignEquiv_models	NumStability.higham9_14_sign_equiv_source_f_bound_of_IsSignEquiv_models	NumStability.higham9_14_sign_equiv_source_f_bound_of_IsSignEquiv_models	authored	38538	0	38563	54	38540	8	38540	66	2C7A4C2448A7AF1781191C0324F342EBDF4948920CA58ED19DF8CB20CD707DC2	NumStability.Source.Higham.Chapter09.Section06
route	NumStability.Algorithms.HighamChapter9	NumStability.higham9_14_sign_equiv_source_f_bound_of_IsSignEquiv_models_gamma	NumStability.higham9_14_sign_equiv_source_f_bound_of_IsSignEquiv_models_gamma	NumStability.higham9_14_sign_equiv_source_f_bound_of_IsSignEquiv_models_gamma	NumStability.higham9_14_sign_equiv_source_f_bound_of_IsSignEquiv_models_gamma	authored	38592	0	38616	35	38594	8	38594	72	CDD69004E52048DEDAE80A58B1D858C9BE0F4B1DBBF9ECE14B78A10DD3C0A515	NumStability.Source.Higham.Chapter09.Section06
route	NumStability.Algorithms.HighamChapter9	NumStability.higham9_14_sign_equiv_source_f_bound_of_IsSignEquiv_rectRoundedLoop_square_fl_triangular_solves_gamma	NumStability.higham9_14_sign_equiv_source_f_bound_of_IsSignEquiv_rectRoundedLoop_square_fl_triangular_solves_gamma	NumStability.higham9_14_sign_equiv_source_f_bound_of_IsSignEquiv_rectRoundedLoop_square_fl_triangular_solves_gamma	NumStability.higham9_14_sign_equiv_source_f_bound_of_IsSignEquiv_rectRoundedLoop_square_fl_triangular_solves_gamma	authored	33315	0	33357	10	33317	8	33317	109	74BD549228B9865B8FFBE49EC362E36FED4C3F586686B570B84ECD902F0FB0AA	NumStability.Source.Higham.Chapter09.Section06
route	NumStability.Algorithms.HighamChapter9	NumStability.higham9_14_sign_equiv_source_f_bound_of_IsSignEquiv_rectRoundedLoop_square_fl_triangular_solves_gamma_le	NumStability.higham9_14_sign_equiv_source_f_bound_of_IsSignEquiv_rectRoundedLoop_square_fl_triangular_solves_gamma_le	NumStability.higham9_14_sign_equiv_source_f_bound_of_IsSignEquiv_rectRoundedLoop_square_fl_triangular_solves_gamma_le	NumStability.higham9_14_sign_equiv_source_f_bound_of_IsSignEquiv_rectRoundedLoop_square_fl_triangular_solves_gamma_le	authored	33206	0	33259	48	33208	8	33208	112	8CFE1A404F66CC31FE4F741DD97D9BDCC31FB632DAA2085DBDA1EFA735E44B15	NumStability.Source.Higham.Chapter09.Section06
route	NumStability.Algorithms.HighamChapter9	NumStability.higham9_14_sign_equiv_source_f_bound_of_IsSignEquiv_rectRoundedLoop_square_models_gamma	NumStability.higham9_14_sign_equiv_source_f_bound_of_IsSignEquiv_rectRoundedLoop_square_models_gamma	NumStability.higham9_14_sign_equiv_source_f_bound_of_IsSignEquiv_rectRoundedLoop_square_models_gamma	NumStability.higham9_14_sign_equiv_source_f_bound_of_IsSignEquiv_rectRoundedLoop_square_models_gamma	authored	33828	0	33887	38	33830	8	33830	95	01C67FAA5E59AB62AA6558C37BBB867A08641FD9B4E8B7A4781AD1EE61533863	NumStability.Source.Higham.Chapter09.Section06
route	NumStability.Algorithms.HighamChapter9	NumStability.higham9_14_sign_equiv_source_f_bound_of_models	NumStability.higham9_14_sign_equiv_source_f_bound_of_models	NumStability.higham9_14_sign_equiv_source_f_bound_of_models	NumStability.higham9_14_sign_equiv_source_f_bound_of_models	authored	37000	0	37034	35	37002	8	37002	54	851D7FAF17B0ABE5700B8608CEF875AEB9DE621376D6289537D6FFFBADA95187	NumStability.Source.Higham.Chapter09.Section06
route	NumStability.Algorithms.HighamChapter9	NumStability.higham9_14_sign_equiv_source_f_bound_of_models_gamma	NumStability.higham9_14_sign_equiv_source_f_bound_of_models_gamma	NumStability.higham9_14_sign_equiv_source_f_bound_of_models_gamma	NumStability.higham9_14_sign_equiv_source_f_bound_of_models_gamma	authored	37670	0	37698	69	37672	8	37672	60	8B86836D4EAE89CE74C1043482B6FA39CD2EBD16CE01DD0FCB23F435FB6421BB	NumStability.Source.Higham.Chapter09.Section06
route	NumStability.Algorithms.HighamChapter9	NumStability.higham9_14_sign_equiv_source_h_bound_actual_triangular_solves	NumStability.higham9_14_sign_equiv_source_h_bound_actual_triangular_solves	NumStability.higham9_14_sign_equiv_source_h_bound_actual_triangular_solves	NumStability.higham9_14_sign_equiv_source_h_bound_actual_triangular_solves	authored	38404	0	38434	65	38406	8	38406	69	5F64B528B3FA8B16AE82116B2E43134B568D656E49400063A7E2622AE56ECB98	NumStability.Source.Higham.Chapter09.Section06
route	NumStability.Algorithms.HighamChapter9	NumStability.higham9_14_sign_equiv_source_h_bound_actual_triangular_solves_gamma	NumStability.higham9_14_sign_equiv_source_h_bound_actual_triangular_solves_gamma	NumStability.higham9_14_sign_equiv_source_h_bound_actual_triangular_solves_gamma	NumStability.higham9_14_sign_equiv_source_h_bound_actual_triangular_solves_gamma	authored	38477	0	38504	33	38479	8	38479	75	AFC370CBC40000EF535A150B9B063523D93E1C07E50C9242136AFD72C720CDB8	NumStability.Source.Higham.Chapter09.Section06
route	NumStability.Algorithms.HighamChapter9	NumStability.higham9_14_sign_equiv_source_h_bound_actual_triangular_solves_of_IsSignEquiv	NumStability.higham9_14_sign_equiv_source_h_bound_actual_triangular_solves_of_IsSignEquiv	NumStability.higham9_14_sign_equiv_source_h_bound_actual_triangular_solves_of_IsSignEquiv	NumStability.higham9_14_sign_equiv_source_h_bound_actual_triangular_solves_of_IsSignEquiv	authored	38668	0	38694	24	38670	8	38670	84	0C181B6A6BE80A1D90C370DD673BA46CC7CA78E3449275633853BAD99CF2B84F	NumStability.Source.Higham.Chapter09.Section06
route	NumStability.Algorithms.HighamChapter9	NumStability.higham9_14_sign_equiv_source_h_bound_actual_triangular_solves_of_IsSignEquiv_gamma	NumStability.higham9_14_sign_equiv_source_h_bound_actual_triangular_solves_of_IsSignEquiv_gamma	NumStability.higham9_14_sign_equiv_source_h_bound_actual_triangular_solves_of_IsSignEquiv_gamma	NumStability.higham9_14_sign_equiv_source_h_bound_actual_triangular_solves_of_IsSignEquiv_gamma	authored	38696	0	38718	67	38698	8	38698	90	C59E9D0B0B6D18645755B319FD98189D21AB0A2F5439839BA1527E06B09A4E59	NumStability.Source.Higham.Chapter09.Section06
route	NumStability.Algorithms.HighamChapter9	NumStability.higham9_14_sign_equiv_source_h_bound_of_IsSignEquiv_RectDoolittleRoundedStageTrace_square_fl_triangular_solves_gamma	NumStability.higham9_14_sign_equiv_source_h_bound_of_IsSignEquiv_RectDoolittleRoundedStageTrace_square_fl_triangular_solves_gamma	NumStability.higham9_14_sign_equiv_source_h_bound_of_IsSignEquiv_RectDoolittleRoundedStageTrace_square_fl_triangular_solves_gamma	NumStability.higham9_14_sign_equiv_source_h_bound_of_IsSignEquiv_RectDoolittleRoundedStageTrace_square_fl_triangular_solves_gamma	authored	29477	0	29509	46	29479	8	29479	124	DB4285E3CB13869D1295EED384DFA1B12B7AB330844DAF28E96398955ED17B90	NumStability.Source.Higham.Chapter09.Section06
route	NumStability.Algorithms.HighamChapter9	NumStability.higham9_14_sign_equiv_source_h_bound_of_IsSignEquiv_RectDoolittleRoundedStageTrace_square_fl_triangular_solves_gamma_le	NumStability.higham9_14_sign_equiv_source_h_bound_of_IsSignEquiv_RectDoolittleRoundedStageTrace_square_fl_triangular_solves_gamma_le	NumStability.higham9_14_sign_equiv_source_h_bound_of_IsSignEquiv_RectDoolittleRoundedStageTrace_square_fl_triangular_solves_gamma_le	NumStability.higham9_14_sign_equiv_source_h_bound_of_IsSignEquiv_RectDoolittleRoundedStageTrace_square_fl_triangular_solves_gamma_le	authored	29405	0	29442	29	29407	8	29407	127	9576294B4097EF65E3CABB1EC9DE840AE392E442846C0E7A8588298F68B84996	NumStability.Source.Higham.Chapter09.Section06
route	NumStability.Algorithms.HighamChapter9	NumStability.higham9_14_sign_equiv_source_h_bound_of_IsSignEquiv_RectDoolittleRoundedStageTrace_square_models_gamma	NumStability.higham9_14_sign_equiv_source_h_bound_of_IsSignEquiv_RectDoolittleRoundedStageTrace_square_models_gamma	NumStability.higham9_14_sign_equiv_source_h_bound_of_IsSignEquiv_RectDoolittleRoundedStageTrace_square_models_gamma	NumStability.higham9_14_sign_equiv_source_h_bound_of_IsSignEquiv_RectDoolittleRoundedStageTrace_square_models_gamma	authored	29874	0	29920	38	29876	8	29876	110	22C36C268F36CED4CE177D3D4CFE498DCA84DD020AF460E13F926C27C155067D	NumStability.Source.Higham.Chapter09.Section06
route	NumStability.Algorithms.HighamChapter9	NumStability.higham9_14_sign_equiv_source_h_bound_of_IsSignEquiv_models	NumStability.higham9_14_sign_equiv_source_h_bound_of_IsSignEquiv_models	NumStability.higham9_14_sign_equiv_source_h_bound_of_IsSignEquiv_models	NumStability.higham9_14_sign_equiv_source_h_bound_of_IsSignEquiv_models	authored	38506	0	38536	64	38513	8	38513	66	CE263369C04CF979C12130EEED627728CD09EE243BAB28AB9D7792E74EDD623A	NumStability.Source.Higham.Chapter09.Section06
route	NumStability.Algorithms.HighamChapter9	NumStability.higham9_14_sign_equiv_source_h_bound_of_IsSignEquiv_models_gamma	NumStability.higham9_14_sign_equiv_source_h_bound_of_IsSignEquiv_models_gamma	NumStability.higham9_14_sign_equiv_source_h_bound_of_IsSignEquiv_models_gamma	NumStability.higham9_14_sign_equiv_source_h_bound_of_IsSignEquiv_models_gamma	authored	38565	0	38590	35	38567	8	38567	72	C0824F0EBF216B0F755F1D05B9A41E83A3819AC255E6CAC73D1DED1722FA5BE7	NumStability.Source.Higham.Chapter09.Section06
route	NumStability.Algorithms.HighamChapter9	NumStability.higham9_14_sign_equiv_source_h_bound_of_IsSignEquiv_rectRoundedLoop_square_fl_triangular_solves_gamma	NumStability.higham9_14_sign_equiv_source_h_bound_of_IsSignEquiv_rectRoundedLoop_square_fl_triangular_solves_gamma	NumStability.higham9_14_sign_equiv_source_h_bound_of_IsSignEquiv_rectRoundedLoop_square_fl_triangular_solves_gamma	NumStability.higham9_14_sign_equiv_source_h_bound_of_IsSignEquiv_rectRoundedLoop_square_fl_triangular_solves_gamma	authored	33359	0	33402	36	33361	8	33361	109	A38B9413A113BDFC751359861DDCC249CD3857A04360AD3B9055087CD4BA017E	NumStability.Source.Higham.Chapter09.Section06
route	NumStability.Algorithms.HighamChapter9	NumStability.higham9_14_sign_equiv_source_h_bound_of_IsSignEquiv_rectRoundedLoop_square_fl_triangular_solves_gamma_le	NumStability.higham9_14_sign_equiv_source_h_bound_of_IsSignEquiv_rectRoundedLoop_square_fl_triangular_solves_gamma_le	NumStability.higham9_14_sign_equiv_source_h_bound_of_IsSignEquiv_rectRoundedLoop_square_fl_triangular_solves_gamma_le	NumStability.higham9_14_sign_equiv_source_h_bound_of_IsSignEquiv_rectRoundedLoop_square_fl_triangular_solves_gamma_le	authored	33261	0	33313	45	33263	8	33263	112	338FE2C1E4472562E1292C286D48FF7D62F606CD80C97CA8486AA6DC6C444A9B	NumStability.Source.Higham.Chapter09.Section06
route	NumStability.Algorithms.HighamChapter9	NumStability.higham9_14_sign_equiv_source_h_bound_of_IsSignEquiv_rectRoundedLoop_square_models_gamma	NumStability.higham9_14_sign_equiv_source_h_bound_of_IsSignEquiv_rectRoundedLoop_square_models_gamma	NumStability.higham9_14_sign_equiv_source_h_bound_of_IsSignEquiv_rectRoundedLoop_square_models_gamma	NumStability.higham9_14_sign_equiv_source_h_bound_of_IsSignEquiv_rectRoundedLoop_square_models_gamma	authored	33889	0	33950	38	33891	8	33891	95	332AEE6ED5D392458C68DAD7646D54C13237FFDBD3EB1029AE51FFA536DD5764	NumStability.Source.Higham.Chapter09.Section06
route	NumStability.Algorithms.HighamChapter9	NumStability.higham9_14_sign_equiv_source_h_bound_of_models	NumStability.higham9_14_sign_equiv_source_h_bound_of_models	NumStability.higham9_14_sign_equiv_source_h_bound_of_models	NumStability.higham9_14_sign_equiv_source_h_bound_of_models	authored	36835	0	36868	35	36841	8	36841	54	A780BCAEC5A403BB45E512F528F6DFA45BC05E4734FD8F522DAF961F0D20280A	NumStability.Source.Higham.Chapter09.Section06
route	NumStability.Algorithms.HighamChapter9	NumStability.higham9_14_sign_equiv_source_h_bound_of_models_gamma	NumStability.higham9_14_sign_equiv_source_h_bound_of_models_gamma	NumStability.higham9_14_sign_equiv_source_h_bound_of_models_gamma	NumStability.higham9_14_sign_equiv_source_h_bound_of_models_gamma	authored	37144	0	37174	35	37146	8	37146	60	DE664F21ED59861C33B76F7021C5FF904B8CFB0AC83D39E7A9D2B5F08AA52A66	NumStability.Source.Higham.Chapter09.Section06
route	NumStability.Algorithms.HighamChapter9	NumStability.higham9_14_source_f_bound	NumStability.higham9_14_source_f_bound	NumStability.higham9_14_source_f_bound	NumStability.higham9_14_source_f_bound	authored	23627	0	23667	12	23633	8	23633	33	2C08108B296C90CE72C4B6BE9CD4F0838466BDC3AC343FBAF54AC3EAEE8AC377	NumStability.Source.Higham.Chapter09.Section06
route	NumStability.Algorithms.HighamChapter9	NumStability.higham9_14_source_f_bound_of_DoolittleDenseLoopAbsBudgetCertificate_fl_triangular_solves_absLU_le_absA_gamma	NumStability.higham9_14_source_f_bound_of_DoolittleDenseLoopAbsBudgetCertificate_fl_triangular_solves_absLU_le_absA_gamma	NumStability.higham9_14_source_f_bound_of_DoolittleDenseLoopAbsBudgetCertificate_fl_triangular_solves_absLU_le_absA_gamma	NumStability.higham9_14_source_f_bound_of_DoolittleDenseLoopAbsBudgetCertificate_fl_triangular_solves_absLU_le_absA_gamma	authored	26362	0	26385	58	26365	8	26365	116	93E0352E90F5DD75AEA501B2A04B899C970DF39F4F29CA2144D8BC8C68468600	NumStability.Source.Higham.Chapter09.Section06
route	NumStability.Algorithms.HighamChapter9	NumStability.higham9_14_source_f_bound_of_DoolittleDenseLoopAbsBudgetCertificate_fl_triangular_solves_absLU_le_absA_gamma_le	NumStability.higham9_14_source_f_bound_of_DoolittleDenseLoopAbsBudgetCertificate_fl_triangular_solves_absLU_le_absA_gamma_le	NumStability.higham9_14_source_f_bound_of_DoolittleDenseLoopAbsBudgetCertificate_fl_triangular_solves_absLU_le_absA_gamma_le	NumStability.higham9_14_source_f_bound_of_DoolittleDenseLoopAbsBudgetCertificate_fl_triangular_solves_absLU_le_absA_gamma_le	authored	26315	0	26338	58	26317	8	26317	119	92CB1B4000ADDEB6DDF73BA99132CA02BAA84A2ED8937F9A789F248FB162BEAF	NumStability.Source.Higham.Chapter09.Section06
route	NumStability.Algorithms.HighamChapter9	NumStability.higham9_14_source_f_bound_of_DoolittleDenseLoopAbsBudgetCertificate_fl_triangular_solves_gamma	NumStability.higham9_14_source_f_bound_of_DoolittleDenseLoopAbsBudgetCertificate_fl_triangular_solves_gamma	NumStability.higham9_14_source_f_bound_of_DoolittleDenseLoopAbsBudgetCertificate_fl_triangular_solves_gamma	NumStability.higham9_14_source_f_bound_of_DoolittleDenseLoopAbsBudgetCertificate_fl_triangular_solves_gamma	authored	26268	0	26290	55	26270	8	26270	102	D86D7CDA1D3C81920B922383C6D9E599457EFB5BB6DDF152CFB99761D5290D19	NumStability.Source.Higham.Chapter09.Section06
route	NumStability.Algorithms.HighamChapter9	NumStability.higham9_14_source_f_bound_of_DoolittleDenseLoopAbsBudgetCertificate_fl_triangular_solves_gamma_le	NumStability.higham9_14_source_f_bound_of_DoolittleDenseLoopAbsBudgetCertificate_fl_triangular_solves_gamma_le	NumStability.higham9_14_source_f_bound_of_DoolittleDenseLoopAbsBudgetCertificate_fl_triangular_solves_gamma_le	NumStability.higham9_14_source_f_bound_of_DoolittleDenseLoopAbsBudgetCertificate_fl_triangular_solves_gamma_le	authored	25641	0	25667	37	25646	8	25646	105	A8CCB3147DCD6587ADFD84765A1BEB709CA534D65F167D797B7672401B91CC87	NumStability.Source.Higham.Chapter09.Section06
route	NumStability.Algorithms.HighamChapter9	NumStability.higham9_14_source_f_bound_of_DoolittleDenseLoopCertificate_fl_triangular_solves_absLU_le_absA_gamma	NumStability.higham9_14_source_f_bound_of_DoolittleDenseLoopCertificate_fl_triangular_solves_absLU_le_absA_gamma	NumStability.higham9_14_source_f_bound_of_DoolittleDenseLoopCertificate_fl_triangular_solves_absLU_le_absA_gamma	NumStability.higham9_14_source_f_bound_of_DoolittleDenseLoopCertificate_fl_triangular_solves_absLU_le_absA_gamma	authored	26340	0	26360	58	26342	8	26342	107	8CB70B58749694109F64E2BC41A696FF70D0358B64B9D4CF54F023684D098143	NumStability.Source.Higham.Chapter09.Section06
route	NumStability.Algorithms.HighamChapter9	NumStability.higham9_14_source_f_bound_of_DoolittleDenseLoopCertificate_fl_triangular_solves_absLU_le_absA_gamma_le	NumStability.higham9_14_source_f_bound_of_DoolittleDenseLoopCertificate_fl_triangular_solves_absLU_le_absA_gamma_le	NumStability.higham9_14_source_f_bound_of_DoolittleDenseLoopCertificate_fl_triangular_solves_absLU_le_absA_gamma_le	NumStability.higham9_14_source_f_bound_of_DoolittleDenseLoopCertificate_fl_triangular_solves_absLU_le_absA_gamma_le	authored	26292	0	26313	58	26294	8	26294	110	D1EA8AC77794112753FC5CEA3464953D65702591A5E544095CD9F44BA622AF18	NumStability.Source.Higham.Chapter09.Section06
route	NumStability.Algorithms.HighamChapter9	NumStability.higham9_14_source_f_bound_of_DoolittleDenseLoopCertificate_fl_triangular_solves_gamma	NumStability.higham9_14_source_f_bound_of_DoolittleDenseLoopCertificate_fl_triangular_solves_gamma	NumStability.higham9_14_source_f_bound_of_DoolittleDenseLoopCertificate_fl_triangular_solves_gamma	NumStability.higham9_14_source_f_bound_of_DoolittleDenseLoopCertificate_fl_triangular_solves_gamma	authored	26246	0	26266	34	26248	8	26248	93	CF06EB7548AB3E0957C10E864D31E807A570011AD8A5493F982CF23D1E5AD531	NumStability.Source.Higham.Chapter09.Section06
route	NumStability.Algorithms.HighamChapter9	NumStability.higham9_14_source_f_bound_of_DoolittleDenseLoopCertificate_fl_triangular_solves_gamma_le	NumStability.higham9_14_source_f_bound_of_DoolittleDenseLoopCertificate_fl_triangular_solves_gamma_le	NumStability.higham9_14_source_f_bound_of_DoolittleDenseLoopCertificate_fl_triangular_solves_gamma_le	NumStability.higham9_14_source_f_bound_of_DoolittleDenseLoopCertificate_fl_triangular_solves_gamma_le	authored	25613	0	25639	37	25620	8	25620	96	188E37811B7A990167ADEDC30C90D866F828AFB4B899E2C4147EB9E35B0C0221	NumStability.Source.Higham.Chapter09.Section06
route	NumStability.Algorithms.HighamChapter9	NumStability.higham9_14_source_f_bound_of_LUBackwardError_fl_triangular_solves_absLU_le_absA_gamma	NumStability.higham9_14_source_f_bound_of_LUBackwardError_fl_triangular_solves_absLU_le_absA_gamma	NumStability.higham9_14_source_f_bound_of_LUBackwardError_fl_triangular_solves_absLU_le_absA_gamma	NumStability.higham9_14_source_f_bound_of_LUBackwardError_fl_triangular_solves_absLU_le_absA_gamma	authored	24748	0	24768	58	24750	8	24750	93	4B7F4D52F5E761E2324216747FCD72D9957218E31CFB1B23CC331FD164184791	NumStability.Source.Higham.Chapter09.Section06
route	NumStability.Algorithms.HighamChapter9	NumStability.higham9_14_source_f_bound_of_LUBackwardError_fl_triangular_solves_absLU_le_absA_gamma_le	NumStability.higham9_14_source_f_bound_of_LUBackwardError_fl_triangular_solves_absLU_le_absA_gamma_le	NumStability.higham9_14_source_f_bound_of_LUBackwardError_fl_triangular_solves_absLU_le_absA_gamma_le	NumStability.higham9_14_source_f_bound_of_LUBackwardError_fl_triangular_solves_absLU_le_absA_gamma_le	authored	24724	0	24746	58	24726	8	24726	96	565FDF2E313D20F5F9C5D28CD5E8CD7237A00E285AC074EE37D7709D2881455B	NumStability.Source.Higham.Chapter09.Section06
route	NumStability.Algorithms.HighamChapter9	NumStability.higham9_14_source_f_bound_of_LUBackwardError_fl_triangular_solves_gamma	NumStability.higham9_14_source_f_bound_of_LUBackwardError_fl_triangular_solves_gamma	NumStability.higham9_14_source_f_bound_of_LUBackwardError_fl_triangular_solves_gamma	NumStability.higham9_14_source_f_bound_of_LUBackwardError_fl_triangular_solves_gamma	authored	24651	0	24673	63	24655	8	24655	79	5B05FADE103B7F39E7B726104BA53241219489AB8B5FC51EF83A40171223AFDD	NumStability.Source.Higham.Chapter09.Section06
route	NumStability.Algorithms.HighamChapter9	NumStability.higham9_14_source_f_bound_of_LUBackwardError_fl_triangular_solves_gamma_le	NumStability.higham9_14_source_f_bound_of_LUBackwardError_fl_triangular_solves_gamma_le	NumStability.higham9_14_source_f_bound_of_LUBackwardError_fl_triangular_solves_gamma_le	NumStability.higham9_14_source_f_bound_of_LUBackwardError_fl_triangular_solves_gamma_le	authored	24605	0	24649	35	24614	8	24614	82	3C199161BE2CB3E337D4F879C458839CC9E71F9A3BF9FFFD55B70D79BFA2913E	NumStability.Source.Higham.Chapter09.Section06
route	NumStability.Algorithms.HighamChapter9	NumStability.higham9_14_source_f_bound_of_LUFactSpec_fl_triangular_solves_absLU_le_absA_gamma	NumStability.higham9_14_source_f_bound_of_LUFactSpec_fl_triangular_solves_absLU_le_absA_gamma	NumStability.higham9_14_source_f_bound_of_LUFactSpec_fl_triangular_solves_absLU_le_absA_gamma	NumStability.higham9_14_source_f_bound_of_LUFactSpec_fl_triangular_solves_absLU_le_absA_gamma	authored	24793	0	24813	58	24795	8	24795	88	E72779A5F5B7D75E8FB3C30664514E1C99E5AF7CD70961F3B6C6D0053AB41045	NumStability.Source.Higham.Chapter09.Section06
route	NumStability.Algorithms.HighamChapter9	NumStability.higham9_14_source_f_bound_of_LUFactSpec_fl_triangular_solves_absLU_le_absA_gamma_le	NumStability.higham9_14_source_f_bound_of_LUFactSpec_fl_triangular_solves_absLU_le_absA_gamma_le	NumStability.higham9_14_source_f_bound_of_LUFactSpec_fl_triangular_solves_absLU_le_absA_gamma_le	NumStability.higham9_14_source_f_bound_of_LUFactSpec_fl_triangular_solves_absLU_le_absA_gamma_le	authored	24770	0	24791	58	24772	8	24772	91	3B639988B10F7084F1804FB83EEF3F5C51808CECCD2765F78D4BF715E22D0EEA	NumStability.Source.Higham.Chapter09.Section06
route	NumStability.Algorithms.HighamChapter9	NumStability.higham9_14_source_f_bound_of_LUFactSpec_fl_triangular_solves_gamma	NumStability.higham9_14_source_f_bound_of_LUFactSpec_fl_triangular_solves_gamma	NumStability.higham9_14_source_f_bound_of_LUFactSpec_fl_triangular_solves_gamma	NumStability.higham9_14_source_f_bound_of_LUFactSpec_fl_triangular_solves_gamma	authored	24702	0	24722	32	24704	8	24704	74	DA27AC0EA249751D0DAADAF9540D1BDABA2CA73F0C557BD6D3957933585F6519	NumStability.Source.Higham.Chapter09.Section06
route	NumStability.Algorithms.HighamChapter9	NumStability.higham9_14_source_f_bound_of_LUFactSpec_fl_triangular_solves_gamma_le	NumStability.higham9_14_source_f_bound_of_LUFactSpec_fl_triangular_solves_gamma_le	NumStability.higham9_14_source_f_bound_of_LUFactSpec_fl_triangular_solves_gamma_le	NumStability.higham9_14_source_f_bound_of_LUFactSpec_fl_triangular_solves_gamma_le	authored	24675	0	24700	32	24682	8	24682	77	2280DB70C21829B9D799470F9E009F63D873C3862BC6279A99959BE6EAD0B3C3	NumStability.Source.Higham.Chapter09.Section06
route	NumStability.Algorithms.HighamChapter9	NumStability.higham9_14_source_f_bound_of_RectDoolittleDenseLoopAbsBudgetCertificate_square_fl_triangular_solves_absLU_le_absA_gamma	NumStability.higham9_14_source_f_bound_of_RectDoolittleDenseLoopAbsBudgetCertificate_square_fl_triangular_solves_absLU_le_absA_gamma	NumStability.higham9_14_source_f_bound_of_RectDoolittleDenseLoopAbsBudgetCertificate_square_fl_triangular_solves_absLU_le_absA_gamma	NumStability.higham9_14_source_f_bound_of_RectDoolittleDenseLoopAbsBudgetCertificate_square_fl_triangular_solves_absLU_le_absA_gamma	authored	27334	0	27357	58	27337	8	27337	127	E7D66597F61DC42C4AF424E8FD5A19E3442632042C392C23299943F5C2559751	NumStability.Source.Higham.Chapter09.Section06
route	NumStability.Algorithms.HighamChapter9	NumStability.higham9_14_source_f_bound_of_RectDoolittleDenseLoopAbsBudgetCertificate_square_fl_triangular_solves_absLU_le_absA_gamma_le	NumStability.higham9_14_source_f_bound_of_RectDoolittleDenseLoopAbsBudgetCertificate_square_fl_triangular_solves_absLU_le_absA_gamma_le	NumStability.higham9_14_source_f_bound_of_RectDoolittleDenseLoopAbsBudgetCertificate_square_fl_triangular_solves_absLU_le_absA_gamma_le	NumStability.higham9_14_source_f_bound_of_RectDoolittleDenseLoopAbsBudgetCertificate_square_fl_triangular_solves_absLU_le_absA_gamma_le	authored	27284	0	27308	58	27287	8	27287	130	82659EB2696C98C4108430EBFF10BA8C6299E1E36240D76C6F5B020C0F4C86F4	NumStability.Source.Higham.Chapter09.Section06
route	NumStability.Algorithms.HighamChapter9	NumStability.higham9_14_source_f_bound_of_RectDoolittleDenseLoopAbsBudgetCertificate_square_fl_triangular_solves_gamma	NumStability.higham9_14_source_f_bound_of_RectDoolittleDenseLoopAbsBudgetCertificate_square_fl_triangular_solves_gamma	NumStability.higham9_14_source_f_bound_of_RectDoolittleDenseLoopAbsBudgetCertificate_square_fl_triangular_solves_gamma	NumStability.higham9_14_source_f_bound_of_RectDoolittleDenseLoopAbsBudgetCertificate_square_fl_triangular_solves_gamma	authored	27234	0	27257	55	27237	8	27237	113	763D87B2965E371B15BA79F5324CB592AE2409858664ACE8C0466DFB70909EDA	NumStability.Source.Higham.Chapter09.Section06
route	NumStability.Algorithms.HighamChapter9	NumStability.higham9_14_source_f_bound_of_RectDoolittleDenseLoopAbsBudgetCertificate_square_fl_triangular_solves_gamma_le	NumStability.higham9_14_source_f_bound_of_RectDoolittleDenseLoopAbsBudgetCertificate_square_fl_triangular_solves_gamma_le	NumStability.higham9_14_source_f_bound_of_RectDoolittleDenseLoopAbsBudgetCertificate_square_fl_triangular_solves_gamma_le	NumStability.higham9_14_source_f_bound_of_RectDoolittleDenseLoopAbsBudgetCertificate_square_fl_triangular_solves_gamma_le	authored	26597	0	26620	29	26599	8	26599	116	25CEFE617A2084C1D2BCBC9BB2BD33153CA5733D5CF2F617D44BAB6A6D63C0B9	NumStability.Source.Higham.Chapter09.Section06
route	NumStability.Algorithms.HighamChapter9	NumStability.higham9_14_source_f_bound_of_RectDoolittleDenseLoopCertificate_square_fl_triangular_solves_absLU_le_absA_gamma	NumStability.higham9_14_source_f_bound_of_RectDoolittleDenseLoopCertificate_square_fl_triangular_solves_absLU_le_absA_gamma	NumStability.higham9_14_source_f_bound_of_RectDoolittleDenseLoopCertificate_square_fl_triangular_solves_absLU_le_absA_gamma	NumStability.higham9_14_source_f_bound_of_RectDoolittleDenseLoopCertificate_square_fl_triangular_solves_absLU_le_absA_gamma	authored	27310	0	27332	58	27313	8	27313	118	2D4E4CFABA1AB92D01ED43A70460ED6FB2911E80DF92DB004402BC8E474DE668	NumStability.Source.Higham.Chapter09.Section06
route	NumStability.Algorithms.HighamChapter9	NumStability.higham9_14_source_f_bound_of_RectDoolittleDenseLoopCertificate_square_fl_triangular_solves_absLU_le_absA_gamma_le	NumStability.higham9_14_source_f_bound_of_RectDoolittleDenseLoopCertificate_square_fl_triangular_solves_absLU_le_absA_gamma_le	NumStability.higham9_14_source_f_bound_of_RectDoolittleDenseLoopCertificate_square_fl_triangular_solves_absLU_le_absA_gamma_le	NumStability.higham9_14_source_f_bound_of_RectDoolittleDenseLoopCertificate_square_fl_triangular_solves_absLU_le_absA_gamma_le	authored	27259	0	27282	58	27262	8	27262	121	1EA754E27A169C06D7EAA8B405D70331BAA16666A9C25E98A5CB1FB7BA05E408	NumStability.Source.Higham.Chapter09.Section06
route	NumStability.Algorithms.HighamChapter9	NumStability.higham9_14_source_f_bound_of_RectDoolittleDenseLoopCertificate_square_fl_triangular_solves_gamma	NumStability.higham9_14_source_f_bound_of_RectDoolittleDenseLoopCertificate_square_fl_triangular_solves_gamma	NumStability.higham9_14_source_f_bound_of_RectDoolittleDenseLoopCertificate_square_fl_triangular_solves_gamma	NumStability.higham9_14_source_f_bound_of_RectDoolittleDenseLoopCertificate_square_fl_triangular_solves_gamma	authored	27211	0	27232	34	27213	8	27213	104	C3F51D16901D6B8B3759984BDEDAE6692A17237BC8E1286C2E99EC23A0405A25	NumStability.Source.Higham.Chapter09.Section06
route	NumStability.Algorithms.HighamChapter9	NumStability.higham9_14_source_f_bound_of_RectDoolittleDenseLoopCertificate_square_fl_triangular_solves_gamma_le	NumStability.higham9_14_source_f_bound_of_RectDoolittleDenseLoopCertificate_square_fl_triangular_solves_gamma_le	NumStability.higham9_14_source_f_bound_of_RectDoolittleDenseLoopCertificate_square_fl_triangular_solves_gamma_le	NumStability.higham9_14_source_f_bound_of_RectDoolittleDenseLoopCertificate_square_fl_triangular_solves_gamma_le	authored	26569	0	26595	29	26575	8	26575	107	0D453C64250BB4A5556A2A520A72B184BA0518E1023ECF66DD5540EC34F6D970	NumStability.Source.Higham.Chapter09.Section06
route	NumStability.Algorithms.HighamChapter9	NumStability.higham9_14_source_f_bound_of_RectDoolittleRoundedStageTrace_square_fl_triangular_solves_absLU_le_absA_gamma	NumStability.higham9_14_source_f_bound_of_RectDoolittleRoundedStageTrace_square_fl_triangular_solves_absLU_le_absA_gamma	NumStability.higham9_14_source_f_bound_of_RectDoolittleRoundedStageTrace_square_fl_triangular_solves_absLU_le_absA_gamma	NumStability.higham9_14_source_f_bound_of_RectDoolittleRoundedStageTrace_square_fl_triangular_solves_absLU_le_absA_gamma	authored	27706	0	27733	58	27708	8	27708	115	5AB90BD4CF9AD961F8BD69F91010ED0EF6BF54BCC1D1F3253411D79A4C876D40	NumStability.Source.Higham.Chapter09.Section06
route	NumStability.Algorithms.HighamChapter9	NumStability.higham9_14_source_f_bound_of_RectDoolittleRoundedStageTrace_square_fl_triangular_solves_absLU_le_absA_gamma_le	NumStability.higham9_14_source_f_bound_of_RectDoolittleRoundedStageTrace_square_fl_triangular_solves_absLU_le_absA_gamma_le	NumStability.higham9_14_source_f_bound_of_RectDoolittleRoundedStageTrace_square_fl_triangular_solves_absLU_le_absA_gamma_le	NumStability.higham9_14_source_f_bound_of_RectDoolittleRoundedStageTrace_square_fl_triangular_solves_absLU_le_absA_gamma_le	authored	27675	0	27704	58	27677	8	27677	118	75E22BB5C4EAAE3424A30C5BBD61C2A215275A5C3FCD6C94C018587D7E07503D	NumStability.Source.Higham.Chapter09.Section06
route	NumStability.Algorithms.HighamChapter9	NumStability.higham9_14_source_f_bound_of_RectDoolittleRoundedStageTrace_square_fl_triangular_solves_gamma	NumStability.higham9_14_source_f_bound_of_RectDoolittleRoundedStageTrace_square_fl_triangular_solves_gamma	NumStability.higham9_14_source_f_bound_of_RectDoolittleRoundedStageTrace_square_fl_triangular_solves_gamma	NumStability.higham9_14_source_f_bound_of_RectDoolittleRoundedStageTrace_square_fl_triangular_solves_gamma	authored	27646	0	27673	60	27648	8	27648	101	0046F2854FD8AF333639FB21B78875DC430B6D0431F2FD6B432BD3D6325C3669	NumStability.Source.Higham.Chapter09.Section06
route	NumStability.Algorithms.HighamChapter9	NumStability.higham9_14_source_f_bound_of_RectDoolittleRoundedStageTrace_square_fl_triangular_solves_gamma_le	NumStability.higham9_14_source_f_bound_of_RectDoolittleRoundedStageTrace_square_fl_triangular_solves_gamma_le	NumStability.higham9_14_source_f_bound_of_RectDoolittleRoundedStageTrace_square_fl_triangular_solves_gamma_le	NumStability.higham9_14_source_f_bound_of_RectDoolittleRoundedStageTrace_square_fl_triangular_solves_gamma_le	authored	27549	0	27582	29	27555	8	27555	104	88509593422E80C279379EFB45C871CD206DD13E929668998A47A2E8C7E8871A	NumStability.Source.Higham.Chapter09.Section06
route	NumStability.Algorithms.HighamChapter9	NumStability.higham9_14_source_f_bound_of_absLU_le_absA_and_9_20_9_21_models	NumStability.higham9_14_source_f_bound_of_absLU_le_absA_and_9_20_9_21_models	NumStability.higham9_14_source_f_bound_of_absLU_le_absA_and_9_20_9_21_models	NumStability.higham9_14_source_f_bound_of_absLU_le_absA_and_9_20_9_21_models	authored	24068	0	24093	38	24074	8	24074	71	38A012BAD3466DE82729F9C06628A7714546C5C2DB134F2A411E959C89DB2AA3	NumStability.Source.Higham.Chapter09.Section06
route	NumStability.Algorithms.HighamChapter9	NumStability.higham9_14_source_f_bound_of_absLU_le_absA_and_9_20_9_21_models_le	NumStability.higham9_14_source_f_bound_of_absLU_le_absA_and_9_20_9_21_models_le	NumStability.higham9_14_source_f_bound_of_absLU_le_absA_and_9_20_9_21_models_le	NumStability.higham9_14_source_f_bound_of_absLU_le_absA_and_9_20_9_21_models_le	authored	24347	0	24368	38	24349	8	24349	74	F07333C939E97A9CA50D25F526DD7BAF879212758386EFA3D1311A5CF4220FCC	NumStability.Source.Higham.Chapter09.Section06
route	NumStability.Algorithms.HighamChapter9	NumStability.higham9_14_source_f_bound_of_absLU_le_const_absA_and_9_20_9_21_models	NumStability.higham9_14_source_f_bound_of_absLU_le_const_absA_and_9_20_9_21_models	NumStability.higham9_14_source_f_bound_of_absLU_le_const_absA_and_9_20_9_21_models	NumStability.higham9_14_source_f_bound_of_absLU_le_const_absA_and_9_20_9_21_models	authored	23996	0	24030	47	24002	8	24002	77	D1F8EB0255B5D1979C5BFBDAB840049F7972C704E35AF18B73D9D777C0A71CE4	NumStability.Source.Higham.Chapter09.Section06
route	NumStability.Algorithms.HighamChapter9	NumStability.higham9_14_source_f_bound_of_absLU_le_const_absA_and_9_20_9_21_models_le	NumStability.higham9_14_source_f_bound_of_absLU_le_const_absA_and_9_20_9_21_models_le	NumStability.higham9_14_source_f_bound_of_absLU_le_const_absA_and_9_20_9_21_models_le	NumStability.higham9_14_source_f_bound_of_absLU_le_const_absA_and_9_20_9_21_models_le	authored	24290	0	24318	65	24296	8	24296	80	BF98F3A0F9CB9588FE005F76A2C19944C51779449C45CDF004ACB8C83C985F34	NumStability.Source.Higham.Chapter09.Section06
route	NumStability.Algorithms.HighamChapter9	NumStability.higham9_14_source_f_bound_of_rectLiteralDoolittle_exactTargetGaps_square_fl_triangular_solves_gamma	NumStability.higham9_14_source_f_bound_of_rectLiteralDoolittle_exactTargetGaps_square_fl_triangular_solves_gamma	NumStability.higham9_14_source_f_bound_of_rectLiteralDoolittle_exactTargetGaps_square_fl_triangular_solves_gamma	NumStability.higham9_14_source_f_bound_of_rectLiteralDoolittle_exactTargetGaps_square_fl_triangular_solves_gamma	authored	30108	0	30160	57	30110	8	30110	107	AC5CE5F9D0DA3DB339CD5406ABFE11ABBFEB80456B6FA99791D396033C5DE71D	NumStability.Source.Higham.Chapter09.Section06
route	NumStability.Algorithms.HighamChapter9	NumStability.higham9_14_source_f_bound_of_rectLiteralDoolittle_exactTargetGaps_square_fl_triangular_solves_gamma_le	NumStability.higham9_14_source_f_bound_of_rectLiteralDoolittle_exactTargetGaps_square_fl_triangular_solves_gamma_le	NumStability.higham9_14_source_f_bound_of_rectLiteralDoolittle_exactTargetGaps_square_fl_triangular_solves_gamma_le	NumStability.higham9_14_source_f_bound_of_rectLiteralDoolittle_exactTargetGaps_square_fl_triangular_solves_gamma_le	authored	29922	0	29986	29	29930	8	29930	110	C8DF70A6F9400CAB2A455BFB26A6F64BBF67AAAD96697AA3DB4BC241F9AB726B	NumStability.Source.Higham.Chapter09.Section06
route	NumStability.Algorithms.HighamChapter9	NumStability.higham9_14_source_f_bound_of_rectRoundedLoop_square_fl_triangular_solves_absLU_le_absA_gamma	NumStability.higham9_14_source_f_bound_of_rectRoundedLoop_square_fl_triangular_solves_absLU_le_absA_gamma	NumStability.higham9_14_source_f_bound_of_rectRoundedLoop_square_fl_triangular_solves_absLU_le_absA_gamma	NumStability.higham9_14_source_f_bound_of_rectRoundedLoop_square_fl_triangular_solves_absLU_le_absA_gamma	authored	30755	0	30793	58	30757	8	30757	100	E214A2F16DB7FB06D98130F129B14BCE45EE8256ACCD7DF0104FE4B2432D7644	NumStability.Source.Higham.Chapter09.Section06
route	NumStability.Algorithms.HighamChapter9	NumStability.higham9_14_source_f_bound_of_rectRoundedLoop_square_fl_triangular_solves_absLU_le_absA_gamma_le	NumStability.higham9_14_source_f_bound_of_rectRoundedLoop_square_fl_triangular_solves_absLU_le_absA_gamma_le	NumStability.higham9_14_source_f_bound_of_rectRoundedLoop_square_fl_triangular_solves_absLU_le_absA_gamma_le	NumStability.higham9_14_source_f_bound_of_rectRoundedLoop_square_fl_triangular_solves_absLU_le_absA_gamma_le	authored	30714	0	30753	58	30716	8	30716	103	4CA3C86C277290EE0D78D6692B094A2BB6F1A67D37DD74FC06549A6200C293C8	NumStability.Source.Higham.Chapter09.Section06
route	NumStability.Algorithms.HighamChapter9	NumStability.higham9_14_source_f_bound_of_rectRoundedLoop_square_fl_triangular_solves_gamma	NumStability.higham9_14_source_f_bound_of_rectRoundedLoop_square_fl_triangular_solves_gamma	NumStability.higham9_14_source_f_bound_of_rectRoundedLoop_square_fl_triangular_solves_gamma	NumStability.higham9_14_source_f_bound_of_rectRoundedLoop_square_fl_triangular_solves_gamma	authored	30672	0	30712	59	30674	8	30674	86	36DEB92FE0E0F81F470E95E524DDF53E8FC4860E7B7E29FE8B7FE13D98EDC2EC	NumStability.Source.Higham.Chapter09.Section06
route	NumStability.Algorithms.HighamChapter9	NumStability.higham9_14_source_f_bound_of_rectRoundedLoop_square_fl_triangular_solves_gamma_le	NumStability.higham9_14_source_f_bound_of_rectRoundedLoop_square_fl_triangular_solves_gamma_le	NumStability.higham9_14_source_f_bound_of_rectRoundedLoop_square_fl_triangular_solves_gamma_le	NumStability.higham9_14_source_f_bound_of_rectRoundedLoop_square_fl_triangular_solves_gamma_le	authored	30614	0	30670	31	30620	8	30620	89	A0AED63AF8D43EC0505FC37353B9FA5E32DFA5CE62A3A469550A0E4EBA127D82	NumStability.Source.Higham.Chapter09.Section06
route	NumStability.Algorithms.HighamChapter9	NumStability.higham9_14_source_h_bound_of_9_20_9_21_models_absLUhat_bound	NumStability.higham9_14_source_h_bound_of_9_20_9_21_models_absLUhat_bound	NumStability.higham9_14_source_h_bound_of_9_20_9_21_models_absLUhat_bound	NumStability.higham9_14_source_h_bound_of_9_20_9_21_models_absLUhat_bound	authored	23815	0	23840	35	23820	8	23820	68	72FF0A01AE38888F3C1E517C71248047596082CBBB0EB0B36A03AEBD05D44168	NumStability.Source.Higham.Chapter09.Section06
route	NumStability.Algorithms.HighamChapter9	NumStability.higham9_14_source_h_bound_of_9_20_9_21_models_absLUhat_mul_one_sub_bound	NumStability.higham9_14_source_h_bound_of_9_20_9_21_models_absLUhat_mul_one_sub_bound	NumStability.higham9_14_source_h_bound_of_9_20_9_21_models_absLUhat_mul_one_sub_bound	NumStability.higham9_14_source_h_bound_of_9_20_9_21_models_absLUhat_mul_one_sub_bound	authored	23842	0	23869	35	23848	8	23848	80	FDB1553C8B4BBE5DE8FD9950FD966ECC6BB2F1021B6D4C21F04DED4758694530	NumStability.Source.Higham.Chapter09.Section06
route	NumStability.Algorithms.HighamChapter9	NumStability.higham9_14_source_h_bound_of_DoolittleDenseLoopAbsBudgetCertificate_fl_triangular_solves_absLU_le_absA_gamma	NumStability.higham9_14_source_h_bound_of_DoolittleDenseLoopAbsBudgetCertificate_fl_triangular_solves_absLU_le_absA_gamma	NumStability.higham9_14_source_h_bound_of_DoolittleDenseLoopAbsBudgetCertificate_fl_triangular_solves_absLU_le_absA_gamma	NumStability.higham9_14_source_h_bound_of_DoolittleDenseLoopAbsBudgetCertificate_fl_triangular_solves_absLU_le_absA_gamma	authored	26498	0	26519	64	26500	8	26500	116	281F80CCC7E05D8C005DB603660236996FCB51932EBEA54521DEA96646B358F7	NumStability.Source.Higham.Chapter09.Section06
route	NumStability.Algorithms.HighamChapter9	NumStability.higham9_14_source_h_bound_of_DoolittleDenseLoopAbsBudgetCertificate_fl_triangular_solves_absLU_le_absA_gamma_le	NumStability.higham9_14_source_h_bound_of_DoolittleDenseLoopAbsBudgetCertificate_fl_triangular_solves_absLU_le_absA_gamma_le	NumStability.higham9_14_source_h_bound_of_DoolittleDenseLoopAbsBudgetCertificate_fl_triangular_solves_absLU_le_absA_gamma_le	NumStability.higham9_14_source_h_bound_of_DoolittleDenseLoopAbsBudgetCertificate_fl_triangular_solves_absLU_le_absA_gamma_le	authored	26454	0	26475	77	26456	8	26456	119	8522249CB4E08133F86655BC9FC97E17C04B7EA9CEC07B9AC39A7B7C00868FED	NumStability.Source.Higham.Chapter09.Section06
route	NumStability.Algorithms.HighamChapter9	NumStability.higham9_14_source_h_bound_of_DoolittleDenseLoopAbsBudgetCertificate_fl_triangular_solves_const_gamma	NumStability.higham9_14_source_h_bound_of_DoolittleDenseLoopAbsBudgetCertificate_fl_triangular_solves_const_gamma	NumStability.higham9_14_source_h_bound_of_DoolittleDenseLoopAbsBudgetCertificate_fl_triangular_solves_const_gamma	NumStability.higham9_14_source_h_bound_of_DoolittleDenseLoopAbsBudgetCertificate_fl_triangular_solves_const_gamma	authored	26544	0	26567	65	26546	8	26546	108	FFDC7BE5F0A46BA83BE420D1330533B5B755FE1655DD5D7952CB2F9DDD2FA262	NumStability.Source.Higham.Chapter09.Section06
route	NumStability.Algorithms.HighamChapter9	NumStability.higham9_14_source_h_bound_of_DoolittleDenseLoopAbsBudgetCertificate_fl_triangular_solves_const_gamma_le	NumStability.higham9_14_source_h_bound_of_DoolittleDenseLoopAbsBudgetCertificate_fl_triangular_solves_const_gamma_le	NumStability.higham9_14_source_h_bound_of_DoolittleDenseLoopAbsBudgetCertificate_fl_triangular_solves_const_gamma_le	NumStability.higham9_14_source_h_bound_of_DoolittleDenseLoopAbsBudgetCertificate_fl_triangular_solves_const_gamma_le	authored	26218	0	26244	37	26223	8	26223	111	4B188C2CC1DE80516AEC1388F3FA45CFC3757D3BBC98F7A1513F253C7B99E6F6	NumStability.Source.Higham.Chapter09.Section06
route	NumStability.Algorithms.HighamChapter9	NumStability.higham9_14_source_h_bound_of_DoolittleDenseLoopAbsBudgetCertificate_fl_triangular_solves_gamma	NumStability.higham9_14_source_h_bound_of_DoolittleDenseLoopAbsBudgetCertificate_fl_triangular_solves_gamma	NumStability.higham9_14_source_h_bound_of_DoolittleDenseLoopAbsBudgetCertificate_fl_triangular_solves_gamma	NumStability.higham9_14_source_h_bound_of_DoolittleDenseLoopAbsBudgetCertificate_fl_triangular_solves_gamma	authored	26409	0	26431	65	26411	8	26411	102	668719C23B3F7061AFD204CD727AA9800D86CFF5D72EB2718A504E7722E74D3B	NumStability.Source.Higham.Chapter09.Section06
route	NumStability.Algorithms.HighamChapter9	NumStability.higham9_14_source_h_bound_of_DoolittleDenseLoopAbsBudgetCertificate_fl_triangular_solves_gamma_le	NumStability.higham9_14_source_h_bound_of_DoolittleDenseLoopAbsBudgetCertificate_fl_triangular_solves_gamma_le	NumStability.higham9_14_source_h_bound_of_DoolittleDenseLoopAbsBudgetCertificate_fl_triangular_solves_gamma_le	NumStability.higham9_14_source_h_bound_of_DoolittleDenseLoopAbsBudgetCertificate_fl_triangular_solves_gamma_le	authored	25695	0	25721	37	25700	8	25700	105	3BD72ED731F17A8A90DBD17C242CC6078D1CA9092AE6509FD863A364D126F806	NumStability.Source.Higham.Chapter09.Section06
route	NumStability.Algorithms.HighamChapter9	NumStability.higham9_14_source_h_bound_of_DoolittleDenseLoopCertificate_fl_triangular_solves_absLU_le_absA_gamma	NumStability.higham9_14_source_h_bound_of_DoolittleDenseLoopCertificate_fl_triangular_solves_absLU_le_absA_gamma	NumStability.higham9_14_source_h_bound_of_DoolittleDenseLoopCertificate_fl_triangular_solves_absLU_le_absA_gamma	NumStability.higham9_14_source_h_bound_of_DoolittleDenseLoopCertificate_fl_triangular_solves_absLU_le_absA_gamma	authored	26477	0	26496	58	26479	8	26479	107	4475DD187468BD95F7BE7BBABA38E15FCE12762B122B6ED6B86CFDD15888E8FF	NumStability.Source.Higham.Chapter09.Section06
route	NumStability.Algorithms.HighamChapter9	NumStability.higham9_14_source_h_bound_of_DoolittleDenseLoopCertificate_fl_triangular_solves_absLU_le_absA_gamma_le	NumStability.higham9_14_source_h_bound_of_DoolittleDenseLoopCertificate_fl_triangular_solves_absLU_le_absA_gamma_le	NumStability.higham9_14_source_h_bound_of_DoolittleDenseLoopCertificate_fl_triangular_solves_absLU_le_absA_gamma_le	NumStability.higham9_14_source_h_bound_of_DoolittleDenseLoopCertificate_fl_triangular_solves_absLU_le_absA_gamma_le	authored	26433	0	26452	71	26435	8	26435	110	20E1E2ACDEEEBD665D1F81679E74CAAB5E6BFFB254DF29A90F5E68D6D710F800	NumStability.Source.Higham.Chapter09.Section06
route	NumStability.Algorithms.HighamChapter9	NumStability.higham9_14_source_h_bound_of_DoolittleDenseLoopCertificate_fl_triangular_solves_const_gamma	NumStability.higham9_14_source_h_bound_of_DoolittleDenseLoopCertificate_fl_triangular_solves_const_gamma	NumStability.higham9_14_source_h_bound_of_DoolittleDenseLoopCertificate_fl_triangular_solves_const_gamma	NumStability.higham9_14_source_h_bound_of_DoolittleDenseLoopCertificate_fl_triangular_solves_const_gamma	authored	26521	0	26542	44	26523	8	26523	99	4D1D440D87839BC59E8E137D011DBA433409D4374144593BCFD080FBBD126E15	NumStability.Source.Higham.Chapter09.Section06
route	NumStability.Algorithms.HighamChapter9	NumStability.higham9_14_source_h_bound_of_DoolittleDenseLoopCertificate_fl_triangular_solves_const_gamma_le	NumStability.higham9_14_source_h_bound_of_DoolittleDenseLoopCertificate_fl_triangular_solves_const_gamma_le	NumStability.higham9_14_source_h_bound_of_DoolittleDenseLoopCertificate_fl_triangular_solves_const_gamma_le	NumStability.higham9_14_source_h_bound_of_DoolittleDenseLoopCertificate_fl_triangular_solves_const_gamma_le	authored	26191	0	26216	37	26197	8	26197	102	D319D1485F6224212A4E7A863BB0085F88B2017D4E8453A2F42B815D2FF9F003	NumStability.Source.Higham.Chapter09.Section06
route	NumStability.Algorithms.HighamChapter9	NumStability.higham9_14_source_h_bound_of_DoolittleDenseLoopCertificate_fl_triangular_solves_gamma	NumStability.higham9_14_source_h_bound_of_DoolittleDenseLoopCertificate_fl_triangular_solves_gamma	NumStability.higham9_14_source_h_bound_of_DoolittleDenseLoopCertificate_fl_triangular_solves_gamma	NumStability.higham9_14_source_h_bound_of_DoolittleDenseLoopCertificate_fl_triangular_solves_gamma	authored	26387	0	26407	44	26389	8	26389	93	323A0AEF120653792C133CD6D6D84C87E611B264D474780229E5C0BFB6E1D79E	NumStability.Source.Higham.Chapter09.Section06
route	NumStability.Algorithms.HighamChapter9	NumStability.higham9_14_source_h_bound_of_DoolittleDenseLoopCertificate_fl_triangular_solves_gamma_le	NumStability.higham9_14_source_h_bound_of_DoolittleDenseLoopCertificate_fl_triangular_solves_gamma_le	NumStability.higham9_14_source_h_bound_of_DoolittleDenseLoopCertificate_fl_triangular_solves_gamma_le	NumStability.higham9_14_source_h_bound_of_DoolittleDenseLoopCertificate_fl_triangular_solves_gamma_le	authored	25669	0	25693	37	25674	8	25674	96	A0F17569E4F4C841BC1CD92FD08C7AF6349B2CF80D276FC2BA2801E976DA9FDA	NumStability.Source.Higham.Chapter09.Section06
route	NumStability.Algorithms.HighamChapter9	NumStability.higham9_14_source_h_bound_of_LUBackwardError_fl_triangular_solves_absLU_le_absA_gamma	NumStability.higham9_14_source_h_bound_of_LUBackwardError_fl_triangular_solves_absLU_le_absA_gamma	NumStability.higham9_14_source_h_bound_of_LUBackwardError_fl_triangular_solves_absLU_le_absA_gamma	NumStability.higham9_14_source_h_bound_of_LUBackwardError_fl_triangular_solves_absLU_le_absA_gamma	authored	25550	0	25569	59	25552	8	25552	93	42CD1FF288AEAAD499F54AE84FA9BE5476168806245FCEDC7098C628563F5536	NumStability.Source.Higham.Chapter09.Section06
route	NumStability.Algorithms.HighamChapter9	NumStability.higham9_14_source_h_bound_of_LUBackwardError_fl_triangular_solves_absLU_le_absA_gamma_le	NumStability.higham9_14_source_h_bound_of_LUBackwardError_fl_triangular_solves_absLU_le_absA_gamma_le	NumStability.higham9_14_source_h_bound_of_LUBackwardError_fl_triangular_solves_absLU_le_absA_gamma_le	NumStability.higham9_14_source_h_bound_of_LUBackwardError_fl_triangular_solves_absLU_le_absA_gamma_le	authored	25523	0	25548	37	25529	8	25529	96	B6CBCC019D01013EC2238926F34E007D4F1E60004C19ADDA5DB473C0FC661550	NumStability.Source.Higham.Chapter09.Section06
route	NumStability.Algorithms.HighamChapter9	NumStability.higham9_14_source_h_bound_of_LUBackwardError_fl_triangular_solves_const_gamma	NumStability.higham9_14_source_h_bound_of_LUBackwardError_fl_triangular_solves_const_gamma	NumStability.higham9_14_source_h_bound_of_LUBackwardError_fl_triangular_solves_const_gamma	NumStability.higham9_14_source_h_bound_of_LUBackwardError_fl_triangular_solves_const_gamma	authored	24910	0	24931	73	24912	8	24912	85	8A8D61FA44C9E3DF568E054395CB840BAA161AEC72B1BD605F30C7A47463E3F8	NumStability.Source.Higham.Chapter09.Section06
route	NumStability.Algorithms.HighamChapter9	NumStability.higham9_14_source_h_bound_of_LUBackwardError_fl_triangular_solves_const_gamma_le	NumStability.higham9_14_source_h_bound_of_LUBackwardError_fl_triangular_solves_const_gamma_le	NumStability.higham9_14_source_h_bound_of_LUBackwardError_fl_triangular_solves_const_gamma_le	NumStability.higham9_14_source_h_bound_of_LUBackwardError_fl_triangular_solves_const_gamma_le	authored	24872	0	24908	62	24880	8	24880	88	30E07D01EE167A1EE54871B0423DA1A370546A9DA21DB9B65DF9A717EF9832BB	NumStability.Source.Higham.Chapter09.Section06
route	NumStability.Algorithms.HighamChapter9	NumStability.higham9_14_source_h_bound_of_LUBackwardError_fl_triangular_solves_gamma	NumStability.higham9_14_source_h_bound_of_LUBackwardError_fl_triangular_solves_gamma	NumStability.higham9_14_source_h_bound_of_LUBackwardError_fl_triangular_solves_gamma	NumStability.higham9_14_source_h_bound_of_LUBackwardError_fl_triangular_solves_gamma	authored	24976	0	24996	73	24978	8	24978	79	4849997DAF1F6C6EBA7CDECA9BA38E9BD898E75C5682F8BEFEF469D3ADD21D5D	NumStability.Source.Higham.Chapter09.Section06
route	NumStability.Algorithms.HighamChapter9	NumStability.higham9_14_source_h_bound_of_LUBackwardError_fl_triangular_solves_gamma_le	NumStability.higham9_14_source_h_bound_of_LUBackwardError_fl_triangular_solves_gamma_le	NumStability.higham9_14_source_h_bound_of_LUBackwardError_fl_triangular_solves_gamma_le	NumStability.higham9_14_source_h_bound_of_LUBackwardError_fl_triangular_solves_gamma_le	authored	24933	0	24974	35	24939	8	24939	82	9C76EA8949A214767C81B2445701C0C43B859FB6CF67E65243B0C94E5C50EF68	NumStability.Source.Higham.Chapter09.Section06
route	NumStability.Algorithms.HighamChapter9	NumStability.higham9_14_source_h_bound_of_LUFactSpec_fl_triangular_solves_absLU_le_absA_gamma	NumStability.higham9_14_source_h_bound_of_LUFactSpec_fl_triangular_solves_absLU_le_absA_gamma	NumStability.higham9_14_source_h_bound_of_LUFactSpec_fl_triangular_solves_absLU_le_absA_gamma	NumStability.higham9_14_source_h_bound_of_LUFactSpec_fl_triangular_solves_absLU_le_absA_gamma	authored	25592	0	25611	59	25594	8	25594	88	402EE12DA8C86338E49C1BB30F6FE1A6DF82938CBBDD7FC3B9E556ED9A03D85E	NumStability.Source.Higham.Chapter09.Section06
route	NumStability.Algorithms.HighamChapter9	NumStability.higham9_14_source_h_bound_of_LUFactSpec_fl_triangular_solves_absLU_le_absA_gamma_le	NumStability.higham9_14_source_h_bound_of_LUFactSpec_fl_triangular_solves_absLU_le_absA_gamma_le	NumStability.higham9_14_source_h_bound_of_LUFactSpec_fl_triangular_solves_absLU_le_absA_gamma_le	NumStability.higham9_14_source_h_bound_of_LUFactSpec_fl_triangular_solves_absLU_le_absA_gamma_le	authored	25571	0	25590	72	25573	8	25573	91	3F79F8200762FDBF4F59BBDD242314CAD91F3DE23DEF82ED07D2981FB8AB1156	NumStability.Source.Higham.Chapter09.Section06
route	NumStability.Algorithms.HighamChapter9	NumStability.higham9_14_source_h_bound_of_LUFactSpec_fl_triangular_solves_const_gamma	NumStability.higham9_14_source_h_bound_of_LUFactSpec_fl_triangular_solves_const_gamma	NumStability.higham9_14_source_h_bound_of_LUFactSpec_fl_triangular_solves_const_gamma	NumStability.higham9_14_source_h_bound_of_LUFactSpec_fl_triangular_solves_const_gamma	authored	24849	0	24870	45	24851	8	24851	80	7A49FB2826208548095E4C90D58B80D28F03013CCFE640FFD6BE8D3EE8B75AAB	NumStability.Source.Higham.Chapter09.Section06
route	NumStability.Algorithms.HighamChapter9	NumStability.higham9_14_source_h_bound_of_LUFactSpec_fl_triangular_solves_const_gamma_le	NumStability.higham9_14_source_h_bound_of_LUFactSpec_fl_triangular_solves_const_gamma_le	NumStability.higham9_14_source_h_bound_of_LUFactSpec_fl_triangular_solves_const_gamma_le	NumStability.higham9_14_source_h_bound_of_LUFactSpec_fl_triangular_solves_const_gamma_le	authored	24815	0	24847	62	24821	8	24821	83	440103F98A15210983A60791411951AD3E7452FB94FA104E79D8AA3D36882D6F	NumStability.Source.Higham.Chapter09.Section06
route	NumStability.Algorithms.HighamChapter9	NumStability.higham9_14_source_h_bound_of_LUFactSpec_fl_triangular_solves_gamma	NumStability.higham9_14_source_h_bound_of_LUFactSpec_fl_triangular_solves_gamma	NumStability.higham9_14_source_h_bound_of_LUFactSpec_fl_triangular_solves_gamma	NumStability.higham9_14_source_h_bound_of_LUFactSpec_fl_triangular_solves_gamma	authored	25026	0	25046	45	25028	8	25028	74	E02CD87174C1AB445A3DC14C4CCA3CD972C2BB8555477A358BD164C06CC5E29C	NumStability.Source.Higham.Chapter09.Section06
route	NumStability.Algorithms.HighamChapter9	NumStability.higham9_14_source_h_bound_of_LUFactSpec_fl_triangular_solves_gamma_le	NumStability.higham9_14_source_h_bound_of_LUFactSpec_fl_triangular_solves_gamma_le	NumStability.higham9_14_source_h_bound_of_LUFactSpec_fl_triangular_solves_gamma_le	NumStability.higham9_14_source_h_bound_of_LUFactSpec_fl_triangular_solves_gamma_le	authored	24998	0	25024	73	25006	8	25006	77	BE673239A8936C17536470076C69503F33C903EF087863C786C5DF191B755E64	NumStability.Source.Higham.Chapter09.Section06
route	NumStability.Algorithms.HighamChapter9	NumStability.higham9_14_source_h_bound_of_RectDoolittleDenseLoopAbsBudgetCertificate_square_fl_triangular_solves_absLU_le_absA_gamma	NumStability.higham9_14_source_h_bound_of_RectDoolittleDenseLoopAbsBudgetCertificate_square_fl_triangular_solves_absLU_le_absA_gamma	NumStability.higham9_14_source_h_bound_of_RectDoolittleDenseLoopAbsBudgetCertificate_square_fl_triangular_solves_absLU_le_absA_gamma	NumStability.higham9_14_source_h_bound_of_RectDoolittleDenseLoopAbsBudgetCertificate_square_fl_triangular_solves_absLU_le_absA_gamma	authored	27476	0	27498	64	27479	8	27479	127	C4443F57EE785FCF7801E273D00B327050232B554C2293B0605FA257361C806E	NumStability.Source.Higham.Chapter09.Section06
route	NumStability.Algorithms.HighamChapter9	NumStability.higham9_14_source_h_bound_of_RectDoolittleDenseLoopAbsBudgetCertificate_square_fl_triangular_solves_absLU_le_absA_gamma_le	NumStability.higham9_14_source_h_bound_of_RectDoolittleDenseLoopAbsBudgetCertificate_square_fl_triangular_solves_absLU_le_absA_gamma_le	NumStability.higham9_14_source_h_bound_of_RectDoolittleDenseLoopAbsBudgetCertificate_square_fl_triangular_solves_absLU_le_absA_gamma_le	NumStability.higham9_14_source_h_bound_of_RectDoolittleDenseLoopAbsBudgetCertificate_square_fl_triangular_solves_absLU_le_absA_gamma_le	authored	27429	0	27451	77	27432	8	27432	130	ADD22F56463458D221521FEDE3FBE1167891750B079ADD240630EDD409B500D2	NumStability.Source.Higham.Chapter09.Section06
route	NumStability.Algorithms.HighamChapter9	NumStability.higham9_14_source_h_bound_of_RectDoolittleDenseLoopAbsBudgetCertificate_square_fl_triangular_solves_const_gamma	NumStability.higham9_14_source_h_bound_of_RectDoolittleDenseLoopAbsBudgetCertificate_square_fl_triangular_solves_const_gamma	NumStability.higham9_14_source_h_bound_of_RectDoolittleDenseLoopAbsBudgetCertificate_square_fl_triangular_solves_const_gamma	NumStability.higham9_14_source_h_bound_of_RectDoolittleDenseLoopAbsBudgetCertificate_square_fl_triangular_solves_const_gamma	authored	27524	0	27547	65	27526	8	27526	119	BC7C2D7426033B005D152CA776AA49BEFA230FD18423C01937707002CD932333	NumStability.Source.Higham.Chapter09.Section06
route	NumStability.Algorithms.HighamChapter9	NumStability.higham9_14_source_h_bound_of_RectDoolittleDenseLoopAbsBudgetCertificate_square_fl_triangular_solves_const_gamma_le	NumStability.higham9_14_source_h_bound_of_RectDoolittleDenseLoopAbsBudgetCertificate_square_fl_triangular_solves_const_gamma_le	NumStability.higham9_14_source_h_bound_of_RectDoolittleDenseLoopAbsBudgetCertificate_square_fl_triangular_solves_const_gamma_le	NumStability.higham9_14_source_h_bound_of_RectDoolittleDenseLoopAbsBudgetCertificate_square_fl_triangular_solves_const_gamma_le	authored	27186	0	27209	29	27188	8	27188	122	88FC671958AF63BBA19DA1DCEDE818009D34CA7845ACC9345DF8481A48994E33	NumStability.Source.Higham.Chapter09.Section06
route	NumStability.Algorithms.HighamChapter9	NumStability.higham9_14_source_h_bound_of_RectDoolittleDenseLoopAbsBudgetCertificate_square_fl_triangular_solves_gamma	NumStability.higham9_14_source_h_bound_of_RectDoolittleDenseLoopAbsBudgetCertificate_square_fl_triangular_solves_gamma	NumStability.higham9_14_source_h_bound_of_RectDoolittleDenseLoopAbsBudgetCertificate_square_fl_triangular_solves_gamma	NumStability.higham9_14_source_h_bound_of_RectDoolittleDenseLoopAbsBudgetCertificate_square_fl_triangular_solves_gamma	authored	27382	0	27404	65	27384	8	27384	113	10E5A25025A68A8689FEA089064898D794594264424D083CAF6A906999F44881	NumStability.Source.Higham.Chapter09.Section06
route	NumStability.Algorithms.HighamChapter9	NumStability.higham9_14_source_h_bound_of_RectDoolittleDenseLoopAbsBudgetCertificate_square_fl_triangular_solves_gamma_le	NumStability.higham9_14_source_h_bound_of_RectDoolittleDenseLoopAbsBudgetCertificate_square_fl_triangular_solves_gamma_le	NumStability.higham9_14_source_h_bound_of_RectDoolittleDenseLoopAbsBudgetCertificate_square_fl_triangular_solves_gamma_le	NumStability.higham9_14_source_h_bound_of_RectDoolittleDenseLoopAbsBudgetCertificate_square_fl_triangular_solves_gamma_le	authored	26646	0	26669	29	26648	8	26648	116	236795B0D577B0C197494107B739A5FBA4C56F9B162402337810BA81FD553AB4	NumStability.Source.Higham.Chapter09.Section06
route	NumStability.Algorithms.HighamChapter9	NumStability.higham9_14_source_h_bound_of_RectDoolittleDenseLoopCertificate_square_fl_triangular_solves_absLU_le_absA_gamma	NumStability.higham9_14_source_h_bound_of_RectDoolittleDenseLoopCertificate_square_fl_triangular_solves_absLU_le_absA_gamma	NumStability.higham9_14_source_h_bound_of_RectDoolittleDenseLoopCertificate_square_fl_triangular_solves_absLU_le_absA_gamma	NumStability.higham9_14_source_h_bound_of_RectDoolittleDenseLoopCertificate_square_fl_triangular_solves_absLU_le_absA_gamma	authored	27453	0	27474	58	27456	8	27456	118	9228C14DB22BD072FBE4889D529B464844BFCE99EF3C1A76E69FF3A44C9758B3	NumStability.Source.Higham.Chapter09.Section06
route	NumStability.Algorithms.HighamChapter9	NumStability.higham9_14_source_h_bound_of_RectDoolittleDenseLoopCertificate_square_fl_triangular_solves_absLU_le_absA_gamma_le	NumStability.higham9_14_source_h_bound_of_RectDoolittleDenseLoopCertificate_square_fl_triangular_solves_absLU_le_absA_gamma_le	NumStability.higham9_14_source_h_bound_of_RectDoolittleDenseLoopCertificate_square_fl_triangular_solves_absLU_le_absA_gamma_le	NumStability.higham9_14_source_h_bound_of_RectDoolittleDenseLoopCertificate_square_fl_triangular_solves_absLU_le_absA_gamma_le	authored	27406	0	27427	71	27409	8	27409	121	29CD60ED32968B4CC5216223C318E5D7D88BB3F39C19098C2244C763D766BD8E	NumStability.Source.Higham.Chapter09.Section06
route	NumStability.Algorithms.HighamChapter9	NumStability.higham9_14_source_h_bound_of_RectDoolittleDenseLoopCertificate_square_fl_triangular_solves_const_gamma	NumStability.higham9_14_source_h_bound_of_RectDoolittleDenseLoopCertificate_square_fl_triangular_solves_const_gamma	NumStability.higham9_14_source_h_bound_of_RectDoolittleDenseLoopCertificate_square_fl_triangular_solves_const_gamma	NumStability.higham9_14_source_h_bound_of_RectDoolittleDenseLoopCertificate_square_fl_triangular_solves_const_gamma	authored	27500	0	27522	44	27502	8	27502	110	7D1467ADB94F3B4D07E198CA30E4E0FEAA2244024C899A6D941D0F82174F37C2	NumStability.Source.Higham.Chapter09.Section06
route	NumStability.Algorithms.HighamChapter9	NumStability.higham9_14_source_h_bound_of_RectDoolittleDenseLoopCertificate_square_fl_triangular_solves_const_gamma_le	NumStability.higham9_14_source_h_bound_of_RectDoolittleDenseLoopCertificate_square_fl_triangular_solves_const_gamma_le	NumStability.higham9_14_source_h_bound_of_RectDoolittleDenseLoopCertificate_square_fl_triangular_solves_const_gamma_le	NumStability.higham9_14_source_h_bound_of_RectDoolittleDenseLoopCertificate_square_fl_triangular_solves_const_gamma_le	authored	27162	0	27184	29	27164	8	27164	113	D8715D45A90D207BFDE3E748D9BB0EA21A2CBA5E4A45FABCD10887CBA95A86EA	NumStability.Source.Higham.Chapter09.Section06
route	NumStability.Algorithms.HighamChapter9	NumStability.higham9_14_source_h_bound_of_RectDoolittleDenseLoopCertificate_square_fl_triangular_solves_gamma	NumStability.higham9_14_source_h_bound_of_RectDoolittleDenseLoopCertificate_square_fl_triangular_solves_gamma	NumStability.higham9_14_source_h_bound_of_RectDoolittleDenseLoopCertificate_square_fl_triangular_solves_gamma	NumStability.higham9_14_source_h_bound_of_RectDoolittleDenseLoopCertificate_square_fl_triangular_solves_gamma	authored	27359	0	27380	44	27361	8	27361	104	D739EDE8F327DC7B479C3C2B672BAE129C38FB20464CB7859484339C89816CFC	NumStability.Source.Higham.Chapter09.Section06
route	NumStability.Algorithms.HighamChapter9	NumStability.higham9_14_source_h_bound_of_RectDoolittleDenseLoopCertificate_square_fl_triangular_solves_gamma_le	NumStability.higham9_14_source_h_bound_of_RectDoolittleDenseLoopCertificate_square_fl_triangular_solves_gamma_le	NumStability.higham9_14_source_h_bound_of_RectDoolittleDenseLoopCertificate_square_fl_triangular_solves_gamma_le	NumStability.higham9_14_source_h_bound_of_RectDoolittleDenseLoopCertificate_square_fl_triangular_solves_gamma_le	authored	26622	0	26644	29	26624	8	26624	107	03D60B3551E4B7E0BB96CCB9C27B9041544C77F7507BB7278239FF4F462EF47F	NumStability.Source.Higham.Chapter09.Section06
route	NumStability.Algorithms.HighamChapter9	NumStability.higham9_14_source_h_bound_of_RectDoolittleRoundedStageTrace_square_fl_triangular_solves_absLU_le_absA_gamma	NumStability.higham9_14_source_h_bound_of_RectDoolittleRoundedStageTrace_square_fl_triangular_solves_absLU_le_absA_gamma	NumStability.higham9_14_source_h_bound_of_RectDoolittleRoundedStageTrace_square_fl_triangular_solves_absLU_le_absA_gamma	NumStability.higham9_14_source_h_bound_of_RectDoolittleRoundedStageTrace_square_fl_triangular_solves_absLU_le_absA_gamma	authored	27793	0	27820	26	27795	8	27795	115	E2BEB10AFE5AD873AEE8583B4E11AD4B8FF358DE37903A94E2205914F3A5A0FD	NumStability.Source.Higham.Chapter09.Section06
route	NumStability.Algorithms.HighamChapter9	NumStability.higham9_14_source_h_bound_of_RectDoolittleRoundedStageTrace_square_fl_triangular_solves_absLU_le_absA_gamma_le	NumStability.higham9_14_source_h_bound_of_RectDoolittleRoundedStageTrace_square_fl_triangular_solves_absLU_le_absA_gamma_le	NumStability.higham9_14_source_h_bound_of_RectDoolittleRoundedStageTrace_square_fl_triangular_solves_absLU_le_absA_gamma_le	NumStability.higham9_14_source_h_bound_of_RectDoolittleRoundedStageTrace_square_fl_triangular_solves_absLU_le_absA_gamma_le	authored	27764	0	27791	34	27766	8	27766	118	748A053CADB09B486357056ADCC0782DE8B55FC6B36189067DF6C93C80F8B4A4	NumStability.Source.Higham.Chapter09.Section06
route	NumStability.Algorithms.HighamChapter9	NumStability.higham9_14_source_h_bound_of_RectDoolittleRoundedStageTrace_square_fl_triangular_solves_const_gamma	NumStability.higham9_14_source_h_bound_of_RectDoolittleRoundedStageTrace_square_fl_triangular_solves_const_gamma	NumStability.higham9_14_source_h_bound_of_RectDoolittleRoundedStageTrace_square_fl_triangular_solves_const_gamma	NumStability.higham9_14_source_h_bound_of_RectDoolittleRoundedStageTrace_square_fl_triangular_solves_const_gamma	authored	27822	0	27850	70	27824	8	27824	107	FA2A475DB0652C5995F2A4877D7147B950C8D27B81A5730136551CDC56D44C28	NumStability.Source.Higham.Chapter09.Section06
route	NumStability.Algorithms.HighamChapter9	NumStability.higham9_14_source_h_bound_of_RectDoolittleRoundedStageTrace_square_fl_triangular_solves_const_gamma_le	NumStability.higham9_14_source_h_bound_of_RectDoolittleRoundedStageTrace_square_fl_triangular_solves_const_gamma_le	NumStability.higham9_14_source_h_bound_of_RectDoolittleRoundedStageTrace_square_fl_triangular_solves_const_gamma_le	NumStability.higham9_14_source_h_bound_of_RectDoolittleRoundedStageTrace_square_fl_triangular_solves_const_gamma_le	authored	27615	0	27644	29	27617	8	27617	110	DAA3D7A13EEEC0A29640F4C02E44413540EA3DD79FB1B17F7CABD8EBDBD34025	NumStability.Source.Higham.Chapter09.Section06
route	NumStability.Algorithms.HighamChapter9	NumStability.higham9_14_source_h_bound_of_RectDoolittleRoundedStageTrace_square_fl_triangular_solves_gamma	NumStability.higham9_14_source_h_bound_of_RectDoolittleRoundedStageTrace_square_fl_triangular_solves_gamma	NumStability.higham9_14_source_h_bound_of_RectDoolittleRoundedStageTrace_square_fl_triangular_solves_gamma	NumStability.higham9_14_source_h_bound_of_RectDoolittleRoundedStageTrace_square_fl_triangular_solves_gamma	authored	27735	0	27762	70	27737	8	27737	101	5030E042BEE1CDAEB1F6CE7E22D3BCD7270A20CB0C83C2CF056414C2B8BDB854	NumStability.Source.Higham.Chapter09.Section06
route	NumStability.Algorithms.HighamChapter9	NumStability.higham9_14_source_h_bound_of_RectDoolittleRoundedStageTrace_square_fl_triangular_solves_gamma_le	NumStability.higham9_14_source_h_bound_of_RectDoolittleRoundedStageTrace_square_fl_triangular_solves_gamma_le	NumStability.higham9_14_source_h_bound_of_RectDoolittleRoundedStageTrace_square_fl_triangular_solves_gamma_le	NumStability.higham9_14_source_h_bound_of_RectDoolittleRoundedStageTrace_square_fl_triangular_solves_gamma_le	authored	27584	0	27613	29	27586	8	27586	104	FE22D31142B9C79359A78218055B256CE6677FDF61FD74ACA65CCB7FBC317C27	NumStability.Source.Higham.Chapter09.Section06
route	NumStability.Algorithms.HighamChapter9	NumStability.higham9_14_source_h_bound_of_absLU_le_absA_and_9_20_9_21_models	NumStability.higham9_14_source_h_bound_of_absLU_le_absA_and_9_20_9_21_models	NumStability.higham9_14_source_h_bound_of_absLU_le_absA_and_9_20_9_21_models	NumStability.higham9_14_source_h_bound_of_absLU_le_absA_and_9_20_9_21_models	authored	23959	0	23994	13	23965	8	23965	71	1088EE7C706F0C88E32F24A7762D60A6E8A7D2522A34E5C1C104BF5EDF43EA6E	NumStability.Source.Higham.Chapter09.Section06
route	NumStability.Algorithms.HighamChapter9	NumStability.higham9_14_source_h_bound_of_absLU_le_absA_and_9_20_9_21_models_le	NumStability.higham9_14_source_h_bound_of_absLU_le_absA_and_9_20_9_21_models_le	NumStability.higham9_14_source_h_bound_of_absLU_le_absA_and_9_20_9_21_models_le	NumStability.higham9_14_source_h_bound_of_absLU_le_absA_and_9_20_9_21_models_le	authored	24370	0	24393	38	24372	8	24372	74	1F7572798E68FFC8227FECC7756B7DE531C6D1CF8AD61C35E700FC997D743E61	NumStability.Source.Higham.Chapter09.Section06
route	NumStability.Algorithms.HighamChapter9	NumStability.higham9_14_source_h_bound_of_absLU_le_const_absA_and_9_20_9_21_models	NumStability.higham9_14_source_h_bound_of_absLU_le_const_absA_and_9_20_9_21_models	NumStability.higham9_14_source_h_bound_of_absLU_le_const_absA_and_9_20_9_21_models	NumStability.higham9_14_source_h_bound_of_absLU_le_const_absA_and_9_20_9_21_models	authored	24032	0	24066	62	24040	8	24040	77	E4BF578AAB18AFDEB2852170AA196B7E093CE5FA7D24686535B79B79C7C39557	NumStability.Source.Higham.Chapter09.Section06
route	NumStability.Algorithms.HighamChapter9	NumStability.higham9_14_source_h_bound_of_absLU_le_const_absA_and_9_20_9_21_models_le	NumStability.higham9_14_source_h_bound_of_absLU_le_const_absA_and_9_20_9_21_models_le	NumStability.higham9_14_source_h_bound_of_absLU_le_const_absA_and_9_20_9_21_models_le	NumStability.higham9_14_source_h_bound_of_absLU_le_const_absA_and_9_20_9_21_models_le	authored	24320	0	24345	65	24322	8	24322	80	03DCF44775A4FE52F4EA2A5E50F152E36E13A071F8B6C8E72D5699E082B59747	NumStability.Source.Higham.Chapter09.Section06
route	NumStability.Algorithms.HighamChapter9	NumStability.higham9_14_source_h_bound_of_absLUhat_bound	NumStability.higham9_14_source_h_bound_of_absLUhat_bound	NumStability.higham9_14_source_h_bound_of_absLUhat_bound	NumStability.higham9_14_source_h_bound_of_absLUhat_bound	authored	23737	0	23778	12	23743	8	23743	51	7AA3C057B779D6A084CA3E2533DC48EE41B9E9073630CE42BA51C886B2B9ECFA	NumStability.Source.Higham.Chapter09.Section06
route	NumStability.Algorithms.HighamChapter9	NumStability.higham9_14_source_h_bound_of_absLUhat_mul_one_sub_bound	NumStability.higham9_14_source_h_bound_of_absLUhat_mul_one_sub_bound	NumStability.higham9_14_source_h_bound_of_absLUhat_mul_one_sub_bound	NumStability.higham9_14_source_h_bound_of_absLUhat_mul_one_sub_bound	authored	23780	0	23813	77	23786	8	23786	63	ACD0B9E63267392DDE953B03D486C4E54044D07DECB5877C5B6AC6E324B5C70B	NumStability.Source.Higham.Chapter09.Section06
route	NumStability.Algorithms.HighamChapter9	NumStability.higham9_14_source_h_bound_of_rectLiteralDoolittle_exactTargetGaps_square_fl_triangular_solves_const_gamma	NumStability.higham9_14_source_h_bound_of_rectLiteralDoolittle_exactTargetGaps_square_fl_triangular_solves_const_gamma	NumStability.higham9_14_source_h_bound_of_rectLiteralDoolittle_exactTargetGaps_square_fl_triangular_solves_const_gamma	NumStability.higham9_14_source_h_bound_of_rectLiteralDoolittle_exactTargetGaps_square_fl_triangular_solves_const_gamma	authored	30216	0	30269	65	30218	8	30218	113	833C9C8DCEE63A47DE8168235C608C4A3D7AB26B481EE49628D7613662A9672B	NumStability.Source.Higham.Chapter09.Section06
route	NumStability.Algorithms.HighamChapter9	NumStability.higham9_14_source_h_bound_of_rectLiteralDoolittle_exactTargetGaps_square_fl_triangular_solves_const_gamma_le	NumStability.higham9_14_source_h_bound_of_rectLiteralDoolittle_exactTargetGaps_square_fl_triangular_solves_const_gamma_le	NumStability.higham9_14_source_h_bound_of_rectLiteralDoolittle_exactTargetGaps_square_fl_triangular_solves_const_gamma_le	NumStability.higham9_14_source_h_bound_of_rectLiteralDoolittle_exactTargetGaps_square_fl_triangular_solves_const_gamma_le	authored	30048	0	30106	29	30050	8	30050	116	543BC7C1D64279C66797FC8BB7053B1929FB65505E4DAB3CC0C448E7EF627965	NumStability.Source.Higham.Chapter09.Section06
route	NumStability.Algorithms.HighamChapter9	NumStability.higham9_14_source_h_bound_of_rectLiteralDoolittle_exactTargetGaps_square_fl_triangular_solves_gamma	NumStability.higham9_14_source_h_bound_of_rectLiteralDoolittle_exactTargetGaps_square_fl_triangular_solves_gamma	NumStability.higham9_14_source_h_bound_of_rectLiteralDoolittle_exactTargetGaps_square_fl_triangular_solves_gamma	NumStability.higham9_14_source_h_bound_of_rectLiteralDoolittle_exactTargetGaps_square_fl_triangular_solves_gamma	authored	30162	0	30214	65	30164	8	30164	107	DBAF2A472A6BC85190844540558279DF0E7BBF148A7CA38CD3091141627CA748	NumStability.Source.Higham.Chapter09.Section06
route	NumStability.Algorithms.HighamChapter9	NumStability.higham9_14_source_h_bound_of_rectLiteralDoolittle_exactTargetGaps_square_fl_triangular_solves_gamma_le	NumStability.higham9_14_source_h_bound_of_rectLiteralDoolittle_exactTargetGaps_square_fl_triangular_solves_gamma_le	NumStability.higham9_14_source_h_bound_of_rectLiteralDoolittle_exactTargetGaps_square_fl_triangular_solves_gamma_le	NumStability.higham9_14_source_h_bound_of_rectLiteralDoolittle_exactTargetGaps_square_fl_triangular_solves_gamma_le	authored	29988	0	30046	29	29990	8	29990	110	46720ECDFCB1F4072CA4184332311A7B4B8BE7832F165B924199970DBE7C70A5	NumStability.Source.Higham.Chapter09.Section06
route	NumStability.Algorithms.HighamChapter9	NumStability.higham9_14_source_h_bound_of_rectRoundedLoop_square_fl_triangular_solves_absLU_le_absA_gamma	NumStability.higham9_14_source_h_bound_of_rectRoundedLoop_square_fl_triangular_solves_absLU_le_absA_gamma	NumStability.higham9_14_source_h_bound_of_rectRoundedLoop_square_fl_triangular_solves_absLU_le_absA_gamma	NumStability.higham9_14_source_h_bound_of_rectRoundedLoop_square_fl_triangular_solves_absLU_le_absA_gamma	authored	30931	0	30968	69	30933	8	30933	100	45D7736FB1969F7185E27E99C50F7AE27CBFE834C12BAF0ABC05B16FDE5CDFD9	NumStability.Source.Higham.Chapter09.Section06
route	NumStability.Algorithms.HighamChapter9	NumStability.higham9_14_source_h_bound_of_rectRoundedLoop_square_fl_triangular_solves_absLU_le_absA_gamma_le	NumStability.higham9_14_source_h_bound_of_rectRoundedLoop_square_fl_triangular_solves_absLU_le_absA_gamma_le	NumStability.higham9_14_source_h_bound_of_rectRoundedLoop_square_fl_triangular_solves_absLU_le_absA_gamma_le	NumStability.higham9_14_source_h_bound_of_rectRoundedLoop_square_fl_triangular_solves_absLU_le_absA_gamma_le	authored	30891	0	30929	21	30893	8	30893	103	5C68C1CB29FF2F4175256E306FAFCBFDD714A78C4E483DFD36991ACD0C7A4CC9	NumStability.Source.Higham.Chapter09.Section06
route	NumStability.Algorithms.HighamChapter9	NumStability.higham9_14_source_h_bound_of_rectRoundedLoop_square_fl_triangular_solves_const_gamma	NumStability.higham9_14_source_h_bound_of_rectRoundedLoop_square_fl_triangular_solves_const_gamma	NumStability.higham9_14_source_h_bound_of_rectRoundedLoop_square_fl_triangular_solves_const_gamma	NumStability.higham9_14_source_h_bound_of_rectRoundedLoop_square_fl_triangular_solves_const_gamma	authored	31024	0	31065	69	31026	8	31026	92	5D417BE06294C2341C08B554BE047CCEAA1B615FEA0AE7F5E267599BCE8A8F20	NumStability.Source.Higham.Chapter09.Section06
route	NumStability.Algorithms.HighamChapter9	NumStability.higham9_14_source_h_bound_of_rectRoundedLoop_square_fl_triangular_solves_const_gamma_le	NumStability.higham9_14_source_h_bound_of_rectRoundedLoop_square_fl_triangular_solves_const_gamma_le	NumStability.higham9_14_source_h_bound_of_rectRoundedLoop_square_fl_triangular_solves_const_gamma_le	NumStability.higham9_14_source_h_bound_of_rectRoundedLoop_square_fl_triangular_solves_const_gamma_le	authored	30970	0	31022	31	30972	8	30972	95	13853612E923D15EA322836F97396378DB83CB9D355410BA393E8F7FBA1ABA3F	NumStability.Source.Higham.Chapter09.Section06
route	NumStability.Algorithms.HighamChapter9	NumStability.higham9_14_source_h_bound_of_rectRoundedLoop_square_fl_triangular_solves_gamma	NumStability.higham9_14_source_h_bound_of_rectRoundedLoop_square_fl_triangular_solves_gamma	NumStability.higham9_14_source_h_bound_of_rectRoundedLoop_square_fl_triangular_solves_gamma	NumStability.higham9_14_source_h_bound_of_rectRoundedLoop_square_fl_triangular_solves_gamma	authored	30849	0	30889	59	30851	8	30851	86	8B5F1A048F51C9C5427024E84FE07A447062F48CECADAD89AA57F272454DA5A3	NumStability.Source.Higham.Chapter09.Section06
route	NumStability.Algorithms.HighamChapter9	NumStability.higham9_14_source_h_bound_of_rectRoundedLoop_square_fl_triangular_solves_gamma_le	NumStability.higham9_14_source_h_bound_of_rectRoundedLoop_square_fl_triangular_solves_gamma_le	NumStability.higham9_14_source_h_bound_of_rectRoundedLoop_square_fl_triangular_solves_gamma_le	NumStability.higham9_14_source_h_bound_of_rectRoundedLoop_square_fl_triangular_solves_gamma_le	authored	30795	0	30847	31	30797	8	30797	89	270651E30EA30DEC0DB76378C1DC5FD52D6F0F0B3FBDF771ED32ACB18236D843	NumStability.Source.Higham.Chapter09.Section06
route	NumStability.Algorithms.HighamChapter9	NumStability.higham9_14_spd_tridiag_positive_DLT_source_f_bound_actual_triangular_solves	NumStability.higham9_14_spd_tridiag_positive_DLT_source_f_bound_actual_triangular_solves	NumStability.higham9_14_spd_tridiag_positive_DLT_source_f_bound_actual_triangular_solves	NumStability.higham9_14_spd_tridiag_positive_DLT_source_f_bound_actual_triangular_solves	authored	37700	0	37740	35	37706	8	37706	83	0F3590087E666EFD24C8964A46ABC29F8A8AC71622ACD88ECC45D043252D3194	NumStability.Source.Higham.Chapter09.Section06
route	NumStability.Algorithms.HighamChapter9	NumStability.higham9_14_spd_tridiag_positive_DLT_source_f_bound_actual_triangular_solves_gamma	NumStability.higham9_14_spd_tridiag_positive_DLT_source_f_bound_actual_triangular_solves_gamma	NumStability.higham9_14_spd_tridiag_positive_DLT_source_f_bound_actual_triangular_solves_gamma	NumStability.higham9_14_spd_tridiag_positive_DLT_source_f_bound_actual_triangular_solves_gamma	authored	37848	0	37869	46	37850	8	37850	89	7AA38FE4C351842E28CD4FC740BC691370E7BF74666EB71CEBC457833705BBC0	NumStability.Source.Higham.Chapter09.Section06
route	NumStability.Algorithms.HighamChapter9	NumStability.higham9_14_spd_tridiag_positive_DLT_source_f_bound_actual_triangular_solves_of_recurrence	NumStability.higham9_14_spd_tridiag_positive_DLT_source_f_bound_actual_triangular_solves_of_recurrence	NumStability.higham9_14_spd_tridiag_positive_DLT_source_f_bound_actual_triangular_solves_of_recurrence	NumStability.higham9_14_spd_tridiag_positive_DLT_source_f_bound_actual_triangular_solves_of_recurrence	authored	37774	0	37813	21	37781	8	37781	97	4C37D1FD34405EC3BD7027F11D0744EC8F68384581E974B9DD825B814069DEB0	NumStability.Source.Higham.Chapter09.Section06
route	NumStability.Algorithms.HighamChapter9	NumStability.higham9_14_spd_tridiag_positive_DLT_source_f_bound_actual_triangular_solves_of_recurrence_gamma	NumStability.higham9_14_spd_tridiag_positive_DLT_source_f_bound_actual_triangular_solves_of_recurrence_gamma	NumStability.higham9_14_spd_tridiag_positive_DLT_source_f_bound_actual_triangular_solves_of_recurrence_gamma	NumStability.higham9_14_spd_tridiag_positive_DLT_source_f_bound_actual_triangular_solves_of_recurrence_gamma	authored	37894	0	37923	36	37896	8	37896	103	C312BD1F781C093DCEBE738C002AEDBA49CAD60C9A6BCBF8771CA933319BFFF5	NumStability.Source.Higham.Chapter09.Section06
route	NumStability.Algorithms.HighamChapter9	NumStability.higham9_14_spd_tridiag_positive_DLT_source_f_bound_actual_triangular_solves_of_spd	NumStability.higham9_14_spd_tridiag_positive_DLT_source_f_bound_actual_triangular_solves_of_spd	NumStability.higham9_14_spd_tridiag_positive_DLT_source_f_bound_actual_triangular_solves_of_spd	NumStability.higham9_14_spd_tridiag_positive_DLT_source_f_bound_actual_triangular_solves_of_spd	authored	37742	0	37772	15	37750	8	37750	90	BAFDFEB613766D68790E12B8E7D19E653DD26F0F19CB27D6197046C48479091A	NumStability.Source.Higham.Chapter09.Section06
route	NumStability.Algorithms.HighamChapter9	NumStability.higham9_14_spd_tridiag_positive_DLT_source_f_bound_actual_triangular_solves_of_spd_gamma	NumStability.higham9_14_spd_tridiag_positive_DLT_source_f_bound_actual_triangular_solves_of_spd_gamma	NumStability.higham9_14_spd_tridiag_positive_DLT_source_f_bound_actual_triangular_solves_of_spd_gamma	NumStability.higham9_14_spd_tridiag_positive_DLT_source_f_bound_actual_triangular_solves_of_spd_gamma	authored	37871	0	37892	45	37873	8	37873	96	9F893ED4C4E2644236BDA8D64B07BD709AC3E4999D5E9566AFE2B81A997C670E	NumStability.Source.Higham.Chapter09.Section06
route	NumStability.Algorithms.HighamChapter9	NumStability.higham9_14_spd_tridiag_positive_DLT_source_f_bound_actual_triangular_solves_of_spd_recurrence	NumStability.higham9_14_spd_tridiag_positive_DLT_source_f_bound_actual_triangular_solves_of_spd_recurrence	NumStability.higham9_14_spd_tridiag_positive_DLT_source_f_bound_actual_triangular_solves_of_spd_recurrence	NumStability.higham9_14_spd_tridiag_positive_DLT_source_f_bound_actual_triangular_solves_of_spd_recurrence	authored	37815	0	37846	15	37818	8	37818	101	06763077FDF74A3DF31A1324C29E8C0FEF25C1CF1FABCFD4DB3E8EA0E68A66C7	NumStability.Source.Higham.Chapter09.Section06
route	NumStability.Algorithms.HighamChapter9	NumStability.higham9_14_spd_tridiag_positive_DLT_source_f_bound_actual_triangular_solves_of_spd_recurrence_gamma	NumStability.higham9_14_spd_tridiag_positive_DLT_source_f_bound_actual_triangular_solves_of_spd_recurrence_gamma	NumStability.higham9_14_spd_tridiag_positive_DLT_source_f_bound_actual_triangular_solves_of_spd_recurrence_gamma	NumStability.higham9_14_spd_tridiag_positive_DLT_source_f_bound_actual_triangular_solves_of_spd_recurrence_gamma	authored	37925	0	37951	35	37927	8	37927	107	7D84086BC4BBDAD0EB67D5B0A89F34C7B7487FAB1A8D4FB68892FABCD647F12A	NumStability.Source.Higham.Chapter09.Section06
route	NumStability.Algorithms.HighamChapter9	NumStability.higham9_14_spd_tridiag_positive_DLT_source_f_bound_of_RectDoolittleRoundedStageTrace_square_fl_triangular_solves_gamma	NumStability.higham9_14_spd_tridiag_positive_DLT_source_f_bound_of_RectDoolittleRoundedStageTrace_square_fl_triangular_solves_gamma	NumStability.higham9_14_spd_tridiag_positive_DLT_source_f_bound_of_RectDoolittleRoundedStageTrace_square_fl_triangular_solves_gamma	NumStability.higham9_14_spd_tridiag_positive_DLT_source_f_bound_of_RectDoolittleRoundedStageTrace_square_fl_triangular_solves_gamma	authored	28663	0	28691	72	28664	8	28664	126	5C32351F8F93B7BFCFF96D3097F6001DCE21C1DE2B6DA42391CAABE835D77435	NumStability.Source.Higham.Chapter09.Section06
route	NumStability.Algorithms.HighamChapter9	NumStability.higham9_14_spd_tridiag_positive_DLT_source_f_bound_of_RectDoolittleRoundedStageTrace_square_fl_triangular_solves_gamma_le	NumStability.higham9_14_spd_tridiag_positive_DLT_source_f_bound_of_RectDoolittleRoundedStageTrace_square_fl_triangular_solves_gamma_le	NumStability.higham9_14_spd_tridiag_positive_DLT_source_f_bound_of_RectDoolittleRoundedStageTrace_square_fl_triangular_solves_gamma_le	NumStability.higham9_14_spd_tridiag_positive_DLT_source_f_bound_of_RectDoolittleRoundedStageTrace_square_fl_triangular_solves_gamma_le	authored	28574	0	28619	63	28579	8	28579	129	EA605F4E38CAF4229BE76589191C88A1D6E10CF66BABBD0E5518F6D233822AEC	NumStability.Source.Higham.Chapter09.Section06
route	NumStability.Algorithms.HighamChapter9	NumStability.higham9_14_spd_tridiag_positive_DLT_source_f_bound_of_models	NumStability.higham9_14_spd_tridiag_positive_DLT_source_f_bound_of_models	NumStability.higham9_14_spd_tridiag_positive_DLT_source_f_bound_of_models	NumStability.higham9_14_spd_tridiag_positive_DLT_source_f_bound_of_models	authored	36870	0	36905	35	36876	8	36876	68	9096EB993733EA5B79322F922D33E743889C8D6E4B6C3C6D71B761B0B12BDF69	NumStability.Source.Higham.Chapter09.Section06
route	NumStability.Algorithms.HighamChapter9	NumStability.higham9_14_spd_tridiag_positive_DLT_source_f_bound_of_models_gamma	NumStability.higham9_14_spd_tridiag_positive_DLT_source_f_bound_of_models_gamma	NumStability.higham9_14_spd_tridiag_positive_DLT_source_f_bound_of_models_gamma	NumStability.higham9_14_spd_tridiag_positive_DLT_source_f_bound_of_models_gamma	authored	37176	0	37199	62	37177	8	37177	74	D8E86EF6A94ACCCD8DA895C25C2E163E1700362567245129586F0EE025792B24	NumStability.Source.Higham.Chapter09.Section06
route	NumStability.Algorithms.HighamChapter9	NumStability.higham9_14_spd_tridiag_positive_DLT_source_f_bound_of_rectRoundedLoop_square_fl_triangular_solves_gamma	NumStability.higham9_14_spd_tridiag_positive_DLT_source_f_bound_of_rectRoundedLoop_square_fl_triangular_solves_gamma	NumStability.higham9_14_spd_tridiag_positive_DLT_source_f_bound_of_rectRoundedLoop_square_fl_triangular_solves_gamma	NumStability.higham9_14_spd_tridiag_positive_DLT_source_f_bound_of_rectRoundedLoop_square_fl_triangular_solves_gamma	authored	32226	0	32269	69	32228	8	32228	111	5D97124C11EEDA760806EBAD5BA958C2444F06C10E2136A39BD8DFB6DD1BF227	NumStability.Source.Higham.Chapter09.Section06
route	NumStability.Algorithms.HighamChapter9	NumStability.higham9_14_spd_tridiag_positive_DLT_source_f_bound_of_rectRoundedLoop_square_fl_triangular_solves_gamma_le	NumStability.higham9_14_spd_tridiag_positive_DLT_source_f_bound_of_rectRoundedLoop_square_fl_triangular_solves_gamma_le	NumStability.higham9_14_spd_tridiag_positive_DLT_source_f_bound_of_rectRoundedLoop_square_fl_triangular_solves_gamma_le	NumStability.higham9_14_spd_tridiag_positive_DLT_source_f_bound_of_rectRoundedLoop_square_fl_triangular_solves_gamma_le	authored	32095	0	32161	49	32101	8	32101	114	DA2BB6196DAEAB60958BCA21985E7920C765EACD855EB801A683592C0B2ACE2D	NumStability.Source.Higham.Chapter09.Section06
route	NumStability.Algorithms.HighamChapter9	NumStability.higham9_14_spd_tridiag_positive_DLT_source_f_bound_of_recurrence	NumStability.higham9_14_spd_tridiag_positive_DLT_source_f_bound_of_recurrence	NumStability.higham9_14_spd_tridiag_positive_DLT_source_f_bound_of_recurrence	NumStability.higham9_14_spd_tridiag_positive_DLT_source_f_bound_of_recurrence	authored	36907	0	36941	47	36909	8	36909	72	12CA36E5EE281CA885BE0106D4533EE2EE12EC13F63B5F6D7A792D9F55C80715	NumStability.Source.Higham.Chapter09.Section06
route	NumStability.Algorithms.HighamChapter9	NumStability.higham9_14_spd_tridiag_positive_DLT_source_f_bound_of_recurrence_gamma	NumStability.higham9_14_spd_tridiag_positive_DLT_source_f_bound_of_recurrence_gamma	NumStability.higham9_14_spd_tridiag_positive_DLT_source_f_bound_of_recurrence_gamma	NumStability.higham9_14_spd_tridiag_positive_DLT_source_f_bound_of_recurrence_gamma	authored	37201	0	37232	52	37203	8	37203	78	474E7EFD2FCA597C414DD57999BB51E051C774298694A4524C94E5B2D57326EF	NumStability.Source.Higham.Chapter09.Section06
route	NumStability.Algorithms.HighamChapter9	NumStability.higham9_14_spd_tridiag_positive_DLT_source_f_bound_of_spd_RectDoolittleRoundedStageTrace_square_fl_triangular_solves_gamma	NumStability.higham9_14_spd_tridiag_positive_DLT_source_f_bound_of_spd_RectDoolittleRoundedStageTrace_square_fl_triangular_solves_gamma	NumStability.higham9_14_spd_tridiag_positive_DLT_source_f_bound_of_spd_RectDoolittleRoundedStageTrace_square_fl_triangular_solves_gamma	NumStability.higham9_14_spd_tridiag_positive_DLT_source_f_bound_of_spd_RectDoolittleRoundedStageTrace_square_fl_triangular_solves_gamma	authored	28791	0	28821	41	28793	8	28793	130	856A8678736172449EF6D48A0DE36258023E5F59B0B124B5C74CC4D60299B9F5	NumStability.Source.Higham.Chapter09.Section06
route	NumStability.Algorithms.HighamChapter9	NumStability.higham9_14_spd_tridiag_positive_DLT_source_f_bound_of_spd_RectDoolittleRoundedStageTrace_square_fl_triangular_solves_gamma_le	NumStability.higham9_14_spd_tridiag_positive_DLT_source_f_bound_of_spd_RectDoolittleRoundedStageTrace_square_fl_triangular_solves_gamma_le	NumStability.higham9_14_spd_tridiag_positive_DLT_source_f_bound_of_spd_RectDoolittleRoundedStageTrace_square_fl_triangular_solves_gamma_le	NumStability.higham9_14_spd_tridiag_positive_DLT_source_f_bound_of_spd_RectDoolittleRoundedStageTrace_square_fl_triangular_solves_gamma_le	authored	28725	0	28756	49	28727	8	28727	133	E4F60BB8C5D8993A5214936E30FDAB87A2CDC2F386BBE2EAD1E6611EF38EACFA	NumStability.Source.Higham.Chapter09.Section06
route	NumStability.Algorithms.HighamChapter9	NumStability.higham9_14_spd_tridiag_positive_DLT_source_f_bound_of_spd_rectRoundedLoop_square_fl_triangular_solves_gamma	NumStability.higham9_14_spd_tridiag_positive_DLT_source_f_bound_of_spd_rectRoundedLoop_square_fl_triangular_solves_gamma	NumStability.higham9_14_spd_tridiag_positive_DLT_source_f_bound_of_spd_rectRoundedLoop_square_fl_triangular_solves_gamma	NumStability.higham9_14_spd_tridiag_positive_DLT_source_f_bound_of_spd_rectRoundedLoop_square_fl_triangular_solves_gamma	authored	32411	0	32455	41	32413	8	32413	115	0DFCB7FE662E5FF9906F7B7E1436BF124175231B52502698D478A3FDCA31E3E9	NumStability.Source.Higham.Chapter09.Section06
route	NumStability.Algorithms.HighamChapter9	NumStability.higham9_14_spd_tridiag_positive_DLT_source_f_bound_of_spd_rectRoundedLoop_square_fl_triangular_solves_gamma_le	NumStability.higham9_14_spd_tridiag_positive_DLT_source_f_bound_of_spd_rectRoundedLoop_square_fl_triangular_solves_gamma_le	NumStability.higham9_14_spd_tridiag_positive_DLT_source_f_bound_of_spd_rectRoundedLoop_square_fl_triangular_solves_gamma_le	NumStability.higham9_14_spd_tridiag_positive_DLT_source_f_bound_of_spd_rectRoundedLoop_square_fl_triangular_solves_gamma_le	authored	32317	0	32362	49	32319	8	32319	118	CB1A74A30243F7F3E3E4348E87A910188D96B8F516DDC020942ED59A466C64CC	NumStability.Source.Higham.Chapter09.Section06
route	NumStability.Algorithms.HighamChapter9	NumStability.higham9_14_spd_tridiag_positive_DLT_source_h_bound_actual_triangular_solves	NumStability.higham9_14_spd_tridiag_positive_DLT_source_h_bound_actual_triangular_solves	NumStability.higham9_14_spd_tridiag_positive_DLT_source_h_bound_actual_triangular_solves	NumStability.higham9_14_spd_tridiag_positive_DLT_source_h_bound_actual_triangular_solves	authored	38115	0	38151	56	38122	8	38122	83	1E769B4A41B3881E2470EDAA9DB2CFDBA6508179479C8F2729711DE7ED4E2E42	NumStability.Source.Higham.Chapter09.Section06
route	NumStability.Algorithms.HighamChapter9	NumStability.higham9_14_spd_tridiag_positive_DLT_source_h_bound_actual_triangular_solves_gamma	NumStability.higham9_14_spd_tridiag_positive_DLT_source_h_bound_actual_triangular_solves_gamma	NumStability.higham9_14_spd_tridiag_positive_DLT_source_h_bound_actual_triangular_solves_gamma	NumStability.higham9_14_spd_tridiag_positive_DLT_source_h_bound_actual_triangular_solves_gamma	authored	38247	0	38269	56	38249	8	38249	89	18888EA7C962FA1E61B6C84EF47BA96A485D817A405950369A7D60402AF049A2	NumStability.Source.Higham.Chapter09.Section06
route	NumStability.Algorithms.HighamChapter9	NumStability.higham9_14_spd_tridiag_positive_DLT_source_h_bound_actual_triangular_solves_of_recurrence	NumStability.higham9_14_spd_tridiag_positive_DLT_source_h_bound_actual_triangular_solves_of_recurrence	NumStability.higham9_14_spd_tridiag_positive_DLT_source_h_bound_actual_triangular_solves_of_recurrence	NumStability.higham9_14_spd_tridiag_positive_DLT_source_h_bound_actual_triangular_solves_of_recurrence	authored	38179	0	38213	21	38181	8	38181	97	A6FEF7168DDC9B4F60FADD0371588B8D4BCAD584FDD76621E24C885C0AEC4AF3	NumStability.Source.Higham.Chapter09.Section06
route	NumStability.Algorithms.HighamChapter9	NumStability.higham9_14_spd_tridiag_positive_DLT_source_h_bound_actual_triangular_solves_of_recurrence_gamma	NumStability.higham9_14_spd_tridiag_positive_DLT_source_h_bound_actual_triangular_solves_of_recurrence_gamma	NumStability.higham9_14_spd_tridiag_positive_DLT_source_h_bound_actual_triangular_solves_of_recurrence_gamma	NumStability.higham9_14_spd_tridiag_positive_DLT_source_h_bound_actual_triangular_solves_of_recurrence_gamma	authored	38295	0	38325	46	38297	8	38297	103	9792C4CDF74E196BAD0E7DF6BCB9F15885549BFBBD8175D3A432000BF9A222B5	NumStability.Source.Higham.Chapter09.Section06
route	NumStability.Algorithms.HighamChapter9	NumStability.higham9_14_spd_tridiag_positive_DLT_source_h_bound_actual_triangular_solves_of_spd	NumStability.higham9_14_spd_tridiag_positive_DLT_source_h_bound_actual_triangular_solves_of_spd	NumStability.higham9_14_spd_tridiag_positive_DLT_source_h_bound_actual_triangular_solves_of_spd	NumStability.higham9_14_spd_tridiag_positive_DLT_source_h_bound_actual_triangular_solves_of_spd	authored	38153	0	38177	15	38155	8	38155	90	44261C7EEADA26A7115F29FFD2EF29C47D1080E03B0D1DE814D7F55F5FBDB9E2	NumStability.Source.Higham.Chapter09.Section06
route	NumStability.Algorithms.HighamChapter9	NumStability.higham9_14_spd_tridiag_positive_DLT_source_h_bound_actual_triangular_solves_of_spd_gamma	NumStability.higham9_14_spd_tridiag_positive_DLT_source_h_bound_actual_triangular_solves_of_spd_gamma	NumStability.higham9_14_spd_tridiag_positive_DLT_source_h_bound_actual_triangular_solves_of_spd_gamma	NumStability.higham9_14_spd_tridiag_positive_DLT_source_h_bound_actual_triangular_solves_of_spd_gamma	authored	38271	0	38293	55	38273	8	38273	96	F8D0E9D30851BF6A35359883265590A12F4E23335053505710352791EF92A174	NumStability.Source.Higham.Chapter09.Section06
route	NumStability.Algorithms.HighamChapter9	NumStability.higham9_14_spd_tridiag_positive_DLT_source_h_bound_actual_triangular_solves_of_spd_recurrence	NumStability.higham9_14_spd_tridiag_positive_DLT_source_h_bound_actual_triangular_solves_of_spd_recurrence	NumStability.higham9_14_spd_tridiag_positive_DLT_source_h_bound_actual_triangular_solves_of_spd_recurrence	NumStability.higham9_14_spd_tridiag_positive_DLT_source_h_bound_actual_triangular_solves_of_spd_recurrence	authored	38215	0	38245	15	38217	8	38217	101	1782EE07FA2F3393BD3A1A224B320CC96624085D704828B95353F90A0FE642D5	NumStability.Source.Higham.Chapter09.Section06
route	NumStability.Algorithms.HighamChapter9	NumStability.higham9_14_spd_tridiag_positive_DLT_source_h_bound_actual_triangular_solves_of_spd_recurrence_gamma	NumStability.higham9_14_spd_tridiag_positive_DLT_source_h_bound_actual_triangular_solves_of_spd_recurrence_gamma	NumStability.higham9_14_spd_tridiag_positive_DLT_source_h_bound_actual_triangular_solves_of_spd_recurrence_gamma	NumStability.higham9_14_spd_tridiag_positive_DLT_source_h_bound_actual_triangular_solves_of_spd_recurrence_gamma	authored	38327	0	38354	45	38329	8	38329	107	0300EED08FED315AA95DF2F3012F740110FDFA61E74A0534B9C2F6C7739E3459	NumStability.Source.Higham.Chapter09.Section06
route	NumStability.Algorithms.HighamChapter9	NumStability.higham9_14_spd_tridiag_positive_DLT_source_h_bound_of_RectDoolittleRoundedStageTrace_square_fl_triangular_solves_gamma	NumStability.higham9_14_spd_tridiag_positive_DLT_source_h_bound_of_RectDoolittleRoundedStageTrace_square_fl_triangular_solves_gamma	NumStability.higham9_14_spd_tridiag_positive_DLT_source_h_bound_of_RectDoolittleRoundedStageTrace_square_fl_triangular_solves_gamma	NumStability.higham9_14_spd_tridiag_positive_DLT_source_h_bound_of_RectDoolittleRoundedStageTrace_square_fl_triangular_solves_gamma	authored	28693	0	28723	36	28694	8	28694	126	6CC90CEE12AFBDC84B31769D7C25F416D1706049751F3DB1B6A8B48170C3485B	NumStability.Source.Higham.Chapter09.Section06
route	NumStability.Algorithms.HighamChapter9	NumStability.higham9_14_spd_tridiag_positive_DLT_source_h_bound_of_RectDoolittleRoundedStageTrace_square_fl_triangular_solves_gamma_le	NumStability.higham9_14_spd_tridiag_positive_DLT_source_h_bound_of_RectDoolittleRoundedStageTrace_square_fl_triangular_solves_gamma_le	NumStability.higham9_14_spd_tridiag_positive_DLT_source_h_bound_of_RectDoolittleRoundedStageTrace_square_fl_triangular_solves_gamma_le	NumStability.higham9_14_spd_tridiag_positive_DLT_source_h_bound_of_RectDoolittleRoundedStageTrace_square_fl_triangular_solves_gamma_le	authored	28621	0	28661	60	28622	8	28622	129	F9FE5D383AF5BDE5108FFEA310C90D0AD59D5EB9CF4D799C914E9606B9DC6A06	NumStability.Source.Higham.Chapter09.Section06
route	NumStability.Algorithms.HighamChapter9	NumStability.higham9_14_spd_tridiag_positive_DLT_source_h_bound_of_models	NumStability.higham9_14_spd_tridiag_positive_DLT_source_h_bound_of_models	NumStability.higham9_14_spd_tridiag_positive_DLT_source_h_bound_of_models	NumStability.higham9_14_spd_tridiag_positive_DLT_source_h_bound_of_models	authored	36710	0	36739	35	36715	8	36715	68	E3CCA18B7CBBC078216F4FBE0F19461C12B9D3044449D1D19B04173825B217BD	NumStability.Source.Higham.Chapter09.Section06
route	NumStability.Algorithms.HighamChapter9	NumStability.higham9_14_spd_tridiag_positive_DLT_source_h_bound_of_models_gamma	NumStability.higham9_14_spd_tridiag_positive_DLT_source_h_bound_of_models_gamma	NumStability.higham9_14_spd_tridiag_positive_DLT_source_h_bound_of_models_gamma	NumStability.higham9_14_spd_tridiag_positive_DLT_source_h_bound_of_models_gamma	authored	37036	0	37061	72	37038	8	37038	74	E67A5DAE70871D4743FB16A6F80622AAA5A2D5E3536BACC12714EEDC672B6BE3	NumStability.Source.Higham.Chapter09.Section06
route	NumStability.Algorithms.HighamChapter9	NumStability.higham9_14_spd_tridiag_positive_DLT_source_h_bound_of_rectRoundedLoop_square_fl_triangular_solves_gamma	NumStability.higham9_14_spd_tridiag_positive_DLT_source_h_bound_of_rectRoundedLoop_square_fl_triangular_solves_gamma	NumStability.higham9_14_spd_tridiag_positive_DLT_source_h_bound_of_rectRoundedLoop_square_fl_triangular_solves_gamma	NumStability.higham9_14_spd_tridiag_positive_DLT_source_h_bound_of_rectRoundedLoop_square_fl_triangular_solves_gamma	authored	32271	0	32315	69	32273	8	32273	111	B1DE94ADC58CF8AD6BD2C45DA0D7F029715D3A31CF88078752CA9361731F7EDF	NumStability.Source.Higham.Chapter09.Section06
route	NumStability.Algorithms.HighamChapter9	NumStability.higham9_14_spd_tridiag_positive_DLT_source_h_bound_of_rectRoundedLoop_square_fl_triangular_solves_gamma_le	NumStability.higham9_14_spd_tridiag_positive_DLT_source_h_bound_of_rectRoundedLoop_square_fl_triangular_solves_gamma_le	NumStability.higham9_14_spd_tridiag_positive_DLT_source_h_bound_of_rectRoundedLoop_square_fl_triangular_solves_gamma_le	NumStability.higham9_14_spd_tridiag_positive_DLT_source_h_bound_of_rectRoundedLoop_square_fl_triangular_solves_gamma_le	authored	32163	0	32224	46	32165	8	32165	114	574CB01974A4285C85B14A4F84C336A3A77C09EE2A961F33E79E8FD547800B66	NumStability.Source.Higham.Chapter09.Section06
route	NumStability.Algorithms.HighamChapter9	NumStability.higham9_14_spd_tridiag_positive_DLT_source_h_bound_of_recurrence	NumStability.higham9_14_spd_tridiag_positive_DLT_source_h_bound_of_recurrence	NumStability.higham9_14_spd_tridiag_positive_DLT_source_h_bound_of_recurrence	NumStability.higham9_14_spd_tridiag_positive_DLT_source_h_bound_of_recurrence	authored	36741	0	36780	47	36748	8	36748	72	98AAAF9B1E0628A439127941BCB9830A79099865159A391D8203A38DDCA1137C	NumStability.Source.Higham.Chapter09.Section06
route	NumStability.Algorithms.HighamChapter9	NumStability.higham9_14_spd_tridiag_positive_DLT_source_h_bound_of_recurrence_gamma	NumStability.higham9_14_spd_tridiag_positive_DLT_source_h_bound_of_recurrence_gamma	NumStability.higham9_14_spd_tridiag_positive_DLT_source_h_bound_of_recurrence_gamma	NumStability.higham9_14_spd_tridiag_positive_DLT_source_h_bound_of_recurrence_gamma	authored	37063	0	37095	62	37065	8	37065	78	D90F9EBA1ED9F94283703C988FEB13497A04696B26147CE600D7A049F43B4B48	NumStability.Source.Higham.Chapter09.Section06
route	NumStability.Algorithms.HighamChapter9	NumStability.higham9_14_spd_tridiag_positive_DLT_source_h_bound_of_spd_RectDoolittleRoundedStageTrace_square_fl_triangular_solves_gamma	NumStability.higham9_14_spd_tridiag_positive_DLT_source_h_bound_of_spd_RectDoolittleRoundedStageTrace_square_fl_triangular_solves_gamma	NumStability.higham9_14_spd_tridiag_positive_DLT_source_h_bound_of_spd_RectDoolittleRoundedStageTrace_square_fl_triangular_solves_gamma	NumStability.higham9_14_spd_tridiag_positive_DLT_source_h_bound_of_spd_RectDoolittleRoundedStageTrace_square_fl_triangular_solves_gamma	authored	28823	0	28854	41	28825	8	28825	130	74759A23F9A8E95D16BFA606C3B6AB8F6F61DBCDE0786A920F7DE3347AF1CFF6	NumStability.Source.Higham.Chapter09.Section06
route	NumStability.Algorithms.HighamChapter9	NumStability.higham9_14_spd_tridiag_positive_DLT_source_h_bound_of_spd_RectDoolittleRoundedStageTrace_square_fl_triangular_solves_gamma_le	NumStability.higham9_14_spd_tridiag_positive_DLT_source_h_bound_of_spd_RectDoolittleRoundedStageTrace_square_fl_triangular_solves_gamma_le	NumStability.higham9_14_spd_tridiag_positive_DLT_source_h_bound_of_spd_RectDoolittleRoundedStageTrace_square_fl_triangular_solves_gamma_le	NumStability.higham9_14_spd_tridiag_positive_DLT_source_h_bound_of_spd_RectDoolittleRoundedStageTrace_square_fl_triangular_solves_gamma_le	authored	28758	0	28789	49	28760	8	28760	133	F9A49D161121F5611CCAFFC825000C91A7BB240FD6041551908961C785C326F5	NumStability.Source.Higham.Chapter09.Section06
route	NumStability.Algorithms.HighamChapter9	NumStability.higham9_14_spd_tridiag_positive_DLT_source_h_bound_of_spd_rectRoundedLoop_square_fl_triangular_solves_gamma	NumStability.higham9_14_spd_tridiag_positive_DLT_source_h_bound_of_spd_rectRoundedLoop_square_fl_triangular_solves_gamma	NumStability.higham9_14_spd_tridiag_positive_DLT_source_h_bound_of_spd_rectRoundedLoop_square_fl_triangular_solves_gamma	NumStability.higham9_14_spd_tridiag_positive_DLT_source_h_bound_of_spd_rectRoundedLoop_square_fl_triangular_solves_gamma	authored	32457	0	32502	41	32459	8	32459	115	E327490716F33242A16B7AC8732B3ACC835AF8A378D094A800002B1FC552225F	NumStability.Source.Higham.Chapter09.Section06
route	NumStability.Algorithms.HighamChapter9	NumStability.higham9_14_spd_tridiag_positive_DLT_source_h_bound_of_spd_rectRoundedLoop_square_fl_triangular_solves_gamma_le	NumStability.higham9_14_spd_tridiag_positive_DLT_source_h_bound_of_spd_rectRoundedLoop_square_fl_triangular_solves_gamma_le	NumStability.higham9_14_spd_tridiag_positive_DLT_source_h_bound_of_spd_rectRoundedLoop_square_fl_triangular_solves_gamma_le	NumStability.higham9_14_spd_tridiag_positive_DLT_source_h_bound_of_spd_rectRoundedLoop_square_fl_triangular_solves_gamma_le	authored	32364	0	32409	49	32366	8	32366	118	FE6135A9AF717593554CCFB714A7F8B68574FEE8D4C711CE94BF8789582BF466	NumStability.Source.Higham.Chapter09.Section06
route	NumStability.Algorithms.HighamChapter9	NumStability.higham9_14_tridiag_colDiagDom_fu_bound_from_LUFactSpec	NumStability.higham9_14_tridiag_colDiagDom_fu_bound_from_LUFactSpec	NumStability.higham9_14_tridiag_colDiagDom_fu_bound_from_LUFactSpec	NumStability.higham9_14_tridiag_colDiagDom_fu_bound_from_LUFactSpec	authored	23094	0	23128	49	23101	8	23101	62	ACA6A5FD4A3FD50C11F7187A386FB04D3BD1A20C7F50DF7FDE3EE2FCEF933C99	NumStability.Source.Higham.Chapter09.Section06
route	NumStability.Algorithms.HighamChapter9	NumStability.higham9_14_tridiag_colDiagDom_fu_bound_from_builders	NumStability.higham9_14_tridiag_colDiagDom_fu_bound_from_builders	NumStability.higham9_14_tridiag_colDiagDom_fu_bound_from_builders	NumStability.higham9_14_tridiag_colDiagDom_fu_bound_from_builders	authored	22901	0	22954	23	22907	8	22907	60	CB0E89094A04C31721A5EB7B17FA59D79A85315D12CED6328064E81677AFAC46	NumStability.Source.Higham.Chapter09.Section06
route	NumStability.Algorithms.HighamChapter9	NumStability.higham9_14_tridiag_colDiagDom_fu_bound_from_recurrence	NumStability.higham9_14_tridiag_colDiagDom_fu_bound_from_recurrence	NumStability.higham9_14_tridiag_colDiagDom_fu_bound_from_recurrence	NumStability.higham9_14_tridiag_colDiagDom_fu_bound_from_recurrence	authored	23005	0	23050	23	23011	8	23011	62	9709937B3F4811CEAE47B1E2FA06FBAA767F22EF1116AAF8455651D2C99CD7E7	NumStability.Source.Higham.Chapter09.Section06
route	NumStability.Algorithms.HighamChapter9	NumStability.higham9_14_tridiag_colDiagDom_source_f_bound_from_LUBackwardError_fl_triangular_solves	NumStability.higham9_14_tridiag_colDiagDom_source_f_bound_from_LUBackwardError_fl_triangular_solves	NumStability.higham9_14_tridiag_colDiagDom_source_f_bound_from_LUBackwardError_fl_triangular_solves	NumStability.higham9_14_tridiag_colDiagDom_source_f_bound_from_LUBackwardError_fl_triangular_solves	authored	35401	0	35431	49	35409	8	35409	94	40013457A25759E1D5A7D2432B86D1C0C960E3DC22EB5B4C00DAB632A98B7F55	NumStability.Source.Higham.Chapter09.Section06
route	NumStability.Algorithms.HighamChapter9	NumStability.higham9_14_tridiag_colDiagDom_source_f_bound_from_LUBackwardError_fl_triangular_solves_gamma	NumStability.higham9_14_tridiag_colDiagDom_source_f_bound_from_LUBackwardError_fl_triangular_solves_gamma	NumStability.higham9_14_tridiag_colDiagDom_source_f_bound_from_LUBackwardError_fl_triangular_solves_gamma	NumStability.higham9_14_tridiag_colDiagDom_source_f_bound_from_LUBackwardError_fl_triangular_solves_gamma	authored	36416	0	36438	51	36418	8	36418	100	374166F1B14241E29B84DB7B2788C32B86E223FB4131A3D9E148BC845409E622	NumStability.Source.Higham.Chapter09.Section06
route	NumStability.Algorithms.HighamChapter9	NumStability.higham9_14_tridiag_colDiagDom_source_f_bound_from_LUFactSpec	NumStability.higham9_14_tridiag_colDiagDom_source_f_bound_from_LUFactSpec	NumStability.higham9_14_tridiag_colDiagDom_source_f_bound_from_LUFactSpec	NumStability.higham9_14_tridiag_colDiagDom_source_f_bound_from_LUFactSpec	authored	34960	0	34986	35	34966	8	34966	68	7D6D4920C56438AB023000C960F090B54C4FC7A6BF8EF103E1A40ADDE9C287BB	NumStability.Source.Higham.Chapter09.Section06
route	NumStability.Algorithms.HighamChapter9	NumStability.higham9_14_tridiag_colDiagDom_source_f_bound_from_LUFactSpec_fl_triangular_solves	NumStability.higham9_14_tridiag_colDiagDom_source_f_bound_from_LUFactSpec_fl_triangular_solves	NumStability.higham9_14_tridiag_colDiagDom_source_f_bound_from_LUFactSpec_fl_triangular_solves	NumStability.higham9_14_tridiag_colDiagDom_source_f_bound_from_LUFactSpec_fl_triangular_solves	authored	35511	0	35531	43	35513	8	35513	89	FF860C0CAAF2B617993CA5D63859E40AB8159C73C60698268FE206BC9B35B1F3	NumStability.Source.Higham.Chapter09.Section06
route	NumStability.Algorithms.HighamChapter9	NumStability.higham9_14_tridiag_colDiagDom_source_f_bound_from_LUFactSpec_fl_triangular_solves_gamma	NumStability.higham9_14_tridiag_colDiagDom_source_f_bound_from_LUFactSpec_fl_triangular_solves_gamma	NumStability.higham9_14_tridiag_colDiagDom_source_f_bound_from_LUFactSpec_fl_triangular_solves_gamma	NumStability.higham9_14_tridiag_colDiagDom_source_f_bound_from_LUFactSpec_fl_triangular_solves_gamma	authored	36514	0	36533	32	36516	8	36516	95	CF362A6E51B424C84E41EFE506AF62A4FEA6F3C346A3D6E0974AB9A86876CF29	NumStability.Source.Higham.Chapter09.Section06
route	NumStability.Algorithms.HighamChapter9	NumStability.higham9_14_tridiag_colDiagDom_source_f_bound_from_LUFactSpec_gamma	NumStability.higham9_14_tridiag_colDiagDom_source_f_bound_from_LUFactSpec_gamma	NumStability.higham9_14_tridiag_colDiagDom_source_f_bound_from_LUFactSpec_gamma	NumStability.higham9_14_tridiag_colDiagDom_source_f_bound_from_LUFactSpec_gamma	authored	35305	0	35327	64	35307	8	35307	74	06D3161C13CF5D5EA2A8DFC10C919BF77E2B0C1655B10E4F4DCC1A6BD6BD130B	NumStability.Source.Higham.Chapter09.Section06
route	NumStability.Algorithms.HighamChapter9	NumStability.higham9_14_tridiag_colDiagDom_source_f_bound_from_builders	NumStability.higham9_14_tridiag_colDiagDom_source_f_bound_from_builders	NumStability.higham9_14_tridiag_colDiagDom_source_f_bound_from_builders	NumStability.higham9_14_tridiag_colDiagDom_source_f_bound_from_builders	authored	33952	0	33989	35	33958	8	33958	66	DE2D0B3B77D4768AC8A84DCEACD01E2609433D536DCD683E32B709D9CA79D565	NumStability.Source.Higham.Chapter09.Section06
route	NumStability.Algorithms.HighamChapter9	NumStability.higham9_14_tridiag_colDiagDom_source_f_bound_from_builders_LUBackwardError_fl_triangular_solves	NumStability.higham9_14_tridiag_colDiagDom_source_f_bound_from_builders_LUBackwardError_fl_triangular_solves	NumStability.higham9_14_tridiag_colDiagDom_source_f_bound_from_builders_LUBackwardError_fl_triangular_solves	NumStability.higham9_14_tridiag_colDiagDom_source_f_bound_from_builders_LUBackwardError_fl_triangular_solves	authored	34460	0	34493	27	34462	8	34462	103	CCCEBEF472E4F60CD5D8E4F05A6D822434C82D90B3472B6E538AA564D11F7E16	NumStability.Source.Higham.Chapter09.Section06
route	NumStability.Algorithms.HighamChapter9	NumStability.higham9_14_tridiag_colDiagDom_source_f_bound_from_builders_LUBackwardError_fl_triangular_solves_gamma	NumStability.higham9_14_tridiag_colDiagDom_source_f_bound_from_builders_LUBackwardError_fl_triangular_solves_gamma	NumStability.higham9_14_tridiag_colDiagDom_source_f_bound_from_builders_LUBackwardError_fl_triangular_solves_gamma	NumStability.higham9_14_tridiag_colDiagDom_source_f_bound_from_builders_LUBackwardError_fl_triangular_solves_gamma	authored	35961	0	35991	51	35963	8	35963	109	6838EE0EA23060B8D4469F1B5013BDC74CE2C8C939CBC4D6A423C5D09530273C	NumStability.Source.Higham.Chapter09.Section06
route	NumStability.Algorithms.HighamChapter9	NumStability.higham9_14_tridiag_colDiagDom_source_f_bound_from_builders_LUFactSpec_fl_triangular_solves	NumStability.higham9_14_tridiag_colDiagDom_source_f_bound_from_builders_LUFactSpec_fl_triangular_solves	NumStability.higham9_14_tridiag_colDiagDom_source_f_bound_from_builders_LUFactSpec_fl_triangular_solves	NumStability.higham9_14_tridiag_colDiagDom_source_f_bound_from_builders_LUFactSpec_fl_triangular_solves	authored	34716	0	34752	27	34722	8	34722	98	E2768B421C9B79B2C803F88B856BB77D47306A7B1FE5297B5CE2FAA267E67C3B	NumStability.Source.Higham.Chapter09.Section06
route	NumStability.Algorithms.HighamChapter9	NumStability.higham9_14_tridiag_colDiagDom_source_f_bound_from_builders_LUFactSpec_fl_triangular_solves_gamma	NumStability.higham9_14_tridiag_colDiagDom_source_f_bound_from_builders_LUFactSpec_fl_triangular_solves_gamma	NumStability.higham9_14_tridiag_colDiagDom_source_f_bound_from_builders_LUFactSpec_fl_triangular_solves_gamma	NumStability.higham9_14_tridiag_colDiagDom_source_f_bound_from_builders_LUFactSpec_fl_triangular_solves_gamma	authored	36204	0	36230	32	36206	8	36206	104	E235FD82B0A62316C5DBD9050A1D1506A3EF7C90E8F9EF949AC16DE85B58E652	NumStability.Source.Higham.Chapter09.Section06
route	NumStability.Algorithms.HighamChapter9	NumStability.higham9_14_tridiag_colDiagDom_source_f_bound_from_builders_gamma	NumStability.higham9_14_tridiag_colDiagDom_source_f_bound_from_builders_gamma	NumStability.higham9_14_tridiag_colDiagDom_source_f_bound_from_builders_gamma	NumStability.higham9_14_tridiag_colDiagDom_source_f_bound_from_builders_gamma	authored	34212	0	34243	56	34214	8	34214	72	E5F1A948B66F5E759239377386176DA97EEDA9721295E61039463B918B74987F	NumStability.Source.Higham.Chapter09.Section06
route	NumStability.Algorithms.HighamChapter9	NumStability.higham9_14_tridiag_colDiagDom_source_f_bound_from_recurrence	NumStability.higham9_14_tridiag_colDiagDom_source_f_bound_from_recurrence	NumStability.higham9_14_tridiag_colDiagDom_source_f_bound_from_recurrence	NumStability.higham9_14_tridiag_colDiagDom_source_f_bound_from_recurrence	authored	34024	0	34053	46	34028	8	34028	68	1A53CC141FC3FE41A04C0F082F5CFAA247E17B69E840D24591676524C9DBAF11	NumStability.Source.Higham.Chapter09.Section06
route	NumStability.Algorithms.HighamChapter9	NumStability.higham9_14_tridiag_colDiagDom_source_f_bound_from_recurrence_LUBackwardError_fl_triangular_solves	NumStability.higham9_14_tridiag_colDiagDom_source_f_bound_from_recurrence_LUBackwardError_fl_triangular_solves	NumStability.higham9_14_tridiag_colDiagDom_source_f_bound_from_recurrence_LUBackwardError_fl_triangular_solves	NumStability.higham9_14_tridiag_colDiagDom_source_f_bound_from_recurrence_LUBackwardError_fl_triangular_solves	authored	34529	0	34557	14	34531	8	34531	105	7DE15932FA73FFD6FA42281D13E50AEF6DB2706FCFE16DD780285A4A42D0E52E	NumStability.Source.Higham.Chapter09.Section06
route	NumStability.Algorithms.HighamChapter9	NumStability.higham9_14_tridiag_colDiagDom_source_f_bound_from_recurrence_LUBackwardError_fl_triangular_solves_gamma	NumStability.higham9_14_tridiag_colDiagDom_source_f_bound_from_recurrence_LUBackwardError_fl_triangular_solves_gamma	NumStability.higham9_14_tridiag_colDiagDom_source_f_bound_from_recurrence_LUBackwardError_fl_triangular_solves_gamma	NumStability.higham9_14_tridiag_colDiagDom_source_f_bound_from_recurrence_LUBackwardError_fl_triangular_solves_gamma	authored	36024	0	36051	46	36026	8	36026	111	597FEC6F47B6EFAF9EE921BE0634E4C78994AFE73FB9E40311CC471C381BA570	NumStability.Source.Higham.Chapter09.Section06
route	NumStability.Algorithms.HighamChapter9	NumStability.higham9_14_tridiag_colDiagDom_source_f_bound_from_recurrence_LUFactSpec_fl_triangular_solves	NumStability.higham9_14_tridiag_colDiagDom_source_f_bound_from_recurrence_LUFactSpec_fl_triangular_solves	NumStability.higham9_14_tridiag_colDiagDom_source_f_bound_from_recurrence_LUFactSpec_fl_triangular_solves	NumStability.higham9_14_tridiag_colDiagDom_source_f_bound_from_recurrence_LUFactSpec_fl_triangular_solves	authored	34787	0	34812	14	34789	8	34789	100	831563418468CFBED9AEFF9B1ECE6B550D4811B81A567C56AC3F4EACCC741E17	NumStability.Source.Higham.Chapter09.Section06
route	NumStability.Algorithms.HighamChapter9	NumStability.higham9_14_tridiag_colDiagDom_source_f_bound_from_recurrence_LUFactSpec_fl_triangular_solves_gamma	NumStability.higham9_14_tridiag_colDiagDom_source_f_bound_from_recurrence_LUFactSpec_fl_triangular_solves_gamma	NumStability.higham9_14_tridiag_colDiagDom_source_f_bound_from_recurrence_LUFactSpec_fl_triangular_solves_gamma	NumStability.higham9_14_tridiag_colDiagDom_source_f_bound_from_recurrence_LUFactSpec_fl_triangular_solves_gamma	authored	36259	0	36282	27	36261	8	36261	106	41D80DB44668A5CD4F8364374CD4EBCA64403531A63C2ECB720D1E8467B8D5C7	NumStability.Source.Higham.Chapter09.Section06
route	NumStability.Algorithms.HighamChapter9	NumStability.higham9_14_tridiag_colDiagDom_source_f_bound_from_recurrence_gamma	NumStability.higham9_14_tridiag_colDiagDom_source_f_bound_from_recurrence_gamma	NumStability.higham9_14_tridiag_colDiagDom_source_f_bound_from_recurrence_gamma	NumStability.higham9_14_tridiag_colDiagDom_source_f_bound_from_recurrence_gamma	authored	34277	0	34305	51	34279	8	34279	74	BF6B410C33424660720DB2086E72F05725B5A01F83E2A89D71D593E8F5163F08	NumStability.Source.Higham.Chapter09.Section06
route	NumStability.Algorithms.HighamChapter9	NumStability.higham9_14_tridiag_colDiagDom_source_f_bound_of_RectDoolittleRoundedStageTrace_square_fl_triangular_solves_gamma	NumStability.higham9_14_tridiag_colDiagDom_source_f_bound_of_RectDoolittleRoundedStageTrace_square_fl_triangular_solves_gamma	NumStability.higham9_14_tridiag_colDiagDom_source_f_bound_of_RectDoolittleRoundedStageTrace_square_fl_triangular_solves_gamma	NumStability.higham9_14_tridiag_colDiagDom_source_f_bound_of_RectDoolittleRoundedStageTrace_square_fl_triangular_solves_gamma	authored	28223	0	28250	68	28225	8	28225	120	F9F41FBE68967D98882496553AAFC1E0D0CCD5A6D10268EEB30CFFED6F97B419	NumStability.Source.Higham.Chapter09.Section06
route	NumStability.Algorithms.HighamChapter9	NumStability.higham9_14_tridiag_colDiagDom_source_f_bound_of_RectDoolittleRoundedStageTrace_square_fl_triangular_solves_gamma_le	NumStability.higham9_14_tridiag_colDiagDom_source_f_bound_of_RectDoolittleRoundedStageTrace_square_fl_triangular_solves_gamma_le	NumStability.higham9_14_tridiag_colDiagDom_source_f_bound_of_RectDoolittleRoundedStageTrace_square_fl_triangular_solves_gamma_le	NumStability.higham9_14_tridiag_colDiagDom_source_f_bound_of_RectDoolittleRoundedStageTrace_square_fl_triangular_solves_gamma_le	authored	28153	0	28188	49	28159	8	28159	123	16E6A3A8C0E48166A04677D1702214334FCE1D8620FC0BF61F4273348AF0BD26	NumStability.Source.Higham.Chapter09.Section06
route	NumStability.Algorithms.HighamChapter9	NumStability.higham9_14_tridiag_colDiagDom_source_f_bound_of_RectDoolittleRoundedStageTrace_square_models_gamma	NumStability.higham9_14_tridiag_colDiagDom_source_f_bound_of_RectDoolittleRoundedStageTrace_square_models_gamma	NumStability.higham9_14_tridiag_colDiagDom_source_f_bound_of_RectDoolittleRoundedStageTrace_square_models_gamma	NumStability.higham9_14_tridiag_colDiagDom_source_f_bound_of_RectDoolittleRoundedStageTrace_square_models_gamma	authored	28407	0	28450	37	28414	8	28414	106	0FA97E02DED60DBA553ED65BFBAFC97053E9C9699524D96532415C48C63CF483	NumStability.Source.Higham.Chapter09.Section06
route	NumStability.Algorithms.HighamChapter9	NumStability.higham9_14_tridiag_colDiagDom_source_f_bound_of_rectRoundedLoop_square_fl_triangular_solves_gamma	NumStability.higham9_14_tridiag_colDiagDom_source_f_bound_of_rectRoundedLoop_square_fl_triangular_solves_gamma	NumStability.higham9_14_tridiag_colDiagDom_source_f_bound_of_rectRoundedLoop_square_fl_triangular_solves_gamma	NumStability.higham9_14_tridiag_colDiagDom_source_f_bound_of_rectRoundedLoop_square_fl_triangular_solves_gamma	authored	31614	0	31652	57	31616	8	31616	105	03E8813D6390FEE69911F3F82AB9221665FC0CF65F4B1ABAD509653A77DA50A7	NumStability.Source.Higham.Chapter09.Section06
route	NumStability.Algorithms.HighamChapter9	NumStability.higham9_14_tridiag_colDiagDom_source_f_bound_of_rectRoundedLoop_square_fl_triangular_solves_gamma_le	NumStability.higham9_14_tridiag_colDiagDom_source_f_bound_of_rectRoundedLoop_square_fl_triangular_solves_gamma_le	NumStability.higham9_14_tridiag_colDiagDom_source_f_bound_of_rectRoundedLoop_square_fl_triangular_solves_gamma_le	NumStability.higham9_14_tridiag_colDiagDom_source_f_bound_of_rectRoundedLoop_square_fl_triangular_solves_gamma_le	authored	31516	0	31565	37	31522	8	31522	108	0E16F82CEC49725597271E92D96CAE423D67EA477F997B89827EFC68D579A982	NumStability.Source.Higham.Chapter09.Section06
route	NumStability.Algorithms.HighamChapter9	NumStability.higham9_14_tridiag_colDiagDom_source_f_bound_of_rectRoundedLoop_square_models_gamma	NumStability.higham9_14_tridiag_colDiagDom_source_f_bound_of_rectRoundedLoop_square_models_gamma	NumStability.higham9_14_tridiag_colDiagDom_source_f_bound_of_rectRoundedLoop_square_models_gamma	NumStability.higham9_14_tridiag_colDiagDom_source_f_bound_of_rectRoundedLoop_square_models_gamma	authored	31870	0	31927	37	31877	8	31877	91	A0CC8C4CFCE3134B1ACB53387A22D5E875D57FA565B3EE2A96824B5334FD7452	NumStability.Source.Higham.Chapter09.Section06
route	NumStability.Algorithms.HighamChapter9	NumStability.higham9_14_tridiag_colDiagDom_source_h_bound_from_LUBackwardError_fl_triangular_solves	NumStability.higham9_14_tridiag_colDiagDom_source_h_bound_from_LUBackwardError_fl_triangular_solves	NumStability.higham9_14_tridiag_colDiagDom_source_h_bound_from_LUBackwardError_fl_triangular_solves	NumStability.higham9_14_tridiag_colDiagDom_source_h_bound_from_LUBackwardError_fl_triangular_solves	authored	35459	0	35483	49	35461	8	35461	94	A8CF8881E9BCF30888CEFE7E3DEFE834655BF31DD805BBB88DE7357E268B0787	NumStability.Source.Higham.Chapter09.Section06
route	NumStability.Algorithms.HighamChapter9	NumStability.higham9_14_tridiag_colDiagDom_source_h_bound_from_LUBackwardError_fl_triangular_solves_gamma	NumStability.higham9_14_tridiag_colDiagDom_source_h_bound_from_LUBackwardError_fl_triangular_solves_gamma	NumStability.higham9_14_tridiag_colDiagDom_source_h_bound_from_LUBackwardError_fl_triangular_solves_gamma	NumStability.higham9_14_tridiag_colDiagDom_source_h_bound_from_LUBackwardError_fl_triangular_solves_gamma	authored	36464	0	36487	58	36466	8	36466	100	CB89BD55B124F1191CB2E763449F100F1493ACE40300061751D994C6A091B176	NumStability.Source.Higham.Chapter09.Section06
route	NumStability.Algorithms.HighamChapter9	NumStability.higham9_14_tridiag_colDiagDom_source_h_bound_from_LUFactSpec	NumStability.higham9_14_tridiag_colDiagDom_source_h_bound_from_LUFactSpec	NumStability.higham9_14_tridiag_colDiagDom_source_h_bound_from_LUFactSpec	NumStability.higham9_14_tridiag_colDiagDom_source_h_bound_from_LUFactSpec	authored	35011	0	35036	35	35016	8	35016	68	D2E564588679024183FBAF7E8B17A273D28A3A0E988FAB001E338966E27EF55B	NumStability.Source.Higham.Chapter09.Section06
route	NumStability.Algorithms.HighamChapter9	NumStability.higham9_14_tridiag_colDiagDom_source_h_bound_from_LUFactSpec_fl_triangular_solves	NumStability.higham9_14_tridiag_colDiagDom_source_h_bound_from_LUFactSpec_fl_triangular_solves	NumStability.higham9_14_tridiag_colDiagDom_source_h_bound_from_LUFactSpec_fl_triangular_solves	NumStability.higham9_14_tridiag_colDiagDom_source_h_bound_from_LUFactSpec_fl_triangular_solves	authored	35555	0	35576	22	35557	8	35557	89	87B1AEEE87F12673DEB975BB989B0EDF59A50D3EDD1B8C324616CEB7C612C275	NumStability.Source.Higham.Chapter09.Section06
route	NumStability.Algorithms.HighamChapter9	NumStability.higham9_14_tridiag_colDiagDom_source_h_bound_from_LUFactSpec_fl_triangular_solves_gamma	NumStability.higham9_14_tridiag_colDiagDom_source_h_bound_from_LUFactSpec_fl_triangular_solves_gamma	NumStability.higham9_14_tridiag_colDiagDom_source_h_bound_from_LUFactSpec_fl_triangular_solves_gamma	NumStability.higham9_14_tridiag_colDiagDom_source_h_bound_from_LUFactSpec_fl_triangular_solves_gamma	authored	36556	0	36576	42	36558	8	36558	95	BE9D12FA5E627A2CBE691C8B78AD3E39505CA5DCED2FE5EC06EB26D6C7FFBA8F	NumStability.Source.Higham.Chapter09.Section06
route	NumStability.Algorithms.HighamChapter9	NumStability.higham9_14_tridiag_colDiagDom_source_h_bound_from_LUFactSpec_gamma	NumStability.higham9_14_tridiag_colDiagDom_source_h_bound_from_LUFactSpec_gamma	NumStability.higham9_14_tridiag_colDiagDom_source_h_bound_from_LUFactSpec_gamma	NumStability.higham9_14_tridiag_colDiagDom_source_h_bound_from_LUFactSpec_gamma	authored	35352	0	35375	35	35354	8	35354	74	D845C7411DBFB6C8589899671AD63B697779B437AE4903C6C12D3F2938CA51D9	NumStability.Source.Higham.Chapter09.Section06
route	NumStability.Algorithms.HighamChapter9	NumStability.higham9_14_tridiag_colDiagDom_source_h_bound_from_builders	NumStability.higham9_14_tridiag_colDiagDom_source_h_bound_from_builders	NumStability.higham9_14_tridiag_colDiagDom_source_h_bound_from_builders	NumStability.higham9_14_tridiag_colDiagDom_source_h_bound_from_builders	authored	34082	0	34120	35	34089	8	34089	66	02AD1839FF1AA48915739DCBD65C8386C085C31C356EA5F77F14EE9F49EF0E50	NumStability.Source.Higham.Chapter09.Section06
route	NumStability.Algorithms.HighamChapter9	NumStability.higham9_14_tridiag_colDiagDom_source_h_bound_from_builders_LUBackwardError_fl_triangular_solves	NumStability.higham9_14_tridiag_colDiagDom_source_h_bound_from_builders_LUBackwardError_fl_triangular_solves	NumStability.higham9_14_tridiag_colDiagDom_source_h_bound_from_builders_LUBackwardError_fl_triangular_solves	NumStability.higham9_14_tridiag_colDiagDom_source_h_bound_from_builders_LUBackwardError_fl_triangular_solves	authored	34588	0	34621	27	34590	8	34590	103	ABBF6466ACDF655C111DC231FF84ED78E2579C9F5BC1737C59705284588EB0AD	NumStability.Source.Higham.Chapter09.Section06
route	NumStability.Algorithms.HighamChapter9	NumStability.higham9_14_tridiag_colDiagDom_source_h_bound_from_builders_LUBackwardError_fl_triangular_solves_gamma	NumStability.higham9_14_tridiag_colDiagDom_source_h_bound_from_builders_LUBackwardError_fl_triangular_solves_gamma	NumStability.higham9_14_tridiag_colDiagDom_source_h_bound_from_builders_LUBackwardError_fl_triangular_solves_gamma	NumStability.higham9_14_tridiag_colDiagDom_source_h_bound_from_builders_LUBackwardError_fl_triangular_solves_gamma	authored	36081	0	36112	58	36083	8	36083	109	FD47747C79089F2A33668891EA156AC755B150F26AB5219DB91E597639EF9F69	NumStability.Source.Higham.Chapter09.Section06
route	NumStability.Algorithms.HighamChapter9	NumStability.higham9_14_tridiag_colDiagDom_source_h_bound_from_builders_LUFactSpec_fl_triangular_solves	NumStability.higham9_14_tridiag_colDiagDom_source_h_bound_from_builders_LUFactSpec_fl_triangular_solves	NumStability.higham9_14_tridiag_colDiagDom_source_h_bound_from_builders_LUFactSpec_fl_triangular_solves	NumStability.higham9_14_tridiag_colDiagDom_source_h_bound_from_builders_LUFactSpec_fl_triangular_solves	authored	34840	0	34872	27	34842	8	34842	98	5D31AA523461848E5BA5D1CA8898CAD277EA3914526586E90AC7B760D346F1B8	NumStability.Source.Higham.Chapter09.Section06
route	NumStability.Algorithms.HighamChapter9	NumStability.higham9_14_tridiag_colDiagDom_source_h_bound_from_builders_LUFactSpec_fl_triangular_solves_gamma	NumStability.higham9_14_tridiag_colDiagDom_source_h_bound_from_builders_LUFactSpec_fl_triangular_solves_gamma	NumStability.higham9_14_tridiag_colDiagDom_source_h_bound_from_builders_LUFactSpec_fl_triangular_solves_gamma	NumStability.higham9_14_tridiag_colDiagDom_source_h_bound_from_builders_LUFactSpec_fl_triangular_solves_gamma	authored	36308	0	36335	42	36310	8	36310	104	063D9F2A7B648BBD92C4718812058AB70A314E64A00457EDE8614AC856D9EB66	NumStability.Source.Higham.Chapter09.Section06
route	NumStability.Algorithms.HighamChapter9	NumStability.higham9_14_tridiag_colDiagDom_source_h_bound_from_builders_gamma	NumStability.higham9_14_tridiag_colDiagDom_source_h_bound_from_builders_gamma	NumStability.higham9_14_tridiag_colDiagDom_source_h_bound_from_builders_gamma	NumStability.higham9_14_tridiag_colDiagDom_source_h_bound_from_builders_gamma	authored	34336	0	34367	70	34338	8	34338	72	3AD24C7878A5E63AF891953B65A658603BB9FBFEF16D3E6362DEFAEA68C4C4A2	NumStability.Source.Higham.Chapter09.Section06
route	NumStability.Algorithms.HighamChapter9	NumStability.higham9_14_tridiag_colDiagDom_source_h_bound_from_recurrence	NumStability.higham9_14_tridiag_colDiagDom_source_h_bound_from_recurrence	NumStability.higham9_14_tridiag_colDiagDom_source_h_bound_from_recurrence	NumStability.higham9_14_tridiag_colDiagDom_source_h_bound_from_recurrence	authored	34155	0	34182	46	34157	8	34157	68	81FEE2E65E098E9EC02D4510A05A7BA1525537707F6B4FCB3FC1FCAA61F505CA	NumStability.Source.Higham.Chapter09.Section06
route	NumStability.Algorithms.HighamChapter9	NumStability.higham9_14_tridiag_colDiagDom_source_h_bound_from_recurrence_LUBackwardError_fl_triangular_solves	NumStability.higham9_14_tridiag_colDiagDom_source_h_bound_from_recurrence_LUBackwardError_fl_triangular_solves	NumStability.higham9_14_tridiag_colDiagDom_source_h_bound_from_recurrence_LUBackwardError_fl_triangular_solves	NumStability.higham9_14_tridiag_colDiagDom_source_h_bound_from_recurrence_LUBackwardError_fl_triangular_solves	authored	34657	0	34685	14	34659	8	34659	105	7C200BCC344F5B34CD16A7BCC06530ADBCF69B995D695721B773DCE94AA05590	NumStability.Source.Higham.Chapter09.Section06
route	NumStability.Algorithms.HighamChapter9	NumStability.higham9_14_tridiag_colDiagDom_source_h_bound_from_recurrence_LUBackwardError_fl_triangular_solves_gamma	NumStability.higham9_14_tridiag_colDiagDom_source_h_bound_from_recurrence_LUBackwardError_fl_triangular_solves_gamma	NumStability.higham9_14_tridiag_colDiagDom_source_h_bound_from_recurrence_LUBackwardError_fl_triangular_solves_gamma	NumStability.higham9_14_tridiag_colDiagDom_source_h_bound_from_recurrence_LUBackwardError_fl_triangular_solves_gamma	authored	36145	0	36173	53	36147	8	36147	111	D4B611D71278CFA23621D439B7AB84F736DB35DCD6F694AA64904B21C7128BDF	NumStability.Source.Higham.Chapter09.Section06
route	NumStability.Algorithms.HighamChapter9	NumStability.higham9_14_tridiag_colDiagDom_source_h_bound_from_recurrence_LUFactSpec_fl_triangular_solves	NumStability.higham9_14_tridiag_colDiagDom_source_h_bound_from_recurrence_LUFactSpec_fl_triangular_solves	NumStability.higham9_14_tridiag_colDiagDom_source_h_bound_from_recurrence_LUFactSpec_fl_triangular_solves	NumStability.higham9_14_tridiag_colDiagDom_source_h_bound_from_recurrence_LUFactSpec_fl_triangular_solves	authored	34907	0	34932	14	34909	8	34909	100	AE4D0CDC106A8A29FEE7C27F545B2D8110C695E6AEF68A96F6D288A70AE5CB91	NumStability.Source.Higham.Chapter09.Section06
route	NumStability.Algorithms.HighamChapter9	NumStability.higham9_14_tridiag_colDiagDom_source_h_bound_from_recurrence_LUFactSpec_fl_triangular_solves_gamma	NumStability.higham9_14_tridiag_colDiagDom_source_h_bound_from_recurrence_LUFactSpec_fl_triangular_solves_gamma	NumStability.higham9_14_tridiag_colDiagDom_source_h_bound_from_recurrence_LUFactSpec_fl_triangular_solves_gamma	NumStability.higham9_14_tridiag_colDiagDom_source_h_bound_from_recurrence_LUFactSpec_fl_triangular_solves_gamma	authored	36365	0	36389	37	36367	8	36367	106	2847E979199DFF38B83A7E5D85DEB42BF7E5047833A84DFFC45189ADBC5FE56F	NumStability.Source.Higham.Chapter09.Section06
route	NumStability.Algorithms.HighamChapter9	NumStability.higham9_14_tridiag_colDiagDom_source_h_bound_from_recurrence_gamma	NumStability.higham9_14_tridiag_colDiagDom_source_h_bound_from_recurrence_gamma	NumStability.higham9_14_tridiag_colDiagDom_source_h_bound_from_recurrence_gamma	NumStability.higham9_14_tridiag_colDiagDom_source_h_bound_from_recurrence_gamma	authored	34401	0	34429	65	34403	8	34403	74	D1605DEB5032F4934A0798301CCFC96DBEDFE285CF5931A2058F3A3DDAD7617D	NumStability.Source.Higham.Chapter09.Section06
route	NumStability.Algorithms.HighamChapter9	NumStability.higham9_14_tridiag_colDiagDom_source_h_bound_of_RectDoolittleRoundedStageTrace_square_fl_triangular_solves_const_gamma	NumStability.higham9_14_tridiag_colDiagDom_source_h_bound_of_RectDoolittleRoundedStageTrace_square_fl_triangular_solves_const_gamma	NumStability.higham9_14_tridiag_colDiagDom_source_h_bound_of_RectDoolittleRoundedStageTrace_square_fl_triangular_solves_const_gamma	NumStability.higham9_14_tridiag_colDiagDom_source_h_bound_of_RectDoolittleRoundedStageTrace_square_fl_triangular_solves_const_gamma	authored	28347	0	28375	71	28349	8	28349	126	31D529D28F8CA9003178E5CE36839DCBD9B185B978802593338795439FA5A8EF	NumStability.Source.Higham.Chapter09.Section06
route	NumStability.Algorithms.HighamChapter9	NumStability.higham9_14_tridiag_colDiagDom_source_h_bound_of_RectDoolittleRoundedStageTrace_square_fl_triangular_solves_const_gamma_le	NumStability.higham9_14_tridiag_colDiagDom_source_h_bound_of_RectDoolittleRoundedStageTrace_square_fl_triangular_solves_const_gamma_le	NumStability.higham9_14_tridiag_colDiagDom_source_h_bound_of_RectDoolittleRoundedStageTrace_square_fl_triangular_solves_const_gamma_le	NumStability.higham9_14_tridiag_colDiagDom_source_h_bound_of_RectDoolittleRoundedStageTrace_square_fl_triangular_solves_const_gamma_le	authored	28281	0	28312	49	28283	8	28283	129	BAAF57D8C3CFB2ED67A8C90BDC114900DEC91FBBF2CA5B87DD63CFA10033505A	NumStability.Source.Higham.Chapter09.Section06
route	NumStability.Algorithms.HighamChapter9	NumStability.higham9_14_tridiag_colDiagDom_source_h_bound_of_RectDoolittleRoundedStageTrace_square_models_gamma	NumStability.higham9_14_tridiag_colDiagDom_source_h_bound_of_RectDoolittleRoundedStageTrace_square_models_gamma	NumStability.higham9_14_tridiag_colDiagDom_source_h_bound_of_RectDoolittleRoundedStageTrace_square_models_gamma	NumStability.higham9_14_tridiag_colDiagDom_source_h_bound_of_RectDoolittleRoundedStageTrace_square_models_gamma	authored	28492	0	28531	37	28494	8	28494	106	DF6C79D0CEE1ED124501D637DF78A914E4B856A74EC335EB20B4226312771EA4	NumStability.Source.Higham.Chapter09.Section06
route	NumStability.Algorithms.HighamChapter9	NumStability.higham9_14_tridiag_colDiagDom_source_h_bound_of_rectRoundedLoop_square_fl_triangular_solves_const_gamma	NumStability.higham9_14_tridiag_colDiagDom_source_h_bound_of_rectRoundedLoop_square_fl_triangular_solves_const_gamma	NumStability.higham9_14_tridiag_colDiagDom_source_h_bound_of_rectRoundedLoop_square_fl_triangular_solves_const_gamma	NumStability.higham9_14_tridiag_colDiagDom_source_h_bound_of_rectRoundedLoop_square_fl_triangular_solves_const_gamma	authored	31788	0	31827	67	31790	8	31790	111	5240B2C29A1606D48C5586EF962BF38C1148BA53A176255F3E538BC97AE5EF9B	NumStability.Source.Higham.Chapter09.Section06
route	NumStability.Algorithms.HighamChapter9	NumStability.higham9_14_tridiag_colDiagDom_source_h_bound_of_rectRoundedLoop_square_fl_triangular_solves_const_gamma_le	NumStability.higham9_14_tridiag_colDiagDom_source_h_bound_of_rectRoundedLoop_square_fl_triangular_solves_const_gamma_le	NumStability.higham9_14_tridiag_colDiagDom_source_h_bound_of_rectRoundedLoop_square_fl_triangular_solves_const_gamma_le	NumStability.higham9_14_tridiag_colDiagDom_source_h_bound_of_rectRoundedLoop_square_fl_triangular_solves_const_gamma_le	authored	31694	0	31739	37	31696	8	31696	114	6165118AA1F0E2B98892B6210874D2EEEF50975BF499A76BCA46E584C65110F8	NumStability.Source.Higham.Chapter09.Section06
route	NumStability.Algorithms.HighamChapter9	NumStability.higham9_14_tridiag_colDiagDom_source_h_bound_of_rectRoundedLoop_square_models_gamma	NumStability.higham9_14_tridiag_colDiagDom_source_h_bound_of_rectRoundedLoop_square_models_gamma	NumStability.higham9_14_tridiag_colDiagDom_source_h_bound_of_rectRoundedLoop_square_models_gamma	NumStability.higham9_14_tridiag_colDiagDom_source_h_bound_of_rectRoundedLoop_square_models_gamma	authored	31983	0	32037	37	31985	8	31985	91	9AF24E0E9A18CE01469B618F9EA06D63549D2E20B29A7BED526C28C811E729FF	NumStability.Source.Higham.Chapter09.Section06
route	NumStability.Algorithms.HighamChapter9	NumStability.higham9_14_tridiag_data_colDiagDom_source_f_bound_from_LUBackwardError_fl_triangular_solves	NumStability.higham9_14_tridiag_data_colDiagDom_source_f_bound_from_LUBackwardError_fl_triangular_solves	NumStability.higham9_14_tridiag_data_colDiagDom_source_f_bound_from_LUBackwardError_fl_triangular_solves	NumStability.higham9_14_tridiag_data_colDiagDom_source_f_bound_from_LUBackwardError_fl_triangular_solves	authored	35601	0	35630	58	35603	8	35603	99	8B244A2B68E678A9ED95892081E008B35370A9E42491D660B3E2682FC7EF40E9	NumStability.Source.Higham.Chapter09.Section06
route	NumStability.Algorithms.HighamChapter9	NumStability.higham9_14_tridiag_data_colDiagDom_source_f_bound_from_LUBackwardError_fl_triangular_solves_gamma	NumStability.higham9_14_tridiag_data_colDiagDom_source_f_bound_from_LUBackwardError_fl_triangular_solves_gamma	NumStability.higham9_14_tridiag_data_colDiagDom_source_f_bound_from_LUBackwardError_fl_triangular_solves_gamma	NumStability.higham9_14_tridiag_data_colDiagDom_source_f_bound_from_LUBackwardError_fl_triangular_solves_gamma	authored	35726	0	35755	40	35729	8	35729	105	2A496B0CF0FAF0E7B50C7530F0435A67D71A17408D29DF6E5C2C84B2756B35C0	NumStability.Source.Higham.Chapter09.Section06
route	NumStability.Algorithms.HighamChapter9	NumStability.higham9_14_tridiag_data_colDiagDom_source_f_bound_from_LUFactSpec	NumStability.higham9_14_tridiag_data_colDiagDom_source_f_bound_from_LUFactSpec	NumStability.higham9_14_tridiag_data_colDiagDom_source_f_bound_from_LUFactSpec	NumStability.higham9_14_tridiag_data_colDiagDom_source_f_bound_from_LUFactSpec	authored	35061	0	35089	35	35063	8	35063	73	6EEF0E31A7837CA9441F703AE2D887CABD44A9195BED0262B2DA64D4CB9625B4	NumStability.Source.Higham.Chapter09.Section06
route	NumStability.Algorithms.HighamChapter9	NumStability.higham9_14_tridiag_data_colDiagDom_source_f_bound_from_LUFactSpec_fl_triangular_solves	NumStability.higham9_14_tridiag_data_colDiagDom_source_f_bound_from_LUFactSpec_fl_triangular_solves	NumStability.higham9_14_tridiag_data_colDiagDom_source_f_bound_from_LUFactSpec_fl_triangular_solves	NumStability.higham9_14_tridiag_data_colDiagDom_source_f_bound_from_LUFactSpec_fl_triangular_solves	authored	35849	0	35875	32	35851	8	35851	94	D8E0A62D766BB94B22D8CCA9D50C1062C3F27DF25D79EE19D4023EF4695DA9BE	NumStability.Source.Higham.Chapter09.Section06
route	NumStability.Algorithms.HighamChapter9	NumStability.higham9_14_tridiag_data_colDiagDom_source_f_bound_from_LUFactSpec_fl_triangular_solves_gamma	NumStability.higham9_14_tridiag_data_colDiagDom_source_f_bound_from_LUFactSpec_fl_triangular_solves_gamma	NumStability.higham9_14_tridiag_data_colDiagDom_source_f_bound_from_LUFactSpec_fl_triangular_solves_gamma	NumStability.higham9_14_tridiag_data_colDiagDom_source_f_bound_from_LUFactSpec_fl_triangular_solves_gamma	authored	36600	0	36625	21	36602	8	36602	100	AB6717B9E68EA9CB6EFDA93ED07AF8EC72E2D35BAC2B12C6837179B1E99EB906	NumStability.Source.Higham.Chapter09.Section06
route	NumStability.Algorithms.HighamChapter9	NumStability.higham9_14_tridiag_data_colDiagDom_source_f_bound_from_LUFactSpec_gamma	NumStability.higham9_14_tridiag_data_colDiagDom_source_f_bound_from_LUFactSpec_gamma	NumStability.higham9_14_tridiag_data_colDiagDom_source_f_bound_from_LUFactSpec_gamma	NumStability.higham9_14_tridiag_data_colDiagDom_source_f_bound_from_LUFactSpec_gamma	authored	35181	0	35210	35	35183	8	35183	79	538700876F120F371D9895883981F9FD2CF0BE33C4445EAAD8790F501DFB666A	NumStability.Source.Higham.Chapter09.Section06
route	NumStability.Algorithms.HighamChapter9	NumStability.higham9_14_tridiag_data_colDiagDom_source_h_bound_from_LUBackwardError_fl_triangular_solves	NumStability.higham9_14_tridiag_data_colDiagDom_source_h_bound_from_LUBackwardError_fl_triangular_solves	NumStability.higham9_14_tridiag_data_colDiagDom_source_h_bound_from_LUBackwardError_fl_triangular_solves	NumStability.higham9_14_tridiag_data_colDiagDom_source_h_bound_from_LUBackwardError_fl_triangular_solves	authored	35663	0	35693	58	35666	8	35666	99	7B2AD65211CEFEDD01715BB6415D3D0CC68C4C5D42DB04735DB52F68669E7C90	NumStability.Source.Higham.Chapter09.Section06
route	NumStability.Algorithms.HighamChapter9	NumStability.higham9_14_tridiag_data_colDiagDom_source_h_bound_from_LUBackwardError_fl_triangular_solves_gamma	NumStability.higham9_14_tridiag_data_colDiagDom_source_h_bound_from_LUBackwardError_fl_triangular_solves_gamma	NumStability.higham9_14_tridiag_data_colDiagDom_source_h_bound_from_LUBackwardError_fl_triangular_solves_gamma	NumStability.higham9_14_tridiag_data_colDiagDom_source_h_bound_from_LUBackwardError_fl_triangular_solves_gamma	authored	35787	0	35816	47	35789	8	35789	105	2CD0CDACCC64AE0B66983D6F1BD13106769A44DB5A95EFA1161D1E00B7E02510	NumStability.Source.Higham.Chapter09.Section06
route	NumStability.Algorithms.HighamChapter9	NumStability.higham9_14_tridiag_data_colDiagDom_source_h_bound_from_LUFactSpec	NumStability.higham9_14_tridiag_data_colDiagDom_source_h_bound_from_LUFactSpec	NumStability.higham9_14_tridiag_data_colDiagDom_source_h_bound_from_LUFactSpec	NumStability.higham9_14_tridiag_data_colDiagDom_source_h_bound_from_LUFactSpec	authored	35121	0	35149	43	35123	8	35123	73	13AA764DE8BDB26A6849449B47D6048A7B0B3ECBE41ED6E1AD0E632997F69BC3	NumStability.Source.Higham.Chapter09.Section06
route	NumStability.Algorithms.HighamChapter9	NumStability.higham9_14_tridiag_data_colDiagDom_source_h_bound_from_LUFactSpec_fl_triangular_solves	NumStability.higham9_14_tridiag_data_colDiagDom_source_h_bound_from_LUFactSpec_fl_triangular_solves	NumStability.higham9_14_tridiag_data_colDiagDom_source_h_bound_from_LUFactSpec_fl_triangular_solves	NumStability.higham9_14_tridiag_data_colDiagDom_source_h_bound_from_LUFactSpec_fl_triangular_solves	authored	35905	0	35931	73	35907	8	35907	94	55BF57506C08D7ABA4F96F37F591CFE40D833B9D7FC57528460A7D09F340EDF3	NumStability.Source.Higham.Chapter09.Section06
route	NumStability.Algorithms.HighamChapter9	NumStability.higham9_14_tridiag_data_colDiagDom_source_h_bound_from_LUFactSpec_fl_triangular_solves_gamma	NumStability.higham9_14_tridiag_data_colDiagDom_source_h_bound_from_LUFactSpec_fl_triangular_solves_gamma	NumStability.higham9_14_tridiag_data_colDiagDom_source_h_bound_from_LUFactSpec_fl_triangular_solves_gamma	NumStability.higham9_14_tridiag_data_colDiagDom_source_h_bound_from_LUFactSpec_fl_triangular_solves_gamma	authored	36654	0	36680	31	36656	8	36656	100	12E5E6935A8FBC7E2DA08F1B5CE138F452BA7F11D9D30F690F0258BEFEFD7399	NumStability.Source.Higham.Chapter09.Section06
route	NumStability.Algorithms.HighamChapter9	NumStability.higham9_14_tridiag_data_colDiagDom_source_h_bound_from_LUFactSpec_gamma	NumStability.higham9_14_tridiag_data_colDiagDom_source_h_bound_from_LUFactSpec_gamma	NumStability.higham9_14_tridiag_data_colDiagDom_source_h_bound_from_LUFactSpec_gamma	NumStability.higham9_14_tridiag_data_colDiagDom_source_h_bound_from_LUFactSpec_gamma	authored	35243	0	35272	35	35245	8	35245	79	A7180DAC8F6A89868CF59E4DAEE11CC609D3AE351D028C7750A8D7ED9F5ECB9B	NumStability.Source.Higham.Chapter09.Section06
route	NumStability.Algorithms.HighamChapter9	NumStability.higham9_14_tridiag_data_rowDiagDom_source_f_bound_from_LUBackwardError_fl_triangular_solves	NumStability.higham9_14_tridiag_data_rowDiagDom_source_f_bound_from_LUBackwardError_fl_triangular_solves	NumStability.higham9_14_tridiag_data_rowDiagDom_source_f_bound_from_LUBackwardError_fl_triangular_solves	NumStability.higham9_14_tridiag_data_rowDiagDom_source_f_bound_from_LUBackwardError_fl_triangular_solves	authored	35632	0	35661	58	35634	8	35634	99	B206459C2F5EA466394FA027B3E722F8A1FD5F964F195044D888ABD81E741ED9	NumStability.Source.Higham.Chapter09.Section06
route	NumStability.Algorithms.HighamChapter9	NumStability.higham9_14_tridiag_data_rowDiagDom_source_f_bound_from_LUBackwardError_fl_triangular_solves_gamma	NumStability.higham9_14_tridiag_data_rowDiagDom_source_f_bound_from_LUBackwardError_fl_triangular_solves_gamma	NumStability.higham9_14_tridiag_data_rowDiagDom_source_f_bound_from_LUBackwardError_fl_triangular_solves_gamma	NumStability.higham9_14_tridiag_data_rowDiagDom_source_f_bound_from_LUBackwardError_fl_triangular_solves_gamma	authored	35757	0	35785	40	35759	8	35759	105	CA201FA5F8BE59CBFB43FFA1277686D9DC764603314A72CA1847BC2FEC353632	NumStability.Source.Higham.Chapter09.Section06
route	NumStability.Algorithms.HighamChapter9	NumStability.higham9_14_tridiag_data_rowDiagDom_source_f_bound_from_LUFactSpec	NumStability.higham9_14_tridiag_data_rowDiagDom_source_f_bound_from_LUFactSpec	NumStability.higham9_14_tridiag_data_rowDiagDom_source_f_bound_from_LUFactSpec	NumStability.higham9_14_tridiag_data_rowDiagDom_source_f_bound_from_LUFactSpec	authored	35091	0	35119	35	35093	8	35093	73	92FB1A4B9E4B9F04BA28520B3DE7A273B17673AC22756AAF68E430BEBF256909	NumStability.Source.Higham.Chapter09.Section06
route	NumStability.Algorithms.HighamChapter9	NumStability.higham9_14_tridiag_data_rowDiagDom_source_f_bound_from_LUFactSpec_fl_triangular_solves	NumStability.higham9_14_tridiag_data_rowDiagDom_source_f_bound_from_LUFactSpec_fl_triangular_solves	NumStability.higham9_14_tridiag_data_rowDiagDom_source_f_bound_from_LUFactSpec_fl_triangular_solves	NumStability.higham9_14_tridiag_data_rowDiagDom_source_f_bound_from_LUFactSpec_fl_triangular_solves	authored	35877	0	35903	32	35879	8	35879	94	A19C7EF5E902B1DA6EA8BFD44D5CDE05FB3DA303886E05DB2FC991A702CB79A6	NumStability.Source.Higham.Chapter09.Section06
route	NumStability.Algorithms.HighamChapter9	NumStability.higham9_14_tridiag_data_rowDiagDom_source_f_bound_from_LUFactSpec_fl_triangular_solves_gamma	NumStability.higham9_14_tridiag_data_rowDiagDom_source_f_bound_from_LUFactSpec_fl_triangular_solves_gamma	NumStability.higham9_14_tridiag_data_rowDiagDom_source_f_bound_from_LUFactSpec_fl_triangular_solves_gamma	NumStability.higham9_14_tridiag_data_rowDiagDom_source_f_bound_from_LUFactSpec_fl_triangular_solves_gamma	authored	36627	0	36652	21	36629	8	36629	100	C24F5C918C705B27EDC6A22BF5C4E7870C5B50AF1538919F71E5B7E6832BA6AB	NumStability.Source.Higham.Chapter09.Section06
route	NumStability.Algorithms.HighamChapter9	NumStability.higham9_14_tridiag_data_rowDiagDom_source_f_bound_from_LUFactSpec_gamma	NumStability.higham9_14_tridiag_data_rowDiagDom_source_f_bound_from_LUFactSpec_gamma	NumStability.higham9_14_tridiag_data_rowDiagDom_source_f_bound_from_LUFactSpec_gamma	NumStability.higham9_14_tridiag_data_rowDiagDom_source_f_bound_from_LUFactSpec_gamma	authored	35212	0	35241	35	35214	8	35214	79	BEB66340B55C7EE37FA2A9C14699E8C1E4DE101149F1E1C05BB918CDC08A41C6	NumStability.Source.Higham.Chapter09.Section06
route	NumStability.Algorithms.HighamChapter9	NumStability.higham9_14_tridiag_data_rowDiagDom_source_h_bound_from_LUBackwardError_fl_triangular_solves	NumStability.higham9_14_tridiag_data_rowDiagDom_source_h_bound_from_LUBackwardError_fl_triangular_solves	NumStability.higham9_14_tridiag_data_rowDiagDom_source_h_bound_from_LUBackwardError_fl_triangular_solves	NumStability.higham9_14_tridiag_data_rowDiagDom_source_h_bound_from_LUBackwardError_fl_triangular_solves	authored	35695	0	35724	58	35697	8	35697	99	FD7FE6D279194E4155E2E27458F949300BA32F26320F346F261FDA133352BB4A	NumStability.Source.Higham.Chapter09.Section06
route	NumStability.Algorithms.HighamChapter9	NumStability.higham9_14_tridiag_data_rowDiagDom_source_h_bound_from_LUBackwardError_fl_triangular_solves_gamma	NumStability.higham9_14_tridiag_data_rowDiagDom_source_h_bound_from_LUBackwardError_fl_triangular_solves_gamma	NumStability.higham9_14_tridiag_data_rowDiagDom_source_h_bound_from_LUBackwardError_fl_triangular_solves_gamma	NumStability.higham9_14_tridiag_data_rowDiagDom_source_h_bound_from_LUBackwardError_fl_triangular_solves_gamma	authored	35818	0	35847	47	35820	8	35820	105	9464A666B7F6739F23DD913BBF9F9202A3AB37BED597F1BDC3FED8AAFE74D514	NumStability.Source.Higham.Chapter09.Section06
route	NumStability.Algorithms.HighamChapter9	NumStability.higham9_14_tridiag_data_rowDiagDom_source_h_bound_from_LUFactSpec	NumStability.higham9_14_tridiag_data_rowDiagDom_source_h_bound_from_LUFactSpec	NumStability.higham9_14_tridiag_data_rowDiagDom_source_h_bound_from_LUFactSpec	NumStability.higham9_14_tridiag_data_rowDiagDom_source_h_bound_from_LUFactSpec	authored	35151	0	35179	43	35153	8	35153	73	370378946F476A4BC1E7ED0BAE3E85223105FE1CE575FA5F367F29B1678F22DE	NumStability.Source.Higham.Chapter09.Section06
route	NumStability.Algorithms.HighamChapter9	NumStability.higham9_14_tridiag_data_rowDiagDom_source_h_bound_from_LUFactSpec_fl_triangular_solves	NumStability.higham9_14_tridiag_data_rowDiagDom_source_h_bound_from_LUFactSpec_fl_triangular_solves	NumStability.higham9_14_tridiag_data_rowDiagDom_source_h_bound_from_LUFactSpec_fl_triangular_solves	NumStability.higham9_14_tridiag_data_rowDiagDom_source_h_bound_from_LUFactSpec_fl_triangular_solves	authored	35933	0	35959	73	35935	8	35935	94	B60742B4DEDF2EB28BFBAB9E721C4160B7F70C74C71CBBD568862776804E0B98	NumStability.Source.Higham.Chapter09.Section06
route	NumStability.Algorithms.HighamChapter9	NumStability.higham9_14_tridiag_data_rowDiagDom_source_h_bound_from_LUFactSpec_fl_triangular_solves_gamma	NumStability.higham9_14_tridiag_data_rowDiagDom_source_h_bound_from_LUFactSpec_fl_triangular_solves_gamma	NumStability.higham9_14_tridiag_data_rowDiagDom_source_h_bound_from_LUFactSpec_fl_triangular_solves_gamma	NumStability.higham9_14_tridiag_data_rowDiagDom_source_h_bound_from_LUFactSpec_fl_triangular_solves_gamma	authored	36682	0	36708	31	36684	8	36684	100	CCA61B4B3A84F13B2B89AAA0EAF37B28E9FAE64713DE3E15725B8653FF8C250F	NumStability.Source.Higham.Chapter09.Section06
route	NumStability.Algorithms.HighamChapter9	NumStability.higham9_14_tridiag_data_rowDiagDom_source_h_bound_from_LUFactSpec_gamma	NumStability.higham9_14_tridiag_data_rowDiagDom_source_h_bound_from_LUFactSpec_gamma	NumStability.higham9_14_tridiag_data_rowDiagDom_source_h_bound_from_LUFactSpec_gamma	NumStability.higham9_14_tridiag_data_rowDiagDom_source_h_bound_from_LUFactSpec_gamma	authored	35274	0	35303	35	35276	8	35276	79	45911FA430D3D45C6715B0D974BDB70912F1C324D684D2D1590875B17C0CDFF0	NumStability.Source.Higham.Chapter09.Section06
route	NumStability.Algorithms.HighamChapter9	NumStability.higham9_14_tridiag_diagDom_fu_bound_from_structural_growth	NumStability.higham9_14_tridiag_diagDom_fu_bound_from_structural_growth	NumStability.higham9_14_tridiag_diagDom_fu_bound_from_structural_growth	NumStability.higham9_14_tridiag_diagDom_fu_bound_from_structural_growth	authored	22824	0	22862	52	22833	8	22833	66	11B5EAEAD98F5A410AF4C82E490CBE6B75B9B71DA96E2FD925A9F8C0258A3ADE	NumStability.Source.Higham.Chapter09.Section06
route	NumStability.Algorithms.HighamChapter9	NumStability.higham9_14_tridiag_diagDom_fu_bound_tight	NumStability.higham9_14_tridiag_diagDom_fu_bound_tight	NumStability.higham9_14_tridiag_diagDom_fu_bound_tight	NumStability.higham9_14_tridiag_diagDom_fu_bound_tight	authored	22795	0	22822	11	22797	8	22797	49	DBCD4B7D26BDFDCB0714CAC611E23FC0107BE0BF2325E0402C83320E2C409474	NumStability.Source.Higham.Chapter09.Section06
route	NumStability.Algorithms.HighamChapter9	NumStability.higham9_14_tridiag_rowDiagDom_fu_bound_from_LUFactSpec	NumStability.higham9_14_tridiag_rowDiagDom_fu_bound_from_LUFactSpec	NumStability.higham9_14_tridiag_rowDiagDom_fu_bound_from_LUFactSpec	NumStability.higham9_14_tridiag_rowDiagDom_fu_bound_from_LUFactSpec	authored	23130	0	23161	49	23134	8	23134	62	9CCF5EFBEB66BE4BB32B94576BB8B897177AF5BFC854B86E31150A13246E6EA9	NumStability.Source.Higham.Chapter09.Section06
route	NumStability.Algorithms.HighamChapter9	NumStability.higham9_14_tridiag_rowDiagDom_fu_bound_from_builders	NumStability.higham9_14_tridiag_rowDiagDom_fu_bound_from_builders	NumStability.higham9_14_tridiag_rowDiagDom_fu_bound_from_builders	NumStability.higham9_14_tridiag_rowDiagDom_fu_bound_from_builders	authored	22956	0	23003	23	22958	8	22958	60	81AB5EDF4A44A5DBFFF1FD925CD10EBB8CFB17F12D10BB9B3E6F6D740AFBF4C3	NumStability.Source.Higham.Chapter09.Section06
route	NumStability.Algorithms.HighamChapter9	NumStability.higham9_14_tridiag_rowDiagDom_fu_bound_from_recurrence	NumStability.higham9_14_tridiag_rowDiagDom_fu_bound_from_recurrence	NumStability.higham9_14_tridiag_rowDiagDom_fu_bound_from_recurrence	NumStability.higham9_14_tridiag_rowDiagDom_fu_bound_from_recurrence	authored	23052	0	23092	23	23054	8	23054	62	317E1350979A8A8063BAC7D31C993C6232B39873D65C4481584E2C101B9E1A7B	NumStability.Source.Higham.Chapter09.Section06
route	NumStability.Algorithms.HighamChapter9	NumStability.higham9_14_tridiag_rowDiagDom_fu_bound_from_structural_growth	NumStability.higham9_14_tridiag_rowDiagDom_fu_bound_from_structural_growth	NumStability.higham9_14_tridiag_rowDiagDom_fu_bound_from_structural_growth	NumStability.higham9_14_tridiag_rowDiagDom_fu_bound_from_structural_growth	authored	22864	0	22899	43	22871	8	22871	69	2B9B0C896DBDCF8DD7865A2D07301CAEC6C5464AFBA7A174A8737D1A46319F18	NumStability.Source.Higham.Chapter09.Section06
route	NumStability.Algorithms.HighamChapter9	NumStability.higham9_14_tridiag_rowDiagDom_source_f_bound_from_LUBackwardError_fl_triangular_solves	NumStability.higham9_14_tridiag_rowDiagDom_source_f_bound_from_LUBackwardError_fl_triangular_solves	NumStability.higham9_14_tridiag_rowDiagDom_source_f_bound_from_LUBackwardError_fl_triangular_solves	NumStability.higham9_14_tridiag_rowDiagDom_source_f_bound_from_LUBackwardError_fl_triangular_solves	authored	35433	0	35457	49	35435	8	35435	94	F49E75F7ACE04899F7428D4F44BFAA187EB04CC6C26466AD5DC2127879501A22	NumStability.Source.Higham.Chapter09.Section06
route	NumStability.Algorithms.HighamChapter9	NumStability.higham9_14_tridiag_rowDiagDom_source_f_bound_from_LUBackwardError_fl_triangular_solves_gamma	NumStability.higham9_14_tridiag_rowDiagDom_source_f_bound_from_LUBackwardError_fl_triangular_solves_gamma	NumStability.higham9_14_tridiag_rowDiagDom_source_f_bound_from_LUBackwardError_fl_triangular_solves_gamma	NumStability.higham9_14_tridiag_rowDiagDom_source_f_bound_from_LUBackwardError_fl_triangular_solves_gamma	authored	36440	0	36462	51	36442	8	36442	100	831CD22C280A37C4BFC314E3EE0F273F0B531A35FB2F8B4085CF2F29389AAEA8	NumStability.Source.Higham.Chapter09.Section06
route	NumStability.Algorithms.HighamChapter9	NumStability.higham9_14_tridiag_rowDiagDom_source_f_bound_from_LUFactSpec	NumStability.higham9_14_tridiag_rowDiagDom_source_f_bound_from_LUFactSpec	NumStability.higham9_14_tridiag_rowDiagDom_source_f_bound_from_LUFactSpec	NumStability.higham9_14_tridiag_rowDiagDom_source_f_bound_from_LUFactSpec	authored	34988	0	35009	35	34989	8	34989	68	03316CD5C76224549A88833EDBBCC5976BEFC7E8E3AE1AB215C2A9FCF09CC18D	NumStability.Source.Higham.Chapter09.Section06
route	NumStability.Algorithms.HighamChapter9	NumStability.higham9_14_tridiag_rowDiagDom_source_f_bound_from_LUFactSpec_fl_triangular_solves	NumStability.higham9_14_tridiag_rowDiagDom_source_f_bound_from_LUFactSpec_fl_triangular_solves	NumStability.higham9_14_tridiag_rowDiagDom_source_f_bound_from_LUFactSpec_fl_triangular_solves	NumStability.higham9_14_tridiag_rowDiagDom_source_f_bound_from_LUFactSpec_fl_triangular_solves	authored	35533	0	35553	43	35535	8	35535	89	534235E44E643FFCAEA2B4C2A75C3AA282D127EB227CDE050B46B4AA0C68D517	NumStability.Source.Higham.Chapter09.Section06
route	NumStability.Algorithms.HighamChapter9	NumStability.higham9_14_tridiag_rowDiagDom_source_f_bound_from_LUFactSpec_fl_triangular_solves_gamma	NumStability.higham9_14_tridiag_rowDiagDom_source_f_bound_from_LUFactSpec_fl_triangular_solves_gamma	NumStability.higham9_14_tridiag_rowDiagDom_source_f_bound_from_LUFactSpec_fl_triangular_solves_gamma	NumStability.higham9_14_tridiag_rowDiagDom_source_f_bound_from_LUFactSpec_fl_triangular_solves_gamma	authored	36535	0	36554	32	36537	8	36537	95	DCC2D2BD31F55322BC61EF210E3D466C72D494C68E6D7AA9AE8D4B22302339E6	NumStability.Source.Higham.Chapter09.Section06
route	NumStability.Algorithms.HighamChapter9	NumStability.higham9_14_tridiag_rowDiagDom_source_f_bound_from_LUFactSpec_gamma	NumStability.higham9_14_tridiag_rowDiagDom_source_f_bound_from_LUFactSpec_gamma	NumStability.higham9_14_tridiag_rowDiagDom_source_f_bound_from_LUFactSpec_gamma	NumStability.higham9_14_tridiag_rowDiagDom_source_f_bound_from_LUFactSpec_gamma	authored	35329	0	35350	64	35330	8	35330	74	E24E6DAEDF0867ED82ED8A3AE0260A5956166D843333F58DF962FD78D05E4B8C	NumStability.Source.Higham.Chapter09.Section06
route	NumStability.Algorithms.HighamChapter9	NumStability.higham9_14_tridiag_rowDiagDom_source_f_bound_from_builders	NumStability.higham9_14_tridiag_rowDiagDom_source_f_bound_from_builders	NumStability.higham9_14_tridiag_rowDiagDom_source_f_bound_from_builders	NumStability.higham9_14_tridiag_rowDiagDom_source_f_bound_from_builders	authored	33991	0	34022	35	33992	8	33992	66	EC8B2398C103771C9C06734BEC1B18DA3EE7EF653BFC5851B80BFB9C9AF96395	NumStability.Source.Higham.Chapter09.Section06
route	NumStability.Algorithms.HighamChapter9	NumStability.higham9_14_tridiag_rowDiagDom_source_f_bound_from_builders_LUBackwardError_fl_triangular_solves	NumStability.higham9_14_tridiag_rowDiagDom_source_f_bound_from_builders_LUBackwardError_fl_triangular_solves	NumStability.higham9_14_tridiag_rowDiagDom_source_f_bound_from_builders_LUBackwardError_fl_triangular_solves	NumStability.higham9_14_tridiag_rowDiagDom_source_f_bound_from_builders_LUBackwardError_fl_triangular_solves	authored	34495	0	34527	38	34497	8	34497	103	3500C23D9F614916BC420BAE4AA747A0761CC9F5CC12289B4F95C9A52F60D9E5	NumStability.Source.Higham.Chapter09.Section06
route	NumStability.Algorithms.HighamChapter9	NumStability.higham9_14_tridiag_rowDiagDom_source_f_bound_from_builders_LUBackwardError_fl_triangular_solves_gamma	NumStability.higham9_14_tridiag_rowDiagDom_source_f_bound_from_builders_LUBackwardError_fl_triangular_solves_gamma	NumStability.higham9_14_tridiag_rowDiagDom_source_f_bound_from_builders_LUBackwardError_fl_triangular_solves_gamma	NumStability.higham9_14_tridiag_rowDiagDom_source_f_bound_from_builders_LUBackwardError_fl_triangular_solves_gamma	authored	35993	0	36022	48	35995	8	35995	109	4BCCCE35D588983827FEA8C8DFA4BAFFEA0A1FB375873535AA8A45320BFF3F37	NumStability.Source.Higham.Chapter09.Section06
route	NumStability.Algorithms.HighamChapter9	NumStability.higham9_14_tridiag_rowDiagDom_source_f_bound_from_builders_LUFactSpec_fl_triangular_solves	NumStability.higham9_14_tridiag_rowDiagDom_source_f_bound_from_builders_LUFactSpec_fl_triangular_solves	NumStability.higham9_14_tridiag_rowDiagDom_source_f_bound_from_builders_LUFactSpec_fl_triangular_solves	NumStability.higham9_14_tridiag_rowDiagDom_source_f_bound_from_builders_LUFactSpec_fl_triangular_solves	authored	34754	0	34785	38	34756	8	34756	98	CBE3EDB2EA3059BA85988255B670D83EAC0D71335E809BE4077A8BD81258BE37	NumStability.Source.Higham.Chapter09.Section06
route	NumStability.Algorithms.HighamChapter9	NumStability.higham9_14_tridiag_rowDiagDom_source_f_bound_from_builders_LUFactSpec_fl_triangular_solves_gamma	NumStability.higham9_14_tridiag_rowDiagDom_source_f_bound_from_builders_LUFactSpec_fl_triangular_solves_gamma	NumStability.higham9_14_tridiag_rowDiagDom_source_f_bound_from_builders_LUFactSpec_fl_triangular_solves_gamma	NumStability.higham9_14_tridiag_rowDiagDom_source_f_bound_from_builders_LUFactSpec_fl_triangular_solves_gamma	authored	36232	0	36257	29	36234	8	36234	104	4D870DC82C1D5F97DED65B8CF0427948874218F1033068456926B0184E58C86D	NumStability.Source.Higham.Chapter09.Section06
route	NumStability.Algorithms.HighamChapter9	NumStability.higham9_14_tridiag_rowDiagDom_source_f_bound_from_builders_gamma	NumStability.higham9_14_tridiag_rowDiagDom_source_f_bound_from_builders_gamma	NumStability.higham9_14_tridiag_rowDiagDom_source_f_bound_from_builders_gamma	NumStability.higham9_14_tridiag_rowDiagDom_source_f_bound_from_builders_gamma	authored	34245	0	34275	53	34247	8	34247	72	7E48D513388BB40E0149B4CFF0CBE979A8D9E99F95D0914892B279C30D7C53CB	NumStability.Source.Higham.Chapter09.Section06
route	NumStability.Algorithms.HighamChapter9	NumStability.higham9_14_tridiag_rowDiagDom_source_f_bound_from_recurrence	NumStability.higham9_14_tridiag_rowDiagDom_source_f_bound_from_recurrence	NumStability.higham9_14_tridiag_rowDiagDom_source_f_bound_from_recurrence	NumStability.higham9_14_tridiag_rowDiagDom_source_f_bound_from_recurrence	authored	34055	0	34080	43	34056	8	34056	68	D5BDCA02A105BB67B9E804C636E71C804AE2283771D413A94DAE792B4D7712CD	NumStability.Source.Higham.Chapter09.Section06
route	NumStability.Algorithms.HighamChapter9	NumStability.higham9_14_tridiag_rowDiagDom_source_f_bound_from_recurrence_LUBackwardError_fl_triangular_solves	NumStability.higham9_14_tridiag_rowDiagDom_source_f_bound_from_recurrence_LUBackwardError_fl_triangular_solves	NumStability.higham9_14_tridiag_rowDiagDom_source_f_bound_from_recurrence_LUBackwardError_fl_triangular_solves	NumStability.higham9_14_tridiag_rowDiagDom_source_f_bound_from_recurrence_LUBackwardError_fl_triangular_solves	authored	34559	0	34586	11	34561	8	34561	105	9319BF5742FA4D7DCF8FEC5F232C4384F33450A960E2173A520E869B2567FAA9	NumStability.Source.Higham.Chapter09.Section06
route	NumStability.Algorithms.HighamChapter9	NumStability.higham9_14_tridiag_rowDiagDom_source_f_bound_from_recurrence_LUBackwardError_fl_triangular_solves_gamma	NumStability.higham9_14_tridiag_rowDiagDom_source_f_bound_from_recurrence_LUBackwardError_fl_triangular_solves_gamma	NumStability.higham9_14_tridiag_rowDiagDom_source_f_bound_from_recurrence_LUBackwardError_fl_triangular_solves_gamma	NumStability.higham9_14_tridiag_rowDiagDom_source_f_bound_from_recurrence_LUBackwardError_fl_triangular_solves_gamma	authored	36053	0	36079	43	36055	8	36055	111	4BAB6DB613B114109B68913518CF8D35EC16BCDDD3A8D15BE0400E0860239AC5	NumStability.Source.Higham.Chapter09.Section06
route	NumStability.Algorithms.HighamChapter9	NumStability.higham9_14_tridiag_rowDiagDom_source_f_bound_from_recurrence_LUFactSpec_fl_triangular_solves	NumStability.higham9_14_tridiag_rowDiagDom_source_f_bound_from_recurrence_LUFactSpec_fl_triangular_solves	NumStability.higham9_14_tridiag_rowDiagDom_source_f_bound_from_recurrence_LUFactSpec_fl_triangular_solves	NumStability.higham9_14_tridiag_rowDiagDom_source_f_bound_from_recurrence_LUFactSpec_fl_triangular_solves	authored	34814	0	34838	11	34816	8	34816	100	837C5B93A430FD34F2FAAF0316DF5275FDE3BE29C10B1319F85A553E65A83321	NumStability.Source.Higham.Chapter09.Section06
route	NumStability.Algorithms.HighamChapter9	NumStability.higham9_14_tridiag_rowDiagDom_source_f_bound_from_recurrence_LUFactSpec_fl_triangular_solves_gamma	NumStability.higham9_14_tridiag_rowDiagDom_source_f_bound_from_recurrence_LUFactSpec_fl_triangular_solves_gamma	NumStability.higham9_14_tridiag_rowDiagDom_source_f_bound_from_recurrence_LUFactSpec_fl_triangular_solves_gamma	NumStability.higham9_14_tridiag_rowDiagDom_source_f_bound_from_recurrence_LUFactSpec_fl_triangular_solves_gamma	authored	36284	0	36306	24	36286	8	36286	106	623096B0DEFB970568E3A957EF06FE5A58F995701F3ADA352D8B356A20FD0D4E	NumStability.Source.Higham.Chapter09.Section06
route	NumStability.Algorithms.HighamChapter9	NumStability.higham9_14_tridiag_rowDiagDom_source_f_bound_from_recurrence_gamma	NumStability.higham9_14_tridiag_rowDiagDom_source_f_bound_from_recurrence_gamma	NumStability.higham9_14_tridiag_rowDiagDom_source_f_bound_from_recurrence_gamma	NumStability.higham9_14_tridiag_rowDiagDom_source_f_bound_from_recurrence_gamma	authored	34307	0	34334	48	34309	8	34309	74	2DE320A1D6D375173E5B7471244B3E54FFA9434FE68060677579DFC9F9C16D11	NumStability.Source.Higham.Chapter09.Section06
route	NumStability.Algorithms.HighamChapter9	NumStability.higham9_14_tridiag_rowDiagDom_source_f_bound_of_RectDoolittleRoundedStageTrace_square_fl_triangular_solves_gamma	NumStability.higham9_14_tridiag_rowDiagDom_source_f_bound_of_RectDoolittleRoundedStageTrace_square_fl_triangular_solves_gamma	NumStability.higham9_14_tridiag_rowDiagDom_source_f_bound_of_RectDoolittleRoundedStageTrace_square_fl_triangular_solves_gamma	NumStability.higham9_14_tridiag_rowDiagDom_source_f_bound_of_RectDoolittleRoundedStageTrace_square_fl_triangular_solves_gamma	authored	28252	0	28279	68	28254	8	28254	120	AD65EF1A91F0FC05AFCF0E298129807753C1AA2B7270F192F31DF13F9933FAEC	NumStability.Source.Higham.Chapter09.Section06
route	NumStability.Algorithms.HighamChapter9	NumStability.higham9_14_tridiag_rowDiagDom_source_f_bound_of_RectDoolittleRoundedStageTrace_square_fl_triangular_solves_gamma_le	NumStability.higham9_14_tridiag_rowDiagDom_source_f_bound_of_RectDoolittleRoundedStageTrace_square_fl_triangular_solves_gamma_le	NumStability.higham9_14_tridiag_rowDiagDom_source_f_bound_of_RectDoolittleRoundedStageTrace_square_fl_triangular_solves_gamma_le	NumStability.higham9_14_tridiag_rowDiagDom_source_f_bound_of_RectDoolittleRoundedStageTrace_square_fl_triangular_solves_gamma_le	authored	28190	0	28221	49	28192	8	28192	123	E7125C17EB5F7459BB895D0EA7AF6888BFF6A52F9F0A314ED2BF5DDC64E373E7	NumStability.Source.Higham.Chapter09.Section06
route	NumStability.Algorithms.HighamChapter9	NumStability.higham9_14_tridiag_rowDiagDom_source_f_bound_of_RectDoolittleRoundedStageTrace_square_models_gamma	NumStability.higham9_14_tridiag_rowDiagDom_source_f_bound_of_RectDoolittleRoundedStageTrace_square_models_gamma	NumStability.higham9_14_tridiag_rowDiagDom_source_f_bound_of_RectDoolittleRoundedStageTrace_square_models_gamma	NumStability.higham9_14_tridiag_rowDiagDom_source_f_bound_of_RectDoolittleRoundedStageTrace_square_models_gamma	authored	28452	0	28490	37	28454	8	28454	106	74BBA16D7E08D30851E318917009E564B81265E8841E7021547BCCBFF862E6E8	NumStability.Source.Higham.Chapter09.Section06
route	NumStability.Algorithms.HighamChapter9	NumStability.higham9_14_tridiag_rowDiagDom_source_f_bound_of_rectRoundedLoop_square_fl_triangular_solves_gamma	NumStability.higham9_14_tridiag_rowDiagDom_source_f_bound_of_rectRoundedLoop_square_fl_triangular_solves_gamma	NumStability.higham9_14_tridiag_rowDiagDom_source_f_bound_of_rectRoundedLoop_square_fl_triangular_solves_gamma	NumStability.higham9_14_tridiag_rowDiagDom_source_f_bound_of_rectRoundedLoop_square_fl_triangular_solves_gamma	authored	31654	0	31692	57	31656	8	31656	105	8AAF48902783FE6318EC407879125E59E3A2BAC7A242F7F25605593BC61F82E2	NumStability.Source.Higham.Chapter09.Section06
route	NumStability.Algorithms.HighamChapter9	NumStability.higham9_14_tridiag_rowDiagDom_source_f_bound_of_rectRoundedLoop_square_fl_triangular_solves_gamma_le	NumStability.higham9_14_tridiag_rowDiagDom_source_f_bound_of_rectRoundedLoop_square_fl_triangular_solves_gamma_le	NumStability.higham9_14_tridiag_rowDiagDom_source_f_bound_of_rectRoundedLoop_square_fl_triangular_solves_gamma_le	NumStability.higham9_14_tridiag_rowDiagDom_source_f_bound_of_rectRoundedLoop_square_fl_triangular_solves_gamma_le	authored	31567	0	31612	37	31569	8	31569	108	51ABCC357B5424440C226D38DD7BD67761CC7910349086FB953EDB37CC0CA57A	NumStability.Source.Higham.Chapter09.Section06
route	NumStability.Algorithms.HighamChapter9	NumStability.higham9_14_tridiag_rowDiagDom_source_f_bound_of_rectRoundedLoop_square_models_gamma	NumStability.higham9_14_tridiag_rowDiagDom_source_f_bound_of_rectRoundedLoop_square_models_gamma	NumStability.higham9_14_tridiag_rowDiagDom_source_f_bound_of_rectRoundedLoop_square_models_gamma	NumStability.higham9_14_tridiag_rowDiagDom_source_f_bound_of_rectRoundedLoop_square_models_gamma	authored	31929	0	31981	37	31931	8	31931	91	E9DB904DAD1F2FBF492D5B63C1CAB0C06FC1A670AF4C196A84D212EB4E4473C9	NumStability.Source.Higham.Chapter09.Section06
route	NumStability.Algorithms.HighamChapter9	NumStability.higham9_14_tridiag_rowDiagDom_source_h_bound_from_LUBackwardError_fl_triangular_solves	NumStability.higham9_14_tridiag_rowDiagDom_source_h_bound_from_LUBackwardError_fl_triangular_solves	NumStability.higham9_14_tridiag_rowDiagDom_source_h_bound_from_LUBackwardError_fl_triangular_solves	NumStability.higham9_14_tridiag_rowDiagDom_source_h_bound_from_LUBackwardError_fl_triangular_solves	authored	35485	0	35509	49	35487	8	35487	94	46B01CA131D77461798535830E836B36180D6DB153E244542ECB29A0D2E5817F	NumStability.Source.Higham.Chapter09.Section06
route	NumStability.Algorithms.HighamChapter9	NumStability.higham9_14_tridiag_rowDiagDom_source_h_bound_from_LUBackwardError_fl_triangular_solves_gamma	NumStability.higham9_14_tridiag_rowDiagDom_source_h_bound_from_LUBackwardError_fl_triangular_solves_gamma	NumStability.higham9_14_tridiag_rowDiagDom_source_h_bound_from_LUBackwardError_fl_triangular_solves_gamma	NumStability.higham9_14_tridiag_rowDiagDom_source_h_bound_from_LUBackwardError_fl_triangular_solves_gamma	authored	36489	0	36512	58	36491	8	36491	100	1FD68AE65F5671E901FBD4AD87E0B353C2035A165B19F4C3F1E0517D2B16763A	NumStability.Source.Higham.Chapter09.Section06
route	NumStability.Algorithms.HighamChapter9	NumStability.higham9_14_tridiag_rowDiagDom_source_h_bound_from_LUFactSpec	NumStability.higham9_14_tridiag_rowDiagDom_source_h_bound_from_LUFactSpec	NumStability.higham9_14_tridiag_rowDiagDom_source_h_bound_from_LUFactSpec	NumStability.higham9_14_tridiag_rowDiagDom_source_h_bound_from_LUFactSpec	authored	35038	0	35059	35	35039	8	35039	68	C81EBE68734E85C124B9B7C354F3ABD1C9C8E4A034AC5B05431522D4DFF451A0	NumStability.Source.Higham.Chapter09.Section06
route	NumStability.Algorithms.HighamChapter9	NumStability.higham9_14_tridiag_rowDiagDom_source_h_bound_from_LUFactSpec_fl_triangular_solves	NumStability.higham9_14_tridiag_rowDiagDom_source_h_bound_from_LUFactSpec_fl_triangular_solves	NumStability.higham9_14_tridiag_rowDiagDom_source_h_bound_from_LUFactSpec_fl_triangular_solves	NumStability.higham9_14_tridiag_rowDiagDom_source_h_bound_from_LUFactSpec_fl_triangular_solves	authored	35578	0	35599	22	35580	8	35580	89	9C224DD87B4D1862E95D600D322937E00EDD0D794582D4B41B94283A4E2B27AE	NumStability.Source.Higham.Chapter09.Section06
route	NumStability.Algorithms.HighamChapter9	NumStability.higham9_14_tridiag_rowDiagDom_source_h_bound_from_LUFactSpec_fl_triangular_solves_gamma	NumStability.higham9_14_tridiag_rowDiagDom_source_h_bound_from_LUFactSpec_fl_triangular_solves_gamma	NumStability.higham9_14_tridiag_rowDiagDom_source_h_bound_from_LUFactSpec_fl_triangular_solves_gamma	NumStability.higham9_14_tridiag_rowDiagDom_source_h_bound_from_LUFactSpec_fl_triangular_solves_gamma	authored	36578	0	36598	42	36580	8	36580	95	5A0A7981A64EB81A844D0D9084F3E25F44D328A69811832C37EB6C9C1FA356C5	NumStability.Source.Higham.Chapter09.Section06
route	NumStability.Algorithms.HighamChapter9	NumStability.higham9_14_tridiag_rowDiagDom_source_h_bound_from_LUFactSpec_gamma	NumStability.higham9_14_tridiag_rowDiagDom_source_h_bound_from_LUFactSpec_gamma	NumStability.higham9_14_tridiag_rowDiagDom_source_h_bound_from_LUFactSpec_gamma	NumStability.higham9_14_tridiag_rowDiagDom_source_h_bound_from_LUFactSpec_gamma	authored	35377	0	35399	35	35378	8	35378	74	8926D580BD1832AC37EADDF5B59EBE0BD29DF58DC13CE9466B14C570DDC2C2EF	NumStability.Source.Higham.Chapter09.Section06
route	NumStability.Algorithms.HighamChapter9	NumStability.higham9_14_tridiag_rowDiagDom_source_h_bound_from_builders	NumStability.higham9_14_tridiag_rowDiagDom_source_h_bound_from_builders	NumStability.higham9_14_tridiag_rowDiagDom_source_h_bound_from_builders	NumStability.higham9_14_tridiag_rowDiagDom_source_h_bound_from_builders	authored	34122	0	34153	35	34123	8	34123	66	F77AFCE7BF8470724E6009399F80E0FD62A923E60578ADE2B797B2BCE7245FE0	NumStability.Source.Higham.Chapter09.Section06
route	NumStability.Algorithms.HighamChapter9	NumStability.higham9_14_tridiag_rowDiagDom_source_h_bound_from_builders_LUBackwardError_fl_triangular_solves	NumStability.higham9_14_tridiag_rowDiagDom_source_h_bound_from_builders_LUBackwardError_fl_triangular_solves	NumStability.higham9_14_tridiag_rowDiagDom_source_h_bound_from_builders_LUBackwardError_fl_triangular_solves	NumStability.higham9_14_tridiag_rowDiagDom_source_h_bound_from_builders_LUBackwardError_fl_triangular_solves	authored	34623	0	34655	38	34625	8	34625	103	70C0A0DD4258FEE96E4142C25D6C423F11E16965AD287A2B0AFCCB68B7EB264D	NumStability.Source.Higham.Chapter09.Section06
route	NumStability.Algorithms.HighamChapter9	NumStability.higham9_14_tridiag_rowDiagDom_source_h_bound_from_builders_LUBackwardError_fl_triangular_solves_gamma	NumStability.higham9_14_tridiag_rowDiagDom_source_h_bound_from_builders_LUBackwardError_fl_triangular_solves_gamma	NumStability.higham9_14_tridiag_rowDiagDom_source_h_bound_from_builders_LUBackwardError_fl_triangular_solves_gamma	NumStability.higham9_14_tridiag_rowDiagDom_source_h_bound_from_builders_LUBackwardError_fl_triangular_solves_gamma	authored	36114	0	36143	55	36115	8	36115	109	3175FFCA203AD568CC2A0E4D6B1D009270A4DDCCDAF92925A28B083E616A9CD3	NumStability.Source.Higham.Chapter09.Section06
route	NumStability.Algorithms.HighamChapter9	NumStability.higham9_14_tridiag_rowDiagDom_source_h_bound_from_builders_LUFactSpec_fl_triangular_solves	NumStability.higham9_14_tridiag_rowDiagDom_source_h_bound_from_builders_LUFactSpec_fl_triangular_solves	NumStability.higham9_14_tridiag_rowDiagDom_source_h_bound_from_builders_LUFactSpec_fl_triangular_solves	NumStability.higham9_14_tridiag_rowDiagDom_source_h_bound_from_builders_LUFactSpec_fl_triangular_solves	authored	34874	0	34905	38	34876	8	34876	98	73F9A202F32800672B0B41A0DF10638BB310D288A47CF1F1CA239C80A3D8B02D	NumStability.Source.Higham.Chapter09.Section06
route	NumStability.Algorithms.HighamChapter9	NumStability.higham9_14_tridiag_rowDiagDom_source_h_bound_from_builders_LUFactSpec_fl_triangular_solves_gamma	NumStability.higham9_14_tridiag_rowDiagDom_source_h_bound_from_builders_LUFactSpec_fl_triangular_solves_gamma	NumStability.higham9_14_tridiag_rowDiagDom_source_h_bound_from_builders_LUFactSpec_fl_triangular_solves_gamma	NumStability.higham9_14_tridiag_rowDiagDom_source_h_bound_from_builders_LUFactSpec_fl_triangular_solves_gamma	authored	36337	0	36363	39	36339	8	36339	104	CE967BA6BC5CF41320698118FD5814701241246BAF4875DF7B70CBAD365C057F	NumStability.Source.Higham.Chapter09.Section06
route	NumStability.Algorithms.HighamChapter9	NumStability.higham9_14_tridiag_rowDiagDom_source_h_bound_from_builders_gamma	NumStability.higham9_14_tridiag_rowDiagDom_source_h_bound_from_builders_gamma	NumStability.higham9_14_tridiag_rowDiagDom_source_h_bound_from_builders_gamma	NumStability.higham9_14_tridiag_rowDiagDom_source_h_bound_from_builders_gamma	authored	34369	0	34399	67	34371	8	34371	72	968279792D88F382D92D26F608E04D79A4E8CAA7A8A7E06D4FA55A18D16B640D	NumStability.Source.Higham.Chapter09.Section06
route	NumStability.Algorithms.HighamChapter9	NumStability.higham9_14_tridiag_rowDiagDom_source_h_bound_from_recurrence	NumStability.higham9_14_tridiag_rowDiagDom_source_h_bound_from_recurrence	NumStability.higham9_14_tridiag_rowDiagDom_source_h_bound_from_recurrence	NumStability.higham9_14_tridiag_rowDiagDom_source_h_bound_from_recurrence	authored	34184	0	34210	43	34186	8	34186	68	A39D0ECDC79ED6EB70DA7F3AE7EE08E54663E9DBEEF2A118E2DC6164041499B9	NumStability.Source.Higham.Chapter09.Section06
route	NumStability.Algorithms.HighamChapter9	NumStability.higham9_14_tridiag_rowDiagDom_source_h_bound_from_recurrence_LUBackwardError_fl_triangular_solves	NumStability.higham9_14_tridiag_rowDiagDom_source_h_bound_from_recurrence_LUBackwardError_fl_triangular_solves	NumStability.higham9_14_tridiag_rowDiagDom_source_h_bound_from_recurrence_LUBackwardError_fl_triangular_solves	NumStability.higham9_14_tridiag_rowDiagDom_source_h_bound_from_recurrence_LUBackwardError_fl_triangular_solves	authored	34687	0	34714	11	34689	8	34689	105	CD1550922BAB00176228592F071A1A5BE1329DCB7478D44DA856448C279F20DF	NumStability.Source.Higham.Chapter09.Section06
route	NumStability.Algorithms.HighamChapter9	NumStability.higham9_14_tridiag_rowDiagDom_source_h_bound_from_recurrence_LUBackwardError_fl_triangular_solves_gamma	NumStability.higham9_14_tridiag_rowDiagDom_source_h_bound_from_recurrence_LUBackwardError_fl_triangular_solves_gamma	NumStability.higham9_14_tridiag_rowDiagDom_source_h_bound_from_recurrence_LUBackwardError_fl_triangular_solves_gamma	NumStability.higham9_14_tridiag_rowDiagDom_source_h_bound_from_recurrence_LUBackwardError_fl_triangular_solves_gamma	authored	36175	0	36202	50	36177	8	36177	111	B2EF3A74BF27F18440A4400269B1D74DAF5727C96527FE12074B31B30A1C2478	NumStability.Source.Higham.Chapter09.Section06
route	NumStability.Algorithms.HighamChapter9	NumStability.higham9_14_tridiag_rowDiagDom_source_h_bound_from_recurrence_LUFactSpec_fl_triangular_solves	NumStability.higham9_14_tridiag_rowDiagDom_source_h_bound_from_recurrence_LUFactSpec_fl_triangular_solves	NumStability.higham9_14_tridiag_rowDiagDom_source_h_bound_from_recurrence_LUFactSpec_fl_triangular_solves	NumStability.higham9_14_tridiag_rowDiagDom_source_h_bound_from_recurrence_LUFactSpec_fl_triangular_solves	authored	34934	0	34958	11	34936	8	34936	100	1B4CCCA1E930CB79B61948A4E8F0A6F2A33F37EF962C2430B9AB71A951E3AEC7	NumStability.Source.Higham.Chapter09.Section06
route	NumStability.Algorithms.HighamChapter9	NumStability.higham9_14_tridiag_rowDiagDom_source_h_bound_from_recurrence_LUFactSpec_fl_triangular_solves_gamma	NumStability.higham9_14_tridiag_rowDiagDom_source_h_bound_from_recurrence_LUFactSpec_fl_triangular_solves_gamma	NumStability.higham9_14_tridiag_rowDiagDom_source_h_bound_from_recurrence_LUFactSpec_fl_triangular_solves_gamma	NumStability.higham9_14_tridiag_rowDiagDom_source_h_bound_from_recurrence_LUFactSpec_fl_triangular_solves_gamma	authored	36391	0	36414	34	36393	8	36393	106	B9D7E5C703CBD7F4E79E25633E794A3BFD7BEF5B2B60CA63834D02095D0CB6E1	NumStability.Source.Higham.Chapter09.Section06
route	NumStability.Algorithms.HighamChapter9	NumStability.higham9_14_tridiag_rowDiagDom_source_h_bound_from_recurrence_gamma	NumStability.higham9_14_tridiag_rowDiagDom_source_h_bound_from_recurrence_gamma	NumStability.higham9_14_tridiag_rowDiagDom_source_h_bound_from_recurrence_gamma	NumStability.higham9_14_tridiag_rowDiagDom_source_h_bound_from_recurrence_gamma	authored	34431	0	34458	62	34433	8	34433	74	23D547FCA3481FCAAA080B2ABFF9E083CAAFC7ADEE15A86C348CBC3A5EC32BE3	NumStability.Source.Higham.Chapter09.Section06
route	NumStability.Algorithms.HighamChapter9	NumStability.higham9_14_tridiag_rowDiagDom_source_h_bound_of_RectDoolittleRoundedStageTrace_square_fl_triangular_solves_const_gamma	NumStability.higham9_14_tridiag_rowDiagDom_source_h_bound_of_RectDoolittleRoundedStageTrace_square_fl_triangular_solves_const_gamma	NumStability.higham9_14_tridiag_rowDiagDom_source_h_bound_of_RectDoolittleRoundedStageTrace_square_fl_triangular_solves_const_gamma	NumStability.higham9_14_tridiag_rowDiagDom_source_h_bound_of_RectDoolittleRoundedStageTrace_square_fl_triangular_solves_const_gamma	authored	28377	0	28405	71	28379	8	28379	126	666FF3635605D261F718D352A82177A04BF5C83EDB55E1E91FEDB7C00D102D26	NumStability.Source.Higham.Chapter09.Section06
route	NumStability.Algorithms.HighamChapter9	NumStability.higham9_14_tridiag_rowDiagDom_source_h_bound_of_RectDoolittleRoundedStageTrace_square_fl_triangular_solves_const_gamma_le	NumStability.higham9_14_tridiag_rowDiagDom_source_h_bound_of_RectDoolittleRoundedStageTrace_square_fl_triangular_solves_const_gamma_le	NumStability.higham9_14_tridiag_rowDiagDom_source_h_bound_of_RectDoolittleRoundedStageTrace_square_fl_triangular_solves_const_gamma_le	NumStability.higham9_14_tridiag_rowDiagDom_source_h_bound_of_RectDoolittleRoundedStageTrace_square_fl_triangular_solves_const_gamma_le	authored	28314	0	28345	49	28316	8	28316	129	1AF98C7A1BE1105F387C9500C77A9571758A815943A642D954BB65A9F880DDFA	NumStability.Source.Higham.Chapter09.Section06
route	NumStability.Algorithms.HighamChapter9	NumStability.higham9_14_tridiag_rowDiagDom_source_h_bound_of_RectDoolittleRoundedStageTrace_square_models_gamma	NumStability.higham9_14_tridiag_rowDiagDom_source_h_bound_of_RectDoolittleRoundedStageTrace_square_models_gamma	NumStability.higham9_14_tridiag_rowDiagDom_source_h_bound_of_RectDoolittleRoundedStageTrace_square_models_gamma	NumStability.higham9_14_tridiag_rowDiagDom_source_h_bound_of_RectDoolittleRoundedStageTrace_square_models_gamma	authored	28533	0	28572	37	28535	8	28535	106	202111B34148056DC62CEAB4DE2FD6C8AF1AED7F2B6739CD915B461070E5E454	NumStability.Source.Higham.Chapter09.Section06
route	NumStability.Algorithms.HighamChapter9	NumStability.higham9_14_tridiag_rowDiagDom_source_h_bound_of_rectRoundedLoop_square_fl_triangular_solves_const_gamma	NumStability.higham9_14_tridiag_rowDiagDom_source_h_bound_of_rectRoundedLoop_square_fl_triangular_solves_const_gamma	NumStability.higham9_14_tridiag_rowDiagDom_source_h_bound_of_rectRoundedLoop_square_fl_triangular_solves_const_gamma	NumStability.higham9_14_tridiag_rowDiagDom_source_h_bound_of_rectRoundedLoop_square_fl_triangular_solves_const_gamma	authored	31829	0	31868	65	31831	8	31831	111	07F66103E99B47523DB69988FE24890C6196CA6F21DCF10F2D59B20F8F3134DD	NumStability.Source.Higham.Chapter09.Section06
route	NumStability.Algorithms.HighamChapter9	NumStability.higham9_14_tridiag_rowDiagDom_source_h_bound_of_rectRoundedLoop_square_fl_triangular_solves_const_gamma_le	NumStability.higham9_14_tridiag_rowDiagDom_source_h_bound_of_rectRoundedLoop_square_fl_triangular_solves_const_gamma_le	NumStability.higham9_14_tridiag_rowDiagDom_source_h_bound_of_rectRoundedLoop_square_fl_triangular_solves_const_gamma_le	NumStability.higham9_14_tridiag_rowDiagDom_source_h_bound_of_rectRoundedLoop_square_fl_triangular_solves_const_gamma_le	authored	31741	0	31786	37	31743	8	31743	114	2FD1D19C754839C9ABA7D0111ABD2A8F3D8A0FAA2D0EC80E091C33B8ACC8B999	NumStability.Source.Higham.Chapter09.Section06
route	NumStability.Algorithms.HighamChapter9	NumStability.higham9_14_tridiag_rowDiagDom_source_h_bound_of_rectRoundedLoop_square_models_gamma	NumStability.higham9_14_tridiag_rowDiagDom_source_h_bound_of_rectRoundedLoop_square_models_gamma	NumStability.higham9_14_tridiag_rowDiagDom_source_h_bound_of_rectRoundedLoop_square_models_gamma	NumStability.higham9_14_tridiag_rowDiagDom_source_h_bound_of_rectRoundedLoop_square_models_gamma	authored	32039	0	32093	37	32041	8	32041	91	87D9FF516367832929BB46600D9FF5E053EB0EE32385B3468C6915F453CC9790	NumStability.Source.Higham.Chapter09.Section06
route	NumStability.Algorithms.HighamChapter9	NumStability.higham9_14_wilkinson_max_pivot_bound	NumStability.higham9_14_wilkinson_max_pivot_bound	NumStability.higham9_14_wilkinson_max_pivot_bound	NumStability.higham9_14_wilkinson_max_pivot_bound	authored	12664	0	12730	73	12681	8	12681	44	515669B63A6EDA99784FA02A4FE2951D0FDA33FAA3356B198A102D6DA50D0262	NumStability.Source.Higham.Chapter09.Section04
route	NumStability.Algorithms.HighamChapter9	NumStability.higham9_14_wilkinson_pivot_le_bound_mul	NumStability.higham9_14_wilkinson_pivot_le_bound_mul	NumStability.higham9_14_wilkinson_pivot_le_bound_mul	NumStability.higham9_14_wilkinson_pivot_le_bound_mul	authored	12732	0	12746	30	12737	8	12737	47	1970A5CBB25591ADB6018E7BE5FE5CBBBDFEC84B1D2C765DAAC9A506AB284A3E	NumStability.Source.Higham.Chapter09.Section04
route	NumStability.Algorithms.HighamChapter9	NumStability.higham9_14_wilkinson_ratio_bound	NumStability.higham9_14_wilkinson_ratio_bound	NumStability.higham9_14_wilkinson_ratio_bound	NumStability.higham9_14_wilkinson_ratio_bound	authored	12299	0	12435	69	12316	8	12316	40	64F9BCD22F2D005126F8B559B675331E40A5D248E880492F8447380C0C0E51A3	NumStability.Source.Higham.Chapter09.Section04
route	NumStability.Algorithms.HighamChapter9	NumStability.higham9_16_pow_two_le_rookPivotFosterBound_of_eq_one	NumStability.higham9_16_pow_two_le_rookPivotFosterBound_of_eq_one	NumStability.higham9_16_pow_two_le_rookPivotFosterBound_of_eq_one	NumStability.higham9_16_pow_two_le_rookPivotFosterBound_of_eq_one	authored	13264	0	13271	35	13266	6	13266	58	57B540AFB976BEC6AB3FE777BB1A12D1FE37F94030BDEFD32CF2E6EB540B099C	NumStability.Source.Higham.Chapter09.Section04
route	NumStability.Algorithms.HighamChapter9	NumStability.higham9_16_pow_two_le_rookPivotFosterBound_of_le_two	NumStability.higham9_16_pow_two_le_rookPivotFosterBound_of_le_two	NumStability.higham9_16_pow_two_le_rookPivotFosterBound_of_le_two	NumStability.higham9_16_pow_two_le_rookPivotFosterBound_of_le_two	authored	13273	0	13282	58	13275	6	13275	58	F6C7F1209CFF001BE2D39645081F8CE919ABBE933689160FBBA5782A4677721C	NumStability.Source.Higham.Chapter09.Section04
route	NumStability.Algorithms.HighamChapter9	NumStability.higham9_16_rookPivotFosterBound	NumStability.higham9_16_rookPivotFosterBound	NumStability.higham9_16_rookPivotFosterBound	NumStability.higham9_16_rookPivotFosterBound	authored	13118	0	13124	58	13123	18	13123	49	684D54B5031CC6275A8931D63A8F5251AAF494F79AB4A81D597D7B6410E1694C	NumStability.Source.Higham.Chapter09.Section04
route	NumStability.Algorithms.HighamChapter9	NumStability.higham9_16_rookPivotFosterBound_eq_three_halves_mul_exp_log_sq	NumStability.higham9_16_rookPivotFosterBound_eq_three_halves_mul_exp_log_sq	NumStability.higham9_16_rookPivotFosterBound_eq_three_halves_mul_exp_log_sq	NumStability.higham9_16_rookPivotFosterBound_eq_three_halves_mul_exp_log_sq	authored	13139	0	13154	6	13144	6	13144	68	6CEA1B65D0F61DA03334C3DC7C2D7BDB16B67FA6AC4F8E09EA095FF6BEB01FEA	NumStability.Source.Higham.Chapter09.Section04
route	NumStability.Algorithms.HighamChapter9	NumStability.higham9_16_rookPivotFosterBound_ge_one	NumStability.higham9_16_rookPivotFosterBound_ge_one	NumStability.higham9_16_rookPivotFosterBound_ge_one	NumStability.higham9_16_rookPivotFosterBound_ge_one	authored	13224	0	13229	56	13226	6	13226	44	EE41416F9BC6E5A1D962A38880C34AA67DFDE715A9F060E25711084BD8899B14	NumStability.Source.Higham.Chapter09.Section04
route	NumStability.Algorithms.HighamChapter9	NumStability.higham9_16_rookPivotFosterBound_ge_three_halves	NumStability.higham9_16_rookPivotFosterBound_ge_three_halves	NumStability.higham9_16_rookPivotFosterBound_ge_three_halves	NumStability.higham9_16_rookPivotFosterBound_ge_three_halves	authored	13202	0	13222	60	13206	6	13206	53	49C674D25F57EB004ED26E6601E554B54208CC6652A21D07950183ADDF9FE8D9	NumStability.Source.Higham.Chapter09.Section04
route	NumStability.Algorithms.HighamChapter9	NumStability.higham9_16_rookPivotFosterBound_ge_two_of_ge_two	NumStability.higham9_16_rookPivotFosterBound_ge_two_of_ge_two	NumStability.higham9_16_rookPivotFosterBound_ge_two_of_ge_two	NumStability.higham9_16_rookPivotFosterBound_ge_two_of_ge_two	authored	13351	0	13357	49	13353	6	13353	54	C8A15C3C2087BD8268388FF3A08C6DAF198DB789A82BBF0D0B07451EAE8269A0	NumStability.Source.Higham.Chapter09.Section04
route	NumStability.Algorithms.HighamChapter9	NumStability.higham9_16_rookPivotFosterBound_le_of_le	NumStability.higham9_16_rookPivotFosterBound_le_of_le	NumStability.higham9_16_rookPivotFosterBound_le_of_le	NumStability.higham9_16_rookPivotFosterBound_le_of_le	authored	13312	0	13338	59	13314	8	13314	48	9DA49DB05E71BC4973573017B10B5FC198C253BB18F11970CC736127B9C9E03D	NumStability.Source.Higham.Chapter09.Section04
route	NumStability.Algorithms.HighamChapter9	NumStability.higham9_16_rookPivotFosterBound_log	NumStability.higham9_16_rookPivotFosterBound_log	NumStability.higham9_16_rookPivotFosterBound_log	NumStability.higham9_16_rookPivotFosterBound_log	authored	13156	0	13170	6	13158	6	13158	41	ED21B3A6AF458908047CCA75B4C8DCC408E4A53DDA8A39AFDA734E0E34FD1368	NumStability.Source.Higham.Chapter09.Section04
route	NumStability.Algorithms.HighamChapter9	NumStability.higham9_16_rookPivotFosterBound_log_succ_sub	NumStability.higham9_16_rookPivotFosterBound_log_succ_sub	NumStability.higham9_16_rookPivotFosterBound_log_succ_sub	NumStability.higham9_16_rookPivotFosterBound_log_succ_sub	authored	13172	0	13183	6	13174	6	13174	50	101596301A011663A4E991EC6DA595C9C7B4948EC784E197EEEF04469E0A18F9	NumStability.Source.Higham.Chapter09.Section04
route	NumStability.Algorithms.HighamChapter9	NumStability.higham9_16_rookPivotFosterBound_monotone	NumStability.higham9_16_rookPivotFosterBound_monotone	NumStability.higham9_16_rookPivotFosterBound_monotone	NumStability.higham9_16_rookPivotFosterBound_monotone	authored	13359	0	13364	52	13361	8	13361	48	121DF140808FF44DA51233306ECACA6FD30B9F6C5F8BAF24E71E0719EECD95E5	NumStability.Source.Higham.Chapter09.Section04
route	NumStability.Algorithms.HighamChapter9	NumStability.higham9_16_rookPivotFosterBound_nonneg	NumStability.higham9_16_rookPivotFosterBound_nonneg	NumStability.higham9_16_rookPivotFosterBound_nonneg	NumStability.higham9_16_rookPivotFosterBound_nonneg	authored	13126	0	13130	75	13126	6	13126	44	DDC1CC1D9E36E51C58B9BFBBAB4BB7031F4D86F33401B9236749B62EFB6E4D36	NumStability.Source.Higham.Chapter09.Section04
route	NumStability.Algorithms.HighamChapter9	NumStability.higham9_16_rookPivotFosterBound_one	NumStability.higham9_16_rookPivotFosterBound_one	NumStability.higham9_16_rookPivotFosterBound_one	NumStability.higham9_16_rookPivotFosterBound_one	authored	13231	0	13235	44	13233	6	13233	41	D0C40E32820C9D8ED0F0EB38877A4DC45C6A54E9682630DACC9DF161C0FB178B	NumStability.Source.Higham.Chapter09.Section04
route	NumStability.Algorithms.HighamChapter9	NumStability.higham9_16_rookPivotFosterBound_pos	NumStability.higham9_16_rookPivotFosterBound_pos	NumStability.higham9_16_rookPivotFosterBound_pos	NumStability.higham9_16_rookPivotFosterBound_pos	authored	13132	0	13137	63	13132	6	13132	41	90FFE7FCE978696BE55C427A854AC6FC8094FCF4B79D9372ED19606F235DE4D8	NumStability.Source.Higham.Chapter09.Section04
route	NumStability.Algorithms.HighamChapter9	NumStability.higham9_16_rookPivotFosterBound_succ_div	NumStability.higham9_16_rookPivotFosterBound_succ_div	NumStability.higham9_16_rookPivotFosterBound_succ_div	NumStability.higham9_16_rookPivotFosterBound_succ_div	authored	13185	0	13200	6	13187	6	13187	46	D49A6176D7E0B7F8344C6CFCA807D26FB61E5B217FBD1EA57664099BA7F5CFC8	NumStability.Source.Higham.Chapter09.Section04
route	NumStability.Algorithms.HighamChapter9	NumStability.higham9_16_rookPivotFosterBound_succ_div_ge_one	NumStability.higham9_16_rookPivotFosterBound_succ_div_ge_one	NumStability.higham9_16_rookPivotFosterBound_succ_div_ge_one	NumStability.higham9_16_rookPivotFosterBound_succ_div_ge_one	authored	13340	0	13349	60	13342	6	13342	53	4C44DD5AFCF7D1B87A0D0EEDB8ABB4D5E680BD0DD957D8B9BF433614C9C9E1C2	NumStability.Source.Higham.Chapter09.Section04
route	NumStability.Algorithms.HighamChapter9	NumStability.higham9_16_rookPivotFosterBound_two_ge_two	NumStability.higham9_16_rookPivotFosterBound_two_ge_two	NumStability.higham9_16_rookPivotFosterBound_two_ge_two	NumStability.higham9_16_rookPivotFosterBound_two_ge_two	authored	13237	0	13262	51	13242	6	13242	48	00EB70335315E993BBFEF381ED0337E60227FAEDEA71F3710424DFA9CD15E6A7	NumStability.Source.Higham.Chapter09.Section04
route	NumStability.Algorithms.HighamChapter9	NumStability.higham9_16_rookPivotFosterFactor_le_of_le	NumStability.higham9_16_rookPivotFosterFactor_le_of_le	NumStability.higham9_16_rookPivotFosterFactor_le_of_le	NumStability.higham9_16_rookPivotFosterFactor_le_of_le	authored	13284	0	13310	11	13286	6	13286	47	688C4185D232EE3A173F99252DFC8B705C7C5C3333F1A7A57B6E74271A3CF537	NumStability.Source.Higham.Chapter09.Section04
route	NumStability.Algorithms.HighamChapter9	NumStability.higham9_17_absLU_infNorm_le_condSkeel_of_LUFactSpec	NumStability.higham9_17_absLU_infNorm_le_condSkeel_of_LUFactSpec	NumStability.higham9_17_absLU_infNorm_le_condSkeel_of_LUFactSpec	NumStability.higham9_17_absLU_infNorm_le_condSkeel_of_LUFactSpec	authored	17627	0	17736	52	17633	8	17633	59	7941E6C0F6DBD55E918A58CD9B8652629A45ED89A38B027459C155302A01A73E	NumStability.Source.Higham.Chapter09.Section05
route	NumStability.Algorithms.HighamChapter9	NumStability.higham9_17_rowDiagDom_absLU_bound	NumStability.higham9_17_rowDiagDom_absLU_bound	NumStability.higham9_17_rowDiagDom_absLU_bound	NumStability.higham9_17_rowDiagDom_absLU_bound	authored	17620	0	17625	33	17622	4	17622	37	A989EEBCE68D208990CC3CB5506844B0F4575C057A2B10036908D477A59FCDDF	NumStability.Source.Higham.Chapter09.Section05
route	NumStability.Algorithms.HighamChapter9	NumStability.higham9_17_rowDiagDom_absLU_bound_of_LUFactSpec	NumStability.higham9_17_rowDiagDom_absLU_bound_of_LUFactSpec	NumStability.higham9_17_rowDiagDom_absLU_bound_of_LUFactSpec	NumStability.higham9_17_rowDiagDom_absLU_bound_of_LUFactSpec	authored	17738	0	17766	26	17744	8	17744	55	7FFB014F488D2731C4C2FDB20A719542AD1BDB6DBB43EF395EC6BBD2F4546BF7	NumStability.Source.Higham.Chapter09.Section05
route	NumStability.Algorithms.HighamChapter9	NumStability.higham9_18_TridiagData	NumStability.higham9_18_TridiagData	NumStability.higham9_18_TridiagData	NumStability.higham9_18_TridiagData	authored	21756	0	21758	15	21757	7	21757	29	83CE1F74C5A9A138E0B42EEF78C6EDE244CFD2782569C88ED20A918C3B4CDB13	NumStability.Source.Higham.Chapter09.Section06
route	NumStability.Algorithms.HighamChapter9	NumStability.higham9_18_tridiag_to_matrix	NumStability.higham9_18_tridiag_to_matrix	NumStability.higham9_18_tridiag_to_matrix	NumStability.higham9_18_tridiag_to_matrix	authored	21760	0	21763	21	21761	18	21761	46	13CCDF94B2C3DE51201EB09953A9D38A061A0B405FAC17499C215BA61E85BCC9	NumStability.Source.Higham.Chapter09.Section06
route	NumStability.Algorithms.HighamChapter9	NumStability.higham9_18_tridiag_to_matrix_isBanded_one_one	NumStability.higham9_18_tridiag_to_matrix_isBanded_one_one	NumStability.higham9_18_tridiag_to_matrix_isBanded_one_one	NumStability.higham9_18_tridiag_to_matrix_isBanded_one_one	authored	21772	0	21778	50	21774	8	21774	53	8E217B293B04FC8E8B3554844A50DF45F97D7E7414D8B5AB92FA71123589C2F3	NumStability.Source.Higham.Chapter09.Section06
route	NumStability.Algorithms.HighamChapter9	NumStability.higham9_18_tridiag_to_matrix_isTridiagonal	NumStability.higham9_18_tridiag_to_matrix_isTridiagonal	NumStability.higham9_18_tridiag_to_matrix_isTridiagonal	NumStability.higham9_18_tridiag_to_matrix_isTridiagonal	authored	21765	0	21770	35	21767	8	21767	50	8EAFAE136060CE393BF04E3BD26C747B5E7EDF5D2F73D74DDEF08CC3A5856829	NumStability.Source.Higham.Chapter09.Section06
route	NumStability.Algorithms.HighamChapter9	NumStability.higham9_19_TridiagExactLURecurrence	NumStability.higham9_19_TridiagExactLURecurrence	NumStability.higham9_19_TridiagExactLURecurrence	NumStability.higham9_19_TridiagExactLURecurrence	authored	21818	0	21824	40	21822	7	21822	42	3D8A1D0D052CD3AF098C44A4BD61AC1108D1BFC9F9A8EAD2964F2715A9F91E66	NumStability.Source.Higham.Chapter09.Section06
route	NumStability.Algorithms.HighamChapter9	NumStability.higham9_19_tridiag_LUFactSpec_of_exact_product	NumStability.higham9_19_tridiag_LUFactSpec_of_exact_product	NumStability.higham9_19_tridiag_LUFactSpec_of_exact_product	NumStability.higham9_19_tridiag_LUFactSpec_of_exact_product	authored	21844	0	21857	29	21846	8	21846	54	87FBC61BB8554F08FC981D35D09463941BCFCF191EABD83F11BBDF72CD2E4750	NumStability.Source.Higham.Chapter09.Section06
route	NumStability.Algorithms.HighamChapter9	NumStability.higham9_19_tridiag_LUFactSpec_of_recurrence	NumStability.higham9_19_tridiag_LUFactSpec_of_recurrence	NumStability.higham9_19_tridiag_LUFactSpec_of_recurrence	NumStability.higham9_19_tridiag_LUFactSpec_of_recurrence	authored	21859	0	21867	71	21861	8	21861	51	EBBE450361ADC1715428242070DBC523089401CF0C0F376D526EE8E3716A076E	NumStability.Source.Higham.Chapter09.Section06
route	NumStability.Algorithms.HighamChapter9	NumStability.higham9_19_tridiag_exact_product_of_recurrence	NumStability.higham9_19_tridiag_exact_product_of_recurrence	NumStability.higham9_19_tridiag_exact_product_of_recurrence	NumStability.higham9_19_tridiag_exact_product_of_recurrence	authored	21831	0	21842	56	21835	8	21835	54	9289C42385811BAD15D1FD000A64B8323160420437C55AE66F690FC47C62D4C6	NumStability.Source.Higham.Chapter09.Section06
route	NumStability.Algorithms.HighamChapter9	NumStability.higham9_19_tridiag_lu	NumStability.higham9_19_tridiag_lu	NumStability.higham9_19_tridiag_lu	NumStability.higham9_19_tridiag_lu	authored	21813	0	21816	17	21814	18	21814	39	B21B365E1A5B781141787E7A3A8602D9F1A346A6057A905B3F5E954D130886D3	NumStability.Source.Higham.Chapter09.Section06
route	NumStability.Algorithms.HighamChapter9	NumStability.higham9_19_tridiag_prevIndex	NumStability.higham9_19_tridiag_prevIndex	NumStability.higham9_19_tridiag_prevIndex	NumStability.higham9_19_tridiag_prevIndex	authored	21826	0	21829	24	21827	4	21827	32	E5DC83933A291C0F0C198F09C0F85B460DFC65C249A6D659D465781925C8A693	NumStability.Source.Higham.Chapter09.Section06
route	NumStability.Algorithms.HighamChapter9	NumStability.higham9_1_LUFactSpec_one_explicit	NumStability.higham9_1_LUFactSpec_one_explicit	NumStability.higham9_1_LUFactSpec_one_explicit	NumStability.higham9_1_LUFactSpec_one_explicit	authored	1498	0	1523	8	1501	8	1501	41	52365F4C6AB3CF39544587C632428D67B92C3FA89F91C041B37B1D17FBBF2EB9	NumStability.Source.Higham.Chapter09.Section02
route	NumStability.Algorithms.HighamChapter9	NumStability.higham9_1_completePivotChoice	NumStability.higham9_1_completePivotChoice	NumStability.higham9_1_completePivotChoice	NumStability.higham9_1_completePivotChoice	authored	46	0	52	33	48	4	48	33	74C04D411F104A16C9DB9FF4664F6D17053714F6E6A43AA957721F158057A22A	NumStability.Source.Higham.Chapter09.Section01
route	NumStability.Algorithms.HighamChapter9	NumStability.higham9_1_completePivotChoice_pivot_ne_zero_of_exists	NumStability.higham9_1_completePivotChoice_pivot_ne_zero_of_exists	NumStability.higham9_1_completePivotChoice_pivot_ne_zero_of_exists	NumStability.higham9_1_completePivotChoice_pivot_ne_zero_of_exists	authored	137	0	151	34	139	8	139	61	6BAEAF9710473DE859D869C245ADFF5B316CC235E7FDDF86C06B5E58798B136D	NumStability.Source.Higham.Chapter09.Section01
route	NumStability.Algorithms.HighamChapter9	NumStability.higham9_1_completePivot_active_entry_ratio_abs_le_one	NumStability.higham9_1_completePivot_active_entry_ratio_abs_le_one	NumStability.higham9_1_completePivot_active_entry_ratio_abs_le_one	NumStability.higham9_1_completePivot_active_entry_ratio_abs_le_one	authored	239	0	251	20	241	8	241	61	D57702F76EB87DAC6F8850C1F0A00473379801E4346BD8ED5E58AA0EF8951399	NumStability.Source.Higham.Chapter09.Section01
route	NumStability.Algorithms.HighamChapter9	NumStability.higham9_1_completePivot_column_multiplier_abs_le_one	NumStability.higham9_1_completePivot_column_multiplier_abs_le_one	NumStability.higham9_1_completePivot_column_multiplier_abs_le_one	NumStability.higham9_1_completePivot_column_multiplier_abs_le_one	authored	225	0	237	18	227	8	227	60	02DB205400F565C2F1B539A7E4FE7F84C2ED6D8C362E95A387A4863DC9873EAD	NumStability.Source.Higham.Chapter09.Section01
route	NumStability.Algorithms.HighamChapter9	NumStability.higham9_1_completePivot_rowColPermuted_partialPivotChoice_zero	NumStability.higham9_1_completePivot_rowColPermuted_partialPivotChoice_zero	NumStability.higham9_1_completePivot_rowColPermuted_partialPivotChoice_zero	NumStability.higham9_1_completePivot_rowColPermuted_partialPivotChoice_zero	authored	2158	0	2172	33	2160	8	2160	70	5D8F472A55B1B0A192AD9165120FF06F9087F65F39CF4F536212AAEABC390168	NumStability.Source.Higham.Chapter09.Section02
route	NumStability.Algorithms.HighamChapter9	NumStability.higham9_1_det_eq_pivot_mul_firstSchurComplement_det	NumStability.higham9_1_det_eq_pivot_mul_firstSchurComplement_det	NumStability.higham9_1_det_eq_pivot_mul_firstSchurComplement_det	NumStability.higham9_1_det_eq_pivot_mul_firstSchurComplement_det	authored	1539	0	1623	19	1545	8	1545	59	F0DFB40FDA61E63D4A02C372058D8C24E902674BCD7D7C776217100791F78249	NumStability.Source.Higham.Chapter09.Section02
route	NumStability.Algorithms.HighamChapter9	NumStability.higham9_1_det_eq_pivot_product	NumStability.higham9_1_det_eq_pivot_product	NumStability.higham9_1_det_eq_pivot_product	NumStability.higham9_1_det_eq_pivot_product	authored	1470	0	1480	24	1475	8	1475	38	C148D30442B6D7C7A46E7DA4C46796B844F8B9A96B93FA12250F17D27314FC4F	NumStability.Source.Higham.Chapter09.Section02
route	NumStability.Algorithms.HighamChapter9	NumStability.higham9_1_det_ne_zero_iff_pivots_ne_zero	NumStability.higham9_1_det_ne_zero_iff_pivots_ne_zero	NumStability.higham9_1_det_ne_zero_iff_pivots_ne_zero	NumStability.higham9_1_det_ne_zero_iff_pivots_ne_zero	authored	1482	0	1490	36	1485	8	1485	48	1D5D6A9438079AF709EC50E1D357DC5484CBA2038087D43DF6EE10B11569320B	NumStability.Source.Higham.Chapter09.Section02
route	NumStability.Algorithms.HighamChapter9	NumStability.higham9_1_exists_completePivotChoice	NumStability.higham9_1_exists_completePivotChoice	NumStability.higham9_1_exists_completePivotChoice	NumStability.higham9_1_exists_completePivotChoice	authored	79	0	99	64	81	8	81	44	CAE5D430857B20DBA70582D80881991C2F3F224DDFB238D7EAA7519250D3E7E3	NumStability.Source.Higham.Chapter09.Section01
route	NumStability.Algorithms.HighamChapter9	NumStability.higham9_1_exists_completePivotChoice_pivot_ne_zero	NumStability.higham9_1_exists_completePivotChoice_pivot_ne_zero	NumStability.higham9_1_exists_completePivotChoice_pivot_ne_zero	NumStability.higham9_1_exists_completePivotChoice_pivot_ne_zero	authored	165	0	176	35	167	8	167	58	5AE387A6B22D0AA57A46D6DB2147482819F2C64A60A01950E4B3194A45C17B72	NumStability.Source.Higham.Chapter09.Section01
route	NumStability.Algorithms.HighamChapter9	NumStability.higham9_1_exists_completePivot_nonzero_and_ratio_bounds	NumStability.higham9_1_exists_completePivot_nonzero_and_ratio_bounds	NumStability.higham9_1_exists_completePivot_nonzero_and_ratio_bounds	NumStability.higham9_1_exists_completePivot_nonzero_and_ratio_bounds	authored	294	0	315	30	297	8	297	63	604D9732B360B59E09F418B87AE1B152E3B1E13503E17F7321191AFEC49293F3	NumStability.Source.Higham.Chapter09.Section01
route	NumStability.Algorithms.HighamChapter9	NumStability.higham9_1_exists_entry_ne_zero_of_det_ne_zero	NumStability.higham9_1_exists_entry_ne_zero_of_det_ne_zero	NumStability.higham9_1_exists_entry_ne_zero_of_det_ne_zero	NumStability.higham9_1_exists_entry_ne_zero_of_det_ne_zero	authored	178	0	198	22	181	8	181	53	63FA49FDFD57AA0D4989809BE307632B0F0CEBA5E74F8186EDF3B91E0BEDA383	NumStability.Source.Higham.Chapter09.Section01
route	NumStability.Algorithms.HighamChapter9	NumStability.higham9_1_exists_first_completePivotChoice_pivot_ne_zero_of_det_ne_zero	NumStability.higham9_1_exists_first_completePivotChoice_pivot_ne_zero_of_det_ne_zero	NumStability.higham9_1_exists_first_completePivotChoice_pivot_ne_zero_of_det_ne_zero	NumStability.higham9_1_exists_first_completePivotChoice_pivot_ne_zero_of_det_ne_zero	authored	200	0	211	53	202	8	202	79	498E79F5A9DB2AF36EB93E48849D99F9AF4E436F3FB029F1ACDAAC980B5C49C2	NumStability.Source.Higham.Chapter09.Section01
route	NumStability.Algorithms.HighamChapter9	NumStability.higham9_1_exists_partialPivotChoice	NumStability.higham9_1_exists_partialPivotChoice	NumStability.higham9_1_exists_partialPivotChoice	NumStability.higham9_1_exists_partialPivotChoice	authored	62	0	77	66	64	8	64	43	E7E2204D78FD75C689532320CD87D584996B37FB065EDBBBFC6E8C4FAE277951	NumStability.Source.Higham.Chapter09.Section01
route	NumStability.Algorithms.HighamChapter9	NumStability.higham9_1_exists_partialPivotChoice_pivot_ne_zero	NumStability.higham9_1_exists_partialPivotChoice_pivot_ne_zero	NumStability.higham9_1_exists_partialPivotChoice_pivot_ne_zero	NumStability.higham9_1_exists_partialPivotChoice_pivot_ne_zero	authored	153	0	163	33	155	8	155	57	4B1CF0A0236E2F2238B39CA23F523EEA018B10473AB2C90986B009C083DDEE21	NumStability.Source.Higham.Chapter09.Section01
route	NumStability.Algorithms.HighamChapter9	NumStability.higham9_1_exists_partialPivot_nonzero_and_multiplier_bound	NumStability.higham9_1_exists_partialPivot_nonzero_and_multiplier_bound	NumStability.higham9_1_exists_partialPivot_nonzero_and_multiplier_bound	NumStability.higham9_1_exists_partialPivot_nonzero_and_multiplier_bound	authored	279	0	292	24	281	8	281	66	C6A567CB73507C0498B34901A6FD97533A463F366781FB38C933C01F63C83E46	NumStability.Source.Higham.Chapter09.Section01
route	NumStability.Algorithms.HighamChapter9	NumStability.higham9_1_exists_rookPivotChoice	NumStability.higham9_1_exists_rookPivotChoice	NumStability.higham9_1_exists_rookPivotChoice	NumStability.higham9_1_exists_rookPivotChoice	authored	112	0	120	25	114	8	114	40	FC9856669E97465B6E6583999F98FA8D88F36D828672828328F33A1ADE953982	NumStability.Source.Higham.Chapter09.Section01
route	NumStability.Algorithms.HighamChapter9	NumStability.higham9_1_exists_rookPivot_nonzero_and_ratio_bounds	NumStability.higham9_1_exists_rookPivot_nonzero_and_ratio_bounds	NumStability.higham9_1_exists_rookPivot_nonzero_and_ratio_bounds	NumStability.higham9_1_exists_rookPivot_nonzero_and_ratio_bounds	authored	317	0	339	25	320	8	320	59	FB85AF171FCA31532A0AC6D4A01A56025DFC129C3CAE8A80B1D5F3E6B56D2E38	NumStability.Source.Higham.Chapter09.Section01
route	NumStability.Algorithms.HighamChapter9	NumStability.higham9_1_firstSchurComplement	NumStability.higham9_1_firstSchurComplement	NumStability.higham9_1_firstSchurComplement	NumStability.higham9_1_firstSchurComplement	authored	1492	0	1496	26	1494	21	1494	51	8A29FB98BA1814FDFC2F9E0C19A7963D48EE63694E0C7AA36EF1C313BE41FED9	NumStability.Source.Higham.Chapter09.Section02
route	NumStability.Algorithms.HighamChapter9	NumStability.higham9_1_firstSchurComplement_leadingSubmatrix_comm	NumStability.higham9_1_firstSchurComplement_leadingSubmatrix_comm	NumStability.higham9_1_firstSchurComplement_leadingSubmatrix_comm	NumStability.higham9_1_firstSchurComplement_leadingSubmatrix_comm	authored	1625	0	1638	19	1627	8	1627	60	1579AD7DF894D5D7194144B0647C27804F3DF3CD261455BD60F682D60FB0E6CB	NumStability.Source.Higham.Chapter09.Section02
route	NumStability.Algorithms.HighamChapter9	NumStability.higham9_1_leadingPrincipalBlock_det_eq_pivot_product	NumStability.higham9_1_leadingPrincipalBlock_det_eq_pivot_product	NumStability.higham9_1_leadingPrincipalBlock_det_eq_pivot_product	NumStability.higham9_1_leadingPrincipalBlock_det_eq_pivot_product	authored	1752	0	1807	46	1758	8	1758	60	F34358D3D550D215F845F5BC8A0B7F311E82E610984DB5B4D613273A7A53856D	NumStability.Source.Higham.Chapter09.Section02
route	NumStability.Algorithms.HighamChapter9	NumStability.higham9_1_leadingPrincipalBlock_det_ne_zero_iff_pivots_ne_zero	NumStability.higham9_1_leadingPrincipalBlock_det_ne_zero_iff_pivots_ne_zero	NumStability.higham9_1_leadingPrincipalBlock_det_ne_zero_iff_pivots_ne_zero	NumStability.higham9_1_leadingPrincipalBlock_det_ne_zero_iff_pivots_ne_zero	authored	1809	0	1823	52	1812	8	1812	70	C1A4ECAA16A51C01C89BFC664DF1725DDA5C627ED7112CF29F52C8D3060EEA23	NumStability.Source.Higham.Chapter09.Section02
route	NumStability.Algorithms.HighamChapter9	NumStability.higham9_1_leadingSubmatrix_det_eq_pivot_mul_schur	NumStability.higham9_1_leadingSubmatrix_det_eq_pivot_mul_schur	NumStability.higham9_1_leadingSubmatrix_det_eq_pivot_mul_schur	NumStability.higham9_1_leadingSubmatrix_det_eq_pivot_mul_schur	authored	1640	0	1675	9	1643	8	1643	57	8F181073D181EDC8F5A8AD5FA515FE2A6C7B67768F198953F85785E3C1D8F3DD	NumStability.Source.Higham.Chapter09.Section02
route	NumStability.Algorithms.HighamChapter9	NumStability.higham9_1_lu_exists_of_firstSchurComplement	NumStability.higham9_1_lu_exists_of_firstSchurComplement	NumStability.higham9_1_lu_exists_of_firstSchurComplement	NumStability.higham9_1_lu_exists_of_firstSchurComplement	authored	1525	0	1537	46	1530	8	1530	51	51EAAA9C1F6E6209F2EA6AEE17081A262F9473E10E25B7A775E0381DF94E6A87	NumStability.Source.Higham.Chapter09.Section02
route	NumStability.Algorithms.HighamChapter9	NumStability.higham9_1_lu_exists_of_leading_minors_ne_zero	NumStability.higham9_1_lu_exists_of_leading_minors_ne_zero	NumStability.higham9_1_lu_exists_of_leading_minors_ne_zero	NumStability.higham9_1_lu_exists_of_leading_minors_ne_zero	authored	1677	0	1716	63	1683	8	1683	53	9328034A9BB6412EBBE9061E18F9FE23FE9A7CF056C37D87A02AD3F1BC2B237D	NumStability.Source.Higham.Chapter09.Section02
route	NumStability.Algorithms.HighamChapter9	NumStability.higham9_1_lu_unique_of_pivots_ne_zero	NumStability.higham9_1_lu_unique_of_pivots_ne_zero	NumStability.higham9_1_lu_unique_of_pivots_ne_zero	NumStability.higham9_1_lu_unique_of_pivots_ne_zero	authored	6122	0	6208	49	6128	8	6128	45	11A4D265F8AA188280950D0D1241D73F916E8E6366F411A7C19E4168FB4216C7	NumStability.Source.Higham.Chapter09.Section02
route	NumStability.Algorithms.HighamChapter9	NumStability.higham9_1_partialPivotChoice	NumStability.higham9_1_partialPivotChoice	NumStability.higham9_1_partialPivotChoice	NumStability.higham9_1_partialPivotChoice	authored	39	0	44	60	41	4	41	32	6DD232D2769DE22BF003889EA1485D0F70F75D54AD98F40C0921C628556B55D9	NumStability.Source.Higham.Chapter09.Section01
route	NumStability.Algorithms.HighamChapter9	NumStability.higham9_1_partialPivotChoice_pivot_ne_zero_of_exists	NumStability.higham9_1_partialPivotChoice_pivot_ne_zero_of_exists	NumStability.higham9_1_partialPivotChoice_pivot_ne_zero_of_exists	NumStability.higham9_1_partialPivotChoice_pivot_ne_zero_of_exists	authored	122	0	135	34	124	8	124	60	391397463E5AA15A5D082F092C3E23CF76D46F51BF24BC40AFE3193B813F8A05	NumStability.Source.Higham.Chapter09.Section01
route	NumStability.Algorithms.HighamChapter9	NumStability.higham9_1_partialPivot_multiplier_abs_le_one	NumStability.higham9_1_partialPivot_multiplier_abs_le_one	NumStability.higham9_1_partialPivot_multiplier_abs_le_one	NumStability.higham9_1_partialPivot_multiplier_abs_le_one	authored	213	0	223	18	214	8	214	52	39548CED96DBA103FE063797E39F0FA4ADFF1E588196CFCE7AB218930EC91AEE	NumStability.Source.Higham.Chapter09.Section01
route	NumStability.Algorithms.HighamChapter9	NumStability.higham9_1_rookPivotChoice	NumStability.higham9_1_rookPivotChoice	NumStability.higham9_1_rookPivotChoice	NumStability.higham9_1_rookPivotChoice	authored	54	0	60	62	56	4	56	29	72F3E14FC1531B4E323886F31E9A22F5BA0FADFC943BB68CA12625A43E6631E3	NumStability.Source.Higham.Chapter09.Section01
route	NumStability.Algorithms.HighamChapter9	NumStability.higham9_1_rookPivotChoice_of_completePivotChoice	NumStability.higham9_1_rookPivotChoice_of_completePivotChoice	NumStability.higham9_1_rookPivotChoice_of_completePivotChoice	NumStability.higham9_1_rookPivotChoice_of_completePivotChoice	authored	101	0	110	38	102	8	102	56	A0CEA19FF5959923F6009BD0C7BB1EC5109912C3F510A79272B95F449CD2DFE7	NumStability.Source.Higham.Chapter09.Section01
route	NumStability.Algorithms.HighamChapter9	NumStability.higham9_1_rookPivot_column_multiplier_abs_le_one	NumStability.higham9_1_rookPivot_column_multiplier_abs_le_one	NumStability.higham9_1_rookPivot_column_multiplier_abs_le_one	NumStability.higham9_1_rookPivot_column_multiplier_abs_le_one	authored	253	0	264	18	255	8	255	56	372A11DA7A7C723133A3F3218DB2E0F5994B6C1B3B520783CB88992CC9B55981	NumStability.Source.Higham.Chapter09.Section01
route	NumStability.Algorithms.HighamChapter9	NumStability.higham9_1_rookPivot_row_multiplier_abs_le_one	NumStability.higham9_1_rookPivot_row_multiplier_abs_le_one	NumStability.higham9_1_rookPivot_row_multiplier_abs_le_one	NumStability.higham9_1_rookPivot_row_multiplier_abs_le_one	authored	266	0	277	18	268	8	268	53	3CBB0B0B77C8C2CF0820A6104CD51947E7DFA47FCC20B593D157856DA465F6AF	NumStability.Source.Higham.Chapter09.Section01
route	NumStability.Algorithms.HighamChapter9Theorem914Primitive	NumStability.higham9_20_primitive_diagonal_residual_corrected	NumStability.higham9_20_primitive_diagonal_residual_corrected	NumStability.higham9_20_primitive_diagonal_residual_corrected	NumStability.higham9_20_primitive_diagonal_residual_corrected	authored	761	0	800	60	764	8	764	56	B0D28D5E0D0DB597CA0CD3E50035066EB0CCB39869452AC807665472C00E2B9A	NumStability.Source.Higham.Chapter09.Theorem914Primitive
route	NumStability.Algorithms.HighamChapter9Theorem914Primitive	NumStability.higham9_20_primitive_division_residual_corrected	NumStability.higham9_20_primitive_division_residual_corrected	NumStability.higham9_20_primitive_division_residual_corrected	NumStability.higham9_20_primitive_division_residual_corrected	authored	738	0	759	58	742	8	742	56	FC3095C1AAFCC138A69A5EFCB0F8A4442AC6513BADCD1FA3666D39C8A0FE0E80	NumStability.Source.Higham.Chapter09.Theorem914Primitive
route	NumStability.Algorithms.HighamChapter9	NumStability.higham9_20_tridiag_lu_perturbation_model	NumStability.higham9_20_tridiag_lu_perturbation_model	NumStability.higham9_20_tridiag_lu_perturbation_model	NumStability.higham9_20_tridiag_lu_perturbation_model	authored	23225	0	23237	48	23231	4	23231	44	FC12A5FDA44CD0CA3E1EC11D423DAB6F5D9660323047DF76A128E8933C3099E3	NumStability.Source.Higham.Chapter09.Section06
route	NumStability.Algorithms.HighamChapter9	NumStability.higham9_20_tridiag_lu_perturbation_model_iff_matrix_mul	NumStability.higham9_20_tridiag_lu_perturbation_model_iff_matrix_mul	NumStability.higham9_20_tridiag_lu_perturbation_model_iff_matrix_mul	NumStability.higham9_20_tridiag_lu_perturbation_model_iff_matrix_mul	authored	23255	0	23274	53	23257	8	23257	63	B2DD71E13B167531C5B3618FA4DCFD238411FC83CC3C019BB13B7997C4A6844A	NumStability.Source.Higham.Chapter09.Section06
route	NumStability.Algorithms.HighamChapter9	NumStability.higham9_20_tridiag_lu_perturbation_model_mono	NumStability.higham9_20_tridiag_lu_perturbation_model_mono	NumStability.higham9_20_tridiag_lu_perturbation_model_mono	NumStability.higham9_20_tridiag_lu_perturbation_model_mono	authored	23305	0	23320	48	23307	8	23307	53	0258121E9C05634223F563A618E10F3995B0E505DFBA92256618A2A078911F58	NumStability.Source.Higham.Chapter09.Section06
route	NumStability.Algorithms.HighamChapter9	NumStability.higham9_20_tridiag_lu_perturbation_model_of_DoolittleDenseLoopAbsBudgetCertificate	NumStability.higham9_20_tridiag_lu_perturbation_model_of_DoolittleDenseLoopAbsBudgetCertificate	NumStability.higham9_20_tridiag_lu_perturbation_model_of_DoolittleDenseLoopAbsBudgetCertificate	NumStability.higham9_20_tridiag_lu_perturbation_model_of_DoolittleDenseLoopAbsBudgetCertificate	authored	23390	0	23408	69	23395	8	23395	90	CA13D6D8CE2892D41894535B8C9C9C63C6719201C7CABD858880D99AACA894EC	NumStability.Source.Higham.Chapter09.Section06
route	NumStability.Algorithms.HighamChapter9	NumStability.higham9_20_tridiag_lu_perturbation_model_of_DoolittleDenseLoopCertificate	NumStability.higham9_20_tridiag_lu_perturbation_model_of_DoolittleDenseLoopCertificate	NumStability.higham9_20_tridiag_lu_perturbation_model_of_DoolittleDenseLoopCertificate	NumStability.higham9_20_tridiag_lu_perturbation_model_of_DoolittleDenseLoopCertificate	authored	23371	0	23388	60	23377	8	23377	81	FCA2CFA08CF3BF1A5AA0A335F16B86C07F645828F240A54ADDF273585AD52DCA	NumStability.Source.Higham.Chapter09.Section06
route	NumStability.Algorithms.HighamChapter9	NumStability.higham9_20_tridiag_lu_perturbation_model_of_LUBackwardError_le	NumStability.higham9_20_tridiag_lu_perturbation_model_of_LUBackwardError_le	NumStability.higham9_20_tridiag_lu_perturbation_model_of_LUBackwardError_le	NumStability.higham9_20_tridiag_lu_perturbation_model_of_LUBackwardError_le	authored	23348	0	23369	54	23353	8	23353	70	096D5C3486B2B159D336E136C2C8899481775D79777BE189F01054AE3FD79C84	NumStability.Source.Higham.Chapter09.Section06
route	NumStability.Algorithms.HighamChapter9	NumStability.higham9_20_tridiag_lu_perturbation_model_of_RectDoolittleDenseLoopAbsBudgetCertificate_square	NumStability.higham9_20_tridiag_lu_perturbation_model_of_RectDoolittleDenseLoopAbsBudgetCertificate_square	NumStability.higham9_20_tridiag_lu_perturbation_model_of_RectDoolittleDenseLoopAbsBudgetCertificate_square	NumStability.higham9_20_tridiag_lu_perturbation_model_of_RectDoolittleDenseLoopAbsBudgetCertificate_square	authored	23430	0	23448	73	23435	8	23435	101	2B255AEDE8F17F36AD8934BA79552C59424169E5394A22D419CBF3D75A4D4E9C	NumStability.Source.Higham.Chapter09.Section06
route	NumStability.Algorithms.HighamChapter9	NumStability.higham9_20_tridiag_lu_perturbation_model_of_RectDoolittleDenseLoopCertificate_square	NumStability.higham9_20_tridiag_lu_perturbation_model_of_RectDoolittleDenseLoopCertificate_square	NumStability.higham9_20_tridiag_lu_perturbation_model_of_RectDoolittleDenseLoopCertificate_square	NumStability.higham9_20_tridiag_lu_perturbation_model_of_RectDoolittleDenseLoopCertificate_square	authored	23410	0	23428	73	23416	8	23416	92	1391F7161F884915F1FC01F49828428CE86FC9119331C6FA897515BB286C2D0D	NumStability.Source.Higham.Chapter09.Section06
route	NumStability.Algorithms.HighamChapter9	NumStability.higham9_20_tridiag_lu_perturbation_model_of_RectDoolittleRoundedStageTrace_square	NumStability.higham9_20_tridiag_lu_perturbation_model_of_RectDoolittleRoundedStageTrace_square	NumStability.higham9_20_tridiag_lu_perturbation_model_of_RectDoolittleRoundedStageTrace_square	NumStability.higham9_20_tridiag_lu_perturbation_model_of_RectDoolittleRoundedStageTrace_square	authored	23450	0	23476	46	23456	8	23456	89	C248B343A973E3CB5821D02BC04FB8FFE9A54D277B12B264CC18820C1CCF13B0	NumStability.Source.Higham.Chapter09.Section06
route	NumStability.Algorithms.HighamChapter9	NumStability.higham9_20_tridiag_lu_perturbation_model_of_RectDoolittleRoundedStageTrace_square_gamma	NumStability.higham9_20_tridiag_lu_perturbation_model_of_RectDoolittleRoundedStageTrace_square_gamma	NumStability.higham9_20_tridiag_lu_perturbation_model_of_RectDoolittleRoundedStageTrace_square_gamma	NumStability.higham9_20_tridiag_lu_perturbation_model_of_RectDoolittleRoundedStageTrace_square_gamma	authored	23478	0	23498	40	23480	8	23480	95	D0227E3817AAB827CF55F604B455FBF62404F7BF8E63E5E1AC05F99CD901EC77	NumStability.Source.Higham.Chapter09.Section06
route	NumStability.Algorithms.HighamChapter9	NumStability.higham9_20_tridiag_lu_perturbation_model_of_rectRoundedLoop_square	NumStability.higham9_20_tridiag_lu_perturbation_model_of_rectRoundedLoop_square	NumStability.higham9_20_tridiag_lu_perturbation_model_of_rectRoundedLoop_square	NumStability.higham9_20_tridiag_lu_perturbation_model_of_rectRoundedLoop_square	authored	23500	0	23538	39	23505	8	23505	74	CB80F9A98BE19B062E90A741D00BB19220EAD4EF2232FF2DCA361585560C28A8	NumStability.Source.Higham.Chapter09.Section06
route	NumStability.Algorithms.HighamChapter9	NumStability.higham9_20_tridiag_lu_perturbation_model_of_rectRoundedLoop_square_gamma	NumStability.higham9_20_tridiag_lu_perturbation_model_of_rectRoundedLoop_square_gamma	NumStability.higham9_20_tridiag_lu_perturbation_model_of_rectRoundedLoop_square_gamma	NumStability.higham9_20_tridiag_lu_perturbation_model_of_rectRoundedLoop_square_gamma	authored	23540	0	23567	67	23542	8	23542	80	0F33C5D75343436F00E013EF3F5AD5D583A487414C8FB065651B1F3A8EF3E6CD	NumStability.Source.Higham.Chapter09.Section06
route	NumStability.Algorithms.HighamChapter9	NumStability.higham9_21_tridiag_solve_perturbation_model	NumStability.higham9_21_tridiag_solve_perturbation_model	NumStability.higham9_21_tridiag_solve_perturbation_model	NumStability.higham9_21_tridiag_solve_perturbation_model	authored	23239	0	23253	61	23244	4	23244	47	034288E071B1679F8CC5CD10543B392F971EF2BAB202AF4289AF233CB14EB9DA	NumStability.Source.Higham.Chapter09.Section06
route	NumStability.Algorithms.HighamChapter9	NumStability.higham9_21_tridiag_solve_perturbation_model_iff_matrix_mulVec	NumStability.higham9_21_tridiag_solve_perturbation_model_iff_matrix_mulVec	NumStability.higham9_21_tridiag_solve_perturbation_model_iff_matrix_mulVec	NumStability.higham9_21_tridiag_solve_perturbation_model_iff_matrix_mulVec	authored	23276	0	23303	62	23278	8	23278	69	3F83BB0310FE89188BE33EDFA75EAB33BD48BAE3B2C10EEC93AE5F0476235129	NumStability.Source.Higham.Chapter09.Section06
route	NumStability.Algorithms.HighamChapter9	NumStability.higham9_21_tridiag_solve_perturbation_model_mono	NumStability.higham9_21_tridiag_solve_perturbation_model_mono	NumStability.higham9_21_tridiag_solve_perturbation_model_mono	NumStability.higham9_21_tridiag_solve_perturbation_model_mono	authored	23322	0	23346	56	23324	8	23324	56	B7B0B7EF216BA6FC4589BC63B130DF98068E4349C9BCD3170F40FB4016DBDB99	NumStability.Source.Higham.Chapter09.Section06
route	NumStability.Algorithms.HighamChapter9	NumStability.higham9_21_tridiag_solve_perturbation_model_of_fl_triangular_solves_gamma	NumStability.higham9_21_tridiag_solve_perturbation_model_of_fl_triangular_solves_gamma	NumStability.higham9_21_tridiag_solve_perturbation_model_of_fl_triangular_solves_gamma	NumStability.higham9_21_tridiag_solve_perturbation_model_of_fl_triangular_solves_gamma	authored	23608	0	23625	37	23610	8	23610	81	3C698C875F5762CDADD87F2C07AF996F8CE40B842B910F1DD9311D923C546D43	NumStability.Source.Higham.Chapter09.Section06
route	NumStability.Algorithms.HighamChapter9	NumStability.higham9_21_tridiag_solve_perturbation_model_of_fl_triangular_solves_gamma_le	NumStability.higham9_21_tridiag_solve_perturbation_model_of_fl_triangular_solves_gamma_le	NumStability.higham9_21_tridiag_solve_perturbation_model_of_fl_triangular_solves_gamma_le	NumStability.higham9_21_tridiag_solve_perturbation_model_of_fl_triangular_solves_gamma_le	authored	23569	0	23606	62	23574	8	23574	84	7CCBECAA90B5099D7F6A19FDF3F52085ABAF5A755DDC8A5F75770AA139381534	NumStability.Source.Higham.Chapter09.Section06
route	NumStability.Algorithms.HighamChapter9	NumStability.higham9_22_matrix_source_f_bound_of_matrix_models	NumStability.higham9_22_matrix_source_f_bound_of_matrix_models	NumStability.higham9_22_matrix_source_f_bound_of_matrix_models	NumStability.higham9_22_matrix_source_f_bound_of_matrix_models	authored	23693	0	23735	54	23700	8	23700	57	C06C7A0FBDC8EC4B538C811B7D62221C00796DE7782B40159DC7719D8131E550	NumStability.Source.Higham.Chapter09.Section06
route	NumStability.Algorithms.HighamChapter9	NumStability.higham9_22_matrix_source_f_bound_of_matrix_models_le	NumStability.higham9_22_matrix_source_f_bound_of_matrix_models_le	NumStability.higham9_22_matrix_source_f_bound_of_matrix_models_le	NumStability.higham9_22_matrix_source_f_bound_of_matrix_models_le	authored	24395	0	24433	54	24397	8	24397	60	56C1448A21C0E3ECDB6F93A1AAC23ECC155C8C69B50147D45D4AC7097DC51A91	NumStability.Source.Higham.Chapter09.Section06
route	NumStability.Algorithms.HighamChapter9	NumStability.higham9_22_source_f_bound_of_9_20_9_21_models	NumStability.higham9_22_source_f_bound_of_9_20_9_21_models	NumStability.higham9_22_source_f_bound_of_9_20_9_21_models	NumStability.higham9_22_source_f_bound_of_9_20_9_21_models	authored	23669	0	23691	35	23673	8	23673	53	B8C5C04D1E61D36ACB71BFF7BFBA30A87384A222581F3F62CA675B30303CB9B5	NumStability.Source.Higham.Chapter09.Section06
route	NumStability.Algorithms.HighamChapter9	NumStability.higham9_22_source_f_bound_of_9_20_9_21_models_le	NumStability.higham9_22_source_f_bound_of_9_20_9_21_models_le	NumStability.higham9_22_source_f_bound_of_9_20_9_21_models_le	NumStability.higham9_22_source_f_bound_of_9_20_9_21_models_le	authored	24263	0	24288	65	24269	8	24269	56	A10C33460C2A5473E751E764D77ADBF071131DDC8D4F14DA860F8023ADEDD030	NumStability.Source.Higham.Chapter09.Section06
route	NumStability.Algorithms.HighamChapter9	NumStability.higham9_23_condSkeel_nonneg	NumStability.higham9_23_condSkeel_nonneg	NumStability.higham9_23_condSkeel_nonneg	NumStability.higham9_23_condSkeel_nonneg	authored	38720	0	38735	29	38722	8	38722	35	7FCA4231A78EBFB0ADCAA9F15B4F3026C781E91E97C8CE5E1E1B3210D7B2EBE0	NumStability.Source.Higham.Chapter09.Section06
route	NumStability.Algorithms.HighamChapter9	NumStability.higham9_23_firstOrderLe_of_backward_error_coeff	NumStability.higham9_23_firstOrderLe_of_backward_error_coeff	NumStability.higham9_23_firstOrderLe_of_backward_error_coeff	NumStability.higham9_23_firstOrderLe_of_backward_error_coeff	authored	38787	0	38844	33	38793	8	38793	55	ECEAD3C09A72A57782B936FE771D73A67C995A9EAB8EED327B3E61F1BEEC1DBD	NumStability.Source.Higham.Chapter09.Section06
route	NumStability.Algorithms.HighamChapter9	NumStability.higham9_23_forward_error_exact_condSkeel	NumStability.higham9_23_forward_error_exact_condSkeel	NumStability.higham9_23_forward_error_exact_condSkeel	NumStability.higham9_23_forward_error_exact_condSkeel	authored	38737	0	38785	75	38744	8	38744	48	46B8D2948D6249EEAD5648F0CE9C1E3E5978E039905BAC53B523703080295D8B	NumStability.Source.Higham.Chapter09.Section06
route	NumStability.Algorithms.HighamChapter9	NumStability.higham9_23_forward_error_exact_condSkeel_of_backward_error	NumStability.higham9_23_forward_error_exact_condSkeel_of_backward_error	NumStability.higham9_23_forward_error_exact_condSkeel_of_backward_error	NumStability.higham9_23_forward_error_exact_condSkeel_of_backward_error	authored	38872	0	38895	45	38878	8	38878	66	F958E0E96B731548505166CC7E8CFAAF96965A39AA05B28B0889477459CEF9BA	NumStability.Source.Higham.Chapter09.Section06
route	NumStability.Algorithms.HighamChapter9	NumStability.higham9_23_forward_error_firstOrder_cond_product	NumStability.higham9_23_forward_error_firstOrder_cond_product	NumStability.higham9_23_forward_error_firstOrder_cond_product	NumStability.higham9_23_forward_error_firstOrder_cond_product	authored	38846	0	38870	48	38851	8	38851	56	6FAF97EAEFE8FDBA9B799538411E6D32F5FBF5FB888AF1D3325E7686F76162D6	NumStability.Source.Higham.Chapter09.Section06
route	NumStability.Algorithms.HighamChapter9	NumStability.higham9_23_forward_error_firstOrder_cond_product_of_backward_error	NumStability.higham9_23_forward_error_firstOrder_cond_product_of_backward_error	NumStability.higham9_23_forward_error_firstOrder_cond_product_of_backward_error	NumStability.higham9_23_forward_error_firstOrder_cond_product_of_backward_error	authored	38897	0	38918	69	38899	8	38899	74	7893089819C869B5A2D151A95ABC25CEF8D2A804D4A0349586100E7D796B2CED	NumStability.Source.Higham.Chapter09.Section06
route	NumStability.Algorithms.HighamChapter9	NumStability.higham9_23_matrix_forward_error_exact_condSkeel	NumStability.higham9_23_matrix_forward_error_exact_condSkeel	NumStability.higham9_23_matrix_forward_error_exact_condSkeel	NumStability.higham9_23_matrix_forward_error_exact_condSkeel	authored	38920	0	38943	61	38922	8	38922	55	976AD9D669383056A4E57EF786ACBBD4374CDEAA4DA97A3959E7CF7BCC0331DF	NumStability.Source.Higham.Chapter09.Section06
route	NumStability.Algorithms.HighamChapter9	NumStability.higham9_23_matrix_forward_error_exact_condSkeel_of_backward_error	NumStability.higham9_23_matrix_forward_error_exact_condSkeel_of_backward_error	NumStability.higham9_23_matrix_forward_error_exact_condSkeel_of_backward_error	NumStability.higham9_23_matrix_forward_error_exact_condSkeel_of_backward_error	authored	38973	0	38992	45	38975	8	38975	73	AD765B9BB655D5AE1C3E35F0625DF21B7CC0A36CAFD6BF2C0C24B92D2B163400	NumStability.Source.Higham.Chapter09.Section06
route	NumStability.Algorithms.HighamChapter9	NumStability.higham9_23_matrix_forward_error_firstOrder_cond_product	NumStability.higham9_23_matrix_forward_error_firstOrder_cond_product	NumStability.higham9_23_matrix_forward_error_firstOrder_cond_product	NumStability.higham9_23_matrix_forward_error_firstOrder_cond_product	authored	38945	0	38971	32	38947	8	38947	63	CE7767ABFC33DB9C08B7B003EF400929AA1C7814CEDC620EA498F41406AFD338	NumStability.Source.Higham.Chapter09.Section06
route	NumStability.Algorithms.HighamChapter9	NumStability.higham9_23_matrix_forward_error_firstOrder_cond_product_of_backward_error	NumStability.higham9_23_matrix_forward_error_firstOrder_cond_product_of_backward_error	NumStability.higham9_23_matrix_forward_error_firstOrder_cond_product_of_backward_error	NumStability.higham9_23_matrix_forward_error_firstOrder_cond_product_of_backward_error	authored	38994	0	39016	33	38996	8	38996	81	A4058E71AEDA3E7966886C918357A204F455A32D5563715A5FBEB60BA673B0A2	NumStability.Source.Higham.Chapter09.Section06
route	NumStability.Algorithms.HighamChapter9	NumStability.higham9_24_scaledMatrix	NumStability.higham9_24_scaledMatrix	NumStability.higham9_24_scaledMatrix	NumStability.higham9_24_scaledMatrix	authored	39020	0	39023	32	39021	18	39021	41	5748D52CFDE5A3B738E664741CB6EDDC9B3845F3B84F5F14C6BA9C58BD56317B	NumStability.Source.Higham.Chapter09.Section06
route	NumStability.Algorithms.HighamChapter9	NumStability.higham9_2_CompletePermutedLUBackwardError	NumStability.higham9_2_CompletePermutedLUBackwardError	NumStability.higham9_2_CompletePermutedLUBackwardError	NumStability.higham9_2_CompletePermutedLUBackwardError	authored	2299	0	2306	25	2301	7	2301	48	693221EFAD8348372C7E02DE2F797B2FAF541C8E07C6E3CA2621DDB8C47C3B0B	NumStability.Source.Higham.Chapter09.Section02
route	NumStability.Algorithms.HighamChapter9	NumStability.higham9_2_CompletePermutedLUFactSpec	NumStability.higham9_2_CompletePermutedLUFactSpec	NumStability.higham9_2_CompletePermutedLUFactSpec	NumStability.higham9_2_CompletePermutedLUFactSpec	authored	2249	0	2255	70	2252	7	2252	43	DEA818F7531B205BAA26858A480986CF41A1A1DECF710A0B678E85F861C4B1FB	NumStability.Source.Higham.Chapter09.Section02
route	NumStability.Algorithms.HighamChapter9	NumStability.higham9_2_DoolittleDenseLoopAbsBudgetCertificate	NumStability.higham9_2_DoolittleDenseLoopAbsBudgetCertificate	NumStability.higham9_2_DoolittleDenseLoopAbsBudgetCertificate	NumStability.higham9_2_DoolittleDenseLoopAbsBudgetCertificate	authored	1833	0	1841	65	1838	7	1838	55	A953AC7271F9F0E43040BCA5FE2CF26B6B1E3B780298A90AB374B777F80882EF	NumStability.Source.Higham.Chapter09.Section02
route	NumStability.Algorithms.HighamChapter9	NumStability.higham9_2_DoolittleDenseLoopCertificate	NumStability.higham9_2_DoolittleDenseLoopCertificate	NumStability.higham9_2_DoolittleDenseLoopCertificate	NumStability.higham9_2_DoolittleDenseLoopCertificate	authored	1825	0	1831	50	1829	7	1829	46	EAA6621CCB6264C86C0E79138B87A51F06F5CC4A13D957100C79FC2C8884AA2B	NumStability.Source.Higham.Chapter09.Section02
route	NumStability.Algorithms.HighamChapter9	NumStability.higham9_2_DoolittleLU	NumStability.higham9_2_DoolittleLU	NumStability.higham9_2_DoolittleLU	NumStability.higham9_2_DoolittleLU	authored	343	0	346	32	344	7	344	28	8B699E3D7F3B6D8F0359C1CC766565AC7CF9F77E66072C6C7AF06EC1AC3A3FF9	NumStability.Source.Higham.Chapter09.Section01
route	NumStability.Algorithms.HighamChapter9	NumStability.higham9_2_PermutedLUBackwardError	NumStability.higham9_2_PermutedLUBackwardError	NumStability.higham9_2_PermutedLUBackwardError	NumStability.higham9_2_PermutedLUBackwardError	authored	1347	0	1352	49	1349	7	1349	40	4870C09A06273365B2435922D66BA6CCDBE916CE602F650F234D22A639EF1D86	NumStability.Source.Higham.Chapter09.Section02
route	NumStability.Algorithms.HighamChapter9	NumStability.higham9_2_PermutedLUFactSpec	NumStability.higham9_2_PermutedLUFactSpec	NumStability.higham9_2_PermutedLUFactSpec	NumStability.higham9_2_PermutedLUFactSpec	authored	1306	0	1310	34	1308	7	1308	35	F3D132C578D81FBF8D5BC795C609BE6E77DD22E8497E81B6066F02E5C5FD7480	NumStability.Source.Higham.Chapter09.Section02
route	NumStability.Algorithms.HighamChapter9	NumStability.higham9_2_RectDoolittleDenseLoopAbsBudgetCertificate	NumStability.higham9_2_RectDoolittleDenseLoopAbsBudgetCertificate	NumStability.higham9_2_RectDoolittleDenseLoopAbsBudgetCertificate	NumStability.higham9_2_RectDoolittleDenseLoopAbsBudgetCertificate	authored	4118	0	4155	41	4121	10	4121	62	FB2728BF84DD1EDCBE1C519EC936AC0FBE02AE40B9F9EC52DBA5C49AEE34ED31	NumStability.Source.Higham.Chapter09.Section02
route	NumStability.Algorithms.HighamChapter9	NumStability.higham9_2_RectDoolittleDenseLoopAbsBudgetCertificate.L_abs_residual	NumStability.higham9_2_RectDoolittleDenseLoopAbsBudgetCertificate.L_abs_residual	NumStability.higham9_2_RectDoolittleDenseLoopAbsBudgetCertificate	NumStability.higham9_2_RectDoolittleDenseLoopAbsBudgetCertificate	compiler_generated	4118	0	4155	41	4121	10	4121	62	FB2728BF84DD1EDCBE1C519EC936AC0FBE02AE40B9F9EC52DBA5C49AEE34ED31	NumStability.Source.Higham.Chapter09.Section02
route	NumStability.Algorithms.HighamChapter9	NumStability.higham9_2_RectDoolittleDenseLoopAbsBudgetCertificate.L_budget_le_compression	NumStability.higham9_2_RectDoolittleDenseLoopAbsBudgetCertificate.L_budget_le_compression	NumStability.higham9_2_RectDoolittleDenseLoopAbsBudgetCertificate	NumStability.higham9_2_RectDoolittleDenseLoopAbsBudgetCertificate	compiler_generated	4118	0	4155	41	4121	10	4121	62	FB2728BF84DD1EDCBE1C519EC936AC0FBE02AE40B9F9EC52DBA5C49AEE34ED31	NumStability.Source.Higham.Chapter09.Section02
route	NumStability.Algorithms.HighamChapter9	NumStability.higham9_2_RectDoolittleDenseLoopAbsBudgetCertificate.L_diag	NumStability.higham9_2_RectDoolittleDenseLoopAbsBudgetCertificate.L_diag	NumStability.higham9_2_RectDoolittleDenseLoopAbsBudgetCertificate	NumStability.higham9_2_RectDoolittleDenseLoopAbsBudgetCertificate	compiler_generated	4118	0	4155	41	4121	10	4121	62	FB2728BF84DD1EDCBE1C519EC936AC0FBE02AE40B9F9EC52DBA5C49AEE34ED31	NumStability.Source.Higham.Chapter09.Section02
route	NumStability.Algorithms.HighamChapter9	NumStability.higham9_2_RectDoolittleDenseLoopAbsBudgetCertificate.L_entry_eq	NumStability.higham9_2_RectDoolittleDenseLoopAbsBudgetCertificate.L_entry_eq	NumStability.higham9_2_RectDoolittleDenseLoopAbsBudgetCertificate	NumStability.higham9_2_RectDoolittleDenseLoopAbsBudgetCertificate	compiler_generated	4118	0	4155	41	4121	10	4121	62	FB2728BF84DD1EDCBE1C519EC936AC0FBE02AE40B9F9EC52DBA5C49AEE34ED31	NumStability.Source.Higham.Chapter09.Section02
route	NumStability.Algorithms.HighamChapter9	NumStability.higham9_2_RectDoolittleDenseLoopAbsBudgetCertificate.L_upper_zero	NumStability.higham9_2_RectDoolittleDenseLoopAbsBudgetCertificate.L_upper_zero	NumStability.higham9_2_RectDoolittleDenseLoopAbsBudgetCertificate	NumStability.higham9_2_RectDoolittleDenseLoopAbsBudgetCertificate	compiler_generated	4118	0	4155	41	4121	10	4121	62	FB2728BF84DD1EDCBE1C519EC936AC0FBE02AE40B9F9EC52DBA5C49AEE34ED31	NumStability.Source.Higham.Chapter09.Section02
route	NumStability.Algorithms.HighamChapter9	NumStability.higham9_2_RectDoolittleDenseLoopAbsBudgetCertificate.U_abs_residual	NumStability.higham9_2_RectDoolittleDenseLoopAbsBudgetCertificate.U_abs_residual	NumStability.higham9_2_RectDoolittleDenseLoopAbsBudgetCertificate	NumStability.higham9_2_RectDoolittleDenseLoopAbsBudgetCertificate	compiler_generated	4118	0	4155	41	4121	10	4121	62	FB2728BF84DD1EDCBE1C519EC936AC0FBE02AE40B9F9EC52DBA5C49AEE34ED31	NumStability.Source.Higham.Chapter09.Section02
route	NumStability.Algorithms.HighamChapter9	NumStability.higham9_2_RectDoolittleDenseLoopAbsBudgetCertificate.U_budget_le_compression	NumStability.higham9_2_RectDoolittleDenseLoopAbsBudgetCertificate.U_budget_le_compression	NumStability.higham9_2_RectDoolittleDenseLoopAbsBudgetCertificate	NumStability.higham9_2_RectDoolittleDenseLoopAbsBudgetCertificate	compiler_generated	4118	0	4155	41	4121	10	4121	62	FB2728BF84DD1EDCBE1C519EC936AC0FBE02AE40B9F9EC52DBA5C49AEE34ED31	NumStability.Source.Higham.Chapter09.Section02
route	NumStability.Algorithms.HighamChapter9	NumStability.higham9_2_RectDoolittleDenseLoopAbsBudgetCertificate.U_entry_eq	NumStability.higham9_2_RectDoolittleDenseLoopAbsBudgetCertificate.U_entry_eq	NumStability.higham9_2_RectDoolittleDenseLoopAbsBudgetCertificate	NumStability.higham9_2_RectDoolittleDenseLoopAbsBudgetCertificate	compiler_generated	4118	0	4155	41	4121	10	4121	62	FB2728BF84DD1EDCBE1C519EC936AC0FBE02AE40B9F9EC52DBA5C49AEE34ED31	NumStability.Source.Higham.Chapter09.Section02
route	NumStability.Algorithms.HighamChapter9	NumStability.higham9_2_RectDoolittleDenseLoopAbsBudgetCertificate.U_lower_zero	NumStability.higham9_2_RectDoolittleDenseLoopAbsBudgetCertificate.U_lower_zero	NumStability.higham9_2_RectDoolittleDenseLoopAbsBudgetCertificate	NumStability.higham9_2_RectDoolittleDenseLoopAbsBudgetCertificate	compiler_generated	4118	0	4155	41	4121	10	4121	62	FB2728BF84DD1EDCBE1C519EC936AC0FBE02AE40B9F9EC52DBA5C49AEE34ED31	NumStability.Source.Higham.Chapter09.Section02
route	NumStability.Algorithms.HighamChapter9	NumStability.higham9_2_RectDoolittleDenseLoopAbsBudgetCertificate.casesOn	NumStability.higham9_2_RectDoolittleDenseLoopAbsBudgetCertificate.casesOn	NumStability.higham9_2_RectDoolittleDenseLoopAbsBudgetCertificate	NumStability.higham9_2_RectDoolittleDenseLoopAbsBudgetCertificate	compiler_generated	4118	0	4155	41	4121	10	4121	62	FB2728BF84DD1EDCBE1C519EC936AC0FBE02AE40B9F9EC52DBA5C49AEE34ED31	NumStability.Source.Higham.Chapter09.Section02
route	NumStability.Algorithms.HighamChapter9	NumStability.higham9_2_RectDoolittleDenseLoopAbsBudgetCertificate.mk	NumStability.higham9_2_RectDoolittleDenseLoopAbsBudgetCertificate.mk	NumStability.higham9_2_RectDoolittleDenseLoopAbsBudgetCertificate	NumStability.higham9_2_RectDoolittleDenseLoopAbsBudgetCertificate	compiler_generated	4118	0	4155	41	4121	10	4121	62	FB2728BF84DD1EDCBE1C519EC936AC0FBE02AE40B9F9EC52DBA5C49AEE34ED31	NumStability.Source.Higham.Chapter09.Section02
route	NumStability.Algorithms.HighamChapter9	NumStability.higham9_2_RectDoolittleDenseLoopAbsBudgetCertificate.rec	NumStability.higham9_2_RectDoolittleDenseLoopAbsBudgetCertificate.rec	NumStability.higham9_2_RectDoolittleDenseLoopAbsBudgetCertificate	NumStability.higham9_2_RectDoolittleDenseLoopAbsBudgetCertificate	compiler_generated	4118	0	4155	41	4121	10	4121	62	FB2728BF84DD1EDCBE1C519EC936AC0FBE02AE40B9F9EC52DBA5C49AEE34ED31	NumStability.Source.Higham.Chapter09.Section02
route	NumStability.Algorithms.HighamChapter9	NumStability.higham9_2_RectDoolittleDenseLoopAbsBudgetCertificate.recOn	NumStability.higham9_2_RectDoolittleDenseLoopAbsBudgetCertificate.recOn	NumStability.higham9_2_RectDoolittleDenseLoopAbsBudgetCertificate	NumStability.higham9_2_RectDoolittleDenseLoopAbsBudgetCertificate	compiler_generated	4118	0	4155	41	4121	10	4121	62	FB2728BF84DD1EDCBE1C519EC936AC0FBE02AE40B9F9EC52DBA5C49AEE34ED31	NumStability.Source.Higham.Chapter09.Section02
route	NumStability.Algorithms.HighamChapter9	NumStability.higham9_2_RectDoolittleDenseLoopCertificate	NumStability.higham9_2_RectDoolittleDenseLoopCertificate	NumStability.higham9_2_RectDoolittleDenseLoopCertificate	NumStability.higham9_2_RectDoolittleDenseLoopCertificate	authored	4086	0	4116	34	4091	10	4091	53	6FAE6B0D82E7F66B647ED761C2B367D9DAC814515732F79F64E6ED314E3B9E91	NumStability.Source.Higham.Chapter09.Section02
route	NumStability.Algorithms.HighamChapter9	NumStability.higham9_2_RectDoolittleDenseLoopCertificate.L_diag	NumStability.higham9_2_RectDoolittleDenseLoopCertificate.L_diag	NumStability.higham9_2_RectDoolittleDenseLoopCertificate	NumStability.higham9_2_RectDoolittleDenseLoopCertificate	compiler_generated	4086	0	4116	34	4091	10	4091	53	6FAE6B0D82E7F66B647ED761C2B367D9DAC814515732F79F64E6ED314E3B9E91	NumStability.Source.Higham.Chapter09.Section02
route	NumStability.Algorithms.HighamChapter9	NumStability.higham9_2_RectDoolittleDenseLoopCertificate.L_entry_eq	NumStability.higham9_2_RectDoolittleDenseLoopCertificate.L_entry_eq	NumStability.higham9_2_RectDoolittleDenseLoopCertificate	NumStability.higham9_2_RectDoolittleDenseLoopCertificate	compiler_generated	4086	0	4116	34	4091	10	4091	53	6FAE6B0D82E7F66B647ED761C2B367D9DAC814515732F79F64E6ED314E3B9E91	NumStability.Source.Higham.Chapter09.Section02
route	NumStability.Algorithms.HighamChapter9	NumStability.higham9_2_RectDoolittleDenseLoopCertificate.L_residual_compression	NumStability.higham9_2_RectDoolittleDenseLoopCertificate.L_residual_compression	NumStability.higham9_2_RectDoolittleDenseLoopCertificate	NumStability.higham9_2_RectDoolittleDenseLoopCertificate	compiler_generated	4086	0	4116	34	4091	10	4091	53	6FAE6B0D82E7F66B647ED761C2B367D9DAC814515732F79F64E6ED314E3B9E91	NumStability.Source.Higham.Chapter09.Section02
route	NumStability.Algorithms.HighamChapter9	NumStability.higham9_2_RectDoolittleDenseLoopCertificate.L_upper_zero	NumStability.higham9_2_RectDoolittleDenseLoopCertificate.L_upper_zero	NumStability.higham9_2_RectDoolittleDenseLoopCertificate	NumStability.higham9_2_RectDoolittleDenseLoopCertificate	compiler_generated	4086	0	4116	34	4091	10	4091	53	6FAE6B0D82E7F66B647ED761C2B367D9DAC814515732F79F64E6ED314E3B9E91	NumStability.Source.Higham.Chapter09.Section02
route	NumStability.Algorithms.HighamChapter9	NumStability.higham9_2_RectDoolittleDenseLoopCertificate.U_entry_eq	NumStability.higham9_2_RectDoolittleDenseLoopCertificate.U_entry_eq	NumStability.higham9_2_RectDoolittleDenseLoopCertificate	NumStability.higham9_2_RectDoolittleDenseLoopCertificate	compiler_generated	4086	0	4116	34	4091	10	4091	53	6FAE6B0D82E7F66B647ED761C2B367D9DAC814515732F79F64E6ED314E3B9E91	NumStability.Source.Higham.Chapter09.Section02
route	NumStability.Algorithms.HighamChapter9	NumStability.higham9_2_RectDoolittleDenseLoopCertificate.U_lower_zero	NumStability.higham9_2_RectDoolittleDenseLoopCertificate.U_lower_zero	NumStability.higham9_2_RectDoolittleDenseLoopCertificate	NumStability.higham9_2_RectDoolittleDenseLoopCertificate	compiler_generated	4086	0	4116	34	4091	10	4091	53	6FAE6B0D82E7F66B647ED761C2B367D9DAC814515732F79F64E6ED314E3B9E91	NumStability.Source.Higham.Chapter09.Section02
route	NumStability.Algorithms.HighamChapter9	NumStability.higham9_2_RectDoolittleDenseLoopCertificate.U_residual_compression	NumStability.higham9_2_RectDoolittleDenseLoopCertificate.U_residual_compression	NumStability.higham9_2_RectDoolittleDenseLoopCertificate	NumStability.higham9_2_RectDoolittleDenseLoopCertificate	compiler_generated	4086	0	4116	34	4091	10	4091	53	6FAE6B0D82E7F66B647ED761C2B367D9DAC814515732F79F64E6ED314E3B9E91	NumStability.Source.Higham.Chapter09.Section02
route	NumStability.Algorithms.HighamChapter9	NumStability.higham9_2_RectDoolittleDenseLoopCertificate.casesOn	NumStability.higham9_2_RectDoolittleDenseLoopCertificate.casesOn	NumStability.higham9_2_RectDoolittleDenseLoopCertificate	NumStability.higham9_2_RectDoolittleDenseLoopCertificate	compiler_generated	4086	0	4116	34	4091	10	4091	53	6FAE6B0D82E7F66B647ED761C2B367D9DAC814515732F79F64E6ED314E3B9E91	NumStability.Source.Higham.Chapter09.Section02
route	NumStability.Algorithms.HighamChapter9	NumStability.higham9_2_RectDoolittleDenseLoopCertificate.mk	NumStability.higham9_2_RectDoolittleDenseLoopCertificate.mk	NumStability.higham9_2_RectDoolittleDenseLoopCertificate	NumStability.higham9_2_RectDoolittleDenseLoopCertificate	compiler_generated	4086	0	4116	34	4091	10	4091	53	6FAE6B0D82E7F66B647ED761C2B367D9DAC814515732F79F64E6ED314E3B9E91	NumStability.Source.Higham.Chapter09.Section02
route	NumStability.Algorithms.HighamChapter9	NumStability.higham9_2_RectDoolittleDenseLoopCertificate.rec	NumStability.higham9_2_RectDoolittleDenseLoopCertificate.rec	NumStability.higham9_2_RectDoolittleDenseLoopCertificate	NumStability.higham9_2_RectDoolittleDenseLoopCertificate	compiler_generated	4086	0	4116	34	4091	10	4091	53	6FAE6B0D82E7F66B647ED761C2B367D9DAC814515732F79F64E6ED314E3B9E91	NumStability.Source.Higham.Chapter09.Section02
route	NumStability.Algorithms.HighamChapter9	NumStability.higham9_2_RectDoolittleDenseLoopCertificate.recOn	NumStability.higham9_2_RectDoolittleDenseLoopCertificate.recOn	NumStability.higham9_2_RectDoolittleDenseLoopCertificate	NumStability.higham9_2_RectDoolittleDenseLoopCertificate	compiler_generated	4086	0	4116	34	4091	10	4091	53	6FAE6B0D82E7F66B647ED761C2B367D9DAC814515732F79F64E6ED314E3B9E91	NumStability.Source.Higham.Chapter09.Section02
route	NumStability.Algorithms.HighamChapter9	NumStability.higham9_2_RectDoolittleRoundedPrefixTrace	NumStability.higham9_2_RectDoolittleRoundedPrefixTrace	NumStability.higham9_2_RectDoolittleRoundedPrefixTrace	NumStability.higham9_2_RectDoolittleRoundedPrefixTrace	authored	4181	0	4206	58	4187	10	4187	51	A6B25E3D8BD6082CDE26296DE5978CA549E664018B82A831D19FBE7702B13241	NumStability.Source.Higham.Chapter09.Section02
route	NumStability.Algorithms.HighamChapter9	NumStability.higham9_2_RectDoolittleRoundedPrefixTrace.L_diag_done	NumStability.higham9_2_RectDoolittleRoundedPrefixTrace.L_diag_done	NumStability.higham9_2_RectDoolittleRoundedPrefixTrace	NumStability.higham9_2_RectDoolittleRoundedPrefixTrace	compiler_generated	4181	0	4206	58	4187	10	4187	51	A6B25E3D8BD6082CDE26296DE5978CA549E664018B82A831D19FBE7702B13241	NumStability.Source.Higham.Chapter09.Section02
route	NumStability.Algorithms.HighamChapter9	NumStability.higham9_2_RectDoolittleRoundedPrefixTrace.L_stage_eq_done	NumStability.higham9_2_RectDoolittleRoundedPrefixTrace.L_stage_eq_done	NumStability.higham9_2_RectDoolittleRoundedPrefixTrace	NumStability.higham9_2_RectDoolittleRoundedPrefixTrace	compiler_generated	4181	0	4206	58	4187	10	4187	51	A6B25E3D8BD6082CDE26296DE5978CA549E664018B82A831D19FBE7702B13241	NumStability.Source.Higham.Chapter09.Section02
route	NumStability.Algorithms.HighamChapter9	NumStability.higham9_2_RectDoolittleRoundedPrefixTrace.L_upper_zero_done	NumStability.higham9_2_RectDoolittleRoundedPrefixTrace.L_upper_zero_done	NumStability.higham9_2_RectDoolittleRoundedPrefixTrace	NumStability.higham9_2_RectDoolittleRoundedPrefixTrace	compiler_generated	4181	0	4206	58	4187	10	4187	51	A6B25E3D8BD6082CDE26296DE5978CA549E664018B82A831D19FBE7702B13241	NumStability.Source.Higham.Chapter09.Section02
route	NumStability.Algorithms.HighamChapter9	NumStability.higham9_2_RectDoolittleRoundedPrefixTrace.U_lower_zero_done	NumStability.higham9_2_RectDoolittleRoundedPrefixTrace.U_lower_zero_done	NumStability.higham9_2_RectDoolittleRoundedPrefixTrace	NumStability.higham9_2_RectDoolittleRoundedPrefixTrace	compiler_generated	4181	0	4206	58	4187	10	4187	51	A6B25E3D8BD6082CDE26296DE5978CA549E664018B82A831D19FBE7702B13241	NumStability.Source.Higham.Chapter09.Section02
route	NumStability.Algorithms.HighamChapter9	NumStability.higham9_2_RectDoolittleRoundedPrefixTrace.U_stage_eq_done	NumStability.higham9_2_RectDoolittleRoundedPrefixTrace.U_stage_eq_done	NumStability.higham9_2_RectDoolittleRoundedPrefixTrace	NumStability.higham9_2_RectDoolittleRoundedPrefixTrace	compiler_generated	4181	0	4206	58	4187	10	4187	51	A6B25E3D8BD6082CDE26296DE5978CA549E664018B82A831D19FBE7702B13241	NumStability.Source.Higham.Chapter09.Section02
route	NumStability.Algorithms.HighamChapter9	NumStability.higham9_2_RectDoolittleRoundedPrefixTrace.casesOn	NumStability.higham9_2_RectDoolittleRoundedPrefixTrace.casesOn	NumStability.higham9_2_RectDoolittleRoundedPrefixTrace	NumStability.higham9_2_RectDoolittleRoundedPrefixTrace	compiler_generated	4181	0	4206	58	4187	10	4187	51	A6B25E3D8BD6082CDE26296DE5978CA549E664018B82A831D19FBE7702B13241	NumStability.Source.Higham.Chapter09.Section02
route	NumStability.Algorithms.HighamChapter9	NumStability.higham9_2_RectDoolittleRoundedPrefixTrace.mk	NumStability.higham9_2_RectDoolittleRoundedPrefixTrace.mk	NumStability.higham9_2_RectDoolittleRoundedPrefixTrace	NumStability.higham9_2_RectDoolittleRoundedPrefixTrace	compiler_generated	4181	0	4206	58	4187	10	4187	51	A6B25E3D8BD6082CDE26296DE5978CA549E664018B82A831D19FBE7702B13241	NumStability.Source.Higham.Chapter09.Section02
route	NumStability.Algorithms.HighamChapter9	NumStability.higham9_2_RectDoolittleRoundedPrefixTrace.rec	NumStability.higham9_2_RectDoolittleRoundedPrefixTrace.rec	NumStability.higham9_2_RectDoolittleRoundedPrefixTrace	NumStability.higham9_2_RectDoolittleRoundedPrefixTrace	compiler_generated	4181	0	4206	58	4187	10	4187	51	A6B25E3D8BD6082CDE26296DE5978CA549E664018B82A831D19FBE7702B13241	NumStability.Source.Higham.Chapter09.Section02
route	NumStability.Algorithms.HighamChapter9	NumStability.higham9_2_RectDoolittleRoundedPrefixTrace.recOn	NumStability.higham9_2_RectDoolittleRoundedPrefixTrace.recOn	NumStability.higham9_2_RectDoolittleRoundedPrefixTrace	NumStability.higham9_2_RectDoolittleRoundedPrefixTrace	compiler_generated	4181	0	4206	58	4187	10	4187	51	A6B25E3D8BD6082CDE26296DE5978CA549E664018B82A831D19FBE7702B13241	NumStability.Source.Higham.Chapter09.Section02
route	NumStability.Algorithms.HighamChapter9	NumStability.higham9_2_RectDoolittleRoundedStageTrace	NumStability.higham9_2_RectDoolittleRoundedStageTrace	NumStability.higham9_2_RectDoolittleRoundedStageTrace	NumStability.higham9_2_RectDoolittleRoundedStageTrace	authored	4157	0	4179	56	4164	10	4164	50	796A210585BD7989C7C3E2FD925504523A65AC0DE5DA4540F98EC1D7D2914062	NumStability.Source.Higham.Chapter09.Section02
route	NumStability.Algorithms.HighamChapter9	NumStability.higham9_2_RectDoolittleRoundedStageTrace.L_diag	NumStability.higham9_2_RectDoolittleRoundedStageTrace.L_diag	NumStability.higham9_2_RectDoolittleRoundedStageTrace	NumStability.higham9_2_RectDoolittleRoundedStageTrace	compiler_generated	4157	0	4179	56	4164	10	4164	50	796A210585BD7989C7C3E2FD925504523A65AC0DE5DA4540F98EC1D7D2914062	NumStability.Source.Higham.Chapter09.Section02
route	NumStability.Algorithms.HighamChapter9	NumStability.higham9_2_RectDoolittleRoundedStageTrace.L_stage_eq	NumStability.higham9_2_RectDoolittleRoundedStageTrace.L_stage_eq	NumStability.higham9_2_RectDoolittleRoundedStageTrace	NumStability.higham9_2_RectDoolittleRoundedStageTrace	compiler_generated	4157	0	4179	56	4164	10	4164	50	796A210585BD7989C7C3E2FD925504523A65AC0DE5DA4540F98EC1D7D2914062	NumStability.Source.Higham.Chapter09.Section02
route	NumStability.Algorithms.HighamChapter9	NumStability.higham9_2_RectDoolittleRoundedStageTrace.L_upper_zero	NumStability.higham9_2_RectDoolittleRoundedStageTrace.L_upper_zero	NumStability.higham9_2_RectDoolittleRoundedStageTrace	NumStability.higham9_2_RectDoolittleRoundedStageTrace	compiler_generated	4157	0	4179	56	4164	10	4164	50	796A210585BD7989C7C3E2FD925504523A65AC0DE5DA4540F98EC1D7D2914062	NumStability.Source.Higham.Chapter09.Section02
route	NumStability.Algorithms.HighamChapter9	NumStability.higham9_2_RectDoolittleRoundedStageTrace.U_lower_zero	NumStability.higham9_2_RectDoolittleRoundedStageTrace.U_lower_zero	NumStability.higham9_2_RectDoolittleRoundedStageTrace	NumStability.higham9_2_RectDoolittleRoundedStageTrace	compiler_generated	4157	0	4179	56	4164	10	4164	50	796A210585BD7989C7C3E2FD925504523A65AC0DE5DA4540F98EC1D7D2914062	NumStability.Source.Higham.Chapter09.Section02
route	NumStability.Algorithms.HighamChapter9	NumStability.higham9_2_RectDoolittleRoundedStageTrace.U_stage_eq	NumStability.higham9_2_RectDoolittleRoundedStageTrace.U_stage_eq	NumStability.higham9_2_RectDoolittleRoundedStageTrace	NumStability.higham9_2_RectDoolittleRoundedStageTrace	compiler_generated	4157	0	4179	56	4164	10	4164	50	796A210585BD7989C7C3E2FD925504523A65AC0DE5DA4540F98EC1D7D2914062	NumStability.Source.Higham.Chapter09.Section02
route	NumStability.Algorithms.HighamChapter9	NumStability.higham9_2_RectDoolittleRoundedStageTrace.casesOn	NumStability.higham9_2_RectDoolittleRoundedStageTrace.casesOn	NumStability.higham9_2_RectDoolittleRoundedStageTrace	NumStability.higham9_2_RectDoolittleRoundedStageTrace	compiler_generated	4157	0	4179	56	4164	10	4164	50	796A210585BD7989C7C3E2FD925504523A65AC0DE5DA4540F98EC1D7D2914062	NumStability.Source.Higham.Chapter09.Section02
route	NumStability.Algorithms.HighamChapter9	NumStability.higham9_2_RectDoolittleRoundedStageTrace.mk	NumStability.higham9_2_RectDoolittleRoundedStageTrace.mk	NumStability.higham9_2_RectDoolittleRoundedStageTrace	NumStability.higham9_2_RectDoolittleRoundedStageTrace	compiler_generated	4157	0	4179	56	4164	10	4164	50	796A210585BD7989C7C3E2FD925504523A65AC0DE5DA4540F98EC1D7D2914062	NumStability.Source.Higham.Chapter09.Section02
route	NumStability.Algorithms.HighamChapter9	NumStability.higham9_2_RectDoolittleRoundedStageTrace.rec	NumStability.higham9_2_RectDoolittleRoundedStageTrace.rec	NumStability.higham9_2_RectDoolittleRoundedStageTrace	NumStability.higham9_2_RectDoolittleRoundedStageTrace	compiler_generated	4157	0	4179	56	4164	10	4164	50	796A210585BD7989C7C3E2FD925504523A65AC0DE5DA4540F98EC1D7D2914062	NumStability.Source.Higham.Chapter09.Section02
route	NumStability.Algorithms.HighamChapter9	NumStability.higham9_2_RectDoolittleRoundedStageTrace.recOn	NumStability.higham9_2_RectDoolittleRoundedStageTrace.recOn	NumStability.higham9_2_RectDoolittleRoundedStageTrace	NumStability.higham9_2_RectDoolittleRoundedStageTrace	compiler_generated	4157	0	4179	56	4164	10	4164	50	796A210585BD7989C7C3E2FD925504523A65AC0DE5DA4540F98EC1D7D2914062	NumStability.Source.Higham.Chapter09.Section02
route	NumStability.Algorithms.HighamChapter9	NumStability.higham9_2_RectDoolittleRoundedStageTransition	NumStability.higham9_2_RectDoolittleRoundedStageTransition	NumStability.higham9_2_RectDoolittleRoundedStageTransition	NumStability.higham9_2_RectDoolittleRoundedStageTransition	authored	2830	0	2855	63	2836	10	2836	55	DA67272121A70300225B016FCC6962AC71CA247ADF04EE824A715903B9097893	NumStability.Source.Higham.Chapter09.Section02
route	NumStability.Algorithms.HighamChapter9	NumStability.higham9_2_RectDoolittleRoundedStageTransition.L_diag_stage	NumStability.higham9_2_RectDoolittleRoundedStageTransition.L_diag_stage	NumStability.higham9_2_RectDoolittleRoundedStageTransition	NumStability.higham9_2_RectDoolittleRoundedStageTransition	compiler_generated	2830	0	2855	63	2836	10	2836	55	DA67272121A70300225B016FCC6962AC71CA247ADF04EE824A715903B9097893	NumStability.Source.Higham.Chapter09.Section02
route	NumStability.Algorithms.HighamChapter9	NumStability.higham9_2_RectDoolittleRoundedStageTransition.L_preserve_off_stage	NumStability.higham9_2_RectDoolittleRoundedStageTransition.L_preserve_off_stage	NumStability.higham9_2_RectDoolittleRoundedStageTransition	NumStability.higham9_2_RectDoolittleRoundedStageTransition	compiler_generated	2830	0	2855	63	2836	10	2836	55	DA67272121A70300225B016FCC6962AC71CA247ADF04EE824A715903B9097893	NumStability.Source.Higham.Chapter09.Section02
route	NumStability.Algorithms.HighamChapter9	NumStability.higham9_2_RectDoolittleRoundedStageTransition.L_stage_eq_prev	NumStability.higham9_2_RectDoolittleRoundedStageTransition.L_stage_eq_prev	NumStability.higham9_2_RectDoolittleRoundedStageTransition	NumStability.higham9_2_RectDoolittleRoundedStageTransition	compiler_generated	2830	0	2855	63	2836	10	2836	55	DA67272121A70300225B016FCC6962AC71CA247ADF04EE824A715903B9097893	NumStability.Source.Higham.Chapter09.Section02
route	NumStability.Algorithms.HighamChapter9	NumStability.higham9_2_RectDoolittleRoundedStageTransition.L_upper_zero_stage	NumStability.higham9_2_RectDoolittleRoundedStageTransition.L_upper_zero_stage	NumStability.higham9_2_RectDoolittleRoundedStageTransition	NumStability.higham9_2_RectDoolittleRoundedStageTransition	compiler_generated	2830	0	2855	63	2836	10	2836	55	DA67272121A70300225B016FCC6962AC71CA247ADF04EE824A715903B9097893	NumStability.Source.Higham.Chapter09.Section02
route	NumStability.Algorithms.HighamChapter9	NumStability.higham9_2_RectDoolittleRoundedStageTransition.U_lower_zero_stage	NumStability.higham9_2_RectDoolittleRoundedStageTransition.U_lower_zero_stage	NumStability.higham9_2_RectDoolittleRoundedStageTransition	NumStability.higham9_2_RectDoolittleRoundedStageTransition	compiler_generated	2830	0	2855	63	2836	10	2836	55	DA67272121A70300225B016FCC6962AC71CA247ADF04EE824A715903B9097893	NumStability.Source.Higham.Chapter09.Section02
route	NumStability.Algorithms.HighamChapter9	NumStability.higham9_2_RectDoolittleRoundedStageTransition.U_preserve_off_stage	NumStability.higham9_2_RectDoolittleRoundedStageTransition.U_preserve_off_stage	NumStability.higham9_2_RectDoolittleRoundedStageTransition	NumStability.higham9_2_RectDoolittleRoundedStageTransition	compiler_generated	2830	0	2855	63	2836	10	2836	55	DA67272121A70300225B016FCC6962AC71CA247ADF04EE824A715903B9097893	NumStability.Source.Higham.Chapter09.Section02
route	NumStability.Algorithms.HighamChapter9	NumStability.higham9_2_RectDoolittleRoundedStageTransition.U_stage_eq_prev	NumStability.higham9_2_RectDoolittleRoundedStageTransition.U_stage_eq_prev	NumStability.higham9_2_RectDoolittleRoundedStageTransition	NumStability.higham9_2_RectDoolittleRoundedStageTransition	compiler_generated	2830	0	2855	63	2836	10	2836	55	DA67272121A70300225B016FCC6962AC71CA247ADF04EE824A715903B9097893	NumStability.Source.Higham.Chapter09.Section02
route	NumStability.Algorithms.HighamChapter9	NumStability.higham9_2_RectDoolittleRoundedStageTransition.casesOn	NumStability.higham9_2_RectDoolittleRoundedStageTransition.casesOn	NumStability.higham9_2_RectDoolittleRoundedStageTransition	NumStability.higham9_2_RectDoolittleRoundedStageTransition	compiler_generated	2830	0	2855	63	2836	10	2836	55	DA67272121A70300225B016FCC6962AC71CA247ADF04EE824A715903B9097893	NumStability.Source.Higham.Chapter09.Section02
route	NumStability.Algorithms.HighamChapter9	NumStability.higham9_2_RectDoolittleRoundedStageTransition.mk	NumStability.higham9_2_RectDoolittleRoundedStageTransition.mk	NumStability.higham9_2_RectDoolittleRoundedStageTransition	NumStability.higham9_2_RectDoolittleRoundedStageTransition	compiler_generated	2830	0	2855	63	2836	10	2836	55	DA67272121A70300225B016FCC6962AC71CA247ADF04EE824A715903B9097893	NumStability.Source.Higham.Chapter09.Section02
route	NumStability.Algorithms.HighamChapter9	NumStability.higham9_2_RectDoolittleRoundedStageTransition.rec	NumStability.higham9_2_RectDoolittleRoundedStageTransition.rec	NumStability.higham9_2_RectDoolittleRoundedStageTransition	NumStability.higham9_2_RectDoolittleRoundedStageTransition	compiler_generated	2830	0	2855	63	2836	10	2836	55	DA67272121A70300225B016FCC6962AC71CA247ADF04EE824A715903B9097893	NumStability.Source.Higham.Chapter09.Section02
route	NumStability.Algorithms.HighamChapter9	NumStability.higham9_2_RectDoolittleRoundedStageTransition.recOn	NumStability.higham9_2_RectDoolittleRoundedStageTransition.recOn	NumStability.higham9_2_RectDoolittleRoundedStageTransition	NumStability.higham9_2_RectDoolittleRoundedStageTransition	compiler_generated	2830	0	2855	63	2836	10	2836	55	DA67272121A70300225B016FCC6962AC71CA247ADF04EE824A715903B9097893	NumStability.Source.Higham.Chapter09.Section02
route	NumStability.Algorithms.HighamChapter9	NumStability.higham9_2_RectDoolittleRoundedState	NumStability.higham9_2_RectDoolittleRoundedState	NumStability.higham9_2_RectDoolittleRoundedState	NumStability.higham9_2_RectDoolittleRoundedState	authored	2787	0	2789	43	2788	7	2788	42	C5876DAFC8B16A613B3CD5EA4A9B69F625369A5F13AED33E3D30B7D0469E5EF0	NumStability.Source.Higham.Chapter09.Section02
route	NumStability.Algorithms.HighamChapter9	NumStability.higham9_2_absBudgetCertificate_of_literal_doolittle_component_dominance	NumStability.higham9_2_absBudgetCertificate_of_literal_doolittle_component_dominance	NumStability.higham9_2_absBudgetCertificate_of_literal_doolittle_component_dominance	NumStability.higham9_2_absBudgetCertificate_of_literal_doolittle_component_dominance	authored	2515	0	2555	70	2518	8	2518	79	A03C12A74B84E05EE7FDDA440BAF34906E3AEBF9089AF395582F69CAA2DAC305	NumStability.Source.Higham.Chapter09.Section02
route	NumStability.Algorithms.HighamChapter9	NumStability.higham9_2_absBudgetCertificate_of_literal_doolittle_exact_product_margins	NumStability.higham9_2_absBudgetCertificate_of_literal_doolittle_exact_product_margins	NumStability.higham9_2_absBudgetCertificate_of_literal_doolittle_exact_product_margins	NumStability.higham9_2_absBudgetCertificate_of_literal_doolittle_exact_product_margins	authored	2557	0	2594	46	2560	8	2560	81	E6007294E52585E3362BE4E9435DE716799428A70406088D220365216D7C94D3	NumStability.Source.Higham.Chapter09.Section02
route	NumStability.Algorithms.HighamChapter9	NumStability.higham9_2_absBudgetCertificate_of_literal_doolittle_exact_product_numerator_margins	NumStability.higham9_2_absBudgetCertificate_of_literal_doolittle_exact_product_numerator_margins	NumStability.higham9_2_absBudgetCertificate_of_literal_doolittle_exact_product_numerator_margins	NumStability.higham9_2_absBudgetCertificate_of_literal_doolittle_exact_product_numerator_margins	authored	2596	0	2637	50	2599	8	2599	91	A6BC35179CA1AB76278765129D47BC5A73953C00869253C995FC6ED069ACC368	NumStability.Source.Higham.Chapter09.Section02
route	NumStability.Algorithms.HighamChapter9	NumStability.higham9_2_absBudgetCertificate_of_literal_doolittle_exact_target_gaps	NumStability.higham9_2_absBudgetCertificate_of_literal_doolittle_exact_target_gaps	NumStability.higham9_2_absBudgetCertificate_of_literal_doolittle_exact_target_gaps	NumStability.higham9_2_absBudgetCertificate_of_literal_doolittle_exact_target_gaps	authored	2639	0	2685	41	2644	8	2644	77	27CBCC9BFE4E01B871AF104D1753F40B3F0A07C5D99DEED4ED7B52D8D41FC845	NumStability.Source.Higham.Chapter09.Section02
route	NumStability.Algorithms.HighamChapter9	NumStability.higham9_2_absBudgetCertificate_of_literal_doolittle_source_budgets	NumStability.higham9_2_absBudgetCertificate_of_literal_doolittle_source_budgets	NumStability.higham9_2_absBudgetCertificate_of_literal_doolittle_source_budgets	NumStability.higham9_2_absBudgetCertificate_of_literal_doolittle_source_budgets	authored	2478	0	2513	42	2483	8	2483	74	8CB1C8498DBAA6D4B10422E6F87678323B28FBF9005F3DD80839CC8FD2D269E4	NumStability.Source.Higham.Chapter09.Section02
route	NumStability.Algorithms.HighamChapter9	NumStability.higham9_2_absBudgetCertificate_to_DoolittleLU	NumStability.higham9_2_absBudgetCertificate_to_DoolittleLU	NumStability.higham9_2_absBudgetCertificate_to_DoolittleLU	NumStability.higham9_2_absBudgetCertificate_to_DoolittleLU	authored	1853	0	1862	79	1856	8	1856	53	F195534B6762549B6561F4730DB360B8A0757AFCE0F8D82A66425474FEB6CA05	NumStability.Source.Higham.Chapter09.Section02
route	NumStability.Algorithms.HighamChapter9	NumStability.higham9_2_abs_lower_entry_mul_pivot_le_rectMatMul_abs_sum	NumStability.higham9_2_abs_lower_entry_mul_pivot_le_rectMatMul_abs_sum	NumStability.higham9_2_abs_lower_entry_mul_pivot_le_rectMatMul_abs_sum	NumStability.higham9_2_abs_lower_entry_mul_pivot_le_rectMatMul_abs_sum	authored	5886	0	5900	29	5888	8	5888	65	4869F848F68ADD0E6BD637D8C3A1131A3CA60E99BA969BB0E9EE1FF3998BF24C	NumStability.Source.Higham.Chapter09.Section02
route	NumStability.Algorithms.HighamChapter9	NumStability.higham9_2_abs_upper_entry_le_rectMatMul_abs_sum	NumStability.higham9_2_abs_upper_entry_le_rectMatMul_abs_sum	NumStability.higham9_2_abs_upper_entry_le_rectMatMul_abs_sum	NumStability.higham9_2_abs_upper_entry_le_rectMatMul_abs_sum	authored	5868	0	5884	31	5870	8	5870	55	F9396AD364CFFCCA13DA3700410805232011A50A2E2969ABEB9847D4E73E55D7	NumStability.Source.Higham.Chapter09.Section02
route	NumStability.Algorithms.HighamChapter9	NumStability.higham9_2_colPermutedMatrix	NumStability.higham9_2_colPermutedMatrix	NumStability.higham9_2_colPermutedMatrix	NumStability.higham9_2_colPermutedMatrix	authored	1958	0	1963	24	1960	4	1960	31	DB918BC179DE70AD2BEC0FE4828D4833DD31A94EA4F3EEFA24A151C54108F4DD	NumStability.Source.Higham.Chapter09.Section02
route	NumStability.Algorithms.HighamChapter9	NumStability.higham9_2_colPermutedMatrix_infNorm	NumStability.higham9_2_colPermutedMatrix_infNorm	NumStability.higham9_2_colPermutedMatrix_infNorm	NumStability.higham9_2_colPermutedMatrix_infNorm	authored	2007	0	2034	62	2008	8	2008	43	25C70D3AD529450358413499DD7BDC87D76E4E1CC2C2B10B32A6AA68E4E628A1	NumStability.Source.Higham.Chapter09.Section02
route	NumStability.Algorithms.HighamChapter9	NumStability.higham9_2_colPermutedMatrix_maxEntryNorm	NumStability.higham9_2_colPermutedMatrix_maxEntryNorm	NumStability.higham9_2_colPermutedMatrix_maxEntryNorm	NumStability.higham9_2_colPermutedMatrix_maxEntryNorm	authored	1971	0	2005	23	1972	8	1972	48	6EDF2D394D2D163AF1A4FD43DE3EB9DDB8425CCF5840C57DFB17A77D050AC859	NumStability.Source.Higham.Chapter09.Section02
route	NumStability.Algorithms.HighamChapter9	NumStability.higham9_2_completePermutedAbsBudgetCertificate_to_CompletePermutedLUBackwardError	NumStability.higham9_2_completePermutedAbsBudgetCertificate_to_CompletePermutedLUBackwardError	NumStability.higham9_2_completePermutedAbsBudgetCertificate_to_CompletePermutedLUBackwardError	NumStability.higham9_2_completePermutedAbsBudgetCertificate_to_CompletePermutedLUBackwardError	authored	2403	0	2424	66	2408	8	2408	89	8F1507A2F62A2B407895F4D60196EDC19683967DB8B0ED220F27F15EB42BD9B9	NumStability.Source.Higham.Chapter09.Section02
route	NumStability.Algorithms.HighamChapter9	NumStability.higham9_2_completePermutedDenseLoopCertificate_to_CompletePermutedLUBackwardError	NumStability.higham9_2_completePermutedDenseLoopCertificate_to_CompletePermutedLUBackwardError	NumStability.higham9_2_completePermutedDenseLoopCertificate_to_CompletePermutedLUBackwardError	NumStability.higham9_2_completePermutedDenseLoopCertificate_to_CompletePermutedLUBackwardError	authored	2381	0	2401	66	2387	8	2387	89	72F0102249A52F7A7F3FA3389AA363E7DC6AE5FE62834E93EECA8E02CA321CFE	NumStability.Source.Higham.Chapter09.Section02
route	NumStability.Algorithms.HighamChapter9	NumStability.higham9_2_completePermutedLUBackwardError_to_LUBackwardError	NumStability.higham9_2_completePermutedLUBackwardError_to_LUBackwardError	NumStability.higham9_2_completePermutedLUBackwardError_to_LUBackwardError	NumStability.higham9_2_completePermutedLUBackwardError_to_LUBackwardError	authored	2308	0	2318	64	2310	8	2310	68	61B6CCD934CD9996D5719462D8D5BB7345AFE87C49988C823E5906CA4A3BDB57	NumStability.Source.Higham.Chapter09.Section02
route	NumStability.Algorithms.HighamChapter9	NumStability.higham9_2_completePermutedLUFactSpec_det_eq_pivot_product	NumStability.higham9_2_completePermutedLUFactSpec_det_eq_pivot_product	NumStability.higham9_2_completePermutedLUFactSpec_det_eq_pivot_product	NumStability.higham9_2_completePermutedLUFactSpec_det_eq_pivot_product	authored	2277	0	2286	77	2279	8	2279	65	7981C56AA8A7809A552D7B94DEA3AEE7A4A36394F8BD3CD8589826D624AE6750	NumStability.Source.Higham.Chapter09.Section02
route	NumStability.Algorithms.HighamChapter9	NumStability.higham9_2_completePermutedLUFactSpec_det_ne_zero_iff_pivots_ne_zero	NumStability.higham9_2_completePermutedLUFactSpec_det_ne_zero_iff_pivots_ne_zero	NumStability.higham9_2_completePermutedLUFactSpec_det_ne_zero_iff_pivots_ne_zero	NumStability.higham9_2_completePermutedLUFactSpec_det_ne_zero_iff_pivots_ne_zero	authored	2288	0	2297	89	2290	8	2290	75	86CB342037111EC80356DF6E5591AFB5895A6A5A2E1F6847375FB84793C1B837	NumStability.Source.Higham.Chapter09.Section02
route	NumStability.Algorithms.HighamChapter9	NumStability.higham9_2_completePermutedLUFactSpec_to_CompletePermutedLUBackwardError_gamma	NumStability.higham9_2_completePermutedLUFactSpec_to_CompletePermutedLUBackwardError_gamma	NumStability.higham9_2_completePermutedLUFactSpec_to_CompletePermutedLUBackwardError_gamma	NumStability.higham9_2_completePermutedLUFactSpec_to_CompletePermutedLUBackwardError_gamma	authored	2330	0	2341	75	2333	8	2333	85	5520555A72497DB71433678A80CB9B2E4330BC8D5BDDD78CFA884A29B79E7A92	NumStability.Source.Higham.Chapter09.Section02
route	NumStability.Algorithms.HighamChapter9	NumStability.higham9_2_completePermutedLUFactSpec_to_CompletePermutedLUBackwardError_zero	NumStability.higham9_2_completePermutedLUFactSpec_to_CompletePermutedLUBackwardError_zero	NumStability.higham9_2_completePermutedLUFactSpec_to_CompletePermutedLUBackwardError_zero	NumStability.higham9_2_completePermutedLUFactSpec_to_CompletePermutedLUBackwardError_zero	authored	2320	0	2328	71	2322	8	2322	84	40772F2CC52351E3D3DF98DF436EED3E29C76D25277E5AAAEC4B05BE8A632E91	NumStability.Source.Higham.Chapter09.Section02
route	NumStability.Algorithms.HighamChapter9	NumStability.higham9_2_completePermutedLUFactSpec_to_LUFactSpec	NumStability.higham9_2_completePermutedLUFactSpec_to_LUFactSpec	NumStability.higham9_2_completePermutedLUFactSpec_to_LUFactSpec	NumStability.higham9_2_completePermutedLUFactSpec_to_LUFactSpec	authored	2268	0	2275	54	2270	8	2270	58	2E734215E2F6AF781FF3C65C05FAA62D574F66297A101F281BA78EAE387B2D3A	NumStability.Source.Higham.Chapter09.Section02
route	NumStability.Algorithms.HighamChapter9	NumStability.higham9_2_completePermutedRectAbsBudgetCertificate_to_CompletePermutedLUBackwardError	NumStability.higham9_2_completePermutedRectAbsBudgetCertificate_to_CompletePermutedLUBackwardError	NumStability.higham9_2_completePermutedRectAbsBudgetCertificate_to_CompletePermutedLUBackwardError	NumStability.higham9_2_completePermutedRectAbsBudgetCertificate_to_CompletePermutedLUBackwardError	authored	5296	0	5313	73	5299	4	5299	89	6B11940A8C1550964D03947CA0D95E702CA1D920E757E4A2E898ACD7B5E97F68	NumStability.Source.Higham.Chapter09.Section02
route	NumStability.Algorithms.HighamChapter9	NumStability.higham9_2_completePermutedRectDenseLoopCertificate_to_CompletePermutedLUBackwardError	NumStability.higham9_2_completePermutedRectDenseLoopCertificate_to_CompletePermutedLUBackwardError	NumStability.higham9_2_completePermutedRectDenseLoopCertificate_to_CompletePermutedLUBackwardError	NumStability.higham9_2_completePermutedRectDenseLoopCertificate_to_CompletePermutedLUBackwardError	authored	5275	0	5294	73	5281	4	5281	89	9BAF20659FCF7D7CFB6506602743282D1E07897400936C5968B5EFC55647DB90	NumStability.Source.Higham.Chapter09.Section02
route	NumStability.Algorithms.HighamChapter9	NumStability.higham9_2_completePermutedRectRoundedLoopStageTrace	NumStability.higham9_2_completePermutedRectRoundedLoopStageTrace	NumStability.higham9_2_completePermutedRectRoundedLoopStageTrace	NumStability.higham9_2_completePermutedRectRoundedLoopStageTrace	authored	5345	0	5361	48	5351	8	5351	59	C96AB398AFF469CD66F5DCA1C9F821CCA5E2F7D75056B2DB79A46EB9C2733E25	NumStability.Source.Higham.Chapter09.Section02
route	NumStability.Algorithms.HighamChapter9	NumStability.higham9_2_completePermutedRectRoundedLoop_square_to_DoolittleLU	NumStability.higham9_2_completePermutedRectRoundedLoop_square_to_DoolittleLU	NumStability.higham9_2_completePermutedRectRoundedLoop_square_to_DoolittleLU	NumStability.higham9_2_completePermutedRectRoundedLoop_square_to_DoolittleLU	authored	5465	0	5504	40	5468	8	5468	71	A34DFB8608718F710E0D94D3147B0FB88C2E44A39E8191FBBE4A42183A2588D5	NumStability.Source.Higham.Chapter09.Section02
route	NumStability.Algorithms.HighamChapter9	NumStability.higham9_2_completePermutedRectRoundedLoop_to_CompletePermutedLUBackwardError	NumStability.higham9_2_completePermutedRectRoundedLoop_to_CompletePermutedLUBackwardError	NumStability.higham9_2_completePermutedRectRoundedLoop_to_CompletePermutedLUBackwardError	NumStability.higham9_2_completePermutedRectRoundedLoop_to_CompletePermutedLUBackwardError	authored	5506	0	5553	58	5513	4	5513	80	E506E3AADAB403734BF202271A384975175AF2AD158B0C3742A0EB241D65D4A3	NumStability.Source.Higham.Chapter09.Section02
route	NumStability.Algorithms.HighamChapter9	NumStability.higham9_2_completePermutedRectRoundedLoop_to_rectAbsBudgetCertificate	NumStability.higham9_2_completePermutedRectRoundedLoop_to_rectAbsBudgetCertificate	NumStability.higham9_2_completePermutedRectRoundedLoop_to_rectAbsBudgetCertificate	NumStability.higham9_2_completePermutedRectRoundedLoop_to_rectAbsBudgetCertificate	authored	5363	0	5418	40	5369	8	5369	77	82B7A55AEFB9C12B03D9A6628B1CF31A7C4E38E8807513E9D03C3FC1224158D2	NumStability.Source.Higham.Chapter09.Section02
route	NumStability.Algorithms.HighamChapter9	NumStability.higham9_2_completePermutedRectRoundedLoop_to_rectDenseLoopCertificate	NumStability.higham9_2_completePermutedRectRoundedLoop_to_rectDenseLoopCertificate	NumStability.higham9_2_completePermutedRectRoundedLoop_to_rectDenseLoopCertificate	NumStability.higham9_2_completePermutedRectRoundedLoop_to_rectDenseLoopCertificate	authored	5420	0	5463	40	5426	8	5426	77	6CB5FE2969FCD8523543166D582499F877A1C22017DC24B3335DC91B9F890C18	NumStability.Source.Higham.Chapter09.Section02
route	NumStability.Algorithms.HighamChapter9	NumStability.higham9_2_completePermutedRectRoundedStageTrace_to_CompletePermutedLUBackwardError	NumStability.higham9_2_completePermutedRectRoundedStageTrace_to_CompletePermutedLUBackwardError	NumStability.higham9_2_completePermutedRectRoundedStageTrace_to_CompletePermutedLUBackwardError	NumStability.higham9_2_completePermutedRectRoundedStageTrace_to_CompletePermutedLUBackwardError	authored	5315	0	5343	46	5318	4	5318	86	8C411AA8189BD27A0EAC16C9DB22C56F2E2622E8F67B41CEE546FFD0D609AC82	NumStability.Source.Higham.Chapter09.Section02
route	NumStability.Algorithms.HighamChapter9	NumStability.higham9_2_complexRowColPermutedMatrix	NumStability.higham9_2_complexRowColPermutedMatrix	NumStability.higham9_2_complexRowColPermutedMatrix	NumStability.higham9_2_complexRowColPermutedMatrix	authored	10692	0	10697	32	10694	4	10694	41	134239A8342300E2D2F6A4C39E05C50754A137AF712814DC7427AB6CC97BC9FE	NumStability.Source.Higham.Chapter09.Section04
route	NumStability.Algorithms.HighamChapter9	NumStability.higham9_2_complexRowColPermutedMatrix_right_inverse	NumStability.higham9_2_complexRowColPermutedMatrix_right_inverse	NumStability.higham9_2_complexRowColPermutedMatrix_right_inverse	NumStability.higham9_2_complexRowColPermutedMatrix_right_inverse	authored	11145	0	11176	24	11146	8	11146	59	95962DC4CF85D9634790337700D4363BEC2CBD7991B60E933CCFAF855EA206A0	NumStability.Source.Higham.Chapter09.Section04
route	NumStability.Algorithms.HighamChapter9	NumStability.higham9_2_denseLoopCertificate_to_DoolittleLU	NumStability.higham9_2_denseLoopCertificate_to_DoolittleLU	NumStability.higham9_2_denseLoopCertificate_to_DoolittleLU	NumStability.higham9_2_denseLoopCertificate_to_DoolittleLU	authored	1843	0	1851	70	1846	8	1846	53	A18B3CFADDB96C278C37A34EEDBA643E9A677E79817AA23804163B9874C63DC0	NumStability.Source.Higham.Chapter09.Section02
route	NumStability.Algorithms.HighamChapter9	NumStability.higham9_2_doolittleSourceFlopPolynomial	NumStability.higham9_2_doolittleSourceFlopPolynomial	NumStability.higham9_2_doolittleSourceFlopPolynomial	NumStability.higham9_2_doolittleSourceFlopPolynomial	authored	6210	0	6215	39	6214	4	6214	43	AED67BD33BD4FC4ECC2D6486B75B617366CBBAFFAB4BD9903A77AD85560457DB	NumStability.Source.Higham.Chapter09.Section02
route	NumStability.Algorithms.HighamChapter9	NumStability.higham9_2_doolittleSourceFlopPolynomial_eq	NumStability.higham9_2_doolittleSourceFlopPolynomial_eq	NumStability.higham9_2_doolittleSourceFlopPolynomial_eq	NumStability.higham9_2_doolittleSourceFlopPolynomial_eq	authored	6217	0	6223	6	6219	8	6219	50	80E8B7FEF50965380F49DACA199B2153B8CAB1AE0FE3096AA2209454405DCE2B	NumStability.Source.Higham.Chapter09.Section02
route	NumStability.Algorithms.HighamChapter9	NumStability.higham9_2_doolittleSourceFlopPolynomial_one	NumStability.higham9_2_doolittleSourceFlopPolynomial_one	NumStability.higham9_2_doolittleSourceFlopPolynomial_one	NumStability.higham9_2_doolittleSourceFlopPolynomial_one	authored	6225	0	6230	48	6228	8	6228	51	823BFD02F8F21CB76E822961F876ED01BFAB1C4399FF8C004175826E708E83ED	NumStability.Source.Higham.Chapter09.Section02
route	NumStability.Algorithms.HighamChapter9	NumStability.higham9_2_exactDoolittle_recurrences_to_LUFactSpec	NumStability.higham9_2_exactDoolittle_recurrences_to_LUFactSpec	NumStability.higham9_2_exactDoolittle_recurrences_to_LUFactSpec	NumStability.higham9_2_exactDoolittle_recurrences_to_LUFactSpec	authored	6015	0	6044	34	6021	8	6021	58	BADE74DF7B7BB9D4A9261EF1B218C6ACEC1F2DF9DA928DC62C4F6CF0C1C9A01F	NumStability.Source.Higham.Chapter09.Section02
route	NumStability.Algorithms.HighamChapter9	NumStability.higham9_2_firstPivotRowColSwap_det_ne_zero	NumStability.higham9_2_firstPivotRowColSwap_det_ne_zero	NumStability.higham9_2_firstPivotRowColSwap_det_ne_zero	NumStability.higham9_2_firstPivotRowColSwap_det_ne_zero	authored	2210	0	2247	36	2212	8	2212	50	4D45DA177EEBC92B3B77AC7D607F0E2F64A84D45F7C7A4CB1F57F5247D09752A	NumStability.Source.Higham.Chapter09.Section02
route	NumStability.Algorithms.HighamChapter9	NumStability.higham9_2_flDoolittleLEntry	NumStability.higham9_2_flDoolittleLEntry	NumStability.higham9_2_flDoolittleLEntry	NumStability.higham9_2_flDoolittleLEntry	authored	2473	0	2476	42	2474	18	2474	45	66443B47AAA6F188D449BDC2C6CA8F69DC3A9450254FCBFF6FE86B156FB23EF7	NumStability.Source.Higham.Chapter09.Section02
route	NumStability.Algorithms.HighamChapter9	NumStability.higham9_2_flDoolittleLNumerator	NumStability.higham9_2_flDoolittleLNumerator	NumStability.higham9_2_flDoolittleLNumerator	NumStability.higham9_2_flDoolittleLNumerator	authored	2468	0	2471	46	2469	18	2469	49	B0DBADC6EC43DFB630F455C3CDB4473E9C2796117622AB21DE58D57F79B3B9F2	NumStability.Source.Higham.Chapter09.Section02
route	NumStability.Algorithms.HighamChapter9	NumStability.higham9_2_flDoolittleUEntry	NumStability.higham9_2_flDoolittleUEntry	NumStability.higham9_2_flDoolittleUEntry	NumStability.higham9_2_flDoolittleUEntry	authored	2463	0	2466	42	2464	18	2464	45	8AAC17113F73492AA1D50540D68FC8A14F2877F0ED862F04262285D954609BD0	NumStability.Source.Higham.Chapter09.Section02
route	NumStability.Algorithms.HighamChapter9	NumStability.higham9_2_permutedAbsBudgetCertificate_to_PermutedLUBackwardError	NumStability.higham9_2_permutedAbsBudgetCertificate_to_PermutedLUBackwardError	NumStability.higham9_2_permutedAbsBudgetCertificate_to_PermutedLUBackwardError	NumStability.higham9_2_permutedAbsBudgetCertificate_to_PermutedLUBackwardError	authored	1931	0	1956	74	1936	8	1936	73	9FB3BC496BC28AC8052721B1B855BA43263AF26A10A8BACC35E3F52DC49A1D5D	NumStability.Source.Higham.Chapter09.Section02
route	NumStability.Algorithms.HighamChapter9	NumStability.higham9_2_permutedDenseLoopCertificate_to_PermutedLUBackwardError	NumStability.higham9_2_permutedDenseLoopCertificate_to_PermutedLUBackwardError	NumStability.higham9_2_permutedDenseLoopCertificate_to_PermutedLUBackwardError	NumStability.higham9_2_permutedDenseLoopCertificate_to_PermutedLUBackwardError	authored	1904	0	1929	74	1910	8	1910	73	40622E26ED9C2FA35BC88B5B2DCB3A15593365A01AFE9483972D2231C3900442	NumStability.Source.Higham.Chapter09.Section02
route	NumStability.Algorithms.HighamChapter9	NumStability.higham9_2_permutedLUBackwardError_to_LUBackwardError	NumStability.higham9_2_permutedLUBackwardError_to_LUBackwardError	NumStability.higham9_2_permutedLUBackwardError_to_LUBackwardError	NumStability.higham9_2_permutedLUBackwardError_to_LUBackwardError	authored	1354	0	1366	68	1356	8	1356	60	2C9F0ACB9F76EE4925402D35F1563B5322E0E04C12BBBF6D19237D346CE48CBD	NumStability.Source.Higham.Chapter09.Section02
route	NumStability.Algorithms.HighamChapter9	NumStability.higham9_2_permutedLUFactSpec_det_eq_pivot_product	NumStability.higham9_2_permutedLUFactSpec_det_eq_pivot_product	NumStability.higham9_2_permutedLUFactSpec_det_eq_pivot_product	NumStability.higham9_2_permutedLUFactSpec_det_eq_pivot_product	authored	1325	0	1334	69	1327	8	1327	57	D5B5C755E3BEE92FFA26C512E78236738C8A086CAA669DD9E49B38E5FF30C0E9	NumStability.Source.Higham.Chapter09.Section02
route	NumStability.Algorithms.HighamChapter9	NumStability.higham9_2_permutedLUFactSpec_det_ne_zero_iff_pivots_ne_zero	NumStability.higham9_2_permutedLUFactSpec_det_ne_zero_iff_pivots_ne_zero	NumStability.higham9_2_permutedLUFactSpec_det_ne_zero_iff_pivots_ne_zero	NumStability.higham9_2_permutedLUFactSpec_det_ne_zero_iff_pivots_ne_zero	authored	1336	0	1345	81	1338	8	1338	67	50210976B0C2413DA5C22301CE57BA8B00D0D4D6CC0A06039FCF6A01D9BE2039	NumStability.Source.Higham.Chapter09.Section02
route	NumStability.Algorithms.HighamChapter9	NumStability.higham9_2_permutedLUFactSpec_to_CompletePermutedLUFactSpec_id	NumStability.higham9_2_permutedLUFactSpec_to_CompletePermutedLUFactSpec_id	NumStability.higham9_2_permutedLUFactSpec_to_CompletePermutedLUFactSpec_id	NumStability.higham9_2_permutedLUFactSpec_to_CompletePermutedLUFactSpec_id	authored	2257	0	2266	49	2259	8	2259	69	D2314C9E6A826AEA83373216DB6AB1E86B17F46AA050DC305FDCB2670A46585F	NumStability.Source.Higham.Chapter09.Section02
route	NumStability.Algorithms.HighamChapter9	NumStability.higham9_2_permutedLUFactSpec_to_LUFactSpec	NumStability.higham9_2_permutedLUFactSpec_to_LUFactSpec	NumStability.higham9_2_permutedLUFactSpec_to_LUFactSpec	NumStability.higham9_2_permutedLUFactSpec_to_LUFactSpec	authored	1312	0	1323	64	1314	8	1314	50	4A39DA769713DB8DAAB6EF8E0605B311A8FA447543816DC154328D85717C80B6	NumStability.Source.Higham.Chapter09.Section02
route	NumStability.Algorithms.HighamChapter9	NumStability.higham9_2_permutedLUFactSpec_to_PermutedLUBackwardError_gamma	NumStability.higham9_2_permutedLUFactSpec_to_PermutedLUBackwardError_gamma	NumStability.higham9_2_permutedLUFactSpec_to_PermutedLUBackwardError_gamma	NumStability.higham9_2_permutedLUFactSpec_to_PermutedLUBackwardError_gamma	authored	1388	0	1411	62	1392	8	1392	69	E8DE91040985154C2AA5207E92E8D40056AFEEE2CA146E186306C4062AA714D6	NumStability.Source.Higham.Chapter09.Section02
route	NumStability.Algorithms.HighamChapter9	NumStability.higham9_2_permutedLUFactSpec_to_PermutedLUBackwardError_zero	NumStability.higham9_2_permutedLUFactSpec_to_PermutedLUBackwardError_zero	NumStability.higham9_2_permutedLUFactSpec_to_PermutedLUBackwardError_zero	NumStability.higham9_2_permutedLUFactSpec_to_PermutedLUBackwardError_zero	authored	1368	0	1386	55	1372	8	1372	68	FEC7E60FB5A02F28C01B5E495750C0007CEDEE8E0001600B289153ACA5C0BE72	NumStability.Source.Higham.Chapter09.Section02
route	NumStability.Algorithms.HighamChapter9	NumStability.higham9_2_permutedRectAbsBudgetCertificate_to_PermutedLUBackwardError	NumStability.higham9_2_permutedRectAbsBudgetCertificate_to_PermutedLUBackwardError	NumStability.higham9_2_permutedRectAbsBudgetCertificate_to_PermutedLUBackwardError	NumStability.higham9_2_permutedRectAbsBudgetCertificate_to_PermutedLUBackwardError	authored	5022	0	5039	73	5027	8	5027	77	1EA4800BABE311C98B79105BB83478642225589A49D64DCF7D4417A6A7A07710	NumStability.Source.Higham.Chapter09.Section02
route	NumStability.Algorithms.HighamChapter9	NumStability.higham9_2_permutedRectDenseLoopCertificate_to_PermutedLUBackwardError	NumStability.higham9_2_permutedRectDenseLoopCertificate_to_PermutedLUBackwardError	NumStability.higham9_2_permutedRectDenseLoopCertificate_to_PermutedLUBackwardError	NumStability.higham9_2_permutedRectDenseLoopCertificate_to_PermutedLUBackwardError	authored	5004	0	5020	73	5009	8	5009	77	8A377007A867FDC4FC1CA3A7D739F21AD7F6A726A66D71B0E0A0531C76BC34E2	NumStability.Source.Higham.Chapter09.Section02
route	NumStability.Algorithms.HighamChapter9	NumStability.higham9_2_permutedRectRoundedLoopStageTrace	NumStability.higham9_2_permutedRectRoundedLoopStageTrace	NumStability.higham9_2_permutedRectRoundedLoopStageTrace	NumStability.higham9_2_permutedRectRoundedLoopStageTrace	authored	5070	0	5085	41	5076	8	5076	51	06ACB308426FE67746A5F578C319DA3AA688A5F3608C52627BC78417F93B9606	NumStability.Source.Higham.Chapter09.Section02
route	NumStability.Algorithms.HighamChapter9	NumStability.higham9_2_permutedRectRoundedLoop_square_to_DoolittleLU	NumStability.higham9_2_permutedRectRoundedLoop_square_to_DoolittleLU	NumStability.higham9_2_permutedRectRoundedLoop_square_to_DoolittleLU	NumStability.higham9_2_permutedRectRoundedLoop_square_to_DoolittleLU	authored	5189	0	5226	40	5191	8	5191	63	DB62B3B28F4DDC05906E98F7F1B9D150F4BFE89041F62FA178B1548F59F5C841	NumStability.Source.Higham.Chapter09.Section02
route	NumStability.Algorithms.HighamChapter9	NumStability.higham9_2_permutedRectRoundedLoop_to_PermutedLUBackwardError	NumStability.higham9_2_permutedRectRoundedLoop_to_PermutedLUBackwardError	NumStability.higham9_2_permutedRectRoundedLoop_to_PermutedLUBackwardError	NumStability.higham9_2_permutedRectRoundedLoop_to_PermutedLUBackwardError	authored	5228	0	5273	54	5234	8	5234	68	46D2426C71DEAF9473A843756CACCA93A4F1BC7C581D402B950D26231536B62E	NumStability.Source.Higham.Chapter09.Section02
route	NumStability.Algorithms.HighamChapter9	NumStability.higham9_2_permutedRectRoundedLoop_to_rectAbsBudgetCertificate	NumStability.higham9_2_permutedRectRoundedLoop_to_rectAbsBudgetCertificate	NumStability.higham9_2_permutedRectRoundedLoop_to_rectAbsBudgetCertificate	NumStability.higham9_2_permutedRectRoundedLoop_to_rectAbsBudgetCertificate	authored	5087	0	5142	40	5093	8	5093	69	C612B48CC9ACE58FE128DFC509E2DC174F6B81026261441847F93F8004FB5268	NumStability.Source.Higham.Chapter09.Section02
route	NumStability.Algorithms.HighamChapter9	NumStability.higham9_2_permutedRectRoundedLoop_to_rectDenseLoopCertificate	NumStability.higham9_2_permutedRectRoundedLoop_to_rectDenseLoopCertificate	NumStability.higham9_2_permutedRectRoundedLoop_to_rectDenseLoopCertificate	NumStability.higham9_2_permutedRectRoundedLoop_to_rectDenseLoopCertificate	authored	5144	0	5187	40	5150	8	5150	69	56098C9058832714AF4B30827FEB3881C118F234636CE9D82908D29E57180CDC	NumStability.Source.Higham.Chapter09.Section02
route	NumStability.Algorithms.HighamChapter9	NumStability.higham9_2_permutedRectRoundedStageTrace_to_PermutedLUBackwardError	NumStability.higham9_2_permutedRectRoundedStageTrace_to_PermutedLUBackwardError	NumStability.higham9_2_permutedRectRoundedStageTrace_to_PermutedLUBackwardError	NumStability.higham9_2_permutedRectRoundedStageTrace_to_PermutedLUBackwardError	authored	5041	0	5068	46	5047	8	5047	74	0A55F3C420AF2CAA8C11C31626EFC293A44D4830014D3B5FEC2A3A48D7FCDEFC	NumStability.Source.Higham.Chapter09.Section02
route	NumStability.Algorithms.HighamChapter9	NumStability.higham9_2_rectAbsBudgetCertificate_of_literal_doolittle_component_dominance	NumStability.higham9_2_rectAbsBudgetCertificate_of_literal_doolittle_component_dominance	NumStability.higham9_2_rectAbsBudgetCertificate_of_literal_doolittle_component_dominance	NumStability.higham9_2_rectAbsBudgetCertificate_of_literal_doolittle_component_dominance	authored	4646	0	4698	35	4650	8	4650	83	B44B86FEA6401879DCFE5D143A07D8FAA1F1806DA8A4E3797C6B6DA7F618AD52	NumStability.Source.Higham.Chapter09.Section02
route	NumStability.Algorithms.HighamChapter9	NumStability.higham9_2_rectAbsBudgetCertificate_of_literal_doolittle_exact_product_margins	NumStability.higham9_2_rectAbsBudgetCertificate_of_literal_doolittle_exact_product_margins	NumStability.higham9_2_rectAbsBudgetCertificate_of_literal_doolittle_exact_product_margins	NumStability.higham9_2_rectAbsBudgetCertificate_of_literal_doolittle_exact_product_margins	authored	4700	0	4757	15	4704	8	4704	85	59E6B55C6C6134A1C67149CD50F7569DA2D6B2556934C5BDF09374A666B4EEEB	NumStability.Source.Higham.Chapter09.Section02
route	NumStability.Algorithms.HighamChapter9	NumStability.higham9_2_rectAbsBudgetCertificate_of_literal_doolittle_exact_product_numerator_margins	NumStability.higham9_2_rectAbsBudgetCertificate_of_literal_doolittle_exact_product_numerator_margins	NumStability.higham9_2_rectAbsBudgetCertificate_of_literal_doolittle_exact_product_numerator_margins	NumStability.higham9_2_rectAbsBudgetCertificate_of_literal_doolittle_exact_product_numerator_margins	authored	4759	0	4802	59	4762	8	4762	95	981D33DD2F5B7DB3EA62EB7BEA069445D5FF017C3D1DAA856D1288994A8B68BE	NumStability.Source.Higham.Chapter09.Section02
route	NumStability.Algorithms.HighamChapter9	NumStability.higham9_2_rectAbsBudgetCertificate_of_literal_doolittle_exact_target_gaps	NumStability.higham9_2_rectAbsBudgetCertificate_of_literal_doolittle_exact_target_gaps	NumStability.higham9_2_rectAbsBudgetCertificate_of_literal_doolittle_exact_target_gaps	NumStability.higham9_2_rectAbsBudgetCertificate_of_literal_doolittle_exact_target_gaps	authored	4804	0	4866	65	4808	8	4808	81	16B78472F438997EEEBDF09ACB0C6C4EFDE6C3F8B0BAC3260D2A387843FEF0E5	NumStability.Source.Higham.Chapter09.Section02
route	NumStability.Algorithms.HighamChapter9	NumStability.higham9_2_rectAbsBudgetCertificate_of_literal_doolittle_source_budgets	NumStability.higham9_2_rectAbsBudgetCertificate_of_literal_doolittle_source_budgets	NumStability.higham9_2_rectAbsBudgetCertificate_of_literal_doolittle_source_budgets	NumStability.higham9_2_rectAbsBudgetCertificate_of_literal_doolittle_source_budgets	authored	4245	0	4290	41	4248	8	4248	78	A39DE76C965F202F7D9330A9DA1D5EF844C7B383677BA25FC1D381536B520A15	NumStability.Source.Higham.Chapter09.Section02
route	NumStability.Algorithms.HighamChapter9	NumStability.higham9_2_rectAbsBudgetCertificate_square_to_DoolittleLU	NumStability.higham9_2_rectAbsBudgetCertificate_square_to_DoolittleLU	NumStability.higham9_2_rectAbsBudgetCertificate_square_to_DoolittleLU	NumStability.higham9_2_rectAbsBudgetCertificate_square_to_DoolittleLU	authored	4946	0	4956	76	4948	8	4948	64	B86B516985874C751C694A800E87825CE8F8C8CA7046CF4A0E49153D409A0C33	NumStability.Source.Higham.Chapter09.Section02
route	NumStability.Algorithms.HighamChapter9	NumStability.higham9_2_rectAbsBudgetCertificate_to_rectDenseLoopCertificate	NumStability.higham9_2_rectAbsBudgetCertificate_to_rectDenseLoopCertificate	NumStability.higham9_2_rectAbsBudgetCertificate_to_rectDenseLoopCertificate	NumStability.higham9_2_rectAbsBudgetCertificate_to_rectDenseLoopCertificate	authored	4221	0	4243	42	4224	8	4224	70	75D5A18E27F68056CAB1F1DFE0FBD76202791CD5E1C177C3461CE13D18C606F3	NumStability.Source.Higham.Chapter09.Section02
route	NumStability.Algorithms.HighamChapter9	NumStability.higham9_2_rectAbsBudgetCertificate_to_squareAbsBudgetCertificate	NumStability.higham9_2_rectAbsBudgetCertificate_to_squareAbsBudgetCertificate	NumStability.higham9_2_rectAbsBudgetCertificate_to_squareAbsBudgetCertificate	NumStability.higham9_2_rectAbsBudgetCertificate_to_squareAbsBudgetCertificate	authored	4900	0	4932	55	4904	8	4904	72	B22F595D895BFD64D2FD9650E8014D0D4DE8E54BEDC8510863BA5AAB40D85BB3	NumStability.Source.Higham.Chapter09.Section02
route	NumStability.Algorithms.HighamChapter9	NumStability.higham9_2_rectDenseLoopCertificate_square_to_DoolittleLU	NumStability.higham9_2_rectDenseLoopCertificate_square_to_DoolittleLU	NumStability.higham9_2_rectDenseLoopCertificate_square_to_DoolittleLU	NumStability.higham9_2_rectDenseLoopCertificate_square_to_DoolittleLU	authored	4934	0	4944	76	4936	8	4936	64	0E8B46E88F579F30CDDA9E5568B25D3B6ABC1BC629D7BA71F006F06858265321	NumStability.Source.Higham.Chapter09.Section02
route	NumStability.Algorithms.HighamChapter9	NumStability.higham9_2_rectDenseLoopCertificate_to_squareDenseLoopCertificate	NumStability.higham9_2_rectDenseLoopCertificate_to_squareDenseLoopCertificate	NumStability.higham9_2_rectDenseLoopCertificate_to_squareDenseLoopCertificate	NumStability.higham9_2_rectDenseLoopCertificate_to_squareDenseLoopCertificate	authored	4868	0	4898	39	4871	8	4871	72	7653AF7C7B54A54579AFA51BD92A13C87A7E2A68EAC82688E3D646A0813BA387	NumStability.Source.Higham.Chapter09.Section02
route	NumStability.Algorithms.HighamChapter9	NumStability.higham9_2_rectDoolittleLAbsBudget	NumStability.higham9_2_rectDoolittleLAbsBudget	NumStability.higham9_2_rectDoolittleLAbsBudget	NumStability.higham9_2_rectDoolittleLAbsBudget	authored	3553	0	3565	60	3555	18	3555	51	4B3AE86B91704B7D259D92806BEC7565B6F04B4526F327F221FD320BBA2FE5F5	NumStability.Source.Higham.Chapter09.Section02
route	NumStability.Algorithms.HighamChapter9	NumStability.higham9_2_rectDoolittleLAbsBudget_le_compression_of_component_dominance	NumStability.higham9_2_rectDoolittleLAbsBudget_le_compression_of_component_dominance	NumStability.higham9_2_rectDoolittleLAbsBudget_le_compression_of_component_dominance	NumStability.higham9_2_rectDoolittleLAbsBudget_le_compression_of_component_dominance	authored	3618	0	3673	73	3622	8	3622	79	D871A99A1C632C0296AA4C909FC075E2986E4E17F8AEDC9E8E05FE60A2109BCC	NumStability.Source.Higham.Chapter09.Section02
route	NumStability.Algorithms.HighamChapter9	NumStability.higham9_2_rectDoolittleLExactProductMargin_of_exactTarget_gap	NumStability.higham9_2_rectDoolittleLExactProductMargin_of_exactTarget_gap	NumStability.higham9_2_rectDoolittleLExactProductMargin_of_exactTarget_gap	NumStability.higham9_2_rectDoolittleLExactProductMargin_of_exactTarget_gap	authored	3903	0	3943	36	3905	8	3905	69	631870144435C4A007A48793CBE41A4B63BCACC26A2BDC20FC8D725F6DCE73DE	NumStability.Source.Higham.Chapter09.Section02
route	NumStability.Algorithms.HighamChapter9	NumStability.higham9_2_rectDoolittleLExactProductNumeratorMargin_of_exactTarget_gap	NumStability.higham9_2_rectDoolittleLExactProductNumeratorMargin_of_exactTarget_gap	NumStability.higham9_2_rectDoolittleLExactProductNumeratorMargin_of_exactTarget_gap	NumStability.higham9_2_rectDoolittleLExactProductNumeratorMargin_of_exactTarget_gap	authored	3945	0	3993	14	3948	8	3948	78	13E9DD0B8423D64FCF43E88A9F7304FBB53F2CAA1E1AD0DEFDE68BE1D505A35A	NumStability.Source.Higham.Chapter09.Section02
route	NumStability.Algorithms.HighamChapter9	NumStability.higham9_2_rectDoolittleLExactTarget	NumStability.higham9_2_rectDoolittleLExactTarget	NumStability.higham9_2_rectDoolittleLExactTarget	NumStability.higham9_2_rectDoolittleLExactTarget	authored	3823	0	3831	29	3825	18	3825	53	AE35428D434C5D9BA5A40CA11E6E4B878875A6D83EDA0CD290FE6504D310301B	NumStability.Source.Higham.Chapter09.Section02
route	NumStability.Algorithms.HighamChapter9	NumStability.higham9_2_rectDoolittleLExactTargetEntryResidualBudget	NumStability.higham9_2_rectDoolittleLExactTargetEntryResidualBudget	NumStability.higham9_2_rectDoolittleLExactTargetEntryResidualBudget	NumStability.higham9_2_rectDoolittleLExactTargetEntryResidualBudget	authored	3856	0	3864	61	3859	18	3859	72	837E27A67294B454A5622D21C106A20FD9CC894C86F86BA32639A8231E538F9D	NumStability.Source.Higham.Chapter09.Section02
route	NumStability.Algorithms.HighamChapter9	NumStability.higham9_2_rectDoolittleLExactTargetNumeratorResidualBudget	NumStability.higham9_2_rectDoolittleLExactTargetNumeratorResidualBudget	NumStability.higham9_2_rectDoolittleLExactTargetNumeratorResidualBudget	NumStability.higham9_2_rectDoolittleLExactTargetNumeratorResidualBudget	authored	3845	0	3854	58	3847	18	3847	76	C2A456FA598120594CB0E478831C0113A0833764877FDEE376237D54AEAC88F4	NumStability.Source.Higham.Chapter09.Section02
route	NumStability.Algorithms.HighamChapter9	NumStability.higham9_2_rectDoolittleLNumeratorAbs	NumStability.higham9_2_rectDoolittleLNumeratorAbs	NumStability.higham9_2_rectDoolittleLNumeratorAbs	NumStability.higham9_2_rectDoolittleLNumeratorAbs	authored	3545	0	3551	52	3547	18	3547	54	4F6B3DE7A5BC10F3E516FDCEB0653EB5EF52CF0234571F6F12B33FDFA0CC227A	NumStability.Source.Higham.Chapter09.Section02
route	NumStability.Algorithms.HighamChapter9	NumStability.higham9_2_rectDoolittleLNumeratorAbs_le_of_exact_product_numerator_margin	NumStability.higham9_2_rectDoolittleLNumeratorAbs_le_of_exact_product_numerator_margin	NumStability.higham9_2_rectDoolittleLNumeratorAbs_le_of_exact_product_numerator_margin	NumStability.higham9_2_rectDoolittleLNumeratorAbs_le_of_exact_product_numerator_margin	authored	3779	0	3810	74	3781	8	3781	81	3686F439B4C01A18DD8D0FD2C438D6DC31E82E6BCE5D66C89AC6AC865D4D6ADA	NumStability.Source.Higham.Chapter09.Section02
route	NumStability.Algorithms.HighamChapter9	NumStability.higham9_2_rectDoolittleLProductAbs	NumStability.higham9_2_rectDoolittleLProductAbs	NumStability.higham9_2_rectDoolittleLProductAbs	NumStability.higham9_2_rectDoolittleLProductAbs	authored	3526	0	3532	51	3527	18	3527	52	763022E9E01DDE651C74E4501FF42DFC1933BBE10A1759F320C43803EAE2F7C1	NumStability.Source.Higham.Chapter09.Section02
route	NumStability.Algorithms.HighamChapter9	NumStability.higham9_2_rectDoolittleLProductAbs_le_of_exact_product_margin	NumStability.higham9_2_rectDoolittleLProductAbs_le_of_exact_product_margin	NumStability.higham9_2_rectDoolittleLProductAbs_le_of_exact_product_margin	NumStability.higham9_2_rectDoolittleLProductAbs_le_of_exact_product_margin	authored	3752	0	3777	36	3754	8	3754	69	333C93D1FF606A9710EE509DE9B8A1D1C20F948677B2F25048D19CB2DCCB55F3	NumStability.Source.Higham.Chapter09.Section02
route	NumStability.Algorithms.HighamChapter9	NumStability.higham9_2_rectDoolittleLUpdate	NumStability.higham9_2_rectDoolittleLUpdate	NumStability.higham9_2_rectDoolittleLUpdate	NumStability.higham9_2_rectDoolittleLUpdate	authored	2708	0	2713	53	2710	18	2710	48	7F3FC3ACF7DE6A04A8DC44A3FCBC767709A9D5113BBC067FA972F479FE2773E4	NumStability.Source.Higham.Chapter09.Section02
route	NumStability.Algorithms.HighamChapter9	NumStability.higham9_2_rectDoolittleLUpdate_eq_of_LUFactSpec	NumStability.higham9_2_rectDoolittleLUpdate_eq_of_LUFactSpec	NumStability.higham9_2_rectDoolittleLUpdate_eq_of_LUFactSpec	NumStability.higham9_2_rectDoolittleLUpdate_eq_of_LUFactSpec	authored	6083	0	6120	6	6087	8	6087	55	0F26E13D9FA6E72BB7EA51C6F6CD4CD6CF28F55856E63A48E7B168705A0C4F63	NumStability.Source.Higham.Chapter09.Section02
route	NumStability.Algorithms.HighamChapter9	NumStability.higham9_2_rectDoolittleLUpdate_source_identity	NumStability.higham9_2_rectDoolittleLUpdate_source_identity	NumStability.higham9_2_rectDoolittleLUpdate_source_identity	NumStability.higham9_2_rectDoolittleLUpdate_source_identity	authored	5930	0	5942	6	5933	8	5933	54	29B99EB39528D138311BF01D2A3C2E68173303477DFEC4F821BF204043657016	NumStability.Source.Higham.Chapter09.Section02
route	NumStability.Algorithms.HighamChapter9	NumStability.higham9_2_rectDoolittleLWorkAbs	NumStability.higham9_2_rectDoolittleLWorkAbs	NumStability.higham9_2_rectDoolittleLWorkAbs	NumStability.higham9_2_rectDoolittleLWorkAbs	authored	3534	0	3543	32	3536	18	3536	49	846C039540CF545983CB3B64B3BBA56FB67763FE2D6578284C68808D33AA124E	NumStability.Source.Higham.Chapter09.Section02
route	NumStability.Algorithms.HighamChapter9	NumStability.higham9_2_rectDoolittleLWorkAbs_le_of_exact_product_margin	NumStability.higham9_2_rectDoolittleLWorkAbs_le_of_exact_product_margin	NumStability.higham9_2_rectDoolittleLWorkAbs_le_of_exact_product_margin	NumStability.higham9_2_rectDoolittleLWorkAbs_le_of_exact_product_margin	authored	3726	0	3750	64	3728	8	3728	66	85374EE728409E4622D61885EE6E9E4E5F2F7DD6F123F27334993827AA471EFC	NumStability.Source.Higham.Chapter09.Section02
route	NumStability.Algorithms.HighamChapter9	NumStability.higham9_2_rectDoolittleL_source_identity	NumStability.higham9_2_rectDoolittleL_source_identity	NumStability.higham9_2_rectDoolittleL_source_identity	NumStability.higham9_2_rectDoolittleL_source_identity	authored	5944	0	5956	69	5947	8	5947	48	1780C3E1DD538D9A597AD137619B91C428F985FB0DB84B2DD4B08185DDC07261	NumStability.Source.Higham.Chapter09.Section02
route	NumStability.Algorithms.HighamChapter9	NumStability.higham9_2_rectDoolittleUAbsBudget	NumStability.higham9_2_rectDoolittleUAbsBudget	NumStability.higham9_2_rectDoolittleUAbsBudget	NumStability.higham9_2_rectDoolittleUAbsBudget	authored	3512	0	3524	62	3514	18	3514	51	061B7801D511B7A7DB197AB2689D693559962E8F991F5583F2CD6FE99CA06E53	NumStability.Source.Higham.Chapter09.Section02
route	NumStability.Algorithms.HighamChapter9	NumStability.higham9_2_rectDoolittleUAbsBudget_le_compression_of_component_dominance	NumStability.higham9_2_rectDoolittleUAbsBudget_le_compression_of_component_dominance	NumStability.higham9_2_rectDoolittleUAbsBudget_le_compression_of_component_dominance	NumStability.higham9_2_rectDoolittleUAbsBudget_le_compression_of_component_dominance	authored	3567	0	3616	73	3570	8	3570	79	F4C25A906618C60350C1D08C1EAE9BDEB8B6CD93C2D06CFF69B240EF952A175D	NumStability.Source.Higham.Chapter09.Section02
route	NumStability.Algorithms.HighamChapter9	NumStability.higham9_2_rectDoolittleUExactProductMargin_of_exactTarget_gap	NumStability.higham9_2_rectDoolittleUExactProductMargin_of_exactTarget_gap	NumStability.higham9_2_rectDoolittleUExactProductMargin_of_exactTarget_gap	NumStability.higham9_2_rectDoolittleUExactProductMargin_of_exactTarget_gap	authored	3866	0	3901	36	3868	8	3868	69	7E9171A4C768B967C0D2F59EB07288859E3F810370B99A081953DE0D65BF1F10	NumStability.Source.Higham.Chapter09.Section02
route	NumStability.Algorithms.HighamChapter9	NumStability.higham9_2_rectDoolittleUExactTarget	NumStability.higham9_2_rectDoolittleUExactTarget	NumStability.higham9_2_rectDoolittleUExactTarget	NumStability.higham9_2_rectDoolittleUExactTarget	authored	3812	0	3821	29	3814	18	3814	53	D92871AF8DB9C7D37ADB2B372830FD7DB698ABCDBC77BBC2486453290E26BAD2	NumStability.Source.Higham.Chapter09.Section02
route	NumStability.Algorithms.HighamChapter9	NumStability.higham9_2_rectDoolittleUExactTargetResidualBudget	NumStability.higham9_2_rectDoolittleUExactTargetResidualBudget	NumStability.higham9_2_rectDoolittleUExactTargetResidualBudget	NumStability.higham9_2_rectDoolittleUExactTargetResidualBudget	authored	3833	0	3843	62	3836	18	3836	67	4B6AD452248CE4B5D108C4B3356525D786051B1AE361918485BA80513D9E725D	NumStability.Source.Higham.Chapter09.Section02
route	NumStability.Algorithms.HighamChapter9	NumStability.higham9_2_rectDoolittleUProductAbs	NumStability.higham9_2_rectDoolittleUProductAbs	NumStability.higham9_2_rectDoolittleUProductAbs	NumStability.higham9_2_rectDoolittleUProductAbs	authored	3491	0	3498	28	3492	18	3492	52	C697CE3C1DCCFD15EF7F174C41E8C73D5BF7510DAA8A7F790878BC2924A1514E	NumStability.Source.Higham.Chapter09.Section02
route	NumStability.Algorithms.HighamChapter9	NumStability.higham9_2_rectDoolittleUProductAbs_le_of_exact_product_margin	NumStability.higham9_2_rectDoolittleUProductAbs_le_of_exact_product_margin	NumStability.higham9_2_rectDoolittleUProductAbs_le_of_exact_product_margin	NumStability.higham9_2_rectDoolittleUProductAbs_le_of_exact_product_margin	authored	3700	0	3724	36	3702	8	3702	69	66A4E58DB896BFE3FF1A95F198C8EDB3DB1CC6ACA0C96413BFEFC3DA7FD806B6	NumStability.Source.Higham.Chapter09.Section02
route	NumStability.Algorithms.HighamChapter9	NumStability.higham9_2_rectDoolittleUUpdate	NumStability.higham9_2_rectDoolittleUUpdate	NumStability.higham9_2_rectDoolittleUUpdate	NumStability.higham9_2_rectDoolittleUUpdate	authored	2700	0	2706	61	2702	18	2702	48	E1F6473D25206B9B22950450DF3BFE6DF0C21B904536986DE07B1C4B7F99C2C4	NumStability.Source.Higham.Chapter09.Section02
route	NumStability.Algorithms.HighamChapter9	NumStability.higham9_2_rectDoolittleUUpdate_eq_of_LUFactSpec	NumStability.higham9_2_rectDoolittleUUpdate_eq_of_LUFactSpec	NumStability.higham9_2_rectDoolittleUUpdate_eq_of_LUFactSpec	NumStability.higham9_2_rectDoolittleUUpdate_eq_of_LUFactSpec	authored	6046	0	6081	30	6050	8	6050	55	13BE66773304E10381E181A886114E06DBAD41B026E71B59CEA218B60F628196	NumStability.Source.Higham.Chapter09.Section02
route	NumStability.Algorithms.HighamChapter9	NumStability.higham9_2_rectDoolittleUUpdate_source_identity	NumStability.higham9_2_rectDoolittleUUpdate_source_identity	NumStability.higham9_2_rectDoolittleUUpdate_source_identity	NumStability.higham9_2_rectDoolittleUUpdate_source_identity	authored	5902	0	5912	6	5904	8	5904	54	F046725D6D7CFA1A53A3FE41F101AC0F929B1486E6B4697FD1662196127C0BAB	NumStability.Source.Higham.Chapter09.Section02
route	NumStability.Algorithms.HighamChapter9	NumStability.higham9_2_rectDoolittleUWorkAbs	NumStability.higham9_2_rectDoolittleUWorkAbs	NumStability.higham9_2_rectDoolittleUWorkAbs	NumStability.higham9_2_rectDoolittleUWorkAbs	authored	3500	0	3510	32	3502	18	3502	49	E5A4EF3C2CCCF7D690C559C15FD3EC3BF15038F09F6EE3AEF481E6624A6B5F86	NumStability.Source.Higham.Chapter09.Section02
route	NumStability.Algorithms.HighamChapter9	NumStability.higham9_2_rectDoolittleUWorkAbs_le_of_exact_product_margin	NumStability.higham9_2_rectDoolittleUWorkAbs_le_of_exact_product_margin	NumStability.higham9_2_rectDoolittleUWorkAbs_le_of_exact_product_margin	NumStability.higham9_2_rectDoolittleUWorkAbs_le_of_exact_product_margin	authored	3675	0	3698	64	3677	8	3677	66	D8598870FF2D18F0886AACED29FA762590591B51E918E9A6E4F74ACC3E45464F	NumStability.Source.Higham.Chapter09.Section02
route	NumStability.Algorithms.HighamChapter9	NumStability.higham9_2_rectDoolittleU_source_identity	NumStability.higham9_2_rectDoolittleU_source_identity	NumStability.higham9_2_rectDoolittleU_source_identity	NumStability.higham9_2_rectDoolittleU_source_identity	authored	5914	0	5928	68	5917	8	5917	48	C9E9A94E956762E9AFA0DE6B696FDE95DD06BEB575F10BE2A3DA7F737C69392F	NumStability.Source.Higham.Chapter09.Section02
route	NumStability.Algorithms.HighamChapter9	NumStability.higham9_2_rectDoolittle_exact_recurrences_rectMatMul_eq	NumStability.higham9_2_rectDoolittle_exact_recurrences_rectMatMul_eq	NumStability.higham9_2_rectDoolittle_exact_recurrences_rectMatMul_eq	NumStability.higham9_2_rectDoolittle_exact_recurrences_rectMatMul_eq	authored	5958	0	6013	26	5965	8	5965	63	0B156DB0E2A454C3B0378F462479676990FF8706D15E6BB6B3A28A8E47E9D172	NumStability.Source.Higham.Chapter09.Section02
route	NumStability.Algorithms.HighamChapter9	NumStability.higham9_2_rectFlDoolittleLEntry	NumStability.higham9_2_rectFlDoolittleLEntry	NumStability.higham9_2_rectFlDoolittleLEntry	NumStability.higham9_2_rectFlDoolittleLEntry	authored	2739	0	2745	70	2741	18	2741	49	DA2EE228A447CEF2515715B3E0335A51FBE836B8A7AB509C4280955C429B81FB	NumStability.Source.Higham.Chapter09.Section02
route	NumStability.Algorithms.HighamChapter9	NumStability.higham9_2_rectFlDoolittleLEntry_eq_of_prefix	NumStability.higham9_2_rectFlDoolittleLEntry_eq_of_prefix	NumStability.higham9_2_rectFlDoolittleLEntry_eq_of_prefix	NumStability.higham9_2_rectFlDoolittleLEntry_eq_of_prefix	authored	3353	0	3366	39	3355	8	3355	52	B6541BFA666877D14DB19E4E525226CC5CB59E4F606177463639CB45279F2CBB	NumStability.Source.Higham.Chapter09.Section02
route	NumStability.Algorithms.HighamChapter9	NumStability.higham9_2_rectFlDoolittleLEntry_mul_pivot_sub_numerator_abs_le	NumStability.higham9_2_rectFlDoolittleLEntry_mul_pivot_sub_numerator_abs_le	NumStability.higham9_2_rectFlDoolittleLEntry_mul_pivot_sub_numerator_abs_le	NumStability.higham9_2_rectFlDoolittleLEntry_mul_pivot_sub_numerator_abs_le	authored	4041	0	4057	66	4044	8	4044	70	8713026840B65DD0BBC67B906E03A89E8E5ED32CB7D117665739B53216DBE398	NumStability.Source.Higham.Chapter09.Section02
route	NumStability.Algorithms.HighamChapter9	NumStability.higham9_2_rectFlDoolittleLEntry_residual_abs_le	NumStability.higham9_2_rectFlDoolittleLEntry_residual_abs_le	NumStability.higham9_2_rectFlDoolittleLEntry_residual_abs_le	NumStability.higham9_2_rectFlDoolittleLEntry_residual_abs_le	authored	4059	0	4084	52	4063	8	4063	55	AD54F9E2D3995F49B12324F0785A412B36B4A43E502D6412879BED3BB4852615	NumStability.Source.Higham.Chapter09.Section02
route	NumStability.Algorithms.HighamChapter9	NumStability.higham9_2_rectFlDoolittleLNumerator	NumStability.higham9_2_rectFlDoolittleLNumerator	NumStability.higham9_2_rectFlDoolittleLNumerator	NumStability.higham9_2_rectFlDoolittleLNumerator	authored	2728	0	2737	9	2730	18	2730	53	3B8BD6FE12BEFEB0F253ECA7C228C10901AB2889C0E2A38A20FEFA2A741FB5E4	NumStability.Source.Higham.Chapter09.Section02
route	NumStability.Algorithms.HighamChapter9	NumStability.higham9_2_rectFlDoolittleLNumerator_eq_of_prefix	NumStability.higham9_2_rectFlDoolittleLNumerator_eq_of_prefix	NumStability.higham9_2_rectFlDoolittleLNumerator_eq_of_prefix	NumStability.higham9_2_rectFlDoolittleLNumerator_eq_of_prefix	authored	3337	0	3351	50	3339	8	3339	56	624B526B651612C3B203A11D1C384CFC511D8D2B3E1D586AE4CA0CD327B70A92	NumStability.Source.Higham.Chapter09.Section02
route	NumStability.Algorithms.HighamChapter9	NumStability.higham9_2_rectFlDoolittleLNumerator_residual_abs_le	NumStability.higham9_2_rectFlDoolittleLNumerator_residual_abs_le	NumStability.higham9_2_rectFlDoolittleLNumerator_residual_abs_le	NumStability.higham9_2_rectFlDoolittleLNumerator_residual_abs_le	authored	4017	0	4039	50	4020	8	4020	59	367B3E1AEA556FAC4B59B2B8F8A23493AC6A883CEBF934E0D8C56E81FD9D97C0	NumStability.Source.Higham.Chapter09.Section02
route	NumStability.Algorithms.HighamChapter9	NumStability.higham9_2_rectFlDoolittleUEntry	NumStability.higham9_2_rectFlDoolittleUEntry	NumStability.higham9_2_rectFlDoolittleUEntry	NumStability.higham9_2_rectFlDoolittleUEntry	authored	2715	0	2726	9	2719	18	2719	49	D822E72C0D35D87615ECFA0E54FBDBF3A1074C0F512C9A999E2AD2B09385DAA1	NumStability.Source.Higham.Chapter09.Section02
route	NumStability.Algorithms.HighamChapter9	NumStability.higham9_2_rectFlDoolittleUEntry_eq_of_prefix	NumStability.higham9_2_rectFlDoolittleUEntry_eq_of_prefix	NumStability.higham9_2_rectFlDoolittleUEntry_eq_of_prefix	NumStability.higham9_2_rectFlDoolittleUEntry_eq_of_prefix	authored	3320	0	3335	50	3322	8	3322	52	AE463F2E92566AF7CAFAC306231372732B6874A4BC247A44BE9385AE80609218	NumStability.Source.Higham.Chapter09.Section02
route	NumStability.Algorithms.HighamChapter9	NumStability.higham9_2_rectFlDoolittleUEntry_residual_abs_le	NumStability.higham9_2_rectFlDoolittleUEntry_residual_abs_le	NumStability.higham9_2_rectFlDoolittleUEntry_residual_abs_le	NumStability.higham9_2_rectFlDoolittleUEntry_residual_abs_le	authored	3995	0	4015	50	3998	8	3998	55	AE8533A60F17DC13AA4E464AB9333263A39D0AC5DFF27FE53638DCD43F698AA6	NumStability.Source.Higham.Chapter09.Section02
route	NumStability.Algorithms.HighamChapter9	NumStability.higham9_2_rectMatMul_eq_prefix_add_lower	NumStability.higham9_2_rectMatMul_eq_prefix_add_lower	NumStability.higham9_2_rectMatMul_eq_prefix_add_lower	NumStability.higham9_2_rectMatMul_eq_prefix_add_lower	authored	5841	0	5866	39	5844	8	5844	48	7C4E48C888E8574C5C4021BE01CB81BA8A2E90DBA46F93C881D856BBD530BD81	NumStability.Source.Higham.Chapter09.Section02
route	NumStability.Algorithms.HighamChapter9	NumStability.higham9_2_rectMatMul_eq_prefix_add_upper	NumStability.higham9_2_rectMatMul_eq_prefix_add_upper	NumStability.higham9_2_rectMatMul_eq_prefix_add_upper	NumStability.higham9_2_rectMatMul_eq_prefix_add_upper	authored	5810	0	5839	39	5813	8	5813	48	2FDCFE505FAB51FF9904F3E538FBA097F5541BF99AC4B5A5065AE188B5A36567	NumStability.Source.Higham.Chapter09.Section02
route	NumStability.Algorithms.HighamChapter9	NumStability.higham9_2_rectPrefixDot	NumStability.higham9_2_rectPrefixDot	NumStability.higham9_2_rectPrefixDot	NumStability.higham9_2_rectPrefixDot	authored	2693	0	2698	59	2695	18	2695	41	C608207B657EF4A08B15B82251EBC46311061FFA6F388EE15910D26F93EEC176	NumStability.Source.Higham.Chapter09.Section02
route	NumStability.Algorithms.HighamChapter9	NumStability.higham9_2_rectPrefixDot_abs_le_absLUProduct	NumStability.higham9_2_rectPrefixDot_abs_le_absLUProduct	NumStability.higham9_2_rectPrefixDot_abs_le_absLUProduct	NumStability.higham9_2_rectPrefixDot_abs_le_absLUProduct	authored	16511	0	16528	71	16513	8	16513	51	30BFF4076687ACD19DB1B88995C6581E2819EA4854002FE350DEDFE40A256CCD	NumStability.Source.Higham.Chapter09.Section04
route	NumStability.Algorithms.HighamChapter9	NumStability.higham9_2_rectRoundedInitialState	NumStability.higham9_2_rectRoundedInitialState	NumStability.higham9_2_rectRoundedInitialState	NumStability.higham9_2_rectRoundedInitialState	authored	2791	0	2794	30	2792	18	2792	51	C6C23460DF09724438EEBCFD7CDC9B237C1B29BF8090929CCCF6E9EF98BFDD9C	NumStability.Source.Higham.Chapter09.Section02
route	NumStability.Algorithms.HighamChapter9	NumStability.higham9_2_rectRoundedLoopL	NumStability.higham9_2_rectRoundedLoopL	NumStability.higham9_2_rectRoundedLoopL	NumStability.higham9_2_rectRoundedLoopL	authored	2818	0	2822	63	2819	18	2819	44	3ABC7518D286854EBACE7595297D7E3B60F16A4FD9912A3C4F8CE9AD1FBA7FE6	NumStability.Source.Higham.Chapter09.Section02
route	NumStability.Algorithms.HighamChapter9	NumStability.higham9_2_rectRoundedLoopL_diag	NumStability.higham9_2_rectRoundedLoopL_diag	NumStability.higham9_2_rectRoundedLoopL_diag	NumStability.higham9_2_rectRoundedLoopL_diag	authored	3136	0	3162	24	3138	8	3138	39	50F3E5FEEDA4E632FCA7731D9BEA77785351899BE17F580E34A4D0522B0CBAAB	NumStability.Source.Higham.Chapter09.Section02
route	NumStability.Algorithms.HighamChapter9	NumStability.higham9_2_rectRoundedLoopL_stage_eq	NumStability.higham9_2_rectRoundedLoopL_stage_eq	NumStability.higham9_2_rectRoundedLoopL_stage_eq	NumStability.higham9_2_rectRoundedLoopL_stage_eq	authored	3428	0	3489	18	3430	8	3430	43	3B89AA2AA80BE1E2115DEE184DED330286796F359C15DAD4C70BFB1B27E7FFC4	NumStability.Source.Higham.Chapter09.Section02
route	NumStability.Algorithms.HighamChapter9	NumStability.higham9_2_rectRoundedLoopL_upper_zero	NumStability.higham9_2_rectRoundedLoopL_upper_zero	NumStability.higham9_2_rectRoundedLoopL_upper_zero	NumStability.higham9_2_rectRoundedLoopL_upper_zero	authored	3164	0	3190	24	3166	8	3166	45	EE44395305D0C367905AA13DA9FC293F7CB1B325CCDFB9AF3BCC8CD9DD313B14	NumStability.Source.Higham.Chapter09.Section02
route	NumStability.Algorithms.HighamChapter9	NumStability.higham9_2_rectRoundedLoopStageTrace	NumStability.higham9_2_rectRoundedLoopStageTrace	NumStability.higham9_2_rectRoundedLoopStageTrace	NumStability.higham9_2_rectRoundedLoopStageTrace	authored	4208	0	4219	53	4210	8	4210	43	D0D6D995FF3CF514C53DB362B2FB8277873D6C700B5395265D6BB0DD9A3B8CBB	NumStability.Source.Higham.Chapter09.Section02
route	NumStability.Algorithms.HighamChapter9	NumStability.higham9_2_rectRoundedLoopState	NumStability.higham9_2_rectRoundedLoopState	NumStability.higham9_2_rectRoundedLoopState	NumStability.higham9_2_rectRoundedLoopState	authored	2805	0	2816	76	2809	18	2809	48	677B0BF4C82E0C4DC06ED01739D1BC1F4B710F56AC66B4C2610A05D12C487800	NumStability.Source.Higham.Chapter09.Section02
route	NumStability.Algorithms.HighamChapter9	NumStability.higham9_2_rectRoundedLoopState_L_eq_final_of_col_lt	NumStability.higham9_2_rectRoundedLoopState_L_eq_final_of_col_lt	NumStability.higham9_2_rectRoundedLoopState_L_eq_final_of_col_lt	NumStability.higham9_2_rectRoundedLoopState_L_eq_final_of_col_lt	authored	3220	0	3259	76	3222	8	3222	59	0B9080B8F89591F6FAF495F0C6E2FB2F80A81BBF791F6C5F23BE84CE7CC809E5	NumStability.Source.Higham.Chapter09.Section02
route	NumStability.Algorithms.HighamChapter9	NumStability.higham9_2_rectRoundedLoopState_U_eq_final_of_row_lt	NumStability.higham9_2_rectRoundedLoopState_U_eq_final_of_row_lt	NumStability.higham9_2_rectRoundedLoopState_U_eq_final_of_row_lt	NumStability.higham9_2_rectRoundedLoopState_U_eq_final_of_row_lt	authored	3261	0	3300	76	3263	8	3263	59	7BCE0B718051CDD268B82D2046861D1A24C54FDD785015EEA37F3294D0D63D3D	NumStability.Source.Higham.Chapter09.Section02
route	NumStability.Algorithms.HighamChapter9	NumStability.higham9_2_rectRoundedLoopState_add_L_column_stable_of_lt	NumStability.higham9_2_rectRoundedLoopState_add_L_column_stable_of_lt	NumStability.higham9_2_rectRoundedLoopState_add_L_column_stable_of_lt	NumStability.higham9_2_rectRoundedLoopState_add_L_column_stable_of_lt	authored	3058	0	3095	17	3060	8	3060	64	665AA6FEDCA22289F0035303A672BD96A3373386B65D099F03288FB3F5A9679A	NumStability.Source.Higham.Chapter09.Section02
route	NumStability.Algorithms.HighamChapter9	NumStability.higham9_2_rectRoundedLoopState_add_U_row_stable_of_lt	NumStability.higham9_2_rectRoundedLoopState_add_U_row_stable_of_lt	NumStability.higham9_2_rectRoundedLoopState_add_U_row_stable_of_lt	NumStability.higham9_2_rectRoundedLoopState_add_U_row_stable_of_lt	authored	3097	0	3134	17	3099	8	3099	61	AF9DF2B5C99FF2BA5420902B2DB01419FB1A09754B45F8EC7C0BEBDC12099819	NumStability.Source.Higham.Chapter09.Section02
route	NumStability.Algorithms.HighamChapter9	NumStability.higham9_2_rectRoundedLoopState_succ_L_column_stable_of_lt	NumStability.higham9_2_rectRoundedLoopState_succ_L_column_stable_of_lt	NumStability.higham9_2_rectRoundedLoopState_succ_L_column_stable_of_lt	NumStability.higham9_2_rectRoundedLoopState_succ_L_column_stable_of_lt	authored	2906	0	2928	59	2908	8	2908	65	E1B9D42E2804D7F424E4BA21F5436A44C4EAB46A71EF2A5DCD015040E41E94CD	NumStability.Source.Higham.Chapter09.Section02
route	NumStability.Algorithms.HighamChapter9	NumStability.higham9_2_rectRoundedLoopState_succ_L_diag_stage	NumStability.higham9_2_rectRoundedLoopState_succ_L_diag_stage	NumStability.higham9_2_rectRoundedLoopState_succ_L_diag_stage	NumStability.higham9_2_rectRoundedLoopState_succ_L_diag_stage	authored	2954	0	2971	43	2956	8	2956	56	F8F6987E1AF034ACE1F708A743794CB203910B8E95E605CF4D3D016945E437EB	NumStability.Source.Higham.Chapter09.Section02
route	NumStability.Algorithms.HighamChapter9	NumStability.higham9_2_rectRoundedLoopState_succ_L_stage_eq_prev	NumStability.higham9_2_rectRoundedLoopState_succ_L_stage_eq_prev	NumStability.higham9_2_rectRoundedLoopState_succ_L_stage_eq_prev	NumStability.higham9_2_rectRoundedLoopState_succ_L_stage_eq_prev	authored	3034	0	3056	46	3037	8	3037	59	A4C077553E6D2FAE146A979C734E8ECD2805989293FCAFE124CB6CA7285AAD13	NumStability.Source.Higham.Chapter09.Section02
route	NumStability.Algorithms.HighamChapter9	NumStability.higham9_2_rectRoundedLoopState_succ_L_upper_zero_stage	NumStability.higham9_2_rectRoundedLoopState_succ_L_upper_zero_stage	NumStability.higham9_2_rectRoundedLoopState_succ_L_upper_zero_stage	NumStability.higham9_2_rectRoundedLoopState_succ_L_upper_zero_stage	authored	2973	0	2990	55	2975	8	2975	62	27C858A74C8D81C141028D9F3A87742215200BDF96C15C8C926B86F2FBC69320	NumStability.Source.Higham.Chapter09.Section02
route	NumStability.Algorithms.HighamChapter9	NumStability.higham9_2_rectRoundedLoopState_succ_U_lower_zero_stage	NumStability.higham9_2_rectRoundedLoopState_succ_U_lower_zero_stage	NumStability.higham9_2_rectRoundedLoopState_succ_U_lower_zero_stage	NumStability.higham9_2_rectRoundedLoopState_succ_U_lower_zero_stage	authored	2992	0	3009	55	2994	8	2994	62	CA1D1204638FB816EF29A9AA130C29F77CAB8D67B12EB4929EE27BE713B7E8E8	NumStability.Source.Higham.Chapter09.Section02
route	NumStability.Algorithms.HighamChapter9	NumStability.higham9_2_rectRoundedLoopState_succ_U_row_stable_of_lt	NumStability.higham9_2_rectRoundedLoopState_succ_U_row_stable_of_lt	NumStability.higham9_2_rectRoundedLoopState_succ_U_row_stable_of_lt	NumStability.higham9_2_rectRoundedLoopState_succ_U_row_stable_of_lt	authored	2930	0	2952	59	2932	8	2932	62	25E2DDF69747FDAFAAB5F0AEC891E01F55EF4F1D4C1AFFD0F8155C4B1FAB6927	NumStability.Source.Higham.Chapter09.Section02
route	NumStability.Algorithms.HighamChapter9	NumStability.higham9_2_rectRoundedLoopState_succ_U_stage_eq_prev	NumStability.higham9_2_rectRoundedLoopState_succ_U_stage_eq_prev	NumStability.higham9_2_rectRoundedLoopState_succ_U_stage_eq_prev	NumStability.higham9_2_rectRoundedLoopState_succ_U_stage_eq_prev	authored	3011	0	3032	46	3014	8	3014	59	66626017C6C31B78E8F1C7E404A78C8354542E5F2090A3B4FDCBC197AD3802A0	NumStability.Source.Higham.Chapter09.Section02
route	NumStability.Algorithms.HighamChapter9	NumStability.higham9_2_rectRoundedLoopState_succ_transition	NumStability.higham9_2_rectRoundedLoopState_succ_transition	NumStability.higham9_2_rectRoundedLoopState_succ_transition	NumStability.higham9_2_rectRoundedLoopState_succ_transition	authored	2893	0	2904	62	2895	8	2895	54	388DDEB511FD12D4C98FF8815D96848FC575BFC07309AEEE3A36CCCF2E646C11	NumStability.Source.Higham.Chapter09.Section02
route	NumStability.Algorithms.HighamChapter9	NumStability.higham9_2_rectRoundedLoopU	NumStability.higham9_2_rectRoundedLoopU	NumStability.higham9_2_rectRoundedLoopU	NumStability.higham9_2_rectRoundedLoopU	authored	2824	0	2828	63	2825	18	2825	44	95D9161134FB25555F47454B72FA7CBFDD05E96E3EA73A1B1761523BBC71C7AA	NumStability.Source.Higham.Chapter09.Section02
route	NumStability.Algorithms.HighamChapter9	NumStability.higham9_2_rectRoundedLoopU_lower_zero	NumStability.higham9_2_rectRoundedLoopU_lower_zero	NumStability.higham9_2_rectRoundedLoopU_lower_zero	NumStability.higham9_2_rectRoundedLoopU_lower_zero	authored	3192	0	3218	24	3194	8	3194	45	E0AB82AE16F646DCA033423624377F7ADC7D7037A0DFDF8E5FB483A065D25D2B	NumStability.Source.Higham.Chapter09.Section02
route	NumStability.Algorithms.HighamChapter9	NumStability.higham9_2_rectRoundedLoopU_stage_eq	NumStability.higham9_2_rectRoundedLoopU_stage_eq	NumStability.higham9_2_rectRoundedLoopU_stage_eq	NumStability.higham9_2_rectRoundedLoopU_stage_eq	authored	3368	0	3426	18	3370	8	3370	43	D39F06D38F2A4F74D40F0EDA73D0A8D786EAB26C47B29B08ECD4C4DD8C5BBE82	NumStability.Source.Higham.Chapter09.Section02
route	NumStability.Algorithms.HighamChapter9	NumStability.higham9_2_rectRoundedLoop_square_to_DoolittleLU	NumStability.higham9_2_rectRoundedLoop_square_to_DoolittleLU	NumStability.higham9_2_rectRoundedLoop_square_to_DoolittleLU	NumStability.higham9_2_rectRoundedLoop_square_to_DoolittleLU	authored	4978	0	5002	40	4980	8	4980	55	FF3421D250844887826929E8022DD86FDD75ACB1A3FBE2CE3642CE4C2646C0A0	NumStability.Source.Higham.Chapter09.Section02
route	NumStability.Algorithms.HighamChapter9	NumStability.higham9_2_rectRoundedLoop_to_rectAbsBudgetCertificate	NumStability.higham9_2_rectRoundedLoop_to_rectAbsBudgetCertificate	NumStability.higham9_2_rectRoundedLoop_to_rectAbsBudgetCertificate	NumStability.higham9_2_rectRoundedLoop_to_rectAbsBudgetCertificate	authored	4335	0	4365	40	4338	8	4338	61	6F583487EAA58519ACCDAD19431BD49EAA12FB601424C7C5273C4C289457E688	NumStability.Source.Higham.Chapter09.Section02
route	NumStability.Algorithms.HighamChapter9	NumStability.higham9_2_rectRoundedLoop_to_rectDenseLoopCertificate	NumStability.higham9_2_rectRoundedLoop_to_rectDenseLoopCertificate	NumStability.higham9_2_rectRoundedLoop_to_rectDenseLoopCertificate	NumStability.higham9_2_rectRoundedLoop_to_rectDenseLoopCertificate	authored	4367	0	4390	40	4369	8	4369	61	B0389E2F9B92E1570A59552277E3C0E7EF8BC3D2CCCEF0054974F326491EB558	NumStability.Source.Higham.Chapter09.Section02
route	NumStability.Algorithms.HighamChapter9	NumStability.higham9_2_rectRoundedPrefixTrace_complete_of_stage_obligations	NumStability.higham9_2_rectRoundedPrefixTrace_complete_of_stage_obligations	NumStability.higham9_2_rectRoundedPrefixTrace_complete_of_stage_obligations	NumStability.higham9_2_rectRoundedPrefixTrace_complete_of_stage_obligations	authored	4565	0	4587	21	4567	8	4567	70	79D6353FA6A044E4511747F8DBFC591BAD530F4341317E8C6A000EF313FFAC9C	NumStability.Source.Higham.Chapter09.Section02
route	NumStability.Algorithms.HighamChapter9	NumStability.higham9_2_rectRoundedPrefixTrace_complete_to_stageTrace	NumStability.higham9_2_rectRoundedPrefixTrace_complete_to_stageTrace	NumStability.higham9_2_rectRoundedPrefixTrace_complete_to_stageTrace	NumStability.higham9_2_rectRoundedPrefixTrace_complete_to_stageTrace	authored	4416	0	4438	43	4419	8	4419	63	7C77C5D32D570C2BB30FA8EC5B628EAE9B23769324727B075A2C281A14CEBD94	NumStability.Source.Higham.Chapter09.Section02
route	NumStability.Algorithms.HighamChapter9	NumStability.higham9_2_rectRoundedPrefixTrace_of_stage_obligations	NumStability.higham9_2_rectRoundedPrefixTrace_of_stage_obligations	NumStability.higham9_2_rectRoundedPrefixTrace_of_stage_obligations	NumStability.higham9_2_rectRoundedPrefixTrace_of_stage_obligations	authored	4525	0	4563	28	4529	8	4529	61	8972B771768D8AE1070AE28B9A6724F145ACC84352E6F98EF88485366C93F6E1	NumStability.Source.Higham.Chapter09.Section02
route	NumStability.Algorithms.HighamChapter9	NumStability.higham9_2_rectRoundedPrefixTrace_succ	NumStability.higham9_2_rectRoundedPrefixTrace_succ	NumStability.higham9_2_rectRoundedPrefixTrace_succ	NumStability.higham9_2_rectRoundedPrefixTrace_succ	authored	4462	0	4523	68	4466	8	4466	45	291165201B4F1DBE4F85B46EC0CDAB8AE30F082F069CDF189DF6B1E147B0FDE2	NumStability.Source.Higham.Chapter09.Section02
route	NumStability.Algorithms.HighamChapter9	NumStability.higham9_2_rectRoundedPrefixTrace_zero	NumStability.higham9_2_rectRoundedPrefixTrace_zero	NumStability.higham9_2_rectRoundedPrefixTrace_zero	NumStability.higham9_2_rectRoundedPrefixTrace_zero	authored	4440	0	4460	41	4442	8	4442	45	2FA24D64DD990108E784D99C22544F46780D322A1FAA4683297A60A015D3D26B	NumStability.Source.Higham.Chapter09.Section02
route	NumStability.Algorithms.HighamChapter9	NumStability.higham9_2_rectRoundedStageStep	NumStability.higham9_2_rectRoundedStageStep	NumStability.higham9_2_rectRoundedStageStep	NumStability.higham9_2_rectRoundedStageStep	authored	2796	0	2803	59	2797	18	2797	48	0CF92A72B0BF544407646C5557BD3108664DEAB4AABCCE0972EF07D0E5F61EC6	NumStability.Source.Higham.Chapter09.Section02
route	NumStability.Algorithms.HighamChapter9	NumStability.higham9_2_rectRoundedStageTrace_of_stage_obligations	NumStability.higham9_2_rectRoundedStageTrace_of_stage_obligations	NumStability.higham9_2_rectRoundedStageTrace_of_stage_obligations	NumStability.higham9_2_rectRoundedStageTrace_of_stage_obligations	authored	4589	0	4611	78	4591	8	4591	60	DCFBAB4C62950B073DD841E33E712F0EBC9DD0B7C61E50D14222383ED1E6F7CF	NumStability.Source.Higham.Chapter09.Section02
route	NumStability.Algorithms.HighamChapter9	NumStability.higham9_2_rectRoundedStageTrace_square_to_DoolittleLU	NumStability.higham9_2_rectRoundedStageTrace_square_to_DoolittleLU	NumStability.higham9_2_rectRoundedStageTrace_square_to_DoolittleLU	NumStability.higham9_2_rectRoundedStageTrace_square_to_DoolittleLU	authored	4958	0	4976	49	4960	8	4960	61	01C8CE4B7863BB347A873244D123D0032788473A4910BE4CE266B81663D2A04D	NumStability.Source.Higham.Chapter09.Section02
route	NumStability.Algorithms.HighamChapter9	NumStability.higham9_2_rectRoundedStageTrace_to_prefixTrace	NumStability.higham9_2_rectRoundedStageTrace_to_prefixTrace	NumStability.higham9_2_rectRoundedStageTrace_to_prefixTrace	NumStability.higham9_2_rectRoundedStageTrace_to_prefixTrace	authored	4392	0	4414	31	4394	8	4394	54	F05E170931DB9D83BDEFCCA339967F15DB9FC0C99B30FBC00E24AB6053C9C52B	NumStability.Source.Higham.Chapter09.Section02
route	NumStability.Algorithms.HighamChapter9	NumStability.higham9_2_rectRoundedStageTrace_to_rectAbsBudgetCertificate	NumStability.higham9_2_rectRoundedStageTrace_to_rectAbsBudgetCertificate	NumStability.higham9_2_rectRoundedStageTrace_to_rectAbsBudgetCertificate	NumStability.higham9_2_rectRoundedStageTrace_to_rectAbsBudgetCertificate	authored	4292	0	4313	40	4296	8	4296	67	3DC087EE5331A175C550077E693843589C82327BDB1E0976B86414ECFBAD8514	NumStability.Source.Higham.Chapter09.Section02
route	NumStability.Algorithms.HighamChapter9	NumStability.higham9_2_rectRoundedStageTrace_to_rectDenseLoopCertificate	NumStability.higham9_2_rectRoundedStageTrace_to_rectDenseLoopCertificate	NumStability.higham9_2_rectRoundedStageTrace_to_rectDenseLoopCertificate	NumStability.higham9_2_rectRoundedStageTrace_to_rectDenseLoopCertificate	authored	4315	0	4333	46	4318	8	4318	67	40FF32D8698FC0888BDD66C0258472B6631B5CF5D4EF0E92EABCA9F91B6DF14F	NumStability.Source.Higham.Chapter09.Section02
route	NumStability.Algorithms.HighamChapter9	NumStability.higham9_2_rectRoundedStageTransition_of_update	NumStability.higham9_2_rectRoundedStageTransition_of_update	NumStability.higham9_2_rectRoundedStageTransition_of_update	NumStability.higham9_2_rectRoundedStageTransition_of_update	authored	2857	0	2891	3	2859	8	2859	54	41F0DD3BDDF286EE7959514350C7E085CD102FAC59D688177BA96C28437FF172	NumStability.Source.Higham.Chapter09.Section02
route	NumStability.Algorithms.HighamChapter9	NumStability.higham9_2_rectRoundedStageUpdateL	NumStability.higham9_2_rectRoundedStageUpdateL	NumStability.higham9_2_rectRoundedStageUpdateL	NumStability.higham9_2_rectRoundedStageUpdateL	authored	2747	0	2767	11	2754	18	2754	51	24437F08879F08BA87FF2F843959D672464C6636D22DDFC6F91DCC8B31485E22	NumStability.Source.Higham.Chapter09.Section02
route	NumStability.Algorithms.HighamChapter9	NumStability.higham9_2_rectRoundedStageUpdateU	NumStability.higham9_2_rectRoundedStageUpdateU	NumStability.higham9_2_rectRoundedStageUpdateU	NumStability.higham9_2_rectRoundedStageUpdateU	authored	2769	0	2785	11	2774	18	2774	51	3158B802A21D69A074742D122C0E8082125EFE33AFED329992ECE57577FAAD35	NumStability.Source.Higham.Chapter09.Section02
route	NumStability.Algorithms.HighamChapter9	NumStability.higham9_2_rectRow	NumStability.higham9_2_rectRow	NumStability.higham9_2_rectRow	NumStability.higham9_2_rectRow	authored	2687	0	2691	36	2690	4	2690	21	82E3EECB568F8BF9C5AD30106083566F996C64DA36DF95A0520CA1128F26574C	NumStability.Source.Higham.Chapter09.Section02
route	NumStability.Algorithms.HighamChapter9	NumStability.higham9_2_rectStageObligations_to_rectDenseLoopCertificate	NumStability.higham9_2_rectStageObligations_to_rectDenseLoopCertificate	NumStability.higham9_2_rectStageObligations_to_rectDenseLoopCertificate	NumStability.higham9_2_rectStageObligations_to_rectDenseLoopCertificate	authored	4613	0	4644	40	4615	8	4615	66	55ECD2B005CD147A84175E7E11E7E935191CD7681E9B38C8C58DC9C23BD53086	NumStability.Source.Higham.Chapter09.Section02
route	NumStability.Algorithms.HighamChapter9	NumStability.higham9_2_rowColPermutedMatrix	NumStability.higham9_2_rowColPermutedMatrix	NumStability.higham9_2_rowColPermutedMatrix	NumStability.higham9_2_rowColPermutedMatrix	authored	1965	0	1969	71	1966	4	1966	34	B2E99E99C7C3D9ACC32B75ED79114998023DBB3584F5B5E7C502CFC636C94358	NumStability.Source.Higham.Chapter09.Section02
route	NumStability.Algorithms.HighamChapter9	NumStability.higham9_2_rowColPermutedMatrix_det_ne_zero	NumStability.higham9_2_rowColPermutedMatrix_det_ne_zero	NumStability.higham9_2_rowColPermutedMatrix_det_ne_zero	NumStability.higham9_2_rowColPermutedMatrix_det_ne_zero	authored	2067	0	2109	32	2068	8	2068	50	5A869D2415ACBA473CB925841E4D5D8538A96F03013F3E16D6087FA3BBADDB31	NumStability.Source.Higham.Chapter09.Section02
route	NumStability.Algorithms.HighamChapter9	NumStability.higham9_2_rowColPermutedMatrix_firstPivotRowSwap_maxEntryNorm	NumStability.higham9_2_rowColPermutedMatrix_firstPivotRowSwap_maxEntryNorm	NumStability.higham9_2_rowColPermutedMatrix_firstPivotRowSwap_maxEntryNorm	NumStability.higham9_2_rowColPermutedMatrix_firstPivotRowSwap_maxEntryNorm	authored	2111	0	2156	75	2113	8	2113	69	7A69D4D9BC6E8DC71C58FE1AFDAA1B845AA82228876B74054FBD2889E3F918B8	NumStability.Source.Higham.Chapter09.Section02
route	NumStability.Algorithms.HighamChapter9	NumStability.higham9_2_rowColPermutedMatrix_infNorm	NumStability.higham9_2_rowColPermutedMatrix_infNorm	NumStability.higham9_2_rowColPermutedMatrix_infNorm	NumStability.higham9_2_rowColPermutedMatrix_infNorm	authored	2052	0	2065	50	2054	8	2054	46	F0D15B57D9596CE0DEBDBC959A86F8D326E3A1F2BCD696A466D80896D33D88DD	NumStability.Source.Higham.Chapter09.Section02
route	NumStability.Algorithms.HighamChapter9	NumStability.higham9_2_rowColPermutedMatrix_maxEntryNorm	NumStability.higham9_2_rowColPermutedMatrix_maxEntryNorm	NumStability.higham9_2_rowColPermutedMatrix_maxEntryNorm	NumStability.higham9_2_rowColPermutedMatrix_maxEntryNorm	authored	2036	0	2050	58	2038	8	2038	51	29067B80F5488BCBF329DBF9B8B37D89271D4D1B139DA92DCCBDEA2C9B951276	NumStability.Source.Higham.Chapter09.Section02
route	NumStability.Algorithms.HighamChapter9	NumStability.higham9_2_rowColPermutedMatrix_right_inverse	NumStability.higham9_2_rowColPermutedMatrix_right_inverse	NumStability.higham9_2_rowColPermutedMatrix_right_inverse	NumStability.higham9_2_rowColPermutedMatrix_right_inverse	authored	2426	0	2461	29	2431	8	2431	52	251DB477E787E5A5C9BD900C2E26D9B457734ABE2D1F9843D00A5575E5523791	NumStability.Source.Higham.Chapter09.Section02
route	NumStability.Algorithms.HighamChapter9	NumStability.higham9_2_rowPermutedMatrix	NumStability.higham9_2_rowPermutedMatrix	NumStability.higham9_2_rowPermutedMatrix	NumStability.higham9_2_rowPermutedMatrix	authored	348	0	353	26	350	4	350	31	1AE5C8A8336E2EFDD6E2AEC36E6344C506F8E960882BFCB7245F401B3645E8FC	NumStability.Source.Higham.Chapter09.Section02
route	NumStability.Algorithms.HighamChapter9	NumStability.higham9_2_rowPermutedMatrix_infNorm	NumStability.higham9_2_rowPermutedMatrix_infNorm	NumStability.higham9_2_rowPermutedMatrix_infNorm	NumStability.higham9_2_rowPermutedMatrix_infNorm	authored	1449	0	1468	64	1450	8	1450	43	BA3B34AA649CA7E8AF01B3C3C22008DA487D156FBFC6B41A3B4C8134A9E54023	NumStability.Source.Higham.Chapter09.Section02
route	NumStability.Algorithms.HighamChapter9	NumStability.higham9_2_rowPermutedMatrix_maxEntryNorm	NumStability.higham9_2_rowPermutedMatrix_maxEntryNorm	NumStability.higham9_2_rowPermutedMatrix_maxEntryNorm	NumStability.higham9_2_rowPermutedMatrix_maxEntryNorm	authored	1413	0	1447	25	1414	8	1414	48	9594EA343B88C3A96820CFC01D131C41519E61BF6CCF3EAFF05AA90774518DC4	NumStability.Source.Higham.Chapter09.Section02
route	NumStability.Algorithms.HighamChapter9	NumStability.higham9_3_absBudgetCertificate_backward_error	NumStability.higham9_3_absBudgetCertificate_backward_error	NumStability.higham9_3_absBudgetCertificate_backward_error	NumStability.higham9_3_absBudgetCertificate_backward_error	authored	6512	0	6525	57	6515	8	6515	53	0762F26ED28B23C5174AD99C2FE846032A257D10CE7F33466FDD0C475C15BEB8	NumStability.Source.Higham.Chapter09.Section03
route	NumStability.Algorithms.HighamChapter9	NumStability.higham9_3_complete_permuted_lu_backward_error_gamma	NumStability.higham9_3_complete_permuted_lu_backward_error_gamma	NumStability.higham9_3_complete_permuted_lu_backward_error_gamma	NumStability.higham9_3_complete_permuted_lu_backward_error_gamma	authored	2343	0	2361	70	2347	8	2347	59	5AA8D5A8816A626F037268C10454CC0D5679AAAAB19D5DC1C28317F0A580E749	NumStability.Source.Higham.Chapter09.Section02
route	NumStability.Algorithms.HighamChapter9	NumStability.higham9_3_complete_permuted_lu_backward_error_gamma_of_LUFactSpec	NumStability.higham9_3_complete_permuted_lu_backward_error_gamma_of_LUFactSpec	NumStability.higham9_3_complete_permuted_lu_backward_error_gamma_of_LUFactSpec	NumStability.higham9_3_complete_permuted_lu_backward_error_gamma_of_LUFactSpec	authored	2363	0	2379	13	2365	8	2365	73	065D048100DFD6C487BDFC1CDA822FB884A08C9A98E6393031A05BE84C9B4DBB	NumStability.Source.Higham.Chapter09.Section02
route	NumStability.Algorithms.HighamChapter9	NumStability.higham9_3_complete_permuted_rectAbsBudgetCertificate_backward_error	NumStability.higham9_3_complete_permuted_rectAbsBudgetCertificate_backward_error	NumStability.higham9_3_complete_permuted_rectAbsBudgetCertificate_backward_error	NumStability.higham9_3_complete_permuted_rectAbsBudgetCertificate_backward_error	authored	5702	0	5723	24	5704	8	5704	75	1EBFE17E65061F0A25340ABA7B0D0DC25FB1489026C780BAE4191538A3026638	NumStability.Source.Higham.Chapter09.Section02
route	NumStability.Algorithms.HighamChapter9	NumStability.higham9_3_complete_permuted_rectDenseLoopCertificate_backward_error	NumStability.higham9_3_complete_permuted_rectDenseLoopCertificate_backward_error	NumStability.higham9_3_complete_permuted_rectDenseLoopCertificate_backward_error	NumStability.higham9_3_complete_permuted_rectDenseLoopCertificate_backward_error	authored	5680	0	5700	24	5682	8	5682	75	BAAB97C699BCF85DDC74306969A406E007BDEF79BE9C8E65BAB29A69FF71483B	NumStability.Source.Higham.Chapter09.Section02
route	NumStability.Algorithms.HighamChapter9	NumStability.higham9_3_complete_permuted_rectRoundedLoop_backward_error	NumStability.higham9_3_complete_permuted_rectRoundedLoop_backward_error	NumStability.higham9_3_complete_permuted_rectRoundedLoop_backward_error	NumStability.higham9_3_complete_permuted_rectRoundedLoop_backward_error	authored	5758	0	5808	70	5760	8	5760	66	953930C0D1BEEC96B923A21FBE42531CA09AA3B5027A4BBCE81CFA6B4EBBE4A4	NumStability.Source.Higham.Chapter09.Section02
route	NumStability.Algorithms.HighamChapter9	NumStability.higham9_3_complete_permuted_rectRoundedStageTrace_backward_error	NumStability.higham9_3_complete_permuted_rectRoundedStageTrace_backward_error	NumStability.higham9_3_complete_permuted_rectRoundedStageTrace_backward_error	NumStability.higham9_3_complete_permuted_rectRoundedStageTrace_backward_error	authored	5725	0	5756	58	5727	8	5727	72	51AEEB757BC2781672BC5CF3694331022CAB3F969663FA0CA2ADBC1644CB694D	NumStability.Source.Higham.Chapter09.Section02
route	NumStability.Algorithms.HighamChapter9	NumStability.higham9_3_denseLoopCertificate_backward_error	NumStability.higham9_3_denseLoopCertificate_backward_error	NumStability.higham9_3_denseLoopCertificate_backward_error	NumStability.higham9_3_denseLoopCertificate_backward_error	authored	6496	0	6510	57	6501	8	6501	53	D921BF145722C7C01ECF9E65A95F21EFC52301F4E4D41C49942771D7677C0706	NumStability.Source.Higham.Chapter09.Section03
route	NumStability.Algorithms.HighamChapter9	NumStability.higham9_3_doolittle_backward_error	NumStability.higham9_3_doolittle_backward_error	NumStability.higham9_3_doolittle_backward_error	NumStability.higham9_3_doolittle_backward_error	authored	6484	0	6494	51	6486	8	6486	42	C5AA23B28E6C8712786DC747D295F48BB8FB9D1639AA36E04BF198914B0E2D0E	NumStability.Source.Higham.Chapter09.Section02
route	NumStability.Algorithms.HighamChapter9	NumStability.higham9_3_exactDoolittle_recurrences_backward_error_gamma	NumStability.higham9_3_exactDoolittle_recurrences_backward_error_gamma	NumStability.higham9_3_exactDoolittle_recurrences_backward_error_gamma	NumStability.higham9_3_exactDoolittle_recurrences_backward_error_gamma	authored	7514	0	7535	74	7518	8	7518	65	BFDCE5A123848D6267EB8BD1B5A50B048452E5A5929B93ADF3529C172CF60207	NumStability.Source.Higham.Chapter09.Section03
route	NumStability.Algorithms.HighamChapter9	NumStability.higham9_3_exactDoolittle_recurrences_to_LUBackwardError_gamma	NumStability.higham9_3_exactDoolittle_recurrences_to_LUBackwardError_gamma	NumStability.higham9_3_exactDoolittle_recurrences_to_LUBackwardError_gamma	NumStability.higham9_3_exactDoolittle_recurrences_to_LUBackwardError_gamma	authored	7483	0	7512	62	7486	8	7486	69	F8211654A811F7E87EEAA2C61E8BC8A9C929C31C2B0B1E83A46CF515EC38D884	NumStability.Source.Higham.Chapter09.Section03
route	NumStability.Algorithms.HighamChapter9	NumStability.higham9_3_exactDoolittle_recurrences_to_LUBackwardError_zero	NumStability.higham9_3_exactDoolittle_recurrences_to_LUBackwardError_zero	NumStability.higham9_3_exactDoolittle_recurrences_to_LUBackwardError_zero	NumStability.higham9_3_exactDoolittle_recurrences_to_LUBackwardError_zero	authored	7433	0	7451	74	7438	8	7438	68	664D21A12C17983866E684EB91494A9217E3D199BB164F44C2D7715E3670B422	NumStability.Source.Higham.Chapter09.Section03
route	NumStability.Algorithms.HighamChapter9	NumStability.higham9_3_literalDoolittle_componentDominance_backward_error	NumStability.higham9_3_literalDoolittle_componentDominance_backward_error	NumStability.higham9_3_literalDoolittle_componentDominance_backward_error	NumStability.higham9_3_literalDoolittle_componentDominance_backward_error	authored	6557	0	6592	71	6558	8	6558	68	1C33DD72B12B5D16899A60C3366A2F7745328C53E22D21234E686FB3C0B75EF0	NumStability.Source.Higham.Chapter09.Section03
route	NumStability.Algorithms.HighamChapter9	NumStability.higham9_3_literalDoolittle_exactProductMargins_backward_error	NumStability.higham9_3_literalDoolittle_exactProductMargins_backward_error	NumStability.higham9_3_literalDoolittle_exactProductMargins_backward_error	NumStability.higham9_3_literalDoolittle_exactProductMargins_backward_error	authored	6594	0	6626	47	6595	8	6595	69	75A12930C07CA9AEA397EA12BD6DECACFAC58073EDC591BE499E2CF4329162F2	NumStability.Source.Higham.Chapter09.Section03
route	NumStability.Algorithms.HighamChapter9	NumStability.higham9_3_literalDoolittle_exactProductNumeratorMargins_backward_error	NumStability.higham9_3_literalDoolittle_exactProductNumeratorMargins_backward_error	NumStability.higham9_3_literalDoolittle_exactProductNumeratorMargins_backward_error	NumStability.higham9_3_literalDoolittle_exactProductNumeratorMargins_backward_error	authored	6628	0	6664	51	6629	8	6629	78	91E655646D224C9399EE193F8586E2B0D4952E6FC8BCFF6EF999025D8807A440	NumStability.Source.Higham.Chapter09.Section03
route	NumStability.Algorithms.HighamChapter9	NumStability.higham9_3_literalDoolittle_exactTargetGaps_backward_error	NumStability.higham9_3_literalDoolittle_exactTargetGaps_backward_error	NumStability.higham9_3_literalDoolittle_exactTargetGaps_backward_error	NumStability.higham9_3_literalDoolittle_exactTargetGaps_backward_error	authored	6666	0	6705	42	6667	8	6667	65	0082EEA1EC858D424D9555D459A4989DA8BE0919431642CA36A588E67F94377D	NumStability.Source.Higham.Chapter09.Section03
route	NumStability.Algorithms.HighamChapter9	NumStability.higham9_3_literalDoolittle_source_budgets_backward_error	NumStability.higham9_3_literalDoolittle_source_budgets_backward_error	NumStability.higham9_3_literalDoolittle_source_budgets_backward_error	NumStability.higham9_3_literalDoolittle_source_budgets_backward_error	authored	6527	0	6555	43	6528	8	6528	64	46E02D18BE15CE048288AA9A7EE51750FBF2B7E486D780A09C2DDF9EE8A13D8F	NumStability.Source.Higham.Chapter09.Section03
route	NumStability.Algorithms.HighamChapter9	NumStability.higham9_3_lu_backward_error_gamma	NumStability.higham9_3_lu_backward_error_gamma	NumStability.higham9_3_lu_backward_error_gamma	NumStability.higham9_3_lu_backward_error_gamma	authored	7422	0	7431	51	7423	8	7423	41	7D5824730A912585DC5A560DF30681C6141CF1AF23A2750660E3A2E2672645A2	NumStability.Source.Higham.Chapter09.Section03
route	NumStability.Algorithms.HighamChapter9	NumStability.higham9_3_permuted_lu_backward_error_gamma	NumStability.higham9_3_permuted_lu_backward_error_gamma	NumStability.higham9_3_permuted_lu_backward_error_gamma	NumStability.higham9_3_permuted_lu_backward_error_gamma	authored	1864	0	1883	62	1869	8	1869	50	76E512FA1090FB8E32C644D4472845144F294F7D3A740BFD9F70936D940FD38B	NumStability.Source.Higham.Chapter09.Section02
route	NumStability.Algorithms.HighamChapter9	NumStability.higham9_3_permuted_lu_backward_error_gamma_of_LUFactSpec	NumStability.higham9_3_permuted_lu_backward_error_gamma_of_LUFactSpec	NumStability.higham9_3_permuted_lu_backward_error_gamma_of_LUFactSpec	NumStability.higham9_3_permuted_lu_backward_error_gamma_of_LUFactSpec	authored	1885	0	1902	74	1889	8	1889	64	7B9AD21F1872E59022B8C0551BE539A218FE0DB9B81073D6ADE22DAA621DE62B	NumStability.Source.Higham.Chapter09.Section02
route	NumStability.Algorithms.HighamChapter9	NumStability.higham9_3_permuted_rectAbsBudgetCertificate_backward_error	NumStability.higham9_3_permuted_rectAbsBudgetCertificate_backward_error	NumStability.higham9_3_permuted_rectAbsBudgetCertificate_backward_error	NumStability.higham9_3_permuted_rectAbsBudgetCertificate_backward_error	authored	5578	0	5598	19	5580	8	5580	66	45F17FABA2718F459F5E11AD5231A81A3ABEA560B55697423A6B7098027C1A26	NumStability.Source.Higham.Chapter09.Section02
route	NumStability.Algorithms.HighamChapter9	NumStability.higham9_3_permuted_rectDenseLoopCertificate_backward_error	NumStability.higham9_3_permuted_rectDenseLoopCertificate_backward_error	NumStability.higham9_3_permuted_rectDenseLoopCertificate_backward_error	NumStability.higham9_3_permuted_rectDenseLoopCertificate_backward_error	authored	5555	0	5576	19	5559	8	5559	66	AF8857923D7D983B88124CA83D9CB5355F720202F2C34B4E7C69BE1831B3FCAF	NumStability.Source.Higham.Chapter09.Section02
route	NumStability.Algorithms.HighamChapter9	NumStability.higham9_3_permuted_rectRoundedLoop_backward_error	NumStability.higham9_3_permuted_rectRoundedLoop_backward_error	NumStability.higham9_3_permuted_rectRoundedLoop_backward_error	NumStability.higham9_3_permuted_rectRoundedLoop_backward_error	authored	5629	0	5678	61	5631	8	5631	57	C42FDFBCCD2B40E0FCC22FC0032F6BDBB152B99CFBC2ECB399DB9BE08397A706	NumStability.Source.Higham.Chapter09.Section02
route	NumStability.Algorithms.HighamChapter9	NumStability.higham9_3_permuted_rectRoundedStageTrace_backward_error	NumStability.higham9_3_permuted_rectRoundedStageTrace_backward_error	NumStability.higham9_3_permuted_rectRoundedStageTrace_backward_error	NumStability.higham9_3_permuted_rectRoundedStageTrace_backward_error	authored	5600	0	5627	53	5601	8	5601	63	8B97D97D8BB42C07643240D12618D37808F672FDBC06B184A6D97763C6AC2D80	NumStability.Source.Higham.Chapter09.Section02
route	NumStability.Algorithms.HighamChapter9	NumStability.higham9_3_rectAbsBudgetCertificate_backward_error	NumStability.higham9_3_rectAbsBudgetCertificate_backward_error	NumStability.higham9_3_rectAbsBudgetCertificate_backward_error	NumStability.higham9_3_rectAbsBudgetCertificate_backward_error	authored	7093	0	7106	71	7094	8	7094	57	E09424E35E9458B56862CADA13897C26016C58A66E790DBCF986019B4F628A9A	NumStability.Source.Higham.Chapter09.Section03
route	NumStability.Algorithms.HighamChapter9	NumStability.higham9_3_rectAbsBudgetCertificate_square_backward_error	NumStability.higham9_3_rectAbsBudgetCertificate_square_backward_error	NumStability.higham9_3_rectAbsBudgetCertificate_square_backward_error	NumStability.higham9_3_rectAbsBudgetCertificate_square_backward_error	authored	6723	0	6739	73	6727	8	6727	64	F98D10B1BE23EB0FB57B1178519D7CC8A8412A2C8F2CED1F8E47F8DA78ECF461	NumStability.Source.Higham.Chapter09.Section03
route	NumStability.Algorithms.HighamChapter9	NumStability.higham9_3_rectDenseLoopCertificate_backward_error	NumStability.higham9_3_rectDenseLoopCertificate_backward_error	NumStability.higham9_3_rectDenseLoopCertificate_backward_error	NumStability.higham9_3_rectDenseLoopCertificate_backward_error	authored	7000	0	7091	8	7007	8	7007	57	89B93BAAD664B8D1C1E63F352AF12A67F542BEB9B5D4C1F95C4F4F574291234A	NumStability.Source.Higham.Chapter09.Section03
route	NumStability.Algorithms.HighamChapter9	NumStability.higham9_3_rectDenseLoopCertificate_square_backward_error	NumStability.higham9_3_rectDenseLoopCertificate_square_backward_error	NumStability.higham9_3_rectDenseLoopCertificate_square_backward_error	NumStability.higham9_3_rectDenseLoopCertificate_square_backward_error	authored	6707	0	6721	73	6710	8	6710	64	0F2EEDD03FACD446B6A35ED760D9F7F12145B535B03910DADCCDFA47151AB57B	NumStability.Source.Higham.Chapter09.Section03
route	NumStability.Algorithms.HighamChapter9	NumStability.higham9_3_rectLiteralDoolittle_componentDominance_backward_error	NumStability.higham9_3_rectLiteralDoolittle_componentDominance_backward_error	NumStability.higham9_3_rectLiteralDoolittle_componentDominance_backward_error	NumStability.higham9_3_rectLiteralDoolittle_componentDominance_backward_error	authored	7258	0	7296	80	7259	8	7259	72	9C46B255A57C7997EDD31AC6C94AFB23C53616E3401EABD23537D93107D9F19D	NumStability.Source.Higham.Chapter09.Section03
route	NumStability.Algorithms.HighamChapter9	NumStability.higham9_3_rectLiteralDoolittle_componentDominance_square_backward_error	NumStability.higham9_3_rectLiteralDoolittle_componentDominance_square_backward_error	NumStability.higham9_3_rectLiteralDoolittle_componentDominance_square_backward_error	NumStability.higham9_3_rectLiteralDoolittle_componentDominance_square_backward_error	authored	6783	0	6833	71	6787	8	6787	79	714B611D7DBD430BF1092AEB719287790E4E1C5B6023BBB53E59A794695A19E5	NumStability.Source.Higham.Chapter09.Section03
route	NumStability.Algorithms.HighamChapter9	NumStability.higham9_3_rectLiteralDoolittle_exactProductMargins_backward_error	NumStability.higham9_3_rectLiteralDoolittle_exactProductMargins_backward_error	NumStability.higham9_3_rectLiteralDoolittle_exactProductMargins_backward_error	NumStability.higham9_3_rectLiteralDoolittle_exactProductMargins_backward_error	authored	7298	0	7334	56	7299	8	7299	73	2A2F4BA6B525E69C50DB75A842AA7139C537483157690597F7CF59F344F8FE81	NumStability.Source.Higham.Chapter09.Section03
route	NumStability.Algorithms.HighamChapter9	NumStability.higham9_3_rectLiteralDoolittle_exactProductMargins_square_backward_error	NumStability.higham9_3_rectLiteralDoolittle_exactProductMargins_square_backward_error	NumStability.higham9_3_rectLiteralDoolittle_exactProductMargins_square_backward_error	NumStability.higham9_3_rectLiteralDoolittle_exactProductMargins_square_backward_error	authored	6835	0	6884	28	6837	8	6837	80	ED717C794DD9A64EBA92E1D1A0AB8FFE36BFF90A87557AE7181778FDB8D6FE88	NumStability.Source.Higham.Chapter09.Section03
route	NumStability.Algorithms.HighamChapter9	NumStability.higham9_3_rectLiteralDoolittle_exactProductNumeratorMargins_backward_error	NumStability.higham9_3_rectLiteralDoolittle_exactProductNumeratorMargins_backward_error	NumStability.higham9_3_rectLiteralDoolittle_exactProductNumeratorMargins_backward_error	NumStability.higham9_3_rectLiteralDoolittle_exactProductNumeratorMargins_backward_error	authored	7336	0	7376	60	7337	8	7337	82	CAC5E89730FFAB7C321A9B187EA171C2DDDF1407841D152378A6E01221EA8D14	NumStability.Source.Higham.Chapter09.Section03
route	NumStability.Algorithms.HighamChapter9	NumStability.higham9_3_rectLiteralDoolittle_exactProductNumeratorMargins_square_backward_error	NumStability.higham9_3_rectLiteralDoolittle_exactProductNumeratorMargins_square_backward_error	NumStability.higham9_3_rectLiteralDoolittle_exactProductNumeratorMargins_square_backward_error	NumStability.higham9_3_rectLiteralDoolittle_exactProductNumeratorMargins_square_backward_error	authored	6886	0	6939	32	6888	8	6888	89	B6A37C6F86B7903B707434A46B2F7F540CE42FCA6650DE8690A93BDCD3F49B9E	NumStability.Source.Higham.Chapter09.Section03
route	NumStability.Algorithms.HighamChapter9	NumStability.higham9_3_rectLiteralDoolittle_exactTargetGaps_backward_error	NumStability.higham9_3_rectLiteralDoolittle_exactTargetGaps_backward_error	NumStability.higham9_3_rectLiteralDoolittle_exactTargetGaps_backward_error	NumStability.higham9_3_rectLiteralDoolittle_exactTargetGaps_backward_error	authored	7378	0	7420	51	7379	8	7379	69	8A77FCC6EE5D852F1F07700A52459F1E00C88618D6489B0D517F388F972A3C8F	NumStability.Source.Higham.Chapter09.Section03
route	NumStability.Algorithms.HighamChapter9	NumStability.higham9_3_rectLiteralDoolittle_exactTargetGaps_square_backward_error	NumStability.higham9_3_rectLiteralDoolittle_exactTargetGaps_square_backward_error	NumStability.higham9_3_rectLiteralDoolittle_exactTargetGaps_square_backward_error	NumStability.higham9_3_rectLiteralDoolittle_exactTargetGaps_square_backward_error	authored	6941	0	6998	26	6943	8	6943	76	7C44373A1CE15CE510B4E596CB78F64B2AE451203C4CF71A742F6BDF803CA4CE	NumStability.Source.Higham.Chapter09.Section03
route	NumStability.Algorithms.HighamChapter9	NumStability.higham9_3_rectLiteralDoolittle_source_budgets_backward_error	NumStability.higham9_3_rectLiteralDoolittle_source_budgets_backward_error	NumStability.higham9_3_rectLiteralDoolittle_source_budgets_backward_error	NumStability.higham9_3_rectLiteralDoolittle_source_budgets_backward_error	authored	7224	0	7256	43	7228	8	7228	68	208381EFCF4A03A365F51BE5E42E355992301222D15A807C6B5A582CBC45994D	NumStability.Source.Higham.Chapter09.Section03
route	NumStability.Algorithms.HighamChapter9	NumStability.higham9_3_rectLiteralDoolittle_source_budgets_square_backward_error	NumStability.higham9_3_rectLiteralDoolittle_source_budgets_square_backward_error	NumStability.higham9_3_rectLiteralDoolittle_source_budgets_square_backward_error	NumStability.higham9_3_rectLiteralDoolittle_source_budgets_square_backward_error	authored	6741	0	6781	34	6745	8	6745	75	2DE64C3566AAFB34B555E6DE9649EE1049BCAFBAE205CA8756335E260C8D2FDB	NumStability.Source.Higham.Chapter09.Section03
route	NumStability.Algorithms.HighamChapter9	NumStability.higham9_3_rectRoundedLoop_backward_error	NumStability.higham9_3_rectRoundedLoop_backward_error	NumStability.higham9_3_rectRoundedLoop_backward_error	NumStability.higham9_3_rectRoundedLoop_backward_error	authored	7133	0	7162	40	7136	8	7136	48	51C83BF19F23B1E4A501438FFF7000993C5EAFEA387A6634F4757900ED468CD0	NumStability.Source.Higham.Chapter09.Section03
route	NumStability.Algorithms.HighamChapter9	NumStability.higham9_3_rectRoundedPrefixTrace_complete_backward_error	NumStability.higham9_3_rectRoundedPrefixTrace_complete_backward_error	NumStability.higham9_3_rectRoundedPrefixTrace_complete_backward_error	NumStability.higham9_3_rectRoundedPrefixTrace_complete_backward_error	authored	7164	0	7185	40	7167	8	7167	64	0B47C1BBDB8189BD7AB996EF32F58E6FD19929AE0EB6511841D3F564EDD23F2A	NumStability.Source.Higham.Chapter09.Section03
route	NumStability.Algorithms.HighamChapter9	NumStability.higham9_3_rectRoundedStageTrace_backward_error	NumStability.higham9_3_rectRoundedStageTrace_backward_error	NumStability.higham9_3_rectRoundedStageTrace_backward_error	NumStability.higham9_3_rectRoundedStageTrace_backward_error	authored	7108	0	7131	46	7111	8	7111	54	28A886EE35A04A113F7F2333D633E0D3EE34D2E4313CAC55E1804D2A39C05AA8	NumStability.Source.Higham.Chapter09.Section03
route	NumStability.Algorithms.HighamChapter9	NumStability.higham9_3_rectStageObligations_backward_error	NumStability.higham9_3_rectStageObligations_backward_error	NumStability.higham9_3_rectStageObligations_backward_error	NumStability.higham9_3_rectStageObligations_backward_error	authored	7187	0	7222	40	7190	8	7190	53	90853B6D9FA5C3077E18B34BD7CACAFFA6197590A8CF301B7A45F156062078F8	NumStability.Source.Higham.Chapter09.Section03
route	NumStability.Algorithms.HighamChapter9	NumStability.higham9_4_exactDoolittle_recurrences_lu_solve_backward_error	NumStability.higham9_4_exactDoolittle_recurrences_lu_solve_backward_error	NumStability.higham9_4_exactDoolittle_recurrences_lu_solve_backward_error	NumStability.higham9_4_exactDoolittle_recurrences_lu_solve_backward_error	authored	7555	0	7586	10	7559	8	7559	68	07B92EFEB4A85CE7DCF7AD1DFE0F5124CCFED29B1BFFDE24460140752C6C6816	NumStability.Source.Higham.Chapter09.Section03
route	NumStability.Algorithms.HighamChapter9	NumStability.higham9_4_lu_solve_backward_error	NumStability.higham9_4_lu_solve_backward_error	NumStability.higham9_4_lu_solve_backward_error	NumStability.higham9_4_lu_solve_backward_error	authored	7537	0	7553	79	7539	8	7539	41	55EF0C1A6FE4B15E5D09636788E8EAAA58CA116D566AB271228CBF9F934F8E3C	NumStability.Source.Higham.Chapter09.Section03
route	NumStability.Algorithms.HighamChapter9	NumStability.higham9_4_rectRoundedLoop_square_lu_solve_backward_error	NumStability.higham9_4_rectRoundedLoop_square_lu_solve_backward_error	NumStability.higham9_4_rectRoundedLoop_square_lu_solve_backward_error	NumStability.higham9_4_rectRoundedLoop_square_lu_solve_backward_error	authored	7588	0	7650	37	7592	8	7592	64	7D594D6952EF148D13C5DE62BE33A79CC33661B0D87ADB6CCCAF1DA5A26E13C4	NumStability.Source.Higham.Chapter09.Section03
route	NumStability.Algorithms.HighamChapter9ComputedCorrection	NumStability.higham9_5_computedMultiplier_infNorm	NumStability.higham9_5_computedMultiplier_infNorm	NumStability.higham9_5_computedMultiplier_infNorm	NumStability.higham9_5_computedMultiplier_infNorm	authored	91	0	122	27	94	8	94	44	ADA0654EEB0EAF5F99DA7146D79E03BF8E3C0CB1C7936B958072CE4A23D9977C	NumStability.Source.Higham.Chapter09.ComputedCorrection
route	NumStability.Algorithms.HighamChapter9ComputedCorrection	NumStability.higham9_5_computedMultiplier_row_sum_le	NumStability.higham9_5_computedMultiplier_row_sum_le	NumStability.higham9_5_computedMultiplier_row_sum_le	NumStability.higham9_5_computedMultiplier_row_sum_le	authored	77	0	89	38	79	8	79	47	E63DB88D7F448454F0F3FBBA19628233A62A28DA06B250BE7ECF3CA861BF1CF2	NumStability.Source.Higham.Chapter09.ComputedCorrection
route	NumStability.Algorithms.HighamChapter9ComputedCorrection	NumStability.higham9_5_computed_wilkinson_source_correction	NumStability.higham9_5_computed_wilkinson_source_correction	NumStability.higham9_5_computed_wilkinson_source_correction	NumStability.higham9_5_computed_wilkinson_source_correction	authored	124	0	171	30	127	8	127	54	FF77A149A0713EC4EBA216358DEC908E87A0370A5C35DF15BFB47E91573260C9	NumStability.Source.Higham.Chapter09.ComputedCorrection
route	NumStability.Algorithms.HighamChapter9ComputedCorrection	NumStability.higham9_5_ieeeSingle_roundedU_not_exactGEPPUTrace	NumStability.higham9_5_ieeeSingle_roundedU_not_exactGEPPUTrace	NumStability.higham9_5_ieeeSingle_roundedU_not_exactGEPPUTrace	NumStability.higham9_5_ieeeSingle_roundedU_not_exactGEPPUTrace	authored	48	0	60	52	51	8	51	57	38272297ED97455792C7CB74C3EE65CCC2C22420559D02B1FFA504B46F6AA598	NumStability.Source.Higham.Chapter09.ComputedCorrection
route	NumStability.Algorithms.HighamChapter9ComputedCorrection	NumStability.higham9_5_ieeeSingle_source_discrepancy	NumStability.higham9_5_ieeeSingle_source_discrepancy	NumStability.higham9_5_ieeeSingle_source_discrepancy	NumStability.higham9_5_ieeeSingle_source_discrepancy	authored	62	0	75	54	65	8	65	47	4212BC0CD8F7D45EE695FBF50C9ECB864EFFD8B74C0ACDF410C9E41967DCC37B	NumStability.Source.Higham.Chapter09.ComputedCorrection
route	NumStability.Algorithms.HighamChapter9	NumStability.higham9_5_rectAbsBudgetCertificate_lower_reduced_abs_residual	NumStability.higham9_5_rectAbsBudgetCertificate_lower_reduced_abs_residual	NumStability.higham9_5_rectAbsBudgetCertificate_lower_reduced_abs_residual	NumStability.higham9_5_rectAbsBudgetCertificate_lower_reduced_abs_residual	authored	6371	0	6384	29	6373	8	6373	69	0602DFDBD2ED23F63F7EB812778A3092FF10386751B73A81EBAC47FD97FA4BFD	NumStability.Source.Higham.Chapter09.Section02
route	NumStability.Algorithms.HighamChapter9	NumStability.higham9_5_rectAbsBudgetCertificate_lower_reduced_residual_compression	NumStability.higham9_5_rectAbsBudgetCertificate_lower_reduced_residual_compression	NumStability.higham9_5_rectAbsBudgetCertificate_lower_reduced_residual_compression	NumStability.higham9_5_rectAbsBudgetCertificate_lower_reduced_residual_compression	authored	6402	0	6416	11	6404	8	6404	77	A9D72450D0BC039269466DACAD10C50A797D0BA0A4945776E7C1A221FBCAF1F7	NumStability.Source.Higham.Chapter09.Section02
route	NumStability.Algorithms.HighamChapter9	NumStability.higham9_5_rectAbsBudgetCertificate_upper_reduced_abs_residual	NumStability.higham9_5_rectAbsBudgetCertificate_upper_reduced_abs_residual	NumStability.higham9_5_rectAbsBudgetCertificate_upper_reduced_abs_residual	NumStability.higham9_5_rectAbsBudgetCertificate_upper_reduced_abs_residual	authored	6356	0	6369	29	6358	8	6358	69	567EC8198441D8DA6C4892C594EF83681A7AA29E6F3185FDA7AB0338DA56092B	NumStability.Source.Higham.Chapter09.Section02
route	NumStability.Algorithms.HighamChapter9	NumStability.higham9_5_rectAbsBudgetCertificate_upper_reduced_residual_compression	NumStability.higham9_5_rectAbsBudgetCertificate_upper_reduced_residual_compression	NumStability.higham9_5_rectAbsBudgetCertificate_upper_reduced_residual_compression	NumStability.higham9_5_rectAbsBudgetCertificate_upper_reduced_residual_compression	authored	6386	0	6400	11	6388	8	6388	77	CBB590403E07E74C7288FB4E76B24A28F275D51642074A9FBB35DFD773ADCD9B	NumStability.Source.Higham.Chapter09.Section02
route	NumStability.Algorithms.HighamChapter9	NumStability.higham9_5_rectDenseLoopCertificate_lower_reduced_residual_compression	NumStability.higham9_5_rectDenseLoopCertificate_lower_reduced_residual_compression	NumStability.higham9_5_rectDenseLoopCertificate_lower_reduced_residual_compression	NumStability.higham9_5_rectDenseLoopCertificate_lower_reduced_residual_compression	authored	6343	0	6354	37	6345	8	6345	77	FDCC936ADE4C7E24549C75DB543537DF07B785D8D5FA7C0D984B920DF5055892	NumStability.Source.Higham.Chapter09.Section02
route	NumStability.Algorithms.HighamChapter9	NumStability.higham9_5_rectDenseLoopCertificate_upper_reduced_residual_compression	NumStability.higham9_5_rectDenseLoopCertificate_upper_reduced_residual_compression	NumStability.higham9_5_rectDenseLoopCertificate_upper_reduced_residual_compression	NumStability.higham9_5_rectDenseLoopCertificate_upper_reduced_residual_compression	authored	6330	0	6341	37	6332	8	6332	77	A0D29777F5D2ABE94FC4BF68F85CC865246DE0973D12581261966D0FB952107B	NumStability.Source.Higham.Chapter09.Section02
route	NumStability.Algorithms.HighamChapter9	NumStability.higham9_5_rectGEReducedEntry	NumStability.higham9_5_rectGEReducedEntry	NumStability.higham9_5_rectGEReducedEntry	NumStability.higham9_5_rectGEReducedEntry	authored	6241	0	6246	49	6243	18	6243	46	792747C7C33EE44E602B17602D3A029A7AA9C5557CE03206B40A91A98A2555C0	NumStability.Source.Higham.Chapter09.Section02
route	NumStability.Algorithms.HighamChapter9	NumStability.higham9_5_rectGEReducedEntry_abs_le_maxEntryNorm_add_absLU_infNorm	NumStability.higham9_5_rectGEReducedEntry_abs_le_maxEntryNorm_add_absLU_infNorm	NumStability.higham9_5_rectGEReducedEntry_abs_le_maxEntryNorm_add_absLU_infNorm	NumStability.higham9_5_rectGEReducedEntry_abs_le_maxEntryNorm_add_absLU_infNorm	authored	16530	0	16566	40	16532	8	16532	74	54826A042F1F6EAE4A7D71222E0ACEF1D7B78265F5174AE8F8A6A41685F7CCC6	NumStability.Source.Higham.Chapter09.Section04
route	NumStability.Algorithms.HighamChapter9	NumStability.higham9_5_rectGEReducedEntry_eq_DoolittleLNumerator	NumStability.higham9_5_rectGEReducedEntry_eq_DoolittleLNumerator	NumStability.higham9_5_rectGEReducedEntry_eq_DoolittleLNumerator	NumStability.higham9_5_rectGEReducedEntry_eq_DoolittleLNumerator	authored	6308	0	6315	54	6310	8	6310	59	F9AD3E0B7BAFF30F2D8B097ACC10DA29F0A8B8F6D3780E4ADCDD71F7EF4464B8	NumStability.Source.Higham.Chapter09.Section02
route	NumStability.Algorithms.HighamChapter9	NumStability.higham9_5_rectGEReducedEntry_eq_DoolittleLUpdate_mul_pivot	NumStability.higham9_5_rectGEReducedEntry_eq_DoolittleLUpdate_mul_pivot	NumStability.higham9_5_rectGEReducedEntry_eq_DoolittleLUpdate_mul_pivot	NumStability.higham9_5_rectGEReducedEntry_eq_DoolittleLUpdate_mul_pivot	authored	6317	0	6328	29	6320	8	6320	66	34A7122B618EA98D613F6AE673ED9701EA11A31B7AD044F8A76DE461529EC953	NumStability.Source.Higham.Chapter09.Section02
route	NumStability.Algorithms.HighamChapter9	NumStability.higham9_5_rectGEReducedEntry_eq_DoolittleUUpdate	NumStability.higham9_5_rectGEReducedEntry_eq_DoolittleUUpdate	NumStability.higham9_5_rectGEReducedEntry_eq_DoolittleUUpdate	NumStability.higham9_5_rectGEReducedEntry_eq_DoolittleUUpdate	authored	6295	0	6306	35	6298	8	6298	56	4FF1964FFC1A4F3315E6742BCC1C0E391E93B72CAEEB436ED6D1EEB64FD91257	NumStability.Source.Higham.Chapter09.Section02
route	NumStability.Algorithms.HighamChapter9	NumStability.higham9_5_rectGEReducedEntry_eq_rectPrefixDot	NumStability.higham9_5_rectGEReducedEntry_eq_rectPrefixDot	NumStability.higham9_5_rectGEReducedEntry_eq_rectPrefixDot	NumStability.higham9_5_rectGEReducedEntry_eq_rectPrefixDot	authored	6284	0	6293	57	6287	8	6287	53	820EAABBD82FA8E2E11C38C01378E1CD79C9AF59C1C7B50C500B454E05A6ABBF	NumStability.Source.Higham.Chapter09.Section02
route	NumStability.Algorithms.HighamChapter9	NumStability.higham9_5_rectGEReducedEntry_eq_sub_matMul_of_ge	NumStability.higham9_5_rectGEReducedEntry_eq_sub_matMul_of_ge	NumStability.higham9_5_rectGEReducedEntry_eq_sub_matMul_of_ge	NumStability.higham9_5_rectGEReducedEntry_eq_sub_matMul_of_ge	authored	16679	0	16688	22	16681	8	16681	56	3CBE25751BFFF91C17BA061C2551DF0DBC46C5D24BF83F5D8DA1812058FB50E2	NumStability.Source.Higham.Chapter09.Section04
route	NumStability.Algorithms.HighamChapter9	NumStability.higham9_5_rectGEReducedEntry_eq_sub_rectMatMul_of_ge	NumStability.higham9_5_rectGEReducedEntry_eq_sub_rectMatMul_of_ge	NumStability.higham9_5_rectGEReducedEntry_eq_sub_rectMatMul_of_ge	NumStability.higham9_5_rectGEReducedEntry_eq_sub_rectMatMul_of_ge	authored	16669	0	16677	67	16671	8	16671	60	EAC06217FCC22414667153575F35BB4DA427D973D52810FF34E27F93ED246D58	NumStability.Source.Higham.Chapter09.Section04
route	NumStability.Algorithms.HighamChapter9	NumStability.higham9_5_rectGEReducedEntry_eq_zero_of_LUFactSpec_of_ge	NumStability.higham9_5_rectGEReducedEntry_eq_zero_of_LUFactSpec_of_ge	NumStability.higham9_5_rectGEReducedEntry_eq_zero_of_LUFactSpec_of_ge	NumStability.higham9_5_rectGEReducedEntry_eq_zero_of_LUFactSpec_of_ge	authored	16768	0	16776	6	16770	8	16770	64	3FA497A6A8446D5382D4A72ED8B1F35107BD8EBB6766F86E51BFBFB8AA09F4FC	NumStability.Source.Higham.Chapter09.Section04
route	NumStability.Algorithms.HighamChapter9	NumStability.higham9_5_rectGEReducedEntry_eq_zero_of_rectDoolittle_exact_recurrences_of_ge	NumStability.higham9_5_rectGEReducedEntry_eq_zero_of_rectDoolittle_exact_recurrences_of_ge	NumStability.higham9_5_rectGEReducedEntry_eq_zero_of_rectDoolittle_exact_recurrences_of_ge	NumStability.higham9_5_rectGEReducedEntry_eq_zero_of_rectDoolittle_exact_recurrences_of_ge	authored	16735	0	16756	7	16739	8	16739	85	26070FA12F1114297688B6E83CCE0FA74C50B2B22DC745F91E35F2708D4B0338	NumStability.Source.Higham.Chapter09.Section04
route	NumStability.Algorithms.HighamChapter9	NumStability.higham9_5_rectGEReducedEntry_eq_zero_of_rectMatMul_eq_of_ge	NumStability.higham9_5_rectGEReducedEntry_eq_zero_of_rectMatMul_eq_of_ge	NumStability.higham9_5_rectGEReducedEntry_eq_zero_of_rectMatMul_eq_of_ge	NumStability.higham9_5_rectGEReducedEntry_eq_zero_of_rectMatMul_eq_of_ge	authored	16723	0	16733	6	16725	8	16725	67	A1049624B265EC84EAE7EE1C510C21544FB9FB83EA77C9F811D403ED7A75C2D2	NumStability.Source.Higham.Chapter09.Section04
route	NumStability.Algorithms.HighamChapter9	NumStability.higham9_5_rectGEReducedEntry_full_eq_sub_rectMatMul	NumStability.higham9_5_rectGEReducedEntry_full_eq_sub_rectMatMul	NumStability.higham9_5_rectGEReducedEntry_full_eq_sub_rectMatMul	NumStability.higham9_5_rectGEReducedEntry_full_eq_sub_rectMatMul	authored	16659	0	16667	51	16661	8	16661	59	2A601F43CFCE5EB6D5023E4323E6D9CDF5D45A51D5CB225BBF7E7FBB30EF2470	NumStability.Source.Higham.Chapter09.Section04
route	NumStability.Algorithms.HighamChapter9	NumStability.higham9_5_rectGEReducedEntry_full_eq_zero_of_LUFactSpec	NumStability.higham9_5_rectGEReducedEntry_full_eq_zero_of_LUFactSpec	NumStability.higham9_5_rectGEReducedEntry_full_eq_zero_of_LUFactSpec	NumStability.higham9_5_rectGEReducedEntry_full_eq_zero_of_LUFactSpec	authored	16758	0	16766	6	16760	8	16760	63	AB47BCAA3E43778B45973CD85BEF9B570E2AAEF787A99B2CEC75B707899CDC82	NumStability.Source.Higham.Chapter09.Section04
route	NumStability.Algorithms.HighamChapter9	NumStability.higham9_5_rectGEReducedEntry_full_eq_zero_of_rectDoolittle_exact_recurrences	NumStability.higham9_5_rectGEReducedEntry_full_eq_zero_of_rectDoolittle_exact_recurrences	NumStability.higham9_5_rectGEReducedEntry_full_eq_zero_of_rectDoolittle_exact_recurrences	NumStability.higham9_5_rectGEReducedEntry_full_eq_zero_of_rectDoolittle_exact_recurrences	authored	16701	0	16721	7	16705	8	16705	84	9A1169417E5A8424478539FBF288734162CBD365BBD4D1CD03343296B7FAEF4E	NumStability.Source.Higham.Chapter09.Section04
route	NumStability.Algorithms.HighamChapter9	NumStability.higham9_5_rectGEReducedEntry_full_eq_zero_of_rectMatMul_eq	NumStability.higham9_5_rectGEReducedEntry_full_eq_zero_of_rectMatMul_eq	NumStability.higham9_5_rectGEReducedEntry_full_eq_zero_of_rectMatMul_eq	NumStability.higham9_5_rectGEReducedEntry_full_eq_zero_of_rectMatMul_eq	authored	16690	0	16699	6	16692	8	16692	66	D4994915D8066E65A9A062D1E3707016CC1FC2807C8A9CF68FF230D3E242D767	NumStability.Source.Higham.Chapter09.Section04
route	NumStability.Algorithms.HighamChapter9	NumStability.higham9_5_rectGEReducedEntry_succ_of_lt	NumStability.higham9_5_rectGEReducedEntry_succ_of_lt	NumStability.higham9_5_rectGEReducedEntry_succ_of_lt	NumStability.higham9_5_rectGEReducedEntry_succ_of_lt	authored	6256	0	6267	6	6258	8	6258	47	94EF5721F868DF79CBF0A1B31CA2746107EC32E5577C9AEF6E273FEBA971416F	NumStability.Source.Higham.Chapter09.Section02
route	NumStability.Algorithms.HighamChapter9	NumStability.higham9_5_rectGEReducedEntry_zero	NumStability.higham9_5_rectGEReducedEntry_zero	NumStability.higham9_5_rectGEReducedEntry_zero	NumStability.higham9_5_rectGEReducedEntry_zero	authored	6248	0	6254	64	6250	8	6250	41	AA44D3D6ADDF9DCDBC8500F0DF0366051A6D937A680920F98F4B8034B9B3A0FB	NumStability.Source.Higham.Chapter09.Section02
route	NumStability.Algorithms.HighamChapter9	NumStability.higham9_5_rectPrefixRange	NumStability.higham9_5_rectPrefixRange	NumStability.higham9_5_rectPrefixRange	NumStability.higham9_5_rectPrefixRange	authored	6232	0	6239	52	6235	18	6235	43	DA93A847B6A1CEC6FD0FC4B4D908541D1AE9EDC14C60108FB9B058BBCC8EC76D	NumStability.Source.Higham.Chapter09.Section02
route	NumStability.Algorithms.HighamChapter9	NumStability.higham9_5_rectPrefixRange_eq_matMul_of_ge	NumStability.higham9_5_rectPrefixRange_eq_matMul_of_ge	NumStability.higham9_5_rectPrefixRange_eq_matMul_of_ge	NumStability.higham9_5_rectPrefixRange_eq_matMul_of_ge	authored	16648	0	16657	64	16651	8	16651	49	FB1D4E657F2DE454DBF95643A3DA83904420CAFFDF0E1084AF4423D852B8EB6A	NumStability.Source.Higham.Chapter09.Section04
route	NumStability.Algorithms.HighamChapter9	NumStability.higham9_5_rectPrefixRange_eq_rectMatMul_of_ge	NumStability.higham9_5_rectPrefixRange_eq_rectMatMul_of_ge	NumStability.higham9_5_rectPrefixRange_eq_rectMatMul_of_ge	NumStability.higham9_5_rectPrefixRange_eq_rectMatMul_of_ge	authored	16611	0	16646	28	16614	8	16614	53	A0DEDB00B635AA3ED69482FB49512680B6C1F3A446B4525E7B10336E7AA50A10	NumStability.Source.Higham.Chapter09.Section04
route	NumStability.Algorithms.HighamChapter9	NumStability.higham9_5_rectPrefixRange_eq_rectPrefixDot	NumStability.higham9_5_rectPrefixRange_eq_rectPrefixDot	NumStability.higham9_5_rectPrefixRange_eq_rectPrefixDot	NumStability.higham9_5_rectPrefixRange_eq_rectPrefixDot	authored	6269	0	6282	12	6271	8	6271	50	D82898B9536983C80877A5E661E8A8185ED375D29852C22C924E1FB2DFF3B47E	NumStability.Source.Higham.Chapter09.Section02
route	NumStability.Algorithms.HighamChapter9	NumStability.higham9_5_rectPrefixRange_full_eq_matMul	NumStability.higham9_5_rectPrefixRange_full_eq_matMul	NumStability.higham9_5_rectPrefixRange_full_eq_matMul	NumStability.higham9_5_rectPrefixRange_full_eq_matMul	authored	16568	0	16587	28	16570	8	16570	48	330ED25BCA17DA4F217E7B91B8F9200D36EB7CD5F811D430764E266CFD0424E5	NumStability.Source.Higham.Chapter09.Section04
route	NumStability.Algorithms.HighamChapter9	NumStability.higham9_5_rectPrefixRange_full_eq_rectMatMul	NumStability.higham9_5_rectPrefixRange_full_eq_rectMatMul	NumStability.higham9_5_rectPrefixRange_full_eq_rectMatMul	NumStability.higham9_5_rectPrefixRange_full_eq_rectMatMul	authored	16589	0	16609	28	16591	8	16591	52	C239FCA44A199D1C5419822C4B40157D01B4DC73684AF0DD1BBDD5D5E8ED0084	NumStability.Source.Higham.Chapter09.Section04
route	NumStability.Algorithms.HighamChapter9	NumStability.higham9_5_rectPrefixRange_le_full_of_nonnegative_factors	NumStability.higham9_5_rectPrefixRange_le_full_of_nonnegative_factors	NumStability.higham9_5_rectPrefixRange_le_full_of_nonnegative_factors	NumStability.higham9_5_rectPrefixRange_le_full_of_nonnegative_factors	authored	17051	0	17066	16	17053	8	17053	64	3DC1E47B8FDB13D0A167C99C90B7A63915C03C6378EF9D551BF3700BB4F9C3F1	NumStability.Source.Higham.Chapter09.Section04
route	NumStability.Algorithms.HighamChapter9	NumStability.higham9_5_rectPrefixRange_nonneg_of_nonnegative_factors	NumStability.higham9_5_rectPrefixRange_nonneg_of_nonnegative_factors	NumStability.higham9_5_rectPrefixRange_nonneg_of_nonnegative_factors	NumStability.higham9_5_rectPrefixRange_nonneg_of_nonnegative_factors	authored	17037	0	17049	14	17039	8	17039	63	59619FB0A8A7A88E1F8454D21CE4DA4ADAAF13AAEB9AFD3EC6EBB4DA3F822CBA	NumStability.Source.Higham.Chapter09.Section04
route	NumStability.Algorithms.HighamChapter9	NumStability.higham9_5_rectRoundedLoop_lower_reduced_residual_compression	NumStability.higham9_5_rectRoundedLoop_lower_reduced_residual_compression	NumStability.higham9_5_rectRoundedLoop_lower_reduced_residual_compression	NumStability.higham9_5_rectRoundedLoop_lower_reduced_residual_compression	authored	6449	0	6480	11	6452	8	6452	68	853B8A883F0E0D509CCF8D1F44D9768BB14BA374BD2B5077C831EB3E7426CDF6	NumStability.Source.Higham.Chapter09.Section02
route	NumStability.Algorithms.HighamChapter9	NumStability.higham9_5_rectRoundedLoop_upper_reduced_residual_compression	NumStability.higham9_5_rectRoundedLoop_upper_reduced_residual_compression	NumStability.higham9_5_rectRoundedLoop_upper_reduced_residual_compression	NumStability.higham9_5_rectRoundedLoop_upper_reduced_residual_compression	authored	6418	0	6447	11	6421	8	6421	68	A82FCA29AA1FE10216E0809F876C1BD1B2DF3C7E345D0323252D756517EBB0FC	NumStability.Source.Higham.Chapter09.Section02
route	NumStability.Algorithms.HighamChapter9ComputedCorrection	NumStability.higham9_5_roundedU_not_exactGEPPUTrace	NumStability.higham9_5_roundedU_not_exactGEPPUTrace	NumStability.higham9_5_roundedU_not_exactGEPPUTrace	NumStability.higham9_5_roundedU_not_exactGEPPUTrace	authored	16	0	46	18	20	8	20	46	9E450BFB402926162DEB4BA63D4ECE20CFEFC00EA1E7F315D82A239CBA429E20	NumStability.Source.Higham.Chapter09.ComputedCorrection
route	NumStability.Algorithms.HighamChapter9	NumStability.higham9_5_wilkinson_normwise_infNorm_tight	NumStability.higham9_5_wilkinson_normwise_infNorm_tight	NumStability.higham9_5_wilkinson_normwise_infNorm_tight	NumStability.higham9_5_wilkinson_normwise_infNorm_tight	authored	7968	0	7986	39	7970	8	7970	50	E811CC5D73056636878B05D34E2D8BD8EA9D92F1E51843F264443F5A9550296E	NumStability.Source.Higham.Chapter09.Section03
route	NumStability.Algorithms.HighamChapter9	NumStability.higham9_5_wilkinson_source_bound_of_PartialPivotGEPPUTrace	NumStability.higham9_5_wilkinson_source_bound_of_PartialPivotGEPPUTrace	NumStability.higham9_5_wilkinson_source_bound_of_PartialPivotGEPPUTrace	NumStability.higham9_5_wilkinson_source_bound_of_PartialPivotGEPPUTrace	authored	8048	0	8078	39	8053	8	8053	66	B7EEE49B01317FF1D5AD504C154669730C1F2F414DC6E9EEF16B8DE326A9C38B	NumStability.Source.Higham.Chapter09.Section04
route	NumStability.Algorithms.HighamChapter9	NumStability.higham9_5_wilkinson_source_bound_of_PermutedPartialPivotGEPPUTrace	NumStability.higham9_5_wilkinson_source_bound_of_PermutedPartialPivotGEPPUTrace	NumStability.higham9_5_wilkinson_source_bound_of_PermutedPartialPivotGEPPUTrace	NumStability.higham9_5_wilkinson_source_bound_of_PermutedPartialPivotGEPPUTrace	authored	8080	0	8172	42	8088	8	8088	74	BC586973A0867928C060B31CA493B00863E7A3EB4A9E48431A45D33E33BB8E58	NumStability.Source.Higham.Chapter09.Section04
route	NumStability.Algorithms.HighamChapter9	NumStability.higham9_5_wilkinson_source_bound_of_PermutedPartialPivotGEPPUTrace_LUFactSpec	NumStability.higham9_5_wilkinson_source_bound_of_PermutedPartialPivotGEPPUTrace_LUFactSpec	NumStability.higham9_5_wilkinson_source_bound_of_PermutedPartialPivotGEPPUTrace_LUFactSpec	NumStability.higham9_5_wilkinson_source_bound_of_PermutedPartialPivotGEPPUTrace_LUFactSpec	authored	8697	0	8729	19	8705	8	8705	85	7949D93A093B50650301C157D26EBD0A33AD5F594C97E900B4737F40445F58D0	NumStability.Source.Higham.Chapter09.Section04
route	NumStability.Algorithms.HighamChapter9	NumStability.higham9_5_wilkinson_source_bound_of_PermutedPartialPivotGEPPUTrace_absBudget	NumStability.higham9_5_wilkinson_source_bound_of_PermutedPartialPivotGEPPUTrace_absBudget	NumStability.higham9_5_wilkinson_source_bound_of_PermutedPartialPivotGEPPUTrace_absBudget	NumStability.higham9_5_wilkinson_source_bound_of_PermutedPartialPivotGEPPUTrace_absBudget	authored	8210	0	8243	19	8215	8	8215	84	5C441A1B82FF9C739CAFFBDDFB74FC241AE69D1797BAFAB2394BCDF389B6F380	NumStability.Source.Higham.Chapter09.Section04
route	NumStability.Algorithms.HighamChapter9	NumStability.higham9_5_wilkinson_source_bound_of_PermutedPartialPivotGEPPUTrace_componentDominance	NumStability.higham9_5_wilkinson_source_bound_of_PermutedPartialPivotGEPPUTrace_componentDominance	NumStability.higham9_5_wilkinson_source_bound_of_PermutedPartialPivotGEPPUTrace_componentDominance	NumStability.higham9_5_wilkinson_source_bound_of_PermutedPartialPivotGEPPUTrace_componentDominance	authored	8420	0	8487	19	8426	8	8426	93	CD093DB5F2D159C29439E68F1B87166DDAA2553346EEC67F5EB5EAF98626F6CB	NumStability.Source.Higham.Chapter09.Section04
route	NumStability.Algorithms.HighamChapter9	NumStability.higham9_5_wilkinson_source_bound_of_PermutedPartialPivotGEPPUTrace_denseLoop	NumStability.higham9_5_wilkinson_source_bound_of_PermutedPartialPivotGEPPUTrace_denseLoop	NumStability.higham9_5_wilkinson_source_bound_of_PermutedPartialPivotGEPPUTrace_denseLoop	NumStability.higham9_5_wilkinson_source_bound_of_PermutedPartialPivotGEPPUTrace_denseLoop	authored	8174	0	8208	19	8181	8	8181	84	B5861D3522AC4A759A234B432A12184CC64FC5AE0A6E7DCDCD10924ACEA600E1	NumStability.Source.Higham.Chapter09.Section04
route	NumStability.Algorithms.HighamChapter9	NumStability.higham9_5_wilkinson_source_bound_of_PermutedPartialPivotGEPPUTrace_exactProductMargins	NumStability.higham9_5_wilkinson_source_bound_of_PermutedPartialPivotGEPPUTrace_exactProductMargins	NumStability.higham9_5_wilkinson_source_bound_of_PermutedPartialPivotGEPPUTrace_exactProductMargins	NumStability.higham9_5_wilkinson_source_bound_of_PermutedPartialPivotGEPPUTrace_exactProductMargins	authored	8489	0	8550	19	8495	8	8495	94	22BD556442E50EAEE56C4F86D777B24FAF05E21ECC3A201A837DABD823487C1D	NumStability.Source.Higham.Chapter09.Section04
route	NumStability.Algorithms.HighamChapter9	NumStability.higham9_5_wilkinson_source_bound_of_PermutedPartialPivotGEPPUTrace_exactProductNumeratorMargins	NumStability.higham9_5_wilkinson_source_bound_of_PermutedPartialPivotGEPPUTrace_exactProductNumeratorMargins	NumStability.higham9_5_wilkinson_source_bound_of_PermutedPartialPivotGEPPUTrace_exactProductNumeratorMargins	NumStability.higham9_5_wilkinson_source_bound_of_PermutedPartialPivotGEPPUTrace_exactProductNumeratorMargins	authored	8552	0	8620	19	8558	8	8558	103	850ED4BC0C9AE019E1445654E3DED61CC91A0DB343E3624FC34EDBBB8EA5653E	NumStability.Source.Higham.Chapter09.Section04
route	NumStability.Algorithms.HighamChapter9	NumStability.higham9_5_wilkinson_source_bound_of_PermutedPartialPivotGEPPUTrace_exactTargetGaps	NumStability.higham9_5_wilkinson_source_bound_of_PermutedPartialPivotGEPPUTrace_exactTargetGaps	NumStability.higham9_5_wilkinson_source_bound_of_PermutedPartialPivotGEPPUTrace_exactTargetGaps	NumStability.higham9_5_wilkinson_source_bound_of_PermutedPartialPivotGEPPUTrace_exactTargetGaps	authored	8622	0	8695	19	8628	8	8628	90	20282C46C481B90701FA6205E4E5AE2854789BA360F1188F31E89568B8D1FB9C	NumStability.Source.Higham.Chapter09.Section04
route	NumStability.Algorithms.HighamChapter9	NumStability.higham9_5_wilkinson_source_bound_of_PermutedPartialPivotGEPPUTrace_literalSourceBudgets	NumStability.higham9_5_wilkinson_source_bound_of_PermutedPartialPivotGEPPUTrace_literalSourceBudgets	NumStability.higham9_5_wilkinson_source_bound_of_PermutedPartialPivotGEPPUTrace_literalSourceBudgets	NumStability.higham9_5_wilkinson_source_bound_of_PermutedPartialPivotGEPPUTrace_literalSourceBudgets	authored	8362	0	8418	19	8369	8	8369	95	DEA3CCE7D629AC1B546E39EC1863B21C4F40E582B3A6D3C3F52B903937E8EEA0	NumStability.Source.Higham.Chapter09.Section04
route	NumStability.Algorithms.HighamChapter9	NumStability.higham9_5_wilkinson_source_bound_of_PermutedPartialPivotGEPPUTrace_rectRoundedLoop	NumStability.higham9_5_wilkinson_source_bound_of_PermutedPartialPivotGEPPUTrace_rectRoundedLoop	NumStability.higham9_5_wilkinson_source_bound_of_PermutedPartialPivotGEPPUTrace_rectRoundedLoop	NumStability.higham9_5_wilkinson_source_bound_of_PermutedPartialPivotGEPPUTrace_rectRoundedLoop	authored	8290	0	8360	45	8298	8	8298	90	9F40A130D3AD91839A6B87E4BC5287272B778E40BB42C5855A783F09220D7C31	NumStability.Source.Higham.Chapter09.Section04
route	NumStability.Algorithms.HighamChapter9	NumStability.higham9_5_wilkinson_source_bound_of_PermutedPartialPivotGEPPUTrace_rectRoundedStageTrace	NumStability.higham9_5_wilkinson_source_bound_of_PermutedPartialPivotGEPPUTrace_rectRoundedStageTrace	NumStability.higham9_5_wilkinson_source_bound_of_PermutedPartialPivotGEPPUTrace_rectRoundedStageTrace	NumStability.higham9_5_wilkinson_source_bound_of_PermutedPartialPivotGEPPUTrace_rectRoundedStageTrace	authored	8245	0	8288	19	8252	8	8252	96	86D487D74F528AE56D2E2B007BDAFA070394EE93BD455FC935CE7E67055AA8F6	NumStability.Source.Higham.Chapter09.Section04
route	NumStability.Algorithms.HighamChapter9	NumStability.higham9_5_wilkinson_source_bound_of_entry_growth	NumStability.higham9_5_wilkinson_source_bound_of_entry_growth	NumStability.higham9_5_wilkinson_source_bound_of_entry_growth	NumStability.higham9_5_wilkinson_source_bound_of_entry_growth	authored	8020	0	8046	79	8026	8	8026	56	FA2C81FD0D37B715C93F0614BF27CFC2795BAA9BC1CDF54EA9E8E5BB8D4333EC	NumStability.Source.Higham.Chapter09.Section04
route	NumStability.Algorithms.HighamChapter9	NumStability.higham9_5_wilkinson_source_bound_of_growth_bridge	NumStability.higham9_5_wilkinson_source_bound_of_growth_bridge	NumStability.higham9_5_wilkinson_source_bound_of_growth_bridge	NumStability.higham9_5_wilkinson_source_bound_of_growth_bridge	authored	7988	0	8018	12	7990	8	7990	57	AEDDE43A72EB5DD25F0877E99770694D89F789F3D07EE51E9196871DF43322B8	NumStability.Source.Higham.Chapter09.Section04
route	NumStability.Algorithms.HighamChapter9	NumStability.higham9_6_absLU_infNorm_le_of_reduced_stage_pair_rows	NumStability.higham9_6_absLU_infNorm_le_of_reduced_stage_pair_rows	NumStability.higham9_6_absLU_infNorm_le_of_reduced_stage_pair_rows	NumStability.higham9_6_absLU_infNorm_le_of_reduced_stage_pair_rows	authored	16801	0	16846	12	16804	8	16804	61	2976D2FF3E521B20A1B3DCFD1FEF893877E512F1460472FFE1798F944071D128	NumStability.Source.Higham.Chapter09.Section04
route	NumStability.Algorithms.HighamChapter9	NumStability.higham9_6_absLU_infNorm_le_source_constant_of_noPivotReducedGrowthFactor	NumStability.higham9_6_absLU_infNorm_le_source_constant_of_noPivotReducedGrowthFactor	NumStability.higham9_6_absLU_infNorm_le_source_constant_of_noPivotReducedGrowthFactor	NumStability.higham9_6_absLU_infNorm_le_source_constant_of_noPivotReducedGrowthFactor	authored	17166	0	17233	24	17170	8	17170	80	98B8FB532623D105874D84DB80B95E6BCB2572607A3E16A8FC40165F69D5E8AD	NumStability.Source.Higham.Chapter09.Section04
route	NumStability.Algorithms.HighamChapter9	NumStability.higham9_6_absLU_infNorm_le_source_constant_of_noPivotReducedGrowthFactor_exists_hAmax	NumStability.higham9_6_absLU_infNorm_le_source_constant_of_noPivotReducedGrowthFactor_exists_hAmax	NumStability.higham9_6_absLU_infNorm_le_source_constant_of_noPivotReducedGrowthFactor_exists_hAmax	NumStability.higham9_6_absLU_infNorm_le_source_constant_of_noPivotReducedGrowthFactor_exists_hAmax	authored	17235	0	17251	27	17237	8	17237	93	EFCEE97BD2C7C9D6592B0556640F3629A05BF3440F33A095E2B8DBEA355A33A3	NumStability.Source.Higham.Chapter09.Section04
route	NumStability.Algorithms.HighamChapter9	NumStability.higham9_6_absLU_infNorm_le_source_constant_of_reduced_entry_growth	NumStability.higham9_6_absLU_infNorm_le_source_constant_of_reduced_entry_growth	NumStability.higham9_6_absLU_infNorm_le_source_constant_of_reduced_entry_growth	NumStability.higham9_6_absLU_infNorm_le_source_constant_of_reduced_entry_growth	authored	16925	0	17018	52	16929	8	16929	74	189CA1358740D55E2EAA1CCDD4488854D515EB015BF8EC6DA2EA6A57D5385A57	NumStability.Source.Higham.Chapter09.Section04
route	NumStability.Algorithms.HighamChapter9	NumStability.higham9_6_absLU_infNorm_le_two_card_mul_of_reduced_stage_row_bounds	NumStability.higham9_6_absLU_infNorm_le_two_card_mul_of_reduced_stage_row_bounds	NumStability.higham9_6_absLU_infNorm_le_two_card_mul_of_reduced_stage_row_bounds	NumStability.higham9_6_absLU_infNorm_le_two_card_mul_of_reduced_stage_row_bounds	authored	16848	0	16893	70	16851	8	16851	75	5562D5F46D0BF7F104F168A0D33892DB8F70783B063CA6F853071ED7B3274D17	NumStability.Source.Higham.Chapter09.Section04
route	NumStability.Algorithms.HighamChapter9	NumStability.higham9_6_rankOne_abs_le_reduced_add_succ	NumStability.higham9_6_rankOne_abs_le_reduced_add_succ	NumStability.higham9_6_rankOne_abs_le_reduced_add_succ	NumStability.higham9_6_rankOne_abs_le_reduced_add_succ	authored	16778	0	16799	61	16781	8	16781	49	34B2878BA638E6608D633D19819CDC93507D916D3919CC49C40C7E4E90767855	NumStability.Source.Higham.Chapter09.Section04
route	NumStability.Algorithms.HighamChapter9	NumStability.higham9_6_reducedEntry_abs_le_maxEntryNorm_of_nonnegative_LU	NumStability.higham9_6_reducedEntry_abs_le_maxEntryNorm_of_nonnegative_LU	NumStability.higham9_6_reducedEntry_abs_le_maxEntryNorm_of_nonnegative_LU	NumStability.higham9_6_reducedEntry_abs_le_maxEntryNorm_of_nonnegative_LU	authored	17068	0	17111	59	17072	8	17072	68	FEA6111D00F36ED3DEFD90C5CB7ACA24E2C410AFBA6E33A1C1F6AB6A0354FE6E	NumStability.Source.Higham.Chapter09.Section04
route	NumStability.Algorithms.HighamChapter9	NumStability.higham9_6_sum_stage_pair_eq_endpoints_add_two_range	NumStability.higham9_6_sum_stage_pair_eq_endpoints_add_two_range	NumStability.higham9_6_sum_stage_pair_eq_endpoints_add_two_range	NumStability.higham9_6_sum_stage_pair_eq_endpoints_add_two_range	authored	16895	0	16923	6	16899	8	16899	59	1AA50C1A1FC219DA0DFC31D57D90A09A01C06C1E39365E4E5EA78597E08A312D	NumStability.Source.Higham.Chapter09.Section04
route	NumStability.Algorithms.HighamChapter9	NumStability.higham9_7_PartialPivotGEPPUTrace	NumStability.higham9_7_PartialPivotGEPPUTrace	NumStability.higham9_7_PartialPivotGEPPUTrace	NumStability.higham9_7_PartialPivotGEPPUTrace	authored	547	0	566	77	552	10	552	42	FAA6B03F9EFDBDA54F2BB9A3BF7F8E9ADC155C793BD0D27A0863ACB8D0307FB4	NumStability.Source.Higham.Chapter09.Section02
route	NumStability.Algorithms.HighamChapter9	NumStability.higham9_7_PartialPivotGEPPUTrace.below	NumStability.higham9_7_PartialPivotGEPPUTrace.below	NumStability.higham9_7_PartialPivotGEPPUTrace	NumStability.higham9_7_PartialPivotGEPPUTrace	compiler_generated	547	0	566	77	552	10	552	42	FAA6B03F9EFDBDA54F2BB9A3BF7F8E9ADC155C793BD0D27A0863ACB8D0307FB4	NumStability.Source.Higham.Chapter09.Section02
route	NumStability.Algorithms.HighamChapter9	NumStability.higham9_7_PartialPivotGEPPUTrace.below.casesOn	NumStability.higham9_7_PartialPivotGEPPUTrace.below.casesOn	NumStability.higham9_7_PartialPivotGEPPUTrace	NumStability.higham9_7_PartialPivotGEPPUTrace	compiler_generated	547	0	566	77	552	10	552	42	FAA6B03F9EFDBDA54F2BB9A3BF7F8E9ADC155C793BD0D27A0863ACB8D0307FB4	NumStability.Source.Higham.Chapter09.Section02
route	NumStability.Algorithms.HighamChapter9	NumStability.higham9_7_PartialPivotGEPPUTrace.below.done	NumStability.higham9_7_PartialPivotGEPPUTrace.below.done	NumStability.higham9_7_PartialPivotGEPPUTrace	NumStability.higham9_7_PartialPivotGEPPUTrace	compiler_generated	547	0	566	77	552	10	552	42	FAA6B03F9EFDBDA54F2BB9A3BF7F8E9ADC155C793BD0D27A0863ACB8D0307FB4	NumStability.Source.Higham.Chapter09.Section02
route	NumStability.Algorithms.HighamChapter9	NumStability.higham9_7_PartialPivotGEPPUTrace.below.rec	NumStability.higham9_7_PartialPivotGEPPUTrace.below.rec	NumStability.higham9_7_PartialPivotGEPPUTrace	NumStability.higham9_7_PartialPivotGEPPUTrace	compiler_generated	547	0	566	77	552	10	552	42	FAA6B03F9EFDBDA54F2BB9A3BF7F8E9ADC155C793BD0D27A0863ACB8D0307FB4	NumStability.Source.Higham.Chapter09.Section02
route	NumStability.Algorithms.HighamChapter9	NumStability.higham9_7_PartialPivotGEPPUTrace.below.step	NumStability.higham9_7_PartialPivotGEPPUTrace.below.step	NumStability.higham9_7_PartialPivotGEPPUTrace	NumStability.higham9_7_PartialPivotGEPPUTrace	compiler_generated	547	0	566	77	552	10	552	42	FAA6B03F9EFDBDA54F2BB9A3BF7F8E9ADC155C793BD0D27A0863ACB8D0307FB4	NumStability.Source.Higham.Chapter09.Section02
route	NumStability.Algorithms.HighamChapter9	NumStability.higham9_7_PartialPivotGEPPUTrace.brecOn	NumStability.higham9_7_PartialPivotGEPPUTrace.brecOn	NumStability.higham9_7_PartialPivotGEPPUTrace	NumStability.higham9_7_PartialPivotGEPPUTrace	compiler_generated	547	0	566	77	552	10	552	42	FAA6B03F9EFDBDA54F2BB9A3BF7F8E9ADC155C793BD0D27A0863ACB8D0307FB4	NumStability.Source.Higham.Chapter09.Section02
route	NumStability.Algorithms.HighamChapter9	NumStability.higham9_7_PartialPivotGEPPUTrace.casesOn	NumStability.higham9_7_PartialPivotGEPPUTrace.casesOn	NumStability.higham9_7_PartialPivotGEPPUTrace	NumStability.higham9_7_PartialPivotGEPPUTrace	compiler_generated	547	0	566	77	552	10	552	42	FAA6B03F9EFDBDA54F2BB9A3BF7F8E9ADC155C793BD0D27A0863ACB8D0307FB4	NumStability.Source.Higham.Chapter09.Section02
route	NumStability.Algorithms.HighamChapter9	NumStability.higham9_7_PartialPivotGEPPUTrace.done	NumStability.higham9_7_PartialPivotGEPPUTrace.done	NumStability.higham9_7_PartialPivotGEPPUTrace	NumStability.higham9_7_PartialPivotGEPPUTrace	compiler_generated	547	0	566	77	552	10	552	42	FAA6B03F9EFDBDA54F2BB9A3BF7F8E9ADC155C793BD0D27A0863ACB8D0307FB4	NumStability.Source.Higham.Chapter09.Section02
route	NumStability.Algorithms.HighamChapter9	NumStability.higham9_7_PartialPivotGEPPUTrace.rec	NumStability.higham9_7_PartialPivotGEPPUTrace.rec	NumStability.higham9_7_PartialPivotGEPPUTrace	NumStability.higham9_7_PartialPivotGEPPUTrace	compiler_generated	547	0	566	77	552	10	552	42	FAA6B03F9EFDBDA54F2BB9A3BF7F8E9ADC155C793BD0D27A0863ACB8D0307FB4	NumStability.Source.Higham.Chapter09.Section02
route	NumStability.Algorithms.HighamChapter9	NumStability.higham9_7_PartialPivotGEPPUTrace.recOn	NumStability.higham9_7_PartialPivotGEPPUTrace.recOn	NumStability.higham9_7_PartialPivotGEPPUTrace	NumStability.higham9_7_PartialPivotGEPPUTrace	compiler_generated	547	0	566	77	552	10	552	42	FAA6B03F9EFDBDA54F2BB9A3BF7F8E9ADC155C793BD0D27A0863ACB8D0307FB4	NumStability.Source.Higham.Chapter09.Section02
route	NumStability.Algorithms.HighamChapter9	NumStability.higham9_7_PartialPivotGEPPUTrace.step	NumStability.higham9_7_PartialPivotGEPPUTrace.step	NumStability.higham9_7_PartialPivotGEPPUTrace	NumStability.higham9_7_PartialPivotGEPPUTrace	compiler_generated	547	0	566	77	552	10	552	42	FAA6B03F9EFDBDA54F2BB9A3BF7F8E9ADC155C793BD0D27A0863ACB8D0307FB4	NumStability.Source.Higham.Chapter09.Section02
route	NumStability.Algorithms.HighamChapter9	NumStability.higham9_7_PartialPivotGEPPUTrace_entry_abs_le_pow_two	NumStability.higham9_7_PartialPivotGEPPUTrace_entry_abs_le_pow_two	NumStability.higham9_7_PartialPivotGEPPUTrace_entry_abs_le_pow_two	NumStability.higham9_7_PartialPivotGEPPUTrace_entry_abs_le_pow_two	authored	596	0	681	57	599	8	599	61	ED019158862079D466F06D28998C0E5653AD95C8B41128F478DDD77723204D25	NumStability.Source.Higham.Chapter09.Section02
route	NumStability.Algorithms.HighamChapter9	NumStability.higham9_7_PartialPivotGEPPUTrace_growthFactorEntry_le_pow_two	NumStability.higham9_7_PartialPivotGEPPUTrace_growthFactorEntry_le_pow_two	NumStability.higham9_7_PartialPivotGEPPUTrace_growthFactorEntry_le_pow_two	NumStability.higham9_7_PartialPivotGEPPUTrace_growthFactorEntry_le_pow_two	authored	683	0	692	71	686	8	686	69	2DF44487B03432186C814DB511883EA2156BFB697AC644481B4D68652658B03F	NumStability.Source.Higham.Chapter09.Section02
route	NumStability.Algorithms.HighamChapter9	NumStability.higham9_7_PartialPivotGEPPUTrace_upper_zero	NumStability.higham9_7_PartialPivotGEPPUTrace_upper_zero	NumStability.higham9_7_PartialPivotGEPPUTrace_upper_zero	NumStability.higham9_7_PartialPivotGEPPUTrace_upper_zero	authored	568	0	594	49	570	8	570	51	5B362F9A287958F83987151A2C708CADB8B7984EAFAB2AFF68BA68C4D6DC870F	NumStability.Source.Higham.Chapter09.Section02
route	NumStability.Algorithms.HighamChapter9	NumStability.higham9_7_PartialPivotNoInterchangeTrace	NumStability.higham9_7_PartialPivotNoInterchangeTrace	NumStability.higham9_7_PartialPivotNoInterchangeTrace	NumStability.higham9_7_PartialPivotNoInterchangeTrace	authored	808	0	822	58	812	10	812	50	F825E1CFEAFA4F4B811C3FB39C83A555E3E11B4555D77DCF45FD0D3A206580C9	NumStability.Source.Higham.Chapter09.Section02
route	NumStability.Algorithms.HighamChapter9	NumStability.higham9_7_PartialPivotNoInterchangeTrace.below	NumStability.higham9_7_PartialPivotNoInterchangeTrace.below	NumStability.higham9_7_PartialPivotNoInterchangeTrace	NumStability.higham9_7_PartialPivotNoInterchangeTrace	compiler_generated	808	0	822	58	812	10	812	50	F825E1CFEAFA4F4B811C3FB39C83A555E3E11B4555D77DCF45FD0D3A206580C9	NumStability.Source.Higham.Chapter09.Section02
route	NumStability.Algorithms.HighamChapter9	NumStability.higham9_7_PartialPivotNoInterchangeTrace.below.casesOn	NumStability.higham9_7_PartialPivotNoInterchangeTrace.below.casesOn	NumStability.higham9_7_PartialPivotNoInterchangeTrace	NumStability.higham9_7_PartialPivotNoInterchangeTrace	compiler_generated	808	0	822	58	812	10	812	50	F825E1CFEAFA4F4B811C3FB39C83A555E3E11B4555D77DCF45FD0D3A206580C9	NumStability.Source.Higham.Chapter09.Section02
route	NumStability.Algorithms.HighamChapter9	NumStability.higham9_7_PartialPivotNoInterchangeTrace.below.done	NumStability.higham9_7_PartialPivotNoInterchangeTrace.below.done	NumStability.higham9_7_PartialPivotNoInterchangeTrace	NumStability.higham9_7_PartialPivotNoInterchangeTrace	compiler_generated	808	0	822	58	812	10	812	50	F825E1CFEAFA4F4B811C3FB39C83A555E3E11B4555D77DCF45FD0D3A206580C9	NumStability.Source.Higham.Chapter09.Section02
route	NumStability.Algorithms.HighamChapter9	NumStability.higham9_7_PartialPivotNoInterchangeTrace.below.rec	NumStability.higham9_7_PartialPivotNoInterchangeTrace.below.rec	NumStability.higham9_7_PartialPivotNoInterchangeTrace	NumStability.higham9_7_PartialPivotNoInterchangeTrace	compiler_generated	808	0	822	58	812	10	812	50	F825E1CFEAFA4F4B811C3FB39C83A555E3E11B4555D77DCF45FD0D3A206580C9	NumStability.Source.Higham.Chapter09.Section02
route	NumStability.Algorithms.HighamChapter9	NumStability.higham9_7_PartialPivotNoInterchangeTrace.below.step	NumStability.higham9_7_PartialPivotNoInterchangeTrace.below.step	NumStability.higham9_7_PartialPivotNoInterchangeTrace	NumStability.higham9_7_PartialPivotNoInterchangeTrace	compiler_generated	808	0	822	58	812	10	812	50	F825E1CFEAFA4F4B811C3FB39C83A555E3E11B4555D77DCF45FD0D3A206580C9	NumStability.Source.Higham.Chapter09.Section02
route	NumStability.Algorithms.HighamChapter9	NumStability.higham9_7_PartialPivotNoInterchangeTrace.brecOn	NumStability.higham9_7_PartialPivotNoInterchangeTrace.brecOn	NumStability.higham9_7_PartialPivotNoInterchangeTrace	NumStability.higham9_7_PartialPivotNoInterchangeTrace	compiler_generated	808	0	822	58	812	10	812	50	F825E1CFEAFA4F4B811C3FB39C83A555E3E11B4555D77DCF45FD0D3A206580C9	NumStability.Source.Higham.Chapter09.Section02
route	NumStability.Algorithms.HighamChapter9	NumStability.higham9_7_PartialPivotNoInterchangeTrace.casesOn	NumStability.higham9_7_PartialPivotNoInterchangeTrace.casesOn	NumStability.higham9_7_PartialPivotNoInterchangeTrace	NumStability.higham9_7_PartialPivotNoInterchangeTrace	compiler_generated	808	0	822	58	812	10	812	50	F825E1CFEAFA4F4B811C3FB39C83A555E3E11B4555D77DCF45FD0D3A206580C9	NumStability.Source.Higham.Chapter09.Section02
route	NumStability.Algorithms.HighamChapter9	NumStability.higham9_7_PartialPivotNoInterchangeTrace.done	NumStability.higham9_7_PartialPivotNoInterchangeTrace.done	NumStability.higham9_7_PartialPivotNoInterchangeTrace	NumStability.higham9_7_PartialPivotNoInterchangeTrace	compiler_generated	808	0	822	58	812	10	812	50	F825E1CFEAFA4F4B811C3FB39C83A555E3E11B4555D77DCF45FD0D3A206580C9	NumStability.Source.Higham.Chapter09.Section02
route	NumStability.Algorithms.HighamChapter9	NumStability.higham9_7_PartialPivotNoInterchangeTrace.rec	NumStability.higham9_7_PartialPivotNoInterchangeTrace.rec	NumStability.higham9_7_PartialPivotNoInterchangeTrace	NumStability.higham9_7_PartialPivotNoInterchangeTrace	compiler_generated	808	0	822	58	812	10	812	50	F825E1CFEAFA4F4B811C3FB39C83A555E3E11B4555D77DCF45FD0D3A206580C9	NumStability.Source.Higham.Chapter09.Section02
route	NumStability.Algorithms.HighamChapter9	NumStability.higham9_7_PartialPivotNoInterchangeTrace.recOn	NumStability.higham9_7_PartialPivotNoInterchangeTrace.recOn	NumStability.higham9_7_PartialPivotNoInterchangeTrace	NumStability.higham9_7_PartialPivotNoInterchangeTrace	compiler_generated	808	0	822	58	812	10	812	50	F825E1CFEAFA4F4B811C3FB39C83A555E3E11B4555D77DCF45FD0D3A206580C9	NumStability.Source.Higham.Chapter09.Section02
route	NumStability.Algorithms.HighamChapter9	NumStability.higham9_7_PartialPivotNoInterchangeTrace.step	NumStability.higham9_7_PartialPivotNoInterchangeTrace.step	NumStability.higham9_7_PartialPivotNoInterchangeTrace	NumStability.higham9_7_PartialPivotNoInterchangeTrace	compiler_generated	808	0	822	58	812	10	812	50	F825E1CFEAFA4F4B811C3FB39C83A555E3E11B4555D77DCF45FD0D3A206580C9	NumStability.Source.Higham.Chapter09.Section02
route	NumStability.Algorithms.HighamChapter9	NumStability.higham9_7_PartialPivotNoInterchangeTrace_det_ne_zero	NumStability.higham9_7_PartialPivotNoInterchangeTrace_det_ne_zero	NumStability.higham9_7_PartialPivotNoInterchangeTrace_det_ne_zero	NumStability.higham9_7_PartialPivotNoInterchangeTrace_det_ne_zero	authored	13660	0	13670	65	13663	8	13663	60	68C3F8A3D95A4297A5013443DF523B96F47D531AEAA6BE019B7C95AFDE89FAE0	NumStability.Source.Higham.Chapter09.Section04
route	NumStability.Algorithms.HighamChapter9	NumStability.higham9_7_PartialPivotNoInterchangeTrace_exists_LUFactSpec	NumStability.higham9_7_PartialPivotNoInterchangeTrace_exists_LUFactSpec	NumStability.higham9_7_PartialPivotNoInterchangeTrace_exists_LUFactSpec	NumStability.higham9_7_PartialPivotNoInterchangeTrace_exists_LUFactSpec	authored	13589	0	13618	66	13593	8	13593	66	738925FD7AFED14CB0CEBD4261D0A235DFAFF364BA0945AC4ED889E004F9C98B	NumStability.Source.Higham.Chapter09.Section04
route	NumStability.Algorithms.HighamChapter9	NumStability.higham9_7_PartialPivotNoInterchangeTrace_exists_LUFactSpec_pivots_ne_zero	NumStability.higham9_7_PartialPivotNoInterchangeTrace_exists_LUFactSpec_pivots_ne_zero	NumStability.higham9_7_PartialPivotNoInterchangeTrace_exists_LUFactSpec_pivots_ne_zero	NumStability.higham9_7_PartialPivotNoInterchangeTrace_exists_LUFactSpec_pivots_ne_zero	authored	13620	0	13658	44	13624	8	13624	81	4CD234FBF68C909A4736065D4E5B018C447A205B545BBF69563F3FB99098C799	NumStability.Source.Higham.Chapter09.Section04
route	NumStability.Algorithms.HighamChapter9	NumStability.higham9_7_PartialPivotNoInterchangeTrace_reindex_time	NumStability.higham9_7_PartialPivotNoInterchangeTrace_reindex_time	NumStability.higham9_7_PartialPivotNoInterchangeTrace_reindex_time	NumStability.higham9_7_PartialPivotNoInterchangeTrace_reindex_time	authored	13724	0	13742	50	13728	8	13728	61	2A7E2966B5355F76CD4D5F9D639361F47A49FA02A0319A134A1CF78D1B577DC5	NumStability.Source.Higham.Chapter09.Section04
route	NumStability.Algorithms.HighamChapter9	NumStability.higham9_7_firstPivotRowSwap	NumStability.higham9_7_firstPivotRowSwap	NumStability.higham9_7_firstPivotRowSwap	NumStability.higham9_7_firstPivotRowSwap	authored	355	0	360	54	358	4	358	31	5A8FCE851B1B7BEC9C2028FD18BA90BCA1C172E8BAA57386D7D27AD1323CFC90	NumStability.Source.Higham.Chapter09.Section02
route	NumStability.Algorithms.HighamChapter9	NumStability.higham9_7_firstPivotRowSwap_det_ne_zero	NumStability.higham9_7_firstPivotRowSwap_det_ne_zero	NumStability.higham9_7_firstPivotRowSwap_det_ne_zero	NumStability.higham9_7_firstPivotRowSwap_det_ne_zero	authored	393	0	419	30	395	8	395	47	23F6D7F531BF1C64CA7AFF2E5F6B51F0B3E37A08A19EAF72B0F7C3C227F1B015	NumStability.Source.Higham.Chapter09.Section02
route	NumStability.Algorithms.HighamChapter9	NumStability.higham9_7_firstPivotRowSwap_involutive	NumStability.higham9_7_firstPivotRowSwap_involutive	NumStability.higham9_7_firstPivotRowSwap_involutive	NumStability.higham9_7_firstPivotRowSwap_involutive	authored	362	0	377	21	364	8	364	46	F0449EBAFF574F0C82488D4A0D6D6945030CA67A3DC384D35D2A3B5A0833D0B7	NumStability.Source.Higham.Chapter09.Section02
route	NumStability.Algorithms.HighamChapter9	NumStability.higham9_7_firstPivotRowSwap_isPermutation	NumStability.higham9_7_firstPivotRowSwap_isPermutation	NumStability.higham9_7_firstPivotRowSwap_isPermutation	NumStability.higham9_7_firstPivotRowSwap_isPermutation	authored	379	0	391	49	381	8	381	49	D3F14DB98E0E018D71756BC3D6D66C73EF6E8100D92D85AA0DFE58443305ACC1	NumStability.Source.Higham.Chapter09.Section02
route	NumStability.Algorithms.HighamChapter9	NumStability.higham9_7_partialPivot_firstSchurComplement_entry_abs_le_two	NumStability.higham9_7_partialPivot_firstSchurComplement_entry_abs_le_two	NumStability.higham9_7_partialPivot_firstSchurComplement_entry_abs_le_two	NumStability.higham9_7_partialPivot_firstSchurComplement_entry_abs_le_two	authored	421	0	469	54	427	8	427	68	BC50F1A8F1DB7122269A3185046140AA6BF6B159E78F8F779755BDAA8C2C242E	NumStability.Source.Higham.Chapter09.Section02
route	NumStability.Algorithms.HighamChapter9	NumStability.higham9_7_partialPivot_firstSchurComplement_maxEntryNorm_le_two	NumStability.higham9_7_partialPivot_firstSchurComplement_maxEntryNorm_le_two	NumStability.higham9_7_partialPivot_firstSchurComplement_maxEntryNorm_le_two	NumStability.higham9_7_partialPivot_firstSchurComplement_maxEntryNorm_le_two	authored	471	0	488	22	474	8	474	71	10290485488283E6B1D1DA817C48B35A71F3E407D80AF412E64D1C7EB1542AC0	NumStability.Source.Higham.Chapter09.Section02
route	NumStability.Algorithms.HighamChapter9	NumStability.higham9_7_partialPivot_growthFactorEntry_le_pow_two_of_stage_bounds	NumStability.higham9_7_partialPivot_growthFactorEntry_le_pow_two_of_stage_bounds	NumStability.higham9_7_partialPivot_growthFactorEntry_le_pow_two_of_stage_bounds	NumStability.higham9_7_partialPivot_growthFactorEntry_le_pow_two_of_stage_bounds	authored	518	0	545	53	524	8	524	75	207DB7B2807EC0CC49CCED1EB5B54883FAE4FE3E1597477B6DBD9BFC2A0B1D25	NumStability.Source.Higham.Chapter09.Section02
route	NumStability.Algorithms.HighamChapter9	NumStability.higham9_7_partialPivot_stageMax_le_pow_two	NumStability.higham9_7_partialPivot_stageMax_le_pow_two	NumStability.higham9_7_partialPivot_stageMax_le_pow_two	NumStability.higham9_7_partialPivot_stageMax_le_pow_two	authored	490	0	516	16	492	8	492	50	BE51F3C895DC2505E9BFC3DFBA26E9118766BE5430011A740882886504F90B6F	NumStability.Source.Higham.Chapter09.Section02
route	NumStability.Algorithms.HighamChapter9	NumStability.higham9_7_wilkinsonGrowthL	NumStability.higham9_7_wilkinsonGrowthL	NumStability.higham9_7_wilkinsonGrowthL	NumStability.higham9_7_wilkinsonGrowthL	authored	704	0	708	73	706	18	706	44	15A6A68351C38CD62833BF0E2B1540D054A8451406ECB81E1AB45EEAB95BB042	NumStability.Source.Higham.Chapter09.Section02
route	NumStability.Algorithms.HighamChapter9	NumStability.higham9_7_wilkinsonGrowthL_two_pow_sum	NumStability.higham9_7_wilkinsonGrowthL_two_pow_sum	NumStability.higham9_7_wilkinsonGrowthL_two_pow_sum	NumStability.higham9_7_wilkinsonGrowthL_two_pow_sum	authored	954	0	994	32	956	8	956	46	A963F233D6F58484A3B11C63C618D59E2D71A10E2F87A074856BC89F25431DB1	NumStability.Source.Higham.Chapter09.Section02
route	NumStability.Algorithms.HighamChapter9	NumStability.higham9_7_wilkinsonGrowthMatrix	NumStability.higham9_7_wilkinsonGrowthMatrix	NumStability.higham9_7_wilkinsonGrowthMatrix	NumStability.higham9_7_wilkinsonGrowthMatrix	authored	694	0	702	10	697	18	697	49	C805427107F7FF235168840AD7D33360BFF0477BDAE2B07704E5EA8678EBF63D	NumStability.Source.Higham.Chapter09.Section02
route	NumStability.Algorithms.HighamChapter9	NumStability.higham9_7_wilkinsonGrowthMatrix_entry_abs_le_one	NumStability.higham9_7_wilkinsonGrowthMatrix_entry_abs_le_one	NumStability.higham9_7_wilkinsonGrowthMatrix_entry_abs_le_one	NumStability.higham9_7_wilkinsonGrowthMatrix_entry_abs_le_one	authored	1196	0	1206	23	1198	8	1198	56	00502E73FD199CBCADDFF1C5F6406454029BCAFF1AFA5A652AAF94160B91E8FD	NumStability.Source.Higham.Chapter09.Section02
route	NumStability.Algorithms.HighamChapter9	NumStability.higham9_7_wilkinsonGrowthMatrix_maxEntryNorm_eq_one	NumStability.higham9_7_wilkinsonGrowthMatrix_maxEntryNorm_eq_one	NumStability.higham9_7_wilkinsonGrowthMatrix_maxEntryNorm_eq_one	NumStability.higham9_7_wilkinsonGrowthMatrix_maxEntryNorm_eq_one	authored	1208	0	1225	28	1209	8	1209	59	FE05B904B3407723A5E759034696463DDDEDBFDF07B2D904C7FDF8E8129B8B4A	NumStability.Source.Higham.Chapter09.Section02
route	NumStability.Algorithms.HighamChapter9	NumStability.higham9_7_wilkinsonGrowthMatrix_maxEntryNorm_pos	NumStability.higham9_7_wilkinsonGrowthMatrix_maxEntryNorm_pos	NumStability.higham9_7_wilkinsonGrowthMatrix_maxEntryNorm_pos	NumStability.higham9_7_wilkinsonGrowthMatrix_maxEntryNorm_pos	authored	1227	0	1231	63	1228	8	1228	56	A8C94C522FA8EF8233C49DF66543A19E5E4B5E5E792F6DFF512228E9DA56469F	NumStability.Source.Higham.Chapter09.Section02
route	NumStability.Algorithms.HighamChapter9	NumStability.higham9_7_wilkinsonGrowthStageMatrix	NumStability.higham9_7_wilkinsonGrowthStageMatrix	NumStability.higham9_7_wilkinsonGrowthStageMatrix	NumStability.higham9_7_wilkinsonGrowthStageMatrix	authored	736	0	745	10	739	18	739	54	D576EEA9079BED844B166D87511F7BD0AA17AEB75FBDE8BDBBC798BCD3AB7955	NumStability.Source.Higham.Chapter09.Section02
route	NumStability.Algorithms.HighamChapter9	NumStability.higham9_7_wilkinsonGrowthStageMatrix_one	NumStability.higham9_7_wilkinsonGrowthStageMatrix_one	NumStability.higham9_7_wilkinsonGrowthStageMatrix_one	NumStability.higham9_7_wilkinsonGrowthStageMatrix_one	authored	747	0	756	16	749	8	749	48	780375F23DD8F38ABB3967B468E6863551B773998404A678FD29D4575516AB27	NumStability.Source.Higham.Chapter09.Section02
route	NumStability.Algorithms.HighamChapter9	NumStability.higham9_7_wilkinsonGrowthStageU	NumStability.higham9_7_wilkinsonGrowthStageU	NumStability.higham9_7_wilkinsonGrowthStageU	NumStability.higham9_7_wilkinsonGrowthStageU	authored	719	0	726	10	721	18	721	49	C0204AF4072AB02FA50D37CC6DED71A21C89365F3A16FD16CF6091571F06D7BC	NumStability.Source.Higham.Chapter09.Section02
route	NumStability.Algorithms.HighamChapter9	NumStability.higham9_7_wilkinsonGrowthStageU_entry_abs_le_scale_pow	NumStability.higham9_7_wilkinsonGrowthStageU_entry_abs_le_scale_pow	NumStability.higham9_7_wilkinsonGrowthStageU_entry_abs_le_scale_pow	NumStability.higham9_7_wilkinsonGrowthStageU_entry_abs_le_scale_pow	authored	1058	0	1084	40	1060	8	1060	62	A149DDC5FDB5F176DCEA37AC52AF1FC72329500048A99EDB8902ED9F2D8BC77D	NumStability.Source.Higham.Chapter09.Section02
route	NumStability.Algorithms.HighamChapter9	NumStability.higham9_7_wilkinsonGrowthStageU_maxEntryNorm_eq_scale_pow	NumStability.higham9_7_wilkinsonGrowthStageU_maxEntryNorm_eq_scale_pow	NumStability.higham9_7_wilkinsonGrowthStageU_maxEntryNorm_eq_scale_pow	NumStability.higham9_7_wilkinsonGrowthStageU_maxEntryNorm_eq_scale_pow	authored	1086	0	1111	28	1088	8	1088	65	5E129919B799E796AF633CCFD1B82CCDAC47A2C3CCB6264C6E75260517D19168	NumStability.Source.Higham.Chapter09.Section02
route	NumStability.Algorithms.HighamChapter9	NumStability.higham9_7_wilkinsonGrowthStageU_one	NumStability.higham9_7_wilkinsonGrowthStageU_one	NumStability.higham9_7_wilkinsonGrowthStageU_one	NumStability.higham9_7_wilkinsonGrowthStageU_one	authored	728	0	734	68	730	8	730	43	FAE2D50DED1661404E4668C2773FB4CCA3278C4A1389BC3241D746D8CF26861E	NumStability.Source.Higham.Chapter09.Section02
route	NumStability.Algorithms.HighamChapter9	NumStability.higham9_7_wilkinsonGrowthStage_entry_abs_le_scale	NumStability.higham9_7_wilkinsonGrowthStage_entry_abs_le_scale	NumStability.higham9_7_wilkinsonGrowthStage_entry_abs_le_scale	NumStability.higham9_7_wilkinsonGrowthStage_entry_abs_le_scale	authored	894	0	911	47	895	8	895	57	D17A7EF9D23901E4F088465F7426878EB1DF1D07F50E954C7ED3DD42346BFA6E	NumStability.Source.Higham.Chapter09.Section02
route	NumStability.Algorithms.HighamChapter9	NumStability.higham9_7_wilkinsonGrowthStage_firstSchurComplement	NumStability.higham9_7_wilkinsonGrowthStage_firstSchurComplement	NumStability.higham9_7_wilkinsonGrowthStage_firstSchurComplement	NumStability.higham9_7_wilkinsonGrowthStage_firstSchurComplement	authored	776	0	796	18	779	8	779	59	A82555DF436CC940EEF61BD3D6A670A4C74D6AAF9CE38DC37C9C28545809E802	NumStability.Source.Higham.Chapter09.Section02
route	NumStability.Algorithms.HighamChapter9	NumStability.higham9_7_wilkinsonGrowthStage_growthFactorEntry_eq_pow	NumStability.higham9_7_wilkinsonGrowthStage_growthFactorEntry_eq_pow	NumStability.higham9_7_wilkinsonGrowthStage_growthFactorEntry_eq_pow	NumStability.higham9_7_wilkinsonGrowthStage_growthFactorEntry_eq_pow	authored	1113	0	1133	34	1116	8	1116	63	A0A78C0C7CCF9FC9FD2D7FCFFC1FAC9B3EA13A50EDFBB323D7A1DCC3107D9428	NumStability.Source.Higham.Chapter09.Section02
route	NumStability.Algorithms.HighamChapter9	NumStability.higham9_7_wilkinsonGrowthStage_lu	NumStability.higham9_7_wilkinsonGrowthStage_lu	NumStability.higham9_7_wilkinsonGrowthStage_lu	NumStability.higham9_7_wilkinsonGrowthStage_lu	authored	996	0	1056	14	1000	8	1000	41	8509DE405C41EF1979E94DAD48BA4FE0ADDF8C443E6A879E4C1310EB3EB9DC91	NumStability.Source.Higham.Chapter09.Section02
route	NumStability.Algorithms.HighamChapter9	NumStability.higham9_7_wilkinsonGrowthStage_maxEntryNorm_eq_pow	NumStability.higham9_7_wilkinsonGrowthStage_maxEntryNorm_eq_pow	NumStability.higham9_7_wilkinsonGrowthStage_maxEntryNorm_eq_pow	NumStability.higham9_7_wilkinsonGrowthStage_maxEntryNorm_eq_pow	authored	941	0	952	23	942	8	942	58	16375AE7F75EBCE658625A69C8C247F949CBAAA4006F66E7873CD8826BF5C0BE	NumStability.Source.Higham.Chapter09.Section02
route	NumStability.Algorithms.HighamChapter9	NumStability.higham9_7_wilkinsonGrowthStage_maxEntryNorm_eq_scale	NumStability.higham9_7_wilkinsonGrowthStage_maxEntryNorm_eq_scale	NumStability.higham9_7_wilkinsonGrowthStage_maxEntryNorm_eq_scale	NumStability.higham9_7_wilkinsonGrowthStage_maxEntryNorm_eq_scale	authored	913	0	939	28	915	8	915	60	63EE5D94EBB358E7D30FE8ED00DD53630B698873550E8EF7757F2D3FD623EE07	NumStability.Source.Higham.Chapter09.Section02
route	NumStability.Algorithms.HighamChapter9	NumStability.higham9_7_wilkinsonGrowthStage_noInterchangeTrace	NumStability.higham9_7_wilkinsonGrowthStage_noInterchangeTrace	NumStability.higham9_7_wilkinsonGrowthStage_noInterchangeTrace	NumStability.higham9_7_wilkinsonGrowthStage_noInterchangeTrace	authored	867	0	884	73	871	8	871	57	F9259CDE825143E24786A833B40A3F1D857A1290BCD06712911BE00A084613C3	NumStability.Source.Higham.Chapter09.Section02
route	NumStability.Algorithms.HighamChapter9	NumStability.higham9_7_wilkinsonGrowthStage_partialPivotChoice_zero	NumStability.higham9_7_wilkinsonGrowthStage_partialPivotChoice_zero	NumStability.higham9_7_wilkinsonGrowthStage_partialPivotChoice_zero	NumStability.higham9_7_wilkinsonGrowthStage_partialPivotChoice_zero	authored	758	0	774	28	762	8	762	62	C2139C2B0E4E12F7B2184084CA2F7082D937763110A7334BDEC4FF8119F95F25	NumStability.Source.Higham.Chapter09.Section02
route	NumStability.Algorithms.HighamChapter9	NumStability.higham9_7_wilkinsonGrowthStage_partialPivotChoice_zero_succ	NumStability.higham9_7_wilkinsonGrowthStage_partialPivotChoice_zero_succ	NumStability.higham9_7_wilkinsonGrowthStage_partialPivotChoice_zero_succ	NumStability.higham9_7_wilkinsonGrowthStage_partialPivotChoice_zero_succ	authored	824	0	839	77	826	8	826	67	D46D2692431DF7D7A1120E69D354D728314C9FB9759FC25D4309B8783E5E763F	NumStability.Source.Higham.Chapter09.Section02
route	NumStability.Algorithms.HighamChapter9	NumStability.higham9_7_wilkinsonGrowthStage_pivot_zero_ne_zero	NumStability.higham9_7_wilkinsonGrowthStage_pivot_zero_ne_zero	NumStability.higham9_7_wilkinsonGrowthStage_pivot_zero_ne_zero	NumStability.higham9_7_wilkinsonGrowthStage_pivot_zero_ne_zero	authored	841	0	850	49	843	8	843	57	4149D548F4E022F7D21FC100D40603E33446F897750E8250458AA835B053968C	NumStability.Source.Higham.Chapter09.Section02
route	NumStability.Algorithms.HighamChapter9	NumStability.higham9_7_wilkinsonGrowthStage_pow_firstSchurComplement	NumStability.higham9_7_wilkinsonGrowthStage_pow_firstSchurComplement	NumStability.higham9_7_wilkinsonGrowthStage_pow_firstSchurComplement	NumStability.higham9_7_wilkinsonGrowthStage_pow_firstSchurComplement	authored	798	0	806	9	800	8	800	63	BE84E8341FDEB2A60E2EEBFF3E0A11D04CEC0E92822A3434E97E5831A9ED2C61	NumStability.Source.Higham.Chapter09.Section02
route	NumStability.Algorithms.HighamChapter9	NumStability.higham9_7_wilkinsonGrowthStage_pow_firstSchurComplement_succ	NumStability.higham9_7_wilkinsonGrowthStage_pow_firstSchurComplement_succ	NumStability.higham9_7_wilkinsonGrowthStage_pow_firstSchurComplement_succ	NumStability.higham9_7_wilkinsonGrowthStage_pow_firstSchurComplement_succ	authored	852	0	865	81	854	8	854	68	336D6C6B198B96E969D6CAE26C886F6A9BD352A690F2205D9219022150A04E99	NumStability.Source.Higham.Chapter09.Section02
route	NumStability.Algorithms.HighamChapter9	NumStability.higham9_7_wilkinsonGrowthU	NumStability.higham9_7_wilkinsonGrowthU	NumStability.higham9_7_wilkinsonGrowthU	NumStability.higham9_7_wilkinsonGrowthU	authored	710	0	717	10	712	18	712	44	F5428B85C697F956E0D73601ED1889EA087E70980887721103832F7622F4CAF2	NumStability.Source.Higham.Chapter09.Section02
route	NumStability.Algorithms.HighamChapter9	NumStability.higham9_7_wilkinsonGrowthU_entry_abs_le_pow	NumStability.higham9_7_wilkinsonGrowthU_entry_abs_le_pow	NumStability.higham9_7_wilkinsonGrowthU_entry_abs_le_pow	NumStability.higham9_7_wilkinsonGrowthU_entry_abs_le_pow	authored	1233	0	1251	25	1235	8	1235	51	B14BEE3B03E96F6010E1A12389988F01F17A8B7C553590697CBE4E2B5FAB2074	NumStability.Source.Higham.Chapter09.Section02
route	NumStability.Algorithms.HighamChapter9	NumStability.higham9_7_wilkinsonGrowthU_maxEntryNorm_eq_pow	NumStability.higham9_7_wilkinsonGrowthU_maxEntryNorm_eq_pow	NumStability.higham9_7_wilkinsonGrowthU_maxEntryNorm_eq_pow	NumStability.higham9_7_wilkinsonGrowthU_maxEntryNorm_eq_pow	authored	1253	0	1273	28	1255	8	1255	54	DBD7144B1F4D257EA5BE47E225BC3A032FE35FD11F5DEC80962CA06734700B17	NumStability.Source.Higham.Chapter09.Section02
route	NumStability.Algorithms.HighamChapter9	NumStability.higham9_7_wilkinsonGrowth_attains_partialPivoting_bound	NumStability.higham9_7_wilkinsonGrowth_attains_partialPivoting_bound	NumStability.higham9_7_wilkinsonGrowth_attains_partialPivoting_bound	NumStability.higham9_7_wilkinsonGrowth_attains_partialPivoting_bound	authored	1288	0	1304	63	1291	8	1291	63	C275F65CDE4D9BE2129BE9578A424DE09E4BF961D5790007652068A877C0C239	NumStability.Source.Higham.Chapter09.Section02
route	NumStability.Algorithms.HighamChapter9	NumStability.higham9_7_wilkinsonGrowth_growthFactorEntry_eq_pow	NumStability.higham9_7_wilkinsonGrowth_growthFactorEntry_eq_pow	NumStability.higham9_7_wilkinsonGrowth_growthFactorEntry_eq_pow	NumStability.higham9_7_wilkinsonGrowth_growthFactorEntry_eq_pow	authored	1275	0	1286	6	1277	8	1277	58	1F3F02B666CC53C059E0A6BFA8305062F6AC0AC5E6449B82458D4CD50B0A7896	NumStability.Source.Higham.Chapter09.Section02
route	NumStability.Algorithms.HighamChapter9	NumStability.higham9_7_wilkinsonGrowth_lu	NumStability.higham9_7_wilkinsonGrowth_lu	NumStability.higham9_7_wilkinsonGrowth_lu	NumStability.higham9_7_wilkinsonGrowth_lu	authored	1135	0	1194	79	1140	8	1140	36	1E7ABE5926EF278CE2D34C3DAED18EE3DDD4946319D2358A33E00ADC149226BC	NumStability.Source.Higham.Chapter09.Section02
route	NumStability.Algorithms.HighamChapter9	NumStability.higham9_7_wilkinsonGrowth_noInterchangeTrace	NumStability.higham9_7_wilkinsonGrowth_noInterchangeTrace	NumStability.higham9_7_wilkinsonGrowth_noInterchangeTrace	NumStability.higham9_7_wilkinsonGrowth_noInterchangeTrace	authored	886	0	892	57	888	8	888	52	DA47F59385B9EC1622A0EEE9EDB246C5A1A55C0C00666EAD83D6305E25FA2D21	NumStability.Source.Higham.Chapter09.Section02
route	NumStability.Algorithms.HighamChapter9	NumStability.higham9_8_ComplexCompletePermutedLUFactSpec	NumStability.higham9_8_ComplexCompletePermutedLUFactSpec	NumStability.higham9_8_ComplexCompletePermutedLUFactSpec	NumStability.higham9_8_ComplexCompletePermutedLUFactSpec	authored	10714	0	10725	59	10716	10	10716	53	4011DCE759A37EE515F01F7C2D6F8C17E758EF600057ADF661B5EB342E3068CD	NumStability.Source.Higham.Chapter09.Section04
route	NumStability.Algorithms.HighamChapter9	NumStability.higham9_8_ComplexCompletePermutedLUFactSpec.L_diag	NumStability.higham9_8_ComplexCompletePermutedLUFactSpec.L_diag	NumStability.higham9_8_ComplexCompletePermutedLUFactSpec	NumStability.higham9_8_ComplexCompletePermutedLUFactSpec	compiler_generated	10714	0	10725	59	10716	10	10716	53	4011DCE759A37EE515F01F7C2D6F8C17E758EF600057ADF661B5EB342E3068CD	NumStability.Source.Higham.Chapter09.Section04
route	NumStability.Algorithms.HighamChapter9	NumStability.higham9_8_ComplexCompletePermutedLUFactSpec.L_upper_zero	NumStability.higham9_8_ComplexCompletePermutedLUFactSpec.L_upper_zero	NumStability.higham9_8_ComplexCompletePermutedLUFactSpec	NumStability.higham9_8_ComplexCompletePermutedLUFactSpec	compiler_generated	10714	0	10725	59	10716	10	10716	53	4011DCE759A37EE515F01F7C2D6F8C17E758EF600057ADF661B5EB342E3068CD	NumStability.Source.Higham.Chapter09.Section04
route	NumStability.Algorithms.HighamChapter9	NumStability.higham9_8_ComplexCompletePermutedLUFactSpec.U_lower_zero	NumStability.higham9_8_ComplexCompletePermutedLUFactSpec.U_lower_zero	NumStability.higham9_8_ComplexCompletePermutedLUFactSpec	NumStability.higham9_8_ComplexCompletePermutedLUFactSpec	compiler_generated	10714	0	10725	59	10716	10	10716	53	4011DCE759A37EE515F01F7C2D6F8C17E758EF600057ADF661B5EB342E3068CD	NumStability.Source.Higham.Chapter09.Section04
route	NumStability.Algorithms.HighamChapter9	NumStability.higham9_8_ComplexCompletePermutedLUFactSpec.casesOn	NumStability.higham9_8_ComplexCompletePermutedLUFactSpec.casesOn	NumStability.higham9_8_ComplexCompletePermutedLUFactSpec	NumStability.higham9_8_ComplexCompletePermutedLUFactSpec	compiler_generated	10714	0	10725	59	10716	10	10716	53	4011DCE759A37EE515F01F7C2D6F8C17E758EF600057ADF661B5EB342E3068CD	NumStability.Source.Higham.Chapter09.Section04
route	NumStability.Algorithms.HighamChapter9	NumStability.higham9_8_ComplexCompletePermutedLUFactSpec.col_perm	NumStability.higham9_8_ComplexCompletePermutedLUFactSpec.col_perm	NumStability.higham9_8_ComplexCompletePermutedLUFactSpec	NumStability.higham9_8_ComplexCompletePermutedLUFactSpec	compiler_generated	10714	0	10725	59	10716	10	10716	53	4011DCE759A37EE515F01F7C2D6F8C17E758EF600057ADF661B5EB342E3068CD	NumStability.Source.Higham.Chapter09.Section04
route	NumStability.Algorithms.HighamChapter9	NumStability.higham9_8_ComplexCompletePermutedLUFactSpec.mk	NumStability.higham9_8_ComplexCompletePermutedLUFactSpec.mk	NumStability.higham9_8_ComplexCompletePermutedLUFactSpec	NumStability.higham9_8_ComplexCompletePermutedLUFactSpec	compiler_generated	10714	0	10725	59	10716	10	10716	53	4011DCE759A37EE515F01F7C2D6F8C17E758EF600057ADF661B5EB342E3068CD	NumStability.Source.Higham.Chapter09.Section04
route	NumStability.Algorithms.HighamChapter9	NumStability.higham9_8_ComplexCompletePermutedLUFactSpec.product_eq	NumStability.higham9_8_ComplexCompletePermutedLUFactSpec.product_eq	NumStability.higham9_8_ComplexCompletePermutedLUFactSpec	NumStability.higham9_8_ComplexCompletePermutedLUFactSpec	compiler_generated	10714	0	10725	59	10716	10	10716	53	4011DCE759A37EE515F01F7C2D6F8C17E758EF600057ADF661B5EB342E3068CD	NumStability.Source.Higham.Chapter09.Section04
route	NumStability.Algorithms.HighamChapter9	NumStability.higham9_8_ComplexCompletePermutedLUFactSpec.rec	NumStability.higham9_8_ComplexCompletePermutedLUFactSpec.rec	NumStability.higham9_8_ComplexCompletePermutedLUFactSpec	NumStability.higham9_8_ComplexCompletePermutedLUFactSpec	compiler_generated	10714	0	10725	59	10716	10	10716	53	4011DCE759A37EE515F01F7C2D6F8C17E758EF600057ADF661B5EB342E3068CD	NumStability.Source.Higham.Chapter09.Section04
route	NumStability.Algorithms.HighamChapter9	NumStability.higham9_8_ComplexCompletePermutedLUFactSpec.recOn	NumStability.higham9_8_ComplexCompletePermutedLUFactSpec.recOn	NumStability.higham9_8_ComplexCompletePermutedLUFactSpec	NumStability.higham9_8_ComplexCompletePermutedLUFactSpec	compiler_generated	10714	0	10725	59	10716	10	10716	53	4011DCE759A37EE515F01F7C2D6F8C17E758EF600057ADF661B5EB342E3068CD	NumStability.Source.Higham.Chapter09.Section04
route	NumStability.Algorithms.HighamChapter9	NumStability.higham9_8_ComplexCompletePermutedLUFactSpec.row_perm	NumStability.higham9_8_ComplexCompletePermutedLUFactSpec.row_perm	NumStability.higham9_8_ComplexCompletePermutedLUFactSpec	NumStability.higham9_8_ComplexCompletePermutedLUFactSpec	compiler_generated	10714	0	10725	59	10716	10	10716	53	4011DCE759A37EE515F01F7C2D6F8C17E758EF600057ADF661B5EB342E3068CD	NumStability.Source.Higham.Chapter09.Section04
route	NumStability.Algorithms.HighamChapter9	NumStability.higham9_8_ComplexIsLeftInverse	NumStability.higham9_8_ComplexIsLeftInverse	NumStability.higham9_8_ComplexIsLeftInverse	NumStability.higham9_8_ComplexIsLeftInverse	authored	10686	0	10690	72	10688	4	10688	34	E93D348C596D7A5FA5F8B7649B737AAE9D2883B85C0730F67D5F473885B4F96C	NumStability.Source.Higham.Chapter09.Section04
route	NumStability.Algorithms.HighamChapter9	NumStability.higham9_8_ComplexIsRightInverse	NumStability.higham9_8_ComplexIsRightInverse	NumStability.higham9_8_ComplexIsRightInverse	NumStability.higham9_8_ComplexIsRightInverse	authored	10680	0	10684	72	10682	4	10682	35	70E29B7FF6BCFFF0AAA1E83FCED31D4C3DBC3E70BC1A8CE2C1F8F77E5469D03A	NumStability.Source.Higham.Chapter09.Section04
route	NumStability.Algorithms.HighamChapter9	NumStability.higham9_8_ComplexLUFactSpec	NumStability.higham9_8_ComplexLUFactSpec	NumStability.higham9_8_ComplexLUFactSpec	NumStability.higham9_8_ComplexLUFactSpec	authored	10704	0	10712	64	10707	10	10707	37	4548B709ADED580D605CA1FB0E7D68F74A76420526515A83378C48B2FB7A228A	NumStability.Source.Higham.Chapter09.Section04
route	NumStability.Algorithms.HighamChapter9	NumStability.higham9_8_ComplexLUFactSpec.L_diag	NumStability.higham9_8_ComplexLUFactSpec.L_diag	NumStability.higham9_8_ComplexLUFactSpec	NumStability.higham9_8_ComplexLUFactSpec	compiler_generated	10704	0	10712	64	10707	10	10707	37	4548B709ADED580D605CA1FB0E7D68F74A76420526515A83378C48B2FB7A228A	NumStability.Source.Higham.Chapter09.Section04
route	NumStability.Algorithms.HighamChapter9	NumStability.higham9_8_ComplexLUFactSpec.L_upper_zero	NumStability.higham9_8_ComplexLUFactSpec.L_upper_zero	NumStability.higham9_8_ComplexLUFactSpec	NumStability.higham9_8_ComplexLUFactSpec	compiler_generated	10704	0	10712	64	10707	10	10707	37	4548B709ADED580D605CA1FB0E7D68F74A76420526515A83378C48B2FB7A228A	NumStability.Source.Higham.Chapter09.Section04
route	NumStability.Algorithms.HighamChapter9	NumStability.higham9_8_ComplexLUFactSpec.U_lower_zero	NumStability.higham9_8_ComplexLUFactSpec.U_lower_zero	NumStability.higham9_8_ComplexLUFactSpec	NumStability.higham9_8_ComplexLUFactSpec	compiler_generated	10704	0	10712	64	10707	10	10707	37	4548B709ADED580D605CA1FB0E7D68F74A76420526515A83378C48B2FB7A228A	NumStability.Source.Higham.Chapter09.Section04
route	NumStability.Algorithms.HighamChapter9	NumStability.higham9_8_ComplexLUFactSpec.casesOn	NumStability.higham9_8_ComplexLUFactSpec.casesOn	NumStability.higham9_8_ComplexLUFactSpec	NumStability.higham9_8_ComplexLUFactSpec	compiler_generated	10704	0	10712	64	10707	10	10707	37	4548B709ADED580D605CA1FB0E7D68F74A76420526515A83378C48B2FB7A228A	NumStability.Source.Higham.Chapter09.Section04
route	NumStability.Algorithms.HighamChapter9	NumStability.higham9_8_ComplexLUFactSpec.mk	NumStability.higham9_8_ComplexLUFactSpec.mk	NumStability.higham9_8_ComplexLUFactSpec	NumStability.higham9_8_ComplexLUFactSpec	compiler_generated	10704	0	10712	64	10707	10	10707	37	4548B709ADED580D605CA1FB0E7D68F74A76420526515A83378C48B2FB7A228A	NumStability.Source.Higham.Chapter09.Section04
route	NumStability.Algorithms.HighamChapter9	NumStability.higham9_8_ComplexLUFactSpec.product_eq	NumStability.higham9_8_ComplexLUFactSpec.product_eq	NumStability.higham9_8_ComplexLUFactSpec	NumStability.higham9_8_ComplexLUFactSpec	compiler_generated	10704	0	10712	64	10707	10	10707	37	4548B709ADED580D605CA1FB0E7D68F74A76420526515A83378C48B2FB7A228A	NumStability.Source.Higham.Chapter09.Section04
route	NumStability.Algorithms.HighamChapter9	NumStability.higham9_8_ComplexLUFactSpec.rec	NumStability.higham9_8_ComplexLUFactSpec.rec	NumStability.higham9_8_ComplexLUFactSpec	NumStability.higham9_8_ComplexLUFactSpec	compiler_generated	10704	0	10712	64	10707	10	10707	37	4548B709ADED580D605CA1FB0E7D68F74A76420526515A83378C48B2FB7A228A	NumStability.Source.Higham.Chapter09.Section04
route	NumStability.Algorithms.HighamChapter9	NumStability.higham9_8_ComplexLUFactSpec.recOn	NumStability.higham9_8_ComplexLUFactSpec.recOn	NumStability.higham9_8_ComplexLUFactSpec	NumStability.higham9_8_ComplexLUFactSpec	compiler_generated	10704	0	10712	64	10707	10	10707	37	4548B709ADED580D605CA1FB0E7D68F74A76420526515A83378C48B2FB7A228A	NumStability.Source.Higham.Chapter09.Section04
route	NumStability.Algorithms.HighamChapter9	NumStability.higham9_8_completePivot_firstSchurComplement_maxEntryNorm_le_two	NumStability.higham9_8_completePivot_firstSchurComplement_maxEntryNorm_le_two	NumStability.higham9_8_completePivot_firstSchurComplement_maxEntryNorm_le_two	NumStability.higham9_8_completePivot_firstSchurComplement_maxEntryNorm_le_two	authored	2174	0	2208	60	2176	8	2176	72	A4B94CC9C91C234B69885D8C0C5744FC5B9D5CC56A928A4B4F61DAA902BA9D4C	NumStability.Source.Higham.Chapter09.Section02
route	NumStability.Algorithms.HighamChapter9	NumStability.higham9_8_complexCompletePermutedLUFactSpec_to_LUFactSpec	NumStability.higham9_8_complexCompletePermutedLUFactSpec_to_LUFactSpec	NumStability.higham9_8_complexCompletePermutedLUFactSpec_to_LUFactSpec	NumStability.higham9_8_complexCompletePermutedLUFactSpec_to_LUFactSpec	authored	11133	0	11143	30	11135	8	11135	65	418935D5D035291E6942E5E8EB3460587F1EDA3DCF46B125D1E2B4CBEAF100F3	NumStability.Source.Higham.Chapter09.Section04
route	NumStability.Algorithms.HighamChapter9	NumStability.higham9_8_complexCompletePivotChoice	NumStability.higham9_8_complexCompletePivotChoice	NumStability.higham9_8_complexCompletePivotChoice	NumStability.higham9_8_complexCompletePivotChoice	authored	10727	0	10734	33	10730	4	10730	40	ABCE8E1C3FB2A1C3E87D06B800DE74451F208795F26292C9733421EEA31FFE87	NumStability.Source.Higham.Chapter09.Section04
route	NumStability.Algorithms.HighamChapter9	NumStability.higham9_8_complexCompletePivotChoice_pivot_ne_zero_of_exists	NumStability.higham9_8_complexCompletePivotChoice_pivot_ne_zero_of_exists	NumStability.higham9_8_complexCompletePivotChoice_pivot_ne_zero_of_exists	NumStability.higham9_8_complexCompletePivotChoice_pivot_ne_zero_of_exists	authored	10757	0	10771	35	10759	8	10759	68	8E41D6FEC800160C7BECBB994B1318CAA931D7C6D43B4CDAA0505D7F0EEFBD2E	NumStability.Source.Higham.Chapter09.Section04
route	NumStability.Algorithms.HighamChapter9	NumStability.higham9_8_complexFiniteTranspose	NumStability.higham9_8_complexFiniteTranspose	NumStability.higham9_8_complexFiniteTranspose	NumStability.higham9_8_complexFiniteTranspose	authored	10699	0	10702	18	10700	4	10700	36	F0EBC58C4A005F2D45B4CD41CF99F037D6661386FCD58D8C55B6B49DAD44B745	NumStability.Source.Higham.Chapter09.Section04
route	NumStability.Algorithms.HighamChapter9	NumStability.higham9_8_complexFirstSchurComplement	NumStability.higham9_8_complexFirstSchurComplement	NumStability.higham9_8_complexFirstSchurComplement	NumStability.higham9_8_complexFirstSchurComplement	authored	10810	0	10814	62	10811	18	10811	55	C8D4947E06DA2DEEB9155BCBF6CBDB5BFF66D2B5350EAE63E5961F6408C20680	NumStability.Source.Higham.Chapter09.Section04
route	NumStability.Algorithms.HighamChapter9	NumStability.higham9_8_complexFirstSchurComplement_det_ne_zero	NumStability.higham9_8_complexFirstSchurComplement_det_ne_zero	NumStability.higham9_8_complexFirstSchurComplement_det_ne_zero	NumStability.higham9_8_complexFirstSchurComplement_det_ne_zero	authored	11012	0	11131	33	11014	8	11014	57	84C01B4B5F8C21E19018B0CA3F5B51B407CEE18760D9AAE33D261352E0D1B9CC	NumStability.Source.Higham.Chapter09.Section04
route	NumStability.Algorithms.HighamChapter9	NumStability.higham9_8_complexGrowthFactorEntry_ge_inverse_entry_theta	NumStability.higham9_8_complexGrowthFactorEntry_ge_inverse_entry_theta	NumStability.higham9_8_complexGrowthFactorEntry_ge_inverse_entry_theta	NumStability.higham9_8_complexGrowthFactorEntry_ge_inverse_entry_theta	authored	10591	0	10643	57	10598	8	10598	65	9E1D5B7A5705A9CD60D3DF320AFD4A0C28D80373D35D67AF80117F8085127190	NumStability.Source.Higham.Chapter09.Section04
route	NumStability.Algorithms.HighamChapter9	NumStability.higham9_8_complexLUFactSpec_of_firstSchurComplement_explicit	NumStability.higham9_8_complexLUFactSpec_of_firstSchurComplement_explicit	NumStability.higham9_8_complexLUFactSpec_of_firstSchurComplement_explicit	NumStability.higham9_8_complexLUFactSpec_of_firstSchurComplement_explicit	authored	10835	0	10962	10	10836	8	10836	68	DD87B3923961E92D6946CFD26B4A9B8E9C9D0604B2C30D8836A527EA92584E04	NumStability.Source.Higham.Chapter09.Section04
route	NumStability.Algorithms.HighamChapter9	NumStability.higham9_8_complexLUFirstStepL	NumStability.higham9_8_complexLUFirstStepL	NumStability.higham9_8_complexLUFirstStepL	NumStability.higham9_8_complexLUFirstStepL	authored	10816	0	10824	70	10817	18	10817	47	A61CC8B6DAA10C7115AC4D97BF817EDBF585ADC0BAF7A1487C45D086798F7CBD	NumStability.Source.Higham.Chapter09.Section04
route	NumStability.Algorithms.HighamChapter9	NumStability.higham9_8_complexLUFirstStepU	NumStability.higham9_8_complexLUFirstStepU	NumStability.higham9_8_complexLUFirstStepU	NumStability.higham9_8_complexLUFirstStepU	authored	10826	0	10833	58	10827	18	10827	47	B1B696448A757E3DA2C3B1256B7F757943D331B229513FA2D3E070B7B79D8997	NumStability.Source.Higham.Chapter09.Section04
route	NumStability.Algorithms.HighamChapter9	NumStability.higham9_8_complex_exists_entry_ne_zero_of_det_ne_zero	NumStability.higham9_8_complex_exists_entry_ne_zero_of_det_ne_zero	NumStability.higham9_8_complex_exists_entry_ne_zero_of_det_ne_zero	NumStability.higham9_8_complex_exists_entry_ne_zero_of_det_ne_zero	authored	10773	0	10792	22	10775	8	10775	61	FAB1C498EFA6C483D29EC67E06006EDAB745C3F96DDDA9F2925DCD57C34D8AB1	NumStability.Source.Higham.Chapter09.Section04
route	NumStability.Algorithms.HighamChapter9	NumStability.higham9_8_complex_finalPivot_mul_inverse_entry_eq_one	NumStability.higham9_8_complex_finalPivot_mul_inverse_entry_eq_one	NumStability.higham9_8_complex_finalPivot_mul_inverse_entry_eq_one	NumStability.higham9_8_complex_finalPivot_mul_inverse_entry_eq_one	authored	11274	0	11368	20	11275	8	11275	61	F3D775DA7F8C032B0A01B431824B5F67D981B2C3C89D3D393B24A0D3B79C051E	NumStability.Source.Higham.Chapter09.Section04
route	NumStability.Algorithms.HighamChapter9	NumStability.higham9_8_complex_finalPivot_mul_inverse_entry_eq_one_of_completePermutedLUFactSpec	NumStability.higham9_8_complex_finalPivot_mul_inverse_entry_eq_one_of_completePermutedLUFactSpec	NumStability.higham9_8_complex_finalPivot_mul_inverse_entry_eq_one_of_completePermutedLUFactSpec	NumStability.higham9_8_complex_finalPivot_mul_inverse_entry_eq_one_of_completePermutedLUFactSpec	authored	11370	0	11391	82	11372	8	11372	91	3DFC3BB737EA5CEFBF4D6007D6CB44F66097C37A4AD0C2BCC0128E29C04E3C28	NumStability.Source.Higham.Chapter09.Section04
route	NumStability.Algorithms.HighamChapter9	NumStability.higham9_8_complex_firstPivotRowColSwap_det_ne_zero	NumStability.higham9_8_complex_firstPivotRowColSwap_det_ne_zero	NumStability.higham9_8_complex_firstPivotRowColSwap_det_ne_zero	NumStability.higham9_8_complex_firstPivotRowColSwap_det_ne_zero	authored	10964	0	11010	36	10966	8	10966	58	137AD9C44916F5CBEE8A58D4C05A81AB438A8BAF1255505F5F3A60A25C80B373	NumStability.Source.Higham.Chapter09.Section04
route	NumStability.Algorithms.HighamChapter9	NumStability.higham9_8_complex_inv_diag_entry	NumStability.higham9_8_complex_inv_diag_entry	NumStability.higham9_8_complex_inv_diag_entry	NumStability.higham9_8_complex_inv_diag_entry	authored	11244	0	11272	45	11245	8	11245	40	6C97F1F166D4099ECE1EF1669E09F41D512D0CD72E492F99C8EA01B65CC42EDA	NumStability.Source.Higham.Chapter09.Section04
route	NumStability.Algorithms.HighamChapter9	NumStability.higham9_8_complex_inv_upper_tri	NumStability.higham9_8_complex_inv_upper_tri	NumStability.higham9_8_complex_inv_upper_tri	NumStability.higham9_8_complex_inv_upper_tri	authored	11202	0	11242	78	11204	8	11204	39	BF3B69F30CDE7DF157736D58966E9A2B9B269141A50F6719A13665A2C12FFD76	NumStability.Source.Higham.Chapter09.Section04
route	NumStability.Algorithms.HighamChapter9	NumStability.higham9_8_complex_isLeftInverse_finiteTranspose_of_isRightInverse	NumStability.higham9_8_complex_isLeftInverse_finiteTranspose_of_isRightInverse	NumStability.higham9_8_complex_isLeftInverse_finiteTranspose_of_isRightInverse	NumStability.higham9_8_complex_isLeftInverse_finiteTranspose_of_isRightInverse	authored	11178	0	11200	23	11179	8	11179	73	2147E04DDC59C8E646E6AF2DD4CC0AF9BF3EF897C6E85759439937DC0752A4DF	NumStability.Source.Higham.Chapter09.Section04
route	NumStability.Algorithms.HighamChapter9	NumStability.higham9_8_exists_complexCompletePivotChoice	NumStability.higham9_8_exists_complexCompletePivotChoice	NumStability.higham9_8_exists_complexCompletePivotChoice	NumStability.higham9_8_exists_complexCompletePivotChoice	authored	10736	0	10755	64	10737	8	10737	51	06ED8DF0E34A6EE2B40D30C790600849B122D02F8AE45804BACF8FA51686BDF2	NumStability.Source.Higham.Chapter09.Section04
route	NumStability.Algorithms.HighamChapter9	NumStability.higham9_8_exists_first_complexCompletePivotChoice_pivot_ne_zero_of_det_ne_zero	NumStability.higham9_8_exists_first_complexCompletePivotChoice_pivot_ne_zero_of_det_ne_zero	NumStability.higham9_8_exists_first_complexCompletePivotChoice_pivot_ne_zero_of_det_ne_zero	NumStability.higham9_8_exists_first_complexCompletePivotChoice_pivot_ne_zero_of_det_ne_zero	authored	10794	0	10808	56	10795	8	10795	86	735A53F257AA53087CA4B0BE0B277BD7FEFB6AC12710B20C3390CE6F811746CC	NumStability.Source.Higham.Chapter09.Section04
route	NumStability.Algorithms.HighamChapter9	NumStability.higham9_8_finalPivot_inverse_entry_abs_inv_le_maxEntryNorm	NumStability.higham9_8_finalPivot_inverse_entry_abs_inv_le_maxEntryNorm	NumStability.higham9_8_finalPivot_inverse_entry_abs_inv_le_maxEntryNorm	NumStability.higham9_8_finalPivot_inverse_entry_abs_inv_le_maxEntryNorm	authored	8850	0	8882	62	8856	8	8856	66	7EB96FE61078F8882838E17125DBEF7C0D5AEE43C2E8D9BDD07B6609915D5A4E	NumStability.Source.Higham.Chapter09.Section04
route	NumStability.Algorithms.HighamChapter9	NumStability.higham9_8_finalPivot_inverse_entry_abs_inv_le_maxEntryNorm_of_completePermutedLUFactSpec	NumStability.higham9_8_finalPivot_inverse_entry_abs_inv_le_maxEntryNorm_of_completePermutedLUFactSpec	NumStability.higham9_8_finalPivot_inverse_entry_abs_inv_le_maxEntryNorm_of_completePermutedLUFactSpec	NumStability.higham9_8_finalPivot_inverse_entry_abs_inv_le_maxEntryNorm_of_completePermutedLUFactSpec	authored	8949	0	8980	76	8951	8	8951	96	B3108911227A9450B40195B468E19C52F69CB0197EEA84FDBEF4B91B39EDA73C	NumStability.Source.Higham.Chapter09.Section04
route	NumStability.Algorithms.HighamChapter9	NumStability.higham9_8_finalPivot_mul_inverse_entry_eq_one	NumStability.higham9_8_finalPivot_mul_inverse_entry_eq_one	NumStability.higham9_8_finalPivot_mul_inverse_entry_eq_one	NumStability.higham9_8_finalPivot_mul_inverse_entry_eq_one	authored	8771	0	8848	20	8779	8	8779	53	7A94A93C65099C8E2A4A77350BD63BB33293121B3001295DA29B7E6B850B8A2D	NumStability.Source.Higham.Chapter09.Section04
route	NumStability.Algorithms.HighamChapter9	NumStability.higham9_8_finalPivot_mul_inverse_entry_eq_one_of_completePermutedLUFactSpec	NumStability.higham9_8_finalPivot_mul_inverse_entry_eq_one_of_completePermutedLUFactSpec	NumStability.higham9_8_finalPivot_mul_inverse_entry_eq_one_of_completePermutedLUFactSpec	NumStability.higham9_8_finalPivot_mul_inverse_entry_eq_one_of_completePermutedLUFactSpec	authored	8923	0	8947	74	8929	8	8929	83	E4911470403FCE9E8FD8727775D0DA0767FBF4154C8B8590CD28F0327F3A9AE8	NumStability.Source.Higham.Chapter09.Section04
route	NumStability.Algorithms.HighamChapter9	NumStability.higham9_8_growth_factor_ge_theta_of_completePermutedLUFactSpec_right_inverse	NumStability.higham9_8_growth_factor_ge_theta_of_completePermutedLUFactSpec_right_inverse	NumStability.higham9_8_growth_factor_ge_theta_of_completePermutedLUFactSpec_right_inverse	NumStability.higham9_8_growth_factor_ge_theta_of_completePermutedLUFactSpec_right_inverse	authored	8982	0	9021	40	8987	8	8987	84	3A2E0B31E81CA3EA61FDD095A05A8272950E5C107213102868CD2F19B7168B73	NumStability.Source.Higham.Chapter09.Section04
route	NumStability.Algorithms.HighamChapter9	NumStability.higham9_8_growth_factor_ge_theta_of_lu_right_inverse	NumStability.higham9_8_growth_factor_ge_theta_of_lu_right_inverse	NumStability.higham9_8_growth_factor_ge_theta_of_lu_right_inverse	NumStability.higham9_8_growth_factor_ge_theta_of_lu_right_inverse	authored	8884	0	8921	40	8890	8	8890	60	E81DEC86F1BA012316F8FF7BFEEC5C9ECB3992AD28DF68D4747F3C110588C1C9	NumStability.Source.Higham.Chapter09.Section04
route	NumStability.Algorithms.HighamChapter9	NumStability.higham9_8_growth_factor_ge_theta_real	NumStability.higham9_8_growth_factor_ge_theta_real	NumStability.higham9_8_growth_factor_ge_theta_real	NumStability.higham9_8_growth_factor_ge_theta_real	authored	8755	0	8769	31	8759	8	8759	45	DA5FB49D2ADCCDF78B463A4D3CC0A881FD0FCA87888227D46C4E4C3C48C080C9	NumStability.Source.Higham.Chapter09.Section04
route	NumStability.Algorithms.HighamChapter9	NumStability.higham9_8_growth_factor_product_lower_bound	NumStability.higham9_8_growth_factor_product_lower_bound	NumStability.higham9_8_growth_factor_product_lower_bound	NumStability.higham9_8_growth_factor_product_lower_bound	authored	8731	0	8742	27	8733	8	8733	51	F32E9151A2229DEB84F8CB452143A64D6AD42024DB34C17D0754020E0F94AD7A	NumStability.Source.Higham.Chapter09.Section04
route	NumStability.Algorithms.HighamChapter9	NumStability.higham9_8_hadamardInv	NumStability.higham9_8_hadamardInv	NumStability.higham9_8_hadamardInv	NumStability.higham9_8_hadamardInv	authored	9212	0	9216	34	9214	18	9214	39	63E45034BE31029874234592CC731520E492F4A8F91148CB1CD8AEA3EC96CEC5	NumStability.Source.Higham.Chapter09.Section04
route	NumStability.Algorithms.HighamChapter9	NumStability.higham9_8_hadamardInv_isRightInverse	NumStability.higham9_8_hadamardInv_isRightInverse	NumStability.higham9_8_hadamardInv_isRightInverse	NumStability.higham9_8_hadamardInv_isRightInverse	authored	9247	0	9266	36	9249	8	9249	44	D2C0C3D3FD1564083CBF520644B2ABD68779915FA7B8FCA00310024476BBCCA3	NumStability.Source.Higham.Chapter09.Section04
route	NumStability.Algorithms.HighamChapter9	NumStability.higham9_8_hadamardInv_maxEntryNorm_eq_inv	NumStability.higham9_8_hadamardInv_maxEntryNorm_eq_inv	NumStability.higham9_8_hadamardInv_maxEntryNorm_eq_inv	NumStability.higham9_8_hadamardInv_maxEntryNorm_eq_inv	authored	9228	0	9245	38	9231	8	9231	49	274C0B6298FAF22D47FE0DD85E61F42DCB432AFCE953CC9261FDC739E8BD735A	NumStability.Source.Higham.Chapter09.Section04
route	NumStability.Algorithms.HighamChapter9	NumStability.higham9_8_hadamard_growthFactorEntry_ge_card_of_lu_right_inverse	NumStability.higham9_8_hadamard_growthFactorEntry_ge_card_of_lu_right_inverse	NumStability.higham9_8_hadamard_growthFactorEntry_ge_card_of_lu_right_inverse	NumStability.higham9_8_hadamard_growthFactorEntry_ge_card_of_lu_right_inverse	authored	9278	0	9302	84	9284	8	9284	72	CB83E1438F77A593EB0C593D4FE607920737081E7A2D115043A28A5353FBB7F3	NumStability.Source.Higham.Chapter09.Section04
route	NumStability.Algorithms.HighamChapter9	NumStability.higham9_8_hadamard_maxEntryNorm_eq_one	NumStability.higham9_8_hadamard_maxEntryNorm_eq_one	NumStability.higham9_8_hadamard_maxEntryNorm_eq_one	NumStability.higham9_8_hadamard_maxEntryNorm_eq_one	authored	9218	0	9226	61	9220	8	9220	46	6B9D887205320240C5BAD812EFDF1CBC8A880675F4F0B7CCF5EB968FD543189E	NumStability.Source.Higham.Chapter09.Section04
route	NumStability.Algorithms.HighamChapter9	NumStability.higham9_8_hadamard_theta_candidate_eq_card	NumStability.higham9_8_hadamard_theta_candidate_eq_card	NumStability.higham9_8_hadamard_theta_candidate_eq_card	NumStability.higham9_8_hadamard_theta_candidate_eq_card	authored	9268	0	9276	81	9271	8	9271	50	071D8375A646041670E0B34A8FEF835837DEFBA5E7110936F586D565FEF5ABAC	NumStability.Source.Higham.Chapter09.Section04
route	NumStability.Algorithms.HighamChapter9	NumStability.higham9_8_nonneg_factor_bound	NumStability.higham9_8_nonneg_factor_bound	NumStability.higham9_8_nonneg_factor_bound	NumStability.higham9_8_nonneg_factor_bound	authored	7918	0	7928	67	7920	8	7920	37	506DFD0BB9D95EF2931D86465F5C66BC4B981B4A518730902272AB930668BEE3	NumStability.Source.Higham.Chapter09.Section03
route	NumStability.Algorithms.HighamChapter9	NumStability.higham9_8_theta_le_card_complex	NumStability.higham9_8_theta_le_card_complex	NumStability.higham9_8_theta_le_card_complex	NumStability.higham9_8_theta_le_card_complex	authored	10501	0	10520	31	10505	8	10505	39	30A384476537D1019DAB05AAEBDBF5B6691B77B5EED6437CA7E0BF721C025A52	NumStability.Source.Higham.Chapter09.Section04
route	NumStability.Algorithms.HighamChapter9	NumStability.higham9_8_theta_le_card_real	NumStability.higham9_8_theta_le_card_real	NumStability.higham9_8_theta_le_card_real	NumStability.higham9_8_theta_le_card_real	authored	8744	0	8753	66	8747	8	8747	36	829E279D6D66841CE98A6B89ACDDAC3416173959B2FDFA3CECC9041CDD258185	NumStability.Source.Higham.Chapter09.Section04
route	NumStability.Algorithms.HighamChapter9	NumStability.higham9_9_colDiagDominant_diag_ne_zero_of_det_ne_zero	NumStability.higham9_9_colDiagDominant_diag_ne_zero_of_det_ne_zero	NumStability.higham9_9_colDiagDominant_diag_ne_zero_of_det_ne_zero	NumStability.higham9_9_colDiagDominant_diag_ne_zero_of_det_ne_zero	authored	17984	0	17994	55	17986	8	17986	61	AF267DD235A8B9C37FEE28B8CE251B753753683E7EC1B30CBA464454D2910845	NumStability.Source.Higham.Chapter09.Section05
route	NumStability.Algorithms.HighamChapter9	NumStability.higham9_9_colDiagDominant_entry_ratio_abs_le_one	NumStability.higham9_9_colDiagDominant_entry_ratio_abs_le_one	NumStability.higham9_9_colDiagDominant_entry_ratio_abs_le_one	NumStability.higham9_9_colDiagDominant_entry_ratio_abs_le_one	authored	18051	0	18064	41	18053	8	18053	56	B89F3F159F13AA0504F76EF021B109E1DCE2B318C5CB5E066E1DAE18B3054E6C	NumStability.Source.Higham.Chapter09.Section05
route	NumStability.Algorithms.HighamChapter9	NumStability.higham9_9_colDiagDominant_entry_ratio_abs_le_one_of_det_ne_zero	NumStability.higham9_9_colDiagDominant_entry_ratio_abs_le_one_of_det_ne_zero	NumStability.higham9_9_colDiagDominant_entry_ratio_abs_le_one_of_det_ne_zero	NumStability.higham9_9_colDiagDominant_entry_ratio_abs_le_one_of_det_ne_zero	authored	18077	0	18087	72	18080	8	18080	71	3B09C44496D3012322F83F0AD8DAC77D1373917AFC5E8DAC26111B2716200BA0	NumStability.Source.Higham.Chapter09.Section05
route	NumStability.Algorithms.HighamChapter9	NumStability.higham9_9_colDiagDominant_firstSchurComplement	NumStability.higham9_9_colDiagDominant_firstSchurComplement	NumStability.higham9_9_colDiagDominant_firstSchurComplement	NumStability.higham9_9_colDiagDominant_firstSchurComplement	authored	18164	0	18274	53	18168	8	18168	54	18C3228444B700BD5D75B09D5B6E4F25CB7309EA809C9690F8C4338268A151E1	NumStability.Source.Higham.Chapter09.Section05
route	NumStability.Algorithms.HighamChapter9	NumStability.higham9_9_colDiagDominant_firstSchurComplement_maxEntryNorm_le_two	NumStability.higham9_9_colDiagDominant_firstSchurComplement_maxEntryNorm_le_two	NumStability.higham9_9_colDiagDominant_firstSchurComplement_maxEntryNorm_le_two	NumStability.higham9_9_colDiagDominant_firstSchurComplement_maxEntryNorm_le_two	authored	18276	0	18332	24	18281	8	18281	74	EF44E5B12FFDC0C77F2E5EF38569E7431452189068AE878A409B899F75134485	NumStability.Source.Higham.Chapter09.Section05
route	NumStability.Algorithms.HighamChapter9	NumStability.higham9_9_colDiagDominant_firstSchurComplement_offdiag_le_maxEntryNorm	NumStability.higham9_9_colDiagDominant_firstSchurComplement_offdiag_le_maxEntryNorm	NumStability.higham9_9_colDiagDominant_firstSchurComplement_offdiag_le_maxEntryNorm	NumStability.higham9_9_colDiagDominant_firstSchurComplement_offdiag_le_maxEntryNorm	authored	18466	0	18537	23	18470	8	18470	78	97C40B44547898EC104058E44C4271EB1C75D2FFB755895524D8118453619237	NumStability.Source.Higham.Chapter09.Section05
route	NumStability.Algorithms.HighamChapter9	NumStability.higham9_9_colDiagDominant_first_column_multiplier_sum_except_le	NumStability.higham9_9_colDiagDominant_first_column_multiplier_sum_except_le	NumStability.higham9_9_colDiagDominant_first_column_multiplier_sum_except_le	NumStability.higham9_9_colDiagDominant_first_column_multiplier_sum_except_le	authored	18121	0	18162	23	18125	8	18125	71	5F3D91C95682BAC9CB337BA37AE27A54D159A50E82B7968A2E262D9F742A3D15	NumStability.Source.Higham.Chapter09.Section05
route	NumStability.Algorithms.HighamChapter9	NumStability.higham9_9_colDiagDominant_first_column_multiplier_sum_le_one	NumStability.higham9_9_colDiagDominant_first_column_multiplier_sum_le_one	NumStability.higham9_9_colDiagDominant_first_column_multiplier_sum_le_one	NumStability.higham9_9_colDiagDominant_first_column_multiplier_sum_le_one	authored	18089	0	18119	41	18093	8	18093	68	0612FABC7E55A72C4DFDAE3C2E52BFBD0205D36ECA72022468C8354D25DD1765	NumStability.Source.Higham.Chapter09.Section05
route	NumStability.Algorithms.HighamChapter9	NumStability.higham9_9_colDiagDominant_luFirstStepL_unit_bound_of_tail_unit_bound	NumStability.higham9_9_colDiagDominant_luFirstStepL_unit_bound_of_tail_unit_bound	NumStability.higham9_9_colDiagDominant_luFirstStepL_unit_bound_of_tail_unit_bound	NumStability.higham9_9_colDiagDominant_luFirstStepL_unit_bound_of_tail_unit_bound	authored	18365	0	18387	68	18369	8	18369	76	47CA0D2AB28544FB035BB3F242BBD612424EE4EFF4B009956550B031F4055314	NumStability.Source.Higham.Chapter09.Section05
route	NumStability.Algorithms.HighamChapter9	NumStability.higham9_9_colDiagDominant_luFirstStep_bounds_of_tail_bounds	NumStability.higham9_9_colDiagDominant_luFirstStep_bounds_of_tail_bounds	NumStability.higham9_9_colDiagDominant_luFirstStep_bounds_of_tail_bounds	NumStability.higham9_9_colDiagDominant_luFirstStep_bounds_of_tail_bounds	authored	18442	0	18464	70	18447	8	18447	67	51FFED52C24A32ABE5A8B7FD79403974E4732562B57BA8F128FC2B16B80B1CCF	NumStability.Source.Higham.Chapter09.Section05
route	NumStability.Algorithms.HighamChapter9	NumStability.higham9_9_colDiagDominant_offdiag_abs_le_diag	NumStability.higham9_9_colDiagDominant_offdiag_abs_le_diag	NumStability.higham9_9_colDiagDominant_offdiag_abs_le_diag	NumStability.higham9_9_colDiagDominant_offdiag_abs_le_diag	authored	18016	0	18034	30	18018	8	18018	53	70ACFD5F10A57E364DAA473C9515E664E636C71437C34A799E7A758B68D6D88F	NumStability.Source.Higham.Chapter09.Section05
route	NumStability.Algorithms.HighamChapter9	NumStability.higham9_9_colDiagDominant_transpose_iff_rowDiagDominant	NumStability.higham9_9_colDiagDominant_transpose_iff_rowDiagDominant	NumStability.higham9_9_colDiagDominant_transpose_iff_rowDiagDominant	NumStability.higham9_9_colDiagDominant_transpose_iff_rowDiagDominant	authored	18539	0	18549	78	18542	8	18542	63	D56C3F7A5317D32B86156990C6E7F83784F2371DCDF7BAFBD4C6C961B4CFD4F9	NumStability.Source.Higham.Chapter09.Section05
route	NumStability.Algorithms.HighamChapter9	NumStability.higham9_9_colDiagDominant_zero_diag_col_zero	NumStability.higham9_9_colDiagDominant_zero_diag_col_zero	NumStability.higham9_9_colDiagDominant_zero_diag_col_zero	NumStability.higham9_9_colDiagDominant_zero_diag_col_zero	authored	17946	0	17970	53	17948	8	17948	52	A642B30F21DF588926DB4D9D64B0B22F3FD641E8F11E8943811A6F0553853FD1	NumStability.Source.Higham.Chapter09.Section05
route	NumStability.Algorithms.HighamChapter9	NumStability.higham9_9_diagDom_lu_solve_backward_stable_tight	NumStability.higham9_9_diagDom_lu_solve_backward_stable_tight	NumStability.higham9_9_diagDom_lu_solve_backward_stable_tight	NumStability.higham9_9_diagDom_lu_solve_backward_stable_tight	authored	17600	0	17618	38	17602	8	17602	56	AD5B45D91CAF0C990C9692717C934B3E39935C9F64823C58F1C5EC349944F7BE	NumStability.Source.Higham.Chapter09.Section04
route	NumStability.Algorithms.HighamChapter9	NumStability.higham9_9_growthFactorEntry_le_two_of_upper_entry_bound	NumStability.higham9_9_growthFactorEntry_le_two_of_upper_entry_bound	NumStability.higham9_9_growthFactorEntry_le_two_of_upper_entry_bound	NumStability.higham9_9_growthFactorEntry_le_two_of_upper_entry_bound	authored	18334	0	18344	59	18339	8	18339	63	CC93EEAFF925E57EB0F617DCE6A728D9CF698C9FC904023A751F05E70008C7E8	NumStability.Source.Higham.Chapter09.Section05
route	NumStability.Algorithms.HighamChapter9	NumStability.higham9_9_growthFactorEntry_le_two_of_upper_entry_bound_exists_hAmax	NumStability.higham9_9_growthFactorEntry_le_two_of_upper_entry_bound_exists_hAmax	NumStability.higham9_9_growthFactorEntry_le_two_of_upper_entry_bound_exists_hAmax	NumStability.higham9_9_growthFactorEntry_le_two_of_upper_entry_bound_exists_hAmax	authored	18346	0	18363	24	18352	8	18352	76	D30546C7BF8D7E98808D64E06CBF26F05A74BA222AD9750B02D191AB71B4BF5D	NumStability.Source.Higham.Chapter09.Section05
route	NumStability.Algorithms.HighamChapter9	NumStability.higham9_9_luFirstStepU_entry_bound_of_tail_entry_bound	NumStability.higham9_9_luFirstStepU_entry_bound_of_tail_entry_bound	NumStability.higham9_9_luFirstStepU_entry_bound_of_tail_entry_bound	NumStability.higham9_9_luFirstStepU_entry_bound_of_tail_entry_bound	authored	18389	0	18420	68	18394	8	18394	62	8B7DF743F8418FB243190D8F218EBD43238D276A49F5B61CC288B555A2D43AE6	NumStability.Source.Higham.Chapter09.Section05
route	NumStability.Algorithms.HighamChapter9	NumStability.higham9_9_luFirstStepU_growthFactorEntry_le_two_of_tail_entry_bound_exists_hAmax	NumStability.higham9_9_luFirstStepU_growthFactorEntry_le_two_of_tail_entry_bound_exists_hAmax	NumStability.higham9_9_luFirstStepU_growthFactorEntry_le_two_of_tail_entry_bound_exists_hAmax	NumStability.higham9_9_luFirstStepU_growthFactorEntry_le_two_of_tail_entry_bound_exists_hAmax	authored	18422	0	18440	71	18426	8	18426	88	279195B8E79F1A658CAF8581FB6CC6A7BDDD5F52882E6F1E622604C051153E0E	NumStability.Source.Higham.Chapter09.Section05
route	NumStability.Algorithms.HighamChapter9	NumStability.higham9_9_nonneg_lu_solve_backward_error	NumStability.higham9_9_nonneg_lu_solve_backward_error	NumStability.higham9_9_nonneg_lu_solve_backward_error	NumStability.higham9_9_nonneg_lu_solve_backward_error	authored	7930	0	7964	12	7932	8	7932	48	84C75190B9C015F1AE0D5AEC75317C41ABD33B49658B59350E2F17C23F2FE034	NumStability.Source.Higham.Chapter09.Section03
route	NumStability.Algorithms.HighamChapter9	NumStability.higham9_9_rowDiagDominant_diag_ne_zero_of_det_ne_zero	NumStability.higham9_9_rowDiagDominant_diag_ne_zero_of_det_ne_zero	NumStability.higham9_9_rowDiagDominant_diag_ne_zero_of_det_ne_zero	NumStability.higham9_9_rowDiagDominant_diag_ne_zero_of_det_ne_zero	authored	17972	0	17982	55	17974	8	17974	61	EFFB96223E167C7D54EB284EF07861B3F47B912F8A2E0E84E7684952E7836021	NumStability.Source.Higham.Chapter09.Section05
route	NumStability.Algorithms.HighamChapter9	NumStability.higham9_9_rowDiagDominant_entry_ratio_abs_le_one	NumStability.higham9_9_rowDiagDominant_entry_ratio_abs_le_one	NumStability.higham9_9_rowDiagDominant_entry_ratio_abs_le_one	NumStability.higham9_9_rowDiagDominant_entry_ratio_abs_le_one	authored	18036	0	18049	41	18038	8	18038	56	697CABA1B87A93A1E2637623D34D2A68F325630227227979BE2FFCDEB117F954	NumStability.Source.Higham.Chapter09.Section05
route	NumStability.Algorithms.HighamChapter9	NumStability.higham9_9_rowDiagDominant_entry_ratio_abs_le_one_of_det_ne_zero	NumStability.higham9_9_rowDiagDominant_entry_ratio_abs_le_one_of_det_ne_zero	NumStability.higham9_9_rowDiagDominant_entry_ratio_abs_le_one_of_det_ne_zero	NumStability.higham9_9_rowDiagDominant_entry_ratio_abs_le_one_of_det_ne_zero	authored	18066	0	18075	72	18068	8	18068	71	D75FF6BE41B5A2A58572937B523463E172B63ED42A285A5E3319B1A0A8F7316C	NumStability.Source.Higham.Chapter09.Section05
route	NumStability.Algorithms.HighamChapter9	NumStability.higham9_9_rowDiagDominant_offdiag_abs_le_diag	NumStability.higham9_9_rowDiagDominant_offdiag_abs_le_diag	NumStability.higham9_9_rowDiagDominant_offdiag_abs_le_diag	NumStability.higham9_9_rowDiagDominant_offdiag_abs_le_diag	authored	17996	0	18014	30	17998	8	17998	53	5A9CC259D0AD853E7CF4C0F1234DA77DB66A92C0D3C36297B0B379701AD53EB3	NumStability.Source.Higham.Chapter09.Section05
route	NumStability.Algorithms.HighamChapter9	NumStability.higham9_9_rowDiagDominant_transpose_iff_colDiagDominant	NumStability.higham9_9_rowDiagDominant_transpose_iff_colDiagDominant	NumStability.higham9_9_rowDiagDominant_transpose_iff_colDiagDominant	NumStability.higham9_9_rowDiagDominant_transpose_iff_colDiagDominant	authored	18551	0	18560	78	18553	8	18553	63	4072BE4AED1B8448579F2FF9E70D49F6B7A1E6104E4DA0FACFD843477D42DF62	NumStability.Source.Higham.Chapter09.Section05
route	NumStability.Algorithms.HighamChapter9	NumStability.higham9_9_rowDiagDominant_zero_diag_row_zero	NumStability.higham9_9_rowDiagDominant_zero_diag_row_zero	NumStability.higham9_9_rowDiagDominant_zero_diag_row_zero	NumStability.higham9_9_rowDiagDominant_zero_diag_row_zero	authored	17920	0	17944	53	17922	8	17922	52	0CE7DE79A407C2210AB886CC4ED48F011A4081C9FE1375261235D5FA2BF354B1	NumStability.Source.Higham.Chapter09.Section05
route	NumStability.Algorithms.HighamChapter9	NumStability.higham9_LUBackwardError_mono	NumStability.higham9_LUBackwardError_mono	NumStability.higham9_LUBackwardError_mono	NumStability.higham9_LUBackwardError_mono	authored	7453	0	7471	48	7456	8	7456	36	9E8BFE55749BBA98229032DDA25A16D2463B42E3B0EDD243D59ED0A3012F4AE0	NumStability.Source.Higham.Chapter09.Section03
route	NumStability.Algorithms.HighamChapter9	NumStability.higham9_LUFactSpec_to_LUBackwardError_gamma	NumStability.higham9_LUFactSpec_to_LUBackwardError_gamma	NumStability.higham9_LUFactSpec_to_LUBackwardError_gamma	NumStability.higham9_LUFactSpec_to_LUBackwardError_gamma	authored	7473	0	7481	65	7475	8	7475	51	5E9A642D7A17A1A9E9B1EE7D15321CBA79E88EBDD371F0E418C3D807B2BA0AA9	NumStability.Source.Higham.Chapter09.Section03
route	NumStability.Algorithms.HighamChapter9	NumStability.higham9_amgm_prod_le_one_of_sum_eq_card	NumStability.higham9_amgm_prod_le_one_of_sum_eq_card	NumStability.higham9_amgm_prod_le_one_of_sum_eq_card	NumStability.higham9_amgm_prod_le_one_of_sum_eq_card	authored	9038	0	9065	22	9041	8	9041	47	5FCAAD2248A3F167B662E19AD9D8CDD911FE7BDB9015A1F1AFF2B0BA68768822	NumStability.Source.Higham.Chapter09.Section04
route	NumStability.Algorithms.HighamChapter9	NumStability.higham9_completePivotGrowthSet	NumStability.higham9_completePivotGrowthSet	NumStability.higham9_completePivotGrowthSet	NumStability.higham9_completePivotGrowthSet	authored	12997	0	13002	16	13000	4	13000	34	DE368721ECCB7F82624268E50AB20D416C07BC7D9F5E2D06215B4C473A622C0A	NumStability.Source.Higham.Chapter09.Section04
route	NumStability.Algorithms.HighamChapter9	NumStability.higham9_completePivotGrowthSup	NumStability.higham9_completePivotGrowthSup	NumStability.higham9_completePivotGrowthSup	NumStability.higham9_completePivotGrowthSup	authored	13004	0	13010	46	13008	18	13008	48	EAE765088672FDA5F006427B285D68D12157C288ED24A51B9948CD0C43847F26	NumStability.Source.Higham.Chapter09.Section04
route	NumStability.Algorithms.HighamChapter9	NumStability.higham9_completePivotGrowth_le_sup	NumStability.higham9_completePivotGrowth_le_sup	NumStability.higham9_completePivotGrowth_le_sup	NumStability.higham9_completePivotGrowth_le_sup	authored	13012	0	13020	30	13015	8	13015	42	6788D44E1D9983058D146995CA369093369C03B18AA8538B4E67B3CD88FB8059	NumStability.Source.Higham.Chapter09.Section04
route	NumStability.Algorithms.HighamChapter9	NumStability.higham9_det_ne_zero_of_isRightInverse	NumStability.higham9_det_ne_zero_of_isRightInverse	NumStability.higham9_det_ne_zero_of_isRightInverse	NumStability.higham9_det_ne_zero_of_isRightInverse	authored	11855	0	11868	25	11857	8	11857	45	9697A5E1CF7E0B9DE8267BE57FD3AC73B6DB3674BA3942FF0403EFDB72A7CC15	NumStability.Source.Higham.Chapter09.Section04
route	NumStability.Algorithms.HighamChapter9	NumStability.higham9_growthFactorEntry_le_one_of_absLU_le_absA	NumStability.higham9_growthFactorEntry_le_one_of_absLU_le_absA	NumStability.higham9_growthFactorEntry_le_one_of_absLU_le_absA	NumStability.higham9_growthFactorEntry_le_one_of_absLU_le_absA	authored	21347	0	21376	27	21350	8	21350	57	5D4B4B8A90BE74F124D0FCE300BB7D340C0CD52AA564D1DBC7310D9A870A9BFF	NumStability.Source.Higham.Chapter09.Section06
route	NumStability.Algorithms.HighamChapter9	NumStability.higham9_hadamard_det_sq_le_pow_maxEntryNorm	NumStability.higham9_hadamard_det_sq_le_pow_maxEntryNorm	NumStability.higham9_hadamard_det_sq_le_pow_maxEntryNorm	NumStability.higham9_hadamard_det_sq_le_pow_maxEntryNorm	authored	9162	0	9195	57	9168	8	9168	51	089EABB7545E1267C3788F8EBC960E6146ABDAC41147508DEA83F20DB71D97B6	NumStability.Source.Higham.Chapter09.Section04
route	NumStability.Algorithms.HighamChapter9	NumStability.higham9_hadamard_det_sq_le_prod_row_sq	NumStability.higham9_hadamard_det_sq_le_prod_row_sq	NumStability.higham9_hadamard_det_sq_le_prod_row_sq	NumStability.higham9_hadamard_det_sq_le_prod_row_sq	authored	9129	0	9160	74	9133	8	9133	46	DA8343AA310E00932C52C4971B6F4BC0EA1818DBFF6A4076C176ED6710E61586	NumStability.Source.Higham.Chapter09.Section04
route	NumStability.Algorithms.HighamChapter9	NumStability.higham9_infNorm_pos_of_det_ne_zero	NumStability.higham9_infNorm_pos_of_det_ne_zero	NumStability.higham9_infNorm_pos_of_det_ne_zero	NumStability.higham9_infNorm_pos_of_det_ne_zero	authored	17140	0	17146	34	17141	8	17141	42	86FBFE3D641D84F68CFA6C11E1A21FC4B4D93B2CB68A69B4956C44549F5C78B4	NumStability.Source.Higham.Chapter09.Section04
route	NumStability.Algorithms.HighamChapter9	NumStability.higham9_posDef_det_le_prod_diag	NumStability.higham9_posDef_det_le_prod_diag	NumStability.higham9_posDef_det_le_prod_diag	NumStability.higham9_posDef_det_le_prod_diag	authored	9067	0	9127	70	9071	8	9071	39	39935239C08A7C52190B1232B3FBC3F5CDDDF8D3A857047BD8182A05DC249824	NumStability.Source.Higham.Chapter09.Section04
route	NumStability.Algorithms.HighamChapter9	NumStability.higham_problem9_10_apply_left_inverse_of_matMulVec_eq	NumStability.higham_problem9_10_apply_left_inverse_of_matMulVec_eq	NumStability.higham_problem9_10_apply_left_inverse_of_matMulVec_eq	NumStability.higham_problem9_10_apply_left_inverse_of_matMulVec_eq	authored	17453	0	17471	45	17455	8	17455	61	B6081E69531877A0FB8592CAE8C9217FB2301D9A6C2BF1E79FFA4674AE9B04E6	NumStability.Source.Higham.Chapter09.Section04
route	NumStability.Algorithms.HighamChapter9	NumStability.higham_problem9_10_matMulVec_scaledBasis	NumStability.higham_problem9_10_matMulVec_scaledBasis	NumStability.higham_problem9_10_matMulVec_scaledBasis	NumStability.higham_problem9_10_matMulVec_scaledBasis	authored	17473	0	17486	8	17475	8	17475	48	5585AD0FE2302A0BF992958E0D482A6FB6D58BA4C8828B162F2B8F2E0863C46C	NumStability.Source.Higham.Chapter09.Section04
route	NumStability.Algorithms.HighamChapter9	NumStability.higham_problem9_10_multiplierBlunderAlpha	NumStability.higham_problem9_10_multiplierBlunderAlpha	NumStability.higham_problem9_10_multiplierBlunderAlpha	NumStability.higham_problem9_10_multiplierBlunderAlpha	authored	17388	0	17392	27	17390	18	17390	59	ECDA899EE34555D72EB6D8419C39EBC7C84C138AF1BA79E40284D14C277095EF	NumStability.Source.Higham.Chapter09.Section04
route	NumStability.Algorithms.HighamChapter9	NumStability.higham_problem9_10_multiplier_blunder_error	NumStability.higham_problem9_10_multiplier_blunder_error	NumStability.higham_problem9_10_multiplier_blunder_error	NumStability.higham_problem9_10_multiplier_blunder_error	authored	17571	0	17596	70	17573	8	17573	51	0A1F14D3F350983808EA76C5C9E882DFAD2511440E79D70DA71E129FE28BD6D7	NumStability.Source.Higham.Chapter09.Section04
route	NumStability.Algorithms.HighamChapter9	NumStability.higham_problem9_10_rankOneBasis	NumStability.higham_problem9_10_rankOneBasis	NumStability.higham_problem9_10_rankOneBasis	NumStability.higham_problem9_10_rankOneBasis	authored	17382	0	17386	52	17384	18	17384	49	373B5AFCB52F5D85B37E69903EA198DB4CCB58DF1E8ADA5891776FDCFF9B4A22	NumStability.Source.Higham.Chapter09.Section04
route	NumStability.Algorithms.HighamChapter9	NumStability.higham_problem9_10_rankOneBasis_mulVec	NumStability.higham_problem9_10_rankOneBasis_mulVec	NumStability.higham_problem9_10_rankOneBasis_mulVec	NumStability.higham_problem9_10_rankOneBasis_mulVec	authored	17394	0	17416	50	17396	8	17396	46	0C40A162D4D5B595CAF45D57032598874B8F7D3B48C27250C7E40B981ED79176	NumStability.Source.Higham.Chapter09.Section04
route	NumStability.Algorithms.HighamChapter9	NumStability.higham_problem9_10_rankOnePerturbed_mulVec	NumStability.higham_problem9_10_rankOnePerturbed_mulVec	NumStability.higham_problem9_10_rankOnePerturbed_mulVec	NumStability.higham_problem9_10_rankOnePerturbed_mulVec	authored	17418	0	17451	16	17420	8	17420	50	262DC6F5B9D1570D5B56646BA24316C2C05F30B3892111ECE884DC35F12DF710	NumStability.Source.Higham.Chapter09.Section04
route	NumStability.Algorithms.HighamChapter9	NumStability.higham_problem9_10_rankOne_blunder_error	NumStability.higham_problem9_10_rankOne_blunder_error	NumStability.higham_problem9_10_rankOne_blunder_error	NumStability.higham_problem9_10_rankOne_blunder_error	authored	17549	0	17569	6	17551	8	17551	48	712DD9386F064C875F2E10F799BF0082A999F03804618920CD66692961BF78EB	NumStability.Source.Higham.Chapter09.Section04
route	NumStability.Algorithms.HighamChapter9	NumStability.higham_problem9_10_rankOne_blunder_solution	NumStability.higham_problem9_10_rankOne_blunder_solution	NumStability.higham_problem9_10_rankOne_blunder_solution	NumStability.higham_problem9_10_rankOne_blunder_solution	authored	17488	0	17547	23	17492	8	17492	51	57654783EF58F67EF1A1F1B3910CF49B95E7C9C86E2DD19324AAB988DC8BC226	NumStability.Source.Higham.Chapter09.Section04
route	NumStability.Algorithms.HighamChapter9	NumStability.higham_problem9_14_FirstMethodTrace	NumStability.higham_problem9_14_FirstMethodTrace	NumStability.higham_problem9_14_FirstMethodTrace	NumStability.higham_problem9_14_FirstMethodTrace	authored	14391	0	14406	60	14396	10	14396	45	89AAC7A4E3E03563DE21046907BE9D6E5A09C8F35E7BE8116ADAACBFF4D63E49	NumStability.Source.Higham.Chapter09.Section04
route	NumStability.Algorithms.HighamChapter9	NumStability.higham_problem9_14_FirstMethodTrace.below	NumStability.higham_problem9_14_FirstMethodTrace.below	NumStability.higham_problem9_14_FirstMethodTrace	NumStability.higham_problem9_14_FirstMethodTrace	compiler_generated	14391	0	14406	60	14396	10	14396	45	89AAC7A4E3E03563DE21046907BE9D6E5A09C8F35E7BE8116ADAACBFF4D63E49	NumStability.Source.Higham.Chapter09.Section04
route	NumStability.Algorithms.HighamChapter9	NumStability.higham_problem9_14_FirstMethodTrace.below.casesOn	NumStability.higham_problem9_14_FirstMethodTrace.below.casesOn	NumStability.higham_problem9_14_FirstMethodTrace	NumStability.higham_problem9_14_FirstMethodTrace	compiler_generated	14391	0	14406	60	14396	10	14396	45	89AAC7A4E3E03563DE21046907BE9D6E5A09C8F35E7BE8116ADAACBFF4D63E49	NumStability.Source.Higham.Chapter09.Section04
route	NumStability.Algorithms.HighamChapter9	NumStability.higham_problem9_14_FirstMethodTrace.below.init	NumStability.higham_problem9_14_FirstMethodTrace.below.init	NumStability.higham_problem9_14_FirstMethodTrace	NumStability.higham_problem9_14_FirstMethodTrace	compiler_generated	14391	0	14406	60	14396	10	14396	45	89AAC7A4E3E03563DE21046907BE9D6E5A09C8F35E7BE8116ADAACBFF4D63E49	NumStability.Source.Higham.Chapter09.Section04
route	NumStability.Algorithms.HighamChapter9	NumStability.higham_problem9_14_FirstMethodTrace.below.rec	NumStability.higham_problem9_14_FirstMethodTrace.below.rec	NumStability.higham_problem9_14_FirstMethodTrace	NumStability.higham_problem9_14_FirstMethodTrace	compiler_generated	14391	0	14406	60	14396	10	14396	45	89AAC7A4E3E03563DE21046907BE9D6E5A09C8F35E7BE8116ADAACBFF4D63E49	NumStability.Source.Higham.Chapter09.Section04
route	NumStability.Algorithms.HighamChapter9	NumStability.higham_problem9_14_FirstMethodTrace.below.step	NumStability.higham_problem9_14_FirstMethodTrace.below.step	NumStability.higham_problem9_14_FirstMethodTrace	NumStability.higham_problem9_14_FirstMethodTrace	compiler_generated	14391	0	14406	60	14396	10	14396	45	89AAC7A4E3E03563DE21046907BE9D6E5A09C8F35E7BE8116ADAACBFF4D63E49	NumStability.Source.Higham.Chapter09.Section04
route	NumStability.Algorithms.HighamChapter9	NumStability.higham_problem9_14_FirstMethodTrace.brecOn	NumStability.higham_problem9_14_FirstMethodTrace.brecOn	NumStability.higham_problem9_14_FirstMethodTrace	NumStability.higham_problem9_14_FirstMethodTrace	compiler_generated	14391	0	14406	60	14396	10	14396	45	89AAC7A4E3E03563DE21046907BE9D6E5A09C8F35E7BE8116ADAACBFF4D63E49	NumStability.Source.Higham.Chapter09.Section04
route	NumStability.Algorithms.HighamChapter9	NumStability.higham_problem9_14_FirstMethodTrace.casesOn	NumStability.higham_problem9_14_FirstMethodTrace.casesOn	NumStability.higham_problem9_14_FirstMethodTrace	NumStability.higham_problem9_14_FirstMethodTrace	compiler_generated	14391	0	14406	60	14396	10	14396	45	89AAC7A4E3E03563DE21046907BE9D6E5A09C8F35E7BE8116ADAACBFF4D63E49	NumStability.Source.Higham.Chapter09.Section04
route	NumStability.Algorithms.HighamChapter9	NumStability.higham_problem9_14_FirstMethodTrace.init	NumStability.higham_problem9_14_FirstMethodTrace.init	NumStability.higham_problem9_14_FirstMethodTrace	NumStability.higham_problem9_14_FirstMethodTrace	compiler_generated	14391	0	14406	60	14396	10	14396	45	89AAC7A4E3E03563DE21046907BE9D6E5A09C8F35E7BE8116ADAACBFF4D63E49	NumStability.Source.Higham.Chapter09.Section04
route	NumStability.Algorithms.HighamChapter9	NumStability.higham_problem9_14_FirstMethodTrace.rec	NumStability.higham_problem9_14_FirstMethodTrace.rec	NumStability.higham_problem9_14_FirstMethodTrace	NumStability.higham_problem9_14_FirstMethodTrace	compiler_generated	14391	0	14406	60	14396	10	14396	45	89AAC7A4E3E03563DE21046907BE9D6E5A09C8F35E7BE8116ADAACBFF4D63E49	NumStability.Source.Higham.Chapter09.Section04
route	NumStability.Algorithms.HighamChapter9	NumStability.higham_problem9_14_FirstMethodTrace.recOn	NumStability.higham_problem9_14_FirstMethodTrace.recOn	NumStability.higham_problem9_14_FirstMethodTrace	NumStability.higham_problem9_14_FirstMethodTrace	compiler_generated	14391	0	14406	60	14396	10	14396	45	89AAC7A4E3E03563DE21046907BE9D6E5A09C8F35E7BE8116ADAACBFF4D63E49	NumStability.Source.Higham.Chapter09.Section04
route	NumStability.Algorithms.HighamChapter9	NumStability.higham_problem9_14_FirstMethodTrace.step	NumStability.higham_problem9_14_FirstMethodTrace.step	NumStability.higham_problem9_14_FirstMethodTrace	NumStability.higham_problem9_14_FirstMethodTrace	compiler_generated	14391	0	14406	60	14396	10	14396	45	89AAC7A4E3E03563DE21046907BE9D6E5A09C8F35E7BE8116ADAACBFF4D63E49	NumStability.Source.Higham.Chapter09.Section04
route	NumStability.Algorithms.HighamChapter9	NumStability.higham_problem9_14_PairwiseBubbleTrace	NumStability.higham_problem9_14_PairwiseBubbleTrace	NumStability.higham_problem9_14_PairwiseBubbleTrace	NumStability.higham_problem9_14_PairwiseBubbleTrace	authored	15386	0	15402	60	15390	10	15390	48	DC0ABE1F14B759262DE86323C6B49E1A694C82AC2109CE54056BA07B047F2272	NumStability.Source.Higham.Chapter09.Section04
route	NumStability.Algorithms.HighamChapter9	NumStability.higham_problem9_14_PairwiseBubbleTrace.below	NumStability.higham_problem9_14_PairwiseBubbleTrace.below	NumStability.higham_problem9_14_PairwiseBubbleTrace	NumStability.higham_problem9_14_PairwiseBubbleTrace	compiler_generated	15386	0	15402	60	15390	10	15390	48	DC0ABE1F14B759262DE86323C6B49E1A694C82AC2109CE54056BA07B047F2272	NumStability.Source.Higham.Chapter09.Section04
route	NumStability.Algorithms.HighamChapter9	NumStability.higham_problem9_14_PairwiseBubbleTrace.below.casesOn	NumStability.higham_problem9_14_PairwiseBubbleTrace.below.casesOn	NumStability.higham_problem9_14_PairwiseBubbleTrace	NumStability.higham_problem9_14_PairwiseBubbleTrace	compiler_generated	15386	0	15402	60	15390	10	15390	48	DC0ABE1F14B759262DE86323C6B49E1A694C82AC2109CE54056BA07B047F2272	NumStability.Source.Higham.Chapter09.Section04
route	NumStability.Algorithms.HighamChapter9	NumStability.higham_problem9_14_PairwiseBubbleTrace.below.init	NumStability.higham_problem9_14_PairwiseBubbleTrace.below.init	NumStability.higham_problem9_14_PairwiseBubbleTrace	NumStability.higham_problem9_14_PairwiseBubbleTrace	compiler_generated	15386	0	15402	60	15390	10	15390	48	DC0ABE1F14B759262DE86323C6B49E1A694C82AC2109CE54056BA07B047F2272	NumStability.Source.Higham.Chapter09.Section04
route	NumStability.Algorithms.HighamChapter9	NumStability.higham_problem9_14_PairwiseBubbleTrace.below.rec	NumStability.higham_problem9_14_PairwiseBubbleTrace.below.rec	NumStability.higham_problem9_14_PairwiseBubbleTrace	NumStability.higham_problem9_14_PairwiseBubbleTrace	compiler_generated	15386	0	15402	60	15390	10	15390	48	DC0ABE1F14B759262DE86323C6B49E1A694C82AC2109CE54056BA07B047F2272	NumStability.Source.Higham.Chapter09.Section04
route	NumStability.Algorithms.HighamChapter9	NumStability.higham_problem9_14_PairwiseBubbleTrace.below.step	NumStability.higham_problem9_14_PairwiseBubbleTrace.below.step	NumStability.higham_problem9_14_PairwiseBubbleTrace	NumStability.higham_problem9_14_PairwiseBubbleTrace	compiler_generated	15386	0	15402	60	15390	10	15390	48	DC0ABE1F14B759262DE86323C6B49E1A694C82AC2109CE54056BA07B047F2272	NumStability.Source.Higham.Chapter09.Section04
route	NumStability.Algorithms.HighamChapter9	NumStability.higham_problem9_14_PairwiseBubbleTrace.brecOn	NumStability.higham_problem9_14_PairwiseBubbleTrace.brecOn	NumStability.higham_problem9_14_PairwiseBubbleTrace	NumStability.higham_problem9_14_PairwiseBubbleTrace	compiler_generated	15386	0	15402	60	15390	10	15390	48	DC0ABE1F14B759262DE86323C6B49E1A694C82AC2109CE54056BA07B047F2272	NumStability.Source.Higham.Chapter09.Section04
route	NumStability.Algorithms.HighamChapter9	NumStability.higham_problem9_14_PairwiseBubbleTrace.casesOn	NumStability.higham_problem9_14_PairwiseBubbleTrace.casesOn	NumStability.higham_problem9_14_PairwiseBubbleTrace	NumStability.higham_problem9_14_PairwiseBubbleTrace	compiler_generated	15386	0	15402	60	15390	10	15390	48	DC0ABE1F14B759262DE86323C6B49E1A694C82AC2109CE54056BA07B047F2272	NumStability.Source.Higham.Chapter09.Section04
route	NumStability.Algorithms.HighamChapter9	NumStability.higham_problem9_14_PairwiseBubbleTrace.init	NumStability.higham_problem9_14_PairwiseBubbleTrace.init	NumStability.higham_problem9_14_PairwiseBubbleTrace	NumStability.higham_problem9_14_PairwiseBubbleTrace	compiler_generated	15386	0	15402	60	15390	10	15390	48	DC0ABE1F14B759262DE86323C6B49E1A694C82AC2109CE54056BA07B047F2272	NumStability.Source.Higham.Chapter09.Section04
route	NumStability.Algorithms.HighamChapter9	NumStability.higham_problem9_14_PairwiseBubbleTrace.rec	NumStability.higham_problem9_14_PairwiseBubbleTrace.rec	NumStability.higham_problem9_14_PairwiseBubbleTrace	NumStability.higham_problem9_14_PairwiseBubbleTrace	compiler_generated	15386	0	15402	60	15390	10	15390	48	DC0ABE1F14B759262DE86323C6B49E1A694C82AC2109CE54056BA07B047F2272	NumStability.Source.Higham.Chapter09.Section04
route	NumStability.Algorithms.HighamChapter9	NumStability.higham_problem9_14_PairwiseBubbleTrace.recOn	NumStability.higham_problem9_14_PairwiseBubbleTrace.recOn	NumStability.higham_problem9_14_PairwiseBubbleTrace	NumStability.higham_problem9_14_PairwiseBubbleTrace	compiler_generated	15386	0	15402	60	15390	10	15390	48	DC0ABE1F14B759262DE86323C6B49E1A694C82AC2109CE54056BA07B047F2272	NumStability.Source.Higham.Chapter09.Section04
route	NumStability.Algorithms.HighamChapter9	NumStability.higham_problem9_14_PairwiseBubbleTrace.step	NumStability.higham_problem9_14_PairwiseBubbleTrace.step	NumStability.higham_problem9_14_PairwiseBubbleTrace	NumStability.higham_problem9_14_PairwiseBubbleTrace	compiler_generated	15386	0	15402	60	15390	10	15390	48	DC0ABE1F14B759262DE86323C6B49E1A694C82AC2109CE54056BA07B047F2272	NumStability.Source.Higham.Chapter09.Section04
route	NumStability.Algorithms.HighamChapter9	NumStability.higham_problem9_14_PrePivotedGEPP	NumStability.higham_problem9_14_PrePivotedGEPP	NumStability.higham_problem9_14_PrePivotedGEPP	NumStability.higham_problem9_14_PrePivotedGEPP	authored	13582	0	13587	48	13585	7	13585	40	90EBD64FC423F72B73148B0B9D8001CBBDF7C928323EAA26471134667605DE3E	NumStability.Source.Higham.Chapter09.Section04
route	NumStability.Algorithms.HighamChapter9	NumStability.higham_problem9_14_PrePivotedGEPP_det_ne_zero	NumStability.higham_problem9_14_PrePivotedGEPP_det_ne_zero	NumStability.higham_problem9_14_PrePivotedGEPP_det_ne_zero	NumStability.higham_problem9_14_PrePivotedGEPP_det_ne_zero	authored	13682	0	13689	59	13685	8	13685	53	96994C82BCBBC5F3F18DC7A4945FA98811470E2D91DF726313FA1222055F097F	NumStability.Source.Higham.Chapter09.Section04
route	NumStability.Algorithms.HighamChapter9	NumStability.higham_problem9_14_PrePivotedGEPP_exists_LUFactSpec	NumStability.higham_problem9_14_PrePivotedGEPP_exists_LUFactSpec	NumStability.higham_problem9_14_PrePivotedGEPP_exists_LUFactSpec	NumStability.higham_problem9_14_PrePivotedGEPP_exists_LUFactSpec	authored	13672	0	13680	65	13676	8	13676	59	AAC2FAE94517D4E27294490DBB3FBCEBA7FF09F3C8A46E1B851DF0951EC1EC11	NumStability.Source.Higham.Chapter09.Section04
route	NumStability.Algorithms.HighamChapter9	NumStability.higham_problem9_14_PrePivotedGEPP_exists_RecursiveFirstMethodLUFactSpec_same_as_GEPP	NumStability.higham_problem9_14_PrePivotedGEPP_exists_RecursiveFirstMethodLUFactSpec_same_as_GEPP	NumStability.higham_problem9_14_PrePivotedGEPP_exists_RecursiveFirstMethodLUFactSpec_same_as_GEPP	NumStability.higham_problem9_14_PrePivotedGEPP_exists_RecursiveFirstMethodLUFactSpec_same_as_GEPP	authored	16075	0	16092	57	16078	8	16078	92	8528BC68808A22D7B1B284DF1E0A30928854DEAD140C90AB5F5E5C185354D128	NumStability.Source.Higham.Chapter09.Section04
route	NumStability.Algorithms.HighamChapter9	NumStability.higham_problem9_14_PrePivotedGEPP_exists_RecursivePairwiseLUFactSpec_same_as_GEPP	NumStability.higham_problem9_14_PrePivotedGEPP_exists_RecursivePairwiseLUFactSpec_same_as_GEPP	NumStability.higham_problem9_14_PrePivotedGEPP_exists_RecursivePairwiseLUFactSpec_same_as_GEPP	NumStability.higham_problem9_14_PrePivotedGEPP_exists_RecursivePairwiseLUFactSpec_same_as_GEPP	authored	16094	0	16111	56	16097	8	16097	89	D432BC9C2FAC9644AF9B0A7DA856A2E237B22AF7B5B05B71768B0861D461E946	NumStability.Source.Higham.Chapter09.Section04
route	NumStability.Algorithms.HighamChapter9	NumStability.higham_problem9_14_PrePivotedGEPP_exists_firstMethod_pairwise_same_LU	NumStability.higham_problem9_14_PrePivotedGEPP_exists_firstMethod_pairwise_same_LU	NumStability.higham_problem9_14_PrePivotedGEPP_exists_firstMethod_pairwise_same_LU	NumStability.higham_problem9_14_PrePivotedGEPP_exists_firstMethod_pairwise_same_LU	authored	16113	0	16140	42	16117	8	16117	77	81C528678F21BD71F555F846F536669993A01BCF45EBFB3996EC3215F1017131	NumStability.Source.Higham.Chapter09.Section04
route	NumStability.Algorithms.HighamChapter9	NumStability.higham_problem9_14_PrePivotedGEPP_exists_unique_LUFactSpec	NumStability.higham_problem9_14_PrePivotedGEPP_exists_unique_LUFactSpec	NumStability.higham_problem9_14_PrePivotedGEPP_exists_unique_LUFactSpec	NumStability.higham_problem9_14_PrePivotedGEPP_exists_unique_LUFactSpec	authored	13707	0	13722	65	13711	8	13711	66	AA87747ED9BCB65DFE4548811AEDD247A355E7A758CD872490A98F9F3ECA7702	NumStability.Source.Higham.Chapter09.Section04
route	NumStability.Algorithms.HighamChapter9	NumStability.higham_problem9_14_PrePivotedGEPP_firstMethodMatrix_multiplier_abs_le_one	NumStability.higham_problem9_14_PrePivotedGEPP_firstMethodMatrix_multiplier_abs_le_one	NumStability.higham_problem9_14_PrePivotedGEPP_firstMethodMatrix_multiplier_abs_le_one	NumStability.higham_problem9_14_PrePivotedGEPP_firstMethodMatrix_multiplier_abs_le_one	authored	14618	0	14640	28	14620	8	14620	81	E313C1278B5F1F52767FD170112BF2137DC2B731014D98FF666595291BE12BC7	NumStability.Source.Higham.Chapter09.Section04
route	NumStability.Algorithms.HighamChapter9	NumStability.higham_problem9_14_PrePivotedGEPP_firstMethodMatrix_prefix_invariant	NumStability.higham_problem9_14_PrePivotedGEPP_firstMethodMatrix_prefix_invariant	NumStability.higham_problem9_14_PrePivotedGEPP_firstMethodMatrix_prefix_invariant	NumStability.higham_problem9_14_PrePivotedGEPP_firstMethodMatrix_prefix_invariant	authored	14465	0	14616	51	14470	8	14470	76	E6D0DC3E33C748BB75C0CA56552E19A96F0F91EA113AEA16ADC39F02C749122E	NumStability.Source.Higham.Chapter09.Section04
route	NumStability.Algorithms.HighamChapter9	NumStability.higham_problem9_14_PrePivotedGEPP_firstMethodMatrix_terminal_firstSchurComplement	NumStability.higham_problem9_14_PrePivotedGEPP_firstMethodMatrix_terminal_firstSchurComplement	NumStability.higham_problem9_14_PrePivotedGEPP_firstMethodMatrix_terminal_firstSchurComplement	NumStability.higham_problem9_14_PrePivotedGEPP_firstMethodMatrix_terminal_firstSchurComplement	authored	14661	0	14693	58	14666	4	14666	85	65F162AFEBAF095A51D416C618839BBEA28E7FC5D8B8C6EB209FA5463066E39D	NumStability.Source.Higham.Chapter09.Section04
route	NumStability.Algorithms.HighamChapter9	NumStability.higham_problem9_14_PrePivotedGEPP_firstMethodMatrix_terminal_trailing_eq_firstSchurComplement	NumStability.higham_problem9_14_PrePivotedGEPP_firstMethodMatrix_terminal_trailing_eq_firstSchurComplement	NumStability.higham_problem9_14_PrePivotedGEPP_firstMethodMatrix_terminal_trailing_eq_firstSchurComplement	NumStability.higham_problem9_14_PrePivotedGEPP_firstMethodMatrix_terminal_trailing_eq_firstSchurComplement	authored	14642	0	14659	24	14645	4	14645	97	F7742B1D45128BB373BB24A094FB1E4C6FF81B55EB53325086D206C3CBD5856B	NumStability.Source.Higham.Chapter09.Section04
route	NumStability.Algorithms.HighamChapter9	NumStability.higham_problem9_14_PrePivotedGEPP_firstSchurComplement	NumStability.higham_problem9_14_PrePivotedGEPP_firstSchurComplement	NumStability.higham_problem9_14_PrePivotedGEPP_firstSchurComplement	NumStability.higham_problem9_14_PrePivotedGEPP_firstSchurComplement	authored	13744	0	13753	71	13747	8	13747	62	B975F83B6EA4D666CA4848BE0D6E315587FB6CCA570A2C649E6BD91D4FD8CBF5	NumStability.Source.Higham.Chapter09.Section04
route	NumStability.Algorithms.HighamChapter9	NumStability.higham_problem9_14_PrePivotedGEPP_lu_unique	NumStability.higham_problem9_14_PrePivotedGEPP_lu_unique	NumStability.higham_problem9_14_PrePivotedGEPP_lu_unique	NumStability.higham_problem9_14_PrePivotedGEPP_lu_unique	authored	13691	0	13705	61	13696	8	13696	51	7F5B15B406F4D7434A6829E6FAEAB5E40DF36E2DBE37B202F14D344905F3ED81	NumStability.Source.Higham.Chapter09.Section04
route	NumStability.Algorithms.HighamChapter9	NumStability.higham_problem9_14_PrePivotedGEPP_pairwiseBubbleMatrix_one_pivot_row	NumStability.higham_problem9_14_PrePivotedGEPP_pairwiseBubbleMatrix_one_pivot_row	NumStability.higham_problem9_14_PrePivotedGEPP_pairwiseBubbleMatrix_one_pivot_row	NumStability.higham_problem9_14_PrePivotedGEPP_pairwiseBubbleMatrix_one_pivot_row	authored	16142	0	16160	10	16144	8	16144	76	82D3F6EF3C98C74A60FBE9704820EA78FADFB91B9799C22C5DD1752C04A6B774	NumStability.Source.Higham.Chapter09.Section04
route	NumStability.Algorithms.HighamChapter9	NumStability.higham_problem9_14_PrePivotedGEPP_pairwiseBubbleMatrix_prefix_eliminated_active_eq_zero	NumStability.higham_problem9_14_PrePivotedGEPP_pairwiseBubbleMatrix_prefix_eliminated_active_eq_zero	NumStability.higham_problem9_14_PrePivotedGEPP_pairwiseBubbleMatrix_prefix_eliminated_active_eq_zero	NumStability.higham_problem9_14_PrePivotedGEPP_pairwiseBubbleMatrix_prefix_eliminated_active_eq_zero	authored	15671	0	15746	32	15675	4	15675	91	E57A54CC8C57653AD5A213994AD146737B86EC7FDCBA73EA201C85AF2AA13D4D	NumStability.Source.Higham.Chapter09.Section04
route	NumStability.Algorithms.HighamChapter9	NumStability.higham_problem9_14_PrePivotedGEPP_pairwiseBubbleMatrix_prefix_eliminated_row	NumStability.higham_problem9_14_PrePivotedGEPP_pairwiseBubbleMatrix_prefix_eliminated_row	NumStability.higham_problem9_14_PrePivotedGEPP_pairwiseBubbleMatrix_prefix_eliminated_row	NumStability.higham_problem9_14_PrePivotedGEPP_pairwiseBubbleMatrix_prefix_eliminated_row	authored	15766	0	15883	34	15771	4	15771	80	D5A0EC236ED59639D6F9CD27870A38FAC077115767096CCF2F58D0E559530122	NumStability.Source.Higham.Chapter09.Section04
route	NumStability.Algorithms.HighamChapter9	NumStability.higham_problem9_14_PrePivotedGEPP_pairwiseBubbleMatrix_prefix_invariant	NumStability.higham_problem9_14_PrePivotedGEPP_pairwiseBubbleMatrix_prefix_invariant	NumStability.higham_problem9_14_PrePivotedGEPP_pairwiseBubbleMatrix_prefix_invariant	NumStability.higham_problem9_14_PrePivotedGEPP_pairwiseBubbleMatrix_prefix_invariant	authored	15476	0	15644	53	15483	8	15483	79	434ABD080F17C5F7070FB3E3B48EA9045D80E346DD03F21F2776E725EADFC779	NumStability.Source.Higham.Chapter09.Section04
route	NumStability.Algorithms.HighamChapter9	NumStability.higham_problem9_14_PrePivotedGEPP_pairwiseBubbleMatrix_terminal_active_eq_zero_of_ne_zero	NumStability.higham_problem9_14_PrePivotedGEPP_pairwiseBubbleMatrix_terminal_active_eq_zero_of_ne_zero	NumStability.higham_problem9_14_PrePivotedGEPP_pairwiseBubbleMatrix_terminal_active_eq_zero_of_ne_zero	NumStability.higham_problem9_14_PrePivotedGEPP_pairwiseBubbleMatrix_terminal_active_eq_zero_of_ne_zero	authored	15748	0	15764	69	15752	4	15752	93	D64F2A5B482C33B6695FEDDD278E90EE918301CA956058B7CBEA5381CE3502F1	NumStability.Source.Higham.Chapter09.Section04
route	NumStability.Algorithms.HighamChapter9	NumStability.higham_problem9_14_PrePivotedGEPP_pairwiseBubbleMatrix_terminal_firstSchurComplement_eq_rowReversed_firstSchurComplement	NumStability.higham_problem9_14_PrePivotedGEPP_pairwiseBubbleMatrix_terminal_firstSchurComplement_eq_rowReversed_firstSchurComplement	NumStability.higham_problem9_14_PrePivotedGEPP_pairwiseBubbleMatrix_terminal_firstSchurComplement_eq_rowReversed_firstSchurComplement	NumStability.higham_problem9_14_PrePivotedGEPP_pairwiseBubbleMatrix_terminal_firstSchurComplement_eq_rowReversed_firstSchurComplement	authored	15910	0	15931	43	15915	4	15915	124	DFB0A236987632771B71309FA62D5866B04347A76A3CBE62BCE029DBC293587A	NumStability.Source.Higham.Chapter09.Section04
route	NumStability.Algorithms.HighamChapter9	NumStability.higham_problem9_14_PrePivotedGEPP_pairwiseBubbleMatrix_terminal_pivot_active_ne_zero	NumStability.higham_problem9_14_PrePivotedGEPP_pairwiseBubbleMatrix_terminal_pivot_active_ne_zero	NumStability.higham_problem9_14_PrePivotedGEPP_pairwiseBubbleMatrix_terminal_pivot_active_ne_zero	NumStability.higham_problem9_14_PrePivotedGEPP_pairwiseBubbleMatrix_terminal_pivot_active_ne_zero	authored	15659	0	15669	15	15662	4	15662	88	8DDCFAB7AC5F3D39187B7DE15AD6AAE66FA39AD437D03747708C39C781895174	NumStability.Source.Higham.Chapter09.Section04
route	NumStability.Algorithms.HighamChapter9	NumStability.higham_problem9_14_PrePivotedGEPP_pairwiseBubbleMatrix_terminal_pivot_row	NumStability.higham_problem9_14_PrePivotedGEPP_pairwiseBubbleMatrix_terminal_pivot_row	NumStability.higham_problem9_14_PrePivotedGEPP_pairwiseBubbleMatrix_terminal_pivot_row	NumStability.higham_problem9_14_PrePivotedGEPP_pairwiseBubbleMatrix_terminal_pivot_row	authored	15646	0	15657	15	15649	8	15649	81	459B07E74A05639A4C29175153FDBE04425D82D239ABD7719EE62B74BE2740D6	NumStability.Source.Higham.Chapter09.Section04
route	NumStability.Algorithms.HighamChapter9	NumStability.higham_problem9_14_PrePivotedGEPP_pairwiseBubbleMatrix_terminal_trailing_eq_rowReversed_firstSchurComplement	NumStability.higham_problem9_14_PrePivotedGEPP_pairwiseBubbleMatrix_terminal_trailing_eq_rowReversed_firstSchurComplement	NumStability.higham_problem9_14_PrePivotedGEPP_pairwiseBubbleMatrix_terminal_trailing_eq_rowReversed_firstSchurComplement	NumStability.higham_problem9_14_PrePivotedGEPP_pairwiseBubbleMatrix_terminal_trailing_eq_rowReversed_firstSchurComplement	authored	15885	0	15908	19	15891	4	15891	112	B04A045879AC0FA0919980EC30473932A3808C5CFD1422475CD21068F82C3296	NumStability.Source.Higham.Chapter09.Section04
route	NumStability.Algorithms.HighamChapter9	NumStability.higham_problem9_14_PrePivotedGEPP_pairwiseBubbleMatrix_two_pivot_row	NumStability.higham_problem9_14_PrePivotedGEPP_pairwiseBubbleMatrix_two_pivot_row	NumStability.higham_problem9_14_PrePivotedGEPP_pairwiseBubbleMatrix_two_pivot_row	NumStability.higham_problem9_14_PrePivotedGEPP_pairwiseBubbleMatrix_two_pivot_row	authored	16162	0	16191	55	16166	8	16166	76	450C77DD96E51788EEE6600BADC8F75724A0B81B81ED6FDF784A30581223AA32	NumStability.Source.Higham.Chapter09.Section04
route	NumStability.Algorithms.HighamChapter9	NumStability.higham_problem9_14_PrePivotedGEPP_rowReversedMatrix_firstColumn_pivot	NumStability.higham_problem9_14_PrePivotedGEPP_rowReversedMatrix_firstColumn_pivot	NumStability.higham_problem9_14_PrePivotedGEPP_rowReversedMatrix_firstColumn_pivot	NumStability.higham_problem9_14_PrePivotedGEPP_rowReversedMatrix_firstColumn_pivot	authored	13860	0	13891	29	13865	8	13865	77	1C8A3904B57E5B66439504796DD92C9018DEF847A407E8163AD2DA0EA99D76B6	NumStability.Source.Higham.Chapter09.Section04
route	NumStability.Algorithms.HighamChapter9	NumStability.higham_problem9_14_PrePivotedGEPP_rowReversedMatrix_pairPivotEliminateToLeft_growthFactorEntry_le_two	NumStability.higham_problem9_14_PrePivotedGEPP_rowReversedMatrix_pairPivotEliminateToLeft_growthFactorEntry_le_two	NumStability.higham_problem9_14_PrePivotedGEPP_rowReversedMatrix_pairPivotEliminateToLeft_growthFactorEntry_le_two	NumStability.higham_problem9_14_PrePivotedGEPP_rowReversedMatrix_pairPivotEliminateToLeft_growthFactorEntry_le_two	authored	16465	0	16489	25	16470	4	16470	105	5FF4EB01E3D7BC5B080B165DFF7315C5072B2870D328F52D244291F5E7CAD24D	NumStability.Source.Higham.Chapter09.Section04
route	NumStability.Algorithms.HighamChapter9	NumStability.higham_problem9_14_PrePivotedGEPP_rowReversedMatrix_pairPivotEliminateToLeft_maxEntryNorm_le_two	NumStability.higham_problem9_14_PrePivotedGEPP_rowReversedMatrix_pairPivotEliminateToLeft_maxEntryNorm_le_two	NumStability.higham_problem9_14_PrePivotedGEPP_rowReversedMatrix_pairPivotEliminateToLeft_maxEntryNorm_le_two	NumStability.higham_problem9_14_PrePivotedGEPP_rowReversedMatrix_pairPivotEliminateToLeft_maxEntryNorm_le_two	authored	16415	0	16463	31	16420	4	16420	100	D89691D54786A51491CCB77322FC47E092EDDDF520F3CA6F57262B5959CB8137	NumStability.Source.Higham.Chapter09.Section04
route	NumStability.Algorithms.HighamChapter9	NumStability.higham_problem9_14_PrePivotedGEPP_rowReversedMatrix_pairPivotEliminateToLeft_multiplier_abs_le_one	NumStability.higham_problem9_14_PrePivotedGEPP_rowReversedMatrix_pairPivotEliminateToLeft_multiplier_abs_le_one	NumStability.higham_problem9_14_PrePivotedGEPP_rowReversedMatrix_pairPivotEliminateToLeft_multiplier_abs_le_one	NumStability.higham_problem9_14_PrePivotedGEPP_rowReversedMatrix_pairPivotEliminateToLeft_multiplier_abs_le_one	authored	16261	0	16287	36	16265	4	16265	102	E572C48DCCCB8458E38966AF15F83DB31C904B60DD6699621712133048394570	NumStability.Source.Higham.Chapter09.Section04
route	NumStability.Algorithms.HighamChapter9	NumStability.higham_problem9_14_PrePivotedGEPP_rowReversedMatrix_pairPivotEliminateToLeft_next_pairPivotRow	NumStability.higham_problem9_14_PrePivotedGEPP_rowReversedMatrix_pairPivotEliminateToLeft_next_pairPivotRow	NumStability.higham_problem9_14_PrePivotedGEPP_rowReversedMatrix_pairPivotEliminateToLeft_next_pairPivotRow	NumStability.higham_problem9_14_PrePivotedGEPP_rowReversedMatrix_pairPivotEliminateToLeft_next_pairPivotRow	authored	15198	0	15218	25	15202	4	15202	98	5CA07067B28A40C7B0C051600DBBD1793F25B1E7E2FFB10DD0CC7BFAC79C26F0	NumStability.Source.Higham.Chapter09.Section04
route	NumStability.Algorithms.HighamChapter9	NumStability.higham_problem9_14_PrePivotedGEPP_rowReversedMatrix_pairPivotEliminateToLeft_normalized_multiplier_abs_le_one	NumStability.higham_problem9_14_PrePivotedGEPP_rowReversedMatrix_pairPivotEliminateToLeft_normalized_multiplier_abs_le_one	NumStability.higham_problem9_14_PrePivotedGEPP_rowReversedMatrix_pairPivotEliminateToLeft_normalized_multiplier_abs_le_one	NumStability.higham_problem9_14_PrePivotedGEPP_rowReversedMatrix_pairPivotEliminateToLeft_normalized_multiplier_abs_le_one	authored	16289	0	16326	8	16293	4	16293	113	5CF293824068E697C12CDC2867E77DD655653B64C36C80B71F4B1490CDAC468D	NumStability.Source.Higham.Chapter09.Section04
route	NumStability.Algorithms.HighamChapter9	NumStability.higham_problem9_14_PrePivotedGEPP_rowReversedMatrix_pairPivotEliminateToLeft_of_ne_pair	NumStability.higham_problem9_14_PrePivotedGEPP_rowReversedMatrix_pairPivotEliminateToLeft_of_ne_pair	NumStability.higham_problem9_14_PrePivotedGEPP_rowReversedMatrix_pairPivotEliminateToLeft_of_ne_pair	NumStability.higham_problem9_14_PrePivotedGEPP_rowReversedMatrix_pairPivotEliminateToLeft_of_ne_pair	authored	15105	0	15132	65	15110	4	15110	91	C60030A2DE2D04CC8FDFC04ABEBB2871EC20EC0A4A95121BD78283C1D777CA5F	NumStability.Source.Higham.Chapter09.Section04
route	NumStability.Algorithms.HighamChapter9	NumStability.higham_problem9_14_PrePivotedGEPP_rowReversedMatrix_pairPivotEliminateToLeft_pivot_active_ne_zero	NumStability.higham_problem9_14_PrePivotedGEPP_rowReversedMatrix_pairPivotEliminateToLeft_pivot_active_ne_zero	NumStability.higham_problem9_14_PrePivotedGEPP_rowReversedMatrix_pairPivotEliminateToLeft_pivot_active_ne_zero	NumStability.higham_problem9_14_PrePivotedGEPP_rowReversedMatrix_pairPivotEliminateToLeft_pivot_active_ne_zero	authored	15134	0	15153	28	15139	4	15139	101	4B6C8282C568C8568835D344A001F3B6F13F2493AB3522FE21B09BA8F3F96384	NumStability.Source.Higham.Chapter09.Section04
route	NumStability.Algorithms.HighamChapter9	NumStability.higham_problem9_14_PrePivotedGEPP_rowReversedMatrix_pairPivotEliminateToLeft_pivot_row	NumStability.higham_problem9_14_PrePivotedGEPP_rowReversedMatrix_pairPivotEliminateToLeft_pivot_row	NumStability.higham_problem9_14_PrePivotedGEPP_rowReversedMatrix_pairPivotEliminateToLeft_pivot_row	NumStability.higham_problem9_14_PrePivotedGEPP_rowReversedMatrix_pairPivotEliminateToLeft_pivot_row	authored	15075	0	15103	10	15080	4	15080	90	61F38AEA046B8D510613D84C53E2913283C909B090F31F69A020C52ECDCC1317	NumStability.Source.Higham.Chapter09.Section04
route	NumStability.Algorithms.HighamChapter9	NumStability.higham_problem9_14_PrePivotedGEPP_rowReversedMatrix_pairPivotEliminateToLeft_target_abs_le_two	NumStability.higham_problem9_14_PrePivotedGEPP_rowReversedMatrix_pairPivotEliminateToLeft_target_abs_le_two	NumStability.higham_problem9_14_PrePivotedGEPP_rowReversedMatrix_pairPivotEliminateToLeft_target_abs_le_two	NumStability.higham_problem9_14_PrePivotedGEPP_rowReversedMatrix_pairPivotEliminateToLeft_target_abs_le_two	authored	16359	0	16413	67	16364	4	16364	98	5877325CB5F38721357CF97B59BA3A8554D3EC92D7475884F298A5A2D5D5C58D	NumStability.Source.Higham.Chapter09.Section04
route	NumStability.Algorithms.HighamChapter9	NumStability.higham_problem9_14_PrePivotedGEPP_rowReversedMatrix_pairPivotEliminateToLeft_target_active_eq_zero	NumStability.higham_problem9_14_PrePivotedGEPP_rowReversedMatrix_pairPivotEliminateToLeft_target_active_eq_zero	NumStability.higham_problem9_14_PrePivotedGEPP_rowReversedMatrix_pairPivotEliminateToLeft_target_active_eq_zero	NumStability.higham_problem9_14_PrePivotedGEPP_rowReversedMatrix_pairPivotEliminateToLeft_target_active_eq_zero	authored	16238	0	16259	36	16242	4	16242	102	BBF4F42561F5CB1C01C78AC8C78E5097CAC0A9899D11695EA4ABE07E211D5660	NumStability.Source.Higham.Chapter09.Section04
route	NumStability.Algorithms.HighamChapter9	NumStability.higham_problem9_14_PrePivotedGEPP_rowReversedMatrix_pairPivotEliminateToLeft_target_row	NumStability.higham_problem9_14_PrePivotedGEPP_rowReversedMatrix_pairPivotEliminateToLeft_target_row	NumStability.higham_problem9_14_PrePivotedGEPP_rowReversedMatrix_pairPivotEliminateToLeft_target_row	NumStability.higham_problem9_14_PrePivotedGEPP_rowReversedMatrix_pairPivotEliminateToLeft_target_row	authored	16193	0	16236	80	16198	4	16198	91	4329D9B554150448A45FFBE9ACC19BA7634CC127089B00DDB94EAECD7EDCB950	NumStability.Source.Higham.Chapter09.Section04
route	NumStability.Algorithms.HighamChapter9	NumStability.higham_problem9_14_PrePivotedGEPP_rowReversedMatrix_pairPivotEliminateToLeft_twoStep_of_ne_triple	NumStability.higham_problem9_14_PrePivotedGEPP_rowReversedMatrix_pairPivotEliminateToLeft_twoStep_of_ne_triple	NumStability.higham_problem9_14_PrePivotedGEPP_rowReversedMatrix_pairPivotEliminateToLeft_twoStep_of_ne_triple	NumStability.higham_problem9_14_PrePivotedGEPP_rowReversedMatrix_pairPivotEliminateToLeft_twoStep_of_ne_triple	authored	15250	0	15283	26	15254	4	15254	101	745E04DF1ECD7C5CC890759E3A5A87FDF9A2EBCCE1592795AA29FFE5C79D1BC7	NumStability.Source.Higham.Chapter09.Section04
route	NumStability.Algorithms.HighamChapter9	NumStability.higham_problem9_14_PrePivotedGEPP_rowReversedMatrix_pairPivotEliminateToLeft_twoStep_pivot_active_ne_zero	NumStability.higham_problem9_14_PrePivotedGEPP_rowReversedMatrix_pairPivotEliminateToLeft_twoStep_pivot_active_ne_zero	NumStability.higham_problem9_14_PrePivotedGEPP_rowReversedMatrix_pairPivotEliminateToLeft_twoStep_pivot_active_ne_zero	NumStability.higham_problem9_14_PrePivotedGEPP_rowReversedMatrix_pairPivotEliminateToLeft_twoStep_pivot_active_ne_zero	authored	15285	0	15306	25	15289	4	15289	109	97F58075306BF6959427428E283910D9EF0A8309D245D0FA9852ED03E1E408B5	NumStability.Source.Higham.Chapter09.Section04
route	NumStability.Algorithms.HighamChapter9	NumStability.higham_problem9_14_PrePivotedGEPP_rowReversedMatrix_pairPivotEliminateToLeft_twoStep_pivot_row	NumStability.higham_problem9_14_PrePivotedGEPP_rowReversedMatrix_pairPivotEliminateToLeft_twoStep_pivot_row	NumStability.higham_problem9_14_PrePivotedGEPP_rowReversedMatrix_pairPivotEliminateToLeft_twoStep_pivot_row	NumStability.higham_problem9_14_PrePivotedGEPP_rowReversedMatrix_pairPivotEliminateToLeft_twoStep_pivot_row	authored	15220	0	15248	15	15226	4	15226	98	35BB2A1CDD8B49BD692A13C52999A4432172A558A1FE4914FE334DCFA32B3CD3	NumStability.Source.Higham.Chapter09.Section04
route	NumStability.Algorithms.HighamChapter9	NumStability.higham_problem9_14_PrePivotedGEPP_rowReversedMatrix_pairPivotEliminateToLeft_twoStep_unchanged_abs_le_pivot	NumStability.higham_problem9_14_PrePivotedGEPP_rowReversedMatrix_pairPivotEliminateToLeft_twoStep_unchanged_abs_le_pivot	NumStability.higham_problem9_14_PrePivotedGEPP_rowReversedMatrix_pairPivotEliminateToLeft_twoStep_unchanged_abs_le_pivot	NumStability.higham_problem9_14_PrePivotedGEPP_rowReversedMatrix_pairPivotEliminateToLeft_twoStep_unchanged_abs_le_pivot	authored	15308	0	15353	26	15312	4	15312	111	CD03690A76B287EB9B9FF4ADEA01F3E2D6B8FA76A8E87E3CD55D051C90266461	NumStability.Source.Higham.Chapter09.Section04
route	NumStability.Algorithms.HighamChapter9	NumStability.higham_problem9_14_PrePivotedGEPP_rowReversedMatrix_pairPivotEliminateToLeft_unchanged_abs_le_pivot	NumStability.higham_problem9_14_PrePivotedGEPP_rowReversedMatrix_pairPivotEliminateToLeft_unchanged_abs_le_pivot	NumStability.higham_problem9_14_PrePivotedGEPP_rowReversedMatrix_pairPivotEliminateToLeft_unchanged_abs_le_pivot	NumStability.higham_problem9_14_PrePivotedGEPP_rowReversedMatrix_pairPivotEliminateToLeft_unchanged_abs_le_pivot	authored	15155	0	15196	26	15160	4	15160	103	B26A1E7FF7801D85ECA5678C5A8B361AB047C1D96121F392B1D997883708E9BE	NumStability.Source.Higham.Chapter09.Section04
route	NumStability.Algorithms.HighamChapter9	NumStability.higham_problem9_14_PrePivotedGEPP_rowReversedMatrix_pairPivotRow_last	NumStability.higham_problem9_14_PrePivotedGEPP_rowReversedMatrix_pairPivotRow_last	NumStability.higham_problem9_14_PrePivotedGEPP_rowReversedMatrix_pairPivotRow_last	NumStability.higham_problem9_14_PrePivotedGEPP_rowReversedMatrix_pairPivotRow_last	authored	14100	0	14117	15	14105	8	14105	77	EE10D93AE39E0D5CAB6833D192D4FFBFDCB338F6E1B29E7FAF777A291FD0BFE7	NumStability.Source.Higham.Chapter09.Section04
route	NumStability.Algorithms.HighamChapter9	NumStability.higham_problem9_14_RecursiveFirstMethodLUFactSpec	NumStability.higham_problem9_14_RecursiveFirstMethodLUFactSpec	NumStability.higham_problem9_14_RecursiveFirstMethodLUFactSpec	NumStability.higham_problem9_14_RecursiveFirstMethodLUFactSpec	authored	14743	0	14770	53	14747	10	14747	59	4C57ABF60340BCE2CF70BBB642915167D0FD3A7879570D698E46528F1CCF3804	NumStability.Source.Higham.Chapter09.Section04
route	NumStability.Algorithms.HighamChapter9	NumStability.higham_problem9_14_RecursiveFirstMethodLUFactSpec.below	NumStability.higham_problem9_14_RecursiveFirstMethodLUFactSpec.below	NumStability.higham_problem9_14_RecursiveFirstMethodLUFactSpec	NumStability.higham_problem9_14_RecursiveFirstMethodLUFactSpec	compiler_generated	14743	0	14770	53	14747	10	14747	59	4C57ABF60340BCE2CF70BBB642915167D0FD3A7879570D698E46528F1CCF3804	NumStability.Source.Higham.Chapter09.Section04
route	NumStability.Algorithms.HighamChapter9	NumStability.higham_problem9_14_RecursiveFirstMethodLUFactSpec.below.casesOn	NumStability.higham_problem9_14_RecursiveFirstMethodLUFactSpec.below.casesOn	NumStability.higham_problem9_14_RecursiveFirstMethodLUFactSpec	NumStability.higham_problem9_14_RecursiveFirstMethodLUFactSpec	compiler_generated	14743	0	14770	53	14747	10	14747	59	4C57ABF60340BCE2CF70BBB642915167D0FD3A7879570D698E46528F1CCF3804	NumStability.Source.Higham.Chapter09.Section04
route	NumStability.Algorithms.HighamChapter9	NumStability.higham_problem9_14_RecursiveFirstMethodLUFactSpec.below.done	NumStability.higham_problem9_14_RecursiveFirstMethodLUFactSpec.below.done	NumStability.higham_problem9_14_RecursiveFirstMethodLUFactSpec	NumStability.higham_problem9_14_RecursiveFirstMethodLUFactSpec	compiler_generated	14743	0	14770	53	14747	10	14747	59	4C57ABF60340BCE2CF70BBB642915167D0FD3A7879570D698E46528F1CCF3804	NumStability.Source.Higham.Chapter09.Section04
route	NumStability.Algorithms.HighamChapter9	NumStability.higham_problem9_14_RecursiveFirstMethodLUFactSpec.below.rec	NumStability.higham_problem9_14_RecursiveFirstMethodLUFactSpec.below.rec	NumStability.higham_problem9_14_RecursiveFirstMethodLUFactSpec	NumStability.higham_problem9_14_RecursiveFirstMethodLUFactSpec	compiler_generated	14743	0	14770	53	14747	10	14747	59	4C57ABF60340BCE2CF70BBB642915167D0FD3A7879570D698E46528F1CCF3804	NumStability.Source.Higham.Chapter09.Section04
route	NumStability.Algorithms.HighamChapter9	NumStability.higham_problem9_14_RecursiveFirstMethodLUFactSpec.below.step	NumStability.higham_problem9_14_RecursiveFirstMethodLUFactSpec.below.step	NumStability.higham_problem9_14_RecursiveFirstMethodLUFactSpec	NumStability.higham_problem9_14_RecursiveFirstMethodLUFactSpec	compiler_generated	14743	0	14770	53	14747	10	14747	59	4C57ABF60340BCE2CF70BBB642915167D0FD3A7879570D698E46528F1CCF3804	NumStability.Source.Higham.Chapter09.Section04
route	NumStability.Algorithms.HighamChapter9	NumStability.higham_problem9_14_RecursiveFirstMethodLUFactSpec.brecOn	NumStability.higham_problem9_14_RecursiveFirstMethodLUFactSpec.brecOn	NumStability.higham_problem9_14_RecursiveFirstMethodLUFactSpec	NumStability.higham_problem9_14_RecursiveFirstMethodLUFactSpec	compiler_generated	14743	0	14770	53	14747	10	14747	59	4C57ABF60340BCE2CF70BBB642915167D0FD3A7879570D698E46528F1CCF3804	NumStability.Source.Higham.Chapter09.Section04
route	NumStability.Algorithms.HighamChapter9	NumStability.higham_problem9_14_RecursiveFirstMethodLUFactSpec.casesOn	NumStability.higham_problem9_14_RecursiveFirstMethodLUFactSpec.casesOn	NumStability.higham_problem9_14_RecursiveFirstMethodLUFactSpec	NumStability.higham_problem9_14_RecursiveFirstMethodLUFactSpec	compiler_generated	14743	0	14770	53	14747	10	14747	59	4C57ABF60340BCE2CF70BBB642915167D0FD3A7879570D698E46528F1CCF3804	NumStability.Source.Higham.Chapter09.Section04
route	NumStability.Algorithms.HighamChapter9	NumStability.higham_problem9_14_RecursiveFirstMethodLUFactSpec.done	NumStability.higham_problem9_14_RecursiveFirstMethodLUFactSpec.done	NumStability.higham_problem9_14_RecursiveFirstMethodLUFactSpec	NumStability.higham_problem9_14_RecursiveFirstMethodLUFactSpec	compiler_generated	14743	0	14770	53	14747	10	14747	59	4C57ABF60340BCE2CF70BBB642915167D0FD3A7879570D698E46528F1CCF3804	NumStability.Source.Higham.Chapter09.Section04
route	NumStability.Algorithms.HighamChapter9	NumStability.higham_problem9_14_RecursiveFirstMethodLUFactSpec.rec	NumStability.higham_problem9_14_RecursiveFirstMethodLUFactSpec.rec	NumStability.higham_problem9_14_RecursiveFirstMethodLUFactSpec	NumStability.higham_problem9_14_RecursiveFirstMethodLUFactSpec	compiler_generated	14743	0	14770	53	14747	10	14747	59	4C57ABF60340BCE2CF70BBB642915167D0FD3A7879570D698E46528F1CCF3804	NumStability.Source.Higham.Chapter09.Section04
route	NumStability.Algorithms.HighamChapter9	NumStability.higham_problem9_14_RecursiveFirstMethodLUFactSpec.recOn	NumStability.higham_problem9_14_RecursiveFirstMethodLUFactSpec.recOn	NumStability.higham_problem9_14_RecursiveFirstMethodLUFactSpec	NumStability.higham_problem9_14_RecursiveFirstMethodLUFactSpec	compiler_generated	14743	0	14770	53	14747	10	14747	59	4C57ABF60340BCE2CF70BBB642915167D0FD3A7879570D698E46528F1CCF3804	NumStability.Source.Higham.Chapter09.Section04
route	NumStability.Algorithms.HighamChapter9	NumStability.higham_problem9_14_RecursiveFirstMethodLUFactSpec.step	NumStability.higham_problem9_14_RecursiveFirstMethodLUFactSpec.step	NumStability.higham_problem9_14_RecursiveFirstMethodLUFactSpec	NumStability.higham_problem9_14_RecursiveFirstMethodLUFactSpec	compiler_generated	14743	0	14770	53	14747	10	14747	59	4C57ABF60340BCE2CF70BBB642915167D0FD3A7879570D698E46528F1CCF3804	NumStability.Source.Higham.Chapter09.Section04
route	NumStability.Algorithms.HighamChapter9	NumStability.higham_problem9_14_RecursiveFirstMethodLUFactSpec_same_as_PrePivotedGEPP	NumStability.higham_problem9_14_RecursiveFirstMethodLUFactSpec_same_as_PrePivotedGEPP	NumStability.higham_problem9_14_RecursiveFirstMethodLUFactSpec_same_as_PrePivotedGEPP	NumStability.higham_problem9_14_RecursiveFirstMethodLUFactSpec_same_as_PrePivotedGEPP	authored	14831	0	14842	9	14834	8	14834	80	81C074EF40415036139F73825F15EA306D26724252A4A6C0378AF0FE7A5E1365	NumStability.Source.Higham.Chapter09.Section04
route	NumStability.Algorithms.HighamChapter9	NumStability.higham_problem9_14_RecursiveFirstMethodLUFactSpec_to_LUFactSpec	NumStability.higham_problem9_14_RecursiveFirstMethodLUFactSpec_to_LUFactSpec	NumStability.higham_problem9_14_RecursiveFirstMethodLUFactSpec_to_LUFactSpec	NumStability.higham_problem9_14_RecursiveFirstMethodLUFactSpec_to_LUFactSpec	authored	14772	0	14795	65	14774	8	14774	71	D4EB3BB6057A3B6DE71A342312D2DE56F2A283D5822BA2E917F9594056504CD1	NumStability.Source.Higham.Chapter09.Section04
route	NumStability.Algorithms.HighamChapter9	NumStability.higham_problem9_14_RecursiveFirstMethodTrace	NumStability.higham_problem9_14_RecursiveFirstMethodTrace	NumStability.higham_problem9_14_RecursiveFirstMethodTrace	NumStability.higham_problem9_14_RecursiveFirstMethodTrace	authored	14695	0	14718	60	14699	10	14699	54	49C6C303B6602460AFBA5242CD996CA441F847C550E0009F4CA0DCAA3DCDD66E	NumStability.Source.Higham.Chapter09.Section04
route	NumStability.Algorithms.HighamChapter9	NumStability.higham_problem9_14_RecursiveFirstMethodTrace.below	NumStability.higham_problem9_14_RecursiveFirstMethodTrace.below	NumStability.higham_problem9_14_RecursiveFirstMethodTrace	NumStability.higham_problem9_14_RecursiveFirstMethodTrace	compiler_generated	14695	0	14718	60	14699	10	14699	54	49C6C303B6602460AFBA5242CD996CA441F847C550E0009F4CA0DCAA3DCDD66E	NumStability.Source.Higham.Chapter09.Section04
route	NumStability.Algorithms.HighamChapter9	NumStability.higham_problem9_14_RecursiveFirstMethodTrace.below.casesOn	NumStability.higham_problem9_14_RecursiveFirstMethodTrace.below.casesOn	NumStability.higham_problem9_14_RecursiveFirstMethodTrace	NumStability.higham_problem9_14_RecursiveFirstMethodTrace	compiler_generated	14695	0	14718	60	14699	10	14699	54	49C6C303B6602460AFBA5242CD996CA441F847C550E0009F4CA0DCAA3DCDD66E	NumStability.Source.Higham.Chapter09.Section04
route	NumStability.Algorithms.HighamChapter9	NumStability.higham_problem9_14_RecursiveFirstMethodTrace.below.done	NumStability.higham_problem9_14_RecursiveFirstMethodTrace.below.done	NumStability.higham_problem9_14_RecursiveFirstMethodTrace	NumStability.higham_problem9_14_RecursiveFirstMethodTrace	compiler_generated	14695	0	14718	60	14699	10	14699	54	49C6C303B6602460AFBA5242CD996CA441F847C550E0009F4CA0DCAA3DCDD66E	NumStability.Source.Higham.Chapter09.Section04
route	NumStability.Algorithms.HighamChapter9	NumStability.higham_problem9_14_RecursiveFirstMethodTrace.below.rec	NumStability.higham_problem9_14_RecursiveFirstMethodTrace.below.rec	NumStability.higham_problem9_14_RecursiveFirstMethodTrace	NumStability.higham_problem9_14_RecursiveFirstMethodTrace	compiler_generated	14695	0	14718	60	14699	10	14699	54	49C6C303B6602460AFBA5242CD996CA441F847C550E0009F4CA0DCAA3DCDD66E	NumStability.Source.Higham.Chapter09.Section04
route	NumStability.Algorithms.HighamChapter9	NumStability.higham_problem9_14_RecursiveFirstMethodTrace.below.step	NumStability.higham_problem9_14_RecursiveFirstMethodTrace.below.step	NumStability.higham_problem9_14_RecursiveFirstMethodTrace	NumStability.higham_problem9_14_RecursiveFirstMethodTrace	compiler_generated	14695	0	14718	60	14699	10	14699	54	49C6C303B6602460AFBA5242CD996CA441F847C550E0009F4CA0DCAA3DCDD66E	NumStability.Source.Higham.Chapter09.Section04
route	NumStability.Algorithms.HighamChapter9	NumStability.higham_problem9_14_RecursiveFirstMethodTrace.brecOn	NumStability.higham_problem9_14_RecursiveFirstMethodTrace.brecOn	NumStability.higham_problem9_14_RecursiveFirstMethodTrace	NumStability.higham_problem9_14_RecursiveFirstMethodTrace	compiler_generated	14695	0	14718	60	14699	10	14699	54	49C6C303B6602460AFBA5242CD996CA441F847C550E0009F4CA0DCAA3DCDD66E	NumStability.Source.Higham.Chapter09.Section04
route	NumStability.Algorithms.HighamChapter9	NumStability.higham_problem9_14_RecursiveFirstMethodTrace.casesOn	NumStability.higham_problem9_14_RecursiveFirstMethodTrace.casesOn	NumStability.higham_problem9_14_RecursiveFirstMethodTrace	NumStability.higham_problem9_14_RecursiveFirstMethodTrace	compiler_generated	14695	0	14718	60	14699	10	14699	54	49C6C303B6602460AFBA5242CD996CA441F847C550E0009F4CA0DCAA3DCDD66E	NumStability.Source.Higham.Chapter09.Section04
route	NumStability.Algorithms.HighamChapter9	NumStability.higham_problem9_14_RecursiveFirstMethodTrace.done	NumStability.higham_problem9_14_RecursiveFirstMethodTrace.done	NumStability.higham_problem9_14_RecursiveFirstMethodTrace	NumStability.higham_problem9_14_RecursiveFirstMethodTrace	compiler_generated	14695	0	14718	60	14699	10	14699	54	49C6C303B6602460AFBA5242CD996CA441F847C550E0009F4CA0DCAA3DCDD66E	NumStability.Source.Higham.Chapter09.Section04
route	NumStability.Algorithms.HighamChapter9	NumStability.higham_problem9_14_RecursiveFirstMethodTrace.rec	NumStability.higham_problem9_14_RecursiveFirstMethodTrace.rec	NumStability.higham_problem9_14_RecursiveFirstMethodTrace	NumStability.higham_problem9_14_RecursiveFirstMethodTrace	compiler_generated	14695	0	14718	60	14699	10	14699	54	49C6C303B6602460AFBA5242CD996CA441F847C550E0009F4CA0DCAA3DCDD66E	NumStability.Source.Higham.Chapter09.Section04
route	NumStability.Algorithms.HighamChapter9	NumStability.higham_problem9_14_RecursiveFirstMethodTrace.recOn	NumStability.higham_problem9_14_RecursiveFirstMethodTrace.recOn	NumStability.higham_problem9_14_RecursiveFirstMethodTrace	NumStability.higham_problem9_14_RecursiveFirstMethodTrace	compiler_generated	14695	0	14718	60	14699	10	14699	54	49C6C303B6602460AFBA5242CD996CA441F847C550E0009F4CA0DCAA3DCDD66E	NumStability.Source.Higham.Chapter09.Section04
route	NumStability.Algorithms.HighamChapter9	NumStability.higham_problem9_14_RecursiveFirstMethodTrace.step	NumStability.higham_problem9_14_RecursiveFirstMethodTrace.step	NumStability.higham_problem9_14_RecursiveFirstMethodTrace	NumStability.higham_problem9_14_RecursiveFirstMethodTrace	compiler_generated	14695	0	14718	60	14699	10	14699	54	49C6C303B6602460AFBA5242CD996CA441F847C550E0009F4CA0DCAA3DCDD66E	NumStability.Source.Higham.Chapter09.Section04
route	NumStability.Algorithms.HighamChapter9	NumStability.higham_problem9_14_RecursiveFirstMethodTrace_of_PrePivotedGEPP	NumStability.higham_problem9_14_RecursiveFirstMethodTrace_of_PrePivotedGEPP	NumStability.higham_problem9_14_RecursiveFirstMethodTrace_of_PrePivotedGEPP	NumStability.higham_problem9_14_RecursiveFirstMethodTrace_of_PrePivotedGEPP	authored	14720	0	14741	72	14722	8	14722	70	479B5A86E6815C480040095FC97C936E53976EBAABB5060722CE5283F6F834A2	NumStability.Source.Higham.Chapter09.Section04
route	NumStability.Algorithms.HighamChapter9	NumStability.higham_problem9_14_RecursivePairwiseBubbleTrace	NumStability.higham_problem9_14_RecursivePairwiseBubbleTrace	NumStability.higham_problem9_14_RecursivePairwiseBubbleTrace	NumStability.higham_problem9_14_RecursivePairwiseBubbleTrace	authored	15933	0	15954	63	15938	10	15938	57	5E6D9DEF59A0DD386F1D4DD0FDA29EBA2458EE214342805BA4C0503CDCE01DDC	NumStability.Source.Higham.Chapter09.Section04
route	NumStability.Algorithms.HighamChapter9	NumStability.higham_problem9_14_RecursivePairwiseBubbleTrace.below	NumStability.higham_problem9_14_RecursivePairwiseBubbleTrace.below	NumStability.higham_problem9_14_RecursivePairwiseBubbleTrace	NumStability.higham_problem9_14_RecursivePairwiseBubbleTrace	compiler_generated	15933	0	15954	63	15938	10	15938	57	5E6D9DEF59A0DD386F1D4DD0FDA29EBA2458EE214342805BA4C0503CDCE01DDC	NumStability.Source.Higham.Chapter09.Section04
route	NumStability.Algorithms.HighamChapter9	NumStability.higham_problem9_14_RecursivePairwiseBubbleTrace.below.casesOn	NumStability.higham_problem9_14_RecursivePairwiseBubbleTrace.below.casesOn	NumStability.higham_problem9_14_RecursivePairwiseBubbleTrace	NumStability.higham_problem9_14_RecursivePairwiseBubbleTrace	compiler_generated	15933	0	15954	63	15938	10	15938	57	5E6D9DEF59A0DD386F1D4DD0FDA29EBA2458EE214342805BA4C0503CDCE01DDC	NumStability.Source.Higham.Chapter09.Section04
route	NumStability.Algorithms.HighamChapter9	NumStability.higham_problem9_14_RecursivePairwiseBubbleTrace.below.done	NumStability.higham_problem9_14_RecursivePairwiseBubbleTrace.below.done	NumStability.higham_problem9_14_RecursivePairwiseBubbleTrace	NumStability.higham_problem9_14_RecursivePairwiseBubbleTrace	compiler_generated	15933	0	15954	63	15938	10	15938	57	5E6D9DEF59A0DD386F1D4DD0FDA29EBA2458EE214342805BA4C0503CDCE01DDC	NumStability.Source.Higham.Chapter09.Section04
route	NumStability.Algorithms.HighamChapter9	NumStability.higham_problem9_14_RecursivePairwiseBubbleTrace.below.rec	NumStability.higham_problem9_14_RecursivePairwiseBubbleTrace.below.rec	NumStability.higham_problem9_14_RecursivePairwiseBubbleTrace	NumStability.higham_problem9_14_RecursivePairwiseBubbleTrace	compiler_generated	15933	0	15954	63	15938	10	15938	57	5E6D9DEF59A0DD386F1D4DD0FDA29EBA2458EE214342805BA4C0503CDCE01DDC	NumStability.Source.Higham.Chapter09.Section04
route	NumStability.Algorithms.HighamChapter9	NumStability.higham_problem9_14_RecursivePairwiseBubbleTrace.below.step	NumStability.higham_problem9_14_RecursivePairwiseBubbleTrace.below.step	NumStability.higham_problem9_14_RecursivePairwiseBubbleTrace	NumStability.higham_problem9_14_RecursivePairwiseBubbleTrace	compiler_generated	15933	0	15954	63	15938	10	15938	57	5E6D9DEF59A0DD386F1D4DD0FDA29EBA2458EE214342805BA4C0503CDCE01DDC	NumStability.Source.Higham.Chapter09.Section04
route	NumStability.Algorithms.HighamChapter9	NumStability.higham_problem9_14_RecursivePairwiseBubbleTrace.brecOn	NumStability.higham_problem9_14_RecursivePairwiseBubbleTrace.brecOn	NumStability.higham_problem9_14_RecursivePairwiseBubbleTrace	NumStability.higham_problem9_14_RecursivePairwiseBubbleTrace	compiler_generated	15933	0	15954	63	15938	10	15938	57	5E6D9DEF59A0DD386F1D4DD0FDA29EBA2458EE214342805BA4C0503CDCE01DDC	NumStability.Source.Higham.Chapter09.Section04
route	NumStability.Algorithms.HighamChapter9	NumStability.higham_problem9_14_RecursivePairwiseBubbleTrace.casesOn	NumStability.higham_problem9_14_RecursivePairwiseBubbleTrace.casesOn	NumStability.higham_problem9_14_RecursivePairwiseBubbleTrace	NumStability.higham_problem9_14_RecursivePairwiseBubbleTrace	compiler_generated	15933	0	15954	63	15938	10	15938	57	5E6D9DEF59A0DD386F1D4DD0FDA29EBA2458EE214342805BA4C0503CDCE01DDC	NumStability.Source.Higham.Chapter09.Section04
route	NumStability.Algorithms.HighamChapter9	NumStability.higham_problem9_14_RecursivePairwiseBubbleTrace.done	NumStability.higham_problem9_14_RecursivePairwiseBubbleTrace.done	NumStability.higham_problem9_14_RecursivePairwiseBubbleTrace	NumStability.higham_problem9_14_RecursivePairwiseBubbleTrace	compiler_generated	15933	0	15954	63	15938	10	15938	57	5E6D9DEF59A0DD386F1D4DD0FDA29EBA2458EE214342805BA4C0503CDCE01DDC	NumStability.Source.Higham.Chapter09.Section04
route	NumStability.Algorithms.HighamChapter9	NumStability.higham_problem9_14_RecursivePairwiseBubbleTrace.rec	NumStability.higham_problem9_14_RecursivePairwiseBubbleTrace.rec	NumStability.higham_problem9_14_RecursivePairwiseBubbleTrace	NumStability.higham_problem9_14_RecursivePairwiseBubbleTrace	compiler_generated	15933	0	15954	63	15938	10	15938	57	5E6D9DEF59A0DD386F1D4DD0FDA29EBA2458EE214342805BA4C0503CDCE01DDC	NumStability.Source.Higham.Chapter09.Section04
route	NumStability.Algorithms.HighamChapter9	NumStability.higham_problem9_14_RecursivePairwiseBubbleTrace.recOn	NumStability.higham_problem9_14_RecursivePairwiseBubbleTrace.recOn	NumStability.higham_problem9_14_RecursivePairwiseBubbleTrace	NumStability.higham_problem9_14_RecursivePairwiseBubbleTrace	compiler_generated	15933	0	15954	63	15938	10	15938	57	5E6D9DEF59A0DD386F1D4DD0FDA29EBA2458EE214342805BA4C0503CDCE01DDC	NumStability.Source.Higham.Chapter09.Section04
route	NumStability.Algorithms.HighamChapter9	NumStability.higham_problem9_14_RecursivePairwiseBubbleTrace.step	NumStability.higham_problem9_14_RecursivePairwiseBubbleTrace.step	NumStability.higham_problem9_14_RecursivePairwiseBubbleTrace	NumStability.higham_problem9_14_RecursivePairwiseBubbleTrace	compiler_generated	15933	0	15954	63	15938	10	15938	57	5E6D9DEF59A0DD386F1D4DD0FDA29EBA2458EE214342805BA4C0503CDCE01DDC	NumStability.Source.Higham.Chapter09.Section04
route	NumStability.Algorithms.HighamChapter9	NumStability.higham_problem9_14_RecursivePairwiseBubbleTrace_of_PrePivotedGEPP	NumStability.higham_problem9_14_RecursivePairwiseBubbleTrace_of_PrePivotedGEPP	NumStability.higham_problem9_14_RecursivePairwiseBubbleTrace_of_PrePivotedGEPP	NumStability.higham_problem9_14_RecursivePairwiseBubbleTrace_of_PrePivotedGEPP	authored	15956	0	15977	72	15961	8	15961	73	9CFEFF21EFC630CDF6F691B34271749C2A3300FBEDCB8E8806384A58F359B5F2	NumStability.Source.Higham.Chapter09.Section04
route	NumStability.Algorithms.HighamChapter9	NumStability.higham_problem9_14_RecursivePairwiseLUFactSpec	NumStability.higham_problem9_14_RecursivePairwiseLUFactSpec	NumStability.higham_problem9_14_RecursivePairwiseLUFactSpec	NumStability.higham_problem9_14_RecursivePairwiseLUFactSpec	authored	15979	0	16004	47	15984	10	15984	56	8779E98028BB4B48195D0AE9E106FCB15EB83F24ECFD1986DC9D1C17944885CA	NumStability.Source.Higham.Chapter09.Section04
route	NumStability.Algorithms.HighamChapter9	NumStability.higham_problem9_14_RecursivePairwiseLUFactSpec.below	NumStability.higham_problem9_14_RecursivePairwiseLUFactSpec.below	NumStability.higham_problem9_14_RecursivePairwiseLUFactSpec	NumStability.higham_problem9_14_RecursivePairwiseLUFactSpec	compiler_generated	15979	0	16004	47	15984	10	15984	56	8779E98028BB4B48195D0AE9E106FCB15EB83F24ECFD1986DC9D1C17944885CA	NumStability.Source.Higham.Chapter09.Section04
route	NumStability.Algorithms.HighamChapter9	NumStability.higham_problem9_14_RecursivePairwiseLUFactSpec.below.casesOn	NumStability.higham_problem9_14_RecursivePairwiseLUFactSpec.below.casesOn	NumStability.higham_problem9_14_RecursivePairwiseLUFactSpec	NumStability.higham_problem9_14_RecursivePairwiseLUFactSpec	compiler_generated	15979	0	16004	47	15984	10	15984	56	8779E98028BB4B48195D0AE9E106FCB15EB83F24ECFD1986DC9D1C17944885CA	NumStability.Source.Higham.Chapter09.Section04
route	NumStability.Algorithms.HighamChapter9	NumStability.higham_problem9_14_RecursivePairwiseLUFactSpec.below.done	NumStability.higham_problem9_14_RecursivePairwiseLUFactSpec.below.done	NumStability.higham_problem9_14_RecursivePairwiseLUFactSpec	NumStability.higham_problem9_14_RecursivePairwiseLUFactSpec	compiler_generated	15979	0	16004	47	15984	10	15984	56	8779E98028BB4B48195D0AE9E106FCB15EB83F24ECFD1986DC9D1C17944885CA	NumStability.Source.Higham.Chapter09.Section04
route	NumStability.Algorithms.HighamChapter9	NumStability.higham_problem9_14_RecursivePairwiseLUFactSpec.below.rec	NumStability.higham_problem9_14_RecursivePairwiseLUFactSpec.below.rec	NumStability.higham_problem9_14_RecursivePairwiseLUFactSpec	NumStability.higham_problem9_14_RecursivePairwiseLUFactSpec	compiler_generated	15979	0	16004	47	15984	10	15984	56	8779E98028BB4B48195D0AE9E106FCB15EB83F24ECFD1986DC9D1C17944885CA	NumStability.Source.Higham.Chapter09.Section04
route	NumStability.Algorithms.HighamChapter9	NumStability.higham_problem9_14_RecursivePairwiseLUFactSpec.below.step	NumStability.higham_problem9_14_RecursivePairwiseLUFactSpec.below.step	NumStability.higham_problem9_14_RecursivePairwiseLUFactSpec	NumStability.higham_problem9_14_RecursivePairwiseLUFactSpec	compiler_generated	15979	0	16004	47	15984	10	15984	56	8779E98028BB4B48195D0AE9E106FCB15EB83F24ECFD1986DC9D1C17944885CA	NumStability.Source.Higham.Chapter09.Section04
route	NumStability.Algorithms.HighamChapter9	NumStability.higham_problem9_14_RecursivePairwiseLUFactSpec.brecOn	NumStability.higham_problem9_14_RecursivePairwiseLUFactSpec.brecOn	NumStability.higham_problem9_14_RecursivePairwiseLUFactSpec	NumStability.higham_problem9_14_RecursivePairwiseLUFactSpec	compiler_generated	15979	0	16004	47	15984	10	15984	56	8779E98028BB4B48195D0AE9E106FCB15EB83F24ECFD1986DC9D1C17944885CA	NumStability.Source.Higham.Chapter09.Section04
route	NumStability.Algorithms.HighamChapter9	NumStability.higham_problem9_14_RecursivePairwiseLUFactSpec.casesOn	NumStability.higham_problem9_14_RecursivePairwiseLUFactSpec.casesOn	NumStability.higham_problem9_14_RecursivePairwiseLUFactSpec	NumStability.higham_problem9_14_RecursivePairwiseLUFactSpec	compiler_generated	15979	0	16004	47	15984	10	15984	56	8779E98028BB4B48195D0AE9E106FCB15EB83F24ECFD1986DC9D1C17944885CA	NumStability.Source.Higham.Chapter09.Section04
route	NumStability.Algorithms.HighamChapter9	NumStability.higham_problem9_14_RecursivePairwiseLUFactSpec.done	NumStability.higham_problem9_14_RecursivePairwiseLUFactSpec.done	NumStability.higham_problem9_14_RecursivePairwiseLUFactSpec	NumStability.higham_problem9_14_RecursivePairwiseLUFactSpec	compiler_generated	15979	0	16004	47	15984	10	15984	56	8779E98028BB4B48195D0AE9E106FCB15EB83F24ECFD1986DC9D1C17944885CA	NumStability.Source.Higham.Chapter09.Section04
route	NumStability.Algorithms.HighamChapter9	NumStability.higham_problem9_14_RecursivePairwiseLUFactSpec.rec	NumStability.higham_problem9_14_RecursivePairwiseLUFactSpec.rec	NumStability.higham_problem9_14_RecursivePairwiseLUFactSpec	NumStability.higham_problem9_14_RecursivePairwiseLUFactSpec	compiler_generated	15979	0	16004	47	15984	10	15984	56	8779E98028BB4B48195D0AE9E106FCB15EB83F24ECFD1986DC9D1C17944885CA	NumStability.Source.Higham.Chapter09.Section04
route	NumStability.Algorithms.HighamChapter9	NumStability.higham_problem9_14_RecursivePairwiseLUFactSpec.recOn	NumStability.higham_problem9_14_RecursivePairwiseLUFactSpec.recOn	NumStability.higham_problem9_14_RecursivePairwiseLUFactSpec	NumStability.higham_problem9_14_RecursivePairwiseLUFactSpec	compiler_generated	15979	0	16004	47	15984	10	15984	56	8779E98028BB4B48195D0AE9E106FCB15EB83F24ECFD1986DC9D1C17944885CA	NumStability.Source.Higham.Chapter09.Section04
route	NumStability.Algorithms.HighamChapter9	NumStability.higham_problem9_14_RecursivePairwiseLUFactSpec.step	NumStability.higham_problem9_14_RecursivePairwiseLUFactSpec.step	NumStability.higham_problem9_14_RecursivePairwiseLUFactSpec	NumStability.higham_problem9_14_RecursivePairwiseLUFactSpec	compiler_generated	15979	0	16004	47	15984	10	15984	56	8779E98028BB4B48195D0AE9E106FCB15EB83F24ECFD1986DC9D1C17944885CA	NumStability.Source.Higham.Chapter09.Section04
route	NumStability.Algorithms.HighamChapter9	NumStability.higham_problem9_14_RecursivePairwiseLUFactSpec_same_as_PrePivotedGEPP	NumStability.higham_problem9_14_RecursivePairwiseLUFactSpec_same_as_PrePivotedGEPP	NumStability.higham_problem9_14_RecursivePairwiseLUFactSpec_same_as_PrePivotedGEPP	NumStability.higham_problem9_14_RecursivePairwiseLUFactSpec_same_as_PrePivotedGEPP	authored	16062	0	16073	9	16065	8	16065	77	68B34AE562815C93E842D88D06EA21680C3E7A5EF515DDB7D6AD9034DD3604CF	NumStability.Source.Higham.Chapter09.Section04
route	NumStability.Algorithms.HighamChapter9	NumStability.higham_problem9_14_RecursivePairwiseLUFactSpec_to_LUFactSpec	NumStability.higham_problem9_14_RecursivePairwiseLUFactSpec_to_LUFactSpec	NumStability.higham_problem9_14_RecursivePairwiseLUFactSpec_to_LUFactSpec	NumStability.higham_problem9_14_RecursivePairwiseLUFactSpec_to_LUFactSpec	authored	16006	0	16029	65	16008	8	16008	68	378E6BE88D65DB8ACFA459A853CDC1F1972B50F0711E2BA0593BFE9FD0553736	NumStability.Source.Higham.Chapter09.Section04
route	NumStability.Algorithms.HighamChapter9	NumStability.higham_problem9_14_adjacentRows	NumStability.higham_problem9_14_adjacentRows	NumStability.higham_problem9_14_adjacentRows	NumStability.higham_problem9_14_adjacentRows	authored	13893	0	13897	39	13896	4	13896	35	CFC6D4B5B45A05BBB2C25C5251A8D98C91C5D76F537DCC0493AB60F63E678FFC	NumStability.Source.Higham.Chapter09.Section04
route	NumStability.Algorithms.HighamChapter9	NumStability.higham_problem9_14_exists_RecursiveFirstMethodLUFactSpec_of_PrePivotedGEPP	NumStability.higham_problem9_14_exists_RecursiveFirstMethodLUFactSpec_of_PrePivotedGEPP	NumStability.higham_problem9_14_exists_RecursiveFirstMethodLUFactSpec_of_PrePivotedGEPP	NumStability.higham_problem9_14_exists_RecursiveFirstMethodLUFactSpec_of_PrePivotedGEPP	authored	14797	0	14829	20	14799	8	14799	82	A13C3E82D3DAF7D428CFB18180E7E9EBDB6E2F3EC4F20D467C061E7D570E54F2	NumStability.Source.Higham.Chapter09.Section04
route	NumStability.Algorithms.HighamChapter9	NumStability.higham_problem9_14_exists_RecursivePairwiseLUFactSpec_of_PrePivotedGEPP	NumStability.higham_problem9_14_exists_RecursivePairwiseLUFactSpec_of_PrePivotedGEPP	NumStability.higham_problem9_14_exists_RecursivePairwiseLUFactSpec_of_PrePivotedGEPP	NumStability.higham_problem9_14_exists_RecursivePairwiseLUFactSpec_of_PrePivotedGEPP	authored	16031	0	16060	20	16033	8	16033	79	57CAC38C04312A4E890050B1CC77AE8EFD2905662ADCE5573C55CFDBD23D12D2	NumStability.Source.Higham.Chapter09.Section04
route	NumStability.Algorithms.HighamChapter9	NumStability.higham_problem9_14_exists_pairPivotChoice	NumStability.higham_problem9_14_exists_pairPivotChoice	NumStability.higham_problem9_14_exists_pairPivotChoice	NumStability.higham_problem9_14_exists_pairPivotChoice	authored	14040	0	14048	38	14042	8	14042	49	2746257F5A8F720DD818229EF65BF471AC5F921E3F758117FB140B7CEEAC3A38	NumStability.Source.Higham.Chapter09.Section04
route	NumStability.Algorithms.HighamChapter9	NumStability.higham_problem9_14_firstMethodMatrix	NumStability.higham_problem9_14_firstMethodMatrix	NumStability.higham_problem9_14_firstMethodMatrix	NumStability.higham_problem9_14_firstMethodMatrix	authored	14362	0	14374	57	14367	18	14367	54	FA768CB7211D89022500790051696B2698E0AEBFF6002368EA55299F409E2367	NumStability.Source.Higham.Chapter09.Section04
route	NumStability.Algorithms.HighamChapter9	NumStability.higham_problem9_14_firstMethodMatrix_det_ne_zero	NumStability.higham_problem9_14_firstMethodMatrix_det_ne_zero	NumStability.higham_problem9_14_firstMethodMatrix_det_ne_zero	NumStability.higham_problem9_14_firstMethodMatrix_det_ne_zero	authored	14435	0	14463	28	14437	8	14437	56	157910AA977EFE76302F751C478087E899037EAE5EDE76D49755EAFD15AD500B	NumStability.Source.Higham.Chapter09.Section04
route	NumStability.Algorithms.HighamChapter9	NumStability.higham_problem9_14_firstMethodMatrix_succ	NumStability.higham_problem9_14_firstMethodMatrix_succ	NumStability.higham_problem9_14_firstMethodMatrix_succ	NumStability.higham_problem9_14_firstMethodMatrix_succ	authored	14382	0	14389	64	14384	8	14384	49	471ECCC767742325B4692CBCCFFA94E6237B5FB5756F7BE56BC2390894B91695	NumStability.Source.Higham.Chapter09.Section04
route	NumStability.Algorithms.HighamChapter9	NumStability.higham_problem9_14_firstMethodMatrix_terminal_trace	NumStability.higham_problem9_14_firstMethodMatrix_terminal_trace	NumStability.higham_problem9_14_firstMethodMatrix_terminal_trace	NumStability.higham_problem9_14_firstMethodMatrix_terminal_trace	authored	14427	0	14433	55	14429	8	14429	59	2590FEE390A4FA4F36C07C66BB768E43F1C951BCCFC5104E1073AE0093CDDC91	NumStability.Source.Higham.Chapter09.Section04
route	NumStability.Algorithms.HighamChapter9	NumStability.higham_problem9_14_firstMethodMatrix_trace	NumStability.higham_problem9_14_firstMethodMatrix_trace	NumStability.higham_problem9_14_firstMethodMatrix_trace	NumStability.higham_problem9_14_firstMethodMatrix_trace	authored	14408	0	14425	62	14410	8	14410	50	646F77FF0CBA81EF6DB975C37F8C981BFE1815853021B1C1DD6C160C549EA455	NumStability.Source.Higham.Chapter09.Section04
route	NumStability.Algorithms.HighamChapter9	NumStability.higham_problem9_14_firstMethodMatrix_zero	NumStability.higham_problem9_14_firstMethodMatrix_zero	NumStability.higham_problem9_14_firstMethodMatrix_zero	NumStability.higham_problem9_14_firstMethodMatrix_zero	authored	14376	0	14380	55	14378	16	14378	57	04A2AA84F68289788E7286BE90E0FF6DAB08830D55B1CAA3D4D3BF1750D24024	NumStability.Source.Higham.Chapter09.Section04
route	NumStability.Algorithms.HighamChapter9	NumStability.higham_problem9_14_firstMethodTarget	NumStability.higham_problem9_14_firstMethodTarget	NumStability.higham_problem9_14_firstMethodTarget	NumStability.higham_problem9_14_firstMethodTarget	authored	14336	0	14341	65	14340	4	14340	40	CED97E75F66384CF25B015E2D74947CAA196A2A69FBDDFA0EBAAA086498B485F	NumStability.Source.Higham.Chapter09.Section04
route	NumStability.Algorithms.HighamChapter9	NumStability.higham_problem9_14_firstMethodTarget_ne_zero	NumStability.higham_problem9_14_firstMethodTarget_ne_zero	NumStability.higham_problem9_14_firstMethodTarget_ne_zero	NumStability.higham_problem9_14_firstMethodTarget_ne_zero	authored	14351	0	14360	14	14353	8	14353	52	E3E8E0BD04CA35E17E2DA090CCE031C392D455736E2D291E0B5937554233638A	NumStability.Source.Higham.Chapter09.Section04
route	NumStability.Algorithms.HighamChapter9	NumStability.higham_problem9_14_firstMethodTarget_val	NumStability.higham_problem9_14_firstMethodTarget_val	NumStability.higham_problem9_14_firstMethodTarget_val	NumStability.higham_problem9_14_firstMethodTarget_val	authored	14343	0	14349	66	14345	16	14345	56	9B9EEB7F79FC633D599AFEF752B4AD552AAE737BF30662AAB81062A91319F2CE	NumStability.Source.Higham.Chapter09.Section04
route	NumStability.Algorithms.HighamChapter9	NumStability.higham_problem9_14_pairEliminateRow	NumStability.higham_problem9_14_pairEliminateRow	NumStability.higham_problem9_14_pairEliminateRow	NumStability.higham_problem9_14_pairEliminateRow	authored	14244	0	14255	11	14248	18	14248	53	E4C3F3D3E65A220DB7D840B76BBB48750A9E7820F40680FF7347B6D762AA6EF7	NumStability.Source.Higham.Chapter09.Section04
route	NumStability.Algorithms.HighamChapter9	NumStability.higham_problem9_14_pairEliminateRow_det_eq	NumStability.higham_problem9_14_pairEliminateRow_det_eq	NumStability.higham_problem9_14_pairEliminateRow_det_eq	NumStability.higham_problem9_14_pairEliminateRow_det_eq	authored	14309	0	14321	31	14311	8	14311	50	4FC5E750DA89DC380AF13E9E362AEC697506C8B8B8B0B5E6C1CC9DBD45E40494	NumStability.Source.Higham.Chapter09.Section04
route	NumStability.Algorithms.HighamChapter9	NumStability.higham_problem9_14_pairEliminateRow_det_ne_zero	NumStability.higham_problem9_14_pairEliminateRow_det_ne_zero	NumStability.higham_problem9_14_pairEliminateRow_det_ne_zero	NumStability.higham_problem9_14_pairEliminateRow_det_ne_zero	authored	14323	0	14332	69	14325	8	14325	55	81F042125BF33D3521406CE525F93C7F6B039BFC20BEB407140F806557B90015	NumStability.Source.Higham.Chapter09.Section04
route	NumStability.Algorithms.HighamChapter9	NumStability.higham_problem9_14_pairEliminateRow_eq_updateRow_add_smul	NumStability.higham_problem9_14_pairEliminateRow_eq_updateRow_add_smul	NumStability.higham_problem9_14_pairEliminateRow_eq_updateRow_add_smul	NumStability.higham_problem9_14_pairEliminateRow_eq_updateRow_add_smul	authored	14292	0	14307	74	14295	8	14295	65	E147EBB7C8ACB8648612A53DDC5C6D3BEED43E2C8F9E58AD646FE67A826CB732	NumStability.Source.Higham.Chapter09.Section04
route	NumStability.Algorithms.HighamChapter9	NumStability.higham_problem9_14_pairEliminateRow_of_ne	NumStability.higham_problem9_14_pairEliminateRow_of_ne	NumStability.higham_problem9_14_pairEliminateRow_of_ne	NumStability.higham_problem9_14_pairEliminateRow_of_ne	authored	14265	0	14271	48	14267	8	14267	49	5E9FE2256ED4B828E8AEB07872D45D3F19609AF1A41ED171AE3CBEA42B6EE2ED	NumStability.Source.Higham.Chapter09.Section04
route	NumStability.Algorithms.HighamChapter9	NumStability.higham_problem9_14_pairEliminateRow_pivot	NumStability.higham_problem9_14_pairEliminateRow_pivot	NumStability.higham_problem9_14_pairEliminateRow_pivot	NumStability.higham_problem9_14_pairEliminateRow_pivot	authored	14273	0	14280	49	14275	8	14275	49	253BF02B31A392AAD817F4CDF04A590140A0F9D18B518E70EB9FC1FCE46C2E37	NumStability.Source.Higham.Chapter09.Section04
route	NumStability.Algorithms.HighamChapter9	NumStability.higham_problem9_14_pairEliminateRow_target	NumStability.higham_problem9_14_pairEliminateRow_target	NumStability.higham_problem9_14_pairEliminateRow_target	NumStability.higham_problem9_14_pairEliminateRow_target	authored	14257	0	14263	44	14259	8	14259	50	DA4C7B6FB655E03F6DCE8581684F8A9EE5AC0A8EF3FA0560F635EA4405F7D31D	NumStability.Source.Higham.Chapter09.Section04
route	NumStability.Algorithms.HighamChapter9	NumStability.higham_problem9_14_pairEliminateRow_target_active_eq_zero	NumStability.higham_problem9_14_pairEliminateRow_target_active_eq_zero	NumStability.higham_problem9_14_pairEliminateRow_target_active_eq_zero	NumStability.higham_problem9_14_pairEliminateRow_target_active_eq_zero	authored	14282	0	14290	6	14284	8	14284	65	E923D743DF13E13C0CB691FAE43F29832CBE93D30A84910001056C9D5AE186FB	NumStability.Source.Higham.Chapter09.Section04
route	NumStability.Algorithms.HighamChapter9	NumStability.higham_problem9_14_pairPivotChoice	NumStability.higham_problem9_14_pairPivotChoice	NumStability.higham_problem9_14_pairPivotChoice	NumStability.higham_problem9_14_pairPivotChoice	authored	14033	0	14038	57	14036	4	14036	38	E424DD3C29202842E9CD315356BCD707666E4E2012419834D4DD89F486E30007	NumStability.Source.Higham.Chapter09.Section04
route	NumStability.Algorithms.HighamChapter9	NumStability.higham_problem9_14_pairPivotChoice_left_multiplier_abs_le_one	NumStability.higham_problem9_14_pairPivotChoice_left_multiplier_abs_le_one	NumStability.higham_problem9_14_pairPivotChoice_left_multiplier_abs_le_one	NumStability.higham_problem9_14_pairPivotChoice_left_multiplier_abs_le_one	authored	14206	0	14214	16	14208	8	14208	69	32EB793E9DAC7C44D0240416297F923448A1F6266BF26AEA6CBCA33D86015731	NumStability.Source.Higham.Chapter09.Section04
route	NumStability.Algorithms.HighamChapter9	NumStability.higham_problem9_14_pairPivotChoice_multiplier_abs_le_one	NumStability.higham_problem9_14_pairPivotChoice_multiplier_abs_le_one	NumStability.higham_problem9_14_pairPivotChoice_multiplier_abs_le_one	NumStability.higham_problem9_14_pairPivotChoice_multiplier_abs_le_one	authored	14189	0	14204	20	14192	8	14192	64	45D995E397E1990A5C4313B9BB361D5B079B261678B85BFA96478550A7A7186B	NumStability.Source.Higham.Chapter09.Section04
route	NumStability.Algorithms.HighamChapter9	NumStability.higham_problem9_14_pairPivotChoice_right_multiplier_abs_le_one	NumStability.higham_problem9_14_pairPivotChoice_right_multiplier_abs_le_one	NumStability.higham_problem9_14_pairPivotChoice_right_multiplier_abs_le_one	NumStability.higham_problem9_14_pairPivotChoice_right_multiplier_abs_le_one	authored	14216	0	14224	16	14218	8	14218	70	B2C8C6AD44D0C033BD557A6B58E5F5F4F85AADB033F38A3635736BEF03C01E2C	NumStability.Source.Higham.Chapter09.Section04
route	NumStability.Algorithms.HighamChapter9	NumStability.higham_problem9_14_pairPivotEliminateToLeft	NumStability.higham_problem9_14_pairPivotEliminateToLeft	NumStability.higham_problem9_14_pairPivotEliminateToLeft	NumStability.higham_problem9_14_pairPivotEliminateToLeft	authored	14844	0	14851	60	14847	18	14847	61	C7C2CD8B9A92541E09E906B5759A6CDAD2F39B242D8D0E3D8B1CE752CD043706	NumStability.Source.Higham.Chapter09.Section04
route	NumStability.Algorithms.HighamChapter9	NumStability.higham_problem9_14_pairPivotEliminateToLeft_det_ne_zero	NumStability.higham_problem9_14_pairPivotEliminateToLeft_det_ne_zero	NumStability.higham_problem9_14_pairPivotEliminateToLeft_det_ne_zero	NumStability.higham_problem9_14_pairPivotEliminateToLeft_det_ne_zero	authored	14942	0	14957	13	14945	8	14945	63	6C946F52565ABD7F1245986D72C62305ABE6C0585FB37D35F6AEEF0F52D237F7	NumStability.Source.Higham.Chapter09.Section04
route	NumStability.Algorithms.HighamChapter9	NumStability.higham_problem9_14_pairPivotEliminateToLeft_left	NumStability.higham_problem9_14_pairPivotEliminateToLeft_left	NumStability.higham_problem9_14_pairPivotEliminateToLeft_left	NumStability.higham_problem9_14_pairPivotEliminateToLeft_left	authored	14914	0	14925	63	14917	8	14917	56	D5FE133D636FB6D084E29D9464D7DFC184D0058F4E3518B9E9EACAD413F44EAB	NumStability.Source.Higham.Chapter09.Section04
route	NumStability.Algorithms.HighamChapter9	NumStability.higham_problem9_14_pairPivotEliminateToLeft_left_eq_right_of_abs_le	NumStability.higham_problem9_14_pairPivotEliminateToLeft_left_eq_right_of_abs_le	NumStability.higham_problem9_14_pairPivotEliminateToLeft_left_eq_right_of_abs_le	NumStability.higham_problem9_14_pairPivotEliminateToLeft_left_eq_right_of_abs_le	authored	14959	0	14969	64	14964	8	14964	75	278365574252454D97E3CF84029101E40E2874AB312AEB14CD09829782766375	NumStability.Source.Higham.Chapter09.Section04
route	NumStability.Algorithms.HighamChapter9	NumStability.higham_problem9_14_pairPivotEliminateToLeft_multiplier_abs_le_one	NumStability.higham_problem9_14_pairPivotEliminateToLeft_multiplier_abs_le_one	NumStability.higham_problem9_14_pairPivotEliminateToLeft_multiplier_abs_le_one	NumStability.higham_problem9_14_pairPivotEliminateToLeft_multiplier_abs_le_one	authored	14888	0	14912	46	14892	8	14892	73	85998E43DCE2D5C11726F0461DEBEF5353989B8FB7DA6E5602DC27BE915CC270	NumStability.Source.Higham.Chapter09.Section04
route	NumStability.Algorithms.HighamChapter9	NumStability.higham_problem9_14_pairPivotEliminateToLeft_of_ne	NumStability.higham_problem9_14_pairPivotEliminateToLeft_of_ne	NumStability.higham_problem9_14_pairPivotEliminateToLeft_of_ne	NumStability.higham_problem9_14_pairPivotEliminateToLeft_of_ne	authored	14867	0	14877	57	14870	8	14870	57	F74EC13262C62CABD3389D6487A9C02530B3D752400C59763FB8E433C2875CD5	NumStability.Source.Higham.Chapter09.Section04
route	NumStability.Algorithms.HighamChapter9	NumStability.higham_problem9_14_pairPivotEliminateToLeft_of_ne_pair_of_abs_le	NumStability.higham_problem9_14_pairPivotEliminateToLeft_of_ne_pair_of_abs_le	NumStability.higham_problem9_14_pairPivotEliminateToLeft_of_ne_pair_of_abs_le	NumStability.higham_problem9_14_pairPivotEliminateToLeft_of_ne_pair_of_abs_le	authored	15039	0	15057	72	15043	8	15043	72	8272866EAECDAB62A71E83201EDFB7B76DC8BFC748654A2886E6A8F4894F6B19	NumStability.Source.Higham.Chapter09.Section04
route	NumStability.Algorithms.HighamChapter9	NumStability.higham_problem9_14_pairPivotEliminateToLeft_pivot	NumStability.higham_problem9_14_pairPivotEliminateToLeft_pivot	NumStability.higham_problem9_14_pairPivotEliminateToLeft_pivot	NumStability.higham_problem9_14_pairPivotEliminateToLeft_pivot	authored	14879	0	14886	57	14881	8	14881	57	C1283C5757957B6676A71CBD3EA2C04DD61DEC4DC6394AE9A15213D1E35E34D5	NumStability.Source.Higham.Chapter09.Section04
route	NumStability.Algorithms.HighamChapter9	NumStability.higham_problem9_14_pairPivotEliminateToLeft_target	NumStability.higham_problem9_14_pairPivotEliminateToLeft_target	NumStability.higham_problem9_14_pairPivotEliminateToLeft_target	NumStability.higham_problem9_14_pairPivotEliminateToLeft_target	authored	14853	0	14865	62	14856	8	14856	58	3356B24B2D9FBDEF1064007268CBE033F1365A18493F4AAE9DE2AB336B23B201	NumStability.Source.Higham.Chapter09.Section04
route	NumStability.Algorithms.HighamChapter9	NumStability.higham_problem9_14_pairPivotEliminateToLeft_target_abs_le_two_of_abs_le	NumStability.higham_problem9_14_pairPivotEliminateToLeft_target_abs_le_two_of_abs_le	NumStability.higham_problem9_14_pairPivotEliminateToLeft_target_abs_le_two_of_abs_le	NumStability.higham_problem9_14_pairPivotEliminateToLeft_target_abs_le_two_of_abs_le	authored	14998	0	15037	24	15002	8	15002	79	1D47E912DE910CF61316EE432D4DB42712DF9022BF849A7970C8E2A0BEC1E8E1	NumStability.Source.Higham.Chapter09.Section04
route	NumStability.Algorithms.HighamChapter9	NumStability.higham_problem9_14_pairPivotEliminateToLeft_target_active_eq_zero	NumStability.higham_problem9_14_pairPivotEliminateToLeft_target_active_eq_zero	NumStability.higham_problem9_14_pairPivotEliminateToLeft_target_active_eq_zero	NumStability.higham_problem9_14_pairPivotEliminateToLeft_target_active_eq_zero	authored	14927	0	14940	68	14930	8	14930	73	E0FF2AE0CB3D761F223EDB9C7E5C81DD0538566E4594AF3BECAAFAD371FF7C67	NumStability.Source.Higham.Chapter09.Section04
route	NumStability.Algorithms.HighamChapter9	NumStability.higham_problem9_14_pairPivotEliminateToLeft_target_active_eq_zero_of_abs_le	NumStability.higham_problem9_14_pairPivotEliminateToLeft_target_active_eq_zero_of_abs_le	NumStability.higham_problem9_14_pairPivotEliminateToLeft_target_active_eq_zero_of_abs_le	NumStability.higham_problem9_14_pairPivotEliminateToLeft_target_active_eq_zero_of_abs_le	authored	14987	0	14996	34	14989	8	14989	83	48AE7FA603BC5A26DB4CD5816CD0D55BFCCAC2219230ED90C87AF0EB949E348F	NumStability.Source.Higham.Chapter09.Section04
route	NumStability.Algorithms.HighamChapter9	NumStability.higham_problem9_14_pairPivotEliminateToLeft_target_eq_left_sub_right	NumStability.higham_problem9_14_pairPivotEliminateToLeft_target_eq_left_sub_right	NumStability.higham_problem9_14_pairPivotEliminateToLeft_target_eq_left_sub_right	NumStability.higham_problem9_14_pairPivotEliminateToLeft_target_eq_left_sub_right	authored	14971	0	14985	14	14974	8	14974	76	DEC82E9765122A10EB5CB2DA18AE79140FBD4D7A7ACA9869D197504299472A0B	NumStability.Source.Higham.Chapter09.Section04
route	NumStability.Algorithms.HighamChapter9	NumStability.higham_problem9_14_pairPivotRow	NumStability.higham_problem9_14_pairPivotRow	NumStability.higham_problem9_14_pairPivotRow	NumStability.higham_problem9_14_pairPivotRow	authored	14050	0	14055	36	14053	18	14053	49	3BD66129A18407B3163DCC6A44D2E6894DFD2853187E2ECE6C9EC66DA56E0715	NumStability.Source.Higham.Chapter09.Section04
route	NumStability.Algorithms.HighamChapter9	NumStability.higham_problem9_14_pairPivotRow_choice	NumStability.higham_problem9_14_pairPivotRow_choice	NumStability.higham_problem9_14_pairPivotRow_choice	NumStability.higham_problem9_14_pairPivotRow_choice	authored	14057	0	14067	55	14059	8	14059	46	45C0A5DD870A34EB17DE80388A5E6789ED905E574AD2C7895BFBF17F76299B27	NumStability.Source.Higham.Chapter09.Section04
route	NumStability.Algorithms.HighamChapter9	NumStability.higham_problem9_14_pairPivotRow_eq_left_of_abs_gt	NumStability.higham_problem9_14_pairPivotRow_eq_left_of_abs_gt	NumStability.higham_problem9_14_pairPivotRow_eq_left_of_abs_gt	NumStability.higham_problem9_14_pairPivotRow_eq_left_of_abs_gt	authored	14078	0	14086	45	14081	8	14081	57	895EF0A1025BFEB5351667778894C00BE564FD6F2DA003FB76800F6F4867FCD5	NumStability.Source.Higham.Chapter09.Section04
route	NumStability.Algorithms.HighamChapter9	NumStability.higham_problem9_14_pairPivotRow_eq_right_of_abs_le	NumStability.higham_problem9_14_pairPivotRow_eq_right_of_abs_le	NumStability.higham_problem9_14_pairPivotRow_eq_right_of_abs_le	NumStability.higham_problem9_14_pairPivotRow_eq_right_of_abs_le	authored	14069	0	14076	43	14072	8	14072	58	1C4D7FA58408DD43A0650C8053FCFBE1B3ED7677EE987C4157AEB2FD55B22DD8	NumStability.Source.Higham.Chapter09.Section04
route	NumStability.Algorithms.HighamChapter9	NumStability.higham_problem9_14_pairPivotRow_eq_right_of_firstColumn_partialPivotChoice	NumStability.higham_problem9_14_pairPivotRow_eq_right_of_firstColumn_partialPivotChoice	NumStability.higham_problem9_14_pairPivotRow_eq_right_of_firstColumn_partialPivotChoice	NumStability.higham_problem9_14_pairPivotRow_eq_right_of_firstColumn_partialPivotChoice	authored	14088	0	14098	33	14092	8	14092	82	7CC206EE4A32431F62BA7CE9F24981F44D87D9D23A024BE98CC4DF3A8E9D88AC	NumStability.Source.Higham.Chapter09.Section04
route	NumStability.Algorithms.HighamChapter9	NumStability.higham_problem9_14_pairPivotRow_left_multiplier_abs_le_one	NumStability.higham_problem9_14_pairPivotRow_left_multiplier_abs_le_one	NumStability.higham_problem9_14_pairPivotRow_left_multiplier_abs_le_one	NumStability.higham_problem9_14_pairPivotRow_left_multiplier_abs_le_one	authored	14226	0	14233	59	14228	8	14228	66	DBF7BA9E02578108573FC718BA979D1809CF2D0D9BE9DFCA9AEDF7E0ED1BEF4C	NumStability.Source.Higham.Chapter09.Section04
route	NumStability.Algorithms.HighamChapter9	NumStability.higham_problem9_14_pairPivotRow_right_multiplier_abs_le_one	NumStability.higham_problem9_14_pairPivotRow_right_multiplier_abs_le_one	NumStability.higham_problem9_14_pairPivotRow_right_multiplier_abs_le_one	NumStability.higham_problem9_14_pairPivotRow_right_multiplier_abs_le_one	authored	14235	0	14242	59	14237	8	14237	67	91EA6FED67424EC42F571DB28C3A4354A111F876BE6D5F98CC80AE880D9EE923	NumStability.Source.Higham.Chapter09.Section04
route	NumStability.Algorithms.HighamChapter9	NumStability.higham_problem9_14_pairPivotToLeftMatrix	NumStability.higham_problem9_14_pairPivotToLeftMatrix	NumStability.higham_problem9_14_pairPivotToLeftMatrix	NumStability.higham_problem9_14_pairPivotToLeftMatrix	authored	14156	0	14163	52	14159	18	14159	58	316CEEB60BC7D9BE34F64C19A7B09D41690EDA637004FD71E783D1CABD6E0AC8	NumStability.Source.Higham.Chapter09.Section04
route	NumStability.Algorithms.HighamChapter9	NumStability.higham_problem9_14_pairPivotToLeftMatrix_det_ne_zero	NumStability.higham_problem9_14_pairPivotToLeftMatrix_det_ne_zero	NumStability.higham_problem9_14_pairPivotToLeftMatrix_det_ne_zero	NumStability.higham_problem9_14_pairPivotToLeftMatrix_det_ne_zero	authored	14175	0	14187	74	14177	8	14177	60	9ED5A3706C9698D79F231C7D5D956DA91470AFD6802A7261F371AE432C980F51	NumStability.Source.Higham.Chapter09.Section04
route	NumStability.Algorithms.HighamChapter9	NumStability.higham_problem9_14_pairPivotToLeftMatrix_left	NumStability.higham_problem9_14_pairPivotToLeftMatrix_left	NumStability.higham_problem9_14_pairPivotToLeftMatrix_left	NumStability.higham_problem9_14_pairPivotToLeftMatrix_left	authored	14165	0	14173	48	14168	8	14168	53	BCDBB7D0D3112C34C7DABF10E5DDCAF3AEBEEC6F231F6859BC96557A4EA7936E	NumStability.Source.Higham.Chapter09.Section04
route	NumStability.Algorithms.HighamChapter9	NumStability.higham_problem9_14_pairPivotToLeftSwap	NumStability.higham_problem9_14_pairPivotToLeftSwap	NumStability.higham_problem9_14_pairPivotToLeftSwap	NumStability.higham_problem9_14_pairPivotToLeftSwap	authored	14119	0	14126	41	14123	18	14123	56	6598CF9B8FE91A1A851DD0DEDEC3B8A08ABDAF886F675F5FC4ADD11612842A56	NumStability.Source.Higham.Chapter09.Section04
route	NumStability.Algorithms.HighamChapter9	NumStability.higham_problem9_14_pairPivotToLeftSwap_isPermutation	NumStability.higham_problem9_14_pairPivotToLeftSwap_isPermutation	NumStability.higham_problem9_14_pairPivotToLeftSwap_isPermutation	NumStability.higham_problem9_14_pairPivotToLeftSwap_isPermutation	authored	14145	0	14154	69	14147	8	14147	60	251A42CE6A89061A21B57EEDC5B64C827ADB79CEF914F760E01C1999C7B5041A	NumStability.Source.Higham.Chapter09.Section04
route	NumStability.Algorithms.HighamChapter9	NumStability.higham_problem9_14_pairPivotToLeftSwap_left	NumStability.higham_problem9_14_pairPivotToLeftSwap_left	NumStability.higham_problem9_14_pairPivotToLeftSwap_left	NumStability.higham_problem9_14_pairPivotToLeftSwap_left	authored	14128	0	14143	57	14130	8	14130	51	6263EFD10B12AE673BB47AD5FC19BDAFE14DFF42EF9D1ECDA8280FF018E3BDB9	NumStability.Source.Higham.Chapter09.Section04
route	NumStability.Algorithms.HighamChapter9	NumStability.higham_problem9_14_pairRowSwap	NumStability.higham_problem9_14_pairRowSwap	NumStability.higham_problem9_14_pairRowSwap	NumStability.higham_problem9_14_pairRowSwap	authored	13974	0	13978	16	13977	4	13977	34	C9D831EBBF854BC2ADD8781C43105206C47D0FF4A995B398915465888EE4837C	NumStability.Source.Higham.Chapter09.Section04
route	NumStability.Algorithms.HighamChapter9	NumStability.higham_problem9_14_pairRowSwap_det_ne_zero	NumStability.higham_problem9_14_pairRowSwap_det_ne_zero	NumStability.higham_problem9_14_pairRowSwap_det_ne_zero	NumStability.higham_problem9_14_pairRowSwap_det_ne_zero	authored	14004	0	14031	30	14007	8	14007	50	075E24C5E476520187D91471A02FCB731792C2F2C378A86B51FFDFDD4191D2E5	NumStability.Source.Higham.Chapter09.Section04
route	NumStability.Algorithms.HighamChapter9	NumStability.higham_problem9_14_pairRowSwap_involutive	NumStability.higham_problem9_14_pairRowSwap_involutive	NumStability.higham_problem9_14_pairRowSwap_involutive	NumStability.higham_problem9_14_pairRowSwap_involutive	authored	13992	0	13996	39	13993	8	13993	49	304BF0A7F15DDC13FFA34D929EB678653B363EEEFA03B4C2D1156E8BEB973278	NumStability.Source.Higham.Chapter09.Section04
route	NumStability.Algorithms.HighamChapter9	NumStability.higham_problem9_14_pairRowSwap_isPermutation	NumStability.higham_problem9_14_pairRowSwap_isPermutation	NumStability.higham_problem9_14_pairRowSwap_isPermutation	NumStability.higham_problem9_14_pairRowSwap_isPermutation	authored	13998	0	14002	28	14000	8	14000	52	519C145CCCC3782DE79D9FE00408F009E2A9E8D4791EFC4D7BB6561CC838DEB0	NumStability.Source.Higham.Chapter09.Section04
route	NumStability.Algorithms.HighamChapter9	NumStability.higham_problem9_14_pairRowSwap_left	NumStability.higham_problem9_14_pairRowSwap_left	NumStability.higham_problem9_14_pairRowSwap_left	NumStability.higham_problem9_14_pairRowSwap_left	authored	13980	0	13984	39	13982	8	13982	43	896B92638C436E6B53B2A838300C232447F48FFF06587E19AB831203055B2A82	NumStability.Source.Higham.Chapter09.Section04
route	NumStability.Algorithms.HighamChapter9	NumStability.higham_problem9_14_pairRowSwap_right	NumStability.higham_problem9_14_pairRowSwap_right	NumStability.higham_problem9_14_pairRowSwap_right	NumStability.higham_problem9_14_pairRowSwap_right	authored	13986	0	13990	39	13988	8	13988	44	FAD14F8CE4B2E623528552B51F760DD868EA8FDA2571FC10074A641372396657	NumStability.Source.Higham.Chapter09.Section04
route	NumStability.Algorithms.HighamChapter9	NumStability.higham_problem9_14_pairwiseBubbleMatrix	NumStability.higham_problem9_14_pairwiseBubbleMatrix	NumStability.higham_problem9_14_pairwiseBubbleMatrix	NumStability.higham_problem9_14_pairwiseBubbleMatrix	authored	15355	0	15367	57	15359	18	15359	57	1AC9CDECA2AF08D85BB1ADC88E4B68ECC7B57FC8F761AE8B006D9E80C659EA5B	NumStability.Source.Higham.Chapter09.Section04
route	NumStability.Algorithms.HighamChapter9	NumStability.higham_problem9_14_pairwiseBubbleMatrix_det_ne_zero	NumStability.higham_problem9_14_pairwiseBubbleMatrix_det_ne_zero	NumStability.higham_problem9_14_pairwiseBubbleMatrix_det_ne_zero	NumStability.higham_problem9_14_pairwiseBubbleMatrix_det_ne_zero	authored	15431	0	15463	24	15435	8	15435	59	D503941B282DE93EA4876C59E5DC18004487C6D4058020AF5D8F82989B29C723	NumStability.Source.Higham.Chapter09.Section04
route	NumStability.Algorithms.HighamChapter9	NumStability.higham_problem9_14_pairwiseBubbleMatrix_succ	NumStability.higham_problem9_14_pairwiseBubbleMatrix_succ	NumStability.higham_problem9_14_pairwiseBubbleMatrix_succ	NumStability.higham_problem9_14_pairwiseBubbleMatrix_succ	authored	15376	0	15384	64	15378	8	15378	52	44931A3F52453198992746315DC85959CE2CEF05E922E01DA5B6B6D9E1301306	NumStability.Source.Higham.Chapter09.Section04
route	NumStability.Algorithms.HighamChapter9	NumStability.higham_problem9_14_pairwiseBubbleMatrix_terminal_det_ne_zero	NumStability.higham_problem9_14_pairwiseBubbleMatrix_terminal_det_ne_zero	NumStability.higham_problem9_14_pairwiseBubbleMatrix_terminal_det_ne_zero	NumStability.higham_problem9_14_pairwiseBubbleMatrix_terminal_det_ne_zero	authored	15465	0	15474	69	15467	8	15467	68	EE17DCD5577C2C312B1BDD6CE1DA1478F5032CA3047123F37F716308EC0909B2	NumStability.Source.Higham.Chapter09.Section04
route	NumStability.Algorithms.HighamChapter9	NumStability.higham_problem9_14_pairwiseBubbleMatrix_terminal_trace	NumStability.higham_problem9_14_pairwiseBubbleMatrix_terminal_trace	NumStability.higham_problem9_14_pairwiseBubbleMatrix_terminal_trace	NumStability.higham_problem9_14_pairwiseBubbleMatrix_terminal_trace	authored	15423	0	15429	58	15425	8	15425	62	B9749E8E637087FA3508A4F1382A5FB21472FBE67810F0560839B7A3A0A7C606	NumStability.Source.Higham.Chapter09.Section04
route	NumStability.Algorithms.HighamChapter9	NumStability.higham_problem9_14_pairwiseBubbleMatrix_trace	NumStability.higham_problem9_14_pairwiseBubbleMatrix_trace	NumStability.higham_problem9_14_pairwiseBubbleMatrix_trace	NumStability.higham_problem9_14_pairwiseBubbleMatrix_trace	authored	15404	0	15421	65	15406	8	15406	53	FAD41555C364C596B367B87E7A2BB28B4089C17DA84726B3D400F216E32C5C32	NumStability.Source.Higham.Chapter09.Section04
route	NumStability.Algorithms.HighamChapter9	NumStability.higham_problem9_14_pairwiseBubbleMatrix_zero	NumStability.higham_problem9_14_pairwiseBubbleMatrix_zero	NumStability.higham_problem9_14_pairwiseBubbleMatrix_zero	NumStability.higham_problem9_14_pairwiseBubbleMatrix_zero	authored	15369	0	15374	51	15371	16	15371	60	A667FBCDC053064F6E04A06B86EAD10512B89C0E9AA0BABDAC796454A00E4351	NumStability.Source.Higham.Chapter09.Section04
route	NumStability.Algorithms.HighamChapter9	NumStability.higham_problem9_14_pairwiseBubbleRow	NumStability.higham_problem9_14_pairwiseBubbleRow	NumStability.higham_problem9_14_pairwiseBubbleRow	NumStability.higham_problem9_14_pairwiseBubbleRow	authored	13899	0	13905	45	13904	4	13904	40	A55C40785D2CD7ADC7B5F67FA1D90A6EF4F8A422EA1DCB0E32D9276A93C683E9	NumStability.Source.Higham.Chapter09.Section04
route	NumStability.Algorithms.HighamChapter9	NumStability.higham_problem9_14_pairwiseBubbleRow_self	NumStability.higham_problem9_14_pairwiseBubbleRow_self	NumStability.higham_problem9_14_pairwiseBubbleRow_self	NumStability.higham_problem9_14_pairwiseBubbleRow_self	authored	13946	0	13952	45	13949	16	13949	57	D4E06EF3884F0D74DCBA153D9C89F97831BDC3075112B0CE6A507F02989FCE09	NumStability.Source.Higham.Chapter09.Section04
route	NumStability.Algorithms.HighamChapter9	NumStability.higham_problem9_14_pairwiseBubbleRow_succ_val_lt	NumStability.higham_problem9_14_pairwiseBubbleRow_succ_val_lt	NumStability.higham_problem9_14_pairwiseBubbleRow_succ_val_lt	NumStability.higham_problem9_14_pairwiseBubbleRow_succ_val_lt	authored	13937	0	13944	7	13939	8	13939	56	77F6F45EC26FDCE2CB58BE2F5021F06E6E71C4D290F5B596F6858F7EB74FE34A	NumStability.Source.Higham.Chapter09.Section04
route	NumStability.Algorithms.HighamChapter9	NumStability.higham_problem9_14_pairwiseBubbleRow_zero	NumStability.higham_problem9_14_pairwiseBubbleRow_zero	NumStability.higham_problem9_14_pairwiseBubbleRow_zero	NumStability.higham_problem9_14_pairwiseBubbleRow_zero	authored	13907	0	13913	45	13909	16	13909	57	7106A973AC3AA1474602EC35D50858AC4DBD50158C96CCDD96C000C6421F1414	NumStability.Source.Higham.Chapter09.Section04
route	NumStability.Algorithms.HighamChapter9	NumStability.higham_problem9_14_pairwiseBubbleRows_adjacent	NumStability.higham_problem9_14_pairwiseBubbleRows_adjacent	NumStability.higham_problem9_14_pairwiseBubbleRows_adjacent	NumStability.higham_problem9_14_pairwiseBubbleRows_adjacent	authored	13915	0	13924	7	13917	8	13917	54	54DA65B4513F27E5D5FF65E155AD9CCCAEC8658D70654748B583FA56E3CA200A	NumStability.Source.Higham.Chapter09.Section04
route	NumStability.Algorithms.HighamChapter9	NumStability.higham_problem9_14_pairwiseBubbleRows_distinct	NumStability.higham_problem9_14_pairwiseBubbleRows_distinct	NumStability.higham_problem9_14_pairwiseBubbleRows_distinct	NumStability.higham_problem9_14_pairwiseBubbleRows_distinct	authored	13926	0	13935	7	13928	8	13928	54	6E0412BC6ADB02EDFAF1947755744B2CFBF490F67AFB2749B5F83513F53B83B6	NumStability.Source.Higham.Chapter09.Section04
route	NumStability.Algorithms.HighamChapter9	NumStability.higham_problem9_14_pairwiseBubbleSourceRow	NumStability.higham_problem9_14_pairwiseBubbleSourceRow	NumStability.higham_problem9_14_pairwiseBubbleSourceRow	NumStability.higham_problem9_14_pairwiseBubbleSourceRow	authored	13954	0	13961	65	13959	4	13959	46	C11571A553E6EDDAB644540F25E427A70699C8ABBD243AF85F7176480E164332	NumStability.Source.Higham.Chapter09.Section04
route	NumStability.Algorithms.HighamChapter9	NumStability.higham_problem9_14_pairwiseBubbleSourceRow_succ	NumStability.higham_problem9_14_pairwiseBubbleSourceRow_succ	NumStability.higham_problem9_14_pairwiseBubbleSourceRow_succ	NumStability.higham_problem9_14_pairwiseBubbleSourceRow_succ	authored	13963	0	13972	7	13965	8	13965	55	2D90580736A6D75A7BC78B07022AEA77FD1A0D30976BF44F2463339E818B81D1	NumStability.Source.Higham.Chapter09.Section04
route	NumStability.Algorithms.HighamChapter9	NumStability.higham_problem9_14_rowReversal	NumStability.higham_problem9_14_rowReversal	NumStability.higham_problem9_14_rowReversal	NumStability.higham_problem9_14_rowReversal	authored	13755	0	13762	33	13757	4	13757	34	C3C1D408B9470FC66626447F28EC0592E4D69FBCC8B3A08A49D4F5331A6DB136	NumStability.Source.Higham.Chapter09.Section04
route	NumStability.Algorithms.HighamChapter9	NumStability.higham_problem9_14_rowReversal_involutive	NumStability.higham_problem9_14_rowReversal_involutive	NumStability.higham_problem9_14_rowReversal_involutive	NumStability.higham_problem9_14_rowReversal_involutive	authored	13764	0	13769	7	13765	8	13765	49	5C4E8FB5C10997DBF078F33BDF18752B0673E5B0C3E8221C525DA7E127DCEFEE	NumStability.Source.Higham.Chapter09.Section04
route	NumStability.Algorithms.HighamChapter9	NumStability.higham_problem9_14_rowReversal_isPermutation	NumStability.higham_problem9_14_rowReversal_isPermutation	NumStability.higham_problem9_14_rowReversal_isPermutation	NumStability.higham_problem9_14_rowReversal_isPermutation	authored	13771	0	13781	50	13772	8	13772	52	B620528B9AD7A44EF83E3858F56CC9F3EE0857F4428CCABC0F93FEEE9E61F69B	NumStability.Source.Higham.Chapter09.Section04
route	NumStability.Algorithms.HighamChapter9	NumStability.higham_problem9_14_rowReversal_last_eq_zero	NumStability.higham_problem9_14_rowReversal_last_eq_zero	NumStability.higham_problem9_14_rowReversal_last_eq_zero	NumStability.higham_problem9_14_rowReversal_last_eq_zero	authored	13790	0	13796	39	13791	8	13791	51	88B5D443CB741EA0BC95751DEBE33BC1EDFC22CF3B7B4291A66F871FD775CF6A	NumStability.Source.Higham.Chapter09.Section04
route	NumStability.Algorithms.HighamChapter9	NumStability.higham_problem9_14_rowReversal_zero_eq_last	NumStability.higham_problem9_14_rowReversal_zero_eq_last	NumStability.higham_problem9_14_rowReversal_zero_eq_last	NumStability.higham_problem9_14_rowReversal_zero_eq_last	authored	13783	0	13788	39	13784	8	13784	51	13DEA0AAAC43975AFEE7A99F3449AE719B1E3BC4181C84323F8CF663EF42AB87	NumStability.Source.Higham.Chapter09.Section04
route	NumStability.Algorithms.HighamChapter9	NumStability.higham_problem9_14_rowReversedMatrix	NumStability.higham_problem9_14_rowReversedMatrix	NumStability.higham_problem9_14_rowReversedMatrix	NumStability.higham_problem9_14_rowReversedMatrix	authored	13798	0	13801	62	13799	4	13799	40	1150EF044341DFE2DBF9CE56A3E009FB43130D10AC39C64749DA665D16824085	NumStability.Source.Higham.Chapter09.Section04
route	NumStability.Algorithms.HighamChapter9	NumStability.higham_problem9_14_rowReversedMatrix_det_ne_zero	NumStability.higham_problem9_14_rowReversedMatrix_det_ne_zero	NumStability.higham_problem9_14_rowReversedMatrix_det_ne_zero	NumStability.higham_problem9_14_rowReversedMatrix_det_ne_zero	authored	13813	0	13840	30	13816	8	13816	56	0F09695CEDB1F1B86C95E7C939F97DFDA9AD9AC55E04A8A2D0AE85BEE518DA7F	NumStability.Source.Higham.Chapter09.Section04
route	NumStability.Algorithms.HighamChapter9	NumStability.higham_problem9_14_rowReversedMatrix_firstColumn_partialPivotChoice_last	NumStability.higham_problem9_14_rowReversedMatrix_firstColumn_partialPivotChoice_last	NumStability.higham_problem9_14_rowReversedMatrix_firstColumn_partialPivotChoice_last	NumStability.higham_problem9_14_rowReversedMatrix_firstColumn_partialPivotChoice_last	authored	13842	0	13858	65	13846	8	13846	80	2D14B0253E12F2025099EC80B21B44053F35BB6759CB7D204F13136BB4DB7D63	NumStability.Source.Higham.Chapter09.Section04
route	NumStability.Algorithms.HighamChapter9	NumStability.higham_problem9_14_rowReversedMatrix_growthFactorEntry_eq	NumStability.higham_problem9_14_rowReversedMatrix_growthFactorEntry_eq	NumStability.higham_problem9_14_rowReversedMatrix_growthFactorEntry_eq	NumStability.higham_problem9_14_rowReversedMatrix_growthFactorEntry_eq	authored	16498	0	16509	61	16502	8	16502	65	25795EAE5279FA7983AF932C292FE1B8987332F07DE80881E526B3F88D9E9203	NumStability.Source.Higham.Chapter09.Section04
route	NumStability.Algorithms.HighamChapter9	NumStability.higham_problem9_14_rowReversedMatrix_involutive	NumStability.higham_problem9_14_rowReversedMatrix_involutive	NumStability.higham_problem9_14_rowReversedMatrix_involutive	NumStability.higham_problem9_14_rowReversedMatrix_involutive	authored	13803	0	13811	46	13805	8	13805	55	A3BAC21881B1480216AE4FD35ABC002BA865EAD85F2B4F22BC6E7554B69211A0	NumStability.Source.Higham.Chapter09.Section04
route	NumStability.Algorithms.HighamChapter9	NumStability.higham_problem9_14_rowReversedMatrix_maxEntryNorm	NumStability.higham_problem9_14_rowReversedMatrix_maxEntryNorm	NumStability.higham_problem9_14_rowReversedMatrix_maxEntryNorm	NumStability.higham_problem9_14_rowReversedMatrix_maxEntryNorm	authored	16328	0	16357	44	16330	8	16330	57	3FB4BB0ADBFFC2743DF105C0E5CCCF8D4A96E0F41333A07607C8D579BFB5D80A	NumStability.Source.Higham.Chapter09.Section04
route	NumStability.Algorithms.HighamChapter9	NumStability.higham_problem9_14_rowReversedMatrix_maxEntryNorm_pos	NumStability.higham_problem9_14_rowReversedMatrix_maxEntryNorm_pos	NumStability.higham_problem9_14_rowReversedMatrix_maxEntryNorm_pos	NumStability.higham_problem9_14_rowReversedMatrix_maxEntryNorm_pos	authored	16491	0	16496	73	16493	8	16493	61	DDAABB8D918D6B4816604E5DA5A979B7D1B90A8641724D0D2AA38313C57C6333	NumStability.Source.Higham.Chapter09.Section04
route	NumStability.Algorithms.HighamChapter9	NumStability.higham_problem9_14_rowReversedMatrix_pairPivotEliminateToLeft_det_ne_zero	NumStability.higham_problem9_14_rowReversedMatrix_pairPivotEliminateToLeft_det_ne_zero	NumStability.higham_problem9_14_rowReversedMatrix_pairPivotEliminateToLeft_det_ne_zero	NumStability.higham_problem9_14_rowReversedMatrix_pairPivotEliminateToLeft_det_ne_zero	authored	15059	0	15073	57	15062	8	15062	81	E71F19C4494F76E553C1E0FD17EC4FF8221D144767D997351081F63AB4487A2C	NumStability.Source.Higham.Chapter09.Section04
route	NumStability.Algorithms.HighamChapter9	NumStability.higham_problem9_4_complete_permuted_lu_solve_backward_error	NumStability.higham_problem9_4_complete_permuted_lu_solve_backward_error	NumStability.higham_problem9_4_complete_permuted_lu_solve_backward_error	NumStability.higham_problem9_4_complete_permuted_lu_solve_backward_error	authored	7703	0	7762	42	7709	8	7709	67	DB5ED89DE50F5E612E28BDF94427E219A34831191A77D234AD879C98B1BC977D	NumStability.Source.Higham.Chapter09.Section03
route	NumStability.Algorithms.HighamChapter9	NumStability.higham_problem9_4_complete_permuted_rectRoundedLoop_lu_solve_backward_error	NumStability.higham_problem9_4_complete_permuted_rectRoundedLoop_lu_solve_backward_error	NumStability.higham_problem9_4_complete_permuted_rectRoundedLoop_lu_solve_backward_error	NumStability.higham_problem9_4_complete_permuted_rectRoundedLoop_lu_solve_backward_error	authored	7840	0	7916	65	7845	8	7845	83	B26381F7F147E2ED9AE62CFD052419ADA3AF2C6029D2CBBFE2CDBE5885EF7FF5	NumStability.Source.Higham.Chapter09.Section03
route	NumStability.Algorithms.HighamChapter9	NumStability.higham_problem9_4_permuted_lu_solve_backward_error	NumStability.higham_problem9_4_permuted_lu_solve_backward_error	NumStability.higham_problem9_4_permuted_lu_solve_backward_error	NumStability.higham_problem9_4_permuted_lu_solve_backward_error	authored	7652	0	7701	42	7658	8	7658	58	75E22A64963BA2E8104F5915F635EE25A0586A0151A698264FC7B4296EC5CA3C	NumStability.Source.Higham.Chapter09.Section03
route	NumStability.Algorithms.HighamChapter9	NumStability.higham_problem9_4_permuted_rectRoundedLoop_lu_solve_backward_error	NumStability.higham_problem9_4_permuted_rectRoundedLoop_lu_solve_backward_error	NumStability.higham_problem9_4_permuted_rectRoundedLoop_lu_solve_backward_error	NumStability.higham_problem9_4_permuted_rectRoundedLoop_lu_solve_backward_error	authored	7764	0	7838	61	7771	8	7771	74	9072D884005AE57927E7BE2E5779DE530A4B810B2FFC2EFD7FDC1DCB137D56BC	NumStability.Source.Higham.Chapter09.Section03
route	NumStability.Algorithms.HighamChapter9	NumStability.higham_problem9_9_growthFactorEntry_le_one_add_card_mul_absLU_infNorm_div	NumStability.higham_problem9_9_growthFactorEntry_le_one_add_card_mul_absLU_infNorm_div	NumStability.higham_problem9_9_growthFactorEntry_le_one_add_card_mul_absLU_infNorm_div	NumStability.higham_problem9_9_growthFactorEntry_le_one_add_card_mul_absLU_infNorm_div	authored	17346	0	17360	76	17351	8	17351	81	DD2C95ECD9C0EA53E543DBFA6D32ABC7123E2EE2BB91C08AE3C9BAB226FE8989	NumStability.Source.Higham.Chapter09.Section04
route	NumStability.Algorithms.HighamChapter9	NumStability.higham_problem9_9_growthFactorEntry_le_one_add_card_mul_absLU_infNorm_div_exists_hAmax	NumStability.higham_problem9_9_growthFactorEntry_le_one_add_card_mul_absLU_infNorm_div_exists_hAmax	NumStability.higham_problem9_9_growthFactorEntry_le_one_add_card_mul_absLU_infNorm_div_exists_hAmax	NumStability.higham_problem9_9_growthFactorEntry_le_one_add_card_mul_absLU_infNorm_div_exists_hAmax	authored	17362	0	17380	27	17364	8	17364	94	FB3C42FA9D2D4BD4C7767D37B0E0E4E3B1907C9198C593DA0F781BFC00FBC3F4	NumStability.Source.Higham.Chapter09.Section04
route	NumStability.Algorithms.HighamChapter9	NumStability.higham_problem9_9_growthFactorEntry_le_one_add_card_mul_condSkeel_exists_hAmax	NumStability.higham_problem9_9_growthFactorEntry_le_one_add_card_mul_condSkeel_exists_hAmax	NumStability.higham_problem9_9_growthFactorEntry_le_one_add_card_mul_condSkeel_exists_hAmax	NumStability.higham_problem9_9_growthFactorEntry_le_one_add_card_mul_condSkeel_exists_hAmax	authored	17808	0	17842	28	17810	8	17810	86	3399322A95ACC67E49DFB8684A5346E89E10536E69B5E4151C97E0AED386381D	NumStability.Source.Higham.Chapter09.Section05
route	NumStability.Algorithms.HighamChapter9	NumStability.higham_problem9_9_growthFactorEntry_le_one_add_card_mul_two_card_sub_one_of_rowDiagDomUpper_exists_hAmax	NumStability.higham_problem9_9_growthFactorEntry_le_one_add_card_mul_two_card_sub_one_of_rowDiagDomUpper_exists_hAmax	NumStability.higham_problem9_9_growthFactorEntry_le_one_add_card_mul_two_card_sub_one_of_rowDiagDomUpper_exists_hAmax	NumStability.higham_problem9_9_growthFactorEntry_le_one_add_card_mul_two_card_sub_one_of_rowDiagDomUpper_exists_hAmax	authored	17884	0	17918	28	17886	8	17886	112	3113E1D4328733758AC629F7725021AE76055C3375A1DAE08E66B320A191D580	NumStability.Source.Higham.Chapter09.Section05
route	NumStability.Algorithms.HighamChapter9	NumStability.higham_problem9_9_noPivotReducedEntryMax	NumStability.higham_problem9_9_noPivotReducedEntryMax	NumStability.higham_problem9_9_noPivotReducedEntryMax	NumStability.higham_problem9_9_noPivotReducedEntryMax	authored	17020	0	17028	77	17022	18	17022	58	C4F1F0B7143C9FD24CD34435DEB8846411E7AB0C5BDB567B5A4B4D2C8F2D610D	NumStability.Source.Higham.Chapter09.Section04
route	NumStability.Algorithms.HighamChapter9	NumStability.higham_problem9_9_noPivotReducedEntryMax_le_maxEntryNorm_add_absLU_infNorm	NumStability.higham_problem9_9_noPivotReducedEntryMax_le_maxEntryNorm_add_absLU_infNorm	NumStability.higham_problem9_9_noPivotReducedEntryMax_le_maxEntryNorm_add_absLU_infNorm	NumStability.higham_problem9_9_noPivotReducedEntryMax_le_maxEntryNorm_add_absLU_infNorm	authored	17253	0	17271	21	17256	8	17256	82	D0B2CE029DB4D5FE7735162B290D83A1166DF52F79C6896BA89240A5068A93C7	NumStability.Source.Higham.Chapter09.Section04
route	NumStability.Algorithms.HighamChapter9	NumStability.higham_problem9_9_noPivotReducedGrowthFactor	NumStability.higham_problem9_9_noPivotReducedGrowthFactor	NumStability.higham_problem9_9_noPivotReducedGrowthFactor	NumStability.higham_problem9_9_noPivotReducedGrowthFactor	authored	17030	0	17035	71	17032	18	17032	62	2F291540B1FBF9B7408A12992ADE92283529386B64B0EF4B8C8E8594E15B021A	NumStability.Source.Higham.Chapter09.Section04
route	NumStability.Algorithms.HighamChapter9	NumStability.higham_problem9_9_noPivotReducedGrowthFactor_le_one_add_card_mul_absLU_infNorm_div	NumStability.higham_problem9_9_noPivotReducedGrowthFactor_le_one_add_card_mul_absLU_infNorm_div	NumStability.higham_problem9_9_noPivotReducedGrowthFactor_le_one_add_card_mul_absLU_infNorm_div	NumStability.higham_problem9_9_noPivotReducedGrowthFactor_le_one_add_card_mul_absLU_infNorm_div	authored	17273	0	17325	34	17278	8	17278	90	AA35175DB5D2EB399231E9754F9A7CA42901705F4FCEDF69A3C4B8D9675340CF	NumStability.Source.Higham.Chapter09.Section04
route	NumStability.Algorithms.HighamChapter9	NumStability.higham_problem9_9_noPivotReducedGrowthFactor_le_one_add_card_mul_absLU_infNorm_div_exists_hAmax	NumStability.higham_problem9_9_noPivotReducedGrowthFactor_le_one_add_card_mul_absLU_infNorm_div_exists_hAmax	NumStability.higham_problem9_9_noPivotReducedGrowthFactor_le_one_add_card_mul_absLU_infNorm_div_exists_hAmax	NumStability.higham_problem9_9_noPivotReducedGrowthFactor_le_one_add_card_mul_absLU_infNorm_div_exists_hAmax	authored	17327	0	17344	29	17329	8	17329	103	72F07F0479C1BF57F85678D5124459886FF5E1693B90A0F32B8950C2FCEACABB	NumStability.Source.Higham.Chapter09.Section04
route	NumStability.Algorithms.HighamChapter9	NumStability.higham_problem9_9_noPivotReducedGrowthFactor_le_one_add_card_mul_condSkeel_exists_hAmax	NumStability.higham_problem9_9_noPivotReducedGrowthFactor_le_one_add_card_mul_condSkeel_exists_hAmax	NumStability.higham_problem9_9_noPivotReducedGrowthFactor_le_one_add_card_mul_condSkeel_exists_hAmax	NumStability.higham_problem9_9_noPivotReducedGrowthFactor_le_one_add_card_mul_condSkeel_exists_hAmax	authored	17768	0	17806	28	17774	8	17774	95	BC7857E7946B57698D4550A8C47E177CB23289BDF30FEEC586887252368CAD21	NumStability.Source.Higham.Chapter09.Section05
route	NumStability.Algorithms.HighamChapter9	NumStability.higham_problem9_9_noPivotReducedGrowthFactor_le_one_add_card_mul_two_card_sub_one_of_rowDiagDomUpper_exists_hAmax	NumStability.higham_problem9_9_noPivotReducedGrowthFactor_le_one_add_card_mul_two_card_sub_one_of_rowDiagDomUpper_exists_hAmax	NumStability.higham_problem9_9_noPivotReducedGrowthFactor_le_one_add_card_mul_two_card_sub_one_of_rowDiagDomUpper_exists_hAmax	NumStability.higham_problem9_9_noPivotReducedGrowthFactor_le_one_add_card_mul_two_card_sub_one_of_rowDiagDomUpper_exists_hAmax	authored	17844	0	17882	28	17850	8	17850	121	8871474DE8CF4FC62D0728707B8DB4C40DCCCAA39C5A3E858788047F00DD70BF	NumStability.Source.Higham.Chapter09.Section05
route	NumStability.Algorithms.HighamChapter9	NumStability.higham_problem9_9_noPivotReducedGrowthFactor_le_one_of_nonnegative_LU	NumStability.higham_problem9_9_noPivotReducedGrowthFactor_le_one_of_nonnegative_LU	NumStability.higham_problem9_9_noPivotReducedGrowthFactor_le_one_of_nonnegative_LU	NumStability.higham_problem9_9_noPivotReducedGrowthFactor_le_one_of_nonnegative_LU	authored	17113	0	17138	26	17116	8	17116	77	93F3AECFF91F59F5CAF2E6A53FACFA7ED33465D3A8DFBF6183F133E7F20D4499	NumStability.Source.Higham.Chapter09.Section04
route	NumStability.Algorithms.HighamChapter9	NumStability.higham_problem9_9_noPivotReducedGrowthFactor_le_one_of_nonnegative_LU_exists_hAmax	NumStability.higham_problem9_9_noPivotReducedGrowthFactor_le_one_of_nonnegative_LU_exists_hAmax	NumStability.higham_problem9_9_noPivotReducedGrowthFactor_le_one_of_nonnegative_LU_exists_hAmax	NumStability.higham_problem9_9_noPivotReducedGrowthFactor_le_one_of_nonnegative_LU_exists_hAmax	authored	17148	0	17164	33	17150	8	17150	90	C53C6B982125ED82FBD5257C10CAACC8D2FB75357763E19D38B677E284AAD56D	NumStability.Source.Higham.Chapter09.Section04
route	NumStability.Algorithms.HighamChapter9	_private.NumStability.Algorithms.HighamChapter9.0.NumStability.higham9_11_sum_half_add_half	_private.NumStability.Algorithms.HighamChapter9.0.NumStability.higham9_11_sum_half_add_half	_private.NumStability.Algorithms.HighamChapter9.0.NumStability.higham9_11_sum_half_add_half	_private.NumStability.Algorithms.HighamChapter9.0.NumStability.higham9_11_sum_half_add_half	authored	11628	0	11635	6	11628	14	11628	42	5F20228A61102366D0FB1A76C8877F15F6CA7D8ECE0B7B5245C5C9736361E97D	NumStability.Source.Higham.Chapter09.Section04
route	NumStability.Algorithms.HighamChapter9	_private.NumStability.Algorithms.HighamChapter9.0.NumStability.higham9_11_sum_half_add_neg_half	_private.NumStability.Algorithms.HighamChapter9.0.NumStability.higham9_11_sum_half_add_neg_half	_private.NumStability.Algorithms.HighamChapter9.0.NumStability.higham9_11_sum_half_add_neg_half	_private.NumStability.Algorithms.HighamChapter9.0.NumStability.higham9_11_sum_half_add_neg_half	authored	11637	0	11644	6	11637	14	11637	46	93019E13AD7D8ED462F3A6F96E9D4AA1D9D320FBDBF09D26A1CC40F5F123C9C9	NumStability.Source.Higham.Chapter09.Section04
route	NumStability.Algorithms.HighamChapter9	_private.NumStability.Algorithms.HighamChapter9.0.NumStability.higham9_12_inv_sub_one_re_of_normSq_eq_one	_private.NumStability.Algorithms.HighamChapter9.0.NumStability.higham9_12_inv_sub_one_re_of_normSq_eq_one	_private.NumStability.Algorithms.HighamChapter9.0.NumStability.higham9_12_inv_sub_one_re_of_normSq_eq_one	_private.NumStability.Algorithms.HighamChapter9.0.NumStability.higham9_12_inv_sub_one_re_of_normSq_eq_one	authored	9547	0	9575	6	9547	16	9547	58	D68CB7348CDCE51AEAF44DB54EC2755D50B845E490F8B455DDEB8BF57BEC5CF0	NumStability.Source.Higham.Chapter09.Section04
route	NumStability.Algorithms.HighamChapter9	_private.NumStability.Algorithms.HighamChapter9.0.NumStability.higham9_2_fin_foldl_congr	_private.NumStability.Algorithms.HighamChapter9.0.NumStability.higham9_2_fin_foldl_congr	_private.NumStability.Algorithms.HighamChapter9.0.NumStability.higham9_2_fin_foldl_congr	_private.NumStability.Algorithms.HighamChapter9.0.NumStability.higham9_2_fin_foldl_congr	authored	3302	0	3318	28	3304	16	3304	41	69267EC0A9AF26CEF25B6BE78B9B070702784183925DF06B967D00410F6AD46E	NumStability.Source.Higham.Chapter09.Section02
route	NumStability.Algorithms.HighamChapter9	_private.NumStability.Algorithms.HighamChapter9.0.NumStability.sum_fin_eq_sum_castLE_of_eq_zero	_private.NumStability.Algorithms.HighamChapter9.0.NumStability.sum_fin_eq_sum_castLE_of_eq_zero	_private.NumStability.Algorithms.HighamChapter9.0.NumStability.sum_fin_eq_sum_castLE_of_eq_zero	_private.NumStability.Algorithms.HighamChapter9.0.NumStability.sum_fin_eq_sum_castLE_of_eq_zero	authored	1718	0	1750	38	1721	14	1721	46	3C01F45026DB313BB8FEB8FC8355A785DE429CA623F01B647B2BE02167A8556D	NumStability.Source.Higham.Chapter09.Section02
route	NumStability.Algorithms.HighamChapter9Theorem914Primitive	_private.NumStability.Algorithms.HighamChapter9Theorem914Primitive.0.NumStability.higham9_14_div_input_stability	_private.NumStability.Algorithms.HighamChapter9Theorem914Primitive.0.NumStability.higham9_14_div_input_stability	_private.NumStability.Algorithms.HighamChapter9Theorem914Primitive.0.NumStability.higham9_14_div_input_stability	_private.NumStability.Algorithms.HighamChapter9Theorem914Primitive.0.NumStability.higham9_14_div_input_stability	authored	63	0	107	61	65	16	65	46	05DBC235F634357DD72A84327E3533D1FD78A8B8F64842D66BDAF06F5E3192F9	NumStability.Source.Higham.Chapter09.Theorem914Primitive
route	NumStability.Algorithms.HighamChapter9Theorem914Primitive	_private.NumStability.Algorithms.HighamChapter9Theorem914Primitive.0.NumStability.higham9_14_exists_finite_source_bounds	_private.NumStability.Algorithms.HighamChapter9Theorem914Primitive.0.NumStability.higham9_14_exists_finite_source_bounds	_private.NumStability.Algorithms.HighamChapter9Theorem914Primitive.0.NumStability.higham9_14_exists_finite_source_bounds	_private.NumStability.Algorithms.HighamChapter9Theorem914Primitive.0.NumStability.higham9_14_exists_finite_source_bounds	authored	544	0	610	46	546	16	546	54	29069B9DD47DB881EC3517108EA3B1AF48CCB2922C484C6D884CC89B5CF4DAFA	NumStability.Source.Higham.Chapter09.Theorem914Primitive
route	NumStability.Algorithms.HighamChapter9Theorem914Primitive	_private.NumStability.Algorithms.HighamChapter9Theorem914Primitive.0.NumStability.higham9_14_pivotErrorBudget_le_final	_private.NumStability.Algorithms.HighamChapter9Theorem914Primitive.0.NumStability.higham9_14_pivotErrorBudget_le_final	_private.NumStability.Algorithms.HighamChapter9Theorem914Primitive.0.NumStability.higham9_14_pivotErrorBudget_le_final	_private.NumStability.Algorithms.HighamChapter9Theorem914Primitive.0.NumStability.higham9_14_pivotErrorBudget_le_final	authored	289	0	319	46	289	16	289	52	89B235F7A9EBCB3C5464C8A0FF77B51A58853811D9AE47BFF958D422B7DD9E11	NumStability.Source.Higham.Chapter09.Theorem914Primitive
route	NumStability.Algorithms.HighamChapter9Theorem914Primitive	_private.NumStability.Algorithms.HighamChapter9Theorem914Primitive.0.NumStability.higham9_14_pivotErrorBudget_step	_private.NumStability.Algorithms.HighamChapter9Theorem914Primitive.0.NumStability.higham9_14_pivotErrorBudget_step	_private.NumStability.Algorithms.HighamChapter9Theorem914Primitive.0.NumStability.higham9_14_pivotErrorBudget_step	_private.NumStability.Algorithms.HighamChapter9Theorem914Primitive.0.NumStability.higham9_14_pivotErrorBudget_step	authored	321	0	364	25	321	16	321	48	8724EAAB4EA9F3A788AA77B0F4B58F3E3095014AE7596973E6477B93205DD476	NumStability.Source.Higham.Chapter09.Theorem914Primitive
route	NumStability.Algorithms.HighamChapter9Theorem914Primitive	_private.NumStability.Algorithms.HighamChapter9Theorem914Primitive.0.NumStability.higham9_14_roundedPivot_step_error	_private.NumStability.Algorithms.HighamChapter9Theorem914Primitive.0.NumStability.higham9_14_roundedPivot_step_error	_private.NumStability.Algorithms.HighamChapter9Theorem914Primitive.0.NumStability.higham9_14_roundedPivot_step_error	_private.NumStability.Algorithms.HighamChapter9Theorem914Primitive.0.NumStability.higham9_14_roundedPivot_step_error	authored	118	0	281	10	123	16	123	50	DE2EBAA0E00EB50602AF73C879D3836327FDE2DC89F2DA767768ED7D1F95F8B3	NumStability.Source.Higham.Chapter09.Theorem914Primitive
