module	declaration	kind	visibility	destination	disposition
NumStability.Algorithms.Cholesky.CholeskyIndefinite	NumStability.AasenSpec	inductive	public	NumStability.Algorithms.LinearSystems.SymmetricIndefinite.ErrorAnalysis.BlockLDLT	relocated
NumStability.Algorithms.Cholesky.CholeskyIndefinite	NumStability.AasenSpec.L_diag	theorem	public	NumStability.Algorithms.LinearSystems.SymmetricIndefinite.ErrorAnalysis.BlockLDLT	relocated
NumStability.Algorithms.Cholesky.CholeskyIndefinite	NumStability.AasenSpec.L_first_col	theorem	public	NumStability.Algorithms.LinearSystems.SymmetricIndefinite.ErrorAnalysis.BlockLDLT	relocated
NumStability.Algorithms.Cholesky.CholeskyIndefinite	NumStability.AasenSpec.L_upper_zero	theorem	public	NumStability.Algorithms.LinearSystems.SymmetricIndefinite.ErrorAnalysis.BlockLDLT	relocated
NumStability.Algorithms.Cholesky.CholeskyIndefinite	NumStability.AasenSpec.T_tridiag	theorem	public	NumStability.Algorithms.LinearSystems.SymmetricIndefinite.ErrorAnalysis.BlockLDLT	relocated
NumStability.Algorithms.Cholesky.CholeskyIndefinite	NumStability.AasenSpec.casesOn	definition	public	NumStability.Algorithms.LinearSystems.SymmetricIndefinite.ErrorAnalysis.BlockLDLT	relocated
NumStability.Algorithms.Cholesky.CholeskyIndefinite	NumStability.AasenSpec.mk	constructor	public	NumStability.Algorithms.LinearSystems.SymmetricIndefinite.ErrorAnalysis.BlockLDLT	relocated
NumStability.Algorithms.Cholesky.CholeskyIndefinite	NumStability.AasenSpec.perm	theorem	public	NumStability.Algorithms.LinearSystems.SymmetricIndefinite.ErrorAnalysis.BlockLDLT	relocated
NumStability.Algorithms.Cholesky.CholeskyIndefinite	NumStability.AasenSpec.product_eq	theorem	public	NumStability.Algorithms.LinearSystems.SymmetricIndefinite.ErrorAnalysis.BlockLDLT	relocated
NumStability.Algorithms.Cholesky.CholeskyIndefinite	NumStability.AasenSpec.rec	recursor	public	NumStability.Algorithms.LinearSystems.SymmetricIndefinite.ErrorAnalysis.BlockLDLT	relocated
NumStability.Algorithms.Cholesky.CholeskyIndefinite	NumStability.AasenSpec.recOn	definition	public	NumStability.Algorithms.LinearSystems.SymmetricIndefinite.ErrorAnalysis.BlockLDLT	relocated
NumStability.Algorithms.Cholesky.CholeskyIndefinite	NumStability.AllOnePivots	definition	public	NumStability.Algorithms.LinearSystems.SymmetricIndefinite.ErrorAnalysis.BlockLDLTStep	relocated
NumStability.Algorithms.Cholesky.CholeskyIndefinite	NumStability.BlockLDLTBackwardError	inductive	public	NumStability.Algorithms.LinearSystems.SymmetricIndefinite.ErrorAnalysis.BlockLDLT	relocated
NumStability.Algorithms.Cholesky.CholeskyIndefinite	NumStability.BlockLDLTBackwardError.D_block_diag	theorem	public	NumStability.Algorithms.LinearSystems.SymmetricIndefinite.ErrorAnalysis.BlockLDLT	relocated
NumStability.Algorithms.Cholesky.CholeskyIndefinite	NumStability.BlockLDLTBackwardError.L_diag	theorem	public	NumStability.Algorithms.LinearSystems.SymmetricIndefinite.ErrorAnalysis.BlockLDLT	relocated
NumStability.Algorithms.Cholesky.CholeskyIndefinite	NumStability.BlockLDLTBackwardError.L_upper_zero	theorem	public	NumStability.Algorithms.LinearSystems.SymmetricIndefinite.ErrorAnalysis.BlockLDLT	relocated
NumStability.Algorithms.Cholesky.CholeskyIndefinite	NumStability.BlockLDLTBackwardError.backward_bound	theorem	public	NumStability.Algorithms.LinearSystems.SymmetricIndefinite.ErrorAnalysis.BlockLDLT	relocated
NumStability.Algorithms.Cholesky.CholeskyIndefinite	NumStability.BlockLDLTBackwardError.casesOn	definition	public	NumStability.Algorithms.LinearSystems.SymmetricIndefinite.ErrorAnalysis.BlockLDLT	relocated
NumStability.Algorithms.Cholesky.CholeskyIndefinite	NumStability.BlockLDLTBackwardError.mk	constructor	public	NumStability.Algorithms.LinearSystems.SymmetricIndefinite.ErrorAnalysis.BlockLDLT	relocated
NumStability.Algorithms.Cholesky.CholeskyIndefinite	NumStability.BlockLDLTBackwardError.perm	theorem	public	NumStability.Algorithms.LinearSystems.SymmetricIndefinite.ErrorAnalysis.BlockLDLT	relocated
NumStability.Algorithms.Cholesky.CholeskyIndefinite	NumStability.BlockLDLTBackwardError.rec	recursor	public	NumStability.Algorithms.LinearSystems.SymmetricIndefinite.ErrorAnalysis.BlockLDLT	relocated
NumStability.Algorithms.Cholesky.CholeskyIndefinite	NumStability.BlockLDLTBackwardError.recOn	definition	public	NumStability.Algorithms.LinearSystems.SymmetricIndefinite.ErrorAnalysis.BlockLDLT	relocated
NumStability.Algorithms.Cholesky.CholeskyIndefinite	NumStability.BlockLDLTSpec	inductive	public	NumStability.Algorithms.LinearSystems.SymmetricIndefinite.ErrorAnalysis.BlockLDLT	relocated
NumStability.Algorithms.Cholesky.CholeskyIndefinite	NumStability.BlockLDLTSpec.D_block_diag	theorem	public	NumStability.Algorithms.LinearSystems.SymmetricIndefinite.ErrorAnalysis.BlockLDLT	relocated
NumStability.Algorithms.Cholesky.CholeskyIndefinite	NumStability.BlockLDLTSpec.L_diag	theorem	public	NumStability.Algorithms.LinearSystems.SymmetricIndefinite.ErrorAnalysis.BlockLDLT	relocated
NumStability.Algorithms.Cholesky.CholeskyIndefinite	NumStability.BlockLDLTSpec.L_upper_zero	theorem	public	NumStability.Algorithms.LinearSystems.SymmetricIndefinite.ErrorAnalysis.BlockLDLT	relocated
NumStability.Algorithms.Cholesky.CholeskyIndefinite	NumStability.BlockLDLTSpec.casesOn	definition	public	NumStability.Algorithms.LinearSystems.SymmetricIndefinite.ErrorAnalysis.BlockLDLT	relocated
NumStability.Algorithms.Cholesky.CholeskyIndefinite	NumStability.BlockLDLTSpec.mk	constructor	public	NumStability.Algorithms.LinearSystems.SymmetricIndefinite.ErrorAnalysis.BlockLDLT	relocated
NumStability.Algorithms.Cholesky.CholeskyIndefinite	NumStability.BlockLDLTSpec.perm	theorem	public	NumStability.Algorithms.LinearSystems.SymmetricIndefinite.ErrorAnalysis.BlockLDLT	relocated
NumStability.Algorithms.Cholesky.CholeskyIndefinite	NumStability.BlockLDLTSpec.product_eq	theorem	public	NumStability.Algorithms.LinearSystems.SymmetricIndefinite.ErrorAnalysis.BlockLDLT	relocated
NumStability.Algorithms.Cholesky.CholeskyIndefinite	NumStability.BlockLDLTSpec.rec	recursor	public	NumStability.Algorithms.LinearSystems.SymmetricIndefinite.ErrorAnalysis.BlockLDLT	relocated
NumStability.Algorithms.Cholesky.CholeskyIndefinite	NumStability.BlockLDLTSpec.recOn	definition	public	NumStability.Algorithms.LinearSystems.SymmetricIndefinite.ErrorAnalysis.BlockLDLT	relocated
NumStability.Algorithms.Cholesky.CholeskyIndefinite	NumStability.BunchKaufmanCase	inductive	public	NumStability.Algorithms.LinearSystems.SymmetricIndefinite.ErrorAnalysis.BlockLDLT	relocated
NumStability.Algorithms.Cholesky.CholeskyIndefinite	NumStability.BunchKaufmanCase.case1	constructor	public	NumStability.Algorithms.LinearSystems.SymmetricIndefinite.ErrorAnalysis.BlockLDLT	relocated
NumStability.Algorithms.Cholesky.CholeskyIndefinite	NumStability.BunchKaufmanCase.case1.elim	definition	public	NumStability.Algorithms.LinearSystems.SymmetricIndefinite.ErrorAnalysis.BlockLDLT	relocated
NumStability.Algorithms.Cholesky.CholeskyIndefinite	NumStability.BunchKaufmanCase.case1.sizeOf_spec	theorem	public	NumStability.Algorithms.LinearSystems.SymmetricIndefinite.ErrorAnalysis.BlockLDLT	relocated
NumStability.Algorithms.Cholesky.CholeskyIndefinite	NumStability.BunchKaufmanCase.case2	constructor	public	NumStability.Algorithms.LinearSystems.SymmetricIndefinite.ErrorAnalysis.BlockLDLT	relocated
NumStability.Algorithms.Cholesky.CholeskyIndefinite	NumStability.BunchKaufmanCase.case2.elim	definition	public	NumStability.Algorithms.LinearSystems.SymmetricIndefinite.ErrorAnalysis.BlockLDLT	relocated
NumStability.Algorithms.Cholesky.CholeskyIndefinite	NumStability.BunchKaufmanCase.case2.sizeOf_spec	theorem	public	NumStability.Algorithms.LinearSystems.SymmetricIndefinite.ErrorAnalysis.BlockLDLT	relocated
NumStability.Algorithms.Cholesky.CholeskyIndefinite	NumStability.BunchKaufmanCase.case3	constructor	public	NumStability.Algorithms.LinearSystems.SymmetricIndefinite.ErrorAnalysis.BlockLDLT	relocated
NumStability.Algorithms.Cholesky.CholeskyIndefinite	NumStability.BunchKaufmanCase.case3.elim	definition	public	NumStability.Algorithms.LinearSystems.SymmetricIndefinite.ErrorAnalysis.BlockLDLT	relocated
NumStability.Algorithms.Cholesky.CholeskyIndefinite	NumStability.BunchKaufmanCase.case3.sizeOf_spec	theorem	public	NumStability.Algorithms.LinearSystems.SymmetricIndefinite.ErrorAnalysis.BlockLDLT	relocated
NumStability.Algorithms.Cholesky.CholeskyIndefinite	NumStability.BunchKaufmanCase.case4	constructor	public	NumStability.Algorithms.LinearSystems.SymmetricIndefinite.ErrorAnalysis.BlockLDLT	relocated
NumStability.Algorithms.Cholesky.CholeskyIndefinite	NumStability.BunchKaufmanCase.case4.elim	definition	public	NumStability.Algorithms.LinearSystems.SymmetricIndefinite.ErrorAnalysis.BlockLDLT	relocated
NumStability.Algorithms.Cholesky.CholeskyIndefinite	NumStability.BunchKaufmanCase.case4.sizeOf_spec	theorem	public	NumStability.Algorithms.LinearSystems.SymmetricIndefinite.ErrorAnalysis.BlockLDLT	relocated
NumStability.Algorithms.Cholesky.CholeskyIndefinite	NumStability.BunchKaufmanCase.casesOn	definition	public	NumStability.Algorithms.LinearSystems.SymmetricIndefinite.ErrorAnalysis.BlockLDLT	relocated
NumStability.Algorithms.Cholesky.CholeskyIndefinite	NumStability.BunchKaufmanCase.ctorElim	definition	public	NumStability.Algorithms.LinearSystems.SymmetricIndefinite.ErrorAnalysis.BlockLDLT	relocated
NumStability.Algorithms.Cholesky.CholeskyIndefinite	NumStability.BunchKaufmanCase.ctorElimType	definition	public	NumStability.Algorithms.LinearSystems.SymmetricIndefinite.ErrorAnalysis.BlockLDLT	relocated
NumStability.Algorithms.Cholesky.CholeskyIndefinite	NumStability.BunchKaufmanCase.ctorIdx	definition	public	NumStability.Algorithms.LinearSystems.SymmetricIndefinite.ErrorAnalysis.BlockLDLT	relocated
NumStability.Algorithms.Cholesky.CholeskyIndefinite	NumStability.BunchKaufmanCase.noAction	constructor	public	NumStability.Algorithms.LinearSystems.SymmetricIndefinite.ErrorAnalysis.BlockLDLT	relocated
NumStability.Algorithms.Cholesky.CholeskyIndefinite	NumStability.BunchKaufmanCase.noAction.elim	definition	public	NumStability.Algorithms.LinearSystems.SymmetricIndefinite.ErrorAnalysis.BlockLDLT	relocated
NumStability.Algorithms.Cholesky.CholeskyIndefinite	NumStability.BunchKaufmanCase.noAction.sizeOf_spec	theorem	public	NumStability.Algorithms.LinearSystems.SymmetricIndefinite.ErrorAnalysis.BlockLDLT	relocated
NumStability.Algorithms.Cholesky.CholeskyIndefinite	NumStability.BunchKaufmanCase.noConfusion	definition	public	NumStability.Algorithms.LinearSystems.SymmetricIndefinite.ErrorAnalysis.BlockLDLT	relocated
NumStability.Algorithms.Cholesky.CholeskyIndefinite	NumStability.BunchKaufmanCase.noConfusionType	definition	public	NumStability.Algorithms.LinearSystems.SymmetricIndefinite.ErrorAnalysis.BlockLDLT	relocated
NumStability.Algorithms.Cholesky.CholeskyIndefinite	NumStability.BunchKaufmanCase.ofNat	definition	public	NumStability.Algorithms.LinearSystems.SymmetricIndefinite.ErrorAnalysis.BlockLDLT	relocated
NumStability.Algorithms.Cholesky.CholeskyIndefinite	NumStability.BunchKaufmanCase.ofNat_ctorIdx	theorem	public	NumStability.Algorithms.LinearSystems.SymmetricIndefinite.ErrorAnalysis.BlockLDLT	relocated
NumStability.Algorithms.Cholesky.CholeskyIndefinite	NumStability.BunchKaufmanCase.rec	recursor	public	NumStability.Algorithms.LinearSystems.SymmetricIndefinite.ErrorAnalysis.BlockLDLT	relocated
NumStability.Algorithms.Cholesky.CholeskyIndefinite	NumStability.BunchKaufmanCase.recOn	definition	public	NumStability.Algorithms.LinearSystems.SymmetricIndefinite.ErrorAnalysis.BlockLDLT	relocated
NumStability.Algorithms.Cholesky.CholeskyIndefinite	NumStability.BunchKaufmanCase.toCtorIdx	definition	public	NumStability.Algorithms.LinearSystems.SymmetricIndefinite.ErrorAnalysis.BlockLDLT	relocated
NumStability.Algorithms.Cholesky.CholeskyIndefinite	NumStability.BunchKaufmanPartialPivotCase	definition	public	NumStability.Algorithms.LinearSystems.SymmetricIndefinite.ErrorAnalysis.BlockLDLT	relocated
NumStability.Algorithms.Cholesky.CholeskyIndefinite	NumStability.BunchParlettCompletePivotChoice	definition	public	NumStability.Algorithms.LinearSystems.SymmetricIndefinite.ErrorAnalysis.BlockLDLT	relocated
NumStability.Algorithms.Cholesky.CholeskyIndefinite	NumStability.BunchTridiagonalPivotChoice	definition	public	NumStability.Algorithms.LinearSystems.SymmetricIndefinite.Pivoting.Tridiagonal	relocated
NumStability.Algorithms.Cholesky.CholeskySpec	NumStability.CholeskyBackwardError	inductive	public	NumStability.Algorithms.LinearSystems.Cholesky.Factorization.Spec	relocated
NumStability.Algorithms.Cholesky.CholeskySpec	NumStability.CholeskyBackwardError.R_upper	theorem	public	NumStability.Algorithms.LinearSystems.Cholesky.Factorization.Spec	relocated
NumStability.Algorithms.Cholesky.CholeskySpec	NumStability.CholeskyBackwardError.backward_bound	theorem	public	NumStability.Algorithms.LinearSystems.Cholesky.Factorization.Spec	relocated
NumStability.Algorithms.Cholesky.CholeskySpec	NumStability.CholeskyBackwardError.casesOn	definition	public	NumStability.Algorithms.LinearSystems.Cholesky.Factorization.Spec	relocated
NumStability.Algorithms.Cholesky.CholeskySpec	NumStability.CholeskyBackwardError.mk	constructor	public	NumStability.Algorithms.LinearSystems.Cholesky.Factorization.Spec	relocated
NumStability.Algorithms.Cholesky.CholeskySpec	NumStability.CholeskyBackwardError.rec	recursor	public	NumStability.Algorithms.LinearSystems.Cholesky.Factorization.Spec	relocated
NumStability.Algorithms.Cholesky.CholeskySpec	NumStability.CholeskyBackwardError.recOn	definition	public	NumStability.Algorithms.LinearSystems.Cholesky.Factorization.Spec	relocated
NumStability.Algorithms.Cholesky.CholeskySpec	NumStability.CholeskyFactSpec	inductive	public	NumStability.Algorithms.LinearSystems.Cholesky.Factorization.Spec	relocated
NumStability.Algorithms.Cholesky.CholeskySpec	NumStability.CholeskyFactSpec.R_diag_pos	theorem	public	NumStability.Algorithms.LinearSystems.Cholesky.Factorization.Spec	relocated
NumStability.Algorithms.Cholesky.CholeskySpec	NumStability.CholeskyFactSpec.R_upper	theorem	public	NumStability.Algorithms.LinearSystems.Cholesky.Factorization.Spec	relocated
NumStability.Algorithms.Cholesky.CholeskySpec	NumStability.CholeskyFactSpec.casesOn	definition	public	NumStability.Algorithms.LinearSystems.Cholesky.Factorization.Spec	relocated
NumStability.Algorithms.Cholesky.CholeskySpec	NumStability.CholeskyFactSpec.mk	constructor	public	NumStability.Algorithms.LinearSystems.Cholesky.Factorization.Spec	relocated
NumStability.Algorithms.Cholesky.CholeskySpec	NumStability.CholeskyFactSpec.product_eq	theorem	public	NumStability.Algorithms.LinearSystems.Cholesky.Factorization.Spec	relocated
NumStability.Algorithms.Cholesky.CholeskySpec	NumStability.CholeskyFactSpec.rec	recursor	public	NumStability.Algorithms.LinearSystems.Cholesky.Factorization.Spec	relocated
NumStability.Algorithms.Cholesky.CholeskySpec	NumStability.CholeskyFactSpec.recOn	definition	public	NumStability.Algorithms.LinearSystems.Cholesky.Factorization.Spec	relocated
NumStability.Algorithms.Cholesky.CholeskyIndefinite	NumStability.FlAllOneSymmetricPivots	definition	public	NumStability.Algorithms.LinearSystems.SymmetricIndefinite.Pivoting.Basic	relocated
NumStability.Algorithms.Cholesky.CholeskyIndefinite	NumStability.FlStoredAllOnePivots	definition	public	NumStability.Algorithms.LinearSystems.SymmetricIndefinite.Pivoting.Basic	relocated
NumStability.Algorithms.Ch10PivotedPSDSourceClosure	NumStability.Higham10CompletePivotedPSDOutput	inductive	public	NumStability.Source.Higham.Chapter10.Theorem14.CompletePivotedPSD.ActualRun	relocated
NumStability.Algorithms.Ch10PivotedPSDSourceClosure	NumStability.Higham10CompletePivotedPSDOutput.backwardError	definition	public	NumStability.Source.Higham.Chapter10.Theorem14.CompletePivotedPSD.ActualRun	relocated
NumStability.Algorithms.Ch10PivotedPSDSourceClosure	NumStability.Higham10CompletePivotedPSDOutput.casesOn	definition	public	NumStability.Source.Higham.Chapter10.Theorem14.CompletePivotedPSD.ActualRun	relocated
NumStability.Algorithms.Ch10PivotedPSDSourceClosure	NumStability.Higham10CompletePivotedPSDOutput.ctorIdx	definition	public	NumStability.Source.Higham.Chapter10.Theorem14.CompletePivotedPSD.ActualRun	relocated
NumStability.Algorithms.Ch10PivotedPSDSourceClosure	NumStability.Higham10CompletePivotedPSDOutput.gram	definition	public	NumStability.Source.Higham.Chapter10.Theorem14.CompletePivotedPSD.ActualRun	relocated
NumStability.Algorithms.Ch10PivotedPSDSourceClosure	NumStability.Higham10CompletePivotedPSDOutput.mk	constructor	public	NumStability.Source.Higham.Chapter10.Theorem14.CompletePivotedPSD.ActualRun	relocated
NumStability.Algorithms.Ch10PivotedPSDSourceClosure	NumStability.Higham10CompletePivotedPSDOutput.mk.inj	theorem	public	NumStability.Source.Higham.Chapter10.Theorem14.CompletePivotedPSD.ActualRun	relocated
NumStability.Algorithms.Ch10PivotedPSDSourceClosure	NumStability.Higham10CompletePivotedPSDOutput.mk.injEq	theorem	public	NumStability.Source.Higham.Chapter10.Theorem14.CompletePivotedPSD.ActualRun	relocated
NumStability.Algorithms.Ch10PivotedPSDSourceClosure	NumStability.Higham10CompletePivotedPSDOutput.mk.noConfusion	definition	public	NumStability.Source.Higham.Chapter10.Theorem14.CompletePivotedPSD.ActualRun	relocated
NumStability.Algorithms.Ch10PivotedPSDSourceClosure	NumStability.Higham10CompletePivotedPSDOutput.mk.sizeOf_spec	theorem	public	NumStability.Source.Higham.Chapter10.Theorem14.CompletePivotedPSD.ActualRun	relocated
NumStability.Algorithms.Ch10PivotedPSDSourceClosure	NumStability.Higham10CompletePivotedPSDOutput.noConfusion	definition	public	NumStability.Source.Higham.Chapter10.Theorem14.CompletePivotedPSD.ActualRun	relocated
NumStability.Algorithms.Ch10PivotedPSDSourceClosure	NumStability.Higham10CompletePivotedPSDOutput.noConfusionType	definition	public	NumStability.Source.Higham.Chapter10.Theorem14.CompletePivotedPSD.ActualRun	relocated
NumStability.Algorithms.Ch10PivotedPSDSourceClosure	NumStability.Higham10CompletePivotedPSDOutput.pivot	definition	public	NumStability.Source.Higham.Chapter10.Theorem14.CompletePivotedPSD.ActualRun	relocated
NumStability.Algorithms.Ch10PivotedPSDSourceClosure	NumStability.Higham10CompletePivotedPSDOutput.rec	recursor	public	NumStability.Source.Higham.Chapter10.Theorem14.CompletePivotedPSD.ActualRun	relocated
NumStability.Algorithms.Ch10PivotedPSDSourceClosure	NumStability.Higham10CompletePivotedPSDOutput.recOn	definition	public	NumStability.Source.Higham.Chapter10.Theorem14.CompletePivotedPSD.ActualRun	relocated
NumStability.Algorithms.Ch10PivotedPSDSourceClosure	NumStability.Higham10CompletePivotedPSDOutput.row	definition	public	NumStability.Source.Higham.Chapter10.Theorem14.CompletePivotedPSD.ActualRun	relocated
NumStability.Algorithms.Ch10PivotedPSDSourceClosure	NumStability.Higham10CompletePivotedPSDOutput.stages	definition	public	NumStability.Source.Higham.Chapter10.Theorem14.CompletePivotedPSD.ActualRun	relocated
NumStability.Algorithms.Ch10PivotedPSDSourceClosure	NumStability.Higham10CompletePivotedPSDOutput.trailing	definition	public	NumStability.Source.Higham.Chapter10.Theorem14.CompletePivotedPSD.ActualRun	relocated
NumStability.Algorithms.Ch10PivotedPSDSourceClosure	NumStability.Higham10CpActualCertificate	inductive	public	NumStability.Source.Higham.Chapter10.Theorem14.CompletePivotedPSD.ActualRun	relocated
NumStability.Algorithms.Ch10PivotedPSDSourceClosure	NumStability.Higham10CpActualCertificate.backwardEquation	theorem	public	NumStability.Source.Higham.Chapter10.Theorem14.CompletePivotedPSD.ActualRun	relocated
NumStability.Algorithms.Ch10PivotedPSDSourceClosure	NumStability.Higham10CpActualCertificate.backwardError_componentwise	theorem	public	NumStability.Source.Higham.Chapter10.Theorem14.CompletePivotedPSD.ActualRun	relocated
NumStability.Algorithms.Ch10PivotedPSDSourceClosure	NumStability.Higham10CpActualCertificate.backwardError_normwise	theorem	public	NumStability.Source.Higham.Chapter10.Theorem14.CompletePivotedPSD.ActualRun	relocated
NumStability.Algorithms.Ch10PivotedPSDSourceClosure	NumStability.Higham10CpActualCertificate.casesOn	definition	public	NumStability.Source.Higham.Chapter10.Theorem14.CompletePivotedPSD.ActualRun	relocated
NumStability.Algorithms.Ch10PivotedPSDSourceClosure	NumStability.Higham10CpActualCertificate.computedTrailing_componentwise	theorem	public	NumStability.Source.Higham.Chapter10.Theorem14.CompletePivotedPSD.ActualRun	relocated
NumStability.Algorithms.Ch10PivotedPSDSourceClosure	NumStability.Higham10CpActualCertificate.computedTrailing_normwise	theorem	public	NumStability.Source.Higham.Chapter10.Theorem14.CompletePivotedPSD.ActualRun	relocated
NumStability.Algorithms.Ch10PivotedPSDSourceClosure	NumStability.Higham10CpActualCertificate.exactTrailing_componentwise	theorem	public	NumStability.Source.Higham.Chapter10.Theorem14.CompletePivotedPSD.ActualRun	relocated
NumStability.Algorithms.Ch10PivotedPSDSourceClosure	NumStability.Higham10CpActualCertificate.factorResidual_componentwise	theorem	public	NumStability.Source.Higham.Chapter10.Theorem14.CompletePivotedPSD.ActualRun	relocated
NumStability.Algorithms.Ch10PivotedPSDSourceClosure	NumStability.Higham10CpActualCertificate.factorResidual_normwise	theorem	public	NumStability.Source.Higham.Chapter10.Theorem14.CompletePivotedPSD.ActualRun	relocated
NumStability.Algorithms.Ch10PivotedPSDSourceClosure	NumStability.Higham10CpActualCertificate.mk	constructor	public	NumStability.Source.Higham.Chapter10.Theorem14.CompletePivotedPSD.ActualRun	relocated
NumStability.Algorithms.Ch10PivotedPSDSourceClosure	NumStability.Higham10CpActualCertificate.rec	recursor	public	NumStability.Source.Higham.Chapter10.Theorem14.CompletePivotedPSD.ActualRun	relocated
NumStability.Algorithms.Ch10PivotedPSDSourceClosure	NumStability.Higham10CpActualCertificate.recOn	definition	public	NumStability.Source.Higham.Chapter10.Theorem14.CompletePivotedPSD.ActualRun	relocated
NumStability.Algorithms.Ch10PivotedPSDSourceClosure	NumStability.Higham10CpActualCertificate.stages_le	theorem	public	NumStability.Source.Higham.Chapter10.Theorem14.CompletePivotedPSD.ActualRun	relocated
NumStability.Algorithms.Ch10KahanSharpnessSource	NumStability.Higham10KahanSharpnessSourceCertificate	inductive	public	NumStability.Source.Higham.Chapter10.Lemma13.KahanSharpness.GramFamily	relocated
NumStability.Algorithms.Ch10KahanSharpnessSource	NumStability.Higham10KahanSharpnessSourceCertificate.casesOn	definition	public	NumStability.Source.Higham.Chapter10.Lemma13.KahanSharpness.GramFamily	relocated
NumStability.Algorithms.Ch10KahanSharpnessSource	NumStability.Higham10KahanSharpnessSourceCertificate.complete_pivot_tail	theorem	public	NumStability.Source.Higham.Chapter10.Lemma13.KahanSharpness.GramFamily	relocated
NumStability.Algorithms.Ch10KahanSharpnessSource	NumStability.Higham10KahanSharpnessSourceCertificate.factor	theorem	public	NumStability.Source.Higham.Chapter10.Lemma13.KahanSharpness.GramFamily	relocated
NumStability.Algorithms.Ch10KahanSharpnessSource	NumStability.Higham10KahanSharpnessSourceCertificate.mk	constructor	public	NumStability.Source.Higham.Chapter10.Lemma13.KahanSharpness.GramFamily	relocated
NumStability.Algorithms.Ch10KahanSharpnessSource	NumStability.Higham10KahanSharpnessSourceCertificate.of_theta	theorem	public	NumStability.Algorithms.Ch10KahanSharpnessSource	retained
NumStability.Algorithms.Ch10KahanSharpnessSource	NumStability.Higham10KahanSharpnessSourceCertificate.rank_eq	theorem	public	NumStability.Source.Higham.Chapter10.Lemma13.KahanSharpness.GramFamily	relocated
NumStability.Algorithms.Ch10KahanSharpnessSource	NumStability.Higham10KahanSharpnessSourceCertificate.rec	recursor	public	NumStability.Source.Higham.Chapter10.Lemma13.KahanSharpness.GramFamily	relocated
NumStability.Algorithms.Ch10KahanSharpnessSource	NumStability.Higham10KahanSharpnessSourceCertificate.recOn	definition	public	NumStability.Source.Higham.Chapter10.Lemma13.KahanSharpness.GramFamily	relocated
NumStability.Algorithms.Ch10KahanSharpnessSource	NumStability.Higham10KahanSharpnessSourceCertificate.w_eq_A11_inv_A12	theorem	public	NumStability.Source.Higham.Chapter10.Lemma13.KahanSharpness.GramFamily	relocated
NumStability.Algorithms.Ch10Lemma1011Source	NumStability.Higham10_11NoTies	definition	public	NumStability.Source.Higham.Chapter10.Lemma11.PivotSequenceStability.SourceClosure	relocated
NumStability.Algorithms.Cholesky.CholeskyIndefinite	NumStability.IsBlockDiag	definition	public	NumStability.Algorithms.LinearSystems.SymmetricIndefinite.ErrorAnalysis.Predicates	relocated
NumStability.Algorithms.Cholesky.CholeskyNonsym	NumStability.IsNonsymPosDef	definition	public	NumStability.Algorithms.LinearSystems.LU.NonsymmetricPositiveDefinite.Basic	relocated
NumStability.Algorithms.Cholesky.CholeskyPSD	NumStability.IsPosSemiDef	definition	public	NumStability.Algorithms.LinearSystems.Cholesky.PositiveSemidefinite.Basic	relocated
NumStability.Algorithms.Cholesky.CholeskyIndefinite	NumStability.IsSkewBlockDiag	definition	public	NumStability.Algorithms.LinearSystems.SymmetricIndefinite.ErrorAnalysis.Predicates	relocated
NumStability.Algorithms.Cholesky.CholeskyIndefinite	NumStability.IsSkewSymmetric	definition	public	NumStability.Algorithms.LinearSystems.SymmetricIndefinite.ErrorAnalysis.Predicates	relocated
NumStability.Algorithms.Cholesky.CholeskyIndefinite	NumStability.IsSymTridiagonal	definition	public	NumStability.Algorithms.LinearSystems.SymmetricIndefinite.ErrorAnalysis.Predicates	relocated
NumStability.Algorithms.Ch10Ch14Lemma66Op2Bridge	NumStability.Lemma66Op2Bridge.lemma66c_absMatrix_op2_le_sqrt_card	theorem	public	NumStability.Source.Higham.Chapter06.Lemma06.OperatorTwoNormBound.Bridge	relocated
NumStability.Algorithms.Ch10Ch14Lemma66Op2Bridge	NumStability.Lemma66Op2Bridge.lemma66c_ch10_absFactor_op2Sq_le	theorem	public	NumStability.Source.Higham.Chapter10.Equation07.AbsoluteFactorNorm.Bridge	relocated
NumStability.Algorithms.Ch10Ch14Lemma66Op2Bridge	NumStability.Lemma66Op2Bridge.lemma66c_ch14_residual_op2_le_sqrt_card	theorem	public	NumStability.Source.Higham.Chapter14.Section03.ResidualOperatorTwoNorm.Bridge	relocated
NumStability.Algorithms.Ch10Ch14Lemma66Op2Bridge	NumStability.Lemma66Op2Bridge.lemma66c_rank_le_card	theorem	public	NumStability.Source.Higham.Chapter06.Lemma06.OperatorTwoNormBound.Bridge	relocated
NumStability.Algorithms.Cholesky.CholeskyIndefinite	NumStability.PivotSize	inductive	public	NumStability.Algorithms.LinearSystems.SymmetricIndefinite.ErrorAnalysis.BlockLDLT	relocated
NumStability.Algorithms.Cholesky.CholeskyIndefinite	NumStability.PivotSize.casesOn	definition	public	NumStability.Algorithms.LinearSystems.SymmetricIndefinite.ErrorAnalysis.BlockLDLT	relocated
NumStability.Algorithms.Cholesky.CholeskyIndefinite	NumStability.PivotSize.ctorElim	definition	public	NumStability.Algorithms.LinearSystems.SymmetricIndefinite.ErrorAnalysis.BlockLDLT	relocated
NumStability.Algorithms.Cholesky.CholeskyIndefinite	NumStability.PivotSize.ctorElimType	definition	public	NumStability.Algorithms.LinearSystems.SymmetricIndefinite.ErrorAnalysis.BlockLDLT	relocated
NumStability.Algorithms.Cholesky.CholeskyIndefinite	NumStability.PivotSize.ctorIdx	definition	public	NumStability.Algorithms.LinearSystems.SymmetricIndefinite.ErrorAnalysis.BlockLDLT	relocated
NumStability.Algorithms.Cholesky.CholeskyIndefinite	NumStability.PivotSize.noConfusion	definition	public	NumStability.Algorithms.LinearSystems.SymmetricIndefinite.ErrorAnalysis.BlockLDLT	relocated
NumStability.Algorithms.Cholesky.CholeskyIndefinite	NumStability.PivotSize.noConfusionType	definition	public	NumStability.Algorithms.LinearSystems.SymmetricIndefinite.ErrorAnalysis.BlockLDLT	relocated
NumStability.Algorithms.Cholesky.CholeskyIndefinite	NumStability.PivotSize.ofNat	definition	public	NumStability.Algorithms.LinearSystems.SymmetricIndefinite.ErrorAnalysis.BlockLDLT	relocated
NumStability.Algorithms.Cholesky.CholeskyIndefinite	NumStability.PivotSize.ofNat_ctorIdx	theorem	public	NumStability.Algorithms.LinearSystems.SymmetricIndefinite.ErrorAnalysis.BlockLDLT	relocated
NumStability.Algorithms.Cholesky.CholeskyIndefinite	NumStability.PivotSize.one	constructor	public	NumStability.Algorithms.LinearSystems.SymmetricIndefinite.ErrorAnalysis.BlockLDLT	relocated
NumStability.Algorithms.Cholesky.CholeskyIndefinite	NumStability.PivotSize.one.elim	definition	public	NumStability.Algorithms.LinearSystems.SymmetricIndefinite.ErrorAnalysis.BlockLDLT	relocated
NumStability.Algorithms.Cholesky.CholeskyIndefinite	NumStability.PivotSize.one.sizeOf_spec	theorem	public	NumStability.Algorithms.LinearSystems.SymmetricIndefinite.ErrorAnalysis.BlockLDLT	relocated
NumStability.Algorithms.Cholesky.CholeskyIndefinite	NumStability.PivotSize.rec	recursor	public	NumStability.Algorithms.LinearSystems.SymmetricIndefinite.ErrorAnalysis.BlockLDLT	relocated
NumStability.Algorithms.Cholesky.CholeskyIndefinite	NumStability.PivotSize.recOn	definition	public	NumStability.Algorithms.LinearSystems.SymmetricIndefinite.ErrorAnalysis.BlockLDLT	relocated
NumStability.Algorithms.Cholesky.CholeskyIndefinite	NumStability.PivotSize.toCtorIdx	definition	public	NumStability.Algorithms.LinearSystems.SymmetricIndefinite.ErrorAnalysis.BlockLDLT	relocated
NumStability.Algorithms.Cholesky.CholeskyIndefinite	NumStability.PivotSize.two	constructor	public	NumStability.Algorithms.LinearSystems.SymmetricIndefinite.ErrorAnalysis.BlockLDLT	relocated
NumStability.Algorithms.Cholesky.CholeskyIndefinite	NumStability.PivotSize.two.elim	definition	public	NumStability.Algorithms.LinearSystems.SymmetricIndefinite.ErrorAnalysis.BlockLDLT	relocated
NumStability.Algorithms.Cholesky.CholeskyIndefinite	NumStability.PivotSize.two.sizeOf_spec	theorem	public	NumStability.Algorithms.LinearSystems.SymmetricIndefinite.ErrorAnalysis.BlockLDLT	relocated
NumStability.Algorithms.Cholesky.CholeskyPSD	NumStability.PivotedCholeskySpec	inductive	public	NumStability.Algorithms.LinearSystems.Cholesky.PositiveSemidefinite.Basic	relocated
NumStability.Algorithms.Cholesky.CholeskyPSD	NumStability.PivotedCholeskySpec.R_diag_pos	theorem	public	NumStability.Algorithms.LinearSystems.Cholesky.PositiveSemidefinite.Basic	relocated
NumStability.Algorithms.Cholesky.CholeskyPSD	NumStability.PivotedCholeskySpec.R_rank_zero	theorem	public	NumStability.Algorithms.LinearSystems.Cholesky.PositiveSemidefinite.Basic	relocated
NumStability.Algorithms.Cholesky.CholeskyPSD	NumStability.PivotedCholeskySpec.R_upper	theorem	public	NumStability.Algorithms.LinearSystems.Cholesky.PositiveSemidefinite.Basic	relocated
NumStability.Algorithms.Cholesky.CholeskyPSD	NumStability.PivotedCholeskySpec.casesOn	definition	public	NumStability.Algorithms.LinearSystems.Cholesky.PositiveSemidefinite.Basic	relocated
NumStability.Algorithms.Cholesky.CholeskyPSD	NumStability.PivotedCholeskySpec.mk	constructor	public	NumStability.Algorithms.LinearSystems.Cholesky.PositiveSemidefinite.Basic	relocated
NumStability.Algorithms.Cholesky.CholeskyPSD	NumStability.PivotedCholeskySpec.perm	theorem	public	NumStability.Algorithms.LinearSystems.Cholesky.PositiveSemidefinite.Basic	relocated
NumStability.Algorithms.Cholesky.CholeskyPSD	NumStability.PivotedCholeskySpec.product_eq	theorem	public	NumStability.Algorithms.LinearSystems.Cholesky.PositiveSemidefinite.Basic	relocated
NumStability.Algorithms.Cholesky.CholeskyPSD	NumStability.PivotedCholeskySpec.rec	recursor	public	NumStability.Algorithms.LinearSystems.Cholesky.PositiveSemidefinite.Basic	relocated
NumStability.Algorithms.Cholesky.CholeskyPSD	NumStability.PivotedCholeskySpec.recOn	definition	public	NumStability.Algorithms.LinearSystems.Cholesky.PositiveSemidefinite.Basic	relocated
NumStability.Algorithms.Cholesky.CholeskyIndefinite	NumStability.SkewBlockLDLTSpec	inductive	public	NumStability.Algorithms.LinearSystems.SymmetricIndefinite.ErrorAnalysis.BlockLDLT	relocated
NumStability.Algorithms.Cholesky.CholeskyIndefinite	NumStability.SkewBlockLDLTSpec.D_skew_block_diag	theorem	public	NumStability.Algorithms.LinearSystems.SymmetricIndefinite.ErrorAnalysis.BlockLDLT	relocated
NumStability.Algorithms.Cholesky.CholeskyIndefinite	NumStability.SkewBlockLDLTSpec.L_diag	theorem	public	NumStability.Algorithms.LinearSystems.SymmetricIndefinite.ErrorAnalysis.BlockLDLT	relocated
NumStability.Algorithms.Cholesky.CholeskyIndefinite	NumStability.SkewBlockLDLTSpec.L_upper_zero	theorem	public	NumStability.Algorithms.LinearSystems.SymmetricIndefinite.ErrorAnalysis.BlockLDLT	relocated
NumStability.Algorithms.Cholesky.CholeskyIndefinite	NumStability.SkewBlockLDLTSpec.casesOn	definition	public	NumStability.Algorithms.LinearSystems.SymmetricIndefinite.ErrorAnalysis.BlockLDLT	relocated
NumStability.Algorithms.Cholesky.CholeskyIndefinite	NumStability.SkewBlockLDLTSpec.mk	constructor	public	NumStability.Algorithms.LinearSystems.SymmetricIndefinite.ErrorAnalysis.BlockLDLT	relocated
NumStability.Algorithms.Cholesky.CholeskyIndefinite	NumStability.SkewBlockLDLTSpec.perm	theorem	public	NumStability.Algorithms.LinearSystems.SymmetricIndefinite.ErrorAnalysis.BlockLDLT	relocated
NumStability.Algorithms.Cholesky.CholeskyIndefinite	NumStability.SkewBlockLDLTSpec.product_eq	theorem	public	NumStability.Algorithms.LinearSystems.SymmetricIndefinite.ErrorAnalysis.BlockLDLT	relocated
NumStability.Algorithms.Cholesky.CholeskyIndefinite	NumStability.SkewBlockLDLTSpec.rec	recursor	public	NumStability.Algorithms.LinearSystems.SymmetricIndefinite.ErrorAnalysis.BlockLDLT	relocated
NumStability.Algorithms.Cholesky.CholeskyIndefinite	NumStability.SkewBlockLDLTSpec.recOn	definition	public	NumStability.Algorithms.LinearSystems.SymmetricIndefinite.ErrorAnalysis.BlockLDLT	relocated
NumStability.Algorithms.Cholesky.CholeskyIndefinite	NumStability.SkewBlockLDLTSpec.skew_A	theorem	public	NumStability.Algorithms.LinearSystems.SymmetricIndefinite.ErrorAnalysis.BlockLDLT	relocated
NumStability.Algorithms.Cholesky.CholeskyIndefinite	NumStability.SkewBunchPivotChoice	definition	public	NumStability.Algorithms.LinearSystems.SymmetricIndefinite.ErrorAnalysis.SkewSymmetric	relocated
NumStability.Algorithms.Cholesky.CholeskyIndefinite	NumStability.SymmetricRookFirstPivotChoice	definition	public	NumStability.Algorithms.LinearSystems.SymmetricIndefinite.ErrorAnalysis.BlockLDLT	relocated
NumStability.Algorithms.Cholesky.CholeskyIndefinite	NumStability.TridiagonalLeadingBlockSupport	definition	public	NumStability.Algorithms.LinearSystems.SymmetricIndefinite.Pivoting.Tridiagonal	relocated
NumStability.Algorithms.Cholesky.CholeskyIndefinite	NumStability.TridiagonalTwoByTwoTrailingBlockSupport	definition	public	NumStability.Algorithms.LinearSystems.SymmetricIndefinite.Pivoting.Tridiagonal	relocated
NumStability.Algorithms.Cholesky.CholeskySpec	NumStability.absRT_R_product_nonneg	theorem	public	NumStability.Algorithms.LinearSystems.Cholesky.Factorization.Spec	relocated
NumStability.Algorithms.Cholesky.CholeskyIndefinite	NumStability.abs_triple_mul_le	theorem	public	NumStability.Algorithms.LinearSystems.SymmetricIndefinite.Pivoting.Basic	relocated
NumStability.Algorithms.Cholesky.CholeskyPSD	NumStability.backsub_growth	theorem	public	NumStability.Source.Higham.Chapter10.Section03.PositiveSemidefinite.WNormBound	relocated
NumStability.Algorithms.Cholesky.CholeskyIndefinite	NumStability.blockLDLT_assemble_step	theorem	public	NumStability.Algorithms.LinearSystems.SymmetricIndefinite.ErrorAnalysis.BlockLDLTStep	relocated
NumStability.Algorithms.Cholesky.CholeskyPerturbation	NumStability.block_quadForm_schur_eq	theorem	public	NumStability.Algorithms.LinearSystems.Cholesky.Perturbation.Basic	relocated
NumStability.Algorithms.Cholesky.CholeskyFl	NumStability.bordered_gram_expand	theorem	public	NumStability.Algorithms.LinearSystems.Cholesky.RoundedFactorization.Basic	relocated
NumStability.Algorithms.Cholesky.CholeskyFl	NumStability.bordered_gram_zero	theorem	public	NumStability.Algorithms.LinearSystems.Cholesky.RoundedFactorization.Basic	relocated
NumStability.Algorithms.Cholesky.CholeskyFl	NumStability.bordered_perturbation_floor	theorem	public	NumStability.Algorithms.LinearSystems.Cholesky.RoundedFactorization.Basic	relocated
NumStability.Algorithms.Cholesky.CholeskyFl	NumStability.bordered_perturbation_floor_normwise	theorem	public	NumStability.Algorithms.LinearSystems.Cholesky.RoundedFactorization.Basic	relocated
NumStability.Algorithms.Cholesky.CholeskyIndefinite	NumStability.bunchParlettAlpha	definition	public	NumStability.Algorithms.LinearSystems.SymmetricIndefinite.Pivoting.Basic	relocated
NumStability.Algorithms.Cholesky.CholeskyIndefinite	NumStability.bunchTridiagonalAlpha	definition	public	NumStability.Algorithms.LinearSystems.SymmetricIndefinite.Pivoting.Tridiagonal	relocated
NumStability.Algorithms.Cholesky.CholeskyIndefinite	NumStability.bunch_kaufman_bound_const_le_36	theorem	public	NumStability.Algorithms.LinearSystems.SymmetricIndefinite.Pivoting.Basic	relocated
NumStability.Algorithms.Cholesky.CholeskyIndefinite	NumStability.bunch_kaufman_pivot_norm_const_le_six	theorem	public	NumStability.Algorithms.LinearSystems.SymmetricIndefinite.Pivoting.Basic	relocated
NumStability.Algorithms.Cholesky.CholeskyIndefinite	NumStability.bunch_kaufman_recip_alpha_lt_two	theorem	public	NumStability.Algorithms.LinearSystems.SymmetricIndefinite.Pivoting.Basic	relocated
NumStability.Algorithms.Cholesky.CholeskyIndefinite	NumStability.bunch_kaufman_solve_backward_error	theorem	public	NumStability.Algorithms.LinearSystems.SymmetricIndefinite.Pivoting.Basic	relocated
NumStability.Algorithms.Cholesky.CholeskyIndefinite	NumStability.bunch_kaufman_stability	theorem	public	NumStability.Algorithms.LinearSystems.SymmetricIndefinite.Pivoting.Basic	relocated
NumStability.Algorithms.Cholesky.CholeskyIndefinite	NumStability.bunch_parlett_L_bound	theorem	public	NumStability.Algorithms.LinearSystems.SymmetricIndefinite.Pivoting.Basic	relocated
NumStability.Algorithms.Cholesky.CholeskyIndefinite	NumStability.bunch_parlett_alpha_gt_half	theorem	public	NumStability.Algorithms.LinearSystems.SymmetricIndefinite.Pivoting.Basic	relocated
NumStability.Algorithms.Cholesky.CholeskyIndefinite	NumStability.bunch_parlett_alpha_le_5_7	theorem	public	NumStability.Algorithms.LinearSystems.SymmetricIndefinite.Pivoting.Basic	relocated
NumStability.Algorithms.Cholesky.CholeskyIndefinite	NumStability.bunch_parlett_alpha_lt_one	theorem	public	NumStability.Algorithms.LinearSystems.SymmetricIndefinite.Pivoting.Basic	relocated
NumStability.Algorithms.Cholesky.CholeskyIndefinite	NumStability.bunch_parlett_alpha_pos	theorem	public	NumStability.Algorithms.LinearSystems.SymmetricIndefinite.Pivoting.Basic	relocated
NumStability.Algorithms.Cholesky.CholeskyIndefinite	NumStability.bunch_parlett_alpha_root	theorem	public	NumStability.Algorithms.LinearSystems.SymmetricIndefinite.Pivoting.Basic	relocated
NumStability.Algorithms.Cholesky.CholeskyIndefinite	NumStability.bunch_parlett_alpha_sq	theorem	public	NumStability.Algorithms.LinearSystems.SymmetricIndefinite.Pivoting.Basic	relocated
NumStability.Algorithms.Cholesky.CholeskyIndefinite	NumStability.bunch_parlett_growth_balance	theorem	public	NumStability.Algorithms.LinearSystems.SymmetricIndefinite.Pivoting.Basic	relocated
NumStability.Algorithms.Cholesky.CholeskyIndefinite	NumStability.bunch_parlett_growth_bound	theorem	public	NumStability.Algorithms.LinearSystems.SymmetricIndefinite.Pivoting.Basic	relocated
NumStability.Algorithms.Cholesky.CholeskyIndefinite	NumStability.bunch_tridiagonal_alpha_lt_one	theorem	public	NumStability.Algorithms.LinearSystems.SymmetricIndefinite.Pivoting.Tridiagonal	relocated
NumStability.Algorithms.Cholesky.CholeskyIndefinite	NumStability.bunch_tridiagonal_alpha_pos	theorem	public	NumStability.Algorithms.LinearSystems.SymmetricIndefinite.Pivoting.Tridiagonal	relocated
NumStability.Algorithms.Cholesky.CholeskyIndefinite	NumStability.bunch_tridiagonal_alpha_root	theorem	public	NumStability.Algorithms.LinearSystems.SymmetricIndefinite.Pivoting.Tridiagonal	relocated
NumStability.Algorithms.Cholesky.CholeskyIndefinite	NumStability.bunch_tridiagonal_alpha_sq	theorem	public	NumStability.Algorithms.LinearSystems.SymmetricIndefinite.Pivoting.Tridiagonal	relocated
NumStability.Algorithms.Cholesky.CholeskyIndefinite	NumStability.bunch_tridiagonal_pivot_choice_one_a11_ne_zero_of_a21_ne_zero	theorem	public	NumStability.Algorithms.LinearSystems.SymmetricIndefinite.Pivoting.Tridiagonal	relocated
NumStability.Algorithms.Cholesky.CholeskyIndefinite	NumStability.bunch_tridiagonal_pivot_choice_one_of_threshold	theorem	public	NumStability.Algorithms.LinearSystems.SymmetricIndefinite.Pivoting.Tridiagonal	relocated
NumStability.Algorithms.Cholesky.CholeskyIndefinite	NumStability.bunch_tridiagonal_pivot_choice_one_threshold	theorem	public	NumStability.Algorithms.LinearSystems.SymmetricIndefinite.Pivoting.Tridiagonal	relocated
NumStability.Algorithms.Cholesky.CholeskyIndefinite	NumStability.bunch_tridiagonal_pivot_choice_two_a21_ne_zero_of_left_nonneg	theorem	public	NumStability.Algorithms.LinearSystems.SymmetricIndefinite.Pivoting.Tridiagonal	relocated
NumStability.Algorithms.Cholesky.CholeskyIndefinite	NumStability.bunch_tridiagonal_pivot_choice_two_a21_ne_zero_of_sigma_nonneg	theorem	public	NumStability.Algorithms.LinearSystems.SymmetricIndefinite.Pivoting.Tridiagonal	relocated
NumStability.Algorithms.Cholesky.CholeskyIndefinite	NumStability.bunch_tridiagonal_pivot_choice_two_of_threshold	theorem	public	NumStability.Algorithms.LinearSystems.SymmetricIndefinite.Pivoting.Tridiagonal	relocated
NumStability.Algorithms.Cholesky.CholeskyIndefinite	NumStability.bunch_tridiagonal_pivot_choice_two_threshold	theorem	public	NumStability.Algorithms.LinearSystems.SymmetricIndefinite.Pivoting.Tridiagonal	relocated
NumStability.Algorithms.Cholesky.CholeskyIndefinite	NumStability.bunch_tridiagonal_twoByTwo_absdet_lower_of_sigma_bound	theorem	public	NumStability.Algorithms.LinearSystems.SymmetricIndefinite.Pivoting.Tridiagonal	relocated
NumStability.Algorithms.Cholesky.CholeskyIndefinite	NumStability.bunch_tridiagonal_twoByTwo_det_ne_zero_of_sigma_bound	theorem	public	NumStability.Algorithms.LinearSystems.SymmetricIndefinite.Pivoting.Tridiagonal	relocated
NumStability.Algorithms.Cholesky.CholeskyIndefinite	NumStability.bunch_tridiagonal_twoByTwo_inverse_entry_bounds_of_sigma_bound	theorem	public	NumStability.Algorithms.LinearSystems.SymmetricIndefinite.Pivoting.Tridiagonal	relocated
NumStability.Algorithms.Cholesky.CholeskyNonsym	NumStability.chiFactor	definition	public	NumStability.Algorithms.LinearSystems.LU.NonsymmetricPositiveDefinite.Basic	relocated
NumStability.Algorithms.HighamChapter10	NumStability.chol_cert_colNormSq_le	theorem	public	NumStability.Algorithms.LinearSystems.Cholesky.ErrorAnalysis.Certificates	relocated
NumStability.Algorithms.HighamChapter10	NumStability.chol_cert_scaled_entrywise_le	theorem	public	NumStability.Algorithms.LinearSystems.Cholesky.ErrorAnalysis.Certificates	relocated
NumStability.Algorithms.Cholesky.CholeskySpec	NumStability.cholesky_backward_error_perturbation	theorem	public	NumStability.Algorithms.LinearSystems.Cholesky.Factorization.Spec	relocated
NumStability.Algorithms.Cholesky.CholeskySpec	NumStability.cholesky_backward_error_relative	theorem	public	NumStability.Algorithms.LinearSystems.Cholesky.Factorization.Spec	relocated
NumStability.Algorithms.Cholesky.CholeskyPerturbation	NumStability.cholesky_cond_monotone	theorem	public	NumStability.Algorithms.LinearSystems.Cholesky.Perturbation.Basic	relocated
NumStability.Algorithms.Cholesky.CholeskyDemmel	NumStability.cholesky_demmel_bound	theorem	public	NumStability.Algorithms.LinearSystems.Cholesky.ErrorAnalysis.Demmel	relocated
NumStability.Algorithms.Cholesky.CholeskyDemmel	NumStability.cholesky_demmel_bound_colNorm	theorem	public	NumStability.Algorithms.LinearSystems.Cholesky.ErrorAnalysis.Demmel	relocated
NumStability.Algorithms.Cholesky.CholeskyDemmel	NumStability.cholesky_demmel_bound_direct	theorem	public	NumStability.Algorithms.LinearSystems.Cholesky.ErrorAnalysis.Demmel	relocated
NumStability.Algorithms.Cholesky.CholeskySpec	NumStability.cholesky_existence	theorem	public	NumStability.Algorithms.Cholesky.CholeskySpec	retained
NumStability.Algorithms.Cholesky.CholeskyDemmel	NumStability.cholesky_failure_condition	theorem	public	NumStability.Algorithms.LinearSystems.Cholesky.ErrorAnalysis.Demmel	relocated
NumStability.Algorithms.Cholesky.CholeskyPerturbation	NumStability.cholesky_perturbation_componentwise	theorem	public	NumStability.Algorithms.LinearSystems.Cholesky.Perturbation.Basic	relocated
NumStability.Algorithms.Cholesky.CholeskyPerturbation	NumStability.cholesky_perturbation_gram_identity	theorem	public	NumStability.Algorithms.LinearSystems.Cholesky.Perturbation.Basic	relocated
NumStability.Algorithms.Cholesky.CholeskyPerturbation	NumStability.cholesky_perturbation_normwise	theorem	public	NumStability.Algorithms.LinearSystems.Cholesky.Perturbation.Basic	relocated
NumStability.Algorithms.Cholesky.CholeskyPerturbation	NumStability.cholesky_perturbation_normwise_proved	theorem	public	NumStability.Algorithms.LinearSystems.Cholesky.Perturbation.Basic	relocated
NumStability.Algorithms.Cholesky.CholeskyPerturbation	NumStability.cholesky_perturbation_scalar_endgame	theorem	public	NumStability.Algorithms.LinearSystems.Cholesky.Perturbation.Basic	relocated
NumStability.Algorithms.Cholesky.CholeskyPerturbation	NumStability.cholesky_perturbation_scalar_endgame_display	theorem	public	NumStability.Algorithms.LinearSystems.Cholesky.Perturbation.Basic	relocated
NumStability.Algorithms.Cholesky.CholeskyPerturbation	NumStability.cholesky_perturbation_symmetrized	theorem	public	NumStability.Algorithms.LinearSystems.Cholesky.Perturbation.Basic	relocated
NumStability.Algorithms.Cholesky.CholeskyDemmel	NumStability.cholesky_quadForm_eq_sq_sum	theorem	public	NumStability.Algorithms.LinearSystems.Cholesky.ErrorAnalysis.Demmel	relocated
NumStability.Algorithms.Cholesky.CholeskyDemmel	NumStability.cholesky_quadForm_nonneg	theorem	public	NumStability.Algorithms.LinearSystems.Cholesky.ErrorAnalysis.Demmel	relocated
NumStability.Algorithms.Cholesky.CholeskyDemmel	NumStability.cholesky_scaled_forward_error	theorem	public	NumStability.Algorithms.LinearSystems.Cholesky.ErrorAnalysis.Demmel	relocated
NumStability.Algorithms.Cholesky.CholeskySolve	NumStability.cholesky_solve_backward_error	theorem	public	NumStability.Algorithms.LinearSystems.Cholesky.Solve.Basic	relocated
NumStability.Algorithms.Cholesky.CholeskySolve	NumStability.cholesky_solve_backward_error_expanded	theorem	public	NumStability.Algorithms.LinearSystems.Cholesky.Solve.Basic	relocated
NumStability.Algorithms.Cholesky.CholeskySolve	NumStability.cholesky_solve_spd_backward_stable	theorem	public	NumStability.Algorithms.LinearSystems.Cholesky.Solve.Basic	relocated
NumStability.Algorithms.Cholesky.CholeskySpec	NumStability.cholesky_spd_backward_stable	theorem	public	NumStability.Algorithms.LinearSystems.Cholesky.Factorization.Spec	relocated
NumStability.Algorithms.Cholesky.CholeskySpec	NumStability.cholesky_spd_backward_stable_normwise	theorem	public	NumStability.Algorithms.LinearSystems.Cholesky.Factorization.Spec	relocated
NumStability.Algorithms.Cholesky.CholeskySpec	NumStability.cholesky_spd_optimal_growth	theorem	public	NumStability.Algorithms.LinearSystems.Cholesky.Factorization.Spec	relocated
NumStability.Algorithms.Cholesky.CholeskyDemmel	NumStability.cholesky_succeeds_of_scaled_perturbation	theorem	public	NumStability.Algorithms.Cholesky.CholeskyDemmel	retained
NumStability.Algorithms.Cholesky.CholeskyDemmel	NumStability.cholesky_success_condition	theorem	public	NumStability.Algorithms.LinearSystems.Cholesky.ErrorAnalysis.Demmel	relocated
NumStability.Algorithms.Cholesky.CholeskySpec	NumStability.cholesky_uniqueness	theorem	public	NumStability.Algorithms.Cholesky.CholeskySpec	retained
NumStability.Algorithms.Cholesky.CholeskyDemmel	NumStability.colNorm	definition	public	NumStability.Algorithms.LinearSystems.Cholesky.ErrorAnalysis.Demmel	relocated
NumStability.Algorithms.Cholesky.CholeskyDemmel	NumStability.colNormSq	definition	public	NumStability.Algorithms.LinearSystems.Cholesky.ErrorAnalysis.Demmel	relocated
NumStability.Algorithms.Cholesky.CholeskyDemmel	NumStability.colNormSq_nonneg	theorem	public	NumStability.Algorithms.LinearSystems.Cholesky.ErrorAnalysis.Demmel	relocated
NumStability.Algorithms.Cholesky.CholeskyDemmel	NumStability.colNorm_cauchy_schwarz	theorem	public	NumStability.Algorithms.LinearSystems.Cholesky.ErrorAnalysis.Demmel	relocated
NumStability.Algorithms.Cholesky.CholeskyDemmel	NumStability.colNorm_nonneg	theorem	public	NumStability.Algorithms.LinearSystems.Cholesky.ErrorAnalysis.Demmel	relocated
NumStability.Algorithms.Cholesky.CholeskyPSD	NumStability.complete_pivoting_w_bound	theorem	public	NumStability.Source.Higham.Chapter10.Lemma13.KahanSharpness.CompletePivotingBound	relocated
NumStability.Algorithms.Cholesky.CholeskyPSD	NumStability.cpPivot	definition	public	NumStability.Source.Higham.Chapter10.Section03.PositiveSemidefinite.SchurComplement	relocated
NumStability.Algorithms.Cholesky.CholeskyPSD	NumStability.cpPivot_max	theorem	public	NumStability.Source.Higham.Chapter10.Section03.PositiveSemidefinite.SchurComplement	relocated
NumStability.Algorithms.Cholesky.CholeskyPSD	NumStability.cpPivot_sequence_stable	theorem	public	NumStability.Source.Higham.Chapter10.Section03.PositiveSemidefinite.SchurComplement	relocated
NumStability.Algorithms.Cholesky.CholeskyPSD	NumStability.cpPivot_sequence_stable_small	theorem	public	NumStability.Source.Higham.Chapter10.Section03.PositiveSemidefinite.SchurComplement	relocated
NumStability.Algorithms.Cholesky.CholeskyPSD	NumStability.cpState	definition	public	NumStability.Source.Higham.Chapter10.Section03.PositiveSemidefinite.SchurComplement	relocated
NumStability.Algorithms.Cholesky.CholeskyPSD	NumStability.cpState_isPosSemiDef	theorem	public	NumStability.Source.Higham.Chapter10.Section03.PositiveSemidefinite.SchurComplement	relocated
NumStability.Algorithms.Cholesky.CholeskyPSD	NumStability.cpState_symm	theorem	public	NumStability.Source.Higham.Chapter10.Section03.PositiveSemidefinite.SchurComplement	relocated
NumStability.Algorithms.Cholesky.CholeskyPSD	NumStability.cpState_telescope	theorem	public	NumStability.Source.Higham.Chapter10.Section03.PositiveSemidefinite.SchurComplement	relocated
NumStability.Algorithms.Cholesky.CholeskyPSD	NumStability.diagArgmax	definition	public	NumStability.Source.Higham.Chapter10.Section03.PositiveSemidefinite.SchurComplement	relocated
NumStability.Algorithms.Cholesky.CholeskyPSD	NumStability.diagArgmax_eq_of_strict	theorem	public	NumStability.Source.Higham.Chapter10.Section03.PositiveSemidefinite.SchurComplement	relocated
NumStability.Algorithms.Cholesky.CholeskyPSD	NumStability.diagArgmax_max	theorem	public	NumStability.Source.Higham.Chapter10.Section03.PositiveSemidefinite.SchurComplement	relocated
NumStability.Algorithms.Cholesky.CholeskyPSD	NumStability.diagArgmax_stable	theorem	public	NumStability.Source.Higham.Chapter10.Section03.PositiveSemidefinite.SchurComplement	relocated
NumStability.Algorithms.HighamChapter10	NumStability.diag_congruence_minEigenvalue_ge	theorem	public	NumStability.Analysis.MatrixNorms.SpectralExtrema.Basic	relocated
NumStability.Algorithms.Cholesky.CholeskyPerturbation	NumStability.diag_le_opNorm2Le	theorem	public	NumStability.Algorithms.LinearSystems.Cholesky.Perturbation.Basic	relocated
NumStability.Algorithms.Cholesky.CholeskyPSD	NumStability.entrywise_matMul_le	theorem	public	NumStability.Source.Higham.Chapter10.Section03.PositiveSemidefinite.SchurComplement	relocated
NumStability.Algorithms.HighamChapter10	NumStability.eps_tot_le_gamma_3n1	theorem	public	NumStability.Algorithms.LinearSystems.Cholesky.ErrorAnalysis.Certificates	relocated
NumStability.Algorithms.Cholesky.CholeskyIndefinite	NumStability.exact_blockLDLT_all_oneByOne	theorem	public	NumStability.Algorithms.LinearSystems.SymmetricIndefinite.ErrorAnalysis.BlockLDLTStep	relocated
NumStability.Algorithms.HighamChapter10	NumStability.exists_finiteMaxEigenvalue_eq	theorem	public	NumStability.Analysis.MatrixNorms.SpectralExtrema.Basic	relocated
NumStability.Algorithms.HighamChapter10	NumStability.exists_finiteMinEigenvalue_eq	theorem	public	NumStability.Analysis.MatrixNorms.SpectralExtrema.Basic	relocated
NumStability.Algorithms.Cholesky.CholeskyPSD	NumStability.extendPerm	definition	public	NumStability.Algorithms.LinearSystems.Cholesky.PositiveSemidefinite.Basic	relocated
NumStability.Algorithms.Cholesky.CholeskyPSD	NumStability.extendPerm_isPermutation	theorem	public	NumStability.Algorithms.LinearSystems.Cholesky.PositiveSemidefinite.Basic	relocated
NumStability.Algorithms.Cholesky.CholeskyPSD	NumStability.extendPerm_succ	theorem	public	NumStability.Algorithms.LinearSystems.Cholesky.PositiveSemidefinite.Basic	relocated
NumStability.Algorithms.Cholesky.CholeskyPSD	NumStability.extendPerm_zero	theorem	public	NumStability.Algorithms.LinearSystems.Cholesky.PositiveSemidefinite.Basic	relocated
NumStability.Algorithms.Cholesky.HighamMathiasSource	NumStability.finiteLoewnerLe_rightInverses_anti_of_smul_left	theorem	public	NumStability.Source.Higham.Chapter10.Equation29.Mathias.SourceIngredients	relocated
NumStability.Algorithms.HighamChapter10	NumStability.finiteMaxEigenvalue	definition	public	NumStability.Analysis.MatrixNorms.SpectralExtrema.Basic	relocated
NumStability.Algorithms.Cholesky.Higham1029Source	NumStability.finiteMaxEigenvalue_congr	theorem	public	NumStability.Source.Higham.Chapter10.Section04.PositiveDefiniteSymmetricPart.Equation29	relocated
NumStability.Algorithms.Cholesky.HighamMathiasSource	NumStability.finiteMaxEigenvalue_congr_matrix	theorem	public	NumStability.Source.Higham.Chapter10.Equation29.Mathias.SourceIngredients	relocated
NumStability.Algorithms.HighamChapter10	NumStability.finiteMaxEigenvalue_ge_diag	theorem	public	NumStability.Analysis.MatrixNorms.SpectralExtrema.Basic	relocated
NumStability.Algorithms.HighamChapter10	NumStability.finiteMaxEigenvalue_leading_principal_le	theorem	public	NumStability.Algorithms.HighamChapter10	retained
NumStability.Algorithms.HighamChapter10	NumStability.finiteMaxEigenvalue_mono_of_quadForm_le	theorem	public	NumStability.Analysis.MatrixNorms.SpectralExtrema.Basic	relocated
NumStability.Algorithms.HighamChapter10	NumStability.finiteMaxEigenvalue_rayleigh	theorem	public	NumStability.Analysis.MatrixNorms.SpectralExtrema.Basic	relocated
NumStability.Algorithms.HighamChapter10	NumStability.finiteMaxEigenvalue_trailing_principal_le	theorem	public	NumStability.Analysis.MatrixNorms.SpectralExtrema.Basic	relocated
NumStability.Algorithms.HighamChapter10	NumStability.finiteMinEigenvalue	definition	public	NumStability.Analysis.MatrixNorms.SpectralExtrema.Basic	relocated
NumStability.Algorithms.HighamChapter10	NumStability.finiteMinEigenvalue_le	theorem	public	NumStability.Analysis.MatrixNorms.SpectralExtrema.Basic	relocated
NumStability.Algorithms.HighamChapter10	NumStability.finiteMinEigenvalue_leading_principal_ge	theorem	public	NumStability.Algorithms.HighamChapter10	retained
NumStability.Algorithms.HighamChapter10	NumStability.finiteMinEigenvalue_rayleigh	theorem	public	NumStability.Analysis.MatrixNorms.SpectralExtrema.Basic	relocated
NumStability.Algorithms.Cholesky.HighamMathiasSource	NumStability.finiteQuadraticForm_vec_add_of_symmetric	theorem	public	NumStability.Source.Higham.Chapter10.Equation29.Mathias.SourceIngredients	relocated
NumStability.Algorithms.Cholesky.CholeskyIndefinite	NumStability.flBlockLDLTAllOneByOneBound	definition	public	NumStability.Algorithms.LinearSystems.SymmetricIndefinite.Pivoting.Basic	relocated
NumStability.Algorithms.Cholesky.CholeskyIndefinite	NumStability.flBlockLDLTOneByOneStageBound	definition	public	NumStability.Algorithms.LinearSystems.SymmetricIndefinite.Pivoting.Basic	relocated
NumStability.Algorithms.Cholesky.CholeskyIndefinite	NumStability.flBlockLDLTStoredAllOneByOneBound	definition	public	NumStability.Algorithms.LinearSystems.SymmetricIndefinite.Pivoting.Basic	relocated
NumStability.Algorithms.Cholesky.CholeskyIndefinite	NumStability.flSchurCompl	definition	public	NumStability.Algorithms.LinearSystems.SymmetricIndefinite.Pivoting.Basic	relocated
NumStability.Algorithms.Cholesky.CholeskyIndefinite	NumStability.flStoredSymSchurCompl	definition	public	NumStability.Algorithms.LinearSystems.SymmetricIndefinite.Pivoting.Basic	relocated
NumStability.Algorithms.Cholesky.CholeskyIndefinite	NumStability.flStoredSymSchurCompl_first_row_col	theorem	public	NumStability.Algorithms.LinearSystems.SymmetricIndefinite.Pivoting.Basic	relocated
NumStability.Algorithms.Cholesky.CholeskyIndefinite	NumStability.flStoredSymSchurCompl_symm	theorem	public	NumStability.Algorithms.LinearSystems.SymmetricIndefinite.Pivoting.Basic	relocated
NumStability.Algorithms.Cholesky.CholeskyIndefinite	NumStability.flStoredSymSchurDefect	definition	public	NumStability.Algorithms.LinearSystems.SymmetricIndefinite.Pivoting.Basic	relocated
NumStability.Algorithms.Cholesky.CholeskyIndefinite	NumStability.fl_blockLDLT_all_oneByOne_bound	theorem	public	NumStability.Algorithms.LinearSystems.SymmetricIndefinite.Pivoting.Basic	relocated
NumStability.Algorithms.Cholesky.CholeskyIndefinite	NumStability.fl_blockLDLT_oneByOne_stage_bound	theorem	public	NumStability.Algorithms.LinearSystems.SymmetricIndefinite.Pivoting.Basic	relocated
NumStability.Algorithms.Cholesky.CholeskyIndefinite	NumStability.fl_blockLDLT_oneByOne_stage_bound_of_stored_schur	theorem	public	NumStability.Algorithms.LinearSystems.SymmetricIndefinite.Pivoting.Basic	relocated
NumStability.Algorithms.Cholesky.CholeskyIndefinite	NumStability.fl_blockLDLT_pivot_col_bound	theorem	public	NumStability.Algorithms.LinearSystems.SymmetricIndefinite.Pivoting.Basic	relocated
NumStability.Algorithms.Cholesky.CholeskyIndefinite	NumStability.fl_blockLDLT_pivot_row_bound	theorem	public	NumStability.Algorithms.LinearSystems.SymmetricIndefinite.Pivoting.Basic	relocated
NumStability.Algorithms.Cholesky.CholeskyIndefinite	NumStability.fl_blockLDLT_stored_all_oneByOne_bound	theorem	public	NumStability.Algorithms.LinearSystems.SymmetricIndefinite.Pivoting.Basic	relocated
NumStability.Algorithms.Cholesky.CholeskyIndefinite	NumStability.fl_blockLDLT_trailing_bound	theorem	public	NumStability.Algorithms.LinearSystems.SymmetricIndefinite.Pivoting.Basic	relocated
NumStability.Algorithms.Cholesky.CholeskyFl	NumStability.fl_cholEntry	definition	public	NumStability.Algorithms.LinearSystems.Cholesky.RoundedFactorization.Basic	relocated
NumStability.Algorithms.Cholesky.CholeskyFl	NumStability.fl_cholEntry_leading_principal	theorem	public	NumStability.Algorithms.LinearSystems.Cholesky.RoundedFactorization.Basic	relocated
NumStability.Algorithms.Cholesky.CholeskyFl	NumStability.fl_cholPivot	definition	public	NumStability.Algorithms.LinearSystems.Cholesky.RoundedFactorization.Basic	relocated
NumStability.Algorithms.Cholesky.CholeskyFl	NumStability.fl_cholPivot_leading_principal	theorem	public	NumStability.Algorithms.LinearSystems.Cholesky.RoundedFactorization.Basic	relocated
NumStability.Algorithms.Cholesky.CholeskyFl	NumStability.fl_cholSubFold	definition	public	NumStability.Algorithms.LinearSystems.Cholesky.RoundedFactorization.Basic	relocated
NumStability.Algorithms.Cholesky.CholeskyFl	NumStability.fl_cholSubFold_error	theorem	public	NumStability.Algorithms.LinearSystems.Cholesky.RoundedFactorization.Basic	relocated
NumStability.Algorithms.Cholesky.CholeskyFl	NumStability.fl_cholSubFold_pivot_lower	theorem	public	NumStability.Algorithms.LinearSystems.Cholesky.RoundedFactorization.Basic	relocated
NumStability.Algorithms.Cholesky.CholeskyFl	NumStability.fl_chol_diag_solve_form	theorem	public	NumStability.Algorithms.Cholesky.CholeskyFl	retained
NumStability.Algorithms.Cholesky.CholeskyFl	NumStability.fl_chol_diag_step_error	theorem	public	NumStability.Algorithms.LinearSystems.Cholesky.RoundedFactorization.Basic	relocated
NumStability.Algorithms.Cholesky.CholeskyFl	NumStability.fl_chol_offdiag_solve_form	theorem	public	NumStability.Algorithms.Cholesky.CholeskyFl	retained
NumStability.Algorithms.Cholesky.CholeskyFl	NumStability.fl_chol_offdiag_step_error	theorem	public	NumStability.Algorithms.LinearSystems.Cholesky.RoundedFactorization.Basic	relocated
NumStability.Algorithms.Cholesky.CholeskyFl	NumStability.fl_cholesky	definition	public	NumStability.Algorithms.LinearSystems.Cholesky.RoundedFactorization.Basic	relocated
NumStability.Algorithms.Cholesky.CholeskyFl	NumStability.fl_choleskyTrunc	definition	public	NumStability.Algorithms.LinearSystems.Cholesky.RoundedFactorization.Basic	relocated
NumStability.Algorithms.Cholesky.CholeskyFl	NumStability.fl_choleskyTrunc_backward_error	theorem	public	NumStability.Algorithms.Cholesky.CholeskyFl	retained
NumStability.Algorithms.Cholesky.CholeskyFl	NumStability.fl_choleskyTrunc_gram	theorem	public	NumStability.Algorithms.LinearSystems.Cholesky.RoundedFactorization.Basic	relocated
NumStability.Algorithms.Cholesky.CholeskyFl	NumStability.fl_choleskyTrunc_gram_computed	theorem	public	NumStability.Algorithms.LinearSystems.Cholesky.RoundedFactorization.Basic	relocated
NumStability.Algorithms.Cholesky.CholeskyFl	NumStability.fl_cholesky_backward_error	theorem	public	NumStability.Algorithms.Cholesky.CholeskyFl	retained
NumStability.Algorithms.Cholesky.CholeskyFl	NumStability.fl_cholesky_block_certificate	theorem	public	NumStability.Algorithms.Cholesky.CholeskyFl	retained
NumStability.Algorithms.Cholesky.CholeskyFl	NumStability.fl_cholesky_border_bound	theorem	public	NumStability.Algorithms.Cholesky.CholeskyFl	retained
NumStability.Algorithms.Cholesky.CholeskyFl	NumStability.fl_cholesky_colNormSq_le_stage	theorem	public	NumStability.Algorithms.Cholesky.CholeskyFl	retained
NumStability.Algorithms.Cholesky.CholeskyFl	NumStability.fl_cholesky_diag_eq	theorem	public	NumStability.Algorithms.LinearSystems.Cholesky.RoundedFactorization.Basic	relocated
NumStability.Algorithms.Cholesky.CholeskyFl	NumStability.fl_cholesky_diag_pos_of_floor	theorem	public	NumStability.Algorithms.Cholesky.CholeskyFl	retained
NumStability.Algorithms.Cholesky.CholeskyFl	NumStability.fl_cholesky_entry_bound_stage	theorem	public	NumStability.Algorithms.Cholesky.CholeskyFl	retained
NumStability.Algorithms.Cholesky.CholeskyFl	NumStability.fl_cholesky_leading_principal	theorem	public	NumStability.Algorithms.LinearSystems.Cholesky.RoundedFactorization.Basic	relocated
NumStability.Algorithms.Cholesky.CholeskyFl	NumStability.fl_cholesky_offdiag_eq	theorem	public	NumStability.Algorithms.LinearSystems.Cholesky.RoundedFactorization.Basic	relocated
NumStability.Algorithms.Cholesky.CholeskyFl	NumStability.fl_cholesky_pivot_pos_step	theorem	public	NumStability.Algorithms.Cholesky.CholeskyFl	retained
NumStability.Algorithms.Cholesky.CholeskyFl	NumStability.fl_cholesky_pivot_pos_step_sharp	theorem	public	NumStability.Algorithms.Cholesky.CholeskyFl	retained
NumStability.Algorithms.Cholesky.CholeskyFl	NumStability.fl_cholesky_pivots_pos	theorem	public	NumStability.Algorithms.Cholesky.CholeskyFl	retained
NumStability.Algorithms.Cholesky.CholeskyFl	NumStability.fl_cholesky_pivots_pos_sharp	theorem	public	NumStability.Algorithms.Cholesky.CholeskyFl	retained
NumStability.Algorithms.HighamChapter10	NumStability.fl_cholesky_pivots_pos_sharp_certified	theorem	public	NumStability.Algorithms.HighamChapter10	retained
NumStability.Algorithms.Cholesky.CholeskyFl	NumStability.fl_cholesky_strict_lower	theorem	public	NumStability.Algorithms.LinearSystems.Cholesky.RoundedFactorization.Basic	relocated
NumStability.Algorithms.Cholesky.CholeskyFl	NumStability.fl_cholesky_truncated_border_demmel	theorem	public	NumStability.Algorithms.Cholesky.CholeskyFl	retained
NumStability.Algorithms.Cholesky.CholeskyFl	NumStability.fl_cholesky_truncated_bound	theorem	public	NumStability.Algorithms.Cholesky.CholeskyFl	retained
NumStability.Algorithms.Cholesky.CholeskyFl	NumStability.fl_cholesky_truncated_demmel	theorem	public	NumStability.Algorithms.Cholesky.CholeskyFl	retained
NumStability.Algorithms.Cholesky.CholeskyPSD	NumStability.fl_cpFactor_gram_backward_error	theorem	public	NumStability.Source.Higham.Chapter10.Section03.PositiveSemidefinite.SchurComplement	relocated
NumStability.Algorithms.Cholesky.CholeskyPSD	NumStability.fl_cpFactor_rows_dominated	theorem	public	NumStability.Algorithms.Cholesky.CholeskyPSD	retained
NumStability.Algorithms.Cholesky.CholeskyPSD	NumStability.fl_cpPivot	definition	public	NumStability.Source.Higham.Chapter10.Section03.PositiveSemidefinite.SchurComplement	relocated
NumStability.Algorithms.Cholesky.CholeskyPSD	NumStability.fl_cpPivotFactor	definition	public	NumStability.Source.Higham.Chapter10.Section03.PositiveSemidefinite.SchurComplement	relocated
NumStability.Algorithms.Cholesky.CholeskyPSD	NumStability.fl_cpPivotFactor_sequence_agrees	theorem	public	NumStability.Source.Higham.Chapter10.Section03.PositiveSemidefinite.SchurComplement	relocated
NumStability.Algorithms.Cholesky.CholeskyPSD	NumStability.fl_cpPivotFactor_sequence_agrees_small	theorem	public	NumStability.Source.Higham.Chapter10.Section03.PositiveSemidefinite.SchurComplement	relocated
NumStability.Algorithms.Cholesky.CholeskyPSD	NumStability.fl_cpPivot_sequence_agrees	theorem	public	NumStability.Source.Higham.Chapter10.Section03.PositiveSemidefinite.SchurComplement	relocated
NumStability.Algorithms.Cholesky.CholeskyPSD	NumStability.fl_cpPivot_sequence_agrees_small	theorem	public	NumStability.Source.Higham.Chapter10.Section03.PositiveSemidefinite.SchurComplement	relocated
NumStability.Algorithms.Cholesky.CholeskyPSD	NumStability.fl_cpRowOf	definition	public	NumStability.Source.Higham.Chapter10.Section03.PositiveSemidefinite.SchurComplement	relocated
NumStability.Algorithms.Cholesky.CholeskyPSD	NumStability.fl_cpState	definition	public	NumStability.Source.Higham.Chapter10.Section03.PositiveSemidefinite.SchurComplement	relocated
NumStability.Algorithms.Cholesky.CholeskyPSD	NumStability.fl_cpStateFactor	definition	public	NumStability.Source.Higham.Chapter10.Section03.PositiveSemidefinite.SchurComplement	relocated
NumStability.Algorithms.Cholesky.CholeskyPSD	NumStability.fl_cpStateFactor_symm	theorem	public	NumStability.Source.Higham.Chapter10.Section03.PositiveSemidefinite.SchurComplement	relocated
NumStability.Algorithms.Cholesky.CholeskyPSD	NumStability.fl_cp_termination_trailing_bound	theorem	public	NumStability.Algorithms.Cholesky.CholeskyPSD	retained
NumStability.Algorithms.Cholesky.CholeskyPSD	NumStability.fl_factor_row_dominated	theorem	public	NumStability.Algorithms.Cholesky.CholeskyPSD	retained
NumStability.Algorithms.Cholesky.CholeskyIndefinite	NumStability.fl_oneByOne_schur_step_error	theorem	public	NumStability.Algorithms.LinearSystems.SymmetricIndefinite.Pivoting.Basic	relocated
NumStability.Algorithms.Cholesky.CholeskyIndefinite	NumStability.fl_oneByOne_solve_backward_error	theorem	public	NumStability.Algorithms.LinearSystems.SymmetricIndefinite.Pivoting.Basic	relocated
NumStability.Algorithms.Cholesky.CholeskyIndefinite	NumStability.fl_oneByOne_stage_trailing_error	theorem	public	NumStability.Algorithms.LinearSystems.SymmetricIndefinite.Pivoting.Basic	relocated
NumStability.Algorithms.Cholesky.CholeskyPSD	NumStability.fl_schurStep	definition	public	NumStability.Source.Higham.Chapter10.Section03.PositiveSemidefinite.SchurComplement	relocated
NumStability.Algorithms.Cholesky.CholeskyPSD	NumStability.fl_schurStepFactor	definition	public	NumStability.Source.Higham.Chapter10.Section03.PositiveSemidefinite.SchurComplement	relocated
NumStability.Algorithms.Cholesky.CholeskyPSD	NumStability.fl_schurStepFactor_close	theorem	public	NumStability.Source.Higham.Chapter10.Section03.PositiveSemidefinite.SchurComplement	relocated
NumStability.Algorithms.Cholesky.CholeskyPSD	NumStability.fl_schurStepFactor_defect_bound	theorem	public	NumStability.Source.Higham.Chapter10.Section03.PositiveSemidefinite.SchurComplement	relocated
NumStability.Algorithms.Cholesky.CholeskyPSD	NumStability.fl_schurStepFactor_symm	theorem	public	NumStability.Source.Higham.Chapter10.Section03.PositiveSemidefinite.SchurComplement	relocated
NumStability.Algorithms.Cholesky.CholeskyPSD	NumStability.fl_schurStep_close	theorem	public	NumStability.Source.Higham.Chapter10.Section03.PositiveSemidefinite.SchurComplement	relocated
NumStability.Algorithms.Cholesky.CholeskyFl	NumStability.fl_sqrt_pos	theorem	public	NumStability.Algorithms.LinearSystems.Cholesky.RoundedFactorization.Basic	relocated
NumStability.Algorithms.Cholesky.CholeskyDemmel	NumStability.fl_sqrt_sq_backward_error	theorem	public	NumStability.Algorithms.LinearSystems.Cholesky.ErrorAnalysis.Demmel	relocated
NumStability.Algorithms.Cholesky.CholeskyDemmel	NumStability.fl_sqrt_sq_backward_error_gamma	theorem	public	NumStability.Algorithms.LinearSystems.Cholesky.ErrorAnalysis.Demmel	relocated
NumStability.Algorithms.Cholesky.CholeskyFl	NumStability.fl_sub_fold_local_factors	theorem	public	NumStability.Algorithms.LinearSystems.Cholesky.RoundedFactorization.Basic	relocated
NumStability.Algorithms.Cholesky.CholeskyIndefinite	NumStability.fl_tridiagonal_twoByTwo_schur_step_backward_error_of_sigma_bound	theorem	public	NumStability.Algorithms.LinearSystems.SymmetricIndefinite.Pivoting.Tridiagonal	relocated
NumStability.Algorithms.Cholesky.CholeskyIndefinite	NumStability.fl_tridiagonal_twoByTwo_schur_step_backward_error_uniform_bound	theorem	public	NumStability.Algorithms.LinearSystems.SymmetricIndefinite.Pivoting.Tridiagonal	relocated
NumStability.Algorithms.Cholesky.CholeskyIndefinite	NumStability.fl_tridiagonal_twoByTwo_schur_step_error	theorem	public	NumStability.Algorithms.LinearSystems.SymmetricIndefinite.Pivoting.Tridiagonal	relocated
NumStability.Algorithms.Cholesky.CholeskyIndefinite	NumStability.fl_tridiagonal_twoByTwo_schur_step_error_of_sigma_bound	theorem	public	NumStability.Algorithms.LinearSystems.SymmetricIndefinite.Pivoting.Tridiagonal	relocated
NumStability.Algorithms.Cholesky.CholeskyIndefinite	NumStability.fl_tridiagonal_twoByTwo_trailing_one_stage_bound	theorem	public	NumStability.Algorithms.LinearSystems.SymmetricIndefinite.Pivoting.Tridiagonal	relocated
NumStability.Algorithms.Cholesky.CholeskyIndefinite	NumStability.fl_tridiagonal_twoByTwo_trailing_one_stage_printed_bound	theorem	public	NumStability.Source.Higham.Chapter11.Theorem07.TridiagonalTwoByTwoResidual.Basic	relocated
NumStability.Algorithms.Cholesky.CholeskyIndefinite	NumStability.fl_tridiagonal_twoByTwo_trailing_one_stage_printed_bound_accumulate	theorem	public	NumStability.Source.Higham.Chapter11.Theorem07.TridiagonalTwoByTwoResidual.Basic	relocated
NumStability.Algorithms.Cholesky.CholeskyIndefinite	NumStability.fl_tridiagonal_twoByTwo_trailing_one_stage_printed_bound_accumulate_printed	theorem	public	NumStability.Source.Higham.Chapter11.Theorem07.TridiagonalTwoByTwoResidual.Basic	relocated
NumStability.Algorithms.Cholesky.CholeskyIndefinite	NumStability.fl_tridiagonal_twoByTwo_trailing_one_stage_printed_bound_embed	theorem	public	NumStability.Source.Higham.Chapter11.Theorem07.TridiagonalTwoByTwoResidual.Basic	relocated
NumStability.Algorithms.Cholesky.CholeskyIndefinite	NumStability.fl_tridiagonal_twoByTwo_trailing_one_stage_printed_bound_embed_support	theorem	public	NumStability.Source.Higham.Chapter11.Theorem07.TridiagonalTwoByTwoResidual.Basic	relocated
NumStability.Algorithms.Cholesky.CholeskyIndefinite	NumStability.fl_tridiagonal_twoByTwo_trailing_one_stage_printed_bound_embed_three	theorem	public	NumStability.Source.Higham.Chapter11.Theorem07.TridiagonalTwoByTwoResidual.Basic	relocated
NumStability.Algorithms.Cholesky.CholeskyIndefinite	NumStability.fl_tridiagonal_twoByTwo_trailing_recursive_residual_printed_bound_accumulate	theorem	public	NumStability.Source.Higham.Chapter11.Theorem07.TridiagonalTwoByTwoResidual.Basic	relocated
NumStability.Algorithms.Cholesky.CholeskyIndefinite	NumStability.fl_tridiagonal_twoByTwo_trailing_recursive_residual_printed_bound_accumulate_leadingBlockSupport	theorem	public	NumStability.Source.Higham.Chapter11.Theorem07.TridiagonalTwoByTwoResidual.Basic	relocated
NumStability.Algorithms.Cholesky.CholeskyIndefinite	NumStability.fl_tridiagonal_twoByTwo_trailing_subproblem_printed_bound_accumulate	theorem	public	NumStability.Source.Higham.Chapter11.Theorem07.TridiagonalTwoByTwoResidual.Basic	relocated
NumStability.Algorithms.Cholesky.CholeskyIndefinite	NumStability.fl_tridiagonal_twoByTwo_trailing_subproblem_printed_bound_accumulate_leadingBlockSupport	theorem	public	NumStability.Source.Higham.Chapter11.Theorem07.TridiagonalTwoByTwoResidual.Basic	relocated
NumStability.Algorithms.HighamChapter10	NumStability.frobNormSq_le_of_opNorm2Le	theorem	public	NumStability.Analysis.MatrixNorms.EntrywiseAbsolute.Basic	relocated
NumStability.Algorithms.Cholesky.CholeskyPerturbation	NumStability.frobNormSq_matMul_left_le	theorem	public	NumStability.Algorithms.LinearSystems.Cholesky.Perturbation.Basic	relocated
NumStability.Algorithms.Cholesky.CholeskyPerturbation	NumStability.frobNormSq_matMul_right_le	theorem	public	NumStability.Algorithms.LinearSystems.Cholesky.Perturbation.Basic	relocated
NumStability.Algorithms.Cholesky.CholeskyPerturbation	NumStability.frobNormSq_transpose_mul_self_le	theorem	public	NumStability.Algorithms.LinearSystems.Cholesky.Perturbation.Basic	relocated
NumStability.Algorithms.Cholesky.CholeskyPerturbation	NumStability.frobNormSq_upHalf_le_half	theorem	public	NumStability.Algorithms.LinearSystems.Cholesky.Perturbation.Basic	relocated
NumStability.Algorithms.Cholesky.CholeskyPerturbation	NumStability.frobNorm_congr	theorem	public	NumStability.Algorithms.LinearSystems.Cholesky.Perturbation.Basic	relocated
NumStability.Algorithms.Cholesky.HighamMathiasSource	NumStability.frobNorm_le_sqrt_nat_mul_opNorm2	theorem	public	NumStability.Source.Higham.Chapter10.Equation29.Mathias.SourceIngredients	relocated
NumStability.Algorithms.Cholesky.CholeskyPerturbation	NumStability.frobNorm_matMul_left_le	theorem	public	NumStability.Algorithms.LinearSystems.Cholesky.Perturbation.Basic	relocated
NumStability.Algorithms.Cholesky.CholeskyPerturbation	NumStability.frobNorm_matMul_right_le	theorem	public	NumStability.Algorithms.LinearSystems.Cholesky.Perturbation.Basic	relocated
NumStability.Algorithms.Cholesky.CholeskyPerturbation	NumStability.frobNorm_transpose_mul_self_le	theorem	public	NumStability.Algorithms.LinearSystems.Cholesky.Perturbation.Basic	relocated
NumStability.Algorithms.Cholesky.CholeskyPerturbation	NumStability.frobNorm_upHalf_le	theorem	public	NumStability.Algorithms.LinearSystems.Cholesky.Perturbation.Basic	relocated
NumStability.Algorithms.Cholesky.CholeskyIndefinite	NumStability.geom_growth_iterate	theorem	public	NumStability.Algorithms.LinearSystems.SymmetricIndefinite.Pivoting.Basic	relocated
NumStability.Algorithms.Cholesky.CholeskyPerturbation	NumStability.gram_conj_isSymm	theorem	public	NumStability.Algorithms.LinearSystems.Cholesky.Perturbation.Basic	relocated
NumStability.Algorithms.HighamChapter10	NumStability.gram_quadForm_eq_sq_norm	theorem	public	NumStability.Analysis.MatrixNorms.EntrywiseAbsolute.Basic	relocated
NumStability.Algorithms.Cholesky.CholeskyFl	NumStability.gram_sum_stage_trunc	theorem	public	NumStability.Algorithms.LinearSystems.Cholesky.RoundedFactorization.Basic	relocated
NumStability.Algorithms.Cholesky.CholeskyFl	NumStability.gram_sum_truncate	theorem	public	NumStability.Algorithms.LinearSystems.Cholesky.RoundedFactorization.Basic	relocated
NumStability.Algorithms.Cholesky.CholeskyIndefinite	NumStability.growth_balance_of_root	theorem	public	NumStability.Algorithms.LinearSystems.SymmetricIndefinite.Pivoting.Basic	relocated
NumStability.Algorithms.Ch10PivotedPSDSourceClosure	NumStability.higham10CompletePivotedPSDExecutor	definition	public	NumStability.Source.Higham.Chapter10.Theorem14.CompletePivotedPSD.ActualRun	relocated
NumStability.Algorithms.Ch10PivotedPSDSourceClosure	NumStability.higham10CpBackwardError	definition	public	NumStability.Source.Higham.Chapter10.Theorem14.CompletePivotedPSD.ActualRun	relocated
NumStability.Algorithms.Ch10PivotedPSDSourceClosure	NumStability.higham10CpBudget	definition	public	NumStability.Source.Higham.Chapter10.Theorem14.CompletePivotedPSD.ActualRun	relocated
NumStability.Algorithms.Ch10PivotedPSDSourceClosure	NumStability.higham10CpBudget_properties	theorem	public	NumStability.Source.Higham.Chapter10.Theorem14.CompletePivotedPSD.ActualRun	relocated
NumStability.Algorithms.Ch10PivotedPSDSourceClosure	NumStability.higham10CpFactorResidual	definition	public	NumStability.Source.Higham.Chapter10.Theorem14.CompletePivotedPSD.ActualRun	relocated
NumStability.Algorithms.Ch10PivotedPSDSourceClosure	NumStability.higham10CpFirstStop?	definition	public	NumStability.Source.Higham.Chapter10.Theorem14.CompletePivotedPSD.ActualRun	relocated
NumStability.Algorithms.Ch10PivotedPSDSourceClosure	NumStability.higham10CpFirstStop?_eq_some	theorem	public	NumStability.Source.Higham.Chapter10.Theorem14.CompletePivotedPSD.ActualRun	relocated
NumStability.Algorithms.Ch10PivotedPSDSourceClosure	NumStability.higham10CpFirstStop?_spec	theorem	public	NumStability.Source.Higham.Chapter10.Theorem14.CompletePivotedPSD.ActualRun	relocated
NumStability.Algorithms.Ch10PivotedPSDSourceClosure	NumStability.higham10CpGram	definition	public	NumStability.Source.Higham.Chapter10.Theorem14.CompletePivotedPSD.ActualRun	relocated
NumStability.Algorithms.Ch10PivotedPSDSourceClosure	NumStability.higham10CpGramErrorBound	definition	public	NumStability.Source.Higham.Chapter10.Theorem14.CompletePivotedPSD.ActualRun	relocated
NumStability.Algorithms.Ch10PivotedPSDSourceClosure	NumStability.higham10CpGrowth	definition	public	NumStability.Source.Higham.Chapter10.Theorem14.CompletePivotedPSD.ActualRun	relocated
NumStability.Algorithms.Ch10PivotedPSDSourceClosure	NumStability.higham10CpPivotValue	definition	public	NumStability.Source.Higham.Chapter10.Theorem14.CompletePivotedPSD.ActualRun	relocated
NumStability.Algorithms.Ch10PivotedPSDSourceClosure	NumStability.higham10CpRoundUnit	definition	public	NumStability.Source.Higham.Chapter10.Theorem14.CompletePivotedPSD.ActualRun	relocated
NumStability.Algorithms.Ch10PivotedPSDSourceClosure	NumStability.higham10CpRow	definition	public	NumStability.Source.Higham.Chapter10.Theorem14.CompletePivotedPSD.ActualRun	relocated
NumStability.Algorithms.Ch10PivotedPSDSourceClosure	NumStability.higham10CpState	definition	public	NumStability.Source.Higham.Chapter10.Theorem14.CompletePivotedPSD.ActualRun	relocated
NumStability.Algorithms.Ch10PivotedPSDSourceClosure	NumStability.higham10CpState_close_of_smallness	theorem	public	NumStability.Source.Higham.Chapter10.Theorem14.CompletePivotedPSD.ActualRun	relocated
NumStability.Algorithms.Ch10PivotedPSDSourceClosure	NumStability.higham10CpStopsAt	definition	public	NumStability.Source.Higham.Chapter10.Theorem14.CompletePivotedPSD.ActualRun	relocated
NumStability.Algorithms.Ch10PivotedPSDSourceClosure	NumStability.higham10CpStopsAt_all_diag	theorem	public	NumStability.Source.Higham.Chapter10.Theorem14.CompletePivotedPSD.ActualRun	relocated
NumStability.Algorithms.Ch10KahanSharpnessSource	NumStability.higham10KahanA	definition	public	NumStability.Source.Higham.Chapter10.Lemma13.KahanSharpness.GramFamily	relocated
NumStability.Algorithms.Ch10KahanSharpnessSource	NumStability.higham10KahanA11	definition	public	NumStability.Source.Higham.Chapter10.Lemma13.KahanSharpness.GramFamily	relocated
NumStability.Algorithms.Ch10KahanSharpnessSource	NumStability.higham10KahanA11_det_isUnit	theorem	public	NumStability.Source.Higham.Chapter10.Lemma13.KahanSharpness.GramFamily	relocated
NumStability.Algorithms.Ch10KahanSharpnessSource	NumStability.higham10KahanA11_eq_source_block	theorem	public	NumStability.Source.Higham.Chapter10.Lemma13.KahanSharpness.GramFamily	relocated
NumStability.Algorithms.Ch10KahanSharpnessSource	NumStability.higham10KahanA11_mul_W	theorem	public	NumStability.Source.Higham.Chapter10.Lemma13.KahanSharpness.GramFamily	relocated
NumStability.Algorithms.Ch10KahanSharpnessSource	NumStability.higham10KahanA12	definition	public	NumStability.Source.Higham.Chapter10.Lemma13.KahanSharpness.GramFamily	relocated
NumStability.Algorithms.Ch10KahanSharpnessSource	NumStability.higham10KahanA12_eq_source_block	theorem	public	NumStability.Source.Higham.Chapter10.Lemma13.KahanSharpness.GramFamily	relocated
NumStability.Algorithms.Ch10KahanSharpnessSource	NumStability.higham10KahanA_rank	theorem	public	NumStability.Source.Higham.Chapter10.Lemma13.KahanSharpness.GramFamily	relocated
NumStability.Algorithms.Ch10KahanSharpnessSource	NumStability.higham10KahanB	definition	public	NumStability.Source.Higham.Chapter10.Lemma13.KahanSharpness.GramFamily	relocated
NumStability.Algorithms.Ch10KahanSharpnessSource	NumStability.higham10KahanFullR	definition	public	NumStability.Source.Higham.Chapter10.Lemma13.KahanSharpness.GramFamily	relocated
NumStability.Algorithms.Ch10KahanSharpnessSource	NumStability.higham10KahanFullR_pivotedCholeskySpec	theorem	public	NumStability.Source.Higham.Chapter10.Lemma13.KahanSharpness.GramFamily	relocated
NumStability.Algorithms.Ch10KahanSharpnessSource	NumStability.higham10KahanFullR_tail_le	theorem	public	NumStability.Algorithms.Ch10KahanSharpnessSource	retained
NumStability.Algorithms.Ch10KahanSharpness	NumStability.higham10KahanLeadCol	definition	public	NumStability.Source.Higham.Chapter10.Lemma13.KahanSharpness.Limit	relocated
NumStability.Algorithms.Ch10KahanSharpnessSource	NumStability.higham10KahanR_tail_le	theorem	public	NumStability.Algorithms.Ch10KahanSharpnessSource	retained
NumStability.Algorithms.Ch10KahanSharpnessSource	NumStability.higham10KahanU	definition	public	NumStability.Source.Higham.Chapter10.Lemma13.KahanSharpness.GramFamily	relocated
NumStability.Algorithms.Ch10KahanSharpnessSource	NumStability.higham10KahanU_mul_W	theorem	public	NumStability.Source.Higham.Chapter10.Lemma13.KahanSharpness.GramFamily	relocated
NumStability.Algorithms.Ch10KahanSharpness	NumStability.higham10KahanW	definition	public	NumStability.Source.Higham.Chapter10.Lemma13.KahanSharpness.Limit	relocated
NumStability.Algorithms.Ch10KahanSharpness	NumStability.higham10KahanWFrobSq	definition	public	NumStability.Source.Higham.Chapter10.Lemma13.KahanSharpness.Limit	relocated
NumStability.Algorithms.Ch10KahanSharpness	NumStability.higham10KahanWFrobSq_continuous	theorem	public	NumStability.Source.Higham.Chapter10.Lemma13.KahanSharpness.Limit	relocated
NumStability.Algorithms.Ch10KahanSharpnessSource	NumStability.higham10KahanWFrobSq_nonneg	theorem	public	NumStability.Source.Higham.Chapter10.Lemma13.KahanSharpness.GramFamily	relocated
NumStability.Algorithms.Ch10KahanSharpness	NumStability.higham10KahanWFrobSq_one	theorem	public	NumStability.Source.Higham.Chapter10.Lemma13.KahanSharpness.Limit	relocated
NumStability.Algorithms.Ch10KahanSharpnessSource	NumStability.higham10KahanW_complexFrobenius_eq	theorem	public	NumStability.Source.Higham.Chapter10.Lemma13.KahanSharpness.GramFamily	relocated
NumStability.Algorithms.Ch10KahanSharpnessSource	NumStability.higham10KahanW_eq_A11_inv_mul_A12	theorem	public	NumStability.Source.Higham.Chapter10.Lemma13.KahanSharpness.GramFamily	relocated
NumStability.Algorithms.Ch10KahanSharpness	NumStability.higham10KahanW_last	theorem	public	NumStability.Source.Higham.Chapter10.Lemma13.KahanSharpness.Limit	relocated
NumStability.Algorithms.Ch10KahanSharpnessSource	NumStability.higham10KahanW_op2_eq_frobenius	theorem	public	NumStability.Algorithms.Ch10KahanSharpnessSource	retained
NumStability.Algorithms.Ch10KahanSharpnessSource	NumStability.higham10KahanW_op2_eq_product	theorem	public	NumStability.Algorithms.Ch10KahanSharpnessSource	retained
NumStability.Algorithms.Ch10KahanSharpnessSource	NumStability.higham10KahanW_op2_sq	theorem	public	NumStability.Algorithms.Ch10KahanSharpnessSource	retained
NumStability.Algorithms.Ch10KahanSharpness	NumStability.higham10KahanW_solve	theorem	public	NumStability.Source.Higham.Chapter10.Lemma13.KahanSharpness.Limit	relocated
NumStability.Algorithms.Ch10KahanSharpness	NumStability.higham10KahanW_succ_castSucc	theorem	public	NumStability.Source.Higham.Chapter10.Lemma13.KahanSharpness.Limit	relocated
NumStability.Algorithms.Ch10ActualSourceClosure	NumStability.higham10SourceKappa2	definition	public	NumStability.Source.Higham.Chapter10.Theorem06.RoundedCholesky.ActualClosure	relocated
NumStability.Algorithms.Ch10ActualSourceClosure	NumStability.higham10SourceScaledMatrix	definition	public	NumStability.Source.Higham.Chapter10.Theorem06.RoundedCholesky.ActualClosure	relocated
NumStability.Algorithms.Ch10ActualSourceClosure	NumStability.higham10SourceScaledMatrix_diag	theorem	public	NumStability.Source.Higham.Chapter10.Theorem06.RoundedCholesky.ActualClosure	relocated
NumStability.Algorithms.Ch10ActualSourceClosure	NumStability.higham10SourceScaledMatrix_inverse_opNorm2Le_kappa2	theorem	public	NumStability.Source.Higham.Chapter10.Theorem06.RoundedCholesky.ActualClosure	relocated
NumStability.Algorithms.Ch10ActualSourceClosure	NumStability.higham10SourceScaledMatrix_isSymPosDef	theorem	public	NumStability.Source.Higham.Chapter10.Theorem06.RoundedCholesky.ActualClosure	relocated
NumStability.Algorithms.Ch10ActualSourceClosure	NumStability.higham10SourceScaledMatrix_nonsingInv_action	theorem	public	NumStability.Source.Higham.Chapter10.Theorem06.RoundedCholesky.ActualClosure	relocated
NumStability.Algorithms.HighamChapter10	NumStability.higham10_10_schur_complement_perturbation	theorem	public	NumStability.Source.Higham.Chapter10.Section03.PositiveSemidefinite.Endpoints	relocated
NumStability.Algorithms.HighamChapter10	NumStability.higham10_11_cp_pivot_sequence_stable	theorem	public	NumStability.Source.Higham.Chapter10.Lemma11.PivotSequenceStability.Endpoints	relocated
NumStability.Algorithms.Ch10Lemma1011Source	NumStability.higham10_11_cp_pivot_sequence_stable_of_noTies_two_sided	theorem	public	NumStability.Source.Higham.Chapter10.Lemma11.PivotSequenceStability.SourceClosure	relocated
NumStability.Algorithms.Ch10Lemma1011Source	NumStability.higham10_11_finite_noTies_gap_floor_cap	theorem	public	NumStability.Source.Higham.Chapter10.Lemma11.PivotSequenceStability.SourceClosure	relocated
NumStability.Algorithms.HighamChapter10	NumStability.higham10_11_firstOrder_eq_WtW	theorem	public	NumStability.Source.Higham.Chapter10.Lemma11.PivotSequenceStability.Endpoints	relocated
NumStability.Algorithms.HighamChapter10	NumStability.higham10_11_firstOrder_opNorm2	theorem	public	NumStability.Source.Higham.Chapter10.Lemma11.PivotSequenceStability.Endpoints	relocated
NumStability.Algorithms.Ch10Lemma1011Source	NumStability.higham10_11_firstOrder_opNorm2_signed	theorem	public	NumStability.Source.Higham.Chapter10.Lemma11.PivotSequenceStability.SourceClosure	relocated
NumStability.Algorithms.HighamChapter10	NumStability.higham10_11_leadingBlockPerturbation	definition	public	NumStability.Source.Higham.Chapter10.Lemma11.PivotSequenceStability.Endpoints	relocated
NumStability.Algorithms.HighamChapter10	NumStability.higham10_11_leadingBlockPerturbation_opNorm2	theorem	public	NumStability.Source.Higham.Chapter10.Lemma11.PivotSequenceStability.Endpoints	relocated
NumStability.Algorithms.Ch10Lemma1011Source	NumStability.higham10_11_leadingBlockPerturbation_opNorm2_signed	theorem	public	NumStability.Source.Higham.Chapter10.Lemma11.PivotSequenceStability.SourceClosure	relocated
NumStability.Algorithms.HighamChapter10	NumStability.higham10_11_schur_perturbation_leadingBlock	theorem	public	NumStability.Source.Higham.Chapter10.Lemma11.PivotSequenceStability.Endpoints	relocated
NumStability.Algorithms.Ch10Lemma1011Source	NumStability.higham10_11_schur_perturbation_leadingBlock_signed	theorem	public	NumStability.Source.Higham.Chapter10.Lemma11.PivotSequenceStability.SourceClosure	relocated
NumStability.Algorithms.HighamChapter10	NumStability.higham10_11_schur_perturbation_opNorm2	theorem	public	NumStability.Source.Higham.Chapter10.Lemma11.PivotSequenceStability.Endpoints	relocated
NumStability.Algorithms.Ch10Lemma1011Source	NumStability.higham10_11_schur_perturbation_opNorm2_signed	theorem	public	NumStability.Source.Higham.Chapter10.Lemma11.PivotSequenceStability.SourceClosure	relocated
NumStability.Algorithms.HighamChapter10	NumStability.higham10_12_outerProductResidual	definition	public	NumStability.Source.Higham.Chapter10.Section03.PositiveSemidefinite.Endpoints	relocated
NumStability.Algorithms.HighamChapter10	NumStability.higham10_12_psd_w_action_bound	theorem	public	NumStability.Source.Higham.Chapter10.Section03.PositiveSemidefinite.Endpoints	relocated
NumStability.Algorithms.HighamChapter10	NumStability.higham10_12_w_action_norm_bound	theorem	public	NumStability.Source.Higham.Chapter10.Section03.PositiveSemidefinite.Endpoints	relocated
NumStability.Algorithms.HighamChapter10	NumStability.higham10_12_w_action_trace_bound	theorem	public	NumStability.Algorithms.HighamChapter10	retained
NumStability.Algorithms.HighamChapter10	NumStability.higham10_12_w_norm_bound_from_cond	theorem	public	NumStability.Source.Higham.Chapter10.Section03.PositiveSemidefinite.Endpoints	relocated
NumStability.Algorithms.HighamChapter10	NumStability.higham10_13_completePivotingInequality	definition	public	NumStability.Source.Higham.Chapter10.Lemma13.KahanSharpness.Endpoints	relocated
NumStability.Algorithms.HighamChapter10	NumStability.higham10_13_complete_pivoting_w_bound	theorem	public	NumStability.Source.Higham.Chapter10.Lemma13.KahanSharpness.Endpoints	relocated
NumStability.Algorithms.Ch10KahanSharpness	NumStability.higham10_13_kahan_frobenius_sq_tendsto	theorem	public	NumStability.Source.Higham.Chapter10.Lemma13.KahanSharpness.Limit	relocated
NumStability.Algorithms.Ch10KahanSharpnessSource	NumStability.higham10_13_kahan_source_closed	theorem	public	NumStability.Algorithms.Ch10KahanSharpnessSource	retained
NumStability.Algorithms.Ch10KahanSharpnessSource	NumStability.higham10_13_kahan_theta_complexFrobenius_tendsto	theorem	public	NumStability.Source.Higham.Chapter10.Lemma13.KahanSharpness.GramFamily	relocated
NumStability.Algorithms.Ch10KahanSharpness	NumStability.higham10_13_kahan_theta_frobenius_sq_tendsto	theorem	public	NumStability.Source.Higham.Chapter10.Lemma13.KahanSharpness.Limit	relocated
NumStability.Algorithms.Ch10KahanSharpness	NumStability.higham10_13_kahan_theta_frobenius_tendsto	theorem	public	NumStability.Source.Higham.Chapter10.Lemma13.KahanSharpness.Limit	relocated
NumStability.Algorithms.Ch10KahanSharpnessSource	NumStability.higham10_13_kahan_theta_op2_tendsto	theorem	public	NumStability.Algorithms.Ch10KahanSharpnessSource	retained
NumStability.Algorithms.HighamChapter10	NumStability.higham10_13_pivoted_w_frobenius_bound	theorem	public	NumStability.Source.Higham.Chapter10.Lemma13.KahanSharpness.Endpoints	relocated
NumStability.Algorithms.Cholesky.Higham1014Equation1022	NumStability.higham10_14_A21M_eq_Wtranspose	theorem	public	NumStability.Source.Higham.Chapter10.Theorem14.CompletePivotedPSD.Equation22	relocated
NumStability.Algorithms.Cholesky.Higham1014Equation1022	NumStability.higham10_14_W	definition	public	NumStability.Source.Higham.Chapter10.Theorem14.CompletePivotedPSD.Equation22	relocated
NumStability.Algorithms.Cholesky.Higham1014Equation1022	NumStability.higham10_14_actualR11	definition	public	NumStability.Source.Higham.Chapter10.Theorem14.CompletePivotedPSD.Equation22	relocated
NumStability.Algorithms.Cholesky.Higham1014Equation1022	NumStability.higham10_14_actualR11_isInverse	theorem	public	NumStability.Source.Higham.Chapter10.Theorem14.CompletePivotedPSD.Equation22	relocated
NumStability.Algorithms.Cholesky.Higham1014Equation1022	NumStability.higham10_14_actualR12	definition	public	NumStability.Source.Higham.Chapter10.Theorem14.CompletePivotedPSD.Equation22	relocated
NumStability.Algorithms.Cholesky.Higham1014Equation1022	NumStability.higham10_14_actualResidual	definition	public	NumStability.Source.Higham.Chapter10.Theorem14.CompletePivotedPSD.Equation22	relocated
NumStability.Algorithms.Cholesky.Higham1014Equation1022	NumStability.higham10_14_actualSchur	definition	public	NumStability.Source.Higham.Chapter10.Theorem14.CompletePivotedPSD.Equation22	relocated
NumStability.Algorithms.Cholesky.Higham1014Equation1022	NumStability.higham10_14_actualSchur_eq_perturbedSchur	theorem	public	NumStability.Source.Higham.Chapter10.Theorem14.CompletePivotedPSD.Equation22	relocated
NumStability.Algorithms.Cholesky.Higham1014Equation1022	NumStability.higham10_14_actualSchur_quadratic_bound	theorem	public	NumStability.Algorithms.Cholesky.Higham1014Equation1022	retained
NumStability.Algorithms.Cholesky.Higham1014Equation1022	NumStability.higham10_14_actual_block_equations	theorem	public	NumStability.Source.Higham.Chapter10.Theorem14.CompletePivotedPSD.Equation22	relocated
NumStability.Algorithms.Ch10PivotedPSDSourceClosure	NumStability.higham10_14_actual_componentwise	theorem	public	NumStability.Algorithms.Ch10PivotedPSDSourceClosure	retained
NumStability.Algorithms.Cholesky.Higham1014Equation1022	NumStability.higham10_14_actual_inverse_complexOp2_le	theorem	public	NumStability.Source.Higham.Chapter10.Theorem14.CompletePivotedPSD.Equation22	relocated
NumStability.Algorithms.Cholesky.Higham1014Equation1022	NumStability.higham10_14_actual_inverse_resolvent	theorem	public	NumStability.Source.Higham.Chapter10.Theorem14.CompletePivotedPSD.Equation22	relocated
NumStability.Algorithms.Cholesky.Higham1014Equation1022	NumStability.higham10_14_actual_schur_perturbation_exact	theorem	public	NumStability.Algorithms.Cholesky.Higham1014Equation1022	retained
NumStability.Algorithms.Cholesky.CholeskyPSD	NumStability.higham10_14_as_run_backward_error	theorem	public	NumStability.Algorithms.Cholesky.CholeskyPSD	retained
NumStability.Algorithms.Cholesky.Higham1014Equation1022	NumStability.higham10_14_block11	definition	public	NumStability.Source.Higham.Chapter10.Theorem14.CompletePivotedPSD.Equation22	relocated
NumStability.Algorithms.Cholesky.Higham1014Equation1022	NumStability.higham10_14_block12	definition	public	NumStability.Source.Higham.Chapter10.Theorem14.CompletePivotedPSD.Equation22	relocated
NumStability.Algorithms.Cholesky.Higham1014Equation1022	NumStability.higham10_14_block21	definition	public	NumStability.Source.Higham.Chapter10.Theorem14.CompletePivotedPSD.Equation22	relocated
NumStability.Algorithms.Cholesky.Higham1014Equation1022	NumStability.higham10_14_block22	definition	public	NumStability.Source.Higham.Chapter10.Theorem14.CompletePivotedPSD.Equation22	relocated
NumStability.Algorithms.Cholesky.Higham1014Equation1022	NumStability.higham10_14_blocks_opNorm2Le	theorem	public	NumStability.Source.Higham.Chapter10.Theorem14.CompletePivotedPSD.Equation22	relocated
NumStability.Algorithms.Ch10PivotedPSDSourceClosure	NumStability.higham10_14_completePivotedPSD_actual_of_noTies	theorem	public	NumStability.Algorithms.Ch10PivotedPSDSourceClosure	retained
NumStability.Algorithms.Ch10PivotedPSDSourceClosure	NumStability.higham10_14_completePivotedPSD_actual_source_closed	theorem	public	NumStability.Algorithms.Ch10PivotedPSDSourceClosure	retained
NumStability.Algorithms.Cholesky.Higham1014Equation1022	NumStability.higham10_14_equation_10_22_family	theorem	public	NumStability.Algorithms.Cholesky.Higham1014Equation1022	retained
NumStability.Algorithms.Cholesky.Higham1014Equation1022	NumStability.higham10_14_equation_10_22_family_of_success	theorem	public	NumStability.Algorithms.Cholesky.Higham1014Equation1022	retained
NumStability.Algorithms.Cholesky.Higham1014SourceError	NumStability.higham10_14_equation_10_23	theorem	public	NumStability.Source.Higham.Chapter10.Theorem14.CompletePivotedPSD.SourceError	relocated
NumStability.Algorithms.Cholesky.Higham1014SourceError	NumStability.higham10_14_equation_10_24	theorem	public	NumStability.Algorithms.Cholesky.Higham1014SourceError	retained
NumStability.Algorithms.Cholesky.Higham1014SourceError	NumStability.higham10_14_equation_10_25	theorem	public	NumStability.Algorithms.Cholesky.Higham1014SourceError	retained
NumStability.Algorithms.Cholesky.Higham1014SourceSuccess	NumStability.higham10_14_fl_cholesky_success_source	theorem	public	NumStability.Source.Higham.Chapter10.Theorem14.CompletePivotedPSD.SourceSuccess	relocated
NumStability.Algorithms.HighamChapter10	NumStability.higham10_14_fl_psd_cholesky_backward_error	theorem	public	NumStability.Algorithms.HighamChapter10	retained
NumStability.Algorithms.Cholesky.Higham1014Equation1022	NumStability.higham10_14_gram_schur_zero	theorem	public	NumStability.Source.Higham.Chapter10.Theorem14.CompletePivotedPSD.Equation22	relocated
NumStability.Algorithms.Cholesky.Higham1014Equation1022	NumStability.higham10_14_linearSchur_opNorm2Le	theorem	public	NumStability.Algorithms.Cholesky.Higham1014Equation1022	retained
NumStability.Algorithms.HighamChapter10	NumStability.higham10_14_psd_cholesky_backward_error	theorem	public	NumStability.Source.Higham.Chapter10.Theorem14.CompletePivotedPSD.Endpoints	relocated
NumStability.Algorithms.Cholesky.Higham1014Equation1022	NumStability.higham10_14_psd_rank_schur_zero	theorem	public	NumStability.Algorithms.Cholesky.Higham1014Equation1022	retained
NumStability.Algorithms.Cholesky.Higham1014Equation1022	NumStability.higham10_14_scalar_absorption_family	theorem	public	NumStability.Source.Higham.Chapter10.Theorem14.CompletePivotedPSD.Equation22	relocated
NumStability.Algorithms.Cholesky.Higham1014Equation1022	NumStability.higham10_14_scalar_absorption_family_of_error_sq	theorem	public	NumStability.Source.Higham.Chapter10.Theorem14.CompletePivotedPSD.Equation22	relocated
NumStability.Algorithms.HighamChapter10	NumStability.higham10_14_schurComplement	definition	public	NumStability.Source.Higham.Chapter10.Theorem14.CompletePivotedPSD.Endpoints	relocated
NumStability.Algorithms.Cholesky.Higham1014Equation1022	NumStability.higham10_14_schurQuadraticCoeff	definition	public	NumStability.Source.Higham.Chapter10.Theorem14.CompletePivotedPSD.Equation22	relocated
NumStability.Algorithms.Cholesky.Higham1014SourceError	NumStability.higham10_14_sourceError	definition	public	NumStability.Source.Higham.Chapter10.Theorem14.CompletePivotedPSD.SourceError	relocated
NumStability.Algorithms.Cholesky.Higham1014SourceError	NumStability.higham10_14_sourceFactorRows	definition	public	NumStability.Source.Higham.Chapter10.Theorem14.CompletePivotedPSD.SourceError	relocated
NumStability.Algorithms.Cholesky.Higham1014SourceError	NumStability.higham10_14_sourceTrailing	definition	public	NumStability.Source.Higham.Chapter10.Theorem14.CompletePivotedPSD.SourceError	relocated
NumStability.Algorithms.Cholesky.Higham1014SourceError	NumStability.higham10_14_sourceTrailingRows	definition	public	NumStability.Source.Higham.Chapter10.Theorem14.CompletePivotedPSD.SourceError	relocated
NumStability.Algorithms.Cholesky.Higham1014Equation1022	NumStability.higham10_14_sourceTrailing_opNorm2Le_of_rows	theorem	public	NumStability.Source.Higham.Chapter10.Theorem14.CompletePivotedPSD.Equation22	relocated
NumStability.Algorithms.Cholesky.Higham1014SourceError	NumStability.higham10_14_source_determinate_endpoint	theorem	public	NumStability.Algorithms.Cholesky.Higham1014SourceError	retained
NumStability.Algorithms.Cholesky.Higham1014SourceError	NumStability.higham10_14_source_success_and_error	theorem	public	NumStability.Algorithms.Cholesky.Higham1014SourceError	retained
NumStability.Algorithms.Cholesky.Higham1014Equation1022	NumStability.higham10_14_trailingRows_opNorm2Le_of_actualSchur	theorem	public	NumStability.Source.Higham.Chapter10.Theorem14.CompletePivotedPSD.Equation22	relocated
NumStability.Algorithms.Cholesky.Higham1014Equation1022	NumStability.higham10_14_truncGram_eq_actualRows	theorem	public	NumStability.Source.Higham.Chapter10.Theorem14.CompletePivotedPSD.Equation22	relocated
NumStability.Algorithms.HighamChapter10	NumStability.higham10_18_isPosSemiDef	theorem	public	NumStability.Algorithms.HighamChapter10	retained
NumStability.Algorithms.HighamChapter10	NumStability.higham10_18_matrix	definition	public	NumStability.Source.Higham.Chapter10.Lemma13.KahanSharpness.Endpoints	relocated
NumStability.Algorithms.HighamChapter10	NumStability.higham10_18_w_arbitrarily_large	theorem	public	NumStability.Algorithms.HighamChapter10	retained
NumStability.Algorithms.HighamChapter10	NumStability.higham10_1_CholeskyFactSpec	definition	public	NumStability.Source.Higham.Chapter10.Section01.Factorization.Basic	relocated
NumStability.Algorithms.HighamChapter10	NumStability.higham10_1_choleskyLDLTDiagonal	definition	public	NumStability.Source.Higham.Chapter10.Section01.Factorization.Basic	relocated
NumStability.Algorithms.HighamChapter10	NumStability.higham10_1_choleskyLDLTLower	definition	public	NumStability.Source.Higham.Chapter10.Section01.Factorization.Basic	relocated
NumStability.Algorithms.HighamChapter10	NumStability.higham10_1_cholesky_existence	theorem	public	NumStability.Algorithms.HighamChapter10	retained
NumStability.Algorithms.HighamChapter10	NumStability.higham10_1_cholesky_to_ldlt	theorem	public	NumStability.Source.Higham.Chapter10.Section01.Factorization.Basic	relocated
NumStability.Algorithms.HighamChapter10	NumStability.higham10_1_cholesky_uniqueness	theorem	public	NumStability.Algorithms.HighamChapter10	retained
NumStability.Algorithms.HighamChapter10	NumStability.higham10_21_fl_cholesky_leading_pivots_pos	theorem	public	NumStability.Algorithms.HighamChapter10	retained
NumStability.Algorithms.HighamChapter10	NumStability.higham10_21_fl_cholesky_success	theorem	public	NumStability.Algorithms.HighamChapter10	retained
NumStability.Algorithms.HighamChapter10	NumStability.higham10_21_stage_border_mass	theorem	public	NumStability.Algorithms.HighamChapter10	retained
NumStability.Algorithms.HighamChapter10	NumStability.higham10_21_stage_interior_mass	theorem	public	NumStability.Algorithms.HighamChapter10	retained
NumStability.Algorithms.Ch10PivotedPSDSourceClosure	NumStability.higham10_23_25_actual_trailing_from_stop	theorem	public	NumStability.Algorithms.Ch10PivotedPSDSourceClosure	retained
NumStability.Algorithms.HighamChapter10	NumStability.higham10_25_absorption	theorem	public	NumStability.Source.Higham.Chapter10.Section03.PositiveSemidefinite.Endpoints	relocated
NumStability.Algorithms.Ch10PivotedPSDSourceClosure	NumStability.higham10_25_actual_backwardError_opNorm2	theorem	public	NumStability.Algorithms.Ch10PivotedPSDSourceClosure	retained
NumStability.Algorithms.HighamChapter10	NumStability.higham10_25_componentwise_to_normwise	theorem	public	NumStability.Source.Higham.Chapter10.Section03.PositiveSemidefinite.Endpoints	relocated
NumStability.Algorithms.Cholesky.Higham1014SourceError	NumStability.higham10_25_rank_sensitive_bridge	theorem	public	NumStability.Algorithms.Cholesky.Higham1014SourceError	retained
NumStability.Algorithms.Ch10PivotedPSDSourceClosure	NumStability.higham10_26_actual_first_nonpositive	theorem	public	NumStability.Source.Higham.Chapter10.Theorem14.CompletePivotedPSD.ActualRun	relocated
NumStability.Algorithms.HighamChapter10	NumStability.higham10_26_nonpositivePivotCriterion	definition	public	NumStability.Source.Higham.Chapter10.Section03.PositiveSemidefinite.Endpoints	relocated
NumStability.Algorithms.HighamChapter10	NumStability.higham10_27_nonpositiveDiagonalCriterion	definition	public	NumStability.Source.Higham.Chapter10.Section03.PositiveSemidefinite.Endpoints	relocated
NumStability.Algorithms.HighamChapter10	NumStability.higham10_27_psd_cholesky_termination_bound	theorem	public	NumStability.Source.Higham.Chapter10.Section03.PositiveSemidefinite.Endpoints	relocated
NumStability.Algorithms.HighamChapter10	NumStability.higham10_27_residualStopCriterion	definition	public	NumStability.Source.Higham.Chapter10.Section03.PositiveSemidefinite.Endpoints	relocated
NumStability.Algorithms.Ch10PivotedPSDSourceClosure	NumStability.higham10_28_actual_first_relativeDiagonal	theorem	public	NumStability.Source.Higham.Chapter10.Theorem14.CompletePivotedPSD.ActualRun	relocated
NumStability.Algorithms.Ch10PivotedPSDSourceClosure	NumStability.higham10_28_implies_10_27_actual_residualNorm	theorem	public	NumStability.Algorithms.Ch10PivotedPSDSourceClosure	retained
NumStability.Algorithms.HighamChapter10	NumStability.higham10_28_relativeDiagonalStopCriterion	definition	public	NumStability.Source.Higham.Chapter10.Section03.PositiveSemidefinite.Endpoints	relocated
NumStability.Algorithms.HighamChapter10	NumStability.higham10_29_S_mulVec_cons0	theorem	public	NumStability.Source.Higham.Chapter10.Section04.PositiveDefiniteSymmetricPart.Endpoints	relocated
NumStability.Algorithms.Cholesky.Higham1029Source	NumStability.higham10_29_absLUProduct	definition	public	NumStability.Source.Higham.Chapter10.Section04.PositiveDefiniteSymmetricPart.Equation29	relocated
NumStability.Algorithms.Cholesky.Higham1029Source	NumStability.higham10_29_absLUProduct_firstStep	theorem	public	NumStability.Source.Higham.Chapter10.Section04.PositiveDefiniteSymmetricPart.Equation29	relocated
NumStability.Algorithms.Cholesky.Higham1029Source	NumStability.higham10_29_absLUProduct_firstStep_frobNorm_le	theorem	public	NumStability.Source.Higham.Chapter10.Section04.PositiveDefiniteSymmetricPart.Equation29	relocated
NumStability.Algorithms.Cholesky.Higham1029Source	NumStability.higham10_29_finiteMaxEigenvalue_gram_conj_nonneg	theorem	public	NumStability.Source.Higham.Chapter10.Section04.PositiveDefiniteSymmetricPart.Equation29	relocated
NumStability.Algorithms.Cholesky.Higham1029Source	NumStability.higham10_29_firstRank_frob_le	theorem	public	NumStability.Source.Higham.Chapter10.Section04.PositiveDefiniteSymmetricPart.Equation29	relocated
NumStability.Algorithms.Cholesky.Higham1029Source	NumStability.higham10_29_gram_eq_sourceMatrix	theorem	public	NumStability.Source.Higham.Chapter10.Section04.PositiveDefiniteSymmetricPart.Equation29	relocated
NumStability.Algorithms.HighamChapter10	NumStability.higham10_29_luFirstSchurComplement_isNonsymPosDef	theorem	public	NumStability.Source.Higham.Chapter10.Section04.PositiveDefiniteSymmetricPart.Endpoints	relocated
NumStability.Algorithms.HighamChapter10	NumStability.higham10_29_luSchur_mulVec	theorem	public	NumStability.Source.Higham.Chapter10.Section04.PositiveDefiniteSymmetricPart.Endpoints	relocated
NumStability.Algorithms.Cholesky.Higham1029Source	NumStability.higham10_29_lu_growth_aux	theorem	public	NumStability.Algorithms.Cholesky.Higham1029Source	retained
NumStability.Algorithms.Cholesky.Higham1029Source	NumStability.higham10_29_lu_growth_bound_gram	theorem	public	NumStability.Algorithms.Cholesky.Higham1029Source	retained
NumStability.Algorithms.Cholesky.Higham1029Source	NumStability.higham10_29_nonsymPosDef_det_ne_zero	theorem	public	NumStability.Source.Higham.Chapter10.Section04.PositiveDefiniteSymmetricPart.Equation29	relocated
NumStability.Algorithms.HighamChapter10	NumStability.higham10_29_nonsymPosDef_iff_symPartSPD	theorem	public	NumStability.Source.Higham.Chapter10.Section04.PositiveDefiniteSymmetricPart.Endpoints	relocated
NumStability.Algorithms.HighamChapter10	NumStability.higham10_29_nonsym_pd_lu_growth_bound	theorem	public	NumStability.Source.Higham.Chapter10.Section04.PositiveDefiniteSymmetricPart.Endpoints	relocated
NumStability.Algorithms.Cholesky.Higham1029Source	NumStability.higham10_29_quadForm_action_eq	theorem	public	NumStability.Source.Higham.Chapter10.Section04.PositiveDefiniteSymmetricPart.Equation29	relocated
NumStability.Algorithms.Cholesky.Higham1029Source	NumStability.higham10_29_rowGram_eq_colGram	theorem	public	NumStability.Source.Higham.Chapter10.Section04.PositiveDefiniteSymmetricPart.Equation29	relocated
NumStability.Algorithms.Cholesky.Higham1029Source	NumStability.higham10_29_sourceMatrix	definition	public	NumStability.Source.Higham.Chapter10.Section04.PositiveDefiniteSymmetricPart.Equation29	relocated
NumStability.Algorithms.Cholesky.Higham1029Source	NumStability.higham10_29_sourceMatrix_isSymm	theorem	public	NumStability.Source.Higham.Chapter10.Section04.PositiveDefiniteSymmetricPart.Equation29	relocated
NumStability.Algorithms.Cholesky.Higham1029Source	NumStability.higham10_29_source_lu_growth_bound	theorem	public	NumStability.Algorithms.Cholesky.Higham1029Source	retained
NumStability.Algorithms.Cholesky.HighamMathiasSource	NumStability.higham10_29_source_lu_growth_bound_opNorm2	theorem	public	NumStability.Algorithms.Cholesky.HighamMathiasSource	retained
NumStability.Algorithms.HighamChapter10	NumStability.higham10_29_stage_operator_le	theorem	public	NumStability.Algorithms.HighamChapter10	retained
NumStability.Algorithms.HighamChapter10	NumStability.higham10_29_stage_operator_le_exists	theorem	public	NumStability.Algorithms.HighamChapter10	retained
NumStability.Algorithms.HighamChapter10	NumStability.higham10_29_stage_quadForm_le	theorem	public	NumStability.Algorithms.HighamChapter10	retained
NumStability.Algorithms.HighamChapter10	NumStability.higham10_29_symPart_luSchur_eq	theorem	public	NumStability.Source.Higham.Chapter10.Section04.PositiveDefiniteSymmetricPart.Endpoints	relocated
NumStability.Algorithms.HighamChapter10	NumStability.higham10_29_symmetric_skew_decomposition	theorem	public	NumStability.Source.Higham.Chapter10.Section04.PositiveDefiniteSymmetricPart.Endpoints	relocated
NumStability.Algorithms.Cholesky.Higham1029Source	NumStability.higham10_29_tailPad	definition	public	NumStability.Source.Higham.Chapter10.Section04.PositiveDefiniteSymmetricPart.Equation29	relocated
NumStability.Algorithms.Cholesky.Higham1029Source	NumStability.higham10_29_tailPad_frobNorm	theorem	public	NumStability.Source.Higham.Chapter10.Section04.PositiveDefiniteSymmetricPart.Equation29	relocated
NumStability.Algorithms.HighamChapter10	NumStability.higham10_2_CholeskyBackwardError	definition	public	NumStability.Source.Higham.Chapter10.Section02.ErrorAnalysis.Basic	relocated
NumStability.Algorithms.Ch10ComplexPositiveDefiniteSourceClosure	NumStability.higham10_30_ComplexDoolittleState	definition	public	NumStability.Source.Higham.Chapter10.Equation30.ComplexPositiveDefinite.SourceClosure	relocated
NumStability.Algorithms.Ch10ComplexPositiveDefiniteSourceClosure	NumStability.higham10_30_ComplexGERelErrorCertificate	definition	public	NumStability.Source.Higham.Chapter10.Equation30.ComplexPositiveDefinite.SourceClosure	relocated
NumStability.Algorithms.Ch10ComplexPositiveDefiniteSourceClosure	NumStability.higham10_30_SourceGETrace	definition	public	NumStability.Algorithms.Ch10ComplexPositiveDefiniteSourceClosure	retained
NumStability.Algorithms.Ch10ComplexPositiveDefiniteSourceClosure	NumStability.higham10_30_SourceSchurDiagonalRep	definition	public	NumStability.Algorithms.Ch10ComplexPositiveDefiniteSourceClosure	retained
NumStability.Algorithms.Ch10ComplexPositiveDefiniteSourceClosure	NumStability.higham10_30_SourceUpperEntryRep	definition	public	NumStability.Algorithms.Ch10ComplexPositiveDefiniteSourceClosure	retained
NumStability.Algorithms.Ch10ComplexPositiveDefiniteSourceClosure	NumStability.higham10_30_complexDoolittleL	definition	public	NumStability.Source.Higham.Chapter10.Equation30.ComplexPositiveDefinite.SourceClosure	relocated
NumStability.Algorithms.Ch10ComplexPositiveDefiniteSourceClosure	NumStability.higham10_30_complexDoolittleLoopState	definition	public	NumStability.Source.Higham.Chapter10.Equation30.ComplexPositiveDefinite.SourceClosure	relocated
NumStability.Algorithms.Ch10ComplexPositiveDefiniteSourceClosure	NumStability.higham10_30_complexDoolittleStageStep	definition	public	NumStability.Source.Higham.Chapter10.Equation30.ComplexPositiveDefinite.SourceClosure	relocated
NumStability.Algorithms.Ch10ComplexPositiveDefiniteSourceClosure	NumStability.higham10_30_complexDoolittleStageUpdateL	definition	public	NumStability.Source.Higham.Chapter10.Equation30.ComplexPositiveDefinite.SourceClosure	relocated
NumStability.Algorithms.Ch10ComplexPositiveDefiniteSourceClosure	NumStability.higham10_30_complexDoolittleStageUpdateU	definition	public	NumStability.Source.Higham.Chapter10.Equation30.ComplexPositiveDefinite.SourceClosure	relocated
NumStability.Algorithms.Ch10ComplexPositiveDefiniteSourceClosure	NumStability.higham10_30_complexDoolittleU	definition	public	NumStability.Source.Higham.Chapter10.Equation30.ComplexPositiveDefinite.SourceClosure	relocated
NumStability.Algorithms.Ch10ComplexPositiveDefiniteSourceClosure	NumStability.higham10_30_complexGE_backward_error	theorem	public	NumStability.Source.Higham.Chapter10.Equation30.ComplexPositiveDefinite.SourceClosure	relocated
NumStability.Algorithms.Ch10ComplexPositiveDefiniteSourceClosure	NumStability.higham10_30_complexLU_exists_of_leadingPrincipalBlock_det_ne_zero	theorem	public	NumStability.Source.Higham.Chapter10.Equation30.ComplexPositiveDefinite.SourceClosure	relocated
NumStability.Algorithms.HighamChapter10	NumStability.higham10_30_complexPositiveDefiniteForm	definition	public	NumStability.Source.Higham.Chapter10.Equation30.ComplexPositiveDefinite.Endpoints	relocated
NumStability.Algorithms.Ch10ComplexPositiveDefiniteSourceClosure	NumStability.higham10_30_complexPositiveDefinite_GE_backward_error_source	theorem	public	NumStability.Algorithms.Ch10ComplexPositiveDefiniteSourceClosure	retained
NumStability.Algorithms.Ch10ComplexPositiveDefiniteSourceClosure	NumStability.higham10_30_complexPositiveDefinite_exists_noPivotLU	theorem	public	NumStability.Algorithms.Ch10ComplexPositiveDefiniteSourceClosure	retained
NumStability.Algorithms.Ch10ComplexPositiveDefiniteSourceClosure	NumStability.higham10_30_complexPositiveDefinite_exists_noPivotLU_growth_lt_three	theorem	public	NumStability.Algorithms.Ch10ComplexPositiveDefiniteSourceClosure	retained
NumStability.Algorithms.Ch10ComplexPositiveDefiniteSourceClosure	NumStability.higham10_30_complexPositiveDefinite_growth_lt_three	theorem	public	NumStability.Algorithms.Ch10ComplexPositiveDefiniteSourceClosure	retained
NumStability.Algorithms.Ch10ComplexPositiveDefiniteSourceClosure	NumStability.higham10_30_complexPositiveDefinite_sourceGETrace	theorem	public	NumStability.Algorithms.Ch10ComplexPositiveDefiniteSourceClosure	retained
NumStability.Algorithms.Ch10ComplexPositiveDefiniteSourceClosure	NumStability.higham10_30_complexQuadForm	definition	public	NumStability.Source.Higham.Chapter10.Equation30.ComplexPositiveDefinite.SourceClosure	relocated
NumStability.Algorithms.Ch10ComplexPositiveDefiniteSourceClosure	NumStability.higham10_30_complexQuadForm_im	theorem	public	NumStability.Algorithms.Ch10ComplexPositiveDefiniteSourceClosure	retained
NumStability.Algorithms.Ch10ComplexPositiveDefiniteSourceClosure	NumStability.higham10_30_complexQuadForm_re	theorem	public	NumStability.Algorithms.Ch10ComplexPositiveDefiniteSourceClosure	retained
NumStability.Algorithms.Ch10ComplexPositiveDefiniteSourceClosure	NumStability.higham10_30_complex_entry_norm_le_max_diagonal	theorem	public	NumStability.Algorithms.Ch10ComplexPositiveDefiniteSourceClosure	retained
NumStability.Algorithms.Ch10ComplexPositiveDefiniteSourceClosure	NumStability.higham10_30_det_ne_zero_of_real_spd	theorem	public	NumStability.Algorithms.Ch10ComplexPositiveDefiniteSourceClosure	retained
NumStability.Algorithms.Ch10ComplexPositiveDefiniteSourceClosure	NumStability.higham10_30_flComplexDoolittleLEntry	definition	public	NumStability.Source.Higham.Chapter10.Equation30.ComplexPositiveDefinite.SourceClosure	relocated
NumStability.Algorithms.Ch10ComplexPositiveDefiniteSourceClosure	NumStability.higham10_30_flComplexDoolittleLNumerator	definition	public	NumStability.Source.Higham.Chapter10.Equation30.ComplexPositiveDefinite.SourceClosure	relocated
NumStability.Algorithms.Ch10ComplexPositiveDefiniteSourceClosure	NumStability.higham10_30_flComplexDoolittleUEntry	definition	public	NumStability.Source.Higham.Chapter10.Equation30.ComplexPositiveDefinite.SourceClosure	relocated
NumStability.Algorithms.Ch10ComplexPositiveDefiniteSourceClosure	NumStability.higham10_30_leadingComplexBlock_det_ne_zero	theorem	public	NumStability.Algorithms.Ch10ComplexPositiveDefiniteSourceClosure	retained
NumStability.Algorithms.Ch10ComplexPositiveDefiniteSourceClosure	NumStability.higham10_30_leadingRealBlock	definition	public	NumStability.Source.Higham.Chapter10.Equation30.ComplexPositiveDefinite.SourceClosure	relocated
NumStability.Algorithms.Ch10ComplexPositiveDefiniteSourceClosure	NumStability.higham10_30_leadingRealBlock_spd	theorem	public	NumStability.Algorithms.Ch10ComplexPositiveDefiniteSourceClosure	retained
NumStability.Algorithms.Ch10ComplexPositiveDefiniteSourceClosure	NumStability.higham10_30_literalComplexGE_gamma_n_certificate_source_discrepancy	theorem	public	NumStability.Algorithms.Ch10ComplexPositiveDefiniteSourceClosure	retained
NumStability.Algorithms.Ch10ComplexPositiveDefiniteSourceClosure	NumStability.higham10_30_realQuadForm	definition	public	NumStability.Source.Higham.Chapter10.Equation30.ComplexPositiveDefinite.SourceClosure	relocated
NumStability.Algorithms.Ch10ComplexPositiveDefiniteSourceClosure	NumStability.higham10_30_relaxedCounterB	definition	public	NumStability.Source.Higham.Chapter10.Equation30.ComplexPositiveDefinite.SourceClosure	relocated
NumStability.Algorithms.Ch10ComplexPositiveDefiniteSourceClosure	NumStability.higham10_30_relaxedCounterB_spd	theorem	public	NumStability.Source.Higham.Chapter10.Equation30.ComplexPositiveDefinite.SourceClosure	relocated
NumStability.Algorithms.Ch10ComplexPositiveDefiniteSourceClosure	NumStability.higham10_30_relaxedCounterC	definition	public	NumStability.Source.Higham.Chapter10.Equation30.ComplexPositiveDefinite.SourceClosure	relocated
NumStability.Algorithms.Ch10ComplexPositiveDefiniteSourceClosure	NumStability.higham10_30_relaxedCounterC_symmetric	theorem	public	NumStability.Source.Higham.Chapter10.Equation30.ComplexPositiveDefinite.SourceClosure	relocated
NumStability.Algorithms.Ch10ComplexPositiveDefiniteSourceClosure	NumStability.higham10_30_relaxedCounterL	definition	public	NumStability.Source.Higham.Chapter10.Equation30.ComplexPositiveDefinite.SourceClosure	relocated
NumStability.Algorithms.Ch10ComplexPositiveDefiniteSourceClosure	NumStability.higham10_30_relaxedCounterU	definition	public	NumStability.Source.Higham.Chapter10.Equation30.ComplexPositiveDefinite.SourceClosure	relocated
NumStability.Algorithms.Ch10ComplexPositiveDefiniteSourceClosure	NumStability.higham10_30_relaxedCounter_exact_lu	theorem	public	NumStability.Source.Higham.Chapter10.Equation30.ComplexPositiveDefinite.SourceClosure	relocated
NumStability.Algorithms.Ch10ComplexPositiveDefiniteSourceClosure	NumStability.higham10_30_relaxedCounter_growth_gt_three	theorem	public	NumStability.Source.Higham.Chapter10.Equation30.ComplexPositiveDefinite.SourceClosure	relocated
NumStability.Algorithms.Ch10ComplexPositiveDefiniteSourceClosure	NumStability.higham10_30_relaxedCounter_input_max_eq_four	theorem	public	NumStability.Source.Higham.Chapter10.Equation30.ComplexPositiveDefinite.SourceClosure	relocated
NumStability.Algorithms.Ch10ComplexPositiveDefiniteSourceClosure	NumStability.higham10_30_relaxedCounter_upper_max_eq_seventeen	theorem	public	NumStability.Source.Higham.Chapter10.Equation30.ComplexPositiveDefinite.SourceClosure	relocated
NumStability.Algorithms.Ch10ComplexPositiveDefiniteSourceClosure	NumStability.higham10_30_source_schur_diagonal_growth_sq_lt_nine	theorem	public	NumStability.Algorithms.Ch10ComplexPositiveDefiniteSourceClosure	retained
NumStability.Algorithms.Ch10ComplexPositiveDefiniteSourceClosure	NumStability.higham10_30_source_schur_diagonal_norm_lt_three	theorem	public	NumStability.Algorithms.Ch10ComplexPositiveDefiniteSourceClosure	retained
NumStability.Algorithms.HighamChapter10	NumStability.higham10_3_cholesky_backward_error	theorem	public	NumStability.Source.Higham.Chapter10.Section02.ErrorAnalysis.Basic	relocated
NumStability.Algorithms.HighamChapter10	NumStability.higham10_3_fl_cholesky_backward_error	theorem	public	NumStability.Algorithms.HighamChapter10	retained
NumStability.Algorithms.HighamChapter10	NumStability.higham10_3_fl_cholesky_certificate	theorem	public	NumStability.Algorithms.HighamChapter10	retained
NumStability.Algorithms.HighamChapter10	NumStability.higham10_4_IsNonsymPosDef	definition	public	NumStability.Source.Higham.Chapter10.Section02.ErrorAnalysis.Basic	relocated
NumStability.Algorithms.HighamChapter10	NumStability.higham10_4_cholesky_solve_backward_error	theorem	public	NumStability.Source.Higham.Chapter10.Section02.ErrorAnalysis.Basic	relocated
NumStability.Algorithms.HighamChapter10	NumStability.higham10_4_fl_cholesky_solve_backward_error	theorem	public	NumStability.Algorithms.HighamChapter10	retained
NumStability.Algorithms.HighamChapter10	NumStability.higham10_4_nonsym_pd_ge_positive_pivots	theorem	public	NumStability.Source.Higham.Chapter10.Section02.ErrorAnalysis.Basic	relocated
NumStability.Algorithms.HighamChapter10	NumStability.higham10_4_nonsym_pd_leading_principal	theorem	public	NumStability.Algorithms.HighamChapter10	retained
NumStability.Algorithms.HighamChapter10	NumStability.higham10_4_nonsym_pd_mulVec_ne_zero	theorem	public	NumStability.Source.Higham.Chapter10.Section02.ErrorAnalysis.Basic	relocated
NumStability.Algorithms.HighamChapter10	NumStability.higham10_5_demmel_bound	theorem	public	NumStability.Source.Higham.Chapter10.Section02.ErrorAnalysis.Basic	relocated
NumStability.Algorithms.HighamChapter10	NumStability.higham10_5_demmel_bound_colNorm	theorem	public	NumStability.Source.Higham.Chapter10.Section02.ErrorAnalysis.Basic	relocated
NumStability.Algorithms.HighamChapter10	NumStability.higham10_5_fl_cholesky_demmel_bound	theorem	public	NumStability.Algorithms.HighamChapter10	retained
NumStability.Algorithms.Ch10ActualSourceClosure	NumStability.higham10_6_actual_source_closed	theorem	public	NumStability.Algorithms.Ch10ActualSourceClosure	retained
NumStability.Algorithms.HighamChapter10	NumStability.higham10_6_fl_scaled_forward_error	theorem	public	NumStability.Source.Higham.Chapter10.Theorem06.RoundedCholesky.Endpoints	relocated
NumStability.Algorithms.HighamChapter10	NumStability.higham10_6_fl_scaled_forward_error_source	theorem	public	NumStability.Source.Higham.Chapter10.Theorem06.RoundedCholesky.Endpoints	relocated
NumStability.Algorithms.HighamChapter10	NumStability.higham10_6_perturbed_solve_forward_error	theorem	public	NumStability.Source.Higham.Chapter10.Theorem06.RoundedCholesky.Endpoints	relocated
NumStability.Algorithms.HighamChapter10	NumStability.higham10_6_scaled_forward_error	theorem	public	NumStability.Source.Higham.Chapter10.Theorem06.RoundedCholesky.Endpoints	relocated
NumStability.Algorithms.HighamChapter10	NumStability.higham10_6_scaled_forward_error_assembled	theorem	public	NumStability.Source.Higham.Chapter10.Theorem06.RoundedCholesky.Endpoints	relocated
NumStability.Algorithms.HighamChapter10	NumStability.higham10_7_absRT_absR_opNorm2Le	theorem	public	NumStability.Source.Higham.Chapter10.Equation07.AbsoluteFactorNorm.Endpoints	relocated
NumStability.Algorithms.HighamChapter10	NumStability.higham10_7_failure_condition	theorem	public	NumStability.Source.Higham.Chapter10.Theorem07.FailureVacuity.Endpoints	relocated
NumStability.Algorithms.HighamChapter10	NumStability.higham10_7_failure_no_factorization	theorem	public	NumStability.Source.Higham.Chapter10.Theorem07.FailureVacuity.Endpoints	relocated
NumStability.Algorithms.HighamChapter10	NumStability.higham10_7_failure_no_factorization_min_eig	theorem	public	NumStability.Source.Higham.Chapter10.Theorem07.FailureVacuity.Endpoints	relocated
NumStability.Algorithms.HighamChapter10	NumStability.higham10_7_failure_no_factorization_spectral	theorem	public	NumStability.Source.Higham.Chapter10.Theorem07.FailureVacuity.Endpoints	relocated
NumStability.Algorithms.HighamChapter10	NumStability.higham10_7_fl_cholesky_success	theorem	public	NumStability.Algorithms.HighamChapter10	retained
NumStability.Algorithms.HighamChapter10	NumStability.higham10_7_fl_cholesky_success_sharp	theorem	public	NumStability.Algorithms.HighamChapter10	retained
NumStability.Algorithms.HighamChapter10	NumStability.higham10_7_normwise_backward_error	theorem	public	NumStability.Source.Higham.Chapter10.Theorem07.FailureVacuity.Endpoints	relocated
NumStability.Algorithms.HighamChapter10	NumStability.higham10_7_normwise_backward_error_selfbound	theorem	public	NumStability.Source.Higham.Chapter10.Theorem07.FailureVacuity.Endpoints	relocated
NumStability.Algorithms.HighamChapter10	NumStability.higham10_7_onesMatrix_opNorm2Le	theorem	public	NumStability.Analysis.MatrixNorms.EntrywiseAbsolute.Basic	relocated
NumStability.Algorithms.Ch10Theorem107FailureVacuity	NumStability.higham10_7_printed_failure_antecedent_impossible	theorem	public	NumStability.Source.Higham.Chapter10.Theorem07.FailureVacuity.Vacuity	relocated
NumStability.Algorithms.Ch10Theorem107FailureVacuity	NumStability.higham10_7_printed_scaled_minEigenvalue_pos	theorem	public	NumStability.Source.Higham.Chapter10.Theorem07.FailureVacuity.Vacuity	relocated
NumStability.Algorithms.Ch10Theorem107FailureVacuity	NumStability.higham10_7_scaled_matrix_spd_of_diag_congruence	theorem	public	NumStability.Source.Higham.Chapter10.Theorem07.FailureVacuity.Vacuity	relocated
NumStability.Algorithms.HighamChapter10	NumStability.higham10_7_success_condition	theorem	public	NumStability.Source.Higham.Chapter10.Theorem07.FailureVacuity.Endpoints	relocated
NumStability.Algorithms.HighamChapter10	NumStability.higham10_7_success_factorization	theorem	public	NumStability.Algorithms.HighamChapter10	retained
NumStability.Algorithms.HighamChapter10	NumStability.higham10_7_success_factorization_min_eig	theorem	public	NumStability.Algorithms.HighamChapter10	retained
NumStability.Algorithms.HighamChapter10	NumStability.higham10_7_success_factorization_spectral	theorem	public	NumStability.Algorithms.HighamChapter10	retained
NumStability.Algorithms.Ch10Theorem108Componentwise	NumStability.higham10_8_Gtilde	definition	public	NumStability.Source.Higham.Chapter10.Theorem08.ComponentwisePerturbation.Resolvent	relocated
NumStability.Algorithms.Ch10Theorem108Componentwise	NumStability.higham10_8_Gtilde_symmetric	theorem	public	NumStability.Source.Higham.Chapter10.Theorem08.ComponentwisePerturbation.Resolvent	relocated
NumStability.Algorithms.Ch10Theorem108Componentwise	NumStability.higham10_8_componentwiseEnvelope	definition	public	NumStability.Source.Higham.Chapter10.Theorem08.ComponentwisePerturbation.Resolvent	relocated
NumStability.Algorithms.Ch10Theorem108Componentwise	NumStability.higham10_8_componentwise_source	theorem	public	NumStability.Algorithms.Ch10Theorem108Componentwise	retained
NumStability.Algorithms.Ch10Theorem108Componentwise	NumStability.higham10_8_componentwise_source_nonsingInv	theorem	public	NumStability.Algorithms.Ch10Theorem108Componentwise	retained
NumStability.Algorithms.Ch10Theorem108Componentwise	NumStability.higham10_8_componentwise_source_of_normalized_certificate	theorem	public	NumStability.Algorithms.Ch10Theorem108Componentwise	retained
NumStability.Algorithms.Ch10Theorem108Source	NumStability.higham10_8_counterA	definition	public	NumStability.Source.Higham.Chapter10.Theorem08.NormwiseDiscrepancy.LiteralSource	relocated
NumStability.Algorithms.Ch10Theorem108Source	NumStability.higham10_8_counterA_inverse	theorem	public	NumStability.Source.Higham.Chapter10.Theorem08.NormwiseDiscrepancy.LiteralSource	relocated
NumStability.Algorithms.Ch10Theorem108Source	NumStability.higham10_8_counterA_isSymPosDef	theorem	public	NumStability.Source.Higham.Chapter10.Theorem08.NormwiseDiscrepancy.LiteralSource	relocated
NumStability.Algorithms.Ch10Theorem108Source	NumStability.higham10_8_counterA_opNorm2	theorem	public	NumStability.Source.Higham.Chapter10.Theorem08.NormwiseDiscrepancy.LiteralSource	relocated
NumStability.Algorithms.Ch10Theorem108Source	NumStability.higham10_8_counterAinv	definition	public	NumStability.Source.Higham.Chapter10.Theorem08.NormwiseDiscrepancy.LiteralSource	relocated
NumStability.Algorithms.Ch10Theorem108Source	NumStability.higham10_8_counterAinv_opNorm2	theorem	public	NumStability.Source.Higham.Chapter10.Theorem08.NormwiseDiscrepancy.LiteralSource	relocated
NumStability.Algorithms.Ch10Theorem108Source	NumStability.higham10_8_counterAplus	definition	public	NumStability.Source.Higham.Chapter10.Theorem08.NormwiseDiscrepancy.LiteralSource	relocated
NumStability.Algorithms.Ch10Theorem108Source	NumStability.higham10_8_counterAplus_eq	theorem	public	NumStability.Source.Higham.Chapter10.Theorem08.NormwiseDiscrepancy.LiteralSource	relocated
NumStability.Algorithms.Ch10Theorem108Source	NumStability.higham10_8_counterDeltaA	definition	public	NumStability.Source.Higham.Chapter10.Theorem08.NormwiseDiscrepancy.LiteralSource	relocated
NumStability.Algorithms.Ch10Theorem108Source	NumStability.higham10_8_counterDeltaA_frobNorm	theorem	public	NumStability.Source.Higham.Chapter10.Theorem08.NormwiseDiscrepancy.LiteralSource	relocated
NumStability.Algorithms.Ch10Theorem108Source	NumStability.higham10_8_counterDeltaA_frobNormSq	theorem	public	NumStability.Source.Higham.Chapter10.Theorem08.NormwiseDiscrepancy.LiteralSource	relocated
NumStability.Algorithms.Ch10Theorem108Source	NumStability.higham10_8_counterDeltaA_opNorm2	theorem	public	NumStability.Source.Higham.Chapter10.Theorem08.NormwiseDiscrepancy.LiteralSource	relocated
NumStability.Algorithms.Ch10Theorem108Source	NumStability.higham10_8_counterDeltaA_symmetric	theorem	public	NumStability.Source.Higham.Chapter10.Theorem08.NormwiseDiscrepancy.LiteralSource	relocated
NumStability.Algorithms.Ch10Theorem108Source	NumStability.higham10_8_counterR	definition	public	NumStability.Source.Higham.Chapter10.Theorem08.NormwiseDiscrepancy.LiteralSource	relocated
NumStability.Algorithms.Ch10Theorem108Source	NumStability.higham10_8_counterR_cholesky	theorem	public	NumStability.Source.Higham.Chapter10.Theorem08.NormwiseDiscrepancy.LiteralSource	relocated
NumStability.Algorithms.Ch10Theorem108Source	NumStability.higham10_8_counterR_opNorm2	theorem	public	NumStability.Source.Higham.Chapter10.Theorem08.NormwiseDiscrepancy.LiteralSource	relocated
NumStability.Algorithms.Ch10Theorem108Source	NumStability.higham10_8_counterRhat	definition	public	NumStability.Source.Higham.Chapter10.Theorem08.NormwiseDiscrepancy.LiteralSource	relocated
NumStability.Algorithms.Ch10Theorem108Source	NumStability.higham10_8_counterRhat_cholesky	theorem	public	NumStability.Source.Higham.Chapter10.Theorem08.NormwiseDiscrepancy.LiteralSource	relocated
NumStability.Algorithms.Ch10Theorem108Source	NumStability.higham10_8_counterRhat_unique	theorem	public	NumStability.Algorithms.Ch10Theorem108Source	retained
NumStability.Algorithms.Ch10Theorem108Source	NumStability.higham10_8_counter_kappa_mul_epsilon_gt_one	theorem	public	NumStability.Source.Higham.Chapter10.Theorem08.NormwiseDiscrepancy.LiteralSource	relocated
NumStability.Algorithms.Ch10Theorem108Source	NumStability.higham10_8_counter_product	theorem	public	NumStability.Source.Higham.Chapter10.Theorem08.NormwiseDiscrepancy.LiteralSource	relocated
NumStability.Algorithms.Ch10Theorem108Source	NumStability.higham10_8_counter_sourceEpsilon	theorem	public	NumStability.Source.Higham.Chapter10.Theorem08.NormwiseDiscrepancy.LiteralSource	relocated
NumStability.Algorithms.Ch10Theorem108Source	NumStability.higham10_8_counter_sourceKappa2	theorem	public	NumStability.Source.Higham.Chapter10.Theorem08.NormwiseDiscrepancy.LiteralSource	relocated
NumStability.Algorithms.Ch10Theorem108Source	NumStability.higham10_8_counter_sourceNormwiseRHS_neg	theorem	public	NumStability.Source.Higham.Chapter10.Theorem08.NormwiseDiscrepancy.LiteralSource	relocated
NumStability.Algorithms.Ch10Theorem108Source	NumStability.higham10_8_counter_sourceSmallness	theorem	public	NumStability.Source.Higham.Chapter10.Theorem08.NormwiseDiscrepancy.LiteralSource	relocated
NumStability.Algorithms.Ch10Theorem108Componentwise	NumStability.higham10_8_normalized_componentwise_resolvent	theorem	public	NumStability.Algorithms.Ch10Theorem108Componentwise	retained
NumStability.Algorithms.Ch10Theorem108Source	NumStability.higham10_8_printed_normwise_p2_factor_source_discrepancy	theorem	public	NumStability.Source.Higham.Chapter10.Theorem08.NormwiseDiscrepancy.LiteralSource	relocated
NumStability.Algorithms.Ch10Theorem108Source	NumStability.higham10_8_printed_normwise_p2_source_discrepancy	theorem	public	NumStability.Source.Higham.Chapter10.Theorem08.NormwiseDiscrepancy.LiteralSource	relocated
NumStability.Algorithms.Ch10Theorem108Source	NumStability.higham10_8_sourceEpsilon	definition	public	NumStability.Source.Higham.Chapter10.Theorem08.NormwiseDiscrepancy.LiteralSource	relocated
NumStability.Algorithms.Ch10Theorem108Source	NumStability.higham10_8_sourceKappa2	definition	public	NumStability.Source.Higham.Chapter10.Theorem08.NormwiseDiscrepancy.LiteralSource	relocated
NumStability.Algorithms.Ch10Theorem108Source	NumStability.higham10_8_sourceNormwiseRHS	definition	public	NumStability.Source.Higham.Chapter10.Theorem08.NormwiseDiscrepancy.LiteralSource	relocated
NumStability.Algorithms.Ch10Theorem108Source	NumStability.higham10_8_sourceNormwiseRHS_nonneg_of_domain	theorem	public	NumStability.Source.Higham.Chapter10.Theorem08.NormwiseDiscrepancy.LiteralSource	relocated
NumStability.Algorithms.Ch10Theorem108Source	NumStability.higham10_8_sourceNormwise_domain_necessary	theorem	public	NumStability.Source.Higham.Chapter10.Theorem08.NormwiseDiscrepancy.LiteralSource	relocated
NumStability.Algorithms.HighamChapter10	NumStability.higham10_8_sun_componentwise_perturbation	theorem	public	NumStability.Source.Higham.Chapter10.Theorem08.ComponentwisePerturbation.Endpoints	relocated
NumStability.Algorithms.HighamChapter10	NumStability.higham10_8_sun_normwise_perturbation	theorem	public	NumStability.Source.Higham.Chapter10.Theorem08.NormwiseDiscrepancy.Endpoints	relocated
NumStability.Algorithms.HighamChapter10	NumStability.higham10_9_PivotedCholeskySpec	definition	public	NumStability.Source.Higham.Chapter10.Section03.PositiveSemidefinite.Endpoints	relocated
NumStability.Algorithms.HighamChapter10	NumStability.higham10_9_pivotedCholeskySpec_min_rank	theorem	public	NumStability.Source.Higham.Chapter10.Section03.PositiveSemidefinite.Endpoints	relocated
NumStability.Algorithms.HighamChapter10	NumStability.higham10_9_pivoted_cholesky_unique	theorem	public	NumStability.Algorithms.HighamChapter10	retained
NumStability.Algorithms.HighamChapter10	NumStability.higham10_9_psd_cholesky_existence	theorem	public	NumStability.Algorithms.HighamChapter10	retained
NumStability.Algorithms.HighamChapter10	NumStability.higham10_9_psd_pivoted_cholesky_rank	theorem	public	NumStability.Algorithms.HighamChapter10	retained
NumStability.Algorithms.HighamChapter10	NumStability.higham10_9_psd_pivoted_cholesky_rank_unique	theorem	public	NumStability.Algorithms.HighamChapter10	retained
NumStability.Algorithms.HighamChapter10	NumStability.higham10_9_scaled_cond_bound	theorem	public	NumStability.Algorithms.HighamChapter10	retained
NumStability.Algorithms.HighamChapter10	NumStability.higham10_9_spd_pivoted_cholesky_full_rank	theorem	public	NumStability.Algorithms.HighamChapter10	retained
NumStability.Algorithms.HighamChapter10	NumStability.higham10_9_unit_diag_cond_bound	theorem	public	NumStability.Algorithms.HighamChapter10	retained
NumStability.Algorithms.HighamChapter10	NumStability.higham10_9_vanDerSluisScalingBound	definition	public	NumStability.Source.Higham.Chapter10.Section03.PositiveSemidefinite.Endpoints	relocated
NumStability.Algorithms.HighamChapter10	NumStability.higham10_9_van_der_sluis	theorem	public	NumStability.Algorithms.HighamChapter10	retained
NumStability.Algorithms.Ch10PivotedPSDSourceClosure	NumStability.higham10_completePivotedPSD_executor_backward_equation	theorem	public	NumStability.Source.Higham.Chapter10.Theorem14.CompletePivotedPSD.ActualRun	relocated
NumStability.Algorithms.Cholesky.HighamMathiasSource	NumStability.higham10_mathiasFirstRankAbs	definition	public	NumStability.Source.Higham.Chapter10.Equation29.Mathias.SourceIngredients	relocated
NumStability.Algorithms.Cholesky.HighamMathiasSource	NumStability.higham10_mathiasFirstSchurError	definition	public	NumStability.Source.Higham.Chapter10.Equation29.Mathias.SourceIngredients	relocated
NumStability.Algorithms.Cholesky.HighamMathiasSource	NumStability.higham10_mathiasFirstTail	definition	public	NumStability.Source.Higham.Chapter10.Equation29.Mathias.SourceIngredients	relocated
NumStability.Algorithms.Cholesky.HighamMathiasFirstBreakdown	NumStability.higham10_mathiasLeadingBlock	definition	public	NumStability.Source.Higham.Chapter10.Equation29.Mathias.FirstBreakdown	relocated
NumStability.Algorithms.Cholesky.HighamMathiasSource	NumStability.higham10_mathias_child_source_scalar	theorem	public	NumStability.Source.Higham.Chapter10.Equation29.Mathias.SourceIngredients	relocated
NumStability.Algorithms.Cholesky.HighamMathiasSource	NumStability.higham10_mathias_child_source_scalar_seven	theorem	public	NumStability.Source.Higham.Chapter10.Equation29.Mathias.SourceIngredients	relocated
NumStability.Algorithms.Cholesky.HighamMathiasSource	NumStability.higham10_mathias_f	definition	public	NumStability.Source.Higham.Chapter10.Equation29.Mathias.SourceIngredients	relocated
NumStability.Algorithms.Cholesky.HighamMathiasSource	NumStability.higham10_mathias_f_finitePSD	theorem	public	NumStability.Source.Higham.Chapter10.Equation29.Mathias.SourceIngredients	relocated
NumStability.Algorithms.Cholesky.HighamMathiasSource	NumStability.higham10_mathias_firstRank_frob_le_opNorm2_f	theorem	public	NumStability.Source.Higham.Chapter10.Equation29.Mathias.SourceIngredients	relocated
NumStability.Algorithms.Cholesky.HighamMathiasSource	NumStability.higham10_mathias_firstRoundedSchur_sourceCondition_exists	theorem	public	NumStability.Algorithms.Cholesky.HighamMathiasSource	retained
NumStability.Algorithms.Cholesky.HighamMathiasSource	NumStability.higham10_mathias_firstSchurError_entry_le	theorem	public	NumStability.Source.Higham.Chapter10.Equation29.Mathias.SourceIngredients	relocated
NumStability.Algorithms.Cholesky.HighamMathiasSource	NumStability.higham10_mathias_firstSchurError_frob_le_four	theorem	public	NumStability.Source.Higham.Chapter10.Equation29.Mathias.SourceIngredients	relocated
NumStability.Algorithms.Cholesky.HighamMathiasSource	NumStability.higham10_mathias_firstSchurError_frob_le_four_of_sourceCondition	theorem	public	NumStability.Source.Higham.Chapter10.Equation29.Mathias.SourceIngredients	relocated
NumStability.Algorithms.Cholesky.HighamMathiasSource	NumStability.higham10_mathias_firstSchurError_frob_le_split	theorem	public	NumStability.Source.Higham.Chapter10.Equation29.Mathias.SourceIngredients	relocated
NumStability.Algorithms.Cholesky.HighamMathiasSource	NumStability.higham10_mathias_firstTail_frob_le_sqrt_mul_opNorm2_f	theorem	public	NumStability.Source.Higham.Chapter10.Equation29.Mathias.SourceIngredients	relocated
NumStability.Algorithms.Cholesky.HighamMathiasFirstBreakdown	NumStability.higham10_mathias_first_zero_pivot_has_singular_leading_perturbation	theorem	public	NumStability.Source.Higham.Chapter10.Equation29.Mathias.FirstBreakdown	relocated
NumStability.Algorithms.Cholesky.HighamMathiasSource	NumStability.higham10_mathias_flSchurPivotsPositive	definition	public	NumStability.Source.Higham.Chapter10.Equation29.Mathias.SourceIngredients	relocated
NumStability.Algorithms.Cholesky.HighamMathiasSource	NumStability.higham10_mathias_flSchur_runsToCompletion	theorem	public	NumStability.Algorithms.Cholesky.HighamMathiasSource	retained
NumStability.Algorithms.Cholesky.HighamMathiasSource	NumStability.higham10_mathias_gamma_three_le_three_u_sqrt	theorem	public	NumStability.Source.Higham.Chapter10.Equation29.Mathias.SourceIngredients	relocated
NumStability.Algorithms.Cholesky.HighamMathiasSource	NumStability.higham10_mathias_gamma_three_le_twentyFour_sevenths	theorem	public	NumStability.Source.Higham.Chapter10.Equation29.Mathias.SourceIngredients	relocated
NumStability.Algorithms.Cholesky.HighamMathiasSource	NumStability.higham10_mathias_gram_eq_f	theorem	public	NumStability.Source.Higham.Chapter10.Equation29.Mathias.SourceIngredients	relocated
NumStability.Algorithms.Cholesky.HighamMathiasSource	NumStability.higham10_mathias_kappaH	definition	public	NumStability.Source.Higham.Chapter10.Equation29.Mathias.SourceIngredients	relocated
NumStability.Algorithms.Cholesky.HighamMathiasSource	NumStability.higham10_mathias_kappaH_nonneg	theorem	public	NumStability.Source.Higham.Chapter10.Equation29.Mathias.SourceIngredients	relocated
NumStability.Algorithms.Cholesky.HighamMathiasSource	NumStability.higham10_mathias_luSchur_kappaH_le	theorem	public	NumStability.Algorithms.Cholesky.HighamMathiasSource	retained
NumStability.Algorithms.Cholesky.HighamMathiasSource	NumStability.higham10_mathias_luSchur_symPartInv_opNorm2_le	theorem	public	NumStability.Algorithms.Cholesky.HighamMathiasSource	retained
NumStability.Algorithms.HighamChapter10	NumStability.higham10_mathias_lu_success	theorem	public	NumStability.Source.Higham.Chapter10.Equation29.Mathias.Endpoints	relocated
NumStability.Algorithms.Cholesky.HighamMathiasSource	NumStability.higham10_mathias_nThreeHalves	definition	public	NumStability.Source.Higham.Chapter10.Equation29.Mathias.SourceIngredients	relocated
NumStability.Algorithms.Cholesky.HighamMathiasSource	NumStability.higham10_mathias_one_le_kappaH	theorem	public	NumStability.Source.Higham.Chapter10.Equation29.Mathias.SourceIngredients	relocated
NumStability.Algorithms.Cholesky.HighamMathiasSource	NumStability.higham10_mathias_one_le_nThreeHalves	theorem	public	NumStability.Source.Higham.Chapter10.Equation29.Mathias.SourceIngredients	relocated
NumStability.Algorithms.Cholesky.HighamMathiasSource	NumStability.higham10_mathias_opNorm2_f_eq_finiteMaxEigenvalue	theorem	public	NumStability.Source.Higham.Chapter10.Equation29.Mathias.SourceIngredients	relocated
NumStability.Algorithms.Cholesky.HighamMathiasSource	NumStability.higham10_mathias_opNorm2_le_opNorm2_f	theorem	public	NumStability.Source.Higham.Chapter10.Equation29.Mathias.SourceIngredients	relocated
NumStability.Algorithms.Cholesky.HighamMathiasSource	NumStability.higham10_mathias_opNorm2_symPart_le_f	theorem	public	NumStability.Source.Higham.Chapter10.Equation29.Mathias.SourceIngredients	relocated
NumStability.Algorithms.Cholesky.HighamMathiasSource	NumStability.higham10_mathias_perturbedSymPart_relative_lower	theorem	public	NumStability.Source.Higham.Chapter10.Equation29.Mathias.SourceIngredients	relocated
NumStability.Algorithms.Cholesky.HighamMathiasSource	NumStability.higham10_mathias_perturbed_f_opNorm2_le_seven	theorem	public	NumStability.Source.Higham.Chapter10.Equation29.Mathias.SourceIngredients	relocated
NumStability.Algorithms.Cholesky.HighamMathiasSource	NumStability.higham10_mathias_perturbed_isNonsymPosDef	theorem	public	NumStability.Source.Higham.Chapter10.Equation29.Mathias.SourceIngredients	relocated
NumStability.Algorithms.Cholesky.HighamMathiasSource	NumStability.higham10_mathias_perturbed_kappaH_exists	theorem	public	NumStability.Source.Higham.Chapter10.Equation29.Mathias.SourceIngredients	relocated
NumStability.Algorithms.Cholesky.HighamMathiasSource	NumStability.higham10_mathias_perturbed_symPart_inverse_exists_relative	theorem	public	NumStability.Source.Higham.Chapter10.Equation29.Mathias.SourceIngredients	relocated
NumStability.Algorithms.Cholesky.HighamMathiasFirstBreakdown	NumStability.higham10_mathias_roundedLoop_leadingBlock_source_backward_error	theorem	public	NumStability.Source.Higham.Chapter10.Equation29.Mathias.FirstBreakdown	relocated
NumStability.Algorithms.Cholesky.HighamMathiasSource	NumStability.higham10_mathias_sourceCondition	definition	public	NumStability.Source.Higham.Chapter10.Equation29.Mathias.SourceIngredients	relocated
NumStability.Algorithms.Cholesky.HighamMathiasSource	NumStability.higham10_mathias_sourceCondition_u_le_one_div_twentyFour	theorem	public	NumStability.Source.Higham.Chapter10.Equation29.Mathias.SourceIngredients	relocated
NumStability.Algorithms.Cholesky.HighamMathiasSource	NumStability.higham10_mathias_symPartInv_finitePSD	theorem	public	NumStability.Source.Higham.Chapter10.Equation29.Mathias.SourceIngredients	relocated
NumStability.Algorithms.Cholesky.HighamMathiasSource	NumStability.higham10_mathias_symPart_finiteLoewnerLe_f	theorem	public	NumStability.Source.Higham.Chapter10.Equation29.Mathias.SourceIngredients	relocated
NumStability.Algorithms.Cholesky.HighamMathiasSource	NumStability.higham10_mathias_symPart_finitePSD	theorem	public	NumStability.Source.Higham.Chapter10.Equation29.Mathias.SourceIngredients	relocated
NumStability.Algorithms.Cholesky.HighamMathiasSource	NumStability.higham10_mathias_symmetricPart_opNorm2Le	theorem	public	NumStability.Source.Higham.Chapter10.Equation29.Mathias.SourceIngredients	relocated
NumStability.Algorithms.Cholesky.Higham10Problem10_3	NumStability.higham10_problem10_3_anyOrder_sqrt	theorem	public	NumStability.Source.Higham.Chapter10.Problem03.ArbitraryEvaluationOrder.Basic	relocated
NumStability.Algorithms.HighamChapter10	NumStability.higham10_problem_10_1_abs_entry_le_largest_diag	theorem	public	NumStability.Source.Higham.Chapter10.Problem01.PositiveSemidefiniteEntries.Basic	relocated
NumStability.Algorithms.HighamChapter10	NumStability.higham10_problem_10_1_abs_offdiag_lt_sqrt_diag_mul	theorem	public	NumStability.Source.Higham.Chapter10.Problem01.PositiveSemidefiniteEntries.Basic	relocated
NumStability.Algorithms.HighamChapter10	NumStability.higham10_problem_10_1_maxEntryNorm_eq_largest_diag	theorem	public	NumStability.Source.Higham.Chapter10.Problem01.PositiveSemidefiniteEntries.Basic	relocated
NumStability.Algorithms.HighamChapter10	NumStability.higham10_problem_10_1_two_by_two_minor_pos	theorem	public	NumStability.Source.Higham.Chapter10.Problem01.PositiveSemidefiniteEntries.Basic	relocated
NumStability.Algorithms.HighamChapter10	NumStability.higham10_problem_10_4_first_ge_entry_abs_le_initial_max	theorem	public	NumStability.Algorithms.HighamChapter10	retained
NumStability.Algorithms.HighamChapter10	NumStability.higham10_problem_10_4_first_ge_maxEntryNorm_le	theorem	public	NumStability.Algorithms.HighamChapter10	retained
NumStability.Algorithms.HighamChapter10	NumStability.higham10_problem_10_4_first_ge_reduced_submatrix_spd	theorem	public	NumStability.Algorithms.HighamChapter10	retained
NumStability.Algorithms.HighamChapter10	NumStability.higham10_problem_10_4_unpivotedGEGrowthBounded	definition	public	NumStability.Source.Higham.Chapter10.Problem04.UnpivotedGrowth.Basic	relocated
NumStability.Algorithms.HighamChapter10	NumStability.higham10_problem_10_4_unpivoted_ge_positive_pivots_and_growth	theorem	public	NumStability.Algorithms.HighamChapter10	retained
NumStability.Algorithms.HighamChapter10	NumStability.higham10_problem_10_8_counterexample	definition	public	NumStability.Source.Higham.Chapter10.Problem08.LeadingMinorsCounterexample.Basic	relocated
NumStability.Algorithms.HighamChapter10	NumStability.higham10_problem_10_8_counterexample_not_psd	theorem	public	NumStability.Source.Higham.Chapter10.Problem08.LeadingMinorsCounterexample.Basic	relocated
NumStability.Algorithms.HighamChapter10	NumStability.higham10_problem_10_8_counterexample_symmetric	theorem	public	NumStability.Source.Higham.Chapter10.Problem08.LeadingMinorsCounterexample.Basic	relocated
NumStability.Algorithms.HighamChapter10	NumStability.higham10_problem_10_8_leading_minors_nonnegative	theorem	public	NumStability.Source.Higham.Chapter10.Problem08.LeadingMinorsCounterexample.Basic	relocated
NumStability.Algorithms.HighamChapter10	NumStability.higham10_spd_diag_pos	theorem	public	NumStability.Source.Higham.Chapter10.Problem01.PositiveSemidefiniteEntries.Basic	relocated
NumStability.Algorithms.Cholesky.CholeskyIndefinite	NumStability.instDecidableEqBunchKaufmanCase	definition	public	NumStability.Algorithms.LinearSystems.SymmetricIndefinite.ErrorAnalysis.BlockLDLT	relocated
NumStability.Algorithms.Cholesky.CholeskyIndefinite	NumStability.instDecidableEqPivotSize	definition	public	NumStability.Algorithms.LinearSystems.SymmetricIndefinite.ErrorAnalysis.BlockLDLT	relocated
NumStability.Algorithms.Cholesky.CholeskyIndefinite	NumStability.instReprBunchKaufmanCase	definition	public	NumStability.Algorithms.LinearSystems.SymmetricIndefinite.ErrorAnalysis.BlockLDLT	relocated
NumStability.Algorithms.Cholesky.CholeskyIndefinite	NumStability.instReprBunchKaufmanCase.repr	definition	public	NumStability.Algorithms.LinearSystems.SymmetricIndefinite.ErrorAnalysis.BlockLDLT	relocated
NumStability.Algorithms.Cholesky.CholeskyIndefinite	NumStability.instReprPivotSize	definition	public	NumStability.Algorithms.LinearSystems.SymmetricIndefinite.ErrorAnalysis.BlockLDLT	relocated
NumStability.Algorithms.Cholesky.CholeskyIndefinite	NumStability.instReprPivotSize.repr	definition	public	NumStability.Algorithms.LinearSystems.SymmetricIndefinite.ErrorAnalysis.BlockLDLT	relocated
NumStability.Algorithms.Cholesky.CholeskyPSD	NumStability.isPosSemiDef_diag_nonneg	theorem	public	NumStability.Source.Higham.Chapter10.Section03.PositiveSemidefinite.SchurComplement	relocated
NumStability.Algorithms.Cholesky.CholeskyPSD	NumStability.isPosSemiDef_perm	theorem	public	NumStability.Algorithms.LinearSystems.Cholesky.PositiveSemidefinite.Basic	relocated
NumStability.Algorithms.HighamChapter10	NumStability.isPosSemiDef_trailing_block	theorem	public	NumStability.Algorithms.LinearSystems.Cholesky.ErrorAnalysis.Certificates	relocated
NumStability.Algorithms.Cholesky.CholeskyDemmel	NumStability.isSymPosDef_diagCongr	theorem	public	NumStability.Algorithms.LinearSystems.Cholesky.ErrorAnalysis.Demmel	relocated
NumStability.Algorithms.Cholesky.CholeskyPSD	NumStability.isSymPosDef_imp_isPosSemiDef	theorem	public	NumStability.Algorithms.LinearSystems.Cholesky.PositiveSemidefinite.Basic	relocated
NumStability.Algorithms.HighamChapter10	NumStability.kahanR	definition	public	NumStability.Algorithms.LinearSystems.Cholesky.PositiveSemidefinite.KahanMatrix	relocated
NumStability.Algorithms.Ch10KahanSharpness	NumStability.kahanR_above	theorem	public	NumStability.Source.Higham.Chapter10.Lemma13.KahanSharpness.Limit	relocated
NumStability.Algorithms.Ch10KahanSharpness	NumStability.kahanR_below	theorem	public	NumStability.Source.Higham.Chapter10.Lemma13.KahanSharpness.Limit	relocated
NumStability.Algorithms.Ch10KahanSharpness	NumStability.kahanR_succ_castSucc_castSucc	theorem	public	NumStability.Source.Higham.Chapter10.Lemma13.KahanSharpness.Limit	relocated
NumStability.Algorithms.HighamChapter10	NumStability.kahanR_tail_eq	theorem	public	NumStability.Algorithms.HighamChapter10	retained
NumStability.Algorithms.HighamChapter10	NumStability.le_finiteMaxEigenvalue	theorem	public	NumStability.Analysis.MatrixNorms.SpectralExtrema.Basic	relocated
NumStability.Algorithms.HighamChapter10	NumStability.matMulVec_neg	theorem	public	NumStability.Analysis.MatrixNorms.EntrywiseAbsolute.Basic	relocated
NumStability.Algorithms.HighamChapter10	NumStability.matMul_leftInverse_eq_rightInverse	theorem	public	NumStability.Analysis.MatrixNorms.EntrywiseAbsolute.Basic	relocated
NumStability.Algorithms.Cholesky.CholeskyPerturbation	NumStability.matMul_upper_upper	theorem	public	NumStability.Algorithms.LinearSystems.Cholesky.Perturbation.Basic	relocated
NumStability.Algorithms.Cholesky.CholeskyNonsym	NumStability.mathias_lu_success	theorem	public	NumStability.Algorithms.LinearSystems.LU.NonsymmetricPositiveDefinite.Basic	relocated
NumStability.Algorithms.HighamChapter10	NumStability.maxEigenvalue_gram_le_sq_of_opNorm2Le	theorem	public	NumStability.Analysis.MatrixNorms.SpectralExtrema.Basic	relocated
NumStability.Algorithms.HighamChapter10	NumStability.min_eig_scaled_bordered_floor	theorem	public	NumStability.Algorithms.HighamChapter10	retained
NumStability.Algorithms.Cholesky.CholeskyIndefinite	NumStability.ne_tridiagonalTwoByTwoFirstTrailingIndex_of_val_lt_two	theorem	public	NumStability.Algorithms.LinearSystems.SymmetricIndefinite.Pivoting.Tridiagonal	relocated
NumStability.Algorithms.Cholesky.CholeskyDemmel	NumStability.no_choleskyFactSpec_of_neg_quadForm	theorem	public	NumStability.Algorithms.LinearSystems.Cholesky.ErrorAnalysis.Demmel	relocated
NumStability.Algorithms.Cholesky.CholeskySpec	NumStability.nonneg_cholesky_absRTR_eq	theorem	public	NumStability.Algorithms.LinearSystems.Cholesky.Factorization.Spec	relocated
NumStability.Algorithms.Cholesky.CholeskySpec	NumStability.nonneg_cholesky_absRTR_eq_absProduct	theorem	public	NumStability.Algorithms.LinearSystems.Cholesky.Factorization.Spec	relocated
NumStability.Algorithms.Cholesky.CholeskyNonsym	NumStability.nonsymPDGEPivotsPos	definition	public	NumStability.Algorithms.LinearSystems.LU.NonsymmetricPositiveDefinite.Basic	relocated
NumStability.Algorithms.Cholesky.CholeskyNonsym	NumStability.nonsymPosDef_diag_pos	theorem	public	NumStability.Algorithms.LinearSystems.LU.NonsymmetricPositiveDefinite.Basic	relocated
NumStability.Algorithms.Cholesky.CholeskyNonsym	NumStability.nonsymPosDef_iff_symPartSPD	theorem	public	NumStability.Algorithms.LinearSystems.LU.NonsymmetricPositiveDefinite.Basic	relocated
NumStability.Algorithms.Cholesky.CholeskyNonsym	NumStability.nonsymPosDef_leading_principal	theorem	public	NumStability.Algorithms.Cholesky.CholeskyNonsym	retained
NumStability.Algorithms.Cholesky.CholeskyNonsym	NumStability.nonsymPosDef_mulVec_ne_zero	theorem	public	NumStability.Algorithms.LinearSystems.LU.NonsymmetricPositiveDefinite.Basic	relocated
NumStability.Algorithms.Cholesky.CholeskyNonsym	NumStability.nonsym_pd_first_ge_schur	theorem	public	NumStability.Algorithms.LinearSystems.LU.NonsymmetricPositiveDefinite.Basic	relocated
NumStability.Algorithms.Cholesky.CholeskyNonsym	NumStability.nonsym_pd_lu_growth_bound	theorem	public	NumStability.Algorithms.LinearSystems.LU.NonsymmetricPositiveDefinite.Basic	relocated
NumStability.Algorithms.Cholesky.CholeskyNonsym	NumStability.nonsym_pd_unpivoted_ge_positive_pivots	theorem	public	NumStability.Algorithms.LinearSystems.LU.NonsymmetricPositiveDefinite.Basic	relocated
NumStability.Algorithms.Cholesky.CholeskyPSD	NumStability.normalized_solve_growth	theorem	public	NumStability.Source.Higham.Chapter10.Section03.PositiveSemidefinite.WNormBound	relocated
NumStability.Algorithms.Cholesky.CholeskyFl	NumStability.normwise_stage_endgame	theorem	public	NumStability.Algorithms.LinearSystems.Cholesky.RoundedFactorization.Basic	relocated
NumStability.Algorithms.Cholesky.CholeskyIndefinite	NumStability.not_exists_tridiagonalTwoByTwoTrailingSubproblemIndex_of_val_lt_two	theorem	public	NumStability.Algorithms.LinearSystems.SymmetricIndefinite.Pivoting.Tridiagonal	relocated
NumStability.Algorithms.Cholesky.CholeskyIndefinite	NumStability.oneByOne_multiplier_bound	theorem	public	NumStability.Algorithms.LinearSystems.SymmetricIndefinite.Pivoting.Basic	relocated
NumStability.Algorithms.Cholesky.CholeskyIndefinite	NumStability.oneByOne_schur_growth	theorem	public	NumStability.Algorithms.LinearSystems.SymmetricIndefinite.Pivoting.Basic	relocated
NumStability.Algorithms.Cholesky.CholeskyIndefinite	NumStability.oneByOne_step_factorization	theorem	public	NumStability.Algorithms.LinearSystems.SymmetricIndefinite.ErrorAnalysis.BlockLDLTStep	relocated
NumStability.Algorithms.Cholesky.HighamMathiasSource	NumStability.one_le_opNorm2_mul_opNorm2_of_isRightInverse	theorem	public	NumStability.Source.Higham.Chapter10.Equation29.Mathias.SourceIngredients	relocated
NumStability.Algorithms.HighamChapter10	NumStability.opNorm2Le_abs_of_opNorm2Le	theorem	public	NumStability.Analysis.MatrixNorms.EntrywiseAbsolute.Basic	relocated
NumStability.Algorithms.HighamChapter10	NumStability.opNorm2Le_abs_transpose_of_opNorm2Le	theorem	public	NumStability.Analysis.MatrixNorms.EntrywiseAbsolute.Basic	relocated
NumStability.Algorithms.HighamChapter10	NumStability.opNorm2Le_add	theorem	public	NumStability.Analysis.MatrixNorms.EntrywiseAbsolute.Basic	relocated
NumStability.Algorithms.HighamChapter10	NumStability.opNorm2Le_matMul	theorem	public	NumStability.Analysis.MatrixNorms.EntrywiseAbsolute.Basic	relocated
NumStability.Algorithms.HighamChapter10	NumStability.opNorm2Le_of_abs_le	theorem	public	NumStability.Analysis.MatrixNorms.EntrywiseAbsolute.Basic	relocated
NumStability.Algorithms.Ch10PivotedPSDSourceClosure	NumStability.opNorm2Le_of_uniform_abs	theorem	public	NumStability.Source.Higham.Chapter10.Theorem14.CompletePivotedPSD.ActualRun	relocated
NumStability.Algorithms.HighamChapter10	NumStability.opNorm2Le_smul	theorem	public	NumStability.Analysis.MatrixNorms.EntrywiseAbsolute.Basic	relocated
NumStability.Algorithms.HighamChapter10	NumStability.opNorm2Le_sqrt_maxEigenvalue_gram	theorem	public	NumStability.Analysis.MatrixNorms.SpectralExtrema.Basic	relocated
NumStability.Algorithms.Cholesky.HighamMathiasSource	NumStability.opNorm2_eq_finiteMaxEigenvalue_of_finitePSD	theorem	public	NumStability.Source.Higham.Chapter10.Equation29.Mathias.SourceIngredients	relocated
NumStability.Algorithms.Cholesky.CholeskyPerturbation	NumStability.pivot_product_le_sqrt	theorem	public	NumStability.Algorithms.LinearSystems.Cholesky.Perturbation.Basic	relocated
NumStability.Algorithms.Cholesky.CholeskyPSD	NumStability.pivoted_leading_block_isUnit_det	theorem	public	NumStability.Source.Higham.Chapter10.Section03.PositiveSemidefinite.Existence	relocated
NumStability.Algorithms.Cholesky.CholeskyPSD	NumStability.pivoted_spec_column_split	theorem	public	NumStability.Source.Higham.Chapter10.Section03.PositiveSemidefinite.Existence	relocated
NumStability.Algorithms.Cholesky.CholeskyPSD	NumStability.pivoted_spec_diag_nonneg	theorem	public	NumStability.Source.Higham.Chapter10.Section03.PositiveSemidefinite.Existence	relocated
NumStability.Algorithms.Cholesky.CholeskyPSD	NumStability.pivoted_spec_head_sq	theorem	public	NumStability.Source.Higham.Chapter10.Section03.PositiveSemidefinite.Existence	relocated
NumStability.Algorithms.Cholesky.CholeskyPSD	NumStability.pivoted_spec_rank_R	theorem	public	NumStability.Source.Higham.Chapter10.Section03.PositiveSemidefinite.Existence	relocated
NumStability.Algorithms.Cholesky.CholeskyPSD	NumStability.pivoted_spec_rank_eq	theorem	public	NumStability.Source.Higham.Chapter10.Section03.PositiveSemidefinite.Existence	relocated
NumStability.Algorithms.Cholesky.CholeskyPSD	NumStability.pivoted_spec_rank_eq_r	theorem	public	NumStability.Source.Higham.Chapter10.Section03.PositiveSemidefinite.Existence	relocated
NumStability.Algorithms.Cholesky.CholeskyPSD	NumStability.psd_abs_entry_le_maxdiag	theorem	public	NumStability.Algorithms.Cholesky.CholeskyPSD	retained
NumStability.Algorithms.Cholesky.CholeskyPSD	NumStability.psd_abs_entry_le_sqrt_diag	theorem	public	NumStability.Algorithms.Cholesky.CholeskyPSD	retained
NumStability.Algorithms.Cholesky.CholeskyPSD	NumStability.psd_all_diag_zero	theorem	public	NumStability.Algorithms.Cholesky.CholeskyPSD	retained
NumStability.Algorithms.Cholesky.CholeskyPSD	NumStability.psd_cholesky_backward_error	theorem	public	NumStability.Source.Higham.Chapter10.Theorem14.CompletePivotedPSD.PsdErrorAnalysis	relocated
NumStability.Algorithms.Cholesky.CholeskyPSD	NumStability.psd_cholesky_existence	theorem	public	NumStability.Algorithms.Cholesky.CholeskyPSD	retained
NumStability.Algorithms.Cholesky.CholeskyPSD	NumStability.psd_cholesky_termination_bound	theorem	public	NumStability.Source.Higham.Chapter10.Section03.PositiveSemidefinite.Termination	relocated
NumStability.Algorithms.Cholesky.CholeskyPSD	NumStability.psd_pivot_selection	theorem	public	NumStability.Algorithms.LinearSystems.Cholesky.PositiveSemidefinite.Basic	relocated
NumStability.Algorithms.Cholesky.CholeskyPSD	NumStability.psd_pivoted_cholesky_exists	theorem	public	NumStability.Algorithms.Cholesky.CholeskyPSD	retained
NumStability.Algorithms.Cholesky.CholeskyPSD	NumStability.psd_pivoted_cholesky_exists_cp	theorem	public	NumStability.Algorithms.Cholesky.CholeskyPSD	retained
NumStability.Algorithms.Cholesky.CholeskyPSD	NumStability.psd_pivoted_cholesky_exists_tail	theorem	public	NumStability.Algorithms.Cholesky.CholeskyPSD	retained
NumStability.Algorithms.Cholesky.CholeskyPSD	NumStability.psd_quadForm_le_card_maxdiag	theorem	public	NumStability.Algorithms.Cholesky.CholeskyPSD	retained
NumStability.Algorithms.Cholesky.CholeskyPSD	NumStability.psd_quadForm_le_trace	theorem	public	NumStability.Algorithms.Cholesky.CholeskyPSD	retained
NumStability.Algorithms.HighamChapter10	NumStability.quadForm_abs_le_of_entrywise_le	theorem	public	NumStability.Analysis.MatrixNorms.EntrywiseAbsolute.Basic	relocated
NumStability.Algorithms.HighamChapter10	NumStability.quadForm_abs_le_of_opNorm2Le	theorem	public	NumStability.Analysis.MatrixNorms.EntrywiseAbsolute.Basic	relocated
NumStability.Algorithms.Cholesky.CholeskyDemmel	NumStability.quadForm_add_neg_of_perturbation	theorem	public	NumStability.Algorithms.LinearSystems.Cholesky.ErrorAnalysis.Demmel	relocated
NumStability.Algorithms.Cholesky.CholeskyDemmel	NumStability.quadForm_add_pos_of_perturbation	theorem	public	NumStability.Algorithms.LinearSystems.Cholesky.ErrorAnalysis.Demmel	relocated
NumStability.Algorithms.HighamChapter10	NumStability.quadForm_append_split	theorem	public	NumStability.Analysis.MatrixNorms.EntrywiseAbsolute.Basic	relocated
NumStability.Algorithms.Cholesky.CholeskyPerturbation	NumStability.quadForm_bilinear_cauchy_schwarz	theorem	public	NumStability.Algorithms.LinearSystems.Cholesky.Perturbation.Basic	relocated
NumStability.Algorithms.HighamChapter10	NumStability.quadForm_cert_of_entrywise	theorem	public	NumStability.Analysis.MatrixNorms.EntrywiseAbsolute.Basic	relocated
NumStability.Algorithms.Cholesky.CholeskyPerturbation	NumStability.quadForm_gram_conj	theorem	public	NumStability.Algorithms.LinearSystems.Cholesky.Perturbation.Basic	relocated
NumStability.Algorithms.Cholesky.CholeskyNonsym	NumStability.quadForm_zero_pad_eq	theorem	public	NumStability.Algorithms.Cholesky.CholeskyNonsym	retained
NumStability.Algorithms.Cholesky.CholeskyPerturbation	NumStability.rankOne_update_auxiliary_le	theorem	public	NumStability.Algorithms.LinearSystems.Cholesky.Perturbation.Basic	relocated
NumStability.Algorithms.Cholesky.CholeskyPerturbation	NumStability.rankOne_update_quadForm_eq	theorem	public	NumStability.Algorithms.LinearSystems.Cholesky.Perturbation.Basic	relocated
NumStability.Algorithms.Cholesky.CholeskyPSD	NumStability.resolvent_entry_cap	theorem	public	NumStability.Source.Higham.Chapter10.Section03.PositiveSemidefinite.SchurComplement	relocated
NumStability.Algorithms.HighamChapter10	NumStability.scaled_border_mass_normwise	theorem	public	NumStability.Algorithms.LinearSystems.Cholesky.PositiveSemidefinite.ScaledStage	relocated
NumStability.Algorithms.HighamChapter10	NumStability.scaled_interior_mass_normwise	theorem	public	NumStability.Algorithms.LinearSystems.Cholesky.PositiveSemidefinite.ScaledStage	relocated
NumStability.Algorithms.HighamChapter10	NumStability.scaled_interior_mass_normwise_quad	theorem	public	NumStability.Algorithms.LinearSystems.Cholesky.PositiveSemidefinite.ScaledStage	relocated
NumStability.Algorithms.HighamChapter10	NumStability.scaled_matrix_isPosSemiDef	theorem	public	NumStability.Algorithms.LinearSystems.Cholesky.PositiveSemidefinite.ScaledStage	relocated
NumStability.Algorithms.HighamChapter10	NumStability.scaled_matrix_unit_diag	theorem	public	NumStability.Algorithms.LinearSystems.Cholesky.PositiveSemidefinite.ScaledStage	relocated
NumStability.Algorithms.HighamChapter10	NumStability.scaled_opNorm2Le_of_factor_bound	theorem	public	NumStability.Algorithms.LinearSystems.Cholesky.ErrorAnalysis.Certificates	relocated
NumStability.Algorithms.Cholesky.CholeskyIndefinite	NumStability.schurCompl	definition	public	NumStability.Algorithms.LinearSystems.SymmetricIndefinite.ErrorAnalysis.BlockLDLTStep	relocated
NumStability.Algorithms.Cholesky.CholeskyIndefinite	NumStability.schurCompl_symm	theorem	public	NumStability.Algorithms.LinearSystems.SymmetricIndefinite.ErrorAnalysis.BlockLDLTStep	relocated
NumStability.Algorithms.Cholesky.CholeskyPSD	NumStability.schurComplement	definition	public	NumStability.Source.Higham.Chapter10.Section03.PositiveSemidefinite.SchurComplement	relocated
NumStability.Algorithms.Cholesky.CholeskyPSD	NumStability.schurRow	definition	public	NumStability.Source.Higham.Chapter10.Section03.PositiveSemidefinite.SchurComplement	relocated
NumStability.Algorithms.Cholesky.CholeskyPSD	NumStability.schurStep	definition	public	NumStability.Source.Higham.Chapter10.Section03.PositiveSemidefinite.SchurComplement	relocated
NumStability.Algorithms.Cholesky.CholeskyPSD	NumStability.schurStep_decompose	theorem	public	NumStability.Source.Higham.Chapter10.Section03.PositiveSemidefinite.SchurComplement	relocated
NumStability.Algorithms.Cholesky.CholeskyPSD	NumStability.schurStep_entrywise_perturbation	theorem	public	NumStability.Source.Higham.Chapter10.Section03.PositiveSemidefinite.SchurComplement	relocated
NumStability.Algorithms.Cholesky.CholeskyPSD	NumStability.schurStep_isPosSemiDef	theorem	public	NumStability.Source.Higham.Chapter10.Section03.PositiveSemidefinite.SchurComplement	relocated
NumStability.Algorithms.Cholesky.CholeskyPSD	NumStability.schurStep_symm	theorem	public	NumStability.Source.Higham.Chapter10.Section03.PositiveSemidefinite.SchurComplement	relocated
NumStability.Algorithms.Cholesky.CholeskyPSD	NumStability.schur_diag_le_pivot	theorem	public	NumStability.Source.Higham.Chapter10.Section03.PositiveSemidefinite.Existence	relocated
NumStability.Algorithms.Cholesky.CholeskyPSD	NumStability.schur_first_order_entrywise_bound	theorem	public	NumStability.Source.Higham.Chapter10.Section03.PositiveSemidefinite.SchurComplement	relocated
NumStability.Algorithms.Cholesky.CholeskyPerturbation	NumStability.schur_gram_stage_le	theorem	public	NumStability.Algorithms.LinearSystems.Cholesky.Perturbation.Basic	relocated
NumStability.Algorithms.Cholesky.CholeskyPSD	NumStability.schur_perturbation_exact	theorem	public	NumStability.Source.Higham.Chapter10.Section03.PositiveSemidefinite.SchurComplement	relocated
NumStability.Algorithms.Cholesky.CholeskyPSD	NumStability.schur_perturbation_remainder_bound	theorem	public	NumStability.Source.Higham.Chapter10.Section03.PositiveSemidefinite.SchurComplement	relocated
NumStability.Algorithms.Cholesky.CholeskyPSD	NumStability.schur_perturbation_split	theorem	public	NumStability.Source.Higham.Chapter10.Section03.PositiveSemidefinite.SchurComplement	relocated
NumStability.Algorithms.Cholesky.CholeskyPSD	NumStability.schur_psd	theorem	public	NumStability.Source.Higham.Chapter10.Section03.PositiveSemidefinite.Existence	relocated
NumStability.Algorithms.Cholesky.CholeskyPSD	NumStability.schur_remainder_reexpand	theorem	public	NumStability.Source.Higham.Chapter10.Section03.PositiveSemidefinite.SchurComplement	relocated
NumStability.Algorithms.Cholesky.CholeskyPSD	NumStability.schur_resolvent_from_inverses	theorem	public	NumStability.Source.Higham.Chapter10.Section03.PositiveSemidefinite.SchurComplement	relocated
NumStability.Algorithms.Cholesky.CholeskyPerturbation	NumStability.sherman_morrison_quadForm_scalar_mono	theorem	public	NumStability.Algorithms.LinearSystems.Cholesky.Perturbation.Basic	relocated
NumStability.Algorithms.Cholesky.CholeskyNonsym	NumStability.skewSymmetricPart	definition	public	NumStability.Algorithms.LinearSystems.LU.NonsymmetricPositiveDefinite.Basic	relocated
NumStability.Algorithms.Cholesky.CholeskyIndefinite	NumStability.skewSymmetric_diag_zero	theorem	public	NumStability.Algorithms.LinearSystems.SymmetricIndefinite.ErrorAnalysis.Predicates	relocated
NumStability.Algorithms.Cholesky.CholeskyIndefinite	NumStability.skew_twoByTwo_multiplier_bound	theorem	public	NumStability.Algorithms.LinearSystems.SymmetricIndefinite.ErrorAnalysis.SkewSymmetric	relocated
NumStability.Algorithms.Cholesky.CholeskyIndefinite	NumStability.skew_twoByTwo_schur_entry_bound	theorem	public	NumStability.Algorithms.LinearSystems.SymmetricIndefinite.ErrorAnalysis.SkewSymmetric	relocated
NumStability.Algorithms.HighamChapter10	NumStability.spd_inv_quadForm_nonneg	theorem	public	NumStability.Algorithms.LinearSystems.Cholesky.ErrorAnalysis.Certificates	relocated
NumStability.Algorithms.Cholesky.CholeskyPerturbation	NumStability.spd_inverse_exists	theorem	public	NumStability.Algorithms.LinearSystems.Cholesky.Perturbation.Basic	relocated
NumStability.Algorithms.Cholesky.CholeskyPerturbation	NumStability.spd_pivot_quadForm_bound	theorem	public	NumStability.Algorithms.LinearSystems.Cholesky.Perturbation.Basic	relocated
NumStability.Algorithms.Cholesky.CholeskyPSD	NumStability.spd_pivoted_cholesky	theorem	public	NumStability.Algorithms.Cholesky.CholeskyPSD	retained
NumStability.Algorithms.Cholesky.CholeskySpec	NumStability.spd_schur_complement_isSymPosDef	theorem	public	NumStability.Algorithms.Cholesky.CholeskySpec	retained
NumStability.Algorithms.Cholesky.CholeskyPSD	NumStability.sq_sum_pow_two_bound	theorem	public	NumStability.Source.Higham.Chapter10.Lemma13.KahanSharpness.CompletePivotingBound	relocated
NumStability.Algorithms.Cholesky.CholeskyPerturbation	NumStability.sqrt_diag_prod_le_opNorm2Le	theorem	public	NumStability.Algorithms.LinearSystems.Cholesky.Perturbation.Basic	relocated
NumStability.Algorithms.HighamChapter10	NumStability.stage_border_mass_from_full	theorem	public	NumStability.Algorithms.LinearSystems.Cholesky.PositiveSemidefinite.ScaledStage	relocated
NumStability.Algorithms.HighamChapter10	NumStability.stage_interior_mass_from_full	theorem	public	NumStability.Algorithms.HighamChapter10	retained
NumStability.Algorithms.HighamChapter10	NumStability.stage_maxEigenvalue_le	theorem	public	NumStability.Analysis.MatrixNorms.SpectralExtrema.Basic	relocated
NumStability.Algorithms.Cholesky.CholeskyPerturbation	NumStability.stage_multiplier_product_le	theorem	public	NumStability.Algorithms.LinearSystems.Cholesky.Perturbation.Basic	relocated
NumStability.Algorithms.Cholesky.CholeskyPSD	NumStability.strict_argmax_diag_stable	theorem	public	NumStability.Source.Higham.Chapter10.Section03.PositiveSemidefinite.SchurComplement	relocated
NumStability.Algorithms.Cholesky.CholeskyFl	NumStability.sum_fin_eq_sum_filter_lt'	theorem	public	NumStability.Algorithms.LinearSystems.Cholesky.RoundedFactorization.Basic	relocated
NumStability.Algorithms.Cholesky.CholeskyDemmel	NumStability.sum_sq_pos_of_exists_ne	theorem	public	NumStability.Algorithms.LinearSystems.Cholesky.ErrorAnalysis.Demmel	relocated
NumStability.Algorithms.Cholesky.CholeskyNonsym	NumStability.sum_sq_zero_pad_eq	theorem	public	NumStability.Algorithms.Cholesky.CholeskyNonsym	retained
NumStability.Algorithms.HighamChapter10	NumStability.sum_sum_castSucc_split	theorem	public	NumStability.Analysis.MatrixNorms.EntrywiseAbsolute.Basic	relocated
NumStability.Algorithms.Cholesky.CholeskyNonsym	NumStability.symPart_quadForm_eq	theorem	public	NumStability.Algorithms.LinearSystems.LU.NonsymmetricPositiveDefinite.Basic	relocated
NumStability.Algorithms.Cholesky.CholeskyPerturbation	NumStability.symPart_skew_inverse_identity	theorem	public	NumStability.Algorithms.LinearSystems.Cholesky.Perturbation.Basic	relocated
NumStability.Algorithms.Cholesky.CholeskyNonsym	NumStability.symmetricPart	definition	public	NumStability.Algorithms.LinearSystems.LU.NonsymmetricPositiveDefinite.Basic	relocated
NumStability.Algorithms.Cholesky.CholeskyNonsym	NumStability.symmetricPart_symmetric	theorem	public	NumStability.Algorithms.LinearSystems.LU.NonsymmetricPositiveDefinite.Basic	relocated
NumStability.Algorithms.Cholesky.CholeskyNonsym	NumStability.symmetric_skew_decomposition	theorem	public	NumStability.Algorithms.LinearSystems.LU.NonsymmetricPositiveDefinite.Basic	relocated
NumStability.Algorithms.Cholesky.CholeskyPSD	NumStability.tail_invariant_entry_le	theorem	public	NumStability.Source.Higham.Chapter10.Section03.PositiveSemidefinite.WNormBound	relocated
NumStability.Algorithms.Cholesky.CholeskyPerturbation	NumStability.trailing_block_quadForm	theorem	public	NumStability.Algorithms.LinearSystems.Cholesky.Perturbation.Basic	relocated
NumStability.Algorithms.Cholesky.CholeskyIndefinite	NumStability.tridiagonalLeadingBlockSupport_add_bound	theorem	public	NumStability.Algorithms.LinearSystems.SymmetricIndefinite.Pivoting.Tridiagonal	relocated
NumStability.Algorithms.Cholesky.CholeskyIndefinite	NumStability.tridiagonalLeadingBlockSupport_add_bound_of_le_offset	theorem	public	NumStability.Algorithms.LinearSystems.SymmetricIndefinite.Pivoting.Tridiagonal	relocated
NumStability.Algorithms.Cholesky.CholeskyIndefinite	NumStability.tridiagonalLeadingBlockSupport_add_bound_printed	theorem	public	NumStability.Source.Higham.Chapter11.Theorem07.TridiagonalTwoByTwoResidual.Basic	relocated
NumStability.Algorithms.Cholesky.CholeskyIndefinite	NumStability.tridiagonalLeadingBlockSupport_add_bound_printed_of_le_offset	theorem	public	NumStability.Source.Higham.Chapter11.Theorem07.TridiagonalTwoByTwoResidual.Basic	relocated
NumStability.Algorithms.Cholesky.CholeskyIndefinite	NumStability.tridiagonalLeadingBlockSupport_of_le_offset	theorem	public	NumStability.Algorithms.LinearSystems.SymmetricIndefinite.Pivoting.Tridiagonal	relocated
NumStability.Algorithms.Cholesky.CholeskyIndefinite	NumStability.tridiagonalLeadingBlockSupport_zero_bound	theorem	public	NumStability.Algorithms.LinearSystems.SymmetricIndefinite.Pivoting.Tridiagonal	relocated
NumStability.Algorithms.Cholesky.CholeskyIndefinite	NumStability.tridiagonalLeadingBlockSupport_zero_printed_bound	theorem	public	NumStability.Source.Higham.Chapter11.Theorem07.TridiagonalTwoByTwoResidual.Basic	relocated
NumStability.Algorithms.Cholesky.CholeskyIndefinite	NumStability.tridiagonalTwoByTwoFirstTrailingIndex	definition	public	NumStability.Algorithms.LinearSystems.SymmetricIndefinite.Pivoting.Tridiagonal	relocated
NumStability.Algorithms.Cholesky.CholeskyIndefinite	NumStability.tridiagonalTwoByTwoFirstTrailingIndex_val	theorem	public	NumStability.Algorithms.LinearSystems.SymmetricIndefinite.Pivoting.Tridiagonal	relocated
NumStability.Algorithms.Cholesky.CholeskyIndefinite	NumStability.tridiagonalTwoByTwoLiftTrailingPerturbation	definition	public	NumStability.Algorithms.LinearSystems.SymmetricIndefinite.Pivoting.Tridiagonal	relocated
NumStability.Algorithms.Cholesky.CholeskyIndefinite	NumStability.tridiagonalTwoByTwoLiftTrailingPerturbation_apply_embedded	theorem	public	NumStability.Algorithms.LinearSystems.SymmetricIndefinite.Pivoting.Tridiagonal	relocated
NumStability.Algorithms.Cholesky.CholeskyIndefinite	NumStability.tridiagonalTwoByTwoLiftTrailingPerturbation_bound	theorem	public	NumStability.Algorithms.LinearSystems.SymmetricIndefinite.Pivoting.Tridiagonal	relocated
NumStability.Algorithms.Cholesky.CholeskyIndefinite	NumStability.tridiagonalTwoByTwoLiftTrailingPerturbation_bound_leadingBlockSupport	theorem	public	NumStability.Algorithms.LinearSystems.SymmetricIndefinite.Pivoting.Tridiagonal	relocated
NumStability.Algorithms.Cholesky.CholeskyIndefinite	NumStability.tridiagonalTwoByTwoLiftTrailingPerturbation_bound_support	theorem	public	NumStability.Algorithms.LinearSystems.SymmetricIndefinite.Pivoting.Tridiagonal	relocated
NumStability.Algorithms.Cholesky.CholeskyIndefinite	NumStability.tridiagonalTwoByTwoLiftTrailingPerturbation_leadingBlockSupport	theorem	public	NumStability.Algorithms.LinearSystems.SymmetricIndefinite.Pivoting.Tridiagonal	relocated
NumStability.Algorithms.Cholesky.CholeskyIndefinite	NumStability.tridiagonalTwoByTwoLiftTrailingPerturbation_support	theorem	public	NumStability.Algorithms.LinearSystems.SymmetricIndefinite.Pivoting.Tridiagonal	relocated
NumStability.Algorithms.Cholesky.CholeskyIndefinite	NumStability.tridiagonalTwoByTwoTrailingBlockSupport_add_bound	theorem	public	NumStability.Algorithms.LinearSystems.SymmetricIndefinite.Pivoting.Tridiagonal	relocated
NumStability.Algorithms.Cholesky.CholeskyIndefinite	NumStability.tridiagonalTwoByTwoTrailingBlockSupport_iff_leadingBlockSupport	theorem	public	NumStability.Algorithms.LinearSystems.SymmetricIndefinite.Pivoting.Tridiagonal	relocated
NumStability.Algorithms.Cholesky.CholeskyIndefinite	NumStability.tridiagonalTwoByTwoTrailingSubproblemIndex	definition	public	NumStability.Algorithms.LinearSystems.SymmetricIndefinite.Pivoting.Tridiagonal	relocated
NumStability.Algorithms.Cholesky.CholeskyIndefinite	NumStability.tridiagonalTwoByTwoTrailingSubproblemIndex_injective	theorem	public	NumStability.Algorithms.LinearSystems.SymmetricIndefinite.Pivoting.Tridiagonal	relocated
NumStability.Algorithms.Cholesky.CholeskyIndefinite	NumStability.tridiagonalTwoByTwoTrailingSubproblemIndex_val	theorem	public	NumStability.Algorithms.LinearSystems.SymmetricIndefinite.Pivoting.Tridiagonal	relocated
NumStability.Algorithms.Cholesky.CholeskyIndefinite	NumStability.tridiagonalTwoByTwoTrailingSubproblemIndex_zero	theorem	public	NumStability.Algorithms.LinearSystems.SymmetricIndefinite.Pivoting.Tridiagonal	relocated
NumStability.Algorithms.Cholesky.CholeskyPerturbation	NumStability.triuPart	definition	public	NumStability.Algorithms.LinearSystems.Cholesky.Perturbation.Basic	relocated
NumStability.Algorithms.Cholesky.CholeskyPerturbation	NumStability.triuPart_diag_and_above	theorem	public	NumStability.Algorithms.LinearSystems.Cholesky.Perturbation.Basic	relocated
NumStability.Algorithms.Cholesky.CholeskyPerturbation	NumStability.triuPart_upper	theorem	public	NumStability.Algorithms.LinearSystems.Cholesky.Perturbation.Basic	relocated
NumStability.Algorithms.Cholesky.CholeskyIndefinite	NumStability.twoByTwo_completePivot_absdet_lower	theorem	public	NumStability.Algorithms.LinearSystems.SymmetricIndefinite.Pivoting.Basic	relocated
NumStability.Algorithms.Cholesky.CholeskyIndefinite	NumStability.twoByTwo_completePivot_det_bound	theorem	public	NumStability.Algorithms.LinearSystems.SymmetricIndefinite.Pivoting.Basic	relocated
NumStability.Algorithms.Cholesky.CholeskyIndefinite	NumStability.twoByTwo_inverse_entry_bounds	theorem	public	NumStability.Algorithms.LinearSystems.SymmetricIndefinite.Pivoting.Basic	relocated
NumStability.Algorithms.Cholesky.CholeskyIndefinite	NumStability.twoByTwo_schur_growth	theorem	public	NumStability.Algorithms.LinearSystems.SymmetricIndefinite.Pivoting.Basic	relocated
NumStability.Algorithms.Cholesky.CholeskyIndefinite	NumStability.twoByTwo_schur_growth_of_block	theorem	public	NumStability.Algorithms.LinearSystems.SymmetricIndefinite.Pivoting.Basic	relocated
NumStability.Algorithms.HighamChapter10	NumStability.unit_diag_psd_maxEigenvalue_bounds	theorem	public	NumStability.Algorithms.HighamChapter10	retained
NumStability.Algorithms.Cholesky.CholeskyPerturbation	NumStability.upHalf	definition	public	NumStability.Algorithms.LinearSystems.Cholesky.Perturbation.Basic	relocated
NumStability.Algorithms.Cholesky.CholeskyPerturbation	NumStability.upHalf_add_transpose	theorem	public	NumStability.Algorithms.LinearSystems.Cholesky.Perturbation.Basic	relocated
NumStability.Algorithms.Cholesky.CholeskyPerturbation	NumStability.upHalf_diag	theorem	public	NumStability.Algorithms.LinearSystems.Cholesky.Perturbation.Basic	relocated
NumStability.Algorithms.Cholesky.CholeskyPerturbation	NumStability.upHalf_strict_lower	theorem	public	NumStability.Algorithms.LinearSystems.Cholesky.Perturbation.Basic	relocated
NumStability.Algorithms.Cholesky.CholeskyPerturbation	NumStability.upHalf_strict_upper	theorem	public	NumStability.Algorithms.LinearSystems.Cholesky.Perturbation.Basic	relocated
NumStability.Algorithms.Cholesky.CholeskyPerturbation	NumStability.upperTriangular_inverse_exists	theorem	public	NumStability.Algorithms.LinearSystems.Cholesky.Perturbation.Basic	relocated
NumStability.Algorithms.Cholesky.CholeskyFl	NumStability.upperTriangular_solve_exists	theorem	public	NumStability.Algorithms.LinearSystems.Cholesky.RoundedFactorization.Basic	relocated
NumStability.Algorithms.Cholesky.CholeskyPSD	NumStability.w_norm_bound_from_cond	theorem	public	NumStability.Source.Higham.Chapter10.Section03.PositiveSemidefinite.WNormBound	relocated
NumStability.Algorithms.Ch10ComplexPositiveDefiniteSourceClosure	_private.NumStability.Algorithms.Ch10ComplexPositiveDefiniteSourceClosure.0.NumStability.higham10_30_borderedRealMatrix	definition	private	NumStability.Algorithms.Ch10ComplexPositiveDefiniteSourceClosure	retained
NumStability.Algorithms.Ch10ComplexPositiveDefiniteSourceClosure	_private.NumStability.Algorithms.Ch10ComplexPositiveDefiniteSourceClosure.0.NumStability.higham10_30_bordered_inverse_energy_lt	theorem	private	NumStability.Algorithms.Ch10ComplexPositiveDefiniteSourceClosure	retained
NumStability.Algorithms.Ch10ComplexPositiveDefiniteSourceClosure	_private.NumStability.Algorithms.Ch10ComplexPositiveDefiniteSourceClosure.0.NumStability.higham10_30_complexBlockSchur_re_im_posDef	theorem	private	NumStability.Algorithms.Ch10ComplexPositiveDefiniteSourceClosure	retained
NumStability.Algorithms.Ch10ComplexPositiveDefiniteSourceClosure	_private.NumStability.Algorithms.Ch10ComplexPositiveDefiniteSourceClosure.0.NumStability.higham10_30_complexEnergy_im_fintype	theorem	private	NumStability.Algorithms.Ch10ComplexPositiveDefiniteSourceClosure	retained
NumStability.Algorithms.Ch10ComplexPositiveDefiniteSourceClosure	_private.NumStability.Algorithms.Ch10ComplexPositiveDefiniteSourceClosure.0.NumStability.higham10_30_complexEnergy_re_fintype	theorem	private	NumStability.Algorithms.Ch10ComplexPositiveDefiniteSourceClosure	retained
NumStability.Algorithms.Ch10ComplexPositiveDefiniteSourceClosure	_private.NumStability.Algorithms.Ch10ComplexPositiveDefiniteSourceClosure.0.NumStability.higham10_30_complexGammaCounterA	definition	private	NumStability.Algorithms.Ch10ComplexPositiveDefiniteSourceClosure	retained
NumStability.Algorithms.Ch10ComplexPositiveDefiniteSourceClosure	_private.NumStability.Algorithms.Ch10ComplexPositiveDefiniteSourceClosure.0.NumStability.higham10_30_complexGammaCounterB	definition	private	NumStability.Algorithms.Ch10ComplexPositiveDefiniteSourceClosure	retained
NumStability.Algorithms.Ch10ComplexPositiveDefiniteSourceClosure	_private.NumStability.Algorithms.Ch10ComplexPositiveDefiniteSourceClosure.0.NumStability.higham10_30_complexGammaCounterB_spd	theorem	private	NumStability.Algorithms.Ch10ComplexPositiveDefiniteSourceClosure	retained
NumStability.Algorithms.Ch10ComplexPositiveDefiniteSourceClosure	_private.NumStability.Algorithms.Ch10ComplexPositiveDefiniteSourceClosure.0.NumStability.higham10_30_complexGammaCounterC	definition	private	NumStability.Algorithms.Ch10ComplexPositiveDefiniteSourceClosure	retained
NumStability.Algorithms.Ch10ComplexPositiveDefiniteSourceClosure	_private.NumStability.Algorithms.Ch10ComplexPositiveDefiniteSourceClosure.0.NumStability.higham10_30_complexGammaCounterC_spd	theorem	private	NumStability.Algorithms.Ch10ComplexPositiveDefiniteSourceClosure	retained
NumStability.Algorithms.Ch10ComplexPositiveDefiniteSourceClosure	_private.NumStability.Algorithms.Ch10ComplexPositiveDefiniteSourceClosure.0.NumStability.higham10_30_complexGammaCounterFP	definition	private	NumStability.Algorithms.Ch10ComplexPositiveDefiniteSourceClosure	retained
NumStability.Algorithms.Ch10ComplexPositiveDefiniteSourceClosure	_private.NumStability.Algorithms.Ch10ComplexPositiveDefiniteSourceClosure.0.NumStability.higham10_30_complexGammaCounter_L10	theorem	private	NumStability.Algorithms.Ch10ComplexPositiveDefiniteSourceClosure	retained
NumStability.Algorithms.Ch10ComplexPositiveDefiniteSourceClosure	_private.NumStability.Algorithms.Ch10ComplexPositiveDefiniteSourceClosure.0.NumStability.higham10_30_complexGammaCounter_U00	theorem	private	NumStability.Algorithms.Ch10ComplexPositiveDefiniteSourceClosure	retained
NumStability.Algorithms.Ch10ComplexPositiveDefiniteSourceClosure	_private.NumStability.Algorithms.Ch10ComplexPositiveDefiniteSourceClosure.0.NumStability.higham10_30_complexGammaCounter_U10	theorem	private	NumStability.Algorithms.Ch10ComplexPositiveDefiniteSourceClosure	retained
NumStability.Algorithms.Ch10ComplexPositiveDefiniteSourceClosure	_private.NumStability.Algorithms.Ch10ComplexPositiveDefiniteSourceClosure.0.NumStability.higham10_30_complexGammaCounter_gamma	theorem	private	NumStability.Algorithms.Ch10ComplexPositiveDefiniteSourceClosure	retained
NumStability.Algorithms.Ch10ComplexPositiveDefiniteSourceClosure	_private.NumStability.Algorithms.Ch10ComplexPositiveDefiniteSourceClosure.0.NumStability.higham10_30_complexGammaCounter_gammaValid	theorem	private	NumStability.Algorithms.Ch10ComplexPositiveDefiniteSourceClosure	retained
NumStability.Algorithms.Ch10ComplexPositiveDefiniteSourceClosure	_private.NumStability.Algorithms.Ch10ComplexPositiveDefiniteSourceClosure.0.NumStability.higham10_30_complexGammaCounter_radius_lower_bound	theorem	private	NumStability.Algorithms.Ch10ComplexPositiveDefiniteSourceClosure	retained
NumStability.Algorithms.Ch10ComplexPositiveDefiniteSourceClosure	_private.NumStability.Algorithms.Ch10ComplexPositiveDefiniteSourceClosure.0.NumStability.higham10_30_complexVector_re_or_im_nonzero	theorem	private	NumStability.Algorithms.Ch10ComplexPositiveDefiniteSourceClosure	retained
NumStability.Algorithms.Ch10ComplexPositiveDefiniteSourceClosure	_private.NumStability.Algorithms.Ch10ComplexPositiveDefiniteSourceClosure.0.NumStability.higham10_30_complex_U_entry_eq_leading_schur	theorem	private	NumStability.Algorithms.Ch10ComplexPositiveDefiniteSourceClosure	retained
NumStability.Algorithms.Ch10ComplexPositiveDefiniteSourceClosure	_private.NumStability.Algorithms.Ch10ComplexPositiveDefiniteSourceClosure.0.NumStability.higham10_30_complex_borderedMinor_eq_pivots_mul_U	theorem	private	NumStability.Algorithms.Ch10ComplexPositiveDefiniteSourceClosure	retained
NumStability.Algorithms.Ch10ComplexPositiveDefiniteSourceClosure	_private.NumStability.Algorithms.Ch10ComplexPositiveDefiniteSourceClosure.0.NumStability.higham10_30_complex_borderedU_det	theorem	private	NumStability.Algorithms.Ch10ComplexPositiveDefiniteSourceClosure	retained
NumStability.Algorithms.Ch10ComplexPositiveDefiniteSourceClosure	_private.NumStability.Algorithms.Ch10ComplexPositiveDefiniteSourceClosure.0.NumStability.higham10_30_complex_inverse_eq_X_minus_iY	theorem	private	NumStability.Algorithms.Ch10ComplexPositiveDefiniteSourceClosure	retained
NumStability.Algorithms.Ch10ComplexPositiveDefiniteSourceClosure	_private.NumStability.Algorithms.Ch10ComplexPositiveDefiniteSourceClosure.0.NumStability.higham10_30_complex_leadingRows_mul_of_lower_left	theorem	private	NumStability.Algorithms.Ch10ComplexPositiveDefiniteSourceClosure	retained
NumStability.Algorithms.Ch10ComplexPositiveDefiniteSourceClosure	_private.NumStability.Algorithms.Ch10ComplexPositiveDefiniteSourceClosure.0.NumStability.higham10_30_complex_leading_det_eq_prod_U_diag	theorem	private	NumStability.Algorithms.Ch10ComplexPositiveDefiniteSourceClosure	retained
NumStability.Algorithms.Ch10ComplexPositiveDefiniteSourceClosure	_private.NumStability.Algorithms.Ch10ComplexPositiveDefiniteSourceClosure.0.NumStability.higham10_30_imag_schur_scalar_pos	theorem	private	NumStability.Algorithms.Ch10ComplexPositiveDefiniteSourceClosure	retained
NumStability.Algorithms.Ch10ComplexPositiveDefiniteSourceClosure	_private.NumStability.Algorithms.Ch10ComplexPositiveDefiniteSourceClosure.0.NumStability.higham10_30_input_complexMaxEntryNorm_pos	theorem	private	NumStability.Algorithms.Ch10ComplexPositiveDefiniteSourceClosure	retained
NumStability.Algorithms.Ch10ComplexPositiveDefiniteSourceClosure	_private.NumStability.Algorithms.Ch10ComplexPositiveDefiniteSourceClosure.0.NumStability.higham10_30_inverseX	definition	private	NumStability.Algorithms.Ch10ComplexPositiveDefiniteSourceClosure	retained
NumStability.Algorithms.Ch10ComplexPositiveDefiniteSourceClosure	_private.NumStability.Algorithms.Ch10ComplexPositiveDefiniteSourceClosure.0.NumStability.higham10_30_inverseX_energy_two_lt_border	theorem	private	NumStability.Algorithms.Ch10ComplexPositiveDefiniteSourceClosure	retained
NumStability.Algorithms.Ch10ComplexPositiveDefiniteSourceClosure	_private.NumStability.Algorithms.Ch10ComplexPositiveDefiniteSourceClosure.0.NumStability.higham10_30_inverseX_posDef	theorem	private	NumStability.Algorithms.Ch10ComplexPositiveDefiniteSourceClosure	retained
NumStability.Algorithms.Ch10ComplexPositiveDefiniteSourceClosure	_private.NumStability.Algorithms.Ch10ComplexPositiveDefiniteSourceClosure.0.NumStability.higham10_30_inverseY	definition	private	NumStability.Algorithms.Ch10ComplexPositiveDefiniteSourceClosure	retained
NumStability.Algorithms.Ch10ComplexPositiveDefiniteSourceClosure	_private.NumStability.Algorithms.Ch10ComplexPositiveDefiniteSourceClosure.0.NumStability.higham10_30_inverseY_energy_two_lt_border	theorem	private	NumStability.Algorithms.Ch10ComplexPositiveDefiniteSourceClosure	retained
NumStability.Algorithms.Ch10ComplexPositiveDefiniteSourceClosure	_private.NumStability.Algorithms.Ch10ComplexPositiveDefiniteSourceClosure.0.NumStability.higham10_30_inverseY_eq_swappedX	theorem	private	NumStability.Algorithms.Ch10ComplexPositiveDefiniteSourceClosure	retained
NumStability.Algorithms.Ch10ComplexPositiveDefiniteSourceClosure	_private.NumStability.Algorithms.Ch10ComplexPositiveDefiniteSourceClosure.0.NumStability.higham10_30_inverseY_posDef	theorem	private	NumStability.Algorithms.Ch10ComplexPositiveDefiniteSourceClosure	retained
NumStability.Algorithms.Ch10ComplexPositiveDefiniteSourceClosure	_private.NumStability.Algorithms.Ch10ComplexPositiveDefiniteSourceClosure.0.NumStability.higham10_30_inverse_real_part_upper	theorem	private	NumStability.Algorithms.Ch10ComplexPositiveDefiniteSourceClosure	retained
NumStability.Algorithms.Ch10ComplexPositiveDefiniteSourceClosure	_private.NumStability.Algorithms.Ch10ComplexPositiveDefiniteSourceClosure.0.NumStability.higham10_30_inverse_split_equations	theorem	private	NumStability.Algorithms.Ch10ComplexPositiveDefiniteSourceClosure	retained
NumStability.Algorithms.Ch10ComplexPositiveDefiniteSourceClosure	_private.NumStability.Algorithms.Ch10ComplexPositiveDefiniteSourceClosure.0.NumStability.higham10_30_matrixPosDef_to_isSymPosDef	theorem	private	NumStability.Algorithms.Ch10ComplexPositiveDefiniteSourceClosure	retained
NumStability.Algorithms.Ch10ComplexPositiveDefiniteSourceClosure	_private.NumStability.Algorithms.Ch10ComplexPositiveDefiniteSourceClosure.0.NumStability.higham10_30_posDef_entry_sq_le_diag_mul_diag	theorem	private	NumStability.Algorithms.Ch10ComplexPositiveDefiniteSourceClosure	retained
NumStability.Algorithms.Ch10ComplexPositiveDefiniteSourceClosure	_private.NumStability.Algorithms.Ch10ComplexPositiveDefiniteSourceClosure.0.NumStability.higham10_30_posDef_inverse_anti	theorem	private	NumStability.Algorithms.Ch10ComplexPositiveDefiniteSourceClosure	retained
NumStability.Algorithms.Ch10ComplexPositiveDefiniteSourceClosure	_private.NumStability.Algorithms.Ch10ComplexPositiveDefiniteSourceClosure.0.NumStability.higham10_30_principal_border_at_posDef	theorem	private	NumStability.Algorithms.Ch10ComplexPositiveDefiniteSourceClosure	retained
NumStability.Algorithms.Ch10ComplexPositiveDefiniteSourceClosure	_private.NumStability.Algorithms.Ch10ComplexPositiveDefiniteSourceClosure.0.NumStability.higham10_30_principal_border_posDef	theorem	private	NumStability.Algorithms.Ch10ComplexPositiveDefiniteSourceClosure	retained
NumStability.Algorithms.Ch10ComplexPositiveDefiniteSourceClosure	_private.NumStability.Algorithms.Ch10ComplexPositiveDefiniteSourceClosure.0.NumStability.higham10_30_realQuadForm_nonneg_of_spd	theorem	private	NumStability.Algorithms.Ch10ComplexPositiveDefiniteSourceClosure	retained
NumStability.Algorithms.Ch10ComplexPositiveDefiniteSourceClosure	_private.NumStability.Algorithms.Ch10ComplexPositiveDefiniteSourceClosure.0.NumStability.higham10_30_real_schur_scalar_pos	theorem	private	NumStability.Algorithms.Ch10ComplexPositiveDefiniteSourceClosure	retained
NumStability.Algorithms.Ch10ComplexPositiveDefiniteSourceClosure	_private.NumStability.Algorithms.Ch10ComplexPositiveDefiniteSourceClosure.0.NumStability.higham10_30_sourceDiagonalRep_norm_lt_three_max	theorem	private	NumStability.Algorithms.Ch10ComplexPositiveDefiniteSourceClosure	retained
NumStability.Algorithms.Ch10ComplexPositiveDefiniteSourceClosure	_private.NumStability.Algorithms.Ch10ComplexPositiveDefiniteSourceClosure.0.NumStability.higham10_30_sourceSchurDiagonalRep_of_leading	theorem	private	NumStability.Algorithms.Ch10ComplexPositiveDefiniteSourceClosure	retained
NumStability.Algorithms.Ch10ComplexPositiveDefiniteSourceClosure	_private.NumStability.Algorithms.Ch10ComplexPositiveDefiniteSourceClosure.0.NumStability.higham10_30_sourceUpperEntryRep_norm_lt_three_max	theorem	private	NumStability.Algorithms.Ch10ComplexPositiveDefiniteSourceClosure	retained
NumStability.Algorithms.Ch10ComplexPositiveDefiniteSourceClosure	_private.NumStability.Algorithms.Ch10ComplexPositiveDefiniteSourceClosure.0.NumStability.higham10_30_sourceUpperEntryRep_of_exactLU	theorem	private	NumStability.Algorithms.Ch10ComplexPositiveDefiniteSourceClosure	retained
NumStability.Algorithms.Ch10ComplexPositiveDefiniteSourceClosure	_private.NumStability.Algorithms.Ch10ComplexPositiveDefiniteSourceClosure.0.NumStability.higham10_30_symmetric_cross_sum_eq	theorem	private	NumStability.Algorithms.Ch10ComplexPositiveDefiniteSourceClosure	retained
NumStability.Algorithms.Ch10ComplexPositiveDefiniteSourceClosure	_private.NumStability.Algorithms.Ch10ComplexPositiveDefiniteSourceClosure.0.NumStability.higham10_30_symmetric_cross_sum_sub_eq_zero	theorem	private	NumStability.Algorithms.Ch10ComplexPositiveDefiniteSourceClosure	retained
NumStability.Algorithms.Ch10ComplexPositiveDefiniteSourceClosure	_private.NumStability.Algorithms.Ch10ComplexPositiveDefiniteSourceClosure.0.NumStability.higham10_30_symmetric_cross_sum_sub_eq_zero_fintype	theorem	private	NumStability.Algorithms.Ch10ComplexPositiveDefiniteSourceClosure	retained
NumStability.Algorithms.Ch10ComplexPositiveDefiniteSourceClosure	_private.NumStability.Algorithms.Ch10ComplexPositiveDefiniteSourceClosure.0.NumStability.higham10_30_symmetric_mulVec_cross_eq	theorem	private	NumStability.Algorithms.Ch10ComplexPositiveDefiniteSourceClosure	retained
NumStability.Algorithms.Ch10ComplexPositiveDefiniteSourceClosure	_private.NumStability.Algorithms.Ch10ComplexPositiveDefiniteSourceClosure.0.NumStability.higham10_30_symmetric_mulVec_cross_eq_fintype	theorem	private	NumStability.Algorithms.Ch10ComplexPositiveDefiniteSourceClosure	retained
NumStability.Algorithms.Ch10ComplexPositiveDefiniteSourceClosure	_private.NumStability.Algorithms.Ch10ComplexPositiveDefiniteSourceClosure.0.NumStability.higham10_30_twoTrailingPrincipal_posDef	theorem	private	NumStability.Algorithms.Ch10ComplexPositiveDefiniteSourceClosure	retained
NumStability.Algorithms.Ch10KahanSharpnessSource	_private.NumStability.Algorithms.Ch10KahanSharpnessSource.0.NumStability.complexMatrixOp2_vecMulVec	theorem	private	NumStability.Algorithms.Ch10KahanSharpnessSource	retained
NumStability.Algorithms.Ch10KahanSharpnessSource	_private.NumStability.Algorithms.Ch10KahanSharpnessSource.0.NumStability.higham10Kahan_geometric_segment	theorem	private	NumStability.Algorithms.Ch10KahanSharpnessSource	retained
NumStability.Algorithms.Ch10Theorem108Componentwise	_private.NumStability.Algorithms.Ch10Theorem108Componentwise.0.NumStability.higham10_8_absMatrix_symmetric_of_symmetric	theorem	private	NumStability.Algorithms.Ch10Theorem108Componentwise	retained
NumStability.Algorithms.Ch10Theorem108Componentwise	_private.NumStability.Algorithms.Ch10Theorem108Componentwise.0.NumStability.higham10_8_matSub_id_symmetric	theorem	private	NumStability.Algorithms.Ch10Theorem108Componentwise	retained
NumStability.Algorithms.Ch10Theorem108Componentwise	_private.NumStability.Algorithms.Ch10Theorem108Componentwise.0.NumStability.higham10_8_one_sub_le_recip_sub_abs	theorem	private	NumStability.Algorithms.Ch10Theorem108Componentwise	retained
NumStability.Algorithms.Ch10Theorem108Componentwise	_private.NumStability.Algorithms.Ch10Theorem108Componentwise.0.NumStability.higham10_8_recip_abs_le_one_add_gap	theorem	private	NumStability.Algorithms.Ch10Theorem108Componentwise	retained
NumStability.Algorithms.Ch10Theorem108Componentwise	_private.NumStability.Algorithms.Ch10Theorem108Componentwise.0.NumStability.higham10_8_resolvent_commutes	theorem	private	NumStability.Algorithms.Ch10Theorem108Componentwise	retained
NumStability.Algorithms.Ch10Theorem108Componentwise	_private.NumStability.Algorithms.Ch10Theorem108Componentwise.0.NumStability.higham10_8_right_resolvent_majorant_id	theorem	private	NumStability.Algorithms.Ch10Theorem108Componentwise	retained
NumStability.Algorithms.Cholesky.CholeskyFl	_private.NumStability.Algorithms.Cholesky.CholeskyFl.0.NumStability.chol_cert_core	theorem	private	NumStability.Algorithms.Cholesky.CholeskyFl	retained
NumStability.Algorithms.Cholesky.CholeskyFl	_private.NumStability.Algorithms.Cholesky.CholeskyFl.0.NumStability.chol_term_factor_bound	theorem	private	NumStability.Algorithms.Cholesky.CholeskyFl	retained
NumStability.Algorithms.Cholesky.CholeskyFl	_private.NumStability.Algorithms.Cholesky.CholeskyFl.0.NumStability.counter_one	theorem	private	NumStability.Algorithms.Cholesky.CholeskyFl	retained
NumStability.Algorithms.Cholesky.CholeskyFl	_private.NumStability.Algorithms.Cholesky.CholeskyFl.0.NumStability.counter_plain_prod	theorem	private	NumStability.Algorithms.Cholesky.CholeskyFl	retained
NumStability.Algorithms.Cholesky.CholeskyFl	_private.NumStability.Algorithms.Cholesky.CholeskyFl.0.NumStability.fl_cholesky_entry_bound	theorem	private	NumStability.Algorithms.Cholesky.CholeskyFl	retained
NumStability.Algorithms.Cholesky.CholeskyFl	_private.NumStability.Algorithms.Cholesky.CholeskyFl.0.NumStability.one_add_pos_of_abs_le_u	theorem	private	NumStability.Algorithms.Cholesky.CholeskyFl	retained
NumStability.Algorithms.Cholesky.CholeskyFl	_private.NumStability.Algorithms.Cholesky.CholeskyFl.0.NumStability.suffix_mul_prefix_eq_prod	theorem	private	NumStability.Algorithms.Cholesky.CholeskyFl	retained
NumStability.Algorithms.Cholesky.CholeskyFl	_private.NumStability.Algorithms.Cholesky.CholeskyFl.0.NumStability.sum_truncate_at	theorem	private	NumStability.Algorithms.Cholesky.CholeskyFl	retained
NumStability.Algorithms.Cholesky.CholeskyFl	_private.NumStability.Algorithms.Cholesky.CholeskyFl.0.NumStability.u_lt_one_of_gammaValid_succ	theorem	private	NumStability.Algorithms.Cholesky.CholeskyFl	retained
NumStability.Algorithms.Cholesky.CholeskyNonsym	_private.NumStability.Algorithms.Cholesky.CholeskyNonsym.0.NumStability.sum_zero_off_lt	theorem	private	NumStability.Algorithms.Cholesky.CholeskyNonsym	retained
NumStability.Algorithms.Cholesky.CholeskyPSD	_private.NumStability.Algorithms.Cholesky.CholeskyPSD.0.NumStability.psd_diag_nonneg	theorem	private	NumStability.Algorithms.Cholesky.CholeskyPSD	retained
NumStability.Algorithms.Cholesky.CholeskyPSD	_private.NumStability.Algorithms.Cholesky.CholeskyPSD.0.NumStability.psd_zero_diag_row_zero	theorem	private	NumStability.Algorithms.Cholesky.CholeskyPSD	retained
NumStability.Algorithms.Cholesky.CholeskyPSD	_private.NumStability.Algorithms.Cholesky.CholeskyPSD.0.NumStability.quadForm_two_point	theorem	private	NumStability.Algorithms.Cholesky.CholeskyPSD	retained
NumStability.Algorithms.Cholesky.CholeskyPSD	_private.NumStability.Algorithms.Cholesky.CholeskyPSD.0.NumStability.sum_filter_succ_tail	theorem	private	NumStability.Algorithms.Cholesky.CholeskyPSD	retained
NumStability.Algorithms.Cholesky.CholeskySpec	_private.NumStability.Algorithms.Cholesky.CholeskySpec.0.NumStability.cholesky_factor_uniqueness	theorem	private	NumStability.Algorithms.Cholesky.CholeskySpec	retained
NumStability.Algorithms.Cholesky.CholeskySpec	_private.NumStability.Algorithms.Cholesky.CholeskySpec.0.NumStability.schur_pd	theorem	private	NumStability.Algorithms.Cholesky.CholeskySpec	retained
NumStability.Algorithms.Cholesky.CholeskySpec	_private.NumStability.Algorithms.Cholesky.CholeskySpec.0.NumStability.schur_sym	theorem	private	NumStability.Algorithms.Cholesky.CholeskySpec	retained
NumStability.Algorithms.Cholesky.CholeskySpec	_private.NumStability.Algorithms.Cholesky.CholeskySpec.0.NumStability.spd_diag_pos	theorem	private	NumStability.Algorithms.Cholesky.CholeskySpec	retained
NumStability.Algorithms.Cholesky.Higham1014Equation1022	_private.NumStability.Algorithms.Cholesky.Higham1014Equation1022.0.NumStability.higham10_14_abs_entry_le_of_rectOpNorm2Le	theorem	private	NumStability.Algorithms.Cholesky.Higham1014Equation1022	retained
NumStability.Algorithms.Cholesky.Higham1014Equation1022	_private.NumStability.Algorithms.Cholesky.Higham1014Equation1022.0.NumStability.higham10_14_rectOpNorm2Le_add	theorem	private	NumStability.Algorithms.Cholesky.Higham1014Equation1022	retained
NumStability.Algorithms.Cholesky.Higham1014Equation1022	_private.NumStability.Algorithms.Cholesky.Higham1014Equation1022.0.NumStability.higham10_14_rectOpNorm2Le_neg	theorem	private	NumStability.Algorithms.Cholesky.Higham1014Equation1022	retained
NumStability.Algorithms.Cholesky.Higham1014SourceError	_private.NumStability.Algorithms.Cholesky.Higham1014SourceError.0.NumStability.higham10_14_cert_core	theorem	private	NumStability.Algorithms.Cholesky.Higham1014SourceError	retained
NumStability.Algorithms.Cholesky.Higham1014SourceError	_private.NumStability.Algorithms.Cholesky.Higham1014SourceError.0.NumStability.higham10_14_entry_bound	theorem	private	NumStability.Algorithms.Cholesky.Higham1014SourceError	retained
NumStability.Algorithms.Cholesky.Higham1014SourceError	_private.NumStability.Algorithms.Cholesky.Higham1014SourceError.0.NumStability.higham10_14_opNorm2Le_neg	theorem	private	NumStability.Algorithms.Cholesky.Higham1014SourceError	retained
NumStability.Algorithms.Cholesky.Higham1014SourceError	_private.NumStability.Algorithms.Cholesky.Higham1014SourceError.0.NumStability.higham10_14_sqrt_nat_le_nat	theorem	private	NumStability.Algorithms.Cholesky.Higham1014SourceError	retained
NumStability.Algorithms.Cholesky.Higham1014SourceError	_private.NumStability.Algorithms.Cholesky.Higham1014SourceError.0.NumStability.higham10_14_sum_truncate_at	theorem	private	NumStability.Algorithms.Cholesky.Higham1014SourceError	retained
NumStability.Algorithms.Cholesky.Higham1014SourceError	_private.NumStability.Algorithms.Cholesky.Higham1014SourceError.0.NumStability.higham10_14_trunc_abs_gram	theorem	private	NumStability.Algorithms.Cholesky.Higham1014SourceError	retained
NumStability.Algorithms.Cholesky.Higham1014SourceError	_private.NumStability.Algorithms.Cholesky.Higham1014SourceError.0.NumStability.higham10_14_trunc_abs_gram_computed	theorem	private	NumStability.Algorithms.Cholesky.Higham1014SourceError	retained
NumStability.Algorithms.Cholesky.Higham1014SourceError	_private.NumStability.Algorithms.Cholesky.Higham1014SourceError.0.NumStability.higham10_14_zeroRowPad_opNorm2Le	theorem	private	NumStability.Algorithms.Cholesky.Higham1014SourceError	retained
NumStability.Algorithms.HighamChapter10	_private.NumStability.Algorithms.HighamChapter10.0.NumStability.higham10_18_row_cast	theorem	private	NumStability.Algorithms.HighamChapter10	retained
NumStability.Algorithms.HighamChapter10	_private.NumStability.Algorithms.HighamChapter10.0.NumStability.higham10_18_row_nat	theorem	private	NumStability.Algorithms.HighamChapter10	retained
NumStability.Algorithms.HighamChapter10	_private.NumStability.Algorithms.HighamChapter10.0.NumStability.higham10_9_upper_product_sum_split	theorem	private	NumStability.Algorithms.HighamChapter10	retained
NumStability.Algorithms.HighamChapter10	_private.NumStability.Algorithms.HighamChapter10.0.NumStability.kahan_telescope	theorem	private	NumStability.Algorithms.HighamChapter10	retained
