module	role	import_order	lean_import_line	provenance
NumStability.Algorithms.RandNLA.ElementwiseSpectral	compatibility	1	import NumStability.Algorithms.RandNLA.ElementwiseSampling	c0006_direct
NumStability.Algorithms.RandNLA.ElementwiseSpectral	compatibility	2	import NumStability.Algorithms.RandNLA.ElementwiseTraceMGF	c0006_direct
NumStability.Algorithms.RandNLA.ElementwiseSpectral	compatibility	3	import NumStability.Algorithms.RandNLA.HitCountConcentration	c0006_direct
NumStability.Algorithms.RandNLA.ElementwiseSpectral	compatibility	4	import NumStability.Algorithms.RandNLA.Preconditioning	c0006_direct
NumStability.Algorithms.RandNLA.ElementwiseSpectral	compatibility	5	import NumStability.Algorithms.RandomizedLinearAlgebra.Concentration.SpectralTransfer.Elementwise	c0006_direct
NumStability.Algorithms.RandNLA.ElementwiseSpectral	compatibility	6	import NumStability.Analysis.FiniteProbability	c0006_direct
NumStability.Algorithms.RandNLA.ElementwiseSpectral	compatibility	7	import NumStability.Analysis.MatrixConcentration	c0006_direct
NumStability.Algorithms.RandNLA.ElementwiseSpectral	compatibility	8	import NumStability.Analysis.MatrixSpectral	c0006_direct
NumStability.Algorithms.RandNLA.ElementwiseSpectral	compatibility	9	import NumStability.Source.DrineasMahoney.RandNLA2016.Equation02.SpectralApproximation.ElementwiseSpectral	c0006_direct
NumStability.Algorithms.RandNLA.ElementwiseSpectral	compatibility	10	import NumStability.Source.DrineasMahoney.RandNLA2016.Equation02.SpectralApproximation.ResidualMomentBounds	c0006_expanded
NumStability.Algorithms.RandNLA.ElementwiseSpectral	compatibility	11	import NumStability.Source.DrineasMahoney.RandNLA2016.Equation02.SpectralApproximation.SpectralEventEndpoints	c0006_expanded
NumStability.Algorithms.RandNLA.HitCountConcentration	compatibility	1	import Mathlib.Algebra.BigOperators.Group.Finset.Basic	c0006_direct
NumStability.Algorithms.RandNLA.HitCountConcentration	compatibility	2	import Mathlib.Algebra.Order.BigOperators.Group.Finset	c0006_direct
NumStability.Algorithms.RandNLA.HitCountConcentration	compatibility	3	import Mathlib.Analysis.SpecialFunctions.Log.Basic	c0006_direct
NumStability.Algorithms.RandNLA.HitCountConcentration	compatibility	4	import Mathlib.Data.Real.Basic	c0006_direct
NumStability.Algorithms.RandNLA.HitCountConcentration	compatibility	5	import Mathlib.Tactic.Linarith	c0006_direct
NumStability.Algorithms.RandNLA.HitCountConcentration	compatibility	6	import Mathlib.Tactic.Ring	c0006_direct
NumStability.Algorithms.RandNLA.HitCountConcentration	compatibility	7	import NumStability.Algorithms.RandNLA.ElementwiseSampling	c0006_direct
NumStability.Algorithms.RandNLA.HitCountConcentration	compatibility	8	import NumStability.Algorithms.RandomizedLinearAlgebra.Concentration.HitCounts.Bounds	c0006_direct
NumStability.Algorithms.RandNLA.HitCountConcentration	compatibility	9	import NumStability.Analysis.FiniteProbability	c0006_direct
NumStability.Algorithms.RandNLA.HitCountConcentration	compatibility	10	import NumStability.Source.DrineasMahoney.RandNLA2016.Algorithm01.ElementwiseSampling.HitCountConcentration	c0006_direct
NumStability.Algorithms.RandNLA.HitCountConcentration	compatibility	11	import NumStability.Source.DrineasMahoney.RandNLA2016.Algorithm01.ElementwiseSampling.HitPairEvents	c0006_expanded
NumStability.Algorithms.RandNLA.LeastSquaresSketch	compatibility	1	import Mathlib.Analysis.InnerProductSpace.PiL2	c0006_direct
NumStability.Algorithms.RandNLA.LeastSquaresSketch	compatibility	2	import NumStability.Algorithms.LinearSystems.LeastSquares.Basic	c0006_direct
NumStability.Algorithms.RandNLA.LeastSquaresSketch	compatibility	3	import NumStability.Algorithms.LinearSystems.LeastSquares.NormalEquations	c0006_direct
NumStability.Algorithms.RandNLA.LeastSquaresSketch	compatibility	4	import NumStability.Algorithms.LinearSystems.LeastSquares.StoredQR	c0006_direct
NumStability.Algorithms.RandNLA.LeastSquaresSketch	compatibility	5	import NumStability.Algorithms.RandNLA.RowSamplingLeverage	c0006_direct
NumStability.Algorithms.RandNLA.LeastSquaresSketch	compatibility	6	import NumStability.Algorithms.RandNLA.RowSamplingLeverageMGF	c0006_direct
NumStability.Algorithms.RandNLA.LeastSquaresSketch	compatibility	7	import NumStability.Algorithms.RandomizedLinearAlgebra.LeastSquaresSketching.Objectives.Core	c0006_direct
NumStability.Algorithms.RandNLA.LeastSquaresSketch	compatibility	8	import NumStability.Algorithms.RandomizedLinearAlgebra.LeastSquaresSketching.RowSampling.Core	c0006_direct
NumStability.Algorithms.RandNLA.LeastSquaresSketch	compatibility	9	import NumStability.Analysis.FiniteProbability	c0006_direct
NumStability.Algorithms.RandNLA.LeastSquaresSketch	compatibility	10	import NumStability.Analysis.MatrixAlgebra	c0006_direct
NumStability.Algorithms.RandNLA.LeastSquaresSketch	compatibility	11	import NumStability.Analysis.Perturbation.LeastSquares.BackwardError	c0006_direct
NumStability.Algorithms.RandNLA.LeastSquaresSketch	compatibility	12	import NumStability.Analysis.Perturbation.LeastSquares.Basic	c0006_direct
NumStability.Algorithms.RandNLA.LeastSquaresSketch	compatibility	13	import NumStability.Analysis.Perturbation.LeastSquares.NormalEquations	c0006_direct
NumStability.Algorithms.RandNLA.LeastSquaresSketch	compatibility	14	import NumStability.Source.DrineasMahoney.RandNLA2016.Equation08.LeastSquaresSketch.Endpoints	c0006_direct
NumStability.Algorithms.RandNLA.LeastSquaresSketch	compatibility	15	import NumStability.Source.DrineasMahoney.RandNLA2016.Equation08.LeastSquaresSketch.FloatingPointObjectiveBounds	c0006_expanded
NumStability.Algorithms.RandNLA.LeastSquaresSketch	compatibility	16	import NumStability.Source.DrineasMahoney.RandNLA2016.Equation08.LeastSquaresSketch.SketchedObjectiveBounds	c0006_expanded
NumStability.Algorithms.RandNLA.LeastSquaresSketch	compatibility	17	import NumStability.Source.Higham.Chapter20.Theorem03.QRSolve	c0006_direct
NumStability.Algorithms.RandNLA.Preconditioning	compatibility	1	import Mathlib.Algebra.BigOperators.Group.Finset.Basic	c0006_direct
NumStability.Algorithms.RandNLA.Preconditioning	compatibility	2	import Mathlib.Algebra.Order.BigOperators.Group.Finset	c0006_direct
NumStability.Algorithms.RandNLA.Preconditioning	compatibility	3	import Mathlib.Analysis.SpecialFunctions.Trigonometric.Series	c0006_direct
NumStability.Algorithms.RandNLA.Preconditioning	compatibility	4	import Mathlib.Data.Fin.Tuple.Basic	c0006_direct
NumStability.Algorithms.RandNLA.Preconditioning	compatibility	5	import Mathlib.Data.Real.Basic	c0006_direct
NumStability.Algorithms.RandNLA.Preconditioning	compatibility	6	import Mathlib.Tactic.Ring	c0006_direct
NumStability.Algorithms.RandNLA.Preconditioning	compatibility	7	import NumStability.Algorithms.MatMul	c0006_direct
NumStability.Algorithms.RandNLA.Preconditioning	compatibility	8	import NumStability.Algorithms.RandNLA.RowSamplingLeverage	c0006_direct
NumStability.Algorithms.RandNLA.Preconditioning	compatibility	9	import NumStability.Algorithms.RandNLA.UniformRowSampling	c0006_direct
NumStability.Algorithms.RandNLA.Preconditioning	compatibility	10	import NumStability.Algorithms.RandomizedLinearAlgebra.Preconditioning.CountSketch.HashCollisionProbabilities	c0006_expanded
NumStability.Algorithms.RandNLA.Preconditioning	compatibility	11	import NumStability.Algorithms.RandomizedLinearAlgebra.Preconditioning.CountSketch.SketchedGramLoewnerCovers	c0006_expanded
NumStability.Algorithms.RandNLA.Preconditioning	compatibility	12	import NumStability.Algorithms.RandomizedLinearAlgebra.Preconditioning.CountSketch.SketchedGramMoments	c0006_expanded
NumStability.Algorithms.RandNLA.Preconditioning	compatibility	13	import NumStability.Algorithms.RandomizedLinearAlgebra.Preconditioning.CountSketch.SketchInjectivityBounds	c0006_expanded
NumStability.Algorithms.RandNLA.Preconditioning	compatibility	14	import NumStability.Algorithms.RandomizedLinearAlgebra.Preconditioning.ExactTransforms.Core	c0006_direct
NumStability.Algorithms.RandNLA.Preconditioning	compatibility	15	import NumStability.Algorithms.Summation.Tree.Core	c0006_direct
NumStability.Algorithms.RandNLA.Preconditioning	compatibility	16	import NumStability.Analysis.FiniteProbability	c0006_direct
NumStability.Algorithms.RandNLA.Preconditioning	compatibility	17	import NumStability.Analysis.MatrixAlgebra	c0006_direct
NumStability.Algorithms.RandNLA.Preconditioning	compatibility	18	import NumStability.Analysis.MatrixConcentration	c0006_direct
NumStability.Algorithms.RandNLA.Preconditioning	compatibility	19	import NumStability.Analysis.Summation.ErrorBounds	c0006_direct
NumStability.Algorithms.RandNLA.Preconditioning	compatibility	20	import NumStability.Source.DrineasMahoney.RandNLA2016.Algorithm03.RandomProjectionPreconditioning.Preconditioning	c0006_direct
NumStability.Algorithms.RandNLA.RowSamplingGram	compatibility	1	import Mathlib.Algebra.BigOperators.Group.Finset.Basic	c0006_direct
NumStability.Algorithms.RandNLA.RowSamplingGram	compatibility	2	import Mathlib.Algebra.Order.BigOperators.Group.Finset	c0006_direct
NumStability.Algorithms.RandNLA.RowSamplingGram	compatibility	3	import Mathlib.Data.Real.Basic	c0006_direct
NumStability.Algorithms.RandNLA.RowSamplingGram	compatibility	4	import Mathlib.Tactic.FieldSimp	c0006_direct
NumStability.Algorithms.RandNLA.RowSamplingGram	compatibility	5	import Mathlib.Tactic.Linarith	c0006_direct
NumStability.Algorithms.RandNLA.RowSamplingGram	compatibility	6	import Mathlib.Tactic.Ring	c0006_direct
NumStability.Algorithms.RandNLA.RowSamplingGram	compatibility	7	import NumStability.Algorithms.DotProduct	c0006_direct
NumStability.Algorithms.RandNLA.RowSamplingGram	compatibility	8	import NumStability.Algorithms.RandNLA.RowSampling	c0006_direct
NumStability.Algorithms.RandNLA.RowSamplingGram	compatibility	9	import NumStability.Algorithms.RandomizedLinearAlgebra.Sampling.RowNorm.Gram	c0006_direct
NumStability.Algorithms.RandNLA.RowSamplingGram	compatibility	10	import NumStability.Source.DrineasMahoney.RandNLA2016.Equation05.GramApproximation.Bounds	c0006_direct
NumStability.Algorithms.RandNLA.RowSamplingGram	compatibility	11	import NumStability.Source.DrineasMahoney.RandNLA2016.Equation05.GramApproximation.SampledGramEndpoints	c0006_expanded
NumStability.Algorithms.RandNLA.RowSamplingLeverage	compatibility	1	import Mathlib.Algebra.BigOperators.Group.Finset.Basic	c0006_direct
NumStability.Algorithms.RandNLA.RowSamplingLeverage	compatibility	2	import Mathlib.Algebra.Order.BigOperators.Group.Finset	c0006_direct
NumStability.Algorithms.RandNLA.RowSamplingLeverage	compatibility	3	import Mathlib.Data.Real.Basic	c0006_direct
NumStability.Algorithms.RandNLA.RowSamplingLeverage	compatibility	4	import Mathlib.Tactic.FieldSimp	c0006_direct
NumStability.Algorithms.RandNLA.RowSamplingLeverage	compatibility	5	import Mathlib.Tactic.Linarith	c0006_direct
NumStability.Algorithms.RandNLA.RowSamplingLeverage	compatibility	6	import Mathlib.Tactic.Ring	c0006_direct
NumStability.Algorithms.RandNLA.RowSamplingLeverage	compatibility	7	import NumStability.Algorithms.RandNLA.RowSamplingGram	c0006_direct
NumStability.Algorithms.RandNLA.RowSamplingLeverage	compatibility	8	import NumStability.Algorithms.RandomizedLinearAlgebra.Sampling.LeverageScore.Core	c0006_direct
NumStability.Algorithms.RandNLA.RowSamplingLeverage	compatibility	9	import NumStability.Source.DrineasMahoney.RandNLA2016.Equation06.LeverageProbability.Normalization	c0006_direct
NumStability.Algorithms.RandNLA.RowSamplingLeverage	compatibility	10	import NumStability.Source.DrineasMahoney.RandNLA2016.Equation07.SubspaceEmbedding.Leverage	c0006_direct
NumStability.Algorithms.RandNLA.RowSamplingLeverage	compatibility	11	import NumStability.Source.DrineasMahoney.RandNLA2016.Equation07.SubspaceEmbedding.SampledGramOperatorNorm	c0006_expanded
NumStability.Algorithms.RandNLA.UniformRowSampling	compatibility	1	import Mathlib.Algebra.BigOperators.Group.Finset.Basic	c0006_direct
NumStability.Algorithms.RandNLA.UniformRowSampling	compatibility	2	import Mathlib.Algebra.Order.BigOperators.Group.Finset	c0006_direct
NumStability.Algorithms.RandNLA.UniformRowSampling	compatibility	3	import Mathlib.Data.Real.Basic	c0006_direct
NumStability.Algorithms.RandNLA.UniformRowSampling	compatibility	4	import Mathlib.Tactic.FieldSimp	c0006_direct
NumStability.Algorithms.RandNLA.UniformRowSampling	compatibility	5	import Mathlib.Tactic.Linarith	c0006_direct
NumStability.Algorithms.RandNLA.UniformRowSampling	compatibility	6	import Mathlib.Tactic.Ring	c0006_direct
NumStability.Algorithms.RandNLA.UniformRowSampling	compatibility	7	import NumStability.Algorithms.RandNLA.RowSamplingLeverage	c0006_direct
NumStability.Algorithms.RandNLA.UniformRowSampling	compatibility	8	import NumStability.Algorithms.RandomizedLinearAlgebra.Sampling.UniformRows.Core	c0006_direct
NumStability.Algorithms.RandNLA.UniformRowSampling	compatibility	9	import NumStability.Algorithms.RandomizedLinearAlgebra.Sampling.UniformRows.GramMoments	c0006_expanded
NumStability.Algorithms.RandNLA.UniformRowSampling	compatibility	10	import NumStability.Source.DrineasMahoney.RandNLA2016.Algorithm03.RandomProjectionPreconditioning.UniformRows	c0006_direct
NumStability.Algorithms.RandNLA.UniformRowSamplingComposition	compatibility	1	import NumStability.Algorithms.RandNLA.Preconditioning	c0006_direct
NumStability.Algorithms.RandNLA.UniformRowSamplingComposition	compatibility	2	import NumStability.Algorithms.RandNLA.UniformRowSamplingMGF	c0006_direct
NumStability.Algorithms.RandNLA.UniformRowSamplingComposition	compatibility	3	import NumStability.Algorithms.RandomizedLinearAlgebra.Preconditioning.ExactTransforms.UniformRowComposition	c0006_direct
NumStability.Algorithms.RandNLA.UniformRowSamplingComposition	compatibility	4	import NumStability.Algorithms.RandomizedLinearAlgebra.Preconditioning.ExactTransforms.UniformRowEmbedding	c0006_expanded
NumStability.Algorithms.RandNLA.UniformRowSamplingComposition	compatibility	5	import NumStability.Source.DrineasMahoney.RandNLA2016.Algorithm03.RandomProjectionPreconditioning.UniformRowComposition	c0006_direct
NumStability.Algorithms.RandNLA.UniformRowSamplingFP	compatibility	1	import Mathlib.Data.Real.Sqrt	c0006_direct
NumStability.Algorithms.RandNLA.UniformRowSamplingFP	compatibility	2	import Mathlib.Tactic.FieldSimp	c0006_direct
NumStability.Algorithms.RandNLA.UniformRowSamplingFP	compatibility	3	import Mathlib.Tactic.Linarith	c0006_direct
NumStability.Algorithms.RandNLA.UniformRowSamplingFP	compatibility	4	import Mathlib.Tactic.Ring	c0006_direct
NumStability.Algorithms.RandNLA.UniformRowSamplingFP	compatibility	5	import NumStability.Algorithms.RandNLA.UniformRowSamplingComposition	c0006_direct
NumStability.Algorithms.RandNLA.UniformRowSamplingFP	compatibility	6	import NumStability.Algorithms.RandomizedLinearAlgebra.Preconditioning.ExactTransforms.UniformRowEmbedding	c0006_expanded
NumStability.Algorithms.RandNLA.UniformRowSamplingFP	compatibility	7	import NumStability.Algorithms.RandomizedLinearAlgebra.Sampling.UniformRows.FloatingPoint	c0006_direct
NumStability.Algorithms.RandNLA.UniformRowSamplingFP	compatibility	8	import NumStability.Algorithms.RandomizedLinearAlgebra.Sampling.UniformRows.GramDotFloatingPoint	c0006_expanded
NumStability.Algorithms.RandNLA.UniformRowSamplingFP	compatibility	9	import NumStability.Source.DrineasMahoney.RandNLA2016.Algorithm03.RandomProjectionPreconditioning.FloatingPoint	c0006_direct
NumStability.Algorithms.RandNLA.UniformRowSamplingFP	compatibility	10	import NumStability.Source.DrineasMahoney.RandNLA2016.Algorithm03.RandomProjectionPreconditioning.SparsePreconditionedEmbeddings	c0006_expanded
NumStability.Algorithms.RandNLA.UniformRowSamplingFP	compatibility	11	import NumStability.Source.DrineasMahoney.RandNLA2016.Algorithm03.RandomProjectionPreconditioning.SparsePreconditionedGramBounds	c0006_expanded
NumStability.Algorithms.RandNLA.UniformRowSamplingFP	compatibility	12	import NumStability.Source.DrineasMahoney.RandNLA2016.Algorithm03.RandomProjectionPreconditioning.SparsePreconditionedGramGrids	c0006_expanded
NumStability.Algorithms.RandomizedLinearAlgebra.Preconditioning.CountSketch.HashCollisionProbabilities	produced_destination	1	import NumStability.Algorithms.RandomizedLinearAlgebra.Sampling.UniformRows.GramMoments	route_dag
NumStability.Algorithms.RandomizedLinearAlgebra.Preconditioning.CountSketch.HashCollisionProbabilities	produced_destination	2	import NumStability.Source.DrineasMahoney.RandNLA2016.Algorithm03.RandomProjectionPreconditioning.Preconditioning	c0006_direct
NumStability.Algorithms.RandomizedLinearAlgebra.Preconditioning.CountSketch.HashCollisionProbabilities	produced_destination	3	import NumStability.Source.Higham.Chapter04.Problem04	produced_destination
NumStability.Algorithms.RandomizedLinearAlgebra.Preconditioning.CountSketch.SketchedGramLoewnerCovers	produced_destination	1	import NumStability.Algorithms.RandomizedLinearAlgebra.Preconditioning.CountSketch.SketchedGramMoments	route_dag
NumStability.Algorithms.RandomizedLinearAlgebra.Preconditioning.CountSketch.SketchedGramLoewnerCovers	produced_destination	2	import NumStability.Analysis.LinearOperators.Jordan.NormalForm.PrimaryDecomposition	produced_destination
NumStability.Algorithms.RandomizedLinearAlgebra.Preconditioning.CountSketch.SketchedGramLoewnerCovers	produced_destination	3	import NumStability.Source.DrineasMahoney.RandNLA2016.Algorithm03.RandomProjectionPreconditioning.Preconditioning	c0006_direct
NumStability.Algorithms.RandomizedLinearAlgebra.Preconditioning.CountSketch.SketchedGramLoewnerCovers	produced_destination	4	import NumStability.Upstream.Lindemann.MonoidAlgebraCompat	produced_destination
NumStability.Algorithms.RandomizedLinearAlgebra.Preconditioning.CountSketch.SketchedGramMoments	produced_destination	1	import NumStability.Algorithms.RandomizedLinearAlgebra.Preconditioning.CountSketch.HashCollisionProbabilities	route_dag
NumStability.Algorithms.RandomizedLinearAlgebra.Preconditioning.CountSketch.SketchedGramMoments	produced_destination	2	import NumStability.Analysis.LinearOperators.Jordan.NormalForm.PrimaryDecomposition	produced_destination
NumStability.Algorithms.RandomizedLinearAlgebra.Preconditioning.CountSketch.SketchedGramMoments	produced_destination	3	import NumStability.Source.DrineasMahoney.RandNLA2016.Algorithm03.RandomProjectionPreconditioning.Preconditioning	c0006_direct
NumStability.Algorithms.RandomizedLinearAlgebra.Preconditioning.CountSketch.SketchedGramMoments	produced_destination	4	import NumStability.Source.Higham.Chapter04.Problem04	produced_destination
NumStability.Algorithms.RandomizedLinearAlgebra.Preconditioning.CountSketch.SketchedGramMoments	produced_destination	5	import NumStability.Upstream.Lindemann.MonoidAlgebraCompat	produced_destination
NumStability.Algorithms.RandomizedLinearAlgebra.Preconditioning.CountSketch.SketchInjectivityBounds	produced_destination	1	import NumStability.Algorithms.RandomizedLinearAlgebra.Preconditioning.CountSketch.HashCollisionProbabilities	route_dag
NumStability.Algorithms.RandomizedLinearAlgebra.Preconditioning.CountSketch.SketchInjectivityBounds	produced_destination	2	import NumStability.Analysis.LinearOperators.Jordan.NormalForm.PrimaryDecomposition	produced_destination
NumStability.Algorithms.RandomizedLinearAlgebra.Preconditioning.CountSketch.SketchInjectivityBounds	produced_destination	3	import NumStability.Source.DrineasMahoney.RandNLA2016.Algorithm03.RandomProjectionPreconditioning.Preconditioning	c0006_direct
NumStability.Algorithms.RandomizedLinearAlgebra.Preconditioning.CountSketch.SketchInjectivityBounds	produced_destination	4	import NumStability.Source.Higham.Chapter04.Problem04	produced_destination
NumStability.Algorithms.RandomizedLinearAlgebra.Preconditioning.CountSketch.SketchInjectivityBounds	produced_destination	5	import NumStability.Source.Higham.Chapter23.ThreeM	produced_destination
NumStability.Algorithms.RandomizedLinearAlgebra.Preconditioning.ExactTransforms.UniformRowEmbedding	produced_destination	1	import Mathlib.Algebra.BigOperators.Group.Finset.Basic	produced_destination
NumStability.Algorithms.RandomizedLinearAlgebra.Preconditioning.ExactTransforms.UniformRowEmbedding	produced_destination	2	import Mathlib.Algebra.Order.BigOperators.Group.Finset	produced_destination
NumStability.Algorithms.RandomizedLinearAlgebra.Preconditioning.ExactTransforms.UniformRowEmbedding	produced_destination	3	import Mathlib.Data.Real.Basic	produced_destination
NumStability.Algorithms.RandomizedLinearAlgebra.Preconditioning.ExactTransforms.UniformRowEmbedding	produced_destination	4	import Mathlib.Data.Real.Sqrt	c0006_direct
NumStability.Algorithms.RandomizedLinearAlgebra.Preconditioning.ExactTransforms.UniformRowEmbedding	produced_destination	5	import Mathlib.Tactic.FieldSimp	c0006_direct
NumStability.Algorithms.RandomizedLinearAlgebra.Preconditioning.ExactTransforms.UniformRowEmbedding	produced_destination	6	import Mathlib.Tactic.Linarith	c0006_direct
NumStability.Algorithms.RandomizedLinearAlgebra.Preconditioning.ExactTransforms.UniformRowEmbedding	produced_destination	7	import Mathlib.Tactic.Ring	c0006_direct
NumStability.Algorithms.RandomizedLinearAlgebra.Preconditioning.ExactTransforms.UniformRowEmbedding	produced_destination	8	import NumStability.Algorithms.DotProduct	produced_destination
NumStability.Algorithms.RandomizedLinearAlgebra.Preconditioning.ExactTransforms.UniformRowEmbedding	produced_destination	9	import NumStability.Algorithms.RandomizedLinearAlgebra.Concentration.TraceMGF.UniformRows	produced_destination
NumStability.Algorithms.RandomizedLinearAlgebra.Preconditioning.ExactTransforms.UniformRowEmbedding	produced_destination	10	import NumStability.Algorithms.RandomizedLinearAlgebra.Sampling.LeverageScore.Core	produced_destination
NumStability.Algorithms.RandomizedLinearAlgebra.Preconditioning.ExactTransforms.UniformRowEmbedding	produced_destination	11	import NumStability.Algorithms.RandomizedLinearAlgebra.Sampling.RowNorm.Core	produced_destination
NumStability.Algorithms.RandomizedLinearAlgebra.Preconditioning.ExactTransforms.UniformRowEmbedding	produced_destination	12	import NumStability.Algorithms.RandomizedLinearAlgebra.Sampling.RowNorm.Gram	produced_destination
NumStability.Algorithms.RandomizedLinearAlgebra.Preconditioning.ExactTransforms.UniformRowEmbedding	produced_destination	13	import NumStability.Algorithms.RandomizedLinearAlgebra.Sampling.UniformRows.Core	produced_destination
NumStability.Algorithms.RandomizedLinearAlgebra.Preconditioning.ExactTransforms.UniformRowEmbedding	produced_destination	14	import NumStability.Algorithms.RandomizedLinearAlgebra.Sampling.UniformRows.GramMoments	route_dag
NumStability.Algorithms.RandomizedLinearAlgebra.Preconditioning.ExactTransforms.UniformRowEmbedding	produced_destination	15	import NumStability.Analysis.FiniteProbability	produced_destination
NumStability.Algorithms.RandomizedLinearAlgebra.Preconditioning.ExactTransforms.UniformRowEmbedding	produced_destination	16	import NumStability.Analysis.MatrixAlgebra	produced_destination
NumStability.Algorithms.RandomizedLinearAlgebra.Preconditioning.ExactTransforms.UniformRowEmbedding	produced_destination	17	import NumStability.Analysis.MatrixConcentration	produced_destination
NumStability.Algorithms.RandomizedLinearAlgebra.Preconditioning.ExactTransforms.UniformRowEmbedding	produced_destination	18	import NumStability.Analysis.MatrixInequalities.LiebTrace.Concavity	produced_destination
NumStability.Algorithms.RandomizedLinearAlgebra.Preconditioning.ExactTransforms.UniformRowEmbedding	produced_destination	19	import NumStability.FloatingPoint.Model	produced_destination
NumStability.Algorithms.RandomizedLinearAlgebra.Preconditioning.ExactTransforms.UniformRowEmbedding	produced_destination	20	import NumStability.Source.DrineasMahoney.RandNLA2016.Algorithm02.RowSampling.Endpoints	produced_destination
NumStability.Algorithms.RandomizedLinearAlgebra.Preconditioning.ExactTransforms.UniformRowEmbedding	produced_destination	21	import NumStability.Source.DrineasMahoney.RandNLA2016.Algorithm03.RandomProjectionPreconditioning.UniformRows	produced_destination
NumStability.Algorithms.RandomizedLinearAlgebra.Preconditioning.ExactTransforms.UniformRowEmbedding	produced_destination	22	import NumStability.Source.DrineasMahoney.RandNLA2016.Equation04.RowSamplingProbability.Normalization	produced_destination
NumStability.Algorithms.RandomizedLinearAlgebra.Preconditioning.ExactTransforms.UniformRowEmbedding	produced_destination	23	import NumStability.Source.DrineasMahoney.RandNLA2016.Equation05.GramApproximation.Bounds	produced_destination
NumStability.Algorithms.RandomizedLinearAlgebra.Preconditioning.ExactTransforms.UniformRowEmbedding	produced_destination	24	import NumStability.Source.DrineasMahoney.RandNLA2016.Equation05.GramApproximation.SampledGramEndpoints	route_dag
NumStability.Algorithms.RandomizedLinearAlgebra.Preconditioning.ExactTransforms.UniformRowEmbedding	produced_destination	25	import NumStability.Source.DrineasMahoney.RandNLA2016.Equation06.LeverageProbability.Normalization	produced_destination
NumStability.Algorithms.RandomizedLinearAlgebra.Preconditioning.ExactTransforms.UniformRowEmbedding	produced_destination	26	import NumStability.Source.DrineasMahoney.RandNLA2016.Equation07.SubspaceEmbedding.Leverage	produced_destination
NumStability.Algorithms.RandomizedLinearAlgebra.Preconditioning.ExactTransforms.UniformRowEmbedding	produced_destination	27	import NumStability.Source.DrineasMahoney.RandNLA2016.Equation07.SubspaceEmbedding.SampledGramOperatorNorm	route_dag
NumStability.Algorithms.RandomizedLinearAlgebra.Preconditioning.ExactTransforms.UniformRowEmbedding	produced_destination	28	import NumStability.Algorithms.RandomizedLinearAlgebra.Preconditioning.CountSketch.SketchedGramMoments	route_dag
NumStability.Algorithms.RandomizedLinearAlgebra.Preconditioning.ExactTransforms.UniformRowEmbedding	produced_destination	29	import NumStability.Algorithms.RandomizedLinearAlgebra.Preconditioning.CountSketch.SketchInjectivityBounds	route_dag
NumStability.Algorithms.RandomizedLinearAlgebra.Preconditioning.ExactTransforms.UniformRowEmbedding	produced_destination	30	import NumStability.Analysis.LinearOperators.Jordan.NormalForm.PrimaryDecomposition	produced_destination
NumStability.Algorithms.RandomizedLinearAlgebra.Preconditioning.ExactTransforms.UniformRowEmbedding	produced_destination	31	import NumStability.Source.DrineasMahoney.RandNLA2016.Algorithm03.RandomProjectionPreconditioning.FloatingPoint	c0006_direct
NumStability.Algorithms.RandomizedLinearAlgebra.Sampling.UniformRows.GramDotFloatingPoint	produced_destination	1	import NumStability.Algorithms.RandomizedLinearAlgebra.Sampling.UniformRows.GramMoments	route_dag
NumStability.Algorithms.RandomizedLinearAlgebra.Sampling.UniformRows.GramDotFloatingPoint	produced_destination	2	import NumStability.Analysis.LinearOperators.Jordan.NormalForm.PrimaryDecomposition	produced_destination
NumStability.Algorithms.RandomizedLinearAlgebra.Sampling.UniformRows.GramDotFloatingPoint	produced_destination	3	import NumStability.Source.DrineasMahoney.RandNLA2016.Algorithm03.RandomProjectionPreconditioning.FloatingPoint	c0006_direct
NumStability.Algorithms.RandomizedLinearAlgebra.Sampling.UniformRows.GramMoments	produced_destination	1	import NumStability.Analysis.LinearOperators.Jordan.NormalForm.PrimaryDecomposition	produced_destination
NumStability.Algorithms.RandomizedLinearAlgebra.Sampling.UniformRows.GramMoments	produced_destination	2	import NumStability.Source.DrineasMahoney.RandNLA2016.Algorithm03.RandomProjectionPreconditioning.UniformRows	c0006_direct
NumStability.Algorithms.RandomizedLinearAlgebra.Sampling.UniformRows.GramMoments	produced_destination	3	import NumStability.Source.Higham.Chapter04.Problem04	produced_destination
NumStability.Source.DrineasMahoney.RandNLA2016.Algorithm01.ElementwiseSampling.HitPairEvents	produced_destination	1	import Mathlib.Algebra.BigOperators.Group.Finset.Basic	c0006_direct
NumStability.Source.DrineasMahoney.RandNLA2016.Algorithm01.ElementwiseSampling.HitPairEvents	produced_destination	2	import Mathlib.Algebra.Order.BigOperators.Group.Finset	c0006_direct
NumStability.Source.DrineasMahoney.RandNLA2016.Algorithm01.ElementwiseSampling.HitPairEvents	produced_destination	3	import Mathlib.Data.Real.Basic	c0006_direct
NumStability.Source.DrineasMahoney.RandNLA2016.Algorithm01.ElementwiseSampling.HitPairEvents	produced_destination	4	import Mathlib.Tactic.FieldSimp	produced_destination
NumStability.Source.DrineasMahoney.RandNLA2016.Algorithm01.ElementwiseSampling.HitPairEvents	produced_destination	5	import Mathlib.Tactic.Linarith	c0006_direct
NumStability.Source.DrineasMahoney.RandNLA2016.Algorithm01.ElementwiseSampling.HitPairEvents	produced_destination	6	import Mathlib.Tactic.Ring	c0006_direct
NumStability.Source.DrineasMahoney.RandNLA2016.Algorithm01.ElementwiseSampling.HitPairEvents	produced_destination	7	import NumStability.Algorithms.RandomizedLinearAlgebra.Sampling.Elementwise.Core	produced_destination
NumStability.Source.DrineasMahoney.RandNLA2016.Algorithm01.ElementwiseSampling.HitPairEvents	produced_destination	8	import NumStability.Analysis.FiniteProbability	c0006_direct
NumStability.Source.DrineasMahoney.RandNLA2016.Algorithm01.ElementwiseSampling.HitPairEvents	produced_destination	9	import NumStability.Analysis.MatrixAlgebra	produced_destination
NumStability.Source.DrineasMahoney.RandNLA2016.Algorithm01.ElementwiseSampling.HitPairEvents	produced_destination	10	import NumStability.Analysis.Rounding	produced_destination
NumStability.Source.DrineasMahoney.RandNLA2016.Algorithm01.ElementwiseSampling.HitPairEvents	produced_destination	11	import NumStability.Analysis.Summation.ErrorBounds	produced_destination
NumStability.Source.DrineasMahoney.RandNLA2016.Algorithm01.ElementwiseSampling.HitPairEvents	produced_destination	12	import NumStability.FloatingPoint.Model	produced_destination
NumStability.Source.DrineasMahoney.RandNLA2016.Algorithm01.ElementwiseSampling.HitPairEvents	produced_destination	13	import NumStability.Source.DrineasMahoney.RandNLA2016.Algorithm01.ElementwiseSampling.Sampling	produced_destination
NumStability.Source.DrineasMahoney.RandNLA2016.Algorithm01.ElementwiseSampling.HitPairEvents	produced_destination	14	import NumStability.Analysis.LinearOperators.Jordan.NormalForm.PrimaryDecomposition	produced_destination
NumStability.Source.DrineasMahoney.RandNLA2016.Algorithm01.ElementwiseSampling.HitPairEvents	produced_destination	15	import NumStability.Source.DrineasMahoney.RandNLA2016.Algorithm01.ElementwiseSampling.HitCountConcentration	c0006_direct
NumStability.Source.DrineasMahoney.RandNLA2016.Algorithm01.ElementwiseSampling.HitPairEvents	produced_destination	16	import NumStability.Source.Higham.Chapter04.Problem04	produced_destination
NumStability.Source.DrineasMahoney.RandNLA2016.Algorithm03.RandomProjectionPreconditioning.SparsePreconditionedEmbeddings	produced_destination	1	import NumStability.Algorithms.RandomizedLinearAlgebra.Preconditioning.ExactTransforms.UniformRowEmbedding	route_dag
NumStability.Source.DrineasMahoney.RandNLA2016.Algorithm03.RandomProjectionPreconditioning.SparsePreconditionedEmbeddings	produced_destination	2	import NumStability.Analysis.LinearOperators.Jordan.NormalForm.PrimaryDecomposition	produced_destination
NumStability.Source.DrineasMahoney.RandNLA2016.Algorithm03.RandomProjectionPreconditioning.SparsePreconditionedEmbeddings	produced_destination	3	import NumStability.Source.DrineasMahoney.RandNLA2016.Algorithm03.RandomProjectionPreconditioning.FloatingPoint	c0006_direct
NumStability.Source.DrineasMahoney.RandNLA2016.Algorithm03.RandomProjectionPreconditioning.SparsePreconditionedEmbeddings	produced_destination	4	import NumStability.Source.Higham.Chapter23.ThreeM	produced_destination
NumStability.Source.DrineasMahoney.RandNLA2016.Algorithm03.RandomProjectionPreconditioning.SparsePreconditionedGramBounds	produced_destination	1	import NumStability.Algorithms.RandomizedLinearAlgebra.Preconditioning.CountSketch.SketchedGramLoewnerCovers	route_dag
NumStability.Source.DrineasMahoney.RandNLA2016.Algorithm03.RandomProjectionPreconditioning.SparsePreconditionedGramBounds	produced_destination	2	import NumStability.Analysis.LinearOperators.Jordan.NormalForm.PrimaryDecomposition	produced_destination
NumStability.Source.DrineasMahoney.RandNLA2016.Algorithm03.RandomProjectionPreconditioning.SparsePreconditionedGramBounds	produced_destination	3	import NumStability.Source.DrineasMahoney.RandNLA2016.Algorithm03.RandomProjectionPreconditioning.FloatingPoint	c0006_direct
NumStability.Source.DrineasMahoney.RandNLA2016.Algorithm03.RandomProjectionPreconditioning.SparsePreconditionedGramBounds	produced_destination	4	import NumStability.Source.DrineasMahoney.RandNLA2016.Algorithm03.RandomProjectionPreconditioning.SparsePreconditionedEmbeddings	route_dag
NumStability.Source.DrineasMahoney.RandNLA2016.Algorithm03.RandomProjectionPreconditioning.SparsePreconditionedGramBounds	produced_destination	5	import NumStability.Source.Higham.Chapter23.ThreeM	produced_destination
NumStability.Source.DrineasMahoney.RandNLA2016.Algorithm03.RandomProjectionPreconditioning.SparsePreconditionedGramBounds	produced_destination	6	import NumStability.Upstream.Lindemann.MonoidAlgebraCompat	produced_destination
NumStability.Source.DrineasMahoney.RandNLA2016.Algorithm03.RandomProjectionPreconditioning.SparsePreconditionedGramGrids	produced_destination	1	import NumStability.Analysis.LinearOperators.Jordan.NormalForm.PrimaryDecomposition	produced_destination
NumStability.Source.DrineasMahoney.RandNLA2016.Algorithm03.RandomProjectionPreconditioning.SparsePreconditionedGramGrids	produced_destination	2	import NumStability.Source.DrineasMahoney.RandNLA2016.Algorithm03.RandomProjectionPreconditioning.FloatingPoint	c0006_direct
NumStability.Source.DrineasMahoney.RandNLA2016.Algorithm03.RandomProjectionPreconditioning.SparsePreconditionedGramGrids	produced_destination	3	import NumStability.Source.DrineasMahoney.RandNLA2016.Algorithm03.RandomProjectionPreconditioning.SparsePreconditionedGramBounds	route_dag
NumStability.Source.DrineasMahoney.RandNLA2016.Algorithm03.RandomProjectionPreconditioning.SparsePreconditionedGramGrids	produced_destination	4	import NumStability.Source.Higham.Chapter23.ThreeM	produced_destination
NumStability.Source.DrineasMahoney.RandNLA2016.Equation02.SpectralApproximation.ResidualMomentBounds	produced_destination	1	import Mathlib.Algebra.BigOperators.Group.Finset.Basic	produced_destination
NumStability.Source.DrineasMahoney.RandNLA2016.Equation02.SpectralApproximation.ResidualMomentBounds	produced_destination	2	import Mathlib.Algebra.Order.BigOperators.Group.Finset	produced_destination
NumStability.Source.DrineasMahoney.RandNLA2016.Equation02.SpectralApproximation.ResidualMomentBounds	produced_destination	3	import Mathlib.Analysis.SpecialFunctions.Log.Basic	produced_destination
NumStability.Source.DrineasMahoney.RandNLA2016.Equation02.SpectralApproximation.ResidualMomentBounds	produced_destination	4	import Mathlib.Data.Fin.Tuple.Basic	produced_destination
NumStability.Source.DrineasMahoney.RandNLA2016.Equation02.SpectralApproximation.ResidualMomentBounds	produced_destination	5	import Mathlib.Data.Real.Basic	produced_destination
NumStability.Source.DrineasMahoney.RandNLA2016.Equation02.SpectralApproximation.ResidualMomentBounds	produced_destination	6	import Mathlib.Tactic.FieldSimp	produced_destination
NumStability.Source.DrineasMahoney.RandNLA2016.Equation02.SpectralApproximation.ResidualMomentBounds	produced_destination	7	import Mathlib.Tactic.Linarith	produced_destination
NumStability.Source.DrineasMahoney.RandNLA2016.Equation02.SpectralApproximation.ResidualMomentBounds	produced_destination	8	import Mathlib.Tactic.Ring	produced_destination
NumStability.Source.DrineasMahoney.RandNLA2016.Equation02.SpectralApproximation.ResidualMomentBounds	produced_destination	9	import NumStability.Algorithms.RandomizedLinearAlgebra.Concentration.HitCounts.Bounds	produced_destination
NumStability.Source.DrineasMahoney.RandNLA2016.Equation02.SpectralApproximation.ResidualMomentBounds	produced_destination	10	import NumStability.Algorithms.RandomizedLinearAlgebra.Concentration.TraceMGF.Elementwise	produced_destination
NumStability.Source.DrineasMahoney.RandNLA2016.Equation02.SpectralApproximation.ResidualMomentBounds	produced_destination	11	import NumStability.Algorithms.RandomizedLinearAlgebra.Sampling.Elementwise.Core	produced_destination
NumStability.Source.DrineasMahoney.RandNLA2016.Equation02.SpectralApproximation.ResidualMomentBounds	produced_destination	12	import NumStability.Analysis.FiniteProbability	c0006_direct
NumStability.Source.DrineasMahoney.RandNLA2016.Equation02.SpectralApproximation.ResidualMomentBounds	produced_destination	13	import NumStability.Analysis.MatrixAlgebra	produced_destination
NumStability.Source.DrineasMahoney.RandNLA2016.Equation02.SpectralApproximation.ResidualMomentBounds	produced_destination	14	import NumStability.Analysis.MatrixInequalities.LiebTrace.Concavity	produced_destination
NumStability.Source.DrineasMahoney.RandNLA2016.Equation02.SpectralApproximation.ResidualMomentBounds	produced_destination	15	import NumStability.Analysis.Rounding	produced_destination
NumStability.Source.DrineasMahoney.RandNLA2016.Equation02.SpectralApproximation.ResidualMomentBounds	produced_destination	16	import NumStability.Analysis.Summation.ErrorBounds	produced_destination
NumStability.Source.DrineasMahoney.RandNLA2016.Equation02.SpectralApproximation.ResidualMomentBounds	produced_destination	17	import NumStability.FloatingPoint.Model	produced_destination
NumStability.Source.DrineasMahoney.RandNLA2016.Equation02.SpectralApproximation.ResidualMomentBounds	produced_destination	18	import NumStability.Source.DrineasMahoney.RandNLA2016.Algorithm01.ElementwiseSampling.HitCountConcentration	produced_destination
NumStability.Source.DrineasMahoney.RandNLA2016.Equation02.SpectralApproximation.ResidualMomentBounds	produced_destination	19	import NumStability.Source.DrineasMahoney.RandNLA2016.Algorithm01.ElementwiseSampling.HitPairEvents	route_dag
NumStability.Source.DrineasMahoney.RandNLA2016.Equation02.SpectralApproximation.ResidualMomentBounds	produced_destination	20	import NumStability.Source.DrineasMahoney.RandNLA2016.Algorithm01.ElementwiseSampling.Sampling	produced_destination
NumStability.Source.DrineasMahoney.RandNLA2016.Equation02.SpectralApproximation.ResidualMomentBounds	produced_destination	21	import NumStability.Source.DrineasMahoney.RandNLA2016.Algorithm01.ElementwiseSampling.TraceMGF	produced_destination
NumStability.Source.DrineasMahoney.RandNLA2016.Equation02.SpectralApproximation.ResidualMomentBounds	produced_destination	22	import NumStability.Analysis.LinearOperators.Jordan.NormalForm.PrimaryDecomposition	produced_destination
NumStability.Source.DrineasMahoney.RandNLA2016.Equation02.SpectralApproximation.ResidualMomentBounds	produced_destination	23	import NumStability.Source.DrineasMahoney.RandNLA2016.Equation02.SpectralApproximation.ElementwiseSpectral	c0006_direct
NumStability.Source.DrineasMahoney.RandNLA2016.Equation02.SpectralApproximation.SpectralEventEndpoints	produced_destination	1	import Mathlib.Algebra.BigOperators.Group.Finset.Basic	produced_destination
NumStability.Source.DrineasMahoney.RandNLA2016.Equation02.SpectralApproximation.SpectralEventEndpoints	produced_destination	2	import Mathlib.Algebra.Order.BigOperators.Group.Finset	produced_destination
NumStability.Source.DrineasMahoney.RandNLA2016.Equation02.SpectralApproximation.SpectralEventEndpoints	produced_destination	3	import Mathlib.Analysis.SpecialFunctions.Log.Basic	produced_destination
NumStability.Source.DrineasMahoney.RandNLA2016.Equation02.SpectralApproximation.SpectralEventEndpoints	produced_destination	4	import Mathlib.Data.Fin.Tuple.Basic	produced_destination
NumStability.Source.DrineasMahoney.RandNLA2016.Equation02.SpectralApproximation.SpectralEventEndpoints	produced_destination	5	import Mathlib.Data.Real.Basic	produced_destination
NumStability.Source.DrineasMahoney.RandNLA2016.Equation02.SpectralApproximation.SpectralEventEndpoints	produced_destination	6	import Mathlib.Tactic.FieldSimp	produced_destination
NumStability.Source.DrineasMahoney.RandNLA2016.Equation02.SpectralApproximation.SpectralEventEndpoints	produced_destination	7	import Mathlib.Tactic.Linarith	produced_destination
NumStability.Source.DrineasMahoney.RandNLA2016.Equation02.SpectralApproximation.SpectralEventEndpoints	produced_destination	8	import Mathlib.Tactic.Ring	produced_destination
NumStability.Source.DrineasMahoney.RandNLA2016.Equation02.SpectralApproximation.SpectralEventEndpoints	produced_destination	9	import NumStability.Algorithms.RandomizedLinearAlgebra.Concentration.HitCounts.Bounds	produced_destination
NumStability.Source.DrineasMahoney.RandNLA2016.Equation02.SpectralApproximation.SpectralEventEndpoints	produced_destination	10	import NumStability.Algorithms.RandomizedLinearAlgebra.Concentration.TraceMGF.Elementwise	produced_destination
NumStability.Source.DrineasMahoney.RandNLA2016.Equation02.SpectralApproximation.SpectralEventEndpoints	produced_destination	11	import NumStability.Algorithms.RandomizedLinearAlgebra.Sampling.Elementwise.Core	produced_destination
NumStability.Source.DrineasMahoney.RandNLA2016.Equation02.SpectralApproximation.SpectralEventEndpoints	produced_destination	12	import NumStability.Analysis.FiniteProbability	c0006_direct
NumStability.Source.DrineasMahoney.RandNLA2016.Equation02.SpectralApproximation.SpectralEventEndpoints	produced_destination	13	import NumStability.Analysis.MatrixAlgebra	produced_destination
NumStability.Source.DrineasMahoney.RandNLA2016.Equation02.SpectralApproximation.SpectralEventEndpoints	produced_destination	14	import NumStability.Analysis.MatrixInequalities.LiebTrace.Concavity	produced_destination
NumStability.Source.DrineasMahoney.RandNLA2016.Equation02.SpectralApproximation.SpectralEventEndpoints	produced_destination	15	import NumStability.Analysis.Rounding	produced_destination
NumStability.Source.DrineasMahoney.RandNLA2016.Equation02.SpectralApproximation.SpectralEventEndpoints	produced_destination	16	import NumStability.Analysis.Summation.ErrorBounds	produced_destination
NumStability.Source.DrineasMahoney.RandNLA2016.Equation02.SpectralApproximation.SpectralEventEndpoints	produced_destination	17	import NumStability.FloatingPoint.Model	produced_destination
NumStability.Source.DrineasMahoney.RandNLA2016.Equation02.SpectralApproximation.SpectralEventEndpoints	produced_destination	18	import NumStability.Source.DrineasMahoney.RandNLA2016.Algorithm01.ElementwiseSampling.HitCountConcentration	produced_destination
NumStability.Source.DrineasMahoney.RandNLA2016.Equation02.SpectralApproximation.SpectralEventEndpoints	produced_destination	19	import NumStability.Source.DrineasMahoney.RandNLA2016.Algorithm01.ElementwiseSampling.HitPairEvents	route_dag
NumStability.Source.DrineasMahoney.RandNLA2016.Equation02.SpectralApproximation.SpectralEventEndpoints	produced_destination	20	import NumStability.Source.DrineasMahoney.RandNLA2016.Algorithm01.ElementwiseSampling.Sampling	produced_destination
NumStability.Source.DrineasMahoney.RandNLA2016.Equation02.SpectralApproximation.SpectralEventEndpoints	produced_destination	21	import NumStability.Source.DrineasMahoney.RandNLA2016.Algorithm01.ElementwiseSampling.TraceMGF	produced_destination
NumStability.Source.DrineasMahoney.RandNLA2016.Equation02.SpectralApproximation.SpectralEventEndpoints	produced_destination	22	import NumStability.Analysis.LinearOperators.Jordan.NormalForm.PrimaryDecomposition	produced_destination
NumStability.Source.DrineasMahoney.RandNLA2016.Equation02.SpectralApproximation.SpectralEventEndpoints	produced_destination	23	import NumStability.Source.DrineasMahoney.RandNLA2016.Equation02.SpectralApproximation.ElementwiseSpectral	c0006_direct
NumStability.Source.DrineasMahoney.RandNLA2016.Equation02.SpectralApproximation.SpectralEventEndpoints	produced_destination	24	import NumStability.Source.DrineasMahoney.RandNLA2016.Equation02.SpectralApproximation.ResidualMomentBounds	route_dag
NumStability.Source.DrineasMahoney.RandNLA2016.Equation05.GramApproximation.SampledGramEndpoints	produced_destination	1	import Mathlib.Algebra.BigOperators.Group.Finset.Basic	c0006_direct
NumStability.Source.DrineasMahoney.RandNLA2016.Equation05.GramApproximation.SampledGramEndpoints	produced_destination	2	import Mathlib.Algebra.Order.BigOperators.Group.Finset	c0006_direct
NumStability.Source.DrineasMahoney.RandNLA2016.Equation05.GramApproximation.SampledGramEndpoints	produced_destination	3	import Mathlib.Data.Real.Basic	c0006_direct
NumStability.Source.DrineasMahoney.RandNLA2016.Equation05.GramApproximation.SampledGramEndpoints	produced_destination	4	import Mathlib.Data.Real.Sqrt	produced_destination
NumStability.Source.DrineasMahoney.RandNLA2016.Equation05.GramApproximation.SampledGramEndpoints	produced_destination	5	import Mathlib.Tactic.FieldSimp	c0006_direct
NumStability.Source.DrineasMahoney.RandNLA2016.Equation05.GramApproximation.SampledGramEndpoints	produced_destination	6	import Mathlib.Tactic.Linarith	c0006_direct
NumStability.Source.DrineasMahoney.RandNLA2016.Equation05.GramApproximation.SampledGramEndpoints	produced_destination	7	import Mathlib.Tactic.Ring	c0006_direct
NumStability.Source.DrineasMahoney.RandNLA2016.Equation05.GramApproximation.SampledGramEndpoints	produced_destination	8	import NumStability.Algorithms.DotProduct	c0006_direct
NumStability.Source.DrineasMahoney.RandNLA2016.Equation05.GramApproximation.SampledGramEndpoints	produced_destination	9	import NumStability.Algorithms.RandomizedLinearAlgebra.Sampling.RowNorm.Core	produced_destination
NumStability.Source.DrineasMahoney.RandNLA2016.Equation05.GramApproximation.SampledGramEndpoints	produced_destination	10	import NumStability.Analysis.FiniteProbability	produced_destination
NumStability.Source.DrineasMahoney.RandNLA2016.Equation05.GramApproximation.SampledGramEndpoints	produced_destination	11	import NumStability.Analysis.MatrixAlgebra	produced_destination
NumStability.Source.DrineasMahoney.RandNLA2016.Equation05.GramApproximation.SampledGramEndpoints	produced_destination	12	import NumStability.FloatingPoint.Model	produced_destination
NumStability.Source.DrineasMahoney.RandNLA2016.Equation05.GramApproximation.SampledGramEndpoints	produced_destination	13	import NumStability.Source.DrineasMahoney.RandNLA2016.Algorithm02.RowSampling.Endpoints	produced_destination
NumStability.Source.DrineasMahoney.RandNLA2016.Equation05.GramApproximation.SampledGramEndpoints	produced_destination	14	import NumStability.Source.DrineasMahoney.RandNLA2016.Equation04.RowSamplingProbability.Normalization	produced_destination
NumStability.Source.DrineasMahoney.RandNLA2016.Equation05.GramApproximation.SampledGramEndpoints	produced_destination	15	import NumStability.Analysis.LinearOperators.Jordan.NormalForm.PrimaryDecomposition	produced_destination
NumStability.Source.DrineasMahoney.RandNLA2016.Equation05.GramApproximation.SampledGramEndpoints	produced_destination	16	import NumStability.Source.DrineasMahoney.RandNLA2016.Equation05.GramApproximation.Bounds	c0006_direct
NumStability.Source.DrineasMahoney.RandNLA2016.Equation05.GramApproximation.SampledGramEndpoints	produced_destination	17	import NumStability.Source.Higham.Chapter04.Problem04	produced_destination
NumStability.Source.DrineasMahoney.RandNLA2016.Equation07.SubspaceEmbedding.SampledGramOperatorNorm	produced_destination	1	import NumStability.Analysis.LinearOperators.Jordan.NormalForm.PrimaryDecomposition	produced_destination
NumStability.Source.DrineasMahoney.RandNLA2016.Equation07.SubspaceEmbedding.SampledGramOperatorNorm	produced_destination	2	import NumStability.Source.DrineasMahoney.RandNLA2016.Equation05.GramApproximation.SampledGramEndpoints	route_dag
NumStability.Source.DrineasMahoney.RandNLA2016.Equation07.SubspaceEmbedding.SampledGramOperatorNorm	produced_destination	3	import NumStability.Source.DrineasMahoney.RandNLA2016.Equation06.LeverageProbability.Normalization	c0006_direct
NumStability.Source.DrineasMahoney.RandNLA2016.Equation07.SubspaceEmbedding.SampledGramOperatorNorm	produced_destination	4	import NumStability.Source.DrineasMahoney.RandNLA2016.Equation07.SubspaceEmbedding.Leverage	c0006_direct
NumStability.Source.DrineasMahoney.RandNLA2016.Equation08.LeastSquaresSketch.FloatingPointObjectiveBounds	produced_destination	1	import Mathlib.Algebra.BigOperators.Group.Finset.Basic	produced_destination
NumStability.Source.DrineasMahoney.RandNLA2016.Equation08.LeastSquaresSketch.FloatingPointObjectiveBounds	produced_destination	2	import Mathlib.Algebra.Order.BigOperators.Group.Finset	produced_destination
NumStability.Source.DrineasMahoney.RandNLA2016.Equation08.LeastSquaresSketch.FloatingPointObjectiveBounds	produced_destination	3	import Mathlib.Data.Fin.Tuple.Basic	produced_destination
NumStability.Source.DrineasMahoney.RandNLA2016.Equation08.LeastSquaresSketch.FloatingPointObjectiveBounds	produced_destination	4	import Mathlib.Data.Real.Basic	produced_destination
NumStability.Source.DrineasMahoney.RandNLA2016.Equation08.LeastSquaresSketch.FloatingPointObjectiveBounds	produced_destination	5	import Mathlib.Data.Real.Sqrt	produced_destination
NumStability.Source.DrineasMahoney.RandNLA2016.Equation08.LeastSquaresSketch.FloatingPointObjectiveBounds	produced_destination	6	import Mathlib.Tactic.FieldSimp	produced_destination
NumStability.Source.DrineasMahoney.RandNLA2016.Equation08.LeastSquaresSketch.FloatingPointObjectiveBounds	produced_destination	7	import Mathlib.Tactic.Linarith	produced_destination
NumStability.Source.DrineasMahoney.RandNLA2016.Equation08.LeastSquaresSketch.FloatingPointObjectiveBounds	produced_destination	8	import Mathlib.Tactic.Ring	produced_destination
NumStability.Source.DrineasMahoney.RandNLA2016.Equation08.LeastSquaresSketch.FloatingPointObjectiveBounds	produced_destination	9	import NumStability.Algorithms.DotProduct	produced_destination
NumStability.Source.DrineasMahoney.RandNLA2016.Equation08.LeastSquaresSketch.FloatingPointObjectiveBounds	produced_destination	10	import NumStability.Algorithms.RandomizedLinearAlgebra.Concentration.TraceMGF.LeverageScore	produced_destination
NumStability.Source.DrineasMahoney.RandNLA2016.Equation08.LeastSquaresSketch.FloatingPointObjectiveBounds	produced_destination	11	import NumStability.Algorithms.RandomizedLinearAlgebra.Concentration.TraceMGF.RowNorm	produced_destination
NumStability.Source.DrineasMahoney.RandNLA2016.Equation08.LeastSquaresSketch.FloatingPointObjectiveBounds	produced_destination	12	import NumStability.Algorithms.RandomizedLinearAlgebra.Sampling.LeverageScore.Core	produced_destination
NumStability.Source.DrineasMahoney.RandNLA2016.Equation08.LeastSquaresSketch.FloatingPointObjectiveBounds	produced_destination	13	import NumStability.Algorithms.RandomizedLinearAlgebra.Sampling.RowNorm.Core	produced_destination
NumStability.Source.DrineasMahoney.RandNLA2016.Equation08.LeastSquaresSketch.FloatingPointObjectiveBounds	produced_destination	14	import NumStability.Algorithms.RandomizedLinearAlgebra.Sampling.RowNorm.Gram	produced_destination
NumStability.Source.DrineasMahoney.RandNLA2016.Equation08.LeastSquaresSketch.FloatingPointObjectiveBounds	produced_destination	15	import NumStability.Analysis.FiniteProbability	c0006_direct
NumStability.Source.DrineasMahoney.RandNLA2016.Equation08.LeastSquaresSketch.FloatingPointObjectiveBounds	produced_destination	16	import NumStability.Analysis.MatrixAlgebra	c0006_direct
NumStability.Source.DrineasMahoney.RandNLA2016.Equation08.LeastSquaresSketch.FloatingPointObjectiveBounds	produced_destination	17	import NumStability.Analysis.MatrixConcentration	produced_destination
NumStability.Source.DrineasMahoney.RandNLA2016.Equation08.LeastSquaresSketch.FloatingPointObjectiveBounds	produced_destination	18	import NumStability.Analysis.MatrixInequalities.LiebTrace.Concavity	produced_destination
NumStability.Source.DrineasMahoney.RandNLA2016.Equation08.LeastSquaresSketch.FloatingPointObjectiveBounds	produced_destination	19	import NumStability.FloatingPoint.Model	produced_destination
NumStability.Source.DrineasMahoney.RandNLA2016.Equation08.LeastSquaresSketch.FloatingPointObjectiveBounds	produced_destination	20	import NumStability.Source.DrineasMahoney.RandNLA2016.Algorithm02.RowSampling.Endpoints	produced_destination
NumStability.Source.DrineasMahoney.RandNLA2016.Equation08.LeastSquaresSketch.FloatingPointObjectiveBounds	produced_destination	21	import NumStability.Source.DrineasMahoney.RandNLA2016.Equation04.RowSamplingProbability.Normalization	produced_destination
NumStability.Source.DrineasMahoney.RandNLA2016.Equation08.LeastSquaresSketch.FloatingPointObjectiveBounds	produced_destination	22	import NumStability.Source.DrineasMahoney.RandNLA2016.Equation05.GramApproximation.Bounds	produced_destination
NumStability.Source.DrineasMahoney.RandNLA2016.Equation08.LeastSquaresSketch.FloatingPointObjectiveBounds	produced_destination	23	import NumStability.Source.DrineasMahoney.RandNLA2016.Equation05.GramApproximation.SampledGramEndpoints	route_dag
NumStability.Source.DrineasMahoney.RandNLA2016.Equation08.LeastSquaresSketch.FloatingPointObjectiveBounds	produced_destination	24	import NumStability.Source.DrineasMahoney.RandNLA2016.Equation06.LeverageProbability.Normalization	produced_destination
NumStability.Source.DrineasMahoney.RandNLA2016.Equation08.LeastSquaresSketch.FloatingPointObjectiveBounds	produced_destination	25	import NumStability.Source.DrineasMahoney.RandNLA2016.Equation07.SubspaceEmbedding.Leverage	produced_destination
NumStability.Source.DrineasMahoney.RandNLA2016.Equation08.LeastSquaresSketch.FloatingPointObjectiveBounds	produced_destination	26	import NumStability.Source.DrineasMahoney.RandNLA2016.Equation07.SubspaceEmbedding.LeverageTraceMGF	produced_destination
NumStability.Source.DrineasMahoney.RandNLA2016.Equation08.LeastSquaresSketch.FloatingPointObjectiveBounds	produced_destination	27	import NumStability.Source.DrineasMahoney.RandNLA2016.Equation07.SubspaceEmbedding.RowNormTraceMGF	produced_destination
NumStability.Source.DrineasMahoney.RandNLA2016.Equation08.LeastSquaresSketch.FloatingPointObjectiveBounds	produced_destination	28	import NumStability.Source.DrineasMahoney.RandNLA2016.Equation07.SubspaceEmbedding.SampledGramOperatorNorm	route_dag
NumStability.Source.DrineasMahoney.RandNLA2016.Equation08.LeastSquaresSketch.FloatingPointObjectiveBounds	produced_destination	29	import NumStability.Source.DrineasMahoney.RandNLA2016.Equation08.LeastSquaresSketch.Endpoints	c0006_direct
NumStability.Source.DrineasMahoney.RandNLA2016.Equation08.LeastSquaresSketch.SketchedObjectiveBounds	produced_destination	1	import Mathlib.Algebra.BigOperators.Group.Finset.Basic	produced_destination
NumStability.Source.DrineasMahoney.RandNLA2016.Equation08.LeastSquaresSketch.SketchedObjectiveBounds	produced_destination	2	import Mathlib.Algebra.Order.BigOperators.Group.Finset	produced_destination
NumStability.Source.DrineasMahoney.RandNLA2016.Equation08.LeastSquaresSketch.SketchedObjectiveBounds	produced_destination	3	import Mathlib.Data.Fin.Tuple.Basic	produced_destination
NumStability.Source.DrineasMahoney.RandNLA2016.Equation08.LeastSquaresSketch.SketchedObjectiveBounds	produced_destination	4	import Mathlib.Data.Real.Basic	produced_destination
NumStability.Source.DrineasMahoney.RandNLA2016.Equation08.LeastSquaresSketch.SketchedObjectiveBounds	produced_destination	5	import Mathlib.Data.Real.Sqrt	produced_destination
NumStability.Source.DrineasMahoney.RandNLA2016.Equation08.LeastSquaresSketch.SketchedObjectiveBounds	produced_destination	6	import Mathlib.Tactic.FieldSimp	produced_destination
NumStability.Source.DrineasMahoney.RandNLA2016.Equation08.LeastSquaresSketch.SketchedObjectiveBounds	produced_destination	7	import Mathlib.Tactic.Linarith	produced_destination
NumStability.Source.DrineasMahoney.RandNLA2016.Equation08.LeastSquaresSketch.SketchedObjectiveBounds	produced_destination	8	import Mathlib.Tactic.Ring	produced_destination
NumStability.Source.DrineasMahoney.RandNLA2016.Equation08.LeastSquaresSketch.SketchedObjectiveBounds	produced_destination	9	import NumStability.Algorithms.DotProduct	produced_destination
NumStability.Source.DrineasMahoney.RandNLA2016.Equation08.LeastSquaresSketch.SketchedObjectiveBounds	produced_destination	10	import NumStability.Algorithms.RandomizedLinearAlgebra.Concentration.TraceMGF.LeverageScore	produced_destination
NumStability.Source.DrineasMahoney.RandNLA2016.Equation08.LeastSquaresSketch.SketchedObjectiveBounds	produced_destination	11	import NumStability.Algorithms.RandomizedLinearAlgebra.Concentration.TraceMGF.RowNorm	produced_destination
NumStability.Source.DrineasMahoney.RandNLA2016.Equation08.LeastSquaresSketch.SketchedObjectiveBounds	produced_destination	12	import NumStability.Algorithms.RandomizedLinearAlgebra.Sampling.LeverageScore.Core	produced_destination
NumStability.Source.DrineasMahoney.RandNLA2016.Equation08.LeastSquaresSketch.SketchedObjectiveBounds	produced_destination	13	import NumStability.Algorithms.RandomizedLinearAlgebra.Sampling.RowNorm.Core	produced_destination
NumStability.Source.DrineasMahoney.RandNLA2016.Equation08.LeastSquaresSketch.SketchedObjectiveBounds	produced_destination	14	import NumStability.Algorithms.RandomizedLinearAlgebra.Sampling.RowNorm.Gram	produced_destination
NumStability.Source.DrineasMahoney.RandNLA2016.Equation08.LeastSquaresSketch.SketchedObjectiveBounds	produced_destination	15	import NumStability.Analysis.FiniteProbability	c0006_direct
NumStability.Source.DrineasMahoney.RandNLA2016.Equation08.LeastSquaresSketch.SketchedObjectiveBounds	produced_destination	16	import NumStability.Analysis.MatrixAlgebra	c0006_direct
NumStability.Source.DrineasMahoney.RandNLA2016.Equation08.LeastSquaresSketch.SketchedObjectiveBounds	produced_destination	17	import NumStability.Analysis.MatrixConcentration	produced_destination
NumStability.Source.DrineasMahoney.RandNLA2016.Equation08.LeastSquaresSketch.SketchedObjectiveBounds	produced_destination	18	import NumStability.Analysis.MatrixInequalities.LiebTrace.Concavity	produced_destination
NumStability.Source.DrineasMahoney.RandNLA2016.Equation08.LeastSquaresSketch.SketchedObjectiveBounds	produced_destination	19	import NumStability.FloatingPoint.Model	produced_destination
NumStability.Source.DrineasMahoney.RandNLA2016.Equation08.LeastSquaresSketch.SketchedObjectiveBounds	produced_destination	20	import NumStability.Source.DrineasMahoney.RandNLA2016.Algorithm02.RowSampling.Endpoints	produced_destination
NumStability.Source.DrineasMahoney.RandNLA2016.Equation08.LeastSquaresSketch.SketchedObjectiveBounds	produced_destination	21	import NumStability.Source.DrineasMahoney.RandNLA2016.Equation04.RowSamplingProbability.Normalization	produced_destination
NumStability.Source.DrineasMahoney.RandNLA2016.Equation08.LeastSquaresSketch.SketchedObjectiveBounds	produced_destination	22	import NumStability.Source.DrineasMahoney.RandNLA2016.Equation05.GramApproximation.Bounds	produced_destination
NumStability.Source.DrineasMahoney.RandNLA2016.Equation08.LeastSquaresSketch.SketchedObjectiveBounds	produced_destination	23	import NumStability.Source.DrineasMahoney.RandNLA2016.Equation05.GramApproximation.SampledGramEndpoints	route_dag
NumStability.Source.DrineasMahoney.RandNLA2016.Equation08.LeastSquaresSketch.SketchedObjectiveBounds	produced_destination	24	import NumStability.Source.DrineasMahoney.RandNLA2016.Equation06.LeverageProbability.Normalization	produced_destination
NumStability.Source.DrineasMahoney.RandNLA2016.Equation08.LeastSquaresSketch.SketchedObjectiveBounds	produced_destination	25	import NumStability.Source.DrineasMahoney.RandNLA2016.Equation07.SubspaceEmbedding.Leverage	produced_destination
NumStability.Source.DrineasMahoney.RandNLA2016.Equation08.LeastSquaresSketch.SketchedObjectiveBounds	produced_destination	26	import NumStability.Source.DrineasMahoney.RandNLA2016.Equation07.SubspaceEmbedding.LeverageTraceMGF	produced_destination
NumStability.Source.DrineasMahoney.RandNLA2016.Equation08.LeastSquaresSketch.SketchedObjectiveBounds	produced_destination	27	import NumStability.Source.DrineasMahoney.RandNLA2016.Equation07.SubspaceEmbedding.RowNormTraceMGF	produced_destination
NumStability.Source.DrineasMahoney.RandNLA2016.Equation08.LeastSquaresSketch.SketchedObjectiveBounds	produced_destination	28	import NumStability.Source.DrineasMahoney.RandNLA2016.Equation07.SubspaceEmbedding.SampledGramOperatorNorm	route_dag
NumStability.Source.DrineasMahoney.RandNLA2016.Equation08.LeastSquaresSketch.SketchedObjectiveBounds	produced_destination	29	import NumStability.Source.DrineasMahoney.RandNLA2016.Equation08.LeastSquaresSketch.Endpoints	c0006_direct
NumStability.Algorithms	aggregate	1	import NumStability.Algorithms.AitkenDenominator	c0006_direct
NumStability.Algorithms	aggregate	2	import NumStability.Algorithms.Arithmetic.DotProduct.NoGuard	c0006_direct
NumStability.Algorithms	aggregate	3	import NumStability.Algorithms.BlockDotProduct	c0006_direct
NumStability.Algorithms	aggregate	4	import NumStability.Algorithms.Cholesky.CholeskyDemmel	c0006_direct
NumStability.Algorithms	aggregate	5	import NumStability.Algorithms.Cholesky.CholeskyFl	c0006_direct
NumStability.Algorithms	aggregate	6	import NumStability.Algorithms.Cholesky.CholeskyNonsym	c0006_direct
NumStability.Algorithms	aggregate	7	import NumStability.Algorithms.Cholesky.CholeskySpec	c0006_direct
NumStability.Algorithms	aggregate	8	import NumStability.Algorithms.ComplexBackwardError	c0006_direct
NumStability.Algorithms	aggregate	9	import NumStability.Algorithms.CondEstimation	c0006_direct
NumStability.Algorithms	aggregate	10	import NumStability.Algorithms.ContinuedFraction	c0006_direct
NumStability.Algorithms	aggregate	11	import NumStability.Algorithms.DotProduct	c0006_direct
NumStability.Algorithms	aggregate	12	import NumStability.Algorithms.ExtendedPrecisionDotProduct	c0006_direct
NumStability.Algorithms	aggregate	13	import NumStability.Algorithms.FastMatMul	c0006_direct
NumStability.Algorithms	aggregate	14	import NumStability.Algorithms.GridPoints	c0006_direct
NumStability.Algorithms	aggregate	15	import NumStability.Algorithms.LinearSystems	c0006_direct
NumStability.Algorithms	aggregate	16	import NumStability.Algorithms.LinearSystems.Cholesky.ErrorAnalysis.PositivePivots.Certificate	c0006_direct
NumStability.Algorithms	aggregate	17	import NumStability.Algorithms.LinearSystems.Cholesky.Perturbation	c0006_direct
NumStability.Algorithms	aggregate	18	import NumStability.Algorithms.LinearSystems.Cholesky.PositiveSemidefinite.KahanTelescope.Identity	c0006_direct
NumStability.Algorithms	aggregate	19	import NumStability.Algorithms.LinearSystems.Cholesky.PositiveSemidefinite.PivotedFactorization.Existence	c0006_direct
NumStability.Algorithms	aggregate	20	import NumStability.Algorithms.LinearSystems.Cholesky.PositiveSemidefinite.StageEmbedding.InteriorMass	c0006_direct
NumStability.Algorithms	aggregate	21	import NumStability.Algorithms.LinearSystems.Cholesky.Solve	c0006_direct
NumStability.Algorithms	aggregate	22	import NumStability.Algorithms.LinearSystems.Iterative.Stationary.Semiconvergence.All	c0006_direct
NumStability.Algorithms	aggregate	23	import NumStability.Algorithms.LinearSystems.LeastSquares	c0006_direct
NumStability.Algorithms	aggregate	24	import NumStability.Algorithms.LinearSystems.LU.BlockLU	c0006_direct
NumStability.Algorithms	aggregate	25	import NumStability.Algorithms.LinearSystems.LU.Doolittle.Assembly.Core	c0006_direct
NumStability.Algorithms	aggregate	26	import NumStability.Algorithms.LinearSystems.QR.GivensMatrixStep	c0006_direct
NumStability.Algorithms	aggregate	27	import NumStability.Algorithms.LinearSystems.QR.GivensQR	c0006_direct
NumStability.Algorithms	aggregate	28	import NumStability.Algorithms.LinearSystems.QR.GivensSpec	c0006_direct
NumStability.Algorithms	aggregate	29	import NumStability.Algorithms.LinearSystems.QR.GramSchmidt	c0006_direct
NumStability.Algorithms	aggregate	30	import NumStability.Algorithms.LinearSystems.QR.GramSchmidtPolar	c0006_direct
NumStability.Algorithms	aggregate	31	import NumStability.Algorithms.LinearSystems.QR.HouseholderApply	c0006_direct
NumStability.Algorithms	aggregate	32	import NumStability.Algorithms.LinearSystems.QR.HouseholderConstruction2	c0006_direct
NumStability.Algorithms	aggregate	33	import NumStability.Algorithms.LinearSystems.QR.HouseholderMatrixStep	c0006_direct
NumStability.Algorithms	aggregate	34	import NumStability.Algorithms.LinearSystems.QR.HouseholderOneStep	c0006_direct
NumStability.Algorithms	aggregate	35	import NumStability.Algorithms.LinearSystems.QR.HouseholderQR	c0006_direct
NumStability.Algorithms	aggregate	36	import NumStability.Algorithms.LinearSystems.QR.HouseholderReflector	c0006_direct
NumStability.Algorithms	aggregate	37	import NumStability.Algorithms.LinearSystems.QR.HouseholderSpec	c0006_direct
NumStability.Algorithms	aggregate	38	import NumStability.Algorithms.LinearSystems.QR.QRSolve	c0006_direct
NumStability.Algorithms	aggregate	39	import NumStability.Algorithms.LinearSystems.SymmetricIndefinite.Aasen.AasenCoupledFp	c0006_direct
NumStability.Algorithms	aggregate	40	import NumStability.Algorithms.LinearSystems.SymmetricIndefinite.Aasen.AasenFactorResidual	c0006_direct
NumStability.Algorithms	aggregate	41	import NumStability.Algorithms.LinearSystems.SymmetricIndefinite.BlockLDLT.BunchTridiagonalFactorBound	c0006_direct
NumStability.Algorithms	aggregate	42	import NumStability.Algorithms.LinearSystems.SymmetricIndefinite.BlockLDLT.BunchTridiagonalGrowth	c0006_direct
NumStability.Algorithms	aggregate	43	import NumStability.Algorithms.LinearSystems.SymmetricIndefinite.BlockLDLT.BunchTridiagonalGrowthInvariant	c0006_direct
NumStability.Algorithms	aggregate	44	import NumStability.Algorithms.LinearSystems.SymmetricIndefinite.BlockLDLT.BunchTridiagonalSparseFactor	c0006_direct
NumStability.Algorithms	aggregate	45	import NumStability.Algorithms.LinearSystems.SymmetricIndefinite.BlockLDLT.BunchTridiagonalSparseSolve	c0006_direct
NumStability.Algorithms	aggregate	46	import NumStability.Algorithms.LinearSystems.SymmetricIndefinite.ErrorAnalysis	c0006_direct
NumStability.Algorithms	aggregate	47	import NumStability.Algorithms.LinearSystems.SymmetricIndefinite.Pivoting	c0006_direct
NumStability.Algorithms	aggregate	48	import NumStability.Algorithms.LinearSystems.Underdetermined.MinimumNorm.Solvers.Executor.Core	c0006_direct
NumStability.Algorithms	aggregate	49	import NumStability.Algorithms.LogExpProduct	c0006_direct
NumStability.Algorithms	aggregate	50	import NumStability.Algorithms.LU.GaussianElimination	c0006_direct
NumStability.Algorithms	aggregate	51	import NumStability.Algorithms.LU.GrowthFactor	c0006_direct
NumStability.Algorithms	aggregate	52	import NumStability.Algorithms.LU.LUSolve	c0006_direct
NumStability.Algorithms	aggregate	53	import NumStability.Algorithms.LU.SpecialMatrices	c0006_direct
NumStability.Algorithms	aggregate	54	import NumStability.Algorithms.LU.Tridiagonal	c0006_direct
NumStability.Algorithms	aggregate	55	import NumStability.Algorithms.LU.TridiagonalCond	c0006_direct
NumStability.Algorithms	aggregate	56	import NumStability.Algorithms.LU.TridiagonalRecurrence	c0006_direct
NumStability.Algorithms	aggregate	57	import NumStability.Algorithms.MatMul	c0006_direct
NumStability.Algorithms	aggregate	58	import NumStability.Algorithms.MatMulBackwardError	c0006_direct
NumStability.Algorithms	aggregate	59	import NumStability.Algorithms.MatrixEquations	c0006_direct
NumStability.Algorithms	aggregate	60	import NumStability.Algorithms.MatrixInversion.LUFactors	c0006_direct
NumStability.Algorithms	aggregate	61	import NumStability.Algorithms.MatrixInversion.Residuals	c0006_direct
NumStability.Algorithms	aggregate	62	import NumStability.Algorithms.MatrixInversion.Triangular	c0006_direct
NumStability.Algorithms	aggregate	63	import NumStability.Algorithms.MatSeqProduct	c0006_direct
NumStability.Algorithms	aggregate	64	import NumStability.Algorithms.MatVec	c0006_direct
NumStability.Algorithms	aggregate	65	import NumStability.Algorithms.MMatrix	c0006_direct
NumStability.Algorithms	aggregate	66	import NumStability.Algorithms.NeumaierCompensatedFiniteFormat	c0006_direct
NumStability.Algorithms	aggregate	67	import NumStability.Algorithms.Norm2	c0006_direct
NumStability.Algorithms	aggregate	68	import NumStability.Algorithms.NormEstimation	c0006_direct
NumStability.Algorithms	aggregate	69	import NumStability.Algorithms.OuterProduct	c0006_direct
NumStability.Algorithms	aggregate	70	import NumStability.Algorithms.PolynomialEvaluation.DerivativeEvaluation.ErrorBounds	c0006_direct
NumStability.Algorithms	aggregate	71	import NumStability.Algorithms.PriestAccuracy	c0006_direct
NumStability.Algorithms	aggregate	72	import NumStability.Algorithms.PriestDefectBounded	c0006_direct
NumStability.Algorithms	aggregate	73	import NumStability.Algorithms.Quadrature	c0006_direct
NumStability.Algorithms	aggregate	74	import NumStability.Algorithms.RandomizedLinearAlgebra	c0006_expanded
NumStability.Algorithms	aggregate	75	import NumStability.Algorithms.RankOneUpdate	c0006_direct
NumStability.Algorithms	aggregate	76	import NumStability.Algorithms.SquareDifference	c0006_direct
NumStability.Algorithms	aggregate	77	import NumStability.Algorithms.Summation	c0006_direct
NumStability.Algorithms	aggregate	78	import NumStability.Algorithms.Sylvester	c0006_direct
NumStability.Algorithms	aggregate	79	import NumStability.Algorithms.TestMatrices.Higham28	c0006_direct
NumStability.Algorithms	aggregate	80	import NumStability.Algorithms.TestMatrices.Higham28Asymptotics	c0006_direct
NumStability.Algorithms	aggregate	81	import NumStability.Algorithms.TestMatrices.Higham28Cauchy	c0006_direct
NumStability.Algorithms	aggregate	82	import NumStability.Algorithms.TestMatrices.Higham28Companion	c0006_direct
NumStability.Algorithms	aggregate	83	import NumStability.Algorithms.TestMatrices.Higham28CompanionSpectral	c0006_direct
NumStability.Algorithms	aggregate	84	import NumStability.Algorithms.TestMatrices.Higham28Contracts	c0006_direct
NumStability.Algorithms	aggregate	85	import NumStability.Algorithms.TestMatrices.Higham28Exact	c0006_direct
NumStability.Algorithms	aggregate	86	import NumStability.Algorithms.TestMatrices.Higham28GaussianQRHaar	c0006_direct
NumStability.Algorithms	aggregate	87	import NumStability.Algorithms.TestMatrices.Higham28Ginibre	c0006_direct
NumStability.Algorithms	aggregate	88	import NumStability.Algorithms.TestMatrices.Higham28GinibreAbsoluteDetRecurrence	c0006_direct
NumStability.Algorithms	aggregate	89	import NumStability.Algorithms.TestMatrices.Higham28GinibreAtlas	c0006_direct
NumStability.Algorithms	aggregate	90	import NumStability.Algorithms.TestMatrices.Higham28GinibreCharacteristicProduct	c0006_direct
NumStability.Algorithms	aggregate	91	import NumStability.Algorithms.TestMatrices.Higham28GinibreComplexPairs	c0006_direct
NumStability.Algorithms	aggregate	92	import NumStability.Algorithms.TestMatrices.Higham28GinibreCorollary31Factor	c0006_direct
NumStability.Algorithms	aggregate	93	import NumStability.Algorithms.TestMatrices.Higham28GinibreDeterminantIntegral	c0006_direct
NumStability.Algorithms	aggregate	94	import NumStability.Algorithms.TestMatrices.Higham28GinibreDeterminantMoment	c0006_direct
NumStability.Algorithms	aggregate	95	import NumStability.Algorithms.TestMatrices.Higham28GinibreDimensionTwo	c0006_direct
NumStability.Algorithms	aggregate	96	import NumStability.Algorithms.TestMatrices.Higham28GinibreExpectationGlue	c0006_direct
NumStability.Algorithms	aggregate	97	import NumStability.Algorithms.TestMatrices.Higham28GinibreFiniteFormula	c0006_direct
NumStability.Algorithms	aggregate	98	import NumStability.Algorithms.TestMatrices.Higham28GinibreGaussianBridge	c0006_direct
NumStability.Algorithms	aggregate	99	import NumStability.Algorithms.TestMatrices.Higham28GinibreIncidence	c0006_direct
NumStability.Algorithms	aggregate	100	import NumStability.Algorithms.TestMatrices.Higham28GinibreIntegral	c0006_direct
NumStability.Algorithms	aggregate	101	import NumStability.Algorithms.TestMatrices.Higham28GinibreJointDensity	c0006_direct
NumStability.Algorithms	aggregate	102	import NumStability.Algorithms.TestMatrices.Higham28GinibreMeasure	c0006_direct
NumStability.Algorithms	aggregate	103	import NumStability.Algorithms.TestMatrices.Higham28GinibreMultiplicity	c0006_direct
NumStability.Algorithms	aggregate	104	import NumStability.Algorithms.TestMatrices.Higham28GinibreOrthogonalFiber	c0006_direct
NumStability.Algorithms	aggregate	105	import NumStability.Algorithms.TestMatrices.Higham28GinibreParity	c0006_direct
NumStability.Algorithms	aggregate	106	import NumStability.Algorithms.TestMatrices.Higham28GinibrePlaneChart	c0006_direct
NumStability.Algorithms	aggregate	107	import NumStability.Algorithms.TestMatrices.Higham28GinibrePlaneIncidence	c0006_direct
NumStability.Algorithms	aggregate	108	import NumStability.Algorithms.TestMatrices.Higham28GinibrePlaneSylvester	c0006_direct
NumStability.Algorithms	aggregate	109	import NumStability.Algorithms.TestMatrices.Higham28GinibreProjectiveIntegral	c0006_direct
NumStability.Algorithms	aggregate	110	import NumStability.Algorithms.TestMatrices.Higham28GinibreRecurrence	c0006_direct
NumStability.Algorithms	aggregate	111	import NumStability.Algorithms.TestMatrices.Higham28GinibreSignedConclusion	c0006_direct
NumStability.Algorithms	aggregate	112	import NumStability.Algorithms.TestMatrices.Higham28GinibreSignedExpectation	c0006_direct
NumStability.Algorithms	aggregate	113	import NumStability.Algorithms.TestMatrices.Higham28GinibreSignedGaussian	c0006_direct
NumStability.Algorithms	aggregate	114	import NumStability.Algorithms.TestMatrices.Higham28GinibreSignedIncidence	c0006_direct
NumStability.Algorithms	aggregate	115	import NumStability.Algorithms.TestMatrices.Higham28GinibreSignedIncidenceAlgebra	c0006_direct
NumStability.Algorithms	aggregate	116	import NumStability.Algorithms.TestMatrices.Higham28GinibreSignedKernel	c0006_direct
NumStability.Algorithms	aggregate	117	import NumStability.Algorithms.TestMatrices.Higham28GinibreSignedRank	c0006_direct
NumStability.Algorithms	aggregate	118	import NumStability.Algorithms.TestMatrices.Higham28GinibreSignedRankTransfer	c0006_direct
NumStability.Algorithms	aggregate	119	import NumStability.Algorithms.TestMatrices.Higham28GinibreSignedScalar	c0006_direct
NumStability.Algorithms	aggregate	120	import NumStability.Algorithms.TestMatrices.Higham28GinibreTraceDensity	c0006_direct
NumStability.Algorithms	aggregate	121	import NumStability.Algorithms.TestMatrices.Higham28GinibreTruncatedIncidence	c0006_direct
NumStability.Algorithms	aggregate	122	import NumStability.Algorithms.TestMatrices.Higham28HilbertAsymptotic	c0006_direct
NumStability.Algorithms	aggregate	123	import NumStability.Algorithms.TestMatrices.Higham28HilbertCondition	c0006_direct
NumStability.Algorithms	aggregate	124	import NumStability.Algorithms.TestMatrices.Higham28Moments	c0006_direct
NumStability.Algorithms	aggregate	125	import NumStability.Algorithms.TestMatrices.Higham28Pascal	c0006_direct
NumStability.Algorithms	aggregate	126	import NumStability.Algorithms.TestMatrices.Higham28PascalCondition	c0006_direct
NumStability.Algorithms	aggregate	127	import NumStability.Algorithms.TestMatrices.Higham28PascalOscillationExact	c0006_direct
NumStability.Algorithms	aggregate	128	import NumStability.Algorithms.TestMatrices.Higham28PascalSpectral	c0006_direct
NumStability.Algorithms	aggregate	129	import NumStability.Algorithms.TestMatrices.Higham28Probability	c0006_direct
NumStability.Algorithms	aggregate	130	import NumStability.Algorithms.TestMatrices.Higham28RandsvdNorm	c0006_direct
NumStability.Algorithms	aggregate	131	import NumStability.Algorithms.TestMatrices.Higham28ReciprocalSPD	c0006_direct
NumStability.Algorithms	aggregate	132	import NumStability.Algorithms.TestMatrices.Higham28ShiftedHilbert	c0006_direct
NumStability.Algorithms	aggregate	133	import NumStability.Algorithms.TestMatrices.Higham28StewartRawFiber	c0006_direct
NumStability.Algorithms	aggregate	134	import NumStability.Algorithms.TestMatrices.Higham28ToeplitzCondition	c0006_direct
NumStability.Algorithms	aggregate	135	import NumStability.Algorithms.TestMatrices.Higham28ToeplitzGeneral	c0006_direct
NumStability.Algorithms	aggregate	136	import NumStability.Algorithms.TestMatrices.Higham28ToeplitzSpectrum	c0006_direct
NumStability.Algorithms	aggregate	137	import NumStability.Algorithms.TestMatrices.UpperTriangularStress	c0006_direct
NumStability.Algorithms	aggregate	138	import NumStability.Algorithms.TreeDotProduct	c0006_direct
NumStability.Algorithms	aggregate	139	import NumStability.Analysis.ConditionEstimatorLowerBound	c0006_direct
NumStability.Algorithms	aggregate	140	import NumStability.Analysis.CStarMatrices.FiniteMatrixAlgebra	c0006_direct
NumStability.Algorithms	aggregate	141	import NumStability.Analysis.LinearOperators.MatrixPowers.ExactNormBounds.NormalMatrices	c0006_direct
NumStability.Algorithms	aggregate	142	import NumStability.Analysis.LinearOperators.MatrixPowers.Henrici.NormalCharacterization	c0006_direct
NumStability.Algorithms	aggregate	143	import NumStability.Analysis.LinearOperators.MatrixPowers.Henrici.SchurBinomialBounds	c0006_direct
NumStability.Algorithms	aggregate	144	import NumStability.Analysis.LinearOperators.MatrixPowers.Semiconvergence.All	c0006_direct
NumStability.Algorithms	aggregate	145	import NumStability.Analysis.LinearOperators.MatrixPowers.Spijker.ArcLengthPowerBounds	c0006_direct
NumStability.Algorithms	aggregate	146	import NumStability.Analysis.LinearOperators.MatrixPowers.Spijker.FiniteDimensionalPowerBounds	c0006_direct
NumStability.Algorithms	aggregate	147	import NumStability.Analysis.LinearOperators.MatrixPowers.Spijker.PlanarArcLength	c0006_direct
NumStability.Algorithms	aggregate	148	import NumStability.Analysis.LinearOperators.MatrixPowers.Spijker.PlanarCrossingBounds	c0006_direct
NumStability.Algorithms	aggregate	149	import NumStability.Analysis.LinearOperators.MatrixPowers.Spijker.ResolventCoefficients	c0006_direct
NumStability.Algorithms	aggregate	150	import NumStability.Analysis.LinearOperators.NumericalRadius.Berger.GeneralPowerInequality	c0006_direct
NumStability.Algorithms	aggregate	151	import NumStability.Analysis.LinearOperators.Schur.Complex.NormalTriangular	c0006_direct
NumStability.Algorithms	aggregate	152	import NumStability.Analysis.MatrixEquations.SylvesterExistence	c0006_direct
NumStability.Algorithms	aggregate	153	import NumStability.Analysis.MatrixNorms.SpectralExtrema.PrincipalSubmatrices.Bounds	c0006_direct
NumStability.Algorithms	aggregate	154	import NumStability.Analysis.Perturbation.LeastSquares	c0006_direct
NumStability.Algorithms	aggregate	155	import NumStability.Analysis.Probability.Gaussian.AbsoluteMoment	c0006_direct
NumStability.Algorithms	aggregate	156	import NumStability.Analysis.SemiconvergentExistenceGaps	c0006_direct
NumStability.Algorithms	aggregate	157	import NumStability.Analysis.SemiconvergentSpectral	c0006_direct
NumStability.Algorithms	aggregate	158	import NumStability.Source.Higham.Chapter03.Problem11.KahanAbsoluteValue.IeeeDoubleTrace.Results	c0006_direct
NumStability.Algorithms	aggregate	159	import NumStability.Source.Higham.Chapter04	c0006_direct
NumStability.Algorithms	aggregate	160	import NumStability.Source.Higham.Chapter04.Problem02.WilkinsonAttainability.IeeeDoubleTrace.Results	c0006_direct
NumStability.Algorithms	aggregate	161	import NumStability.Source.Higham.Chapter05.Algorithm01.ComplexHorner.ErrorBounds.Theorems	c0006_direct
NumStability.Algorithms	aggregate	162	import NumStability.Source.Higham.Chapter05.Section02.BidiagonalDerivativeAnalysis.Results.Theorems	c0006_direct
NumStability.Algorithms	aggregate	163	import NumStability.Source.Higham.Chapter05.Section02.DerivativeError.Results.Theorems	c0006_direct
NumStability.Algorithms	aggregate	164	import NumStability.Source.Higham.Chapter05.Section04.PatersonStockmeyer.Results.Theorems	c0006_direct
NumStability.Algorithms	aggregate	165	import NumStability.Source.Higham.Chapter05.Section05.FastPolynomialEvaluation.Results.Theorems	c0006_direct
NumStability.Algorithms	aggregate	166	import NumStability.Source.Higham.Chapter06.Asides	c0006_direct
NumStability.Algorithms	aggregate	167	import NumStability.Source.Higham.Chapter06.BlockAntidiagonalNorm	c0006_direct
NumStability.Algorithms	aggregate	168	import NumStability.Source.Higham.Chapter06.Lemma06	c0006_direct
NumStability.Algorithms	aggregate	169	import NumStability.Source.Higham.Chapter06.Lemma06.OperatorTwoNormBound	c0006_direct
NumStability.Algorithms	aggregate	170	import NumStability.Source.Higham.Chapter07.Equation26.RumpCycle.Results.Theorems	c0006_direct
NumStability.Algorithms	aggregate	171	import NumStability.Source.Higham.Chapter08.Equation02.TriangularSubstitution.RelativeInfinityNormBounds.Theorems	c0006_direct
NumStability.Algorithms	aggregate	172	import NumStability.Source.Higham.Chapter08.Equation15.FanInExecutor.FirstOrderResidual	c0006_direct
NumStability.Algorithms	aggregate	173	import NumStability.Source.Higham.Chapter08.Equation15.GlobalEnvelopeCounterexample.LocalCancellationResults.Theorems	c0006_direct
NumStability.Algorithms	aggregate	174	import NumStability.Source.Higham.Chapter08.Equation18.FanInExecutor.FirstOrderForwardError	c0006_direct
NumStability.Algorithms	aggregate	175	import NumStability.Source.Higham.Chapter08.Problem02.ComparisonMatrixWitness.ArbitraryRatios.Theorems	c0006_direct
NumStability.Algorithms	aggregate	176	import NumStability.Source.Higham.Chapter08.Problem07.DiagonalScaling.Results.Theorems	c0006_direct
NumStability.Algorithms	aggregate	177	import NumStability.Source.Higham.Chapter08.Problem08.SingleEntrySingularity.Results.Theorems	c0006_direct
NumStability.Algorithms	aggregate	178	import NumStability.Source.Higham.Chapter08.Problem09.KahanSingularValues.Results.Theorems	c0006_direct
NumStability.Algorithms	aggregate	179	import NumStability.Source.Higham.Chapter08.Section03.TriangularSystems.ComparisonConditioningResults.Theorems	c0006_direct
NumStability.Algorithms	aggregate	180	import NumStability.Source.Higham.Chapter08.Section03.TriangularSystems.InverseNormResults.Theorems	c0006_direct
NumStability.Algorithms	aggregate	181	import NumStability.Source.Higham.Chapter09	c0006_direct
NumStability.Algorithms	aggregate	182	import NumStability.Source.Higham.Chapter10.Equation07.AbsoluteFactorNorm	c0006_direct
NumStability.Algorithms	aggregate	183	import NumStability.Source.Higham.Chapter10.Equation29.Mathias	c0006_direct
NumStability.Algorithms	aggregate	184	import NumStability.Source.Higham.Chapter10.Equation29.Mathias.RoundedSchur.Bounds	c0006_direct
NumStability.Algorithms	aggregate	185	import NumStability.Source.Higham.Chapter10.Equation30.ComplexPositiveDefinite.NoPivotLU.SourceBounds	c0006_direct
NumStability.Algorithms	aggregate	186	import NumStability.Source.Higham.Chapter10.Lemma11.PivotSequenceStability	c0006_direct
NumStability.Algorithms	aggregate	187	import NumStability.Source.Higham.Chapter10.Lemma13.KahanSharpness	c0006_direct
NumStability.Algorithms	aggregate	188	import NumStability.Source.Higham.Chapter10.Lemma13.KahanSharpness.OperatorNorm.SourceBound	c0006_direct
NumStability.Algorithms	aggregate	189	import NumStability.Source.Higham.Chapter10.Lemma13.KahanSharpness.UnboundedGrowth.Construction	c0006_direct
NumStability.Algorithms	aggregate	190	import NumStability.Source.Higham.Chapter10.Problem01.PositiveSemidefiniteEntries.EntryBounds.Results	c0006_direct
NumStability.Algorithms	aggregate	191	import NumStability.Source.Higham.Chapter10.Problem03.ArbitraryEvaluationOrder	c0006_direct
NumStability.Algorithms	aggregate	192	import NumStability.Source.Higham.Chapter10.Problem04.UnpivotedGrowth.PositivePivots.Bounds	c0006_direct
NumStability.Algorithms	aggregate	193	import NumStability.Source.Higham.Chapter10.Section01.Factorization.ExistenceUniqueness.Results	c0006_direct
NumStability.Algorithms	aggregate	194	import NumStability.Source.Higham.Chapter10.Section02.ErrorAnalysis.FactorizationAndSolve.Bounds	c0006_direct
NumStability.Algorithms	aggregate	195	import NumStability.Source.Higham.Chapter10.Section03.PositiveSemidefinite.ConstructiveFactorization.Existence	c0006_direct
NumStability.Algorithms	aggregate	196	import NumStability.Source.Higham.Chapter10.Section03.PositiveSemidefinite.PivotingAndScaling.Results	c0006_direct
NumStability.Algorithms	aggregate	197	import NumStability.Source.Higham.Chapter10.Section03.PositiveSemidefinite.QuadraticFormBounds.WeightedNorm	c0006_direct
NumStability.Algorithms	aggregate	198	import NumStability.Source.Higham.Chapter10.Section03.PositiveSemidefinite.TrailingTermination.Bound	c0006_direct
NumStability.Algorithms	aggregate	199	import NumStability.Source.Higham.Chapter10.Section04.PositiveDefiniteSymmetricPart.LUGrowth.Equation29	c0006_direct
NumStability.Algorithms	aggregate	200	import NumStability.Source.Higham.Chapter10.Section04.PositiveDefiniteSymmetricPart.SchurStages.Bounds	c0006_direct
NumStability.Algorithms	aggregate	201	import NumStability.Source.Higham.Chapter10.Theorem06.RoundedCholesky.ForwardError.ActualAlgorithm	c0006_direct
NumStability.Algorithms	aggregate	202	import NumStability.Source.Higham.Chapter10.Theorem07.FailureVacuity	c0006_direct
NumStability.Algorithms	aggregate	203	import NumStability.Source.Higham.Chapter10.Theorem07.SuccessThreshold.Factorization	c0006_direct
NumStability.Algorithms	aggregate	204	import NumStability.Source.Higham.Chapter10.Theorem08.ComponentwisePerturbation.NormalizedResolvent.SourceBound	c0006_direct
NumStability.Algorithms	aggregate	205	import NumStability.Source.Higham.Chapter10.Theorem08.NormwiseDiscrepancy.Counterexample.Uniqueness	c0006_direct
NumStability.Algorithms	aggregate	206	import NumStability.Source.Higham.Chapter10.Theorem14.CompletePivotedPSD	c0006_direct
NumStability.Algorithms	aggregate	207	import NumStability.Source.Higham.Chapter10.Theorem14.CompletePivotedPSD.ActualComputation.ErrorBounds	c0006_direct
NumStability.Algorithms	aggregate	208	import NumStability.Source.Higham.Chapter10.Theorem14.CompletePivotedPSD.RankSensitiveError.Bounds	c0006_direct
NumStability.Algorithms	aggregate	209	import NumStability.Source.Higham.Chapter10.Theorem14.CompletePivotedPSD.RoundedErrorAnalysis.Bounds	c0006_direct
NumStability.Algorithms	aggregate	210	import NumStability.Source.Higham.Chapter10.Theorem14.CompletePivotedPSD.SchurPerturbation.Family	c0006_direct
NumStability.Algorithms	aggregate	211	import NumStability.Source.Higham.Chapter10.Theorem14.CompletePivotedPSD.SuccessfulRun.StageBounds	c0006_direct
NumStability.Algorithms	aggregate	212	import NumStability.Source.Higham.Chapter11	c0006_direct
NumStability.Algorithms	aggregate	213	import NumStability.Source.Higham.Chapter11.Theorem07.TridiagonalTwoByTwoResidual	c0006_direct
NumStability.Algorithms	aggregate	214	import NumStability.Source.Higham.Chapter12	c0006_direct
NumStability.Algorithms	aggregate	215	import NumStability.Source.Higham.Chapter13.BlockLU	c0006_direct
NumStability.Algorithms	aggregate	216	import NumStability.Source.Higham.Chapter13.DemmelSharpMultiplier	c0006_direct
NumStability.Algorithms	aggregate	217	import NumStability.Source.Higham.Chapter14	c0006_direct
NumStability.Algorithms	aggregate	218	import NumStability.Source.Higham.Chapter14.Section03.ResidualOperatorTwoNorm	c0006_direct
NumStability.Algorithms	aggregate	219	import NumStability.Source.Higham.Chapter15	c0006_direct
NumStability.Algorithms	aggregate	220	import NumStability.Source.Higham.Chapter17	c0006_direct
NumStability.Algorithms	aggregate	221	import NumStability.Source.Higham.Chapter17.Results.All	c0006_direct
NumStability.Algorithms	aggregate	222	import NumStability.Source.Higham.Chapter18.Section01.MatrixPowerBounds.NamedBounds.SpijkerKreissUnconditional	c0006_direct
NumStability.Algorithms	aggregate	223	import NumStability.Source.Higham.Chapter19	c0006_direct
NumStability.Algorithms	aggregate	224	import NumStability.Source.Higham.Chapter20	c0006_direct
NumStability.Algorithms	aggregate	225	import NumStability.Source.Higham.Chapter22	c0006_direct
NumStability.Algorithms	aggregate	226	import NumStability.Source.Higham.Chapter24	c0006_direct
NumStability.Algorithms	aggregate	227	import NumStability.Source.Higham.Chapter25	c0006_direct
NumStability.Algorithms	aggregate	228	import NumStability.Source.Higham.Chapter26	c0006_direct
NumStability.Algorithms	aggregate	229	import NumStability.Source.Higham.Chapter27	c0006_direct
NumStability.Algorithms	aggregate	230	import NumStability.Source.Higham.Chapter28	c0006_direct
NumStability.Algorithms.RandomizedLinearAlgebra	aggregate	1	import NumStability.Algorithms.RandomizedLinearAlgebra.Concentration.HitCounts.Bounds	c0006_expanded
NumStability.Algorithms.RandomizedLinearAlgebra	aggregate	2	import NumStability.Algorithms.RandomizedLinearAlgebra.Concentration.SpectralTransfer.Elementwise	c0006_expanded
NumStability.Algorithms.RandomizedLinearAlgebra	aggregate	3	import NumStability.Algorithms.RandomizedLinearAlgebra.Concentration.TraceMGF.Elementwise	c0006_expanded
NumStability.Algorithms.RandomizedLinearAlgebra	aggregate	4	import NumStability.Algorithms.RandomizedLinearAlgebra.Concentration.TraceMGF.LeverageScore	c0006_expanded
NumStability.Algorithms.RandomizedLinearAlgebra	aggregate	5	import NumStability.Algorithms.RandomizedLinearAlgebra.Concentration.TraceMGF.RowNorm	c0006_expanded
NumStability.Algorithms.RandomizedLinearAlgebra	aggregate	6	import NumStability.Algorithms.RandomizedLinearAlgebra.Concentration.TraceMGF.UniformRows	c0006_expanded
NumStability.Algorithms.RandomizedLinearAlgebra	aggregate	7	import NumStability.Algorithms.RandomizedLinearAlgebra.LeastSquaresSketching.Objectives.Core	c0006_expanded
NumStability.Algorithms.RandomizedLinearAlgebra	aggregate	8	import NumStability.Algorithms.RandomizedLinearAlgebra.LeastSquaresSketching.RowSampling.Core	c0006_expanded
NumStability.Algorithms.RandomizedLinearAlgebra	aggregate	9	import NumStability.Algorithms.RandomizedLinearAlgebra.LowRankApproximation.ColumnSketches.Core	c0006_expanded
NumStability.Algorithms.RandomizedLinearAlgebra	aggregate	10	import NumStability.Algorithms.RandomizedLinearAlgebra.LowRankApproximation.RankFactorizations.Core	c0006_expanded
NumStability.Algorithms.RandomizedLinearAlgebra	aggregate	11	import NumStability.Algorithms.RandomizedLinearAlgebra.Preconditioning.CountSketch.HashCollisionProbabilities	produced_destination
NumStability.Algorithms.RandomizedLinearAlgebra	aggregate	12	import NumStability.Algorithms.RandomizedLinearAlgebra.Preconditioning.CountSketch.SketchedGramLoewnerCovers	produced_destination
NumStability.Algorithms.RandomizedLinearAlgebra	aggregate	13	import NumStability.Algorithms.RandomizedLinearAlgebra.Preconditioning.CountSketch.SketchedGramMoments	produced_destination
NumStability.Algorithms.RandomizedLinearAlgebra	aggregate	14	import NumStability.Algorithms.RandomizedLinearAlgebra.Preconditioning.CountSketch.SketchInjectivityBounds	produced_destination
NumStability.Algorithms.RandomizedLinearAlgebra	aggregate	15	import NumStability.Algorithms.RandomizedLinearAlgebra.Preconditioning.ExactTransforms.Core	c0006_expanded
NumStability.Algorithms.RandomizedLinearAlgebra	aggregate	16	import NumStability.Algorithms.RandomizedLinearAlgebra.Preconditioning.ExactTransforms.UniformRowComposition	c0006_expanded
NumStability.Algorithms.RandomizedLinearAlgebra	aggregate	17	import NumStability.Algorithms.RandomizedLinearAlgebra.Preconditioning.ExactTransforms.UniformRowEmbedding	produced_destination
NumStability.Algorithms.RandomizedLinearAlgebra	aggregate	18	import NumStability.Algorithms.RandomizedLinearAlgebra.Sampling.Elementwise.Core	c0006_expanded
NumStability.Algorithms.RandomizedLinearAlgebra	aggregate	19	import NumStability.Algorithms.RandomizedLinearAlgebra.Sampling.LeverageScore.ComputedBasis	c0006_expanded
NumStability.Algorithms.RandomizedLinearAlgebra	aggregate	20	import NumStability.Algorithms.RandomizedLinearAlgebra.Sampling.LeverageScore.Core	c0006_expanded
NumStability.Algorithms.RandomizedLinearAlgebra	aggregate	21	import NumStability.Algorithms.RandomizedLinearAlgebra.Sampling.RowNorm.Core	c0006_expanded
NumStability.Algorithms.RandomizedLinearAlgebra	aggregate	22	import NumStability.Algorithms.RandomizedLinearAlgebra.Sampling.RowNorm.Gram	c0006_expanded
NumStability.Algorithms.RandomizedLinearAlgebra	aggregate	23	import NumStability.Algorithms.RandomizedLinearAlgebra.Sampling.UniformRows.Core	c0006_expanded
NumStability.Algorithms.RandomizedLinearAlgebra	aggregate	24	import NumStability.Algorithms.RandomizedLinearAlgebra.Sampling.UniformRows.FloatingPoint	c0006_expanded
NumStability.Algorithms.RandomizedLinearAlgebra	aggregate	25	import NumStability.Algorithms.RandomizedLinearAlgebra.Sampling.UniformRows.GramDotFloatingPoint	produced_destination
NumStability.Algorithms.RandomizedLinearAlgebra	aggregate	26	import NumStability.Algorithms.RandomizedLinearAlgebra.Sampling.UniformRows.GramMoments	produced_destination
NumStability.Source	aggregate	1	import NumStability.Source.DrineasMahoney.RandNLA2016.Algorithm01.ElementwiseSampling.HitCountConcentration	c0006_direct
NumStability.Source	aggregate	2	import NumStability.Source.DrineasMahoney.RandNLA2016.Algorithm01.ElementwiseSampling.HitPairEvents	produced_destination
NumStability.Source	aggregate	3	import NumStability.Source.DrineasMahoney.RandNLA2016.Algorithm01.ElementwiseSampling.Sampling	c0006_direct
NumStability.Source	aggregate	4	import NumStability.Source.DrineasMahoney.RandNLA2016.Algorithm01.ElementwiseSampling.TraceMGF	c0006_direct
NumStability.Source	aggregate	5	import NumStability.Source.DrineasMahoney.RandNLA2016.Algorithm03.RandomProjectionPreconditioning.FloatingPoint	c0006_direct
NumStability.Source	aggregate	6	import NumStability.Source.DrineasMahoney.RandNLA2016.Algorithm03.RandomProjectionPreconditioning.SparsePreconditionedEmbeddings	produced_destination
NumStability.Source	aggregate	7	import NumStability.Source.DrineasMahoney.RandNLA2016.Algorithm03.RandomProjectionPreconditioning.SparsePreconditionedGramBounds	produced_destination
NumStability.Source	aggregate	8	import NumStability.Source.DrineasMahoney.RandNLA2016.Algorithm03.RandomProjectionPreconditioning.SparsePreconditionedGramGrids	produced_destination
NumStability.Source	aggregate	9	import NumStability.Source.DrineasMahoney.RandNLA2016.Algorithm03.RandomProjectionPreconditioning.UniformRowComposition	c0006_direct
NumStability.Source	aggregate	10	import NumStability.Source.DrineasMahoney.RandNLA2016.Equation02.SpectralApproximation.ElementwiseSpectral	c0006_direct
NumStability.Source	aggregate	11	import NumStability.Source.DrineasMahoney.RandNLA2016.Equation02.SpectralApproximation.ResidualMomentBounds	produced_destination
NumStability.Source	aggregate	12	import NumStability.Source.DrineasMahoney.RandNLA2016.Equation02.SpectralApproximation.SpectralEventEndpoints	produced_destination
NumStability.Source	aggregate	13	import NumStability.Source.DrineasMahoney.RandNLA2016.Equation05.GramApproximation.SampledGramEndpoints	produced_destination
NumStability.Source	aggregate	14	import NumStability.Source.DrineasMahoney.RandNLA2016.Equation07.SubspaceEmbedding.ComputedBasis	c0006_direct
NumStability.Source	aggregate	15	import NumStability.Source.DrineasMahoney.RandNLA2016.Equation07.SubspaceEmbedding.LeverageTraceMGF	c0006_direct
NumStability.Source	aggregate	16	import NumStability.Source.DrineasMahoney.RandNLA2016.Equation07.SubspaceEmbedding.RowNormTraceMGF	c0006_direct
NumStability.Source	aggregate	17	import NumStability.Source.DrineasMahoney.RandNLA2016.Equation07.SubspaceEmbedding.SampledGramOperatorNorm	produced_destination
NumStability.Source	aggregate	18	import NumStability.Source.DrineasMahoney.RandNLA2016.Equation08.LeastSquaresSketch.Endpoints	c0006_direct
NumStability.Source	aggregate	19	import NumStability.Source.DrineasMahoney.RandNLA2016.Equation08.LeastSquaresSketch.FloatingPointObjectiveBounds	produced_destination
NumStability.Source	aggregate	20	import NumStability.Source.DrineasMahoney.RandNLA2016.Equation08.LeastSquaresSketch.SketchedObjectiveBounds	produced_destination
NumStability.Source	aggregate	21	import NumStability.Source.DrineasMahoney.RandNLA2016.Equation09.LowRankApproximation.Endpoints	c0006_direct
NumStability.Source	aggregate	22	import NumStability.Source.Higham	c0006_direct
NumStability.Source	aggregate	23	import NumStability.Source.Higham.Chapter01.Problem10.TwoPassSampleVariance.RemainderBound.Theorem	c0006_direct
NumStability.Source	aggregate	24	import NumStability.Source.Higham.Chapter01.Section09.SampleVariance.IeeeSingleOnePassCounterexample.Results	c0006_direct
NumStability.Source	aggregate	25	import NumStability.Source.Higham.Chapter01.Section13.IncreasingPrecision.BinaryStorageExamples	c0006_direct
NumStability.Source	aggregate	26	import NumStability.Source.Higham.Chapter01.Section14.CancellationOfRoundingErrors.Algorithm02RoundedCore	c0006_direct
NumStability.Source	aggregate	27	import NumStability.Source.Higham.Chapter02.Problem03.AdjacentPrecisionValues.Results.Theorems	c0006_direct
NumStability.Source	aggregate	28	import NumStability.Source.Higham.Chapter02.Problem12.ReciprocalProduct.Results.Theorems	c0006_direct
NumStability.Source	aggregate	29	import NumStability.Source.Higham.Chapter02.Problem13.ReciprocalProductThreshold.Results.Theorems	c0006_direct
NumStability.Source	aggregate	30	import NumStability.Source.Higham.Chapter02.Problem14.UnitRoundoffProbe.IeeeExamples.Results	c0006_direct
NumStability.Source	aggregate	31	import NumStability.Source.Higham.Chapter02.Problem21.HypotenuseNormalization.StandardModelCounterexample.Results	c0006_direct
NumStability.Source	aggregate	32	import NumStability.Source.Higham.Chapter02.Problem28.IterativeDivisionTermination.UnderflowAwareConvergence.Results	c0006_direct
NumStability.Source	aggregate	33	import NumStability.Source.Higham.Chapter02.Section06.Discriminant.FusedMultiplyAdd.Counterexample.Results	c0006_direct
NumStability.Source	aggregate	34	import NumStability.Source.Higham.Chapter02.Section06.Discriminant.StandardModel.Counterexample.Results	c0006_direct
NumStability.Source	aggregate	35	import NumStability.Source.Higham.Chapter02.Section10.ArctangentRange.Counterexample.Results	c0006_direct
NumStability.Source	aggregate	36	import NumStability.Source.Higham.Chapter02.Section10.Tablemaker.FiniteSeparation.Results.Theorems	c0006_direct
NumStability.Source	aggregate	37	import NumStability.Source.Higham.Chapter02.Section11.AccuracyTests.CodySineResults.Theorems	c0006_direct
NumStability.Source	aggregate	38	import NumStability.Source.Higham.Chapter03.Problem11.KahanAbsoluteValue.IeeeDoubleTrace.Results	c0006_direct
NumStability.Source	aggregate	39	import NumStability.Source.Higham.Chapter04.Problem02.WilkinsonAttainability.IeeeDoubleTrace.Results	c0006_direct
NumStability.Source	aggregate	40	import NumStability.Source.Higham.Chapter05.Algorithm01.ComplexHorner.ErrorBounds.Theorems	c0006_direct
NumStability.Source	aggregate	41	import NumStability.Source.Higham.Chapter05.Section02.BidiagonalDerivativeAnalysis.Results.Theorems	c0006_direct
NumStability.Source	aggregate	42	import NumStability.Source.Higham.Chapter05.Section02.DerivativeError.Results.Theorems	c0006_direct
NumStability.Source	aggregate	43	import NumStability.Source.Higham.Chapter05.Section04.PatersonStockmeyer.Results.Theorems	c0006_direct
NumStability.Source	aggregate	44	import NumStability.Source.Higham.Chapter05.Section05.FastPolynomialEvaluation.Results.Theorems	c0006_direct
NumStability.Source	aggregate	45	import NumStability.Source.Higham.Chapter07.Equation17.KahanConditioningExample	c0006_direct
NumStability.Source	aggregate	46	import NumStability.Source.Higham.Chapter07.Equation26.RumpCycle.Results.Theorems	c0006_direct
NumStability.Source	aggregate	47	import NumStability.Source.Higham.Chapter07.LinearSystemsConditioning.Theorem03.RectangularResults	c0006_direct
NumStability.Source	aggregate	48	import NumStability.Source.Higham.Chapter07.LinearSystemsConditioning.Theorem05.RowInfinityScaleCounterexample.Theorems	c0006_direct
NumStability.Source	aggregate	49	import NumStability.Source.Higham.Chapter08.Equation02.TriangularSubstitution.RelativeInfinityNormBounds.Theorems	c0006_direct
NumStability.Source	aggregate	50	import NumStability.Source.Higham.Chapter08.Equation15.GlobalEnvelopeCounterexample.LocalCancellationResults.Theorems	c0006_direct
NumStability.Source	aggregate	51	import NumStability.Source.Higham.Chapter08.Problem02.ComparisonMatrixWitness.ArbitraryRatios.Theorems	c0006_direct
NumStability.Source	aggregate	52	import NumStability.Source.Higham.Chapter08.Problem07.DiagonalScaling.Results.Theorems	c0006_direct
NumStability.Source	aggregate	53	import NumStability.Source.Higham.Chapter08.Problem08.SingleEntrySingularity.Results.Theorems	c0006_direct
NumStability.Source	aggregate	54	import NumStability.Source.Higham.Chapter08.Problem09.KahanSingularValues.Results.Theorems	c0006_direct
NumStability.Source	aggregate	55	import NumStability.Source.Higham.Chapter08.Section03.TriangularSystems.ComparisonConditioningResults.Theorems	c0006_direct
NumStability.Source	aggregate	56	import NumStability.Source.Higham.Chapter08.Section03.TriangularSystems.InverseNormResults.Theorems	c0006_direct
NumStabilityTest	aggregate	1	import NumStabilityTest.Import.Algorithms	c0006_direct
NumStabilityTest	aggregate	2	import NumStabilityTest.Import.Algorithms.Arithmetic.DotProduct.NoGuard	c0006_direct
NumStabilityTest	aggregate	3	import NumStabilityTest.Import.Algorithms.Arithmetic.DotProduct.NoGuard.Core	c0006_direct
NumStabilityTest	aggregate	4	import NumStabilityTest.Import.Algorithms.Arithmetic.DotProduct.NoGuard.Tree	c0006_direct
NumStabilityTest	aggregate	5	import NumStabilityTest.Import.Algorithms.LinearSystems	c0006_direct
NumStabilityTest	aggregate	6	import NumStabilityTest.Import.Algorithms.LinearSystems.LU	c0006_direct
NumStabilityTest	aggregate	7	import NumStabilityTest.Import.Algorithms.LinearSystems.LU.BlockLU	c0006_direct
NumStabilityTest	aggregate	8	import NumStabilityTest.Import.Algorithms.LinearSystems.LU.BlockLU.ArbitraryNorm	c0006_direct
NumStabilityTest	aggregate	9	import NumStabilityTest.Import.Algorithms.LinearSystems.LU.BlockLU.BlockMatrices	c0006_direct
NumStabilityTest	aggregate	10	import NumStabilityTest.Import.Algorithms.LinearSystems.LU.BlockLU.DiagonalDominance	c0006_direct
NumStabilityTest	aggregate	11	import NumStabilityTest.Import.Algorithms.LinearSystems.LU.BlockLU.Factorization	c0006_direct
NumStabilityTest	aggregate	12	import NumStabilityTest.Import.Algorithms.LinearSystems.LU.BlockLU.FactorizationError	c0006_direct
NumStabilityTest	aggregate	13	import NumStabilityTest.Import.Algorithms.LinearSystems.LU.BlockLU.FirstOrderFamilies	c0006_direct
NumStabilityTest	aggregate	14	import NumStabilityTest.Import.Algorithms.LinearSystems.LU.BlockLU.FirstOrderModels	c0006_direct
NumStabilityTest	aggregate	15	import NumStabilityTest.Import.Algorithms.LinearSystems.LU.BlockLU.GrowthBounds	c0006_direct
NumStabilityTest	aggregate	16	import NumStabilityTest.Import.Algorithms.LinearSystems.LU.BlockLU.OperatorTwo	c0006_direct
NumStabilityTest	aggregate	17	import NumStabilityTest.Import.Algorithms.LinearSystems.LU.BlockLU.PositiveDefinite	c0006_direct
NumStabilityTest	aggregate	18	import NumStabilityTest.Import.Algorithms.LinearSystems.LU.BlockLU.PositiveDefiniteFactorBounds	c0006_direct
NumStabilityTest	aggregate	19	import NumStabilityTest.Import.Algorithms.LinearSystems.LU.BlockLU.RecursiveFactorization	c0006_direct
NumStabilityTest	aggregate	20	import NumStabilityTest.Import.Algorithms.LinearSystems.LU.BlockLU.ResidualLifting	c0006_direct
NumStabilityTest	aggregate	21	import NumStabilityTest.Import.Algorithms.LinearSystems.LU.BlockLU.SchurComplement	c0006_direct
NumStabilityTest	aggregate	22	import NumStabilityTest.Import.Algorithms.LinearSystems.LU.BlockLU.SolveError	c0006_direct
NumStabilityTest	aggregate	23	import NumStabilityTest.Import.Algorithms.LinearSystems.LU.BlockLU.VaryingBlocks	c0006_direct
NumStabilityTest	aggregate	24	import NumStabilityTest.Import.Algorithms.LinearSystems.LU.BlockLU.VaryingBlocks.Algebra	c0006_direct
NumStabilityTest	aggregate	25	import NumStabilityTest.Import.Algorithms.LinearSystems.LU.BlockLU.VaryingBlocks.Basic	c0006_direct
NumStabilityTest	aggregate	26	import NumStabilityTest.Import.Algorithms.LinearSystems.LU.BlockLU.VaryingBlocks.RecursiveFactorization	c0006_direct
NumStabilityTest	aggregate	27	import NumStabilityTest.Import.Algorithms.LinearSystems.LU.BlockLU.VaryingBlocks.SchurComplement	c0006_direct
NumStabilityTest	aggregate	28	import NumStabilityTest.Import.Algorithms.LinearSystems.LU.BlockLU.VaryingBlocks.Uniqueness	c0006_direct
NumStabilityTest	aggregate	29	import NumStabilityTest.Import.Algorithms.LinearSystems.LeastSquares	c0006_direct
NumStabilityTest	aggregate	30	import NumStabilityTest.Import.Algorithms.StationaryIteration	c0006_direct
NumStabilityTest	aggregate	31	import NumStabilityTest.Import.Algorithms.TestMatrices.UpperTriangularStress	c0006_direct
NumStabilityTest	aggregate	32	import NumStabilityTest.Import.All	c0006_direct
NumStabilityTest	aggregate	33	import NumStabilityTest.Import.Analysis	c0006_direct
NumStabilityTest	aggregate	34	import NumStabilityTest.Import.Analysis.Asymptotics	c0006_direct
NumStabilityTest	aggregate	35	import NumStabilityTest.Import.Analysis.Asymptotics.Bounds	c0006_direct
NumStabilityTest	aggregate	36	import NumStabilityTest.Import.Analysis.Conditioning	c0006_direct
NumStabilityTest	aggregate	37	import NumStabilityTest.Import.Analysis.Conditioning.DistanceToSingularity	c0006_direct
NumStabilityTest	aggregate	38	import NumStabilityTest.Import.Analysis.Conditioning.InversePerturbation	c0006_direct
NumStabilityTest	aggregate	39	import NumStabilityTest.Import.Analysis.Equidistribution	c0006_direct
NumStabilityTest	aggregate	40	import NumStabilityTest.Import.Analysis.Equidistribution.AddCircle	c0006_direct
NumStabilityTest	aggregate	41	import NumStabilityTest.Import.Analysis.FirstOrder	c0006_direct
NumStabilityTest	aggregate	42	import NumStabilityTest.Import.Analysis.FirstOrder.AsymptoticFamilies	c0006_direct
NumStabilityTest	aggregate	43	import NumStabilityTest.Import.Analysis.FirstOrder.FixedPrecision	c0006_direct
NumStabilityTest	aggregate	44	import NumStabilityTest.Import.Analysis.LeadingDigits	c0006_direct
NumStabilityTest	aggregate	45	import NumStabilityTest.Import.Analysis.LeadingDigits.Decimal	c0006_direct
NumStabilityTest	aggregate	46	import NumStabilityTest.Import.Analysis.LeadingDigits.DecimalPowers	c0006_direct
NumStabilityTest	aggregate	47	import NumStabilityTest.Import.Analysis.LeadingDigits.Empirical	c0006_direct
NumStabilityTest	aggregate	48	import NumStabilityTest.Import.Analysis.LeadingDigits.LogarithmicDistribution	c0006_direct
NumStabilityTest	aggregate	49	import NumStabilityTest.Import.Analysis.LinearOperators	c0006_direct
NumStabilityTest	aggregate	50	import NumStabilityTest.Import.Analysis.LinearOperators.Basic	c0006_direct
NumStabilityTest	aggregate	51	import NumStabilityTest.Import.Analysis.LinearOperators.Triangularization	c0006_direct
NumStabilityTest	aggregate	52	import NumStabilityTest.Import.Analysis.MatrixNorms	c0006_direct
NumStabilityTest	aggregate	53	import NumStabilityTest.Import.Analysis.MatrixNorms.Attainment	c0006_direct
NumStabilityTest	aggregate	54	import NumStabilityTest.Import.Analysis.MatrixNorms.Basic	c0006_direct
NumStabilityTest	aggregate	55	import NumStabilityTest.Import.Analysis.MatrixNorms.Comparisons	c0006_direct
NumStabilityTest	aggregate	56	import NumStabilityTest.Import.Analysis.MatrixNorms.EntrywiseMaximum	c0006_direct
NumStabilityTest	aggregate	57	import NumStabilityTest.Import.Analysis.MatrixNorms.Hadamard	c0006_direct
NumStabilityTest	aggregate	58	import NumStabilityTest.Import.Analysis.MatrixNorms.HadamardDeterminant	c0006_direct
NumStabilityTest	aggregate	59	import NumStabilityTest.Import.Analysis.MatrixNorms.Lp	c0006_direct
NumStabilityTest	aggregate	60	import NumStabilityTest.Import.Analysis.MatrixNorms.SpectralRadius	c0006_direct
NumStabilityTest	aggregate	61	import NumStabilityTest.Import.Analysis.MatrixNorms.UnitarilyInvariant	c0006_direct
NumStabilityTest	aggregate	62	import NumStabilityTest.Import.Analysis.Norms.Core	c0006_direct
NumStabilityTest	aggregate	63	import NumStabilityTest.Import.Analysis.OperatorNorms	c0006_direct
NumStabilityTest	aggregate	64	import NumStabilityTest.Import.Analysis.OperatorNorms.Attainment	c0006_direct
NumStabilityTest	aggregate	65	import NumStabilityTest.Import.Analysis.OperatorNorms.Basic	c0006_direct
NumStabilityTest	aggregate	66	import NumStabilityTest.Import.Analysis.Perturbation.LeastSquares	c0006_direct
NumStabilityTest	aggregate	67	import NumStabilityTest.Import.Analysis.Probability	c0006_direct
NumStabilityTest	aggregate	68	import NumStabilityTest.Import.Analysis.Probability.Gaussian	c0006_direct
NumStabilityTest	aggregate	69	import NumStabilityTest.Import.Analysis.Probability.Gaussian.AbsoluteMoment	c0006_direct
NumStabilityTest	aggregate	70	import NumStabilityTest.Import.Analysis.Probability.Haar	c0006_direct
NumStabilityTest	aggregate	71	import NumStabilityTest.Import.Analysis.Probability.Haar.HomogeneousSpaceUniqueness	c0006_direct
NumStabilityTest	aggregate	72	import NumStabilityTest.Import.Analysis.SingularValues	c0006_direct
NumStabilityTest	aggregate	73	import NumStabilityTest.Import.Analysis.SingularValues.Basic	c0006_direct
NumStabilityTest	aggregate	74	import NumStabilityTest.Import.Analysis.SingularValues.Realification	c0006_direct
NumStabilityTest	aggregate	75	import NumStabilityTest.Import.Analysis.SingularValues.WeylMirsky	c0006_direct
NumStabilityTest	aggregate	76	import NumStabilityTest.Import.Analysis.VectorNorms	c0006_direct
NumStabilityTest	aggregate	77	import NumStabilityTest.Import.Analysis.VectorNorms.Attainment	c0006_direct
NumStabilityTest	aggregate	78	import NumStabilityTest.Import.Analysis.VectorNorms.Basic	c0006_direct
NumStabilityTest	aggregate	79	import NumStabilityTest.Import.Analysis.VectorNorms.Duality	c0006_direct
NumStabilityTest	aggregate	80	import NumStabilityTest.Import.Analysis.VectorNorms.Interpolation	c0006_direct
NumStabilityTest	aggregate	81	import NumStabilityTest.Import.Compatibility.Algorithms.HighamChapter8StressUpper	c0006_direct
NumStabilityTest	aggregate	82	import NumStabilityTest.Import.Compatibility.Algorithms.LU.BlockLU	c0006_direct
NumStabilityTest	aggregate	83	import NumStabilityTest.Import.Compatibility.Algorithms.LU.BlockLUArbitraryNormSourceClosure	c0006_direct
NumStabilityTest	aggregate	84	import NumStabilityTest.Import.Compatibility.Algorithms.LU.BlockLUComputationSourceClosure	c0006_direct
NumStabilityTest	aggregate	85	import NumStabilityTest.Import.Compatibility.Algorithms.LU.BlockLUFirstOrderFamilies	c0006_direct
NumStabilityTest	aggregate	86	import NumStabilityTest.Import.Compatibility.Algorithms.LU.BlockLUPointRowGrowthSourceClosure	c0006_direct
NumStabilityTest	aggregate	87	import NumStabilityTest.Import.Compatibility.Algorithms.LU.BlockLURowSourceClosure	c0006_direct
NumStabilityTest	aggregate	88	import NumStabilityTest.Import.Compatibility.Algorithms.LU.BlockLUSPDFamilies	c0006_direct
NumStabilityTest	aggregate	89	import NumStabilityTest.Import.Compatibility.Algorithms.LU.BlockLUSPDSourceClosure	c0006_direct
NumStabilityTest	aggregate	90	import NumStabilityTest.Import.Compatibility.Algorithms.LU.BlockLUScalarGrowthBridge	c0006_direct
NumStabilityTest	aggregate	91	import NumStabilityTest.Import.Compatibility.Algorithms.LU.BlockLUSourceClosure	c0006_direct
NumStabilityTest	aggregate	92	import NumStabilityTest.Import.Compatibility.Algorithms.LU.BlockLUVarying	c0006_direct
NumStabilityTest	aggregate	93	import NumStabilityTest.Import.Compatibility.Algorithms.LU.GrowthFactor	c0006_direct
NumStabilityTest	aggregate	94	import NumStabilityTest.Import.Compatibility.Algorithms.LeastSquares	c0006_direct
NumStabilityTest	aggregate	95	import NumStabilityTest.Import.Compatibility.Analysis.Norms	c0006_direct
NumStabilityTest	aggregate	96	import NumStabilityTest.Import.Compatibility.Analysis.Probability.AlgorithmsTestMatricesHigham28GaussianAbsoluteMoment	c0006_direct
NumStabilityTest	aggregate	97	import NumStabilityTest.Import.Compatibility.Analysis.Probability.AlgorithmsTestMatricesHigham28HaarFibers	c0006_direct
NumStabilityTest	aggregate	98	import NumStabilityTest.Import.Compatibility.Source.Chapter01.AnalysisNonrandomRounding	c0006_direct
NumStabilityTest	aggregate	99	import NumStabilityTest.Import.Compatibility.Source.Chapter01.AnalysisNonrandomRoundingConclusions	c0006_direct
NumStabilityTest	aggregate	100	import NumStabilityTest.Import.Compatibility.Source.Chapter01.AnalysisNonrandomRoundingCore	c0006_direct
NumStabilityTest	aggregate	101	import NumStabilityTest.Import.Compatibility.Source.Chapter01.AnalysisNonrandomRoundingGridVariation	c0006_direct
NumStabilityTest	aggregate	102	import NumStabilityTest.Import.Compatibility.Source.Chapter01.AnalysisNonrandomRoundingSourceInterval	c0006_direct
NumStabilityTest	aggregate	103	import NumStabilityTest.Import.Compatibility.Source.Chapter01.AnalysisNonrandomRoundingStoredGrid	c0006_direct
NumStabilityTest	aggregate	104	import NumStabilityTest.Import.Compatibility.Source.Chapter02.AnalysisHighamChapter2PowerLeadingDigits	c0006_direct
NumStabilityTest	aggregate	105	import NumStabilityTest.Import.Compatibility.Source.Chapter02.AnalysisLeadingDigitDistribution	c0006_direct
NumStabilityTest	aggregate	106	import NumStabilityTest.Import.Compatibility.Source.Chapter02.AnalysisProblem02	c0006_direct
NumStabilityTest	aggregate	107	import NumStabilityTest.Import.Compatibility.Source.Chapter02.AnalysisProblem04	c0006_direct
NumStabilityTest	aggregate	108	import NumStabilityTest.Import.Compatibility.Source.Chapter02.AnalysisProblem07	c0006_direct
NumStabilityTest	aggregate	109	import NumStabilityTest.Import.Compatibility.Source.Chapter02.AnalysisProblem11	c0006_direct
NumStabilityTest	aggregate	110	import NumStabilityTest.Import.Compatibility.Source.Chapter02.AnalysisProblem21	c0006_direct
NumStabilityTest	aggregate	111	import NumStabilityTest.Import.Compatibility.Source.Chapter02.AnalysisProblem22	c0006_direct
NumStabilityTest	aggregate	112	import NumStabilityTest.Import.Compatibility.Source.Chapter02.HighamProblem04	c0006_direct
NumStabilityTest	aggregate	113	import NumStabilityTest.Import.Compatibility.Source.Chapter02.HighamProblem07	c0006_direct
NumStabilityTest	aggregate	114	import NumStabilityTest.Import.Compatibility.Source.Chapter02.HighamProblem22	c0006_direct
NumStabilityTest	aggregate	115	import NumStabilityTest.Import.Compatibility.Source.Chapter04.AlgorithmsCh4KahanFiniteFamily	c0006_direct
NumStabilityTest	aggregate	116	import NumStabilityTest.Import.Compatibility.Source.Chapter04.AlgorithmsHighamChapter4KaoWangScope	c0006_direct
NumStabilityTest	aggregate	117	import NumStabilityTest.Import.Compatibility.Source.Chapter04.AlgorithmsProblem44SixTerm	c0006_direct
NumStabilityTest	aggregate	118	import NumStabilityTest.Import.Compatibility.Source.Chapter06.AlgorithmsChapter06Lemma66	c0006_direct
NumStabilityTest	aggregate	119	import NumStabilityTest.Import.Compatibility.Source.Chapter06.AnalysisHigham6Asides	c0006_direct
NumStabilityTest	aggregate	120	import NumStabilityTest.Import.Compatibility.Source.Chapter06.AnalysisHigham6BlockAntidiag	c0006_direct
NumStabilityTest	aggregate	121	import NumStabilityTest.Import.Compatibility.Source.Chapter06.AnalysisHighamChapter6Duality	c0006_direct
NumStabilityTest	aggregate	122	import NumStabilityTest.Import.Compatibility.Source.Chapter08.AlgorithmsHighamLemma88SourceDiscrepancy	c0006_direct
NumStabilityTest	aggregate	123	import NumStabilityTest.Import.Compatibility.Source.Chapter08.HighamLemma8_8Discrepancy	c0006_direct
NumStabilityTest	aggregate	124	import NumStabilityTest.Import.Compatibility.Source.Chapter10.AlgorithmsHigham10Theorem10_7Source	c0006_direct
NumStabilityTest	aggregate	125	import NumStabilityTest.Import.Compatibility.Source.Chapter10.HighamTheorem10_7	c0006_direct
NumStabilityTest	aggregate	126	import NumStabilityTest.Import.Compatibility.Source.Chapter11.AlgorithmsBunchTridiagonalCapstoneCh11Closure	c0006_direct
NumStabilityTest	aggregate	127	import NumStabilityTest.Import.Compatibility.Source.Chapter11.HighamTheorem11_7Capstone	c0006_direct
NumStabilityTest	aggregate	128	import NumStabilityTest.Import.Compatibility.Source.Chapter12.AlgorithmsHighamChapter12	c0006_direct
NumStabilityTest	aggregate	129	import NumStabilityTest.Import.Compatibility.Source.Chapter12.AlgorithmsHighamChapter12OmegaDiscontinuity	c0006_direct
NumStabilityTest	aggregate	130	import NumStabilityTest.Import.Compatibility.Source.Chapter12.AlgorithmsHighamChapter12Problem12_2	c0006_direct
NumStabilityTest	aggregate	131	import NumStabilityTest.Import.Compatibility.Source.Chapter13.AlgorithmsBlockLUTable13_1Families	c0006_direct
NumStabilityTest	aggregate	132	import NumStabilityTest.Import.Compatibility.Source.Chapter13.AlgorithmsLUHigham13DemmelSharpMultiplier	c0006_direct
NumStabilityTest	aggregate	133	import NumStabilityTest.Import.Compatibility.Source.Chapter13.HighamTable13_1	c0006_direct
NumStabilityTest	aggregate	134	import NumStabilityTest.Import.Compatibility.Source.Chapter14.AlgorithmsCh14HymanDeterminant	c0006_direct
NumStabilityTest	aggregate	135	import NumStabilityTest.Import.Compatibility.Source.Chapter14.AlgorithmsCh14Problem1413Boundary	c0006_direct
NumStabilityTest	aggregate	136	import NumStabilityTest.Import.Compatibility.Source.Chapter14.AlgorithmsCh14SchulzIteration	c0006_direct
NumStabilityTest	aggregate	137	import NumStabilityTest.Import.Compatibility.Source.Chapter14.AlgorithmsCh14SchulzRectangular	c0006_direct
NumStabilityTest	aggregate	138	import NumStabilityTest.Import.Compatibility.Source.Chapter14.AlgorithmsCh14SchulzSpectralConvergence	c0006_direct
NumStabilityTest	aggregate	139	import NumStabilityTest.Import.Compatibility.Source.Chapter14.AlgorithmsCh14SourceCorrections	c0006_direct
NumStabilityTest	aggregate	140	import NumStabilityTest.Import.Compatibility.Source.Chapter14.AlgorithmsChapter14Problem1415Weyl	c0006_direct
NumStabilityTest	aggregate	141	import NumStabilityTest.Import.Compatibility.Source.Chapter14.Discrepancies	c0006_direct
NumStabilityTest	aggregate	142	import NumStabilityTest.Import.Compatibility.Source.Chapter17.AlgorithmsStationaryIterationSeries	c0006_direct
NumStabilityTest	aggregate	143	import NumStabilityTest.Import.Compatibility.Source.Chapter17.AnalysisCh17SemiconvergentBlockFormSourceClosure	c0006_direct
NumStabilityTest	aggregate	144	import NumStabilityTest.Import.Compatibility.Source.Chapter20.AlgorithmsHigham20SourceAliases	c0006_direct
NumStabilityTest	aggregate	145	import NumStabilityTest.Import.Compatibility.Source.Chapter20.HighamSourceAliases	c0006_direct
NumStabilityTest	aggregate	146	import NumStabilityTest.Import.Compatibility.Source.Chapter21.AlgorithmsUnderdeterminedHigham21Condition	c0006_direct
NumStabilityTest	aggregate	147	import NumStabilityTest.Import.Compatibility.Source.Chapter21.AlgorithmsUnderdeterminedHigham21RowwiseMeasure	c0006_direct
NumStabilityTest	aggregate	148	import NumStabilityTest.Import.Compatibility.Source.Chapter21.AlgorithmsUnderdeterminedHigham21Theorem21_3Attainment	c0006_direct
NumStabilityTest	aggregate	149	import NumStabilityTest.Import.Compatibility.Source.Chapter22.AlgorithmsVandermondeHigham22	c0006_direct
NumStabilityTest	aggregate	150	import NumStabilityTest.Import.Compatibility.Source.Chapter22.AlgorithmsVandermondeHigham22Ch12RefinementBridge	c0006_direct
NumStabilityTest	aggregate	151	import NumStabilityTest.Import.Compatibility.Source.Chapter22.AlgorithmsVandermondeHigham22ComplexConfluentRefinementBridge	c0006_direct
NumStabilityTest	aggregate	152	import NumStabilityTest.Import.Compatibility.Source.Chapter22.AlgorithmsVandermondeHigham22MonomialClosure	c0006_direct
NumStabilityTest	aggregate	153	import NumStabilityTest.Import.Compatibility.Source.Chapter22.AlgorithmsVandermondeHigham22Problem22_7	c0006_direct
NumStabilityTest	aggregate	154	import NumStabilityTest.Import.Compatibility.Source.Chapter23.AlgorithmsFastMatMulHigham23	c0006_direct
NumStabilityTest	aggregate	155	import NumStabilityTest.Import.Compatibility.Source.Chapter23.AlgorithmsFastMatMulHigham23Bini	c0006_direct
NumStabilityTest	aggregate	156	import NumStabilityTest.Import.Compatibility.Source.Chapter23.AlgorithmsFastMatMulHigham23Problem23_8	c0006_direct
NumStabilityTest	aggregate	157	import NumStabilityTest.Import.Compatibility.Source.Chapter23.AlgorithmsFastMatMulHigham23Recursive	c0006_direct
NumStabilityTest	aggregate	158	import NumStabilityTest.Import.Compatibility.Source.Chapter23.AlgorithmsFastMatMulHigham23Remaining	c0006_direct
NumStabilityTest	aggregate	159	import NumStabilityTest.Import.Compatibility.Source.Chapter23.AlgorithmsFastMatMulHigham23ThreeMStrassen	c0006_direct
NumStabilityTest	aggregate	160	import NumStabilityTest.Import.Compatibility.Source.Chapter24.CirculantForwardError	c0006_direct
NumStabilityTest	aggregate	161	import NumStabilityTest.Import.Compatibility.Source.Chapter24.CirculantSystems	c0006_direct
NumStabilityTest	aggregate	162	import NumStabilityTest.Import.Compatibility.Source.Chapter24.FFTBackwardStability	c0006_direct
NumStabilityTest	aggregate	163	import NumStabilityTest.Import.Compatibility.Source.Chapter24.ForwardFFTPerturbation	c0006_direct
NumStabilityTest	aggregate	164	import NumStabilityTest.Import.Compatibility.Source.Chapter24.FourierTransform	c0006_direct
NumStabilityTest	aggregate	165	import NumStabilityTest.Import.Compatibility.Source.Chapter24.InverseFFT	c0006_direct
NumStabilityTest	aggregate	166	import NumStabilityTest.Import.Compatibility.Source.Chapter24.Radix2FFT	c0006_direct
NumStabilityTest	aggregate	167	import NumStabilityTest.Import.Compatibility.Source.Chapter24.RoundedCirculantSolver	c0006_direct
NumStabilityTest	aggregate	168	import NumStabilityTest.Import.Compatibility.Source.Chapter24.RoundedDiagonalSolve	c0006_direct
NumStabilityTest	aggregate	169	import NumStabilityTest.Import.Compatibility.Source.Chapter24.StructuredMixedStability	c0006_direct
NumStabilityTest	aggregate	170	import NumStabilityTest.Import.Compatibility.Source.Chapter25.Eigenproblem	c0006_direct
NumStabilityTest	aggregate	171	import NumStabilityTest.Import.Compatibility.Source.Chapter25.NonlinearSystems	c0006_direct
NumStabilityTest	aggregate	172	import NumStabilityTest.Import.Compatibility.Source.Chapter25.Problem01	c0006_direct
NumStabilityTest	aggregate	173	import NumStabilityTest.Import.Compatibility.Source.Chapter26.AlgorithmsHigham26	c0006_direct
NumStabilityTest	aggregate	174	import NumStabilityTest.Import.Compatibility.Source.Chapter26.AlgorithmsHigham26SourceSearch	c0006_direct
NumStabilityTest	aggregate	175	import NumStabilityTest.Import.Compatibility.Source.Chapter27.AlgorithmsSoftwareIssuesHigham27	c0006_direct
NumStabilityTest	aggregate	176	import NumStabilityTest.Import.Compatibility.Source.Chapter27.AlgorithmsSoftwareIssuesHigham27Pythag	c0006_direct
NumStabilityTest	aggregate	177	import NumStabilityTest.Import.Compatibility.Source.Chapter28.AlgorithmsTestMatricesHigham28HilbertRatioDiscrepancy	c0006_direct
NumStabilityTest	aggregate	178	import NumStabilityTest.Import.Compatibility.Source.CrossChapter.AlgorithmsHighamChapter12Ch9GenericSolverBridge	c0006_direct
NumStabilityTest	aggregate	179	import NumStabilityTest.Import.Compatibility.Source.CrossChapter.AlgorithmsHighamChapter12Ch9SolverBridge	c0006_direct
NumStabilityTest	aggregate	180	import NumStabilityTest.Import.Compatibility.Source.CrossChapter.AlgorithmsHighamChapter15Ch7PracticalBoundBridge	c0006_direct
NumStabilityTest	aggregate	181	import NumStabilityTest.Import.Compatibility.Source.CrossChapter.AlgorithmsHighamChapter3NoGuardDotBridge	c0006_direct
NumStabilityTest	aggregate	182	import NumStabilityTest.Import.Compatibility.Source.CrossChapter.HighamChapter02To03NoGuardDot	c0006_direct
NumStabilityTest	aggregate	183	import NumStabilityTest.Import.Compatibility.Source.CrossChapter.HighamChapter07To15PracticalBound	c0006_direct
NumStabilityTest	aggregate	184	import NumStabilityTest.Import.Compatibility.Source.CrossChapter.HighamChapter09To12GenericSolver	c0006_direct
NumStabilityTest	aggregate	185	import NumStabilityTest.Import.Compatibility.Source.CrossChapter.HighamChapter09To12Solver	c0006_direct
NumStabilityTest	aggregate	186	import NumStabilityTest.Import.Compatibility.Summation.KahanCompensatedFiniteFormat	c0006_direct
NumStabilityTest	aggregate	187	import NumStabilityTest.Import.Core	c0006_direct
NumStabilityTest	aggregate	188	import NumStabilityTest.Import.EndpointCanonical	c0006_direct
NumStabilityTest	aggregate	189	import NumStabilityTest.Import.EndpointMigration	c0006_direct
NumStabilityTest	aggregate	190	import NumStabilityTest.Import.FastMatMulAggregate	c0006_direct
NumStabilityTest	aggregate	191	import NumStabilityTest.Import.FastMatMulLegacyBounds	c0006_direct
NumStabilityTest	aggregate	192	import NumStabilityTest.Import.FastMatMulRecurrences	c0006_direct
NumStabilityTest	aggregate	193	import NumStabilityTest.Import.FloatingPoint	c0006_direct
NumStabilityTest	aggregate	194	import NumStabilityTest.Import.FloatingPoint.IEEE	c0006_direct
NumStabilityTest	aggregate	195	import NumStabilityTest.Import.FloatingPoint.IEEE.NaiveMaximum	c0006_direct
NumStabilityTest	aggregate	196	import NumStabilityTest.Import.Higham	c0006_direct
NumStabilityTest	aggregate	197	import NumStabilityTest.Import.PublicApi	c0006_direct
NumStabilityTest	aggregate	198	import NumStabilityTest.Import.Root	c0006_direct
NumStabilityTest	aggregate	199	import NumStabilityTest.Import.Source	c0006_direct
NumStabilityTest	aggregate	200	import NumStabilityTest.Import.Source.Chapter01	c0006_direct
NumStabilityTest	aggregate	201	import NumStabilityTest.Import.Source.Chapter01.Section17	c0006_direct
NumStabilityTest	aggregate	202	import NumStabilityTest.Import.Source.Chapter01.Section17.ErrorSpread	c0006_direct
NumStabilityTest	aggregate	203	import NumStabilityTest.Import.Source.Chapter01.Section17.GridVariation	c0006_direct
NumStabilityTest	aggregate	204	import NumStabilityTest.Import.Source.Chapter01.Section17.HornerEvaluation	c0006_direct
NumStabilityTest	aggregate	205	import NumStabilityTest.Import.Source.Chapter01.Section17.SourceInterval	c0006_direct
NumStabilityTest	aggregate	206	import NumStabilityTest.Import.Source.Chapter01.Section17.StoredGrid	c0006_direct
NumStabilityTest	aggregate	207	import NumStabilityTest.Import.Source.Chapter02	c0006_direct
NumStabilityTest	aggregate	208	import NumStabilityTest.Import.Source.Chapter02.Problem02	c0006_direct
NumStabilityTest	aggregate	209	import NumStabilityTest.Import.Source.Chapter02.Problem04	c0006_direct
NumStabilityTest	aggregate	210	import NumStabilityTest.Import.Source.Chapter02.Problem07	c0006_direct
NumStabilityTest	aggregate	211	import NumStabilityTest.Import.Source.Chapter02.Problem11	c0006_direct
NumStabilityTest	aggregate	212	import NumStabilityTest.Import.Source.Chapter02.Problem22	c0006_direct
NumStabilityTest	aggregate	213	import NumStabilityTest.Import.Source.Chapter02.Problem23	c0006_direct
NumStabilityTest	aggregate	214	import NumStabilityTest.Import.Source.Chapter02.Section07	c0006_direct
NumStabilityTest	aggregate	215	import NumStabilityTest.Import.Source.Chapter02.Section07.PowerLeadingDigits	c0006_direct
NumStabilityTest	aggregate	216	import NumStabilityTest.Import.Source.Chapter04	c0006_direct
NumStabilityTest	aggregate	217	import NumStabilityTest.Import.Source.Chapter04.Algorithm02	c0006_direct
NumStabilityTest	aggregate	218	import NumStabilityTest.Import.Source.Chapter04.Algorithm02InitializationModelLimitations	c0006_direct
NumStabilityTest	aggregate	219	import NumStabilityTest.Import.Source.Chapter04.Equation07	c0006_direct
NumStabilityTest	aggregate	220	import NumStabilityTest.Import.Source.Chapter04.Equation07AbstractModelCounterexample	c0006_direct
NumStabilityTest	aggregate	221	import NumStabilityTest.Import.Source.Chapter04.Equation07NoGuardCounterexample	c0006_direct
NumStabilityTest	aggregate	222	import NumStabilityTest.Import.Source.Chapter04.Equation07SterbenzCounterexamples	c0006_direct
NumStabilityTest	aggregate	223	import NumStabilityTest.Import.Source.Chapter04.Equation08	c0006_direct
NumStabilityTest	aggregate	224	import NumStabilityTest.Import.Source.Chapter04.Equation08FiniteFamily	c0006_direct
NumStabilityTest	aggregate	225	import NumStabilityTest.Import.Source.Chapter04.Equation08FiniteFormat	c0006_direct
NumStabilityTest	aggregate	226	import NumStabilityTest.Import.Source.Chapter04.Equation08FiniteRouteLimitations	c0006_direct
NumStabilityTest	aggregate	227	import NumStabilityTest.Import.Source.Chapter04.Equation08ModelStrength	c0006_direct
NumStabilityTest	aggregate	228	import NumStabilityTest.Import.Source.Chapter04.Equation08ReturnedSum	c0006_direct
NumStabilityTest	aggregate	229	import NumStabilityTest.Import.Source.Chapter04.Equation09	c0006_direct
NumStabilityTest	aggregate	230	import NumStabilityTest.Import.Source.Chapter04.Equation09Correction	c0006_direct
NumStabilityTest	aggregate	231	import NumStabilityTest.Import.Source.Chapter04.Equation09FiniteFormat	c0006_direct
NumStabilityTest	aggregate	232	import NumStabilityTest.Import.Source.Chapter04.Equation09ModelStrength	c0006_direct
NumStabilityTest	aggregate	233	import NumStabilityTest.Import.Source.Chapter04.Equation10	c0006_direct
NumStabilityTest	aggregate	234	import NumStabilityTest.Import.Source.Chapter04.Equation10AbstractModel	c0006_direct
NumStabilityTest	aggregate	235	import NumStabilityTest.Import.Source.Chapter04.Equation10FiniteFormat	c0006_direct
NumStabilityTest	aggregate	236	import NumStabilityTest.Import.Source.Chapter04.InsertionExamples	c0006_direct
NumStabilityTest	aggregate	237	import NumStabilityTest.Import.Source.Chapter04.Problem04	c0006_direct
NumStabilityTest	aggregate	238	import NumStabilityTest.Import.Source.Chapter04.Problem10	c0006_direct
NumStabilityTest	aggregate	239	import NumStabilityTest.Import.Source.Chapter04.Section02	c0006_direct
NumStabilityTest	aggregate	240	import NumStabilityTest.Import.Source.Chapter04.Section02KaoWangCitationDiscrepancy	c0006_direct
NumStabilityTest	aggregate	241	import NumStabilityTest.Import.Source.Chapter04.Section03	c0006_direct
NumStabilityTest	aggregate	242	import NumStabilityTest.Import.Source.Chapter04.Section03FiniteFormat	c0006_direct
NumStabilityTest	aggregate	243	import NumStabilityTest.Import.Source.Chapter04.Section03NoGuardKahanCounterexample	c0006_direct
NumStabilityTest	aggregate	244	import NumStabilityTest.Import.Source.Chapter06	c0006_direct
NumStabilityTest	aggregate	245	import NumStabilityTest.Import.Source.Chapter06.Asides	c0006_direct
NumStabilityTest	aggregate	246	import NumStabilityTest.Import.Source.Chapter06.AsidesConditionNumberBounds	c0006_direct
NumStabilityTest	aggregate	247	import NumStabilityTest.Import.Source.Chapter06.AsidesEuclideanNormDifferentiability	c0006_direct
NumStabilityTest	aggregate	248	import NumStabilityTest.Import.Source.Chapter06.AsidesMaxNormInconsistency	c0006_direct
NumStabilityTest	aggregate	249	import NumStabilityTest.Import.Source.Chapter06.AsidesUnitaryInvariance	c0006_direct
NumStabilityTest	aggregate	250	import NumStabilityTest.Import.Source.Chapter06.BlockAntidiagonalNorm	c0006_direct
NumStabilityTest	aggregate	251	import NumStabilityTest.Import.Source.Chapter06.BlockAntidiagonalNormInducedLp	c0006_direct
NumStabilityTest	aggregate	252	import NumStabilityTest.Import.Source.Chapter06.BlockAntidiagonalNormOperatorTwo	c0006_direct
NumStabilityTest	aggregate	253	import NumStabilityTest.Import.Source.Chapter06.Equation01	c0006_direct
NumStabilityTest	aggregate	254	import NumStabilityTest.Import.Source.Chapter06.Equation02	c0006_direct
NumStabilityTest	aggregate	255	import NumStabilityTest.Import.Source.Chapter06.Lemma06	c0006_direct
NumStabilityTest	aggregate	256	import NumStabilityTest.Import.Source.Chapter06.Norms	c0006_direct
NumStabilityTest	aggregate	257	import NumStabilityTest.Import.Source.Chapter06.Problem01	c0006_direct
NumStabilityTest	aggregate	258	import NumStabilityTest.Import.Source.Chapter06.Problem05	c0006_direct
NumStabilityTest	aggregate	259	import NumStabilityTest.Import.Source.Chapter06.Problem09	c0006_direct
NumStabilityTest	aggregate	260	import NumStabilityTest.Import.Source.Chapter06.Problem10	c0006_direct
NumStabilityTest	aggregate	261	import NumStabilityTest.Import.Source.Chapter06.Theorem04	c0006_direct
NumStabilityTest	aggregate	262	import NumStabilityTest.Import.Source.Chapter08	c0006_direct
NumStabilityTest	aggregate	263	import NumStabilityTest.Import.Source.Chapter08.Lemma08Discrepancy	c0006_direct
NumStabilityTest	aggregate	264	import NumStabilityTest.Import.Source.Chapter10	c0006_direct
NumStabilityTest	aggregate	265	import NumStabilityTest.Import.Source.Chapter10.Theorem07	c0006_direct
NumStabilityTest	aggregate	266	import NumStabilityTest.Import.Source.Chapter11	c0006_direct
NumStabilityTest	aggregate	267	import NumStabilityTest.Import.Source.Chapter11.Theorem07	c0006_direct
NumStabilityTest	aggregate	268	import NumStabilityTest.Import.Source.Chapter12	c0006_direct
NumStabilityTest	aggregate	269	import NumStabilityTest.Import.Source.Chapter12.IterativeRefinement	c0006_direct
NumStabilityTest	aggregate	270	import NumStabilityTest.Import.Source.Chapter12.OmegaDiscontinuity	c0006_direct
NumStabilityTest	aggregate	271	import NumStabilityTest.Import.Source.Chapter12.Problem02	c0006_direct
NumStabilityTest	aggregate	272	import NumStabilityTest.Import.Source.Chapter13	c0006_direct
NumStabilityTest	aggregate	273	import NumStabilityTest.Import.Source.Chapter13.Algorithm01	c0006_direct
NumStabilityTest	aggregate	274	import NumStabilityTest.Import.Source.Chapter13.Algorithm03	c0006_direct
NumStabilityTest	aggregate	275	import NumStabilityTest.Import.Source.Chapter13.Algorithm04	c0006_direct
NumStabilityTest	aggregate	276	import NumStabilityTest.Import.Source.Chapter13.BlockLU	c0006_direct
NumStabilityTest	aggregate	277	import NumStabilityTest.Import.Source.Chapter13.DemmelSharpMultiplier	c0006_direct
NumStabilityTest	aggregate	278	import NumStabilityTest.Import.Source.Chapter13.Equation01	c0006_direct
NumStabilityTest	aggregate	279	import NumStabilityTest.Import.Source.Chapter13.Equation02	c0006_direct
NumStabilityTest	aggregate	280	import NumStabilityTest.Import.Source.Chapter13.Equation03	c0006_direct
NumStabilityTest	aggregate	281	import NumStabilityTest.Import.Source.Chapter13.Equation18	c0006_direct
NumStabilityTest	aggregate	282	import NumStabilityTest.Import.Source.Chapter13.Equation19	c0006_direct
NumStabilityTest	aggregate	283	import NumStabilityTest.Import.Source.Chapter13.Equation20	c0006_direct
NumStabilityTest	aggregate	284	import NumStabilityTest.Import.Source.Chapter13.Equation21	c0006_direct
NumStabilityTest	aggregate	285	import NumStabilityTest.Import.Source.Chapter13.Equation22	c0006_direct
NumStabilityTest	aggregate	286	import NumStabilityTest.Import.Source.Chapter13.Equation23	c0006_direct
NumStabilityTest	aggregate	287	import NumStabilityTest.Import.Source.Chapter13.Equation23.PointRowGrowth	c0006_direct
NumStabilityTest	aggregate	288	import NumStabilityTest.Import.Source.Chapter13.Equation24	c0006_direct
NumStabilityTest	aggregate	289	import NumStabilityTest.Import.Source.Chapter13.Equation25	c0006_direct
NumStabilityTest	aggregate	290	import NumStabilityTest.Import.Source.Chapter13.Equation25.Factorization	c0006_direct
NumStabilityTest	aggregate	291	import NumStabilityTest.Import.Source.Chapter13.Equation25.Families	c0006_direct
NumStabilityTest	aggregate	292	import NumStabilityTest.Import.Source.Chapter13.Equation26	c0006_direct
NumStabilityTest	aggregate	293	import NumStabilityTest.Import.Source.Chapter13.Lemma09	c0006_direct
NumStabilityTest	aggregate	294	import NumStabilityTest.Import.Source.Chapter13.Lemma10	c0006_direct
NumStabilityTest	aggregate	295	import NumStabilityTest.Import.Source.Chapter13.Lemma10.ConditionNumber	c0006_direct
NumStabilityTest	aggregate	296	import NumStabilityTest.Import.Source.Chapter13.Lemma10.SchurComplement	c0006_direct
NumStabilityTest	aggregate	297	import NumStabilityTest.Import.Source.Chapter13.Problem01	c0006_direct
NumStabilityTest	aggregate	298	import NumStabilityTest.Import.Source.Chapter13.Problem02	c0006_direct
NumStabilityTest	aggregate	299	import NumStabilityTest.Import.Source.Chapter13.Problem03	c0006_direct
NumStabilityTest	aggregate	300	import NumStabilityTest.Import.Source.Chapter13.Problem04	c0006_direct
NumStabilityTest	aggregate	301	import NumStabilityTest.Import.Source.Chapter13.Problem04.ActiveStageBounds	c0006_direct
NumStabilityTest	aggregate	302	import NumStabilityTest.Import.Source.Chapter13.Problem04.ActiveStageProducts	c0006_direct
NumStabilityTest	aggregate	303	import NumStabilityTest.Import.Source.Chapter13.Problem04.ActiveTailProducts	c0006_direct
NumStabilityTest	aggregate	304	import NumStabilityTest.Import.Source.Chapter13.Problem04.BlockInverseBounds	c0006_direct
NumStabilityTest	aggregate	305	import NumStabilityTest.Import.Source.Chapter13.Problem04.ComparisonChains	c0006_direct
NumStabilityTest	aggregate	306	import NumStabilityTest.Import.Source.Chapter13.Problem04.DeterminantChainProducts	c0006_direct
NumStabilityTest	aggregate	307	import NumStabilityTest.Import.Source.Chapter13.Problem04.FactorizationExistence	c0006_direct
NumStabilityTest	aggregate	308	import NumStabilityTest.Import.Source.Chapter13.Problem04.FactorizationProducts	c0006_direct
NumStabilityTest	aggregate	309	import NumStabilityTest.Import.Source.Chapter13.Problem04.FactorizationProducts.ComparisonUpdates	c0006_direct
NumStabilityTest	aggregate	310	import NumStabilityTest.Import.Source.Chapter13.Problem04.FactorizationProducts.DeterminantBounds	c0006_direct
NumStabilityTest	aggregate	311	import NumStabilityTest.Import.Source.Chapter13.Problem04.FactorizationProducts.InverseBounds	c0006_direct
NumStabilityTest	aggregate	312	import NumStabilityTest.Import.Source.Chapter13.Problem04.FactorizationProducts.LocalComparisons	c0006_direct
NumStabilityTest	aggregate	313	import NumStabilityTest.Import.Source.Chapter13.Problem04.FactorizationProducts.LowerBlockBudgets	c0006_direct
NumStabilityTest	aggregate	314	import NumStabilityTest.Import.Source.Chapter13.Problem04.GlobalTableauChain	c0006_direct
NumStabilityTest	aggregate	315	import NumStabilityTest.Import.Source.Chapter13.Problem04.GlobalTableauGrowth	c0006_direct
NumStabilityTest	aggregate	316	import NumStabilityTest.Import.Source.Chapter13.Problem04.GlobalTableauProducts	c0006_direct
NumStabilityTest	aggregate	317	import NumStabilityTest.Import.Source.Chapter13.Problem04.GlobalTableauProducts.ActiveSuffix	c0006_direct
NumStabilityTest	aggregate	318	import NumStabilityTest.Import.Source.Chapter13.Problem04.GlobalTableauProducts.DiagonalUpdate	c0006_direct
NumStabilityTest	aggregate	319	import NumStabilityTest.Import.Source.Chapter13.Problem04.GlobalTableauProducts.TailChain	c0006_direct
NumStabilityTest	aggregate	320	import NumStabilityTest.Import.Source.Chapter13.Problem04.HistoryEnvelope	c0006_direct
NumStabilityTest	aggregate	321	import NumStabilityTest.Import.Source.Chapter13.Problem04.InfNormGrowth	c0006_direct
NumStabilityTest	aggregate	322	import NumStabilityTest.Import.Source.Chapter13.Problem04.InverseRatioChain	c0006_direct
NumStabilityTest	aggregate	323	import NumStabilityTest.Import.Source.Chapter13.Problem04.LocalGrowth	c0006_direct
NumStabilityTest	aggregate	324	import NumStabilityTest.Import.Source.Chapter13.Problem04.LocalNormBounds	c0006_direct
NumStabilityTest	aggregate	325	import NumStabilityTest.Import.Source.Chapter13.Problem04.LowerComparisonChain	c0006_direct
NumStabilityTest	aggregate	326	import NumStabilityTest.Import.Source.Chapter13.Problem04.MatrixStageHistory	c0006_direct
NumStabilityTest	aggregate	327	import NumStabilityTest.Import.Source.Chapter13.Problem04.MatrixStages	c0006_direct
NumStabilityTest	aggregate	328	import NumStabilityTest.Import.Source.Chapter13.Problem04.OneStepProducts	c0006_direct
NumStabilityTest	aggregate	329	import NumStabilityTest.Import.Source.Chapter13.Problem04.ProductBounds	c0006_direct
NumStabilityTest	aggregate	330	import NumStabilityTest.Import.Source.Chapter13.Problem04.RecursiveBudgetChains	c0006_direct
NumStabilityTest	aggregate	331	import NumStabilityTest.Import.Source.Chapter13.Problem04.ScalarGrowthBridge	c0006_direct
NumStabilityTest	aggregate	332	import NumStabilityTest.Import.Source.Chapter13.Problem04.StageHistory	c0006_direct
NumStabilityTest	aggregate	333	import NumStabilityTest.Import.Source.Chapter13.Problem05	c0006_direct
NumStabilityTest	aggregate	334	import NumStabilityTest.Import.Source.Chapter13.Problem06	c0006_direct
NumStabilityTest	aggregate	335	import NumStabilityTest.Import.Source.Chapter13.Problem07	c0006_direct
NumStabilityTest	aggregate	336	import NumStabilityTest.Import.Source.Chapter13.Problem08	c0006_direct
NumStabilityTest	aggregate	337	import NumStabilityTest.Import.Source.Chapter13.Problem09	c0006_direct
NumStabilityTest	aggregate	338	import NumStabilityTest.Import.Source.Chapter13.Section01	c0006_direct
NumStabilityTest	aggregate	339	import NumStabilityTest.Import.Source.Chapter13.Section01.NormConventions	c0006_direct
NumStabilityTest	aggregate	340	import NumStabilityTest.Import.Source.Chapter13.Section01.OperationModelFamilies	c0006_direct
NumStabilityTest	aggregate	341	import NumStabilityTest.Import.Source.Chapter13.Section01.OperationModels	c0006_direct
NumStabilityTest	aggregate	342	import NumStabilityTest.Import.Source.Chapter13.Section01.StandardFactorization	c0006_direct
NumStabilityTest	aggregate	343	import NumStabilityTest.Import.Source.Chapter13.Section03	c0006_direct
NumStabilityTest	aggregate	344	import NumStabilityTest.Import.Source.Chapter13.Section03.ArbitraryNormDominance	c0006_direct
NumStabilityTest	aggregate	345	import NumStabilityTest.Import.Source.Chapter13.Section03.ColumnDominanceClosure	c0006_direct
NumStabilityTest	aggregate	346	import NumStabilityTest.Import.Source.Chapter13.Section03.RowDominanceClosure	c0006_direct
NumStabilityTest	aggregate	347	import NumStabilityTest.Import.Source.Chapter13.Section03.SPDFactorBounds	c0006_direct
NumStabilityTest	aggregate	348	import NumStabilityTest.Import.Source.Chapter13.Section03.SchurStageAnalysis	c0006_direct
NumStabilityTest	aggregate	349	import NumStabilityTest.Import.Source.Chapter13.Table01	c0006_direct
NumStabilityTest	aggregate	350	import NumStabilityTest.Import.Source.Chapter13.Table01.Families	c0006_direct
NumStabilityTest	aggregate	351	import NumStabilityTest.Import.Source.Chapter13.Theorem02	c0006_direct
NumStabilityTest	aggregate	352	import NumStabilityTest.Import.Source.Chapter13.Theorem02.Factorization	c0006_direct
NumStabilityTest	aggregate	353	import NumStabilityTest.Import.Source.Chapter13.Theorem02.Uniqueness	c0006_direct
NumStabilityTest	aggregate	354	import NumStabilityTest.Import.Source.Chapter13.Theorem02.VaryingBlocks	c0006_direct
NumStabilityTest	aggregate	355	import NumStabilityTest.Import.Source.Chapter13.Theorem05	c0006_direct
NumStabilityTest	aggregate	356	import NumStabilityTest.Import.Source.Chapter13.Theorem05.ErrorAnalysis	c0006_direct
NumStabilityTest	aggregate	357	import NumStabilityTest.Import.Source.Chapter13.Theorem05.FamilyErrorAnalysis	c0006_direct
NumStabilityTest	aggregate	358	import NumStabilityTest.Import.Source.Chapter13.Theorem05.Recurrences	c0006_direct
NumStabilityTest	aggregate	359	import NumStabilityTest.Import.Source.Chapter13.Theorem06	c0006_direct
NumStabilityTest	aggregate	360	import NumStabilityTest.Import.Source.Chapter13.Theorem06.AssumptionModel	c0006_direct
NumStabilityTest	aggregate	361	import NumStabilityTest.Import.Source.Chapter13.Theorem06.Computation	c0006_direct
NumStabilityTest	aggregate	362	import NumStabilityTest.Import.Source.Chapter13.Theorem06.FactorAndSolve	c0006_direct
NumStabilityTest	aggregate	363	import NumStabilityTest.Import.Source.Chapter13.Theorem07	c0006_direct
NumStabilityTest	aggregate	364	import NumStabilityTest.Import.Source.Chapter13.Theorem07.OneStep	c0006_direct
NumStabilityTest	aggregate	365	import NumStabilityTest.Import.Source.Chapter13.Theorem07.PivotExistence	c0006_direct
NumStabilityTest	aggregate	366	import NumStabilityTest.Import.Source.Chapter13.Theorem08	c0006_direct
NumStabilityTest	aggregate	367	import NumStabilityTest.Import.Source.Chapter13.Theorem08.OneStep	c0006_direct
NumStabilityTest	aggregate	368	import NumStabilityTest.Import.Source.Chapter14	c0006_direct
NumStabilityTest	aggregate	369	import NumStabilityTest.Import.Source.Chapter14.Problem13	c0006_direct
NumStabilityTest	aggregate	370	import NumStabilityTest.Import.Source.Chapter14.Problem14	c0006_direct
NumStabilityTest	aggregate	371	import NumStabilityTest.Import.Source.Chapter14.Problem15	c0006_direct
NumStabilityTest	aggregate	372	import NumStabilityTest.Import.Source.Chapter14.Section05	c0006_direct
NumStabilityTest	aggregate	373	import NumStabilityTest.Import.Source.Chapter14.Section05.RectangularIteration	c0006_direct
NumStabilityTest	aggregate	374	import NumStabilityTest.Import.Source.Chapter14.Section05.SpectralConvergence	c0006_direct
NumStabilityTest	aggregate	375	import NumStabilityTest.Import.Source.Chapter14.Section05.SquareIteration	c0006_direct
NumStabilityTest	aggregate	376	import NumStabilityTest.Import.Source.Chapter17	c0006_direct
NumStabilityTest	aggregate	377	import NumStabilityTest.Import.Source.Chapter17.Equation08	c0006_direct
NumStabilityTest	aggregate	378	import NumStabilityTest.Import.Source.Chapter17.Equation12	c0006_direct
NumStabilityTest	aggregate	379	import NumStabilityTest.Import.Source.Chapter17.Equation15	c0006_direct
NumStabilityTest	aggregate	380	import NumStabilityTest.Import.Source.Chapter17.Equation16	c0006_direct
NumStabilityTest	aggregate	381	import NumStabilityTest.Import.Source.Chapter17.Equation17	c0006_direct
NumStabilityTest	aggregate	382	import NumStabilityTest.Import.Source.Chapter17.Equation20	c0006_direct
NumStabilityTest	aggregate	383	import NumStabilityTest.Import.Source.Chapter17.Equation22	c0006_direct
NumStabilityTest	aggregate	384	import NumStabilityTest.Import.Source.Chapter17.Problem01	c0006_direct
NumStabilityTest	aggregate	385	import NumStabilityTest.Import.Source.Chapter20	c0006_direct
NumStabilityTest	aggregate	386	import NumStabilityTest.Import.Source.Chapter20.Equation32	c0006_direct
NumStabilityTest	aggregate	387	import NumStabilityTest.Import.Source.Chapter20.Lemma06	c0006_direct
NumStabilityTest	aggregate	388	import NumStabilityTest.Import.Source.Chapter20.Theorem01	c0006_direct
NumStabilityTest	aggregate	389	import NumStabilityTest.Import.Source.Chapter21	c0006_direct
NumStabilityTest	aggregate	390	import NumStabilityTest.Import.Source.Chapter21.RowScalingInvariance	c0006_direct
NumStabilityTest	aggregate	391	import NumStabilityTest.Import.Source.Chapter21.Theorem03	c0006_direct
NumStabilityTest	aggregate	392	import NumStabilityTest.Import.Source.Chapter21.Theorem03.Attainment	c0006_direct
NumStabilityTest	aggregate	393	import NumStabilityTest.Import.Source.Chapter21.Theorem04	c0006_direct
NumStabilityTest	aggregate	394	import NumStabilityTest.Import.Source.Chapter21.Theorem04.RowwiseBackwardError	c0006_direct
NumStabilityTest	aggregate	395	import NumStabilityTest.Import.Source.Chapter22	c0006_direct
NumStabilityTest	aggregate	396	import NumStabilityTest.Import.Source.Chapter22.MonomialResidual	c0006_direct
NumStabilityTest	aggregate	397	import NumStabilityTest.Import.Source.Chapter22.Problem07	c0006_direct
NumStabilityTest	aggregate	398	import NumStabilityTest.Import.Source.Chapter22.Section03	c0006_direct
NumStabilityTest	aggregate	399	import NumStabilityTest.Import.Source.Chapter22.Section03.ComplexConfluentRefinement	c0006_direct
NumStabilityTest	aggregate	400	import NumStabilityTest.Import.Source.Chapter22.Section03.RealRefinement	c0006_direct
NumStabilityTest	aggregate	401	import NumStabilityTest.Import.Source.Chapter22.VandermondeSystems	c0006_direct
NumStabilityTest	aggregate	402	import NumStabilityTest.Import.Source.Chapter23	c0006_direct
NumStabilityTest	aggregate	403	import NumStabilityTest.Import.Source.Chapter23.BalancedScaling	c0006_direct
NumStabilityTest	aggregate	404	import NumStabilityTest.Import.Source.Chapter23.BilinearAlgorithm	c0006_direct
NumStabilityTest	aggregate	405	import NumStabilityTest.Import.Source.Chapter23.BiniLotti	c0006_direct
NumStabilityTest	aggregate	406	import NumStabilityTest.Import.Source.Chapter23.BiniLotti.ExactMajorant	c0006_direct
NumStabilityTest	aggregate	407	import NumStabilityTest.Import.Source.Chapter23.BiniLotti.Execution	c0006_direct
NumStabilityTest	aggregate	408	import NumStabilityTest.Import.Source.Chapter23.BiniLotti.FirstOrder	c0006_direct
NumStabilityTest	aggregate	409	import NumStabilityTest.Import.Source.Chapter23.BiniLotti.RecursiveAlgebra	c0006_direct
NumStabilityTest	aggregate	410	import NumStabilityTest.Import.Source.Chapter23.BlockAlgorithms	c0006_direct
NumStabilityTest	aggregate	411	import NumStabilityTest.Import.Source.Chapter23.ConventionalMultiplication	c0006_direct
NumStabilityTest	aggregate	412	import NumStabilityTest.Import.Source.Chapter23.Equation11	c0006_direct
NumStabilityTest	aggregate	413	import NumStabilityTest.Import.Source.Chapter23.ErrorRecurrences	c0006_direct
NumStabilityTest	aggregate	414	import NumStabilityTest.Import.Source.Chapter23.GammaAsymptotics	c0006_direct
NumStabilityTest	aggregate	415	import NumStabilityTest.Import.Source.Chapter23.Problem08	c0006_direct
NumStabilityTest	aggregate	416	import NumStabilityTest.Import.Source.Chapter23.Theorem02	c0006_direct
NumStabilityTest	aggregate	417	import NumStabilityTest.Import.Source.Chapter23.Theorem02.ErrorBound	c0006_direct
NumStabilityTest	aggregate	418	import NumStabilityTest.Import.Source.Chapter23.Theorem02.ErrorRelations	c0006_direct
NumStabilityTest	aggregate	419	import NumStabilityTest.Import.Source.Chapter23.Theorem02.ExactMajorant	c0006_direct
NumStabilityTest	aggregate	420	import NumStabilityTest.Import.Source.Chapter23.Theorem02.Execution	c0006_direct
NumStabilityTest	aggregate	421	import NumStabilityTest.Import.Source.Chapter23.Theorem02.RecursiveMatrix	c0006_direct
NumStabilityTest	aggregate	422	import NumStabilityTest.Import.Source.Chapter23.Theorem03	c0006_direct
NumStabilityTest	aggregate	423	import NumStabilityTest.Import.Source.Chapter23.Theorem03.Certificates	c0006_direct
NumStabilityTest	aggregate	424	import NumStabilityTest.Import.Source.Chapter23.Theorem03.ErrorBound	c0006_direct
NumStabilityTest	aggregate	425	import NumStabilityTest.Import.Source.Chapter23.Theorem03.ExactMajorant	c0006_direct
NumStabilityTest	aggregate	426	import NumStabilityTest.Import.Source.Chapter23.Theorem03.Execution	c0006_direct
NumStabilityTest	aggregate	427	import NumStabilityTest.Import.Source.Chapter23.ThreeM	c0006_direct
NumStabilityTest	aggregate	428	import NumStabilityTest.Import.Source.Chapter23.ThreeMStrassen	c0006_direct
NumStabilityTest	aggregate	429	import NumStabilityTest.Import.Source.Chapter23.ThreeMStrassen.ExactMajorant	c0006_direct
NumStabilityTest	aggregate	430	import NumStabilityTest.Import.Source.Chapter23.ThreeMStrassen.Execution	c0006_direct
NumStabilityTest	aggregate	431	import NumStabilityTest.Import.Source.Chapter23.ThreeMStrassen.FirstOrder	c0006_direct
NumStabilityTest	aggregate	432	import NumStabilityTest.Import.Source.Chapter23.WinogradInnerProduct	c0006_direct
NumStabilityTest	aggregate	433	import NumStabilityTest.Import.Source.Chapter24	c0006_direct
NumStabilityTest	aggregate	434	import NumStabilityTest.Import.Source.Chapter25	c0006_direct
NumStabilityTest	aggregate	435	import NumStabilityTest.Import.Source.Chapter26	c0006_direct
NumStabilityTest	aggregate	436	import NumStabilityTest.Import.Source.Chapter26.AlternatingDirections	c0006_direct
NumStabilityTest	aggregate	437	import NumStabilityTest.Import.Source.Chapter26.AlternatingDirections.CrudeLineSearch	c0006_direct
NumStabilityTest	aggregate	438	import NumStabilityTest.Import.Source.Chapter26.AlternatingDirections.ExactExecution	c0006_direct
NumStabilityTest	aggregate	439	import NumStabilityTest.Import.Source.Chapter26.CubicRoots	c0006_direct
NumStabilityTest	aggregate	440	import NumStabilityTest.Import.Source.Chapter26.CubicRoots.DepressedCubic	c0006_direct
NumStabilityTest	aggregate	441	import NumStabilityTest.Import.Source.Chapter26.CubicRoots.MonicCubic	c0006_direct
NumStabilityTest	aggregate	442	import NumStabilityTest.Import.Source.Chapter26.Equation01	c0006_direct
NumStabilityTest	aggregate	443	import NumStabilityTest.Import.Source.Chapter26.Equation02	c0006_direct
NumStabilityTest	aggregate	444	import NumStabilityTest.Import.Source.Chapter26.Equation03	c0006_direct
NumStabilityTest	aggregate	445	import NumStabilityTest.Import.Source.Chapter26.Equation04	c0006_direct
NumStabilityTest	aggregate	446	import NumStabilityTest.Import.Source.Chapter26.Equation05	c0006_direct
NumStabilityTest	aggregate	447	import NumStabilityTest.Import.Source.Chapter26.Equation05.CardanoRoots	c0006_direct
NumStabilityTest	aggregate	448	import NumStabilityTest.Import.Source.Chapter26.Equation05.ComplexBranches	c0006_direct
NumStabilityTest	aggregate	449	import NumStabilityTest.Import.Source.Chapter26.Equation05.RealBranches	c0006_direct
NumStabilityTest	aggregate	450	import NumStabilityTest.Import.Source.Chapter26.Equation05.ZeroBranchDiscrepancy	c0006_direct
NumStabilityTest	aggregate	451	import NumStabilityTest.Import.Source.Chapter26.Equation06	c0006_direct
NumStabilityTest	aggregate	452	import NumStabilityTest.Import.Source.Chapter26.Equation07	c0006_direct
NumStabilityTest	aggregate	453	import NumStabilityTest.Import.Source.Chapter26.Equation08	c0006_direct
NumStabilityTest	aggregate	454	import NumStabilityTest.Import.Source.Chapter26.IntervalArithmetic	c0006_direct
NumStabilityTest	aggregate	455	import NumStabilityTest.Import.Source.Chapter26.IntervalArithmetic.DependencyExamples	c0006_direct
NumStabilityTest	aggregate	456	import NumStabilityTest.Import.Source.Chapter26.IntervalArithmetic.DirectedRounding	c0006_direct
NumStabilityTest	aggregate	457	import NumStabilityTest.Import.Source.Chapter26.IntervalArithmetic.ExactOperations	c0006_direct
NumStabilityTest	aggregate	458	import NumStabilityTest.Import.Source.Chapter26.MultidirectionalSearch	c0006_direct
NumStabilityTest	aggregate	459	import NumStabilityTest.Import.Source.Chapter26.MultidirectionalSearch.Execution	c0006_direct
NumStabilityTest	aggregate	460	import NumStabilityTest.Import.Source.Chapter26.MultidirectionalSearch.InitialSimplexGeometry	c0006_direct
NumStabilityTest	aggregate	461	import NumStabilityTest.Import.Source.Chapter26.MultidirectionalSearch.RegularSimplex	c0006_direct
NumStabilityTest	aggregate	462	import NumStabilityTest.Import.Source.Chapter26.MultidirectionalSearch.RightAngledSimplex	c0006_direct
NumStabilityTest	aggregate	463	import NumStabilityTest.Import.Source.Chapter26.MultidirectionalSearch.Simplex	c0006_direct
NumStabilityTest	aggregate	464	import NumStabilityTest.Import.Source.Chapter27	c0006_direct
NumStabilityTest	aggregate	465	import NumStabilityTest.Import.Source.Chapter27.Problem06	c0006_direct
NumStabilityTest	aggregate	466	import NumStabilityTest.Import.Source.Chapter27.SoftwareEnvironment	c0006_direct
NumStabilityTest	aggregate	467	import NumStabilityTest.Import.Source.Chapter28	c0006_direct
NumStabilityTest	aggregate	468	import NumStabilityTest.Import.Source.Chapter28.Equation02	c0006_direct
NumStabilityTest	aggregate	469	import NumStabilityTest.Import.Source.Chapter28.Equation02.RatioDiscrepancy	c0006_direct
NumStabilityTest	aggregate	470	import NumStabilityTest.Import.Source.CrossChapter	c0006_direct
NumStabilityTest	aggregate	471	import NumStabilityTest.Import.Source.CrossChapter.LUSolverWeights	c0006_direct
NumStabilityTest	aggregate	472	import NumStabilityTest.Import.Source.CrossChapter.LUSolverWeights.Doolittle	c0006_direct
NumStabilityTest	aggregate	473	import NumStabilityTest.Import.Source.CrossChapter.LUSolverWeights.Factorization	c0006_direct
NumStabilityTest	aggregate	474	import NumStabilityTest.Import.Source.CrossChapter.NoGuardDotProduct	c0006_direct
NumStabilityTest	aggregate	475	import NumStabilityTest.Import.Source.CrossChapter.PracticalConditionBound	c0006_direct
NumStabilityTest	aggregate	476	import NumStabilityTest.Import.Source.Higham	c0006_direct
NumStabilityTest	aggregate	477	import NumStabilityTest.Import.SourceCanonical	c0006_direct
NumStabilityTest	aggregate	478	import NumStabilityTest.Import.SourceMigration	c0006_direct
NumStabilityTest	aggregate	479	import NumStabilityTest.Import.SummationAggregate	c0006_direct
NumStabilityTest	aggregate	480	import NumStabilityTest.Import.SummationAnalysis	c0006_direct
NumStabilityTest	aggregate	481	import NumStabilityTest.Import.SummationCanonical	c0006_direct
NumStabilityTest	aggregate	482	import NumStabilityTest.Import.SummationCompensatedAlternative	c0006_direct
NumStabilityTest	aggregate	483	import NumStabilityTest.Import.SummationCompensatedAlternativeCore	c0006_direct
NumStabilityTest	aggregate	484	import NumStabilityTest.Import.SummationCompensatedAlternativeErrorBounds	c0006_direct
NumStabilityTest	aggregate	485	import NumStabilityTest.Import.SummationCompensatedCorrectionFormula	c0006_direct
NumStabilityTest	aggregate	486	import NumStabilityTest.Import.SummationCompensatedFastTwoSum	c0006_direct
NumStabilityTest	aggregate	487	import NumStabilityTest.Import.SummationCompensatedFiniteFormat	c0006_direct
NumStabilityTest	aggregate	488	import NumStabilityTest.Import.SummationCompensatedKahan	c0006_direct
NumStabilityTest	aggregate	489	import NumStabilityTest.Import.SummationCompensatedKahanCoefficients	c0006_direct
NumStabilityTest	aggregate	490	import NumStabilityTest.Import.SummationCompensatedKahanCoefficientsAffine	c0006_direct
NumStabilityTest	aggregate	491	import NumStabilityTest.Import.SummationCompensatedKahanCoefficientsCoupled	c0006_direct
NumStabilityTest	aggregate	492	import NumStabilityTest.Import.SummationCompensatedKahanCore	c0006_direct
NumStabilityTest	aggregate	493	import NumStabilityTest.Import.SummationCompensatedKahanErrorBounds	c0006_direct
NumStabilityTest	aggregate	494	import NumStabilityTest.Import.SummationCompensatedKahanExactness	c0006_direct
NumStabilityTest	aggregate	495	import NumStabilityTest.Import.SummationCompensatedKahanFinite	c0006_direct
NumStabilityTest	aggregate	496	import NumStabilityTest.Import.SummationCompensatedKahanFiniteErrorBounds	c0006_direct
NumStabilityTest	aggregate	497	import NumStabilityTest.Import.SummationCompensatedKahanFiniteFormat	c0006_direct
NumStabilityTest	aggregate	498	import NumStabilityTest.Import.SummationCompensatedKahanInternalFinFold	c0006_direct
NumStabilityTest	aggregate	499	import NumStabilityTest.Import.SummationCompensatedKahanLocalCoefficients	c0006_direct
NumStabilityTest	aggregate	500	import NumStabilityTest.Import.SummationCompensatedKahanMajorants	c0006_direct
NumStabilityTest	aggregate	501	import NumStabilityTest.Import.SummationCompensatedNoGuard	c0006_direct
NumStabilityTest	aggregate	502	import NumStabilityTest.Import.SummationCompensatedNoGuardCorrectionFormula	c0006_direct
NumStabilityTest	aggregate	503	import NumStabilityTest.Import.SummationCompensatedNoGuardModified	c0006_direct
NumStabilityTest	aggregate	504	import NumStabilityTest.Import.SummationCompensatedNoGuardOrdinary	c0006_direct
NumStabilityTest	aggregate	505	import NumStabilityTest.Import.SummationErrorBounds	c0006_direct
NumStabilityTest	aggregate	506	import NumStabilityTest.Import.SummationInsertionActiveList	c0006_direct
NumStabilityTest	aggregate	507	import NumStabilityTest.Import.SummationInsertionExecutor	c0006_direct
NumStabilityTest	aggregate	508	import NumStabilityTest.Import.SummationInsertionFamily	c0006_direct
NumStabilityTest	aggregate	509	import NumStabilityTest.Import.SummationInsertionRunningError	c0006_direct
NumStabilityTest	aggregate	510	import NumStabilityTest.Import.SummationInsertionSchedule	c0006_direct
NumStabilityTest	aggregate	511	import NumStabilityTest.Import.SummationInsertionScheduleExecution	c0006_direct
NumStabilityTest	aggregate	512	import NumStabilityTest.Import.SummationMigration	c0006_direct
NumStabilityTest	aggregate	513	import NumStabilityTest.Import.SummationPairwiseCore	c0006_direct
NumStabilityTest	aggregate	514	import NumStabilityTest.Import.SummationPairwiseFamily	c0006_direct
NumStabilityTest	aggregate	515	import NumStabilityTest.Import.SummationRecursiveCore	c0006_direct
NumStabilityTest	aggregate	516	import NumStabilityTest.Import.SummationRecursiveFamily	c0006_direct
NumStabilityTest	aggregate	517	import NumStabilityTest.Import.SummationSigns	c0006_direct
NumStabilityTest	aggregate	518	import NumStabilityTest.Import.SummationTreeChain	c0006_direct
NumStabilityTest	aggregate	519	import NumStabilityTest.Import.Sylvester	c0006_direct
NumStabilityTest	aggregate	520	import NumStabilityTest.Import.TriangularCanonical	c0006_direct
NumStabilityTest	aggregate	521	import NumStabilityTest.Import.TriangularMigration	c0006_direct
NumStabilityTest	aggregate	522	import NumStabilityTest.Import.TridiagonalCondCanonical	c0006_direct
NumStabilityTest	aggregate	523	import NumStabilityTest.Reorganization.R01	c0006_direct
NumStabilityTest	aggregate	524	import NumStabilityTest.Reorganization.R02	c0006_direct
NumStabilityTest	aggregate	525	import NumStabilityTest.Reorganization.R03.All	c0006_direct
NumStabilityTest	aggregate	526	import NumStabilityTest.Reorganization.R04.All	c0006_direct
NumStabilityTest	aggregate	527	import NumStabilityTest.Reorganization.R05.All	c0006_direct
NumStabilityTest	aggregate	528	import NumStabilityTest.Reorganization.R06.All	c0006_direct
NumStabilityTest	aggregate	529	import NumStabilityTest.Reorganization.R07.All	c0006_direct
NumStabilityTest	aggregate	530	import NumStabilityTest.Reorganization.R08.All	c0006_direct
NumStabilityTest	aggregate	531	import NumStabilityTest.Reorganization.R11.All	c0006_direct
NumStabilityTest	aggregate	532	import NumStabilityTest.Reorganization.R12.All	c0006_direct
NumStabilityTest	aggregate	533	import NumStabilityTest.Reorganization.W01.Canonical.ExactSubtraction	c0006_direct
NumStabilityTest	aggregate	534	import NumStabilityTest.Reorganization.W01.Canonical.Format	c0006_direct
NumStabilityTest	aggregate	535	import NumStabilityTest.Reorganization.W01.Canonical.IeeeExceptions	c0006_direct
NumStabilityTest	aggregate	536	import NumStabilityTest.Reorganization.W01.Canonical.IeeeOperations	c0006_direct
NumStabilityTest	aggregate	537	import NumStabilityTest.Reorganization.W01.Canonical.IeeeValue	c0006_direct
NumStabilityTest	aggregate	538	import NumStabilityTest.Reorganization.W01.Canonical.NearestRoundingError	c0006_direct
NumStabilityTest	aggregate	539	import NumStabilityTest.Reorganization.W01.Canonical.RoundToEvenLocalError	c0006_direct
NumStabilityTest	aggregate	540	import NumStabilityTest.Reorganization.W01.Canonical.Rounding	c0006_direct
NumStabilityTest	aggregate	541	import NumStabilityTest.Reorganization.W01.Canonical.StandardModel	c0006_direct
NumStabilityTest	aggregate	542	import NumStabilityTest.Reorganization.W01.Chapter01.CancellationOfRoundingErrors	c0006_direct
NumStabilityTest	aggregate	543	import NumStabilityTest.Reorganization.W01.Chapter01.IncreasingPrecision	c0006_direct
NumStabilityTest	aggregate	544	import NumStabilityTest.Reorganization.W01.Chapter01.InstabilityWithoutCancellation	c0006_direct
NumStabilityTest	aggregate	545	import NumStabilityTest.Reorganization.W01.Chapter02.AdditiveUnderflowModel	c0006_direct
NumStabilityTest	aggregate	546	import NumStabilityTest.Reorganization.W01.Chapter02.Environment	c0006_direct
NumStabilityTest	aggregate	547	import NumStabilityTest.Reorganization.W01.Chapter02.ExactSubtraction	c0006_direct
NumStabilityTest	aggregate	548	import NumStabilityTest.Reorganization.W01.Chapter02.StandardModel	c0006_direct
NumStabilityTest	aggregate	549	import NumStabilityTest.Reorganization.W01.Compatibility.CancellationOfRoundingErrors	c0006_direct
NumStabilityTest	aggregate	550	import NumStabilityTest.Reorganization.W01.Compatibility.FloatingPointArithmetic	c0006_direct
NumStabilityTest	aggregate	551	import NumStabilityTest.Reorganization.W01.Compatibility.IncreasingPrecision	c0006_direct
NumStabilityTest	aggregate	552	import NumStabilityTest.Reorganization.W01.Compatibility.InstabilityWithoutCancellation	c0006_direct
NumStabilityTest	aggregate	553	import NumStabilityTest.Reorganization.W02	c0006_direct
NumStabilityTest	aggregate	554	import NumStabilityTest.Reorganization.W03	c0006_direct
NumStabilityTest	aggregate	555	import NumStabilityTest.Reorganization.W04	c0006_direct
NumStabilityTest	aggregate	556	import NumStabilityTest.Reorganization.W05	c0006_direct
NumStabilityTest	aggregate	557	import NumStabilityTest.Reorganization.W06	c0006_direct
NumStabilityTest	aggregate	558	import NumStabilityTest.Reorganization.W07	c0006_direct
NumStabilityTest	aggregate	559	import NumStabilityTest.Reorganization.W08	c0006_direct
NumStabilityTest	aggregate	560	import NumStabilityTest.Reorganization.W09	c0006_direct
NumStabilityTest	aggregate	561	import NumStabilityTest.Reorganization.W10	c0006_direct
NumStabilityTest	aggregate	562	import NumStabilityTest.Reorganization.W11	c0006_direct
NumStabilityTest	aggregate	563	import NumStabilityTest.Reorganization.W12	c0006_direct
NumStabilityTest	aggregate	564	import NumStabilityTest.Worker.Ch09.Layers1To5	c0006_direct
NumStabilityTest	aggregate	565	import NumStabilityTest.Worker.Ch09.WaveA	c0006_direct
NumStabilityTest	aggregate	566	import NumStabilityTest.Worker.Ch09.WaveB	c0006_direct
NumStabilityTest	aggregate	567	import NumStabilityTest.Worker.Ch09.WaveC	c0006_direct
NumStabilityTest	aggregate	568	import NumStabilityTest.Worker.Ch09.WaveD1	c0006_direct
NumStabilityTest	aggregate	569	import NumStabilityTest.Worker.Ch09.WaveD2	c0006_direct
NumStabilityTest	aggregate	570	import NumStabilityTest.Worker.Ch09.WaveE	c0006_direct
NumStabilityTest	aggregate	571	import NumStabilityTest.Worker.ClassificationAudit	c0006_direct
NumStabilityTest	aggregate	572	import NumStabilityTest.Worker.LsqCh20	c0006_direct
NumStabilityTest	aggregate	573	import NumStabilityTest.Worker.QrCh19	c0006_direct
NumStabilityTest	aggregate	574	import NumStabilityTest.Reorganization.R10.All	c0006_expanded
