format	1
declaration	historical_module	destination_module	decision	kind	visibility	command_root	start_line
NumStability.AccuracyMeasure	NumStability.Analysis.Error	NumStability.Analysis.Error.Measures.AccuracyPrecision	move_candidate	inductive	public	NumStability.AccuracyMeasure	719
NumStability.AccuracyMeasure.absolute	NumStability.Analysis.Error	NumStability.Analysis.Error.Measures.AccuracyPrecision	move_candidate	constructor	public	NumStability.AccuracyMeasure	719
NumStability.AccuracyMeasure.absolute.elim	NumStability.Analysis.Error	NumStability.Analysis.Error.Measures.AccuracyPrecision	move_candidate	definition	public	NumStability.AccuracyMeasure	719
NumStability.AccuracyMeasure.absolute.sizeOf_spec	NumStability.Analysis.Error	NumStability.Analysis.Error.Measures.AccuracyPrecision	move_candidate	theorem	public	NumStability.AccuracyMeasure	719
NumStability.AccuracyMeasure.casesOn	NumStability.Analysis.Error	NumStability.Analysis.Error.Measures.AccuracyPrecision	move_candidate	definition	public	NumStability.AccuracyMeasure	719
NumStability.AccuracyMeasure.ctorElim	NumStability.Analysis.Error	NumStability.Analysis.Error.Measures.AccuracyPrecision	move_candidate	definition	public	NumStability.AccuracyMeasure	719
NumStability.AccuracyMeasure.ctorElimType	NumStability.Analysis.Error	NumStability.Analysis.Error.Measures.AccuracyPrecision	move_candidate	definition	public	NumStability.AccuracyMeasure	719
NumStability.AccuracyMeasure.ctorIdx	NumStability.Analysis.Error	NumStability.Analysis.Error.Measures.AccuracyPrecision	move_candidate	definition	public	NumStability.AccuracyMeasure	719
NumStability.AccuracyMeasure.noConfusion	NumStability.Analysis.Error	NumStability.Analysis.Error.Measures.AccuracyPrecision	move_candidate	definition	public	NumStability.AccuracyMeasure	719
NumStability.AccuracyMeasure.noConfusionType	NumStability.Analysis.Error	NumStability.Analysis.Error.Measures.AccuracyPrecision	move_candidate	definition	public	NumStability.AccuracyMeasure	719
NumStability.AccuracyMeasure.ofNat	NumStability.Analysis.Error	NumStability.Analysis.Error.Measures.AccuracyPrecision	move_candidate	definition	public	NumStability.AccuracyMeasure	719
NumStability.AccuracyMeasure.ofNat_ctorIdx	NumStability.Analysis.Error	NumStability.Analysis.Error.Measures.AccuracyPrecision	move_candidate	theorem	public	NumStability.AccuracyMeasure	719
NumStability.AccuracyMeasure.rec	NumStability.Analysis.Error	NumStability.Analysis.Error.Measures.AccuracyPrecision	move_candidate	recursor	public	NumStability.AccuracyMeasure	719
NumStability.AccuracyMeasure.recOn	NumStability.Analysis.Error	NumStability.Analysis.Error.Measures.AccuracyPrecision	move_candidate	definition	public	NumStability.AccuracyMeasure	719
NumStability.AccuracyMeasure.relative	NumStability.Analysis.Error	NumStability.Analysis.Error.Measures.AccuracyPrecision	move_candidate	constructor	public	NumStability.AccuracyMeasure	719
NumStability.AccuracyMeasure.relative.elim	NumStability.Analysis.Error	NumStability.Analysis.Error.Measures.AccuracyPrecision	move_candidate	definition	public	NumStability.AccuracyMeasure	719
NumStability.AccuracyMeasure.relative.sizeOf_spec	NumStability.Analysis.Error	NumStability.Analysis.Error.Measures.AccuracyPrecision	move_candidate	theorem	public	NumStability.AccuracyMeasure	719
NumStability.AccuracyMeasure.toCtorIdx	NumStability.Analysis.Error	NumStability.Analysis.Error.Measures.AccuracyPrecision	move_candidate	definition	public	NumStability.AccuracyMeasure	719
NumStability.AccuracyMeasure.value	NumStability.Analysis.Error	NumStability.Analysis.Error.Measures.AccuracyPrecision	move_candidate	definition	public	NumStability.AccuracyMeasure.value	728
NumStability.AccuracyMeasure.value_absolute	NumStability.Analysis.Error	NumStability.Analysis.Error.Measures.AccuracyPrecision	move_candidate	theorem	public	NumStability.AccuracyMeasure.value_absolute	733
NumStability.AccuracyMeasure.value_relative	NumStability.Analysis.Error	NumStability.Analysis.Error.Measures.AccuracyPrecision	move_candidate	theorem	public	NumStability.AccuracyMeasure.value_relative	737
NumStability.BackSubAnyOrderSpec	NumStability.Algorithms.TriangularArbitraryOrder	NumStability.Source.Higham.Chapter08.Section03.TriangularSystems.ArbitraryOrder	move_candidate	definition	public	NumStability.BackSubAnyOrderSpec	690
NumStability.BasicOperationPrecisionBounded	NumStability.Analysis.Error	NumStability.Analysis.Error.Measures.AccuracyPrecision	move_candidate	definition	public	NumStability.BasicOperationPrecisionBounded	769
NumStability.BeneficialPowerStoredStartDominantComponentCertificate	NumStability.Analysis.BeneficialRounding	NumStability.Analysis.BeneficialRounding	canonical_in_place	definition	public	-	-
NumStability.BinaryTerminating	NumStability.Analysis.BeneficialRounding	NumStability.Analysis.BeneficialRounding	canonical_in_place	definition	public	-	-
NumStability.Ch7InverseComponentwiseRadiusSet	NumStability.Analysis.HighamChapter7	NumStability.Source.Higham.Chapter07.Equation25.InverseConditioning.ExactPerturbation	move_candidate	definition	public	NumStability.Ch7InverseComponentwiseRadiusSet	5093
NumStability.Ch7NormwiseCondEFRadiusSet	NumStability.Analysis.HighamChapter7	NumStability.Source.Higham.Chapter07.LinearSystemsConditioning.Equation05	move_candidate	definition	public	NumStability.Ch7NormwiseCondEFRadiusSet	24294
NumStability.Ch7Problem79ComponentwiseExactRadiusSet	NumStability.Analysis.HighamChapter7	NumStability.Source.Higham.Chapter07.LinearSystemsConditioning.Problem09Exact	move_candidate	definition	public	NumStability.Ch7Problem79ComponentwiseExactRadiusSet	5903
NumStability.Ch7Problem79ComponentwiseLinearizedRadiusSet	NumStability.Analysis.HighamChapter7	NumStability.Source.Higham.Chapter07.LinearSystemsConditioning.Problem09Linearized	move_candidate	definition	public	NumStability.Ch7Problem79ComponentwiseLinearizedRadiusSet	2887
NumStability.Ch7Problem79NormwiseExactRadiusSet	NumStability.Analysis.HighamChapter7	NumStability.Source.Higham.Chapter07.LinearSystemsConditioning.Problem09Exact	move_candidate	definition	public	NumStability.Ch7Problem79NormwiseExactRadiusSet	6368
NumStability.Ch7Problem79NormwiseLinearizedRadiusSet	NumStability.Analysis.HighamChapter7	NumStability.Source.Higham.Chapter07.LinearSystemsConditioning.Problem09Linearized	move_candidate	definition	public	NumStability.Ch7Problem79NormwiseLinearizedRadiusSet	3032
NumStability.ComponentwiseBackwardError	NumStability.Algorithms.IterativeRefinement	NumStability.Algorithms.LinearSystems.IterativeRefinement.Core	move_candidate	inductive	public	NumStability.ComponentwiseBackwardError	368
NumStability.ComponentwiseBackwardError.casesOn	NumStability.Algorithms.IterativeRefinement	NumStability.Algorithms.LinearSystems.IterativeRefinement.Core	move_candidate	definition	public	NumStability.ComponentwiseBackwardError	368
NumStability.ComponentwiseBackwardError.ctorIdx	NumStability.Algorithms.IterativeRefinement	NumStability.Algorithms.LinearSystems.IterativeRefinement.Core	move_candidate	definition	public	NumStability.ComponentwiseBackwardError	368
NumStability.ComponentwiseBackwardError.exact	NumStability.Algorithms.IterativeRefinement	NumStability.Algorithms.LinearSystems.IterativeRefinement.Core	move_candidate	theorem	public	NumStability.ComponentwiseBackwardError	368
NumStability.ComponentwiseBackwardError.mk	NumStability.Algorithms.IterativeRefinement	NumStability.Algorithms.LinearSystems.IterativeRefinement.Core	move_candidate	constructor	public	NumStability.ComponentwiseBackwardError	368
NumStability.ComponentwiseBackwardError.mk.inj	NumStability.Algorithms.IterativeRefinement	NumStability.Algorithms.LinearSystems.IterativeRefinement.Core	move_candidate	theorem	public	NumStability.ComponentwiseBackwardError	368
NumStability.ComponentwiseBackwardError.mk.injEq	NumStability.Algorithms.IterativeRefinement	NumStability.Algorithms.LinearSystems.IterativeRefinement.Core	move_candidate	theorem	public	NumStability.ComponentwiseBackwardError	368
NumStability.ComponentwiseBackwardError.mk.noConfusion	NumStability.Algorithms.IterativeRefinement	NumStability.Algorithms.LinearSystems.IterativeRefinement.Core	move_candidate	definition	public	NumStability.ComponentwiseBackwardError	368
NumStability.ComponentwiseBackwardError.mk.sizeOf_spec	NumStability.Algorithms.IterativeRefinement	NumStability.Algorithms.LinearSystems.IterativeRefinement.Core	move_candidate	theorem	public	NumStability.ComponentwiseBackwardError	368
NumStability.ComponentwiseBackwardError.noConfusion	NumStability.Algorithms.IterativeRefinement	NumStability.Algorithms.LinearSystems.IterativeRefinement.Core	move_candidate	definition	public	NumStability.ComponentwiseBackwardError	368
NumStability.ComponentwiseBackwardError.noConfusionType	NumStability.Algorithms.IterativeRefinement	NumStability.Algorithms.LinearSystems.IterativeRefinement.Core	move_candidate	definition	public	NumStability.ComponentwiseBackwardError	368
NumStability.ComponentwiseBackwardError.rec	NumStability.Algorithms.IterativeRefinement	NumStability.Algorithms.LinearSystems.IterativeRefinement.Core	move_candidate	recursor	public	NumStability.ComponentwiseBackwardError	368
NumStability.ComponentwiseBackwardError.recOn	NumStability.Algorithms.IterativeRefinement	NumStability.Algorithms.LinearSystems.IterativeRefinement.Core	move_candidate	definition	public	NumStability.ComponentwiseBackwardError	368
NumStability.ComponentwiseBackwardError.ΔA	NumStability.Algorithms.IterativeRefinement	NumStability.Algorithms.LinearSystems.IterativeRefinement.Core	move_candidate	definition	public	NumStability.ComponentwiseBackwardError	368
NumStability.ComponentwiseBackwardError.ΔA_bound	NumStability.Algorithms.IterativeRefinement	NumStability.Algorithms.LinearSystems.IterativeRefinement.Core	move_candidate	theorem	public	NumStability.ComponentwiseBackwardError	368
NumStability.ComponentwiseBackwardError.Δb	NumStability.Algorithms.IterativeRefinement	NumStability.Algorithms.LinearSystems.IterativeRefinement.Core	move_candidate	definition	public	NumStability.ComponentwiseBackwardError	368
NumStability.ComponentwiseBackwardError.Δb_bound	NumStability.Algorithms.IterativeRefinement	NumStability.Algorithms.LinearSystems.IterativeRefinement.Core	move_candidate	theorem	public	NumStability.ComponentwiseBackwardError	368
NumStability.ComponentwiseFirstOrderBackwardFeasible	NumStability.Analysis.FirstOrderFramework	NumStability.Analysis.FirstOrderFramework	canonical_in_place	definition	public	-	-
NumStability.DoolittleDenseLoopAbsBudgetCertificate	NumStability.Algorithms.LU.Doolittle	NumStability.Algorithms.LinearSystems.LU.Doolittle.Certificates	move_candidate	inductive	public	NumStability.DoolittleDenseLoopAbsBudgetCertificate	1583
NumStability.DoolittleDenseLoopAbsBudgetCertificate.L_abs_residual	NumStability.Algorithms.LU.Doolittle	NumStability.Algorithms.LinearSystems.LU.Doolittle.Certificates	move_candidate	theorem	public	NumStability.DoolittleDenseLoopAbsBudgetCertificate	1583
NumStability.DoolittleDenseLoopAbsBudgetCertificate.L_budget_le_compression	NumStability.Algorithms.LU.Doolittle	NumStability.Algorithms.LinearSystems.LU.Doolittle.Certificates	move_candidate	theorem	public	NumStability.DoolittleDenseLoopAbsBudgetCertificate	1583
NumStability.DoolittleDenseLoopAbsBudgetCertificate.L_diag	NumStability.Algorithms.LU.Doolittle	NumStability.Algorithms.LinearSystems.LU.Doolittle.Certificates	move_candidate	theorem	public	NumStability.DoolittleDenseLoopAbsBudgetCertificate	1583
NumStability.DoolittleDenseLoopAbsBudgetCertificate.L_entry_eq	NumStability.Algorithms.LU.Doolittle	NumStability.Algorithms.LinearSystems.LU.Doolittle.Certificates	move_candidate	theorem	public	NumStability.DoolittleDenseLoopAbsBudgetCertificate	1583
NumStability.DoolittleDenseLoopAbsBudgetCertificate.L_upper_zero	NumStability.Algorithms.LU.Doolittle	NumStability.Algorithms.LinearSystems.LU.Doolittle.Certificates	move_candidate	theorem	public	NumStability.DoolittleDenseLoopAbsBudgetCertificate	1583
NumStability.DoolittleDenseLoopAbsBudgetCertificate.U_abs_residual	NumStability.Algorithms.LU.Doolittle	NumStability.Algorithms.LinearSystems.LU.Doolittle.Certificates	move_candidate	theorem	public	NumStability.DoolittleDenseLoopAbsBudgetCertificate	1583
NumStability.DoolittleDenseLoopAbsBudgetCertificate.U_budget_le_compression	NumStability.Algorithms.LU.Doolittle	NumStability.Algorithms.LinearSystems.LU.Doolittle.Certificates	move_candidate	theorem	public	NumStability.DoolittleDenseLoopAbsBudgetCertificate	1583
NumStability.DoolittleDenseLoopAbsBudgetCertificate.U_entry_eq	NumStability.Algorithms.LU.Doolittle	NumStability.Algorithms.LinearSystems.LU.Doolittle.Certificates	move_candidate	theorem	public	NumStability.DoolittleDenseLoopAbsBudgetCertificate	1583
NumStability.DoolittleDenseLoopAbsBudgetCertificate.U_lower_zero	NumStability.Algorithms.LU.Doolittle	NumStability.Algorithms.LinearSystems.LU.Doolittle.Certificates	move_candidate	theorem	public	NumStability.DoolittleDenseLoopAbsBudgetCertificate	1583
NumStability.DoolittleDenseLoopAbsBudgetCertificate.casesOn	NumStability.Algorithms.LU.Doolittle	NumStability.Algorithms.LinearSystems.LU.Doolittle.Certificates	move_candidate	definition	public	NumStability.DoolittleDenseLoopAbsBudgetCertificate	1583
NumStability.DoolittleDenseLoopAbsBudgetCertificate.mk	NumStability.Algorithms.LU.Doolittle	NumStability.Algorithms.LinearSystems.LU.Doolittle.Certificates	move_candidate	constructor	public	NumStability.DoolittleDenseLoopAbsBudgetCertificate	1583
NumStability.DoolittleDenseLoopAbsBudgetCertificate.of_literal_doolittle_component_dominance	NumStability.Algorithms.LU.Doolittle	NumStability.Algorithms.LinearSystems.LU.Doolittle.Certificates	move_candidate	theorem	public	NumStability.DoolittleDenseLoopAbsBudgetCertificate.of_literal_doolittle_component_dominance	1695
NumStability.DoolittleDenseLoopAbsBudgetCertificate.of_literal_doolittle_exact_product_margins	NumStability.Algorithms.LU.Doolittle	NumStability.Algorithms.LinearSystems.LU.Doolittle.Certificates	move_candidate	theorem	public	NumStability.DoolittleDenseLoopAbsBudgetCertificate.of_literal_doolittle_exact_product_margins	1735
NumStability.DoolittleDenseLoopAbsBudgetCertificate.of_literal_doolittle_exact_product_numerator_margins	NumStability.Algorithms.LU.Doolittle	NumStability.Algorithms.LinearSystems.LU.Doolittle.Certificates	move_candidate	theorem	public	NumStability.DoolittleDenseLoopAbsBudgetCertificate.of_literal_doolittle_exact_product_numerator_margins	1780
NumStability.DoolittleDenseLoopAbsBudgetCertificate.of_literal_doolittle_exact_target_gaps	NumStability.Algorithms.LU.Doolittle	NumStability.Algorithms.LU.Doolittle	retain_historical	theorem	public	NumStability.DoolittleDenseLoopAbsBudgetCertificate.of_literal_doolittle_exact_target_gaps	1821
NumStability.DoolittleDenseLoopAbsBudgetCertificate.of_literal_doolittle_source_budgets	NumStability.Algorithms.LU.Doolittle	NumStability.Algorithms.LinearSystems.LU.Doolittle.Certificates	move_candidate	theorem	public	NumStability.DoolittleDenseLoopAbsBudgetCertificate.of_literal_doolittle_source_budgets	1650
NumStability.DoolittleDenseLoopAbsBudgetCertificate.rec	NumStability.Algorithms.LU.Doolittle	NumStability.Algorithms.LinearSystems.LU.Doolittle.Certificates	move_candidate	recursor	public	NumStability.DoolittleDenseLoopAbsBudgetCertificate	1583
NumStability.DoolittleDenseLoopAbsBudgetCertificate.recOn	NumStability.Algorithms.LU.Doolittle	NumStability.Algorithms.LinearSystems.LU.Doolittle.Certificates	move_candidate	definition	public	NumStability.DoolittleDenseLoopAbsBudgetCertificate	1583
NumStability.DoolittleDenseLoopAbsBudgetCertificate.to_DoolittleLU	NumStability.Algorithms.LU.Doolittle	NumStability.Algorithms.LU.Doolittle	retain_historical	theorem	public	NumStability.DoolittleDenseLoopAbsBudgetCertificate.to_DoolittleLU	2088
NumStability.DoolittleDenseLoopAbsBudgetCertificate.to_LUBackwardError	NumStability.Algorithms.LU.Doolittle	NumStability.Algorithms.LU.Doolittle	retain_historical	theorem	public	NumStability.DoolittleDenseLoopAbsBudgetCertificate.to_LUBackwardError	2098
NumStability.DoolittleDenseLoopAbsBudgetCertificate.to_denseLoopCertificate	NumStability.Algorithms.LU.Doolittle	NumStability.Algorithms.LinearSystems.LU.Doolittle.Certificates	move_candidate	theorem	public	NumStability.DoolittleDenseLoopAbsBudgetCertificate.to_denseLoopCertificate	1628
NumStability.DoolittleDenseLoopCertificate	NumStability.Algorithms.LU.Doolittle	NumStability.Algorithms.LinearSystems.LU.Doolittle.Certificates	move_candidate	inductive	public	NumStability.DoolittleDenseLoopCertificate	1547
NumStability.DoolittleDenseLoopCertificate.L_diag	NumStability.Algorithms.LU.Doolittle	NumStability.Algorithms.LinearSystems.LU.Doolittle.Certificates	move_candidate	theorem	public	NumStability.DoolittleDenseLoopCertificate	1547
NumStability.DoolittleDenseLoopCertificate.L_entry_eq	NumStability.Algorithms.LU.Doolittle	NumStability.Algorithms.LinearSystems.LU.Doolittle.Certificates	move_candidate	theorem	public	NumStability.DoolittleDenseLoopCertificate	1547
NumStability.DoolittleDenseLoopCertificate.L_residual_compression	NumStability.Algorithms.LU.Doolittle	NumStability.Algorithms.LinearSystems.LU.Doolittle.Certificates	move_candidate	theorem	public	NumStability.DoolittleDenseLoopCertificate	1547
NumStability.DoolittleDenseLoopCertificate.L_upper_zero	NumStability.Algorithms.LU.Doolittle	NumStability.Algorithms.LinearSystems.LU.Doolittle.Certificates	move_candidate	theorem	public	NumStability.DoolittleDenseLoopCertificate	1547
NumStability.DoolittleDenseLoopCertificate.U_entry_eq	NumStability.Algorithms.LU.Doolittle	NumStability.Algorithms.LinearSystems.LU.Doolittle.Certificates	move_candidate	theorem	public	NumStability.DoolittleDenseLoopCertificate	1547
NumStability.DoolittleDenseLoopCertificate.U_lower_zero	NumStability.Algorithms.LU.Doolittle	NumStability.Algorithms.LinearSystems.LU.Doolittle.Certificates	move_candidate	theorem	public	NumStability.DoolittleDenseLoopCertificate	1547
NumStability.DoolittleDenseLoopCertificate.U_residual_compression	NumStability.Algorithms.LU.Doolittle	NumStability.Algorithms.LinearSystems.LU.Doolittle.Certificates	move_candidate	theorem	public	NumStability.DoolittleDenseLoopCertificate	1547
NumStability.DoolittleDenseLoopCertificate.casesOn	NumStability.Algorithms.LU.Doolittle	NumStability.Algorithms.LinearSystems.LU.Doolittle.Certificates	move_candidate	definition	public	NumStability.DoolittleDenseLoopCertificate	1547
NumStability.DoolittleDenseLoopCertificate.mk	NumStability.Algorithms.LU.Doolittle	NumStability.Algorithms.LinearSystems.LU.Doolittle.Certificates	move_candidate	constructor	public	NumStability.DoolittleDenseLoopCertificate	1547
NumStability.DoolittleDenseLoopCertificate.rec	NumStability.Algorithms.LU.Doolittle	NumStability.Algorithms.LinearSystems.LU.Doolittle.Certificates	move_candidate	recursor	public	NumStability.DoolittleDenseLoopCertificate	1547
NumStability.DoolittleDenseLoopCertificate.recOn	NumStability.Algorithms.LU.Doolittle	NumStability.Algorithms.LinearSystems.LU.Doolittle.Certificates	move_candidate	definition	public	NumStability.DoolittleDenseLoopCertificate	1547
NumStability.DoolittleDenseLoopCertificate.to_DoolittleLU	NumStability.Algorithms.LU.Doolittle	NumStability.Algorithms.LU.Doolittle	retain_historical	theorem	public	NumStability.DoolittleDenseLoopCertificate.to_DoolittleLU	1909
NumStability.DoolittleDenseLoopCertificate.to_LUBackwardError	NumStability.Algorithms.LU.Doolittle	NumStability.Algorithms.LU.Doolittle	retain_historical	theorem	public	NumStability.DoolittleDenseLoopCertificate.to_LUBackwardError	2076
NumStability.DoolittleLU	NumStability.Algorithms.LU.Doolittle	NumStability.Algorithms.LinearSystems.LU.Doolittle.Basic	move_candidate	inductive	public	NumStability.DoolittleLU	34
NumStability.DoolittleLU.L_computed	NumStability.Algorithms.LU.Doolittle	NumStability.Algorithms.LinearSystems.LU.Doolittle.Basic	move_candidate	theorem	public	NumStability.DoolittleLU	34
NumStability.DoolittleLU.L_diag	NumStability.Algorithms.LU.Doolittle	NumStability.Algorithms.LinearSystems.LU.Doolittle.Basic	move_candidate	theorem	public	NumStability.DoolittleLU	34
NumStability.DoolittleLU.L_upper_zero	NumStability.Algorithms.LU.Doolittle	NumStability.Algorithms.LinearSystems.LU.Doolittle.Basic	move_candidate	theorem	public	NumStability.DoolittleLU	34
NumStability.DoolittleLU.U_computed	NumStability.Algorithms.LU.Doolittle	NumStability.Algorithms.LinearSystems.LU.Doolittle.Basic	move_candidate	theorem	public	NumStability.DoolittleLU	34
NumStability.DoolittleLU.U_lower_zero	NumStability.Algorithms.LU.Doolittle	NumStability.Algorithms.LinearSystems.LU.Doolittle.Basic	move_candidate	theorem	public	NumStability.DoolittleLU	34
NumStability.DoolittleLU.casesOn	NumStability.Algorithms.LU.Doolittle	NumStability.Algorithms.LinearSystems.LU.Doolittle.Basic	move_candidate	definition	public	NumStability.DoolittleLU	34
NumStability.DoolittleLU.mk	NumStability.Algorithms.LU.Doolittle	NumStability.Algorithms.LinearSystems.LU.Doolittle.Basic	move_candidate	constructor	public	NumStability.DoolittleLU	34
NumStability.DoolittleLU.rec	NumStability.Algorithms.LU.Doolittle	NumStability.Algorithms.LinearSystems.LU.Doolittle.Basic	move_candidate	recursor	public	NumStability.DoolittleLU	34
NumStability.DoolittleLU.recOn	NumStability.Algorithms.LU.Doolittle	NumStability.Algorithms.LinearSystems.LU.Doolittle.Basic	move_candidate	definition	public	NumStability.DoolittleLU	34
NumStability.DoolittleLU.to_LUBackwardError	NumStability.Algorithms.LU.Doolittle	NumStability.Algorithms.LU.Doolittle	retain_historical	theorem	public	NumStability.DoolittleLU.to_LUBackwardError	1989
NumStability.ErrorSource	NumStability.Analysis.Error	NumStability.Source.Higham.Chapter01.Section03.ErrorSources.Core	move_candidate	inductive	public	NumStability.ErrorSource	695
NumStability.ErrorSource.IsChapterOneMainSource	NumStability.Analysis.Error	NumStability.Source.Higham.Chapter01.Section03.ErrorSources.Core	move_candidate	definition	public	NumStability.ErrorSource.IsChapterOneMainSource	704
NumStability.ErrorSource.casesOn	NumStability.Analysis.Error	NumStability.Source.Higham.Chapter01.Section03.ErrorSources.Core	move_candidate	definition	public	NumStability.ErrorSource	695
NumStability.ErrorSource.chapterOneMainSource_exhaustive	NumStability.Analysis.Error	NumStability.Source.Higham.Chapter01.Section03.ErrorSources.Core	move_candidate	theorem	public	NumStability.ErrorSource.chapterOneMainSource_exhaustive	708
NumStability.ErrorSource.ctorElim	NumStability.Analysis.Error	NumStability.Source.Higham.Chapter01.Section03.ErrorSources.Core	move_candidate	definition	public	NumStability.ErrorSource	695
NumStability.ErrorSource.ctorElimType	NumStability.Analysis.Error	NumStability.Source.Higham.Chapter01.Section03.ErrorSources.Core	move_candidate	definition	public	NumStability.ErrorSource	695
NumStability.ErrorSource.ctorIdx	NumStability.Analysis.Error	NumStability.Source.Higham.Chapter01.Section03.ErrorSources.Core	move_candidate	definition	public	NumStability.ErrorSource	695
NumStability.ErrorSource.dataUncertainty	NumStability.Analysis.Error	NumStability.Source.Higham.Chapter01.Section03.ErrorSources.Core	move_candidate	constructor	public	NumStability.ErrorSource	695
NumStability.ErrorSource.dataUncertainty.elim	NumStability.Analysis.Error	NumStability.Source.Higham.Chapter01.Section03.ErrorSources.Core	move_candidate	definition	public	NumStability.ErrorSource	695
NumStability.ErrorSource.dataUncertainty.sizeOf_spec	NumStability.Analysis.Error	NumStability.Source.Higham.Chapter01.Section03.ErrorSources.Core	move_candidate	theorem	public	NumStability.ErrorSource	695
NumStability.ErrorSource.noConfusion	NumStability.Analysis.Error	NumStability.Source.Higham.Chapter01.Section03.ErrorSources.Core	move_candidate	definition	public	NumStability.ErrorSource	695
NumStability.ErrorSource.noConfusionType	NumStability.Analysis.Error	NumStability.Source.Higham.Chapter01.Section03.ErrorSources.Core	move_candidate	definition	public	NumStability.ErrorSource	695
NumStability.ErrorSource.ofNat	NumStability.Analysis.Error	NumStability.Source.Higham.Chapter01.Section03.ErrorSources.Core	move_candidate	definition	public	NumStability.ErrorSource	695
NumStability.ErrorSource.ofNat_ctorIdx	NumStability.Analysis.Error	NumStability.Source.Higham.Chapter01.Section03.ErrorSources.Core	move_candidate	theorem	public	NumStability.ErrorSource	695
NumStability.ErrorSource.rec	NumStability.Analysis.Error	NumStability.Source.Higham.Chapter01.Section03.ErrorSources.Core	move_candidate	recursor	public	NumStability.ErrorSource	695
NumStability.ErrorSource.recOn	NumStability.Analysis.Error	NumStability.Source.Higham.Chapter01.Section03.ErrorSources.Core	move_candidate	definition	public	NumStability.ErrorSource	695
NumStability.ErrorSource.rounding	NumStability.Analysis.Error	NumStability.Source.Higham.Chapter01.Section03.ErrorSources.Core	move_candidate	constructor	public	NumStability.ErrorSource	695
NumStability.ErrorSource.rounding.elim	NumStability.Analysis.Error	NumStability.Source.Higham.Chapter01.Section03.ErrorSources.Core	move_candidate	definition	public	NumStability.ErrorSource	695
NumStability.ErrorSource.rounding.sizeOf_spec	NumStability.Analysis.Error	NumStability.Source.Higham.Chapter01.Section03.ErrorSources.Core	move_candidate	theorem	public	NumStability.ErrorSource	695
NumStability.ErrorSource.toCtorIdx	NumStability.Analysis.Error	NumStability.Source.Higham.Chapter01.Section03.ErrorSources.Core	move_candidate	definition	public	NumStability.ErrorSource	695
NumStability.ErrorSource.truncation	NumStability.Analysis.Error	NumStability.Source.Higham.Chapter01.Section03.ErrorSources.Core	move_candidate	constructor	public	NumStability.ErrorSource	695
NumStability.ErrorSource.truncation.elim	NumStability.Analysis.Error	NumStability.Source.Higham.Chapter01.Section03.ErrorSources.Core	move_candidate	definition	public	NumStability.ErrorSource	695
NumStability.ErrorSource.truncation.sizeOf_spec	NumStability.Analysis.Error	NumStability.Source.Higham.Chapter01.Section03.ErrorSources.Core	move_candidate	theorem	public	NumStability.ErrorSource	695
NumStability.FPModel.basicOperationPrecisionBounded	NumStability.Analysis.Error	NumStability.Analysis.Error.Measures.AccuracyPrecision	move_candidate	theorem	public	NumStability.FPModel.basicOperationPrecisionBounded	778
NumStability.FinalRoundingModel	NumStability.Algorithms.ExtendedPrecisionDotProduct	NumStability.Algorithms.ExtendedPrecisionDotProduct	canonical_in_place	definition	public	-	-
NumStability.FiniteProbability	NumStability.Analysis.FiniteProbability	NumStability.Analysis.FiniteProbability	canonical_in_place	inductive	public	-	-
NumStability.FiniteProbability.abs_expectationReal_le_expectationReal_abs	NumStability.Analysis.FiniteProbability	NumStability.Analysis.FiniteProbability	canonical_in_place	theorem	public	-	-
NumStability.FiniteProbability.abs_expectationReal_mul_le_sqrt_mul_sqrt	NumStability.Analysis.FiniteProbability	NumStability.Analysis.FiniteProbability	canonical_in_place	theorem	public	-	-
NumStability.FiniteProbability.abs_sqrt_expectationReal_sq_sub_le_sqrt_expectationReal_sub_sq	NumStability.Analysis.FiniteProbability	NumStability.Analysis.FiniteProbability	canonical_in_place	theorem	public	-	-
NumStability.FiniteProbability.boolUniformProbability	NumStability.Analysis.FiniteProbability	NumStability.Analysis.FiniteProbability	canonical_in_place	definition	public	-	-
NumStability.FiniteProbability.boolUniformProbability_abs_sqrt_expectationReal_sq_sub_le_sqrt_expectationReal_sub_sq	NumStability.Analysis.FiniteProbability	NumStability.Analysis.FiniteProbability	canonical_in_place	theorem	public	-	-
NumStability.FiniteProbability.boolUniformProbability_expectationReal	NumStability.Analysis.FiniteProbability	NumStability.Analysis.FiniteProbability	canonical_in_place	theorem	public	-	-
NumStability.FiniteProbability.boolUniformProbability_prob	NumStability.Analysis.FiniteProbability	NumStability.Analysis.FiniteProbability	canonical_in_place	theorem	public	-	-
NumStability.FiniteProbability.casesOn	NumStability.Analysis.FiniteProbability	NumStability.Analysis.FiniteProbability	canonical_in_place	definition	public	-	-
NumStability.FiniteProbability.ctorIdx	NumStability.Analysis.FiniteProbability	NumStability.Analysis.FiniteProbability	canonical_in_place	definition	public	-	-
NumStability.FiniteProbability.entropyReal	NumStability.Analysis.FiniteProbability	NumStability.Analysis.FiniteProbability	canonical_in_place	definition	public	-	-
NumStability.FiniteProbability.entropyReal_boolUniformProbability_eq	NumStability.Analysis.FiniteProbability	NumStability.Analysis.FiniteProbability	canonical_in_place	theorem	public	-	-
NumStability.FiniteProbability.entropyReal_boolUniformProbability_sq_le_sq_sub_of_pos	NumStability.Analysis.FiniteProbability	NumStability.Analysis.FiniteProbability	canonical_in_place	theorem	public	-	-
NumStability.FiniteProbability.entropyReal_const	NumStability.Analysis.FiniteProbability	NumStability.Analysis.FiniteProbability	canonical_in_place	theorem	public	-	-
NumStability.FiniteProbability.entropyReal_exp_mul_eq	NumStability.Analysis.FiniteProbability	NumStability.Analysis.FiniteProbability	canonical_in_place	theorem	public	-	-
NumStability.FiniteProbability.entropyReal_prod_boolUniformProbability_sq_le_coordinate_add_entropy	NumStability.Analysis.FiniteProbability	NumStability.Analysis.FiniteProbability	canonical_in_place	theorem	public	-	-
NumStability.FiniteProbability.entropyReal_prod_boolUniformProbability_sq_le_lifted_diff_sum_add	NumStability.Analysis.FiniteProbability	NumStability.Analysis.FiniteProbability	canonical_in_place	theorem	public	-	-
NumStability.FiniteProbability.entropyReal_prod_eq_expectation_entropyReal_add_entropyReal_expectation	NumStability.Analysis.FiniteProbability	NumStability.Analysis.FiniteProbability	canonical_in_place	theorem	public	-	-
NumStability.FiniteProbability.eventProb	NumStability.Analysis.FiniteProbability	NumStability.Analysis.FiniteProbability	canonical_in_place	definition	public	-	-
NumStability.FiniteProbability.eventProb_abs_sub_gt_le_expectationReal_sq_div	NumStability.Analysis.FiniteProbability	NumStability.Analysis.FiniteProbability	canonical_in_place	theorem	public	-	-
NumStability.FiniteProbability.eventProb_abs_sub_le_ge_one_sub_of_second_moment	NumStability.Analysis.FiniteProbability	NumStability.Analysis.FiniteProbability	canonical_in_place	theorem	public	-	-
NumStability.FiniteProbability.eventProb_add_eventProb_compl	NumStability.Analysis.FiniteProbability	NumStability.Analysis.FiniteProbability	canonical_in_place	theorem	public	-	-
NumStability.FiniteProbability.eventProb_add_le_eventProb_inter_add_one	NumStability.Analysis.FiniteProbability	NumStability.Analysis.FiniteProbability	canonical_in_place	theorem	public	-	-
NumStability.FiniteProbability.eventProb_eq_one_of_forall	NumStability.Analysis.FiniteProbability	NumStability.Analysis.FiniteProbability	canonical_in_place	theorem	public	-	-
NumStability.FiniteProbability.eventProb_exists_finiteHermitianEigenvalue_ge_le_exp_neg_mul_expected_trace_exp	NumStability.Analysis.MatrixConcentration	NumStability.Analysis.MatrixConcentration	canonical_in_place	theorem	public	-	-
NumStability.FiniteProbability.eventProb_exists_finiteHermitianEigenvalue_ge_le_exp_neg_mul_trace_bound	NumStability.Analysis.MatrixConcentration	NumStability.Analysis.MatrixConcentration	canonical_in_place	theorem	public	-	-
NumStability.FiniteProbability.eventProb_exists_finiteHermitianEigenvalue_le_le_exp_mul_expected_trace_exp_neg	NumStability.Analysis.MatrixConcentration	NumStability.Analysis.MatrixConcentration	canonical_in_place	theorem	public	-	-
NumStability.FiniteProbability.eventProb_exists_finiteHermitianEigenvalue_le_le_exp_mul_trace_bound	NumStability.Analysis.MatrixConcentration	NumStability.Analysis.MatrixConcentration	canonical_in_place	theorem	public	-	-
NumStability.FiniteProbability.eventProb_finset_forall_ge_one_sub_sum	NumStability.Analysis.FiniteProbability	NumStability.Analysis.FiniteProbability	canonical_in_place	theorem	public	-	-
NumStability.FiniteProbability.eventProb_forall_abs_finiteHermitianEigenvalue_lt_ge_one_sub_exp_neg_mul_expected_trace_exp_add	NumStability.Analysis.MatrixConcentration	NumStability.Analysis.MatrixConcentration	canonical_in_place	theorem	public	-	-
NumStability.FiniteProbability.eventProb_forall_abs_finiteHermitianEigenvalue_lt_ge_one_sub_exp_neg_mul_trace_bound_add	NumStability.Analysis.MatrixConcentration	NumStability.Analysis.MatrixConcentration	canonical_in_place	theorem	public	-	-
NumStability.FiniteProbability.eventProb_forall_finiteHermitianEigenvalue_gt_ge_one_sub_exp_mul_expected_trace_exp_neg	NumStability.Analysis.MatrixConcentration	NumStability.Analysis.MatrixConcentration	canonical_in_place	theorem	public	-	-
NumStability.FiniteProbability.eventProb_forall_finiteHermitianEigenvalue_gt_ge_one_sub_exp_mul_trace_bound	NumStability.Analysis.MatrixConcentration	NumStability.Analysis.MatrixConcentration	canonical_in_place	theorem	public	-	-
NumStability.FiniteProbability.eventProb_forall_finiteHermitianEigenvalue_lt_ge_one_sub_exp_neg_mul_expected_trace_exp	NumStability.Analysis.MatrixConcentration	NumStability.Analysis.MatrixConcentration	canonical_in_place	theorem	public	-	-
NumStability.FiniteProbability.eventProb_forall_finiteHermitianEigenvalue_lt_ge_one_sub_exp_neg_mul_trace_bound	NumStability.Analysis.MatrixConcentration	NumStability.Analysis.MatrixConcentration	canonical_in_place	theorem	public	-	-
NumStability.FiniteProbability.eventProb_forall_ge_one_sub_sum	NumStability.Analysis.FiniteProbability	NumStability.Analysis.FiniteProbability	canonical_in_place	theorem	public	-	-
NumStability.FiniteProbability.eventProb_inter_eq_one_of_eq_one	NumStability.Analysis.FiniteProbability	NumStability.Analysis.FiniteProbability	canonical_in_place	theorem	public	-	-
NumStability.FiniteProbability.eventProb_inter_ge_one_sub_add	NumStability.Analysis.FiniteProbability	NumStability.Analysis.FiniteProbability	canonical_in_place	theorem	public	-	-
NumStability.FiniteProbability.eventProb_le_ge_one_sub_expectationReal_sq_div	NumStability.Analysis.FiniteProbability	NumStability.Analysis.FiniteProbability	canonical_in_place	theorem	public	-	-
NumStability.FiniteProbability.eventProb_le_one	NumStability.Analysis.FiniteProbability	NumStability.Analysis.FiniteProbability	canonical_in_place	theorem	public	-	-
NumStability.FiniteProbability.eventProb_mono	NumStability.Analysis.FiniteProbability	NumStability.Analysis.FiniteProbability	canonical_in_place	theorem	public	-	-
NumStability.FiniteProbability.eventProb_nat_ge_le_chernoff_of_mgf_bound	NumStability.Analysis.FiniteProbability	NumStability.Analysis.FiniteProbability	canonical_in_place	theorem	public	-	-
NumStability.FiniteProbability.eventProb_nat_ge_le_exp_mul_mgf	NumStability.Analysis.FiniteProbability	NumStability.Analysis.FiniteProbability	canonical_in_place	theorem	public	-	-
NumStability.FiniteProbability.eventProb_nat_ge_le_expectationNat_div	NumStability.Analysis.FiniteProbability	NumStability.Analysis.FiniteProbability	canonical_in_place	theorem	public	-	-
NumStability.FiniteProbability.eventProb_nat_le_ge_one_sub_chernoff_of_mgf_bound	NumStability.Analysis.FiniteProbability	NumStability.Analysis.FiniteProbability	canonical_in_place	theorem	public	-	-
NumStability.FiniteProbability.eventProb_nat_le_ge_one_sub_expectationNat_div_succ	NumStability.Analysis.FiniteProbability	NumStability.Analysis.FiniteProbability	canonical_in_place	theorem	public	-	-
NumStability.FiniteProbability.eventProb_nonneg	NumStability.Analysis.FiniteProbability	NumStability.Analysis.FiniteProbability	canonical_in_place	theorem	public	-	-
NumStability.FiniteProbability.eventProb_real_ge_le_exp_mul_mgf	NumStability.Analysis.FiniteProbability	NumStability.Analysis.FiniteProbability	canonical_in_place	theorem	public	-	-
NumStability.FiniteProbability.eventProb_real_ge_le_expectationReal_div	NumStability.Analysis.FiniteProbability	NumStability.Analysis.FiniteProbability	canonical_in_place	theorem	public	-	-
NumStability.FiniteProbability.eventProb_real_le_ge_one_sub_exp_mul_mgf	NumStability.Analysis.FiniteProbability	NumStability.Analysis.FiniteProbability	canonical_in_place	theorem	public	-	-
NumStability.FiniteProbability.eventProb_real_le_ge_one_sub_exp_of_mgf_bound	NumStability.Analysis.FiniteProbability	NumStability.Analysis.FiniteProbability	canonical_in_place	theorem	public	-	-
NumStability.FiniteProbability.eventProb_real_le_ge_one_sub_expectationReal_div	NumStability.Analysis.FiniteProbability	NumStability.Analysis.FiniteProbability	canonical_in_place	theorem	public	-	-
NumStability.FiniteProbability.eventProb_real_le_mean_add_ge_one_sub_exp_sq_of_entropyReal_exp_mul_le	NumStability.Analysis.FiniteProbability	NumStability.Analysis.FiniteProbability	canonical_in_place	theorem	public	-	-
NumStability.FiniteProbability.eventProb_real_le_mean_add_ge_one_sub_exp_sq_of_log_mgf_bound	NumStability.Analysis.FiniteProbability	NumStability.Analysis.FiniteProbability	canonical_in_place	theorem	public	-	-
NumStability.FiniteProbability.eventProb_real_le_mean_add_ge_one_sub_exp_sq_of_subgaussian_mgf	NumStability.Analysis.FiniteProbability	NumStability.Analysis.FiniteProbability	canonical_in_place	theorem	public	-	-
NumStability.FiniteProbability.eventProb_univ	NumStability.Analysis.FiniteProbability	NumStability.Analysis.FiniteProbability	canonical_in_place	theorem	public	-	-
NumStability.FiniteProbability.exists_prob_pos	NumStability.Analysis.FiniteProbability	NumStability.Analysis.FiniteProbability	canonical_in_place	theorem	public	-	-
NumStability.FiniteProbability.expectationNat	NumStability.Analysis.FiniteProbability	NumStability.Analysis.FiniteProbability	canonical_in_place	definition	public	-	-
NumStability.FiniteProbability.expectationReal	NumStability.Analysis.FiniteProbability	NumStability.Analysis.FiniteProbability	canonical_in_place	definition	public	-	-
NumStability.FiniteProbability.expectationReal_abs_le_prod_expectationReal_abs_sub_of_expectation_eq_zero	NumStability.Analysis.FiniteProbability	NumStability.Analysis.FiniteProbability	canonical_in_place	theorem	public	-	-
NumStability.FiniteProbability.expectationReal_abs_sub_mean_le_prod_expectationReal_abs_sub	NumStability.Analysis.FiniteProbability	NumStability.Analysis.FiniteProbability	canonical_in_place	theorem	public	-	-
NumStability.FiniteProbability.expectationReal_add	NumStability.Analysis.FiniteProbability	NumStability.Analysis.FiniteProbability	canonical_in_place	theorem	public	-	-
NumStability.FiniteProbability.expectationReal_const	NumStability.Analysis.FiniteProbability	NumStability.Analysis.FiniteProbability	canonical_in_place	theorem	public	-	-
NumStability.FiniteProbability.expectationReal_const_mul	NumStability.Analysis.FiniteProbability	NumStability.Analysis.FiniteProbability	canonical_in_place	theorem	public	-	-
NumStability.FiniteProbability.expectationReal_exp_centered_le_exp_of_log_mgf_le	NumStability.Analysis.FiniteProbability	NumStability.Analysis.FiniteProbability	canonical_in_place	theorem	public	-	-
NumStability.FiniteProbability.expectationReal_exp_pos	NumStability.Analysis.FiniteProbability	NumStability.Analysis.FiniteProbability	canonical_in_place	theorem	public	-	-
NumStability.FiniteProbability.expectationReal_indicator_eq_eventProb	NumStability.Analysis.FiniteProbability	NumStability.Analysis.FiniteProbability	canonical_in_place	theorem	public	-	-
NumStability.FiniteProbability.expectationReal_le_of_concaveOn	NumStability.Analysis.FiniteProbability	NumStability.Analysis.FiniteProbability	canonical_in_place	theorem	public	-	-
NumStability.FiniteProbability.expectationReal_le_sqrt_expectationReal_sq	NumStability.Analysis.FiniteProbability	NumStability.Analysis.FiniteProbability	canonical_in_place	theorem	public	-	-
NumStability.FiniteProbability.expectationReal_mono	NumStability.Analysis.FiniteProbability	NumStability.Analysis.FiniteProbability	canonical_in_place	theorem	public	-	-
NumStability.FiniteProbability.expectationReal_mul_const	NumStability.Analysis.FiniteProbability	NumStability.Analysis.FiniteProbability	canonical_in_place	theorem	public	-	-
NumStability.FiniteProbability.expectationReal_sq_le_expectationReal_sq	NumStability.Analysis.FiniteProbability	NumStability.Analysis.FiniteProbability	canonical_in_place	theorem	public	-	-
NumStability.FiniteProbability.expectationReal_sq_nonneg	NumStability.Analysis.FiniteProbability	NumStability.Analysis.FiniteProbability	canonical_in_place	theorem	public	-	-
NumStability.FiniteProbability.expectationReal_sub	NumStability.Analysis.FiniteProbability	NumStability.Analysis.FiniteProbability	canonical_in_place	theorem	public	-	-
NumStability.FiniteProbability.expectationReal_sum	NumStability.Analysis.FiniteProbability	NumStability.Analysis.FiniteProbability	canonical_in_place	theorem	public	-	-
NumStability.FiniteProbability.ext	NumStability.Analysis.FiniteProbability	NumStability.Analysis.FiniteProbability	canonical_in_place	theorem	public	-	-
NumStability.FiniteProbability.ext_iff	NumStability.Analysis.FiniteProbability	NumStability.Analysis.FiniteProbability	canonical_in_place	theorem	public	-	-
NumStability.FiniteProbability.hasDerivAt_expectationReal_exp_mul	NumStability.Analysis.FiniteProbability	NumStability.Analysis.FiniteProbability	canonical_in_place	theorem	public	-	-
NumStability.FiniteProbability.hasDerivAt_log_expectationReal_exp_mul	NumStability.Analysis.FiniteProbability	NumStability.Analysis.FiniteProbability	canonical_in_place	theorem	public	-	-
NumStability.FiniteProbability.log_mgf_differential_le_of_entropyReal_exp_mul_le	NumStability.Analysis.FiniteProbability	NumStability.Analysis.FiniteProbability	canonical_in_place	theorem	public	-	-
NumStability.FiniteProbability.log_mgf_div_sub_quadratic_antitoneOn_of_differential_le	NumStability.Analysis.FiniteProbability	NumStability.Analysis.FiniteProbability	canonical_in_place	theorem	public	-	-
NumStability.FiniteProbability.log_mgf_le_mean_add_quadratic_of_differential_le	NumStability.Analysis.FiniteProbability	NumStability.Analysis.FiniteProbability	canonical_in_place	theorem	public	-	-
NumStability.FiniteProbability.log_mgf_le_mean_add_quadratic_of_entropyReal_exp_mul_le	NumStability.Analysis.FiniteProbability	NumStability.Analysis.FiniteProbability	canonical_in_place	theorem	public	-	-
NumStability.FiniteProbability.mk	NumStability.Analysis.FiniteProbability	NumStability.Analysis.FiniteProbability	canonical_in_place	constructor	public	-	-
NumStability.FiniteProbability.mk.inj	NumStability.Analysis.FiniteProbability	NumStability.Analysis.FiniteProbability	canonical_in_place	theorem	public	-	-
NumStability.FiniteProbability.mk.injEq	NumStability.Analysis.FiniteProbability	NumStability.Analysis.FiniteProbability	canonical_in_place	theorem	public	-	-
NumStability.FiniteProbability.mk.noConfusion	NumStability.Analysis.FiniteProbability	NumStability.Analysis.FiniteProbability	canonical_in_place	definition	public	-	-
NumStability.FiniteProbability.mk.sizeOf_spec	NumStability.Analysis.FiniteProbability	NumStability.Analysis.FiniteProbability	canonical_in_place	theorem	public	-	-
NumStability.FiniteProbability.noConfusion	NumStability.Analysis.FiniteProbability	NumStability.Analysis.FiniteProbability	canonical_in_place	definition	public	-	-
NumStability.FiniteProbability.noConfusionType	NumStability.Analysis.FiniteProbability	NumStability.Analysis.FiniteProbability	canonical_in_place	definition	public	-	-
NumStability.FiniteProbability.prob	NumStability.Analysis.FiniteProbability	NumStability.Analysis.FiniteProbability	canonical_in_place	definition	public	-	-
NumStability.FiniteProbability.prob_le_eventProb_of_mem	NumStability.Analysis.FiniteProbability	NumStability.Analysis.FiniteProbability	canonical_in_place	theorem	public	-	-
NumStability.FiniteProbability.prob_nonneg	NumStability.Analysis.FiniteProbability	NumStability.Analysis.FiniteProbability	canonical_in_place	theorem	public	-	-
NumStability.FiniteProbability.prob_sum	NumStability.Analysis.FiniteProbability	NumStability.Analysis.FiniteProbability	canonical_in_place	theorem	public	-	-
NumStability.FiniteProbability.prod	NumStability.Analysis.FiniteProbability	NumStability.Analysis.FiniteProbability	canonical_in_place	definition	public	-	-
NumStability.FiniteProbability.prod_eventProb_dependent_snd_eq	NumStability.Analysis.FiniteProbability	NumStability.Analysis.FiniteProbability	canonical_in_place	theorem	public	-	-
NumStability.FiniteProbability.prod_eventProb_dependent_snd_ge	NumStability.Analysis.FiniteProbability	NumStability.Analysis.FiniteProbability	canonical_in_place	theorem	public	-	-
NumStability.FiniteProbability.prod_eventProb_fst_eq	NumStability.Analysis.FiniteProbability	NumStability.Analysis.FiniteProbability	canonical_in_place	theorem	public	-	-
NumStability.FiniteProbability.prod_eventProb_inter_dependent_ge_one_sub_add	NumStability.Analysis.FiniteProbability	NumStability.Analysis.FiniteProbability	canonical_in_place	theorem	public	-	-
NumStability.FiniteProbability.prod_expectationReal_eq	NumStability.Analysis.FiniteProbability	NumStability.Analysis.FiniteProbability	canonical_in_place	theorem	public	-	-
NumStability.FiniteProbability.prod_expectationReal_fst_eq	NumStability.Analysis.FiniteProbability	NumStability.Analysis.FiniteProbability	canonical_in_place	theorem	public	-	-
NumStability.FiniteProbability.prod_expectationReal_snd_eq	NumStability.Analysis.FiniteProbability	NumStability.Analysis.FiniteProbability	canonical_in_place	theorem	public	-	-
NumStability.FiniteProbability.rec	NumStability.Analysis.FiniteProbability	NumStability.Analysis.FiniteProbability	canonical_in_place	recursor	public	-	-
NumStability.FiniteProbability.recOn	NumStability.Analysis.FiniteProbability	NumStability.Analysis.FiniteProbability	canonical_in_place	definition	public	-	-
NumStability.FiniteProbability.sqrt_expectationReal_sq_add_le	NumStability.Analysis.FiniteProbability	NumStability.Analysis.FiniteProbability	canonical_in_place	theorem	public	-	-
NumStability.FiniteProbability.tendsto_log_mgf_div_nhdsGT_zero	NumStability.Analysis.FiniteProbability	NumStability.Analysis.FiniteProbability	canonical_in_place	theorem	public	-	-
NumStability.FiniteProbability.twoPointEntropy_le_sq_sub_div_of_pos	NumStability.Analysis.FiniteProbability	NumStability.Analysis.FiniteProbability	canonical_in_place	theorem	public	-	-
NumStability.FloatingPointFormat.adjacentRoundTowardNegative_eq_left_or_right	NumStability.Analysis.Monotonicity	NumStability.Analysis.Monotonicity	canonical_in_place	theorem	public	-	-
NumStability.FloatingPointFormat.adjacentRoundTowardNegative_le_right	NumStability.Analysis.Monotonicity	NumStability.Analysis.Monotonicity	canonical_in_place	theorem	public	-	-
NumStability.FloatingPointFormat.adjacentRoundTowardNegative_monotone_on_ordered_bracket	NumStability.Analysis.Monotonicity	NumStability.Analysis.Monotonicity	canonical_in_place	theorem	public	-	-
NumStability.FloatingPointFormat.adjacentRoundTowardPositive_eq_left_or_right	NumStability.Analysis.Monotonicity	NumStability.Analysis.Monotonicity	canonical_in_place	theorem	public	-	-
NumStability.FloatingPointFormat.adjacentRoundTowardPositive_le_right	NumStability.Analysis.Monotonicity	NumStability.Analysis.Monotonicity	canonical_in_place	theorem	public	-	-
NumStability.FloatingPointFormat.adjacentRoundTowardPositive_monotone_on_ordered_bracket	NumStability.Analysis.Monotonicity	NumStability.Analysis.Monotonicity	canonical_in_place	theorem	public	-	-
NumStability.FloatingPointFormat.adjacentRoundTowardZero_eq_towardPositive_of_nonpos_between	NumStability.Analysis.Monotonicity	NumStability.Analysis.Monotonicity	canonical_in_place	theorem	public	-	-
NumStability.FloatingPointFormat.adjacentRoundTowardZero_monotone_on_nonnegative_ordered_bracket	NumStability.Analysis.Monotonicity	NumStability.Analysis.Monotonicity	canonical_in_place	theorem	public	-	-
NumStability.FloatingPointFormat.adjacentRoundTowardZero_monotone_on_nonpositive_ordered_bracket	NumStability.Analysis.Monotonicity	NumStability.Analysis.Monotonicity	canonical_in_place	theorem	public	-	-
NumStability.FloatingPointFormat.binary64MantissaExtendedLocalFormat	NumStability.Analysis.DoubleRounding	NumStability.Source.Higham.Chapter02.Problem09.DoubleRounding.Counterexample	move_candidate	definition	public	NumStability.FloatingPointFormat.binary64MantissaExtendedLocalFormat	271
NumStability.FloatingPointFormat.binaryDoubleRounding_counterexample	NumStability.Analysis.DoubleRounding	NumStability.Source.Higham.Chapter02.Section03.DoubleRounding.Counterexample	move_candidate	theorem	public	NumStability.FloatingPointFormat.binaryDoubleRounding_counterexample	206
NumStability.FloatingPointFormat.binaryT2DoubleRoundingDestinationFormat	NumStability.Analysis.DoubleRounding	NumStability.Analysis.FloatingPointArithmetic.DoubleRounding.ToyBinary	move_candidate	definition	public	NumStability.FloatingPointFormat.binaryT2DoubleRoundingDestinationFormat	31
NumStability.FloatingPointFormat.binaryT2DoubleRounding_21_16_finiteNormalRange	NumStability.Analysis.DoubleRounding	NumStability.Analysis.FloatingPointArithmetic.DoubleRounding.FiniteNormalRange	move_candidate	theorem	public	NumStability.FloatingPointFormat.binaryT2DoubleRounding_21_16_finiteNormalRange	239
NumStability.FloatingPointFormat.binaryT2DoubleRounding_neg_three_sixteenths_not_finiteSystem	NumStability.Analysis.DoubleRounding	NumStability.Analysis.FloatingPointArithmetic.DoubleRounding.FiniteNormalRange	move_candidate	theorem	public	NumStability.FloatingPointFormat.binaryT2DoubleRounding_neg_three_sixteenths_not_finiteSystem	218
NumStability.FloatingPointFormat.binaryT2DoubleRounding_roundoff_error_not_finiteSystem	NumStability.Analysis.DoubleRounding	NumStability.Analysis.FloatingPointArithmetic.DoubleRounding.FiniteNormalRange	move_candidate	theorem	public	NumStability.FloatingPointFormat.binaryT2DoubleRounding_roundoff_error_not_finiteSystem	229
NumStability.FloatingPointFormat.binaryT2DoubleRounding_rounds_21_16_to_3_2	NumStability.Analysis.DoubleRounding	NumStability.Analysis.FloatingPointArithmetic.DoubleRounding.ToyBinary	move_candidate	theorem	public	NumStability.FloatingPointFormat.binaryT2DoubleRounding_rounds_21_16_to_3_2	154
NumStability.FloatingPointFormat.binaryT2DoubleRounding_rounds_5_4_to_1	NumStability.Analysis.DoubleRounding	NumStability.Analysis.FloatingPointArithmetic.DoubleRounding.ToyBinary	move_candidate	theorem	public	NumStability.FloatingPointFormat.binaryT2DoubleRounding_rounds_5_4_to_1	99
NumStability.FloatingPointFormat.binaryT3DoubleRoundingExtendedFormat	NumStability.Analysis.DoubleRounding	NumStability.Analysis.FloatingPointArithmetic.DoubleRounding.ToyBinary	move_candidate	definition	public	NumStability.FloatingPointFormat.binaryT3DoubleRoundingExtendedFormat	42
NumStability.FloatingPointFormat.binaryT3DoubleRounding_rounds_21_16_to_5_4	NumStability.Analysis.DoubleRounding	NumStability.Analysis.FloatingPointArithmetic.DoubleRounding.ToyBinary	move_candidate	theorem	public	NumStability.FloatingPointFormat.binaryT3DoubleRounding_rounds_21_16_to_5_4	53
NumStability.FloatingPointFormat.decimalOneDigitThreeExponentFormat	NumStability.Analysis.Nonassociativity	NumStability.Analysis.Nonassociativity	canonical_in_place	definition	public	-	-
NumStability.FloatingPointFormat.decimalOneDigitThreeExponentFormat_finiteSystem_one	NumStability.Analysis.Nonassociativity	NumStability.Analysis.Nonassociativity	canonical_in_place	theorem	public	-	-
NumStability.FloatingPointFormat.decimalOneDigitThreeExponentFormat_finiteSystem_one_half	NumStability.Analysis.Midpoint	NumStability.Analysis.FloatingPointArithmetic.MidpointRounding.DecimalTieExamples	move_candidate	theorem	public	NumStability.FloatingPointFormat.decimalOneDigitThreeExponentFormat_finiteSystem_one_half	66
NumStability.FloatingPointFormat.decimalOneDigitThreeExponentFormat_finiteSystem_one_tenth	NumStability.Analysis.Nonassociativity	NumStability.Analysis.Nonassociativity	canonical_in_place	theorem	public	-	-
NumStability.FloatingPointFormat.decimalOneDigitThreeExponentFormat_finiteSystem_ten	NumStability.Analysis.Nonassociativity	NumStability.Analysis.Nonassociativity	canonical_in_place	theorem	public	-	-
NumStability.FloatingPointFormat.decimalOneDigitThreeExponentFormat_finiteSystem_three_tenths	NumStability.Analysis.Nonassociativity	NumStability.Analysis.Nonassociativity	canonical_in_place	theorem	public	-	-
NumStability.FloatingPointFormat.decimalOneDigitThreeExponentFormat_finiteSystem_two	NumStability.Analysis.Midpoint	NumStability.Analysis.FloatingPointArithmetic.MidpointRounding.DecimalTieExamples	move_candidate	theorem	public	NumStability.FloatingPointFormat.decimalOneDigitThreeExponentFormat_finiteSystem_two	72
NumStability.FloatingPointFormat.decimalOneDigitThreeExponentFormat_finiteSystem_two_fifths	NumStability.Analysis.Nonassociativity	NumStability.Analysis.Nonassociativity	canonical_in_place	theorem	public	-	-
NumStability.FloatingPointFormat.decimalOneDigitThreeExponentFormat_normalizedExponentRepresentation_one	NumStability.Analysis.Nonassociativity	NumStability.Analysis.Nonassociativity	canonical_in_place	theorem	public	-	-
NumStability.FloatingPointFormat.decimalOneDigitThreeExponentFormat_normalizedExponentRepresentation_one_fifth	NumStability.Analysis.Nonassociativity	NumStability.Analysis.Nonassociativity	canonical_in_place	theorem	public	-	-
NumStability.FloatingPointFormat.decimalOneDigitThreeExponentFormat_normalizedExponentRepresentation_one_half	NumStability.Analysis.Midpoint	NumStability.Analysis.FloatingPointArithmetic.MidpointRounding.DecimalTieExamples	move_candidate	theorem	public	NumStability.FloatingPointFormat.decimalOneDigitThreeExponentFormat_normalizedExponentRepresentation_one_half	57
NumStability.FloatingPointFormat.decimalOneDigitThreeExponentFormat_normalizedExponentRepresentation_one_tenth	NumStability.Analysis.Nonassociativity	NumStability.Analysis.Nonassociativity	canonical_in_place	theorem	public	-	-
NumStability.FloatingPointFormat.decimalOneDigitThreeExponentFormat_normalizedExponentRepresentation_ten	NumStability.Analysis.Nonassociativity	NumStability.Analysis.Nonassociativity	canonical_in_place	theorem	public	-	-
NumStability.FloatingPointFormat.decimalOneDigitThreeExponentFormat_normalizedExponentRepresentation_three	NumStability.Analysis.Nonassociativity	NumStability.Analysis.Nonassociativity	canonical_in_place	theorem	public	-	-
NumStability.FloatingPointFormat.decimalOneDigitThreeExponentFormat_normalizedExponentRepresentation_three_fifths	NumStability.Analysis.Nonassociativity	NumStability.Analysis.Nonassociativity	canonical_in_place	theorem	public	-	-
NumStability.FloatingPointFormat.decimalOneDigitThreeExponentFormat_normalizedExponentRepresentation_three_tenths	NumStability.Analysis.Nonassociativity	NumStability.Analysis.Nonassociativity	canonical_in_place	theorem	public	-	-
NumStability.FloatingPointFormat.decimalOneDigitThreeExponentFormat_normalizedExponentRepresentation_two	NumStability.Analysis.Nonassociativity	NumStability.Analysis.Nonassociativity	canonical_in_place	theorem	public	-	-
NumStability.FloatingPointFormat.decimalOneDigitThreeExponentFormat_normalizedExponentRepresentation_two_fifths	NumStability.Analysis.Nonassociativity	NumStability.Analysis.Nonassociativity	canonical_in_place	theorem	public	-	-
NumStability.FloatingPointFormat.decimalOneDigitThreeExponentFormat_three_halves_not_finiteSystem	NumStability.Analysis.Midpoint	NumStability.Analysis.FloatingPointArithmetic.MidpointRounding.DecimalTieExamples	move_candidate	theorem	public	NumStability.FloatingPointFormat.decimalOneDigitThreeExponentFormat_three_halves_not_finiteSystem	192
NumStability.FloatingPointFormat.decimalOneDigitThreeExponent_add_one_one_half_rounds_to_two	NumStability.Analysis.Midpoint	NumStability.Analysis.FloatingPointArithmetic.MidpointRounding.DecimalTieExamples	move_candidate	theorem	public	NumStability.FloatingPointFormat.decimalOneDigitThreeExponent_add_one_one_half_rounds_to_two	242
NumStability.FloatingPointFormat.decimalOneDigitThreeExponent_div_one_one_tenth_exact	NumStability.Analysis.Nonassociativity	NumStability.Analysis.Nonassociativity	canonical_in_place	theorem	public	-	-
NumStability.FloatingPointFormat.decimalOneDigitThreeExponent_div_one_tenth_one_exact	NumStability.Analysis.Nonassociativity	NumStability.Analysis.Nonassociativity	canonical_in_place	theorem	public	-	-
NumStability.FloatingPointFormat.decimalOneDigitThreeExponent_div_one_tenth_one_tenth_exact	NumStability.Analysis.Nonassociativity	NumStability.Analysis.Nonassociativity	canonical_in_place	theorem	public	-	-
NumStability.FloatingPointFormat.decimalOneDigitThreeExponent_div_one_two_exact	NumStability.Analysis.Midpoint	NumStability.Analysis.FloatingPointArithmetic.MidpointRounding.DecimalTieExamples	move_candidate	theorem	public	NumStability.FloatingPointFormat.decimalOneDigitThreeExponent_div_one_two_exact	227
NumStability.FloatingPointFormat.decimalOneDigitThreeExponent_midpoint_one_two_rounds_to_two	NumStability.Analysis.Midpoint	NumStability.Analysis.FloatingPointArithmetic.MidpointRounding.DecimalTieExamples	move_candidate	theorem	public	NumStability.FloatingPointFormat.decimalOneDigitThreeExponent_midpoint_one_two_rounds_to_two	135
NumStability.FloatingPointFormat.decimalOneDigitThreeExponent_mul_one_fifth_three_fifths_rounds_to_one_tenth	NumStability.Analysis.Nonassociativity	NumStability.Analysis.Nonassociativity	canonical_in_place	theorem	public	-	-
NumStability.FloatingPointFormat.decimalOneDigitThreeExponent_mul_one_fifth_two_exact	NumStability.Analysis.Nonassociativity	NumStability.Analysis.Nonassociativity	canonical_in_place	theorem	public	-	-
NumStability.FloatingPointFormat.decimalOneDigitThreeExponent_mul_one_tenth_three_exact	NumStability.Analysis.Nonassociativity	NumStability.Analysis.Nonassociativity	canonical_in_place	theorem	public	-	-
NumStability.FloatingPointFormat.decimalOneDigitThreeExponent_mul_three_fifths_three_rounds_to_two	NumStability.Analysis.Nonassociativity	NumStability.Analysis.Nonassociativity	canonical_in_place	theorem	public	-	-
NumStability.FloatingPointFormat.decimalOneDigitThreeExponent_roundToEven_div_nonassociative	NumStability.Analysis.Nonassociativity	NumStability.Analysis.Nonassociativity	canonical_in_place	theorem	public	-	-
NumStability.FloatingPointFormat.decimalOneDigitThreeExponent_roundToEven_mul_nonassociative	NumStability.Analysis.Nonassociativity	NumStability.Analysis.Nonassociativity	canonical_in_place	theorem	public	-	-
NumStability.FloatingPointFormat.decimalOneDigitThreeExponent_sub_two_one_exact	NumStability.Analysis.Midpoint	NumStability.Analysis.FloatingPointArithmetic.MidpointRounding.DecimalTieExamples	move_candidate	theorem	public	NumStability.FloatingPointFormat.decimalOneDigitThreeExponent_sub_two_one_exact	211
NumStability.FloatingPointFormat.decimalOneDigitTwoExponentFormat	NumStability.Analysis.Nonassociativity	NumStability.Analysis.Nonassociativity	canonical_in_place	definition	public	-	-
NumStability.FloatingPointFormat.decimalOneDigitTwoExponentFormat_finiteSystem_four	NumStability.Analysis.Nonassociativity	NumStability.Analysis.Nonassociativity	canonical_in_place	theorem	public	-	-
NumStability.FloatingPointFormat.decimalOneDigitTwoExponentFormat_finiteSystem_neg_eight	NumStability.Analysis.Nonassociativity	NumStability.Analysis.Nonassociativity	canonical_in_place	theorem	public	-	-
NumStability.FloatingPointFormat.decimalOneDigitTwoExponentFormat_finiteSystem_neg_four	NumStability.Analysis.Nonassociativity	NumStability.Analysis.Nonassociativity	canonical_in_place	theorem	public	-	-
NumStability.FloatingPointFormat.decimalOneDigitTwoExponentFormat_finiteSystem_one	NumStability.Analysis.Midpoint	NumStability.Analysis.FloatingPointArithmetic.MidpointRounding.DecimalTieExamples	move_candidate	theorem	public	NumStability.FloatingPointFormat.decimalOneDigitTwoExponentFormat_finiteSystem_one	45
NumStability.FloatingPointFormat.decimalOneDigitTwoExponentFormat_finiteSystem_six	NumStability.Analysis.Nonassociativity	NumStability.Analysis.Nonassociativity	canonical_in_place	theorem	public	-	-
NumStability.FloatingPointFormat.decimalOneDigitTwoExponentFormat_finiteSystem_ten	NumStability.Analysis.Nonassociativity	NumStability.Analysis.Nonassociativity	canonical_in_place	theorem	public	-	-
NumStability.FloatingPointFormat.decimalOneDigitTwoExponentFormat_finiteSystem_twenty	NumStability.Analysis.Nonassociativity	NumStability.Analysis.Nonassociativity	canonical_in_place	theorem	public	-	-
NumStability.FloatingPointFormat.decimalOneDigitTwoExponentFormat_finiteSystem_two	NumStability.Analysis.Midpoint	NumStability.Analysis.FloatingPointArithmetic.MidpointRounding.DecimalTieExamples	move_candidate	theorem	public	NumStability.FloatingPointFormat.decimalOneDigitTwoExponentFormat_finiteSystem_two	51
NumStability.FloatingPointFormat.decimalOneDigitTwoExponentFormat_normalizedExponentRepresentation_four	NumStability.Analysis.Nonassociativity	NumStability.Analysis.Nonassociativity	canonical_in_place	theorem	public	-	-
NumStability.FloatingPointFormat.decimalOneDigitTwoExponentFormat_normalizedExponentRepresentation_neg_eight	NumStability.Analysis.Nonassociativity	NumStability.Analysis.Nonassociativity	canonical_in_place	theorem	public	-	-
NumStability.FloatingPointFormat.decimalOneDigitTwoExponentFormat_normalizedExponentRepresentation_neg_four	NumStability.Analysis.Nonassociativity	NumStability.Analysis.Nonassociativity	canonical_in_place	theorem	public	-	-
NumStability.FloatingPointFormat.decimalOneDigitTwoExponentFormat_normalizedExponentRepresentation_one	NumStability.Analysis.Midpoint	NumStability.Analysis.FloatingPointArithmetic.MidpointRounding.DecimalTieExamples	move_candidate	theorem	public	NumStability.FloatingPointFormat.decimalOneDigitTwoExponentFormat_normalizedExponentRepresentation_one	29
NumStability.FloatingPointFormat.decimalOneDigitTwoExponentFormat_normalizedExponentRepresentation_six	NumStability.Analysis.Nonassociativity	NumStability.Analysis.Nonassociativity	canonical_in_place	theorem	public	-	-
NumStability.FloatingPointFormat.decimalOneDigitTwoExponentFormat_normalizedExponentRepresentation_ten	NumStability.Analysis.Nonassociativity	NumStability.Analysis.Nonassociativity	canonical_in_place	theorem	public	-	-
NumStability.FloatingPointFormat.decimalOneDigitTwoExponentFormat_normalizedExponentRepresentation_twenty	NumStability.Analysis.Nonassociativity	NumStability.Analysis.Nonassociativity	canonical_in_place	theorem	public	-	-
NumStability.FloatingPointFormat.decimalOneDigitTwoExponentFormat_normalizedExponentRepresentation_two	NumStability.Analysis.Midpoint	NumStability.Analysis.FloatingPointArithmetic.MidpointRounding.DecimalTieExamples	move_candidate	theorem	public	NumStability.FloatingPointFormat.decimalOneDigitTwoExponentFormat_normalizedExponentRepresentation_two	37
NumStability.FloatingPointFormat.decimalOneDigitTwoExponent_add_four_neg_four_exact	NumStability.Analysis.Nonassociativity	NumStability.Analysis.Nonassociativity	canonical_in_place	theorem	public	-	-
NumStability.FloatingPointFormat.decimalOneDigitTwoExponent_add_ten_four_rounds_to_ten	NumStability.Analysis.Nonassociativity	NumStability.Analysis.Nonassociativity	canonical_in_place	theorem	public	-	-
NumStability.FloatingPointFormat.decimalOneDigitTwoExponent_add_ten_neg_four_exact	NumStability.Analysis.Nonassociativity	NumStability.Analysis.Nonassociativity	canonical_in_place	theorem	public	-	-
NumStability.FloatingPointFormat.decimalOneDigitTwoExponent_add_ten_zero_exact	NumStability.Analysis.Nonassociativity	NumStability.Analysis.Nonassociativity	canonical_in_place	theorem	public	-	-
NumStability.FloatingPointFormat.decimalOneDigitTwoExponent_midpoint_one_two_rounds_to_two	NumStability.Analysis.Midpoint	NumStability.Analysis.FloatingPointArithmetic.MidpointRounding.DecimalTieExamples	move_candidate	theorem	public	NumStability.FloatingPointFormat.decimalOneDigitTwoExponent_midpoint_one_two_rounds_to_two	78
NumStability.FloatingPointFormat.decimalOneDigitTwoExponent_roundToEven_add_nonassociative	NumStability.Analysis.Nonassociativity	NumStability.Analysis.Nonassociativity	canonical_in_place	theorem	public	-	-
NumStability.FloatingPointFormat.decimalOneDigitTwoExponent_roundToEven_sub_nonassociative	NumStability.Analysis.Nonassociativity	NumStability.Analysis.Nonassociativity	canonical_in_place	theorem	public	-	-
NumStability.FloatingPointFormat.decimalOneDigitTwoExponent_sub_neg_four_four_exact	NumStability.Analysis.Nonassociativity	NumStability.Analysis.Nonassociativity	canonical_in_place	theorem	public	-	-
NumStability.FloatingPointFormat.decimalOneDigitTwoExponent_sub_ten_four_exact	NumStability.Analysis.Nonassociativity	NumStability.Analysis.Nonassociativity	canonical_in_place	theorem	public	-	-
NumStability.FloatingPointFormat.decimalOneDigitTwoExponent_sub_ten_neg_eight_rounds_to_twenty	NumStability.Analysis.Nonassociativity	NumStability.Analysis.Nonassociativity	canonical_in_place	theorem	public	-	-
NumStability.FloatingPointFormat.decimalOneDigitTwoExponent_sub_ten_neg_four_rounds_to_ten	NumStability.Analysis.Nonassociativity	NumStability.Analysis.Nonassociativity	canonical_in_place	theorem	public	-	-
NumStability.FloatingPointFormat.decimalOnePlaceRoundAwayAddSubFromElevenTenths	NumStability.Analysis.TieRules	NumStability.Analysis.TieRules	canonical_in_place	definition	public	-	-
NumStability.FloatingPointFormat.decimalOnePlaceRoundAwayAddSubFromElevenTenths_eq_six_fifths	NumStability.Analysis.TieRules	NumStability.Analysis.TieRules	canonical_in_place	theorem	public	-	-
NumStability.FloatingPointFormat.decimalOnePlaceRoundAwayAddSubFromOne	NumStability.Analysis.TieRules	NumStability.Analysis.TieRules	canonical_in_place	definition	public	-	-
NumStability.FloatingPointFormat.decimalOnePlaceRoundAwayAddSubFromOne_eq_eleven_tenths	NumStability.Analysis.TieRules	NumStability.Analysis.TieRules	canonical_in_place	theorem	public	-	-
NumStability.FloatingPointFormat.decimalOnePlaceRoundAway_drift_first_two_steps	NumStability.Analysis.TieRules	NumStability.Analysis.TieRules	canonical_in_place	theorem	public	-	-
NumStability.FloatingPointFormat.decimalOnePlaceRoundToEvenAddSubFromOne	NumStability.Analysis.TieRules	NumStability.Analysis.TieRules	canonical_in_place	definition	public	-	-
NumStability.FloatingPointFormat.decimalOnePlaceRoundToEvenAddSubFromOne_eq_one	NumStability.Analysis.TieRules	NumStability.Analysis.TieRules	canonical_in_place	theorem	public	-	-
NumStability.FloatingPointFormat.decimalOnePlaceRoundToEven_reiserKnuth_stable_from_one	NumStability.Analysis.TieRules	NumStability.Analysis.TieRules	canonical_in_place	theorem	public	-	-
NumStability.FloatingPointFormat.decimalOnePlaceRoundToOddAddSubFromOne	NumStability.Analysis.TieRules	NumStability.Analysis.TieRules	canonical_in_place	definition	public	-	-
NumStability.FloatingPointFormat.decimalOnePlaceRoundToOddAddSubFromOne_eq_eleven_tenths	NumStability.Analysis.TieRules	NumStability.Analysis.TieRules	canonical_in_place	theorem	public	-	-
NumStability.FloatingPointFormat.decimalOnePlaceRoundToOdd_reiserKnuth_stable_after_first_step	NumStability.Analysis.TieRules	NumStability.Analysis.TieRules	canonical_in_place	theorem	public	-	-
NumStability.FloatingPointFormat.decimal_095_roundToEven_one_place	NumStability.Analysis.TieRules	NumStability.Analysis.TieRules	canonical_in_place	theorem	public	-	-
NumStability.FloatingPointFormat.decimal_105_roundAway_one_place	NumStability.Analysis.TieRules	NumStability.Analysis.TieRules	canonical_in_place	theorem	public	-	-
NumStability.FloatingPointFormat.decimal_105_roundToEven_one_place	NumStability.Analysis.TieRules	NumStability.Analysis.TieRules	canonical_in_place	theorem	public	-	-
NumStability.FloatingPointFormat.decimal_105_roundToOdd_one_place	NumStability.Analysis.TieRules	NumStability.Analysis.TieRules	canonical_in_place	theorem	public	-	-
NumStability.FloatingPointFormat.decimal_115_roundAway_one_place	NumStability.Analysis.TieRules	NumStability.Analysis.TieRules	canonical_in_place	theorem	public	-	-
NumStability.FloatingPointFormat.decimal_115_roundToOdd_one_place	NumStability.Analysis.TieRules	NumStability.Analysis.TieRules	canonical_in_place	theorem	public	-	-
NumStability.FloatingPointFormat.decimal_2445_roundToEven_chain	NumStability.Analysis.TieRules	NumStability.Analysis.TieRules	canonical_in_place	theorem	public	-	-
NumStability.FloatingPointFormat.decimal_2445_roundToEven_two_places	NumStability.Analysis.TieRules	NumStability.Analysis.TieRules	canonical_in_place	theorem	public	-	-
NumStability.FloatingPointFormat.decimal_2445_roundToOdd_chain	NumStability.Analysis.TieRules	NumStability.Analysis.TieRules	canonical_in_place	theorem	public	-	-
NumStability.FloatingPointFormat.decimal_2445_roundToOdd_two_places	NumStability.Analysis.TieRules	NumStability.Analysis.TieRules	canonical_in_place	theorem	public	-	-
NumStability.FloatingPointFormat.decimal_244_roundToEven_one_place	NumStability.Analysis.TieRules	NumStability.Analysis.TieRules	canonical_in_place	theorem	public	-	-
NumStability.FloatingPointFormat.decimal_245_roundToOdd_one_place	NumStability.Analysis.TieRules	NumStability.Analysis.TieRules	canonical_in_place	theorem	public	-	-
NumStability.FloatingPointFormat.finiteConventionalDotProductListTailLoop	NumStability.Analysis.FusedMultiplyAdd	NumStability.FloatingPoint.FusedMultiplyAdd.DotProductCounts	move_candidate	definition	public	NumStability.FloatingPointFormat.finiteConventionalDotProductListTailLoop	256
NumStability.FloatingPointFormat.finiteConventionalDotProductListTailLoop_count	NumStability.Analysis.FusedMultiplyAdd	NumStability.FloatingPoint.FusedMultiplyAdd.DotProductCounts	move_candidate	theorem	public	NumStability.FloatingPointFormat.finiteConventionalDotProductListTailLoop_count	275
NumStability.FloatingPointFormat.finiteConventionalDotProductListTrace	NumStability.Analysis.FusedMultiplyAdd	NumStability.FloatingPoint.FusedMultiplyAdd.DotProductCounts	move_candidate	definition	public	NumStability.FloatingPointFormat.finiteConventionalDotProductListTrace	266
NumStability.FloatingPointFormat.finiteConventionalDotProductListTrace_count	NumStability.Analysis.FusedMultiplyAdd	NumStability.FloatingPoint.FusedMultiplyAdd.DotProductCounts	move_candidate	theorem	public	NumStability.FloatingPointFormat.finiteConventionalDotProductListTrace_count	287
NumStability.FloatingPointFormat.finiteFMADotProductListLoop	NumStability.Analysis.FusedMultiplyAdd	NumStability.FloatingPoint.FusedMultiplyAdd.DotProductCounts	move_candidate	definition	public	NumStability.FloatingPointFormat.finiteFMADotProductListLoop	222
NumStability.FloatingPointFormat.finiteFMADotProductListLoop_count	NumStability.Analysis.FusedMultiplyAdd	NumStability.FloatingPoint.FusedMultiplyAdd.DotProductCounts	move_candidate	theorem	public	NumStability.FloatingPointFormat.finiteFMADotProductListLoop_count	237
NumStability.FloatingPointFormat.finiteFMADotProductListTrace	NumStability.Analysis.FusedMultiplyAdd	NumStability.FloatingPoint.FusedMultiplyAdd.DotProductCounts	move_candidate	definition	public	NumStability.FloatingPointFormat.finiteFMADotProductListTrace	232
NumStability.FloatingPointFormat.finiteFMADotProductListTrace_count	NumStability.Analysis.FusedMultiplyAdd	NumStability.FloatingPoint.FusedMultiplyAdd.DotProductCounts	move_candidate	theorem	public	NumStability.FloatingPointFormat.finiteFMADotProductListTrace_count	249
NumStability.FloatingPointFormat.finiteNormalRange_not_enough_for_roundoff_error_finiteSystem	NumStability.Analysis.DoubleRounding	NumStability.Analysis.FloatingPointArithmetic.DoubleRounding.FiniteNormalRange	move_candidate	theorem	public	NumStability.FloatingPointFormat.finiteNormalRange_not_enough_for_roundoff_error_finiteSystem	256
NumStability.FloatingPointFormat.finiteOverflowSaturation_monotone	NumStability.Analysis.Monotonicity	NumStability.Analysis.Monotonicity	canonical_in_place	theorem	public	-	-
NumStability.FloatingPointFormat.finiteRoundAway_eq_overflow_of_not_underflow	NumStability.Analysis.Monotonicity	NumStability.Analysis.Monotonicity	canonical_in_place	theorem	public	-	-
NumStability.FloatingPointFormat.finiteRoundAway_monotone_on_overflow_branch	NumStability.Analysis.Monotonicity	NumStability.Analysis.Monotonicity	canonical_in_place	theorem	public	-	-
NumStability.FloatingPointFormat.finiteRoundToEvenFMA	NumStability.Analysis.FusedMultiplyAdd	NumStability.FloatingPoint.FusedMultiplyAdd.Core	move_candidate	definition	public	NumStability.FloatingPointFormat.finiteRoundToEvenFMA	27
NumStability.FloatingPointFormat.finiteRoundToEvenFMA_eq_exact_of_finiteSystem	NumStability.Analysis.FusedMultiplyAdd	NumStability.FloatingPoint.FusedMultiplyAdd.Core	move_candidate	theorem	public	NumStability.FloatingPointFormat.finiteRoundToEvenFMA_eq_exact_of_finiteSystem	50
NumStability.FloatingPointFormat.finiteRoundToEvenFMA_eq_round_exact	NumStability.Analysis.FusedMultiplyAdd	NumStability.FloatingPoint.FusedMultiplyAdd.Core	move_candidate	theorem	public	NumStability.FloatingPointFormat.finiteRoundToEvenFMA_eq_round_exact	43
NumStability.FloatingPointFormat.finiteRoundToEvenFMA_inverseRelErrorWitness_of_finiteNormalRange	NumStability.Analysis.FusedMultiplyAdd	NumStability.FloatingPoint.FusedMultiplyAdd.Core	move_candidate	theorem	public	NumStability.FloatingPointFormat.finiteRoundToEvenFMA_inverseRelErrorWitness_of_finiteNormalRange	76
NumStability.FloatingPointFormat.finiteRoundToEvenFMA_product_correction_add_eq_product_of_finiteSystem	NumStability.Analysis.FusedMultiplyAdd	NumStability.FloatingPoint.FusedMultiplyAdd.Core	move_candidate	theorem	public	NumStability.FloatingPointFormat.finiteRoundToEvenFMA_product_correction_add_eq_product_of_finiteSystem	95
NumStability.FloatingPointFormat.finiteRoundToEvenFMA_product_expansion_with_rounded_product	NumStability.Analysis.FusedMultiplyAdd	NumStability.FloatingPoint.FusedMultiplyAdd.Core	move_candidate	theorem	public	NumStability.FloatingPointFormat.finiteRoundToEvenFMA_product_expansion_with_rounded_product	108
NumStability.FloatingPointFormat.finiteRoundToEvenFMA_standardModel_lt_of_finiteNormalRange	NumStability.Analysis.FusedMultiplyAdd	NumStability.FloatingPoint.FusedMultiplyAdd.Core	move_candidate	theorem	public	NumStability.FloatingPointFormat.finiteRoundToEvenFMA_standardModel_lt_of_finiteNormalRange	58
NumStability.FloatingPointFormat.finiteRoundToEvenOp_mul_self_sub_mul_nonneg	NumStability.Analysis.Monotonicity	NumStability.Analysis.Monotonicity	canonical_in_place	theorem	public	-	-
NumStability.FloatingPointFormat.finiteRoundToEven_eq_overflow_of_not_underflow	NumStability.Analysis.Monotonicity	NumStability.Analysis.Monotonicity	canonical_in_place	theorem	public	-	-
NumStability.FloatingPointFormat.finiteRoundToEven_monotone	NumStability.Analysis.Monotonicity	NumStability.Analysis.Monotonicity	canonical_in_place	theorem	public	-	-
NumStability.FloatingPointFormat.finiteRoundToEven_monotone_on_overflow_branch	NumStability.Analysis.Monotonicity	NumStability.Analysis.Monotonicity	canonical_in_place	theorem	public	-	-
NumStability.FloatingPointFormat.finiteRoundToModeFMA	NumStability.Analysis.FusedMultiplyAdd	NumStability.FloatingPoint.FusedMultiplyAdd.Core	move_candidate	definition	public	NumStability.FloatingPointFormat.finiteRoundToModeFMA	32
NumStability.FloatingPointFormat.finiteRoundToModeFMA_nearestEven	NumStability.Analysis.FusedMultiplyAdd	NumStability.FloatingPoint.FusedMultiplyAdd.Core	move_candidate	theorem	public	NumStability.FloatingPointFormat.finiteRoundToModeFMA_nearestEven	38
NumStability.FloatingPointFormat.finiteRoundToModeOp_towardZero_error_nonneg_of_exact_nonpos	NumStability.Analysis.Chopping	NumStability.Analysis.Chopping	canonical_in_place	theorem	public	-	-
NumStability.FloatingPointFormat.finiteRoundToModeOp_towardZero_error_nonpos_of_exact_nonneg	NumStability.Analysis.Chopping	NumStability.Analysis.Chopping	canonical_in_place	theorem	public	-	-
NumStability.FloatingPointFormat.finiteRoundToMode_monotone_on_overflow_branch	NumStability.Analysis.Monotonicity	NumStability.Analysis.Monotonicity	canonical_in_place	theorem	public	-	-
NumStability.FloatingPointFormat.finiteRoundTowardNegative_monotone_on_overflow_branch	NumStability.Analysis.Monotonicity	NumStability.Analysis.Monotonicity	canonical_in_place	theorem	public	-	-
NumStability.FloatingPointFormat.finiteRoundTowardNegative_monotone_on_underflow_branch	NumStability.Analysis.Monotonicity	NumStability.Analysis.Monotonicity	canonical_in_place	theorem	public	-	-
NumStability.FloatingPointFormat.finiteRoundTowardPositive_monotone_on_overflow_branch	NumStability.Analysis.Monotonicity	NumStability.Analysis.Monotonicity	canonical_in_place	theorem	public	-	-
NumStability.FloatingPointFormat.finiteRoundTowardPositive_monotone_on_underflow_branch	NumStability.Analysis.Monotonicity	NumStability.Analysis.Monotonicity	canonical_in_place	theorem	public	-	-
NumStability.FloatingPointFormat.finiteRoundTowardZero_error_nonneg_of_nonpos	NumStability.Analysis.Chopping	NumStability.Analysis.Chopping	canonical_in_place	theorem	public	-	-
NumStability.FloatingPointFormat.finiteRoundTowardZero_error_nonpos_of_nonneg	NumStability.Analysis.Chopping	NumStability.Analysis.Chopping	canonical_in_place	theorem	public	-	-
NumStability.FloatingPointFormat.finiteRoundTowardZero_le_of_nonneg	NumStability.Analysis.Chopping	NumStability.Analysis.Chopping	canonical_in_place	theorem	public	-	-
NumStability.FloatingPointFormat.finiteRoundTowardZero_monotone_on_nonnegative_underflow_branch	NumStability.Analysis.Monotonicity	NumStability.Analysis.Monotonicity	canonical_in_place	theorem	public	-	-
NumStability.FloatingPointFormat.finiteRoundTowardZero_monotone_on_nonpositive_underflow_branch	NumStability.Analysis.Monotonicity	NumStability.Analysis.Monotonicity	canonical_in_place	theorem	public	-	-
NumStability.FloatingPointFormat.finiteRoundTowardZero_monotone_on_overflow_branch	NumStability.Analysis.Monotonicity	NumStability.Analysis.Monotonicity	canonical_in_place	theorem	public	-	-
NumStability.FloatingPointFormat.finiteRoundTowardZero_sum_errors_nonpos_of_nonneg	NumStability.Analysis.Chopping	NumStability.Analysis.Chopping	canonical_in_place	theorem	public	-	-
NumStability.FloatingPointFormat.finiteUnderflowRoundTowardNegative_monotone_on_underflow	NumStability.Analysis.Monotonicity	NumStability.Analysis.Monotonicity	canonical_in_place	theorem	public	-	-
NumStability.FloatingPointFormat.finiteUnderflowRoundTowardPositiveNonneg_eq_ceil_mul_of_nonneg_underflow	NumStability.Analysis.Monotonicity	NumStability.Analysis.Monotonicity	canonical_in_place	theorem	public	-	-
NumStability.FloatingPointFormat.finiteUnderflowRoundTowardPositiveNonneg_monotone_on_underflow	NumStability.Analysis.Monotonicity	NumStability.Analysis.Monotonicity	canonical_in_place	theorem	public	-	-
NumStability.FloatingPointFormat.finiteUnderflowRoundTowardPositive_monotone_on_underflow	NumStability.Analysis.Monotonicity	NumStability.Analysis.Monotonicity	canonical_in_place	theorem	public	-	-
NumStability.FloatingPointFormat.finiteUnderflowRoundTowardZeroNonneg_eq_floor_mul	NumStability.Analysis.Monotonicity	NumStability.Analysis.Monotonicity	canonical_in_place	theorem	public	-	-
NumStability.FloatingPointFormat.finiteUnderflowRoundTowardZeroNonneg_monotone	NumStability.Analysis.Monotonicity	NumStability.Analysis.Monotonicity	canonical_in_place	theorem	public	-	-
NumStability.FloatingPointFormat.finiteUnderflowRoundTowardZero_monotone_on_nonnegative	NumStability.Analysis.Monotonicity	NumStability.Analysis.Monotonicity	canonical_in_place	theorem	public	-	-
NumStability.FloatingPointFormat.finiteUnderflowRoundTowardZero_monotone_on_nonpositive	NumStability.Analysis.Monotonicity	NumStability.Analysis.Monotonicity	canonical_in_place	theorem	public	-	-
NumStability.FloatingPointFormat.higham2_fma_dotProduct_rounding_count_savings	NumStability.Analysis.FusedMultiplyAdd	NumStability.Source.Higham.Chapter02.Section06.FusedMultiplyAdd.DotProductCount	move_candidate	theorem	public	NumStability.FloatingPointFormat.higham2_fma_dotProduct_rounding_count_savings	299
NumStability.FloatingPointFormat.higham2_twoFMA_productExpansion_corrected	NumStability.Analysis.FusedMultiplyAdd	NumStability.Source.Higham.Chapter02.Problem26.ExactProduct.Discrepancy	move_candidate	theorem	public	NumStability.FloatingPointFormat.higham2_twoFMA_productExpansion_corrected	123
NumStability.FloatingPointFormat.higham2_twoFMA_productExpansion_source_discrepancy_ieeeSingle	NumStability.Analysis.FusedMultiplyAdd	NumStability.Source.Higham.Chapter02.Problem26.ExactProduct.Discrepancy	move_candidate	theorem	public	NumStability.FloatingPointFormat.higham2_twoFMA_productExpansion_source_discrepancy_ieeeSingle	201
NumStability.FloatingPointFormat.ieeeSingleFormat_minSubnormalMagnitude_lt_half	NumStability.Analysis.FusedMultiplyAdd	NumStability.Source.Higham.Chapter02.Problem26.ExactProduct.Discrepancy	move_candidate	theorem	public	NumStability.FloatingPointFormat.ieeeSingleFormat_minSubnormalMagnitude_lt_half	196
NumStability.FloatingPointFormat.ieeeSingleFormat_subnormalMantissa_one	NumStability.Analysis.FusedMultiplyAdd	NumStability.Source.Higham.Chapter02.Problem26.ExactProduct.Discrepancy	move_candidate	theorem	public	NumStability.FloatingPointFormat.ieeeSingleFormat_subnormalMantissa_one	191
NumStability.FloatingPointFormat.le_finiteRoundTowardZero_of_nonpos	NumStability.Analysis.Chopping	NumStability.Analysis.Chopping	canonical_in_place	theorem	public	-	-
NumStability.FloatingPointFormat.left_le_adjacentRoundTowardNegative	NumStability.Analysis.Monotonicity	NumStability.Analysis.Monotonicity	canonical_in_place	theorem	public	-	-
NumStability.FloatingPointFormat.left_le_adjacentRoundTowardPositive	NumStability.Analysis.Monotonicity	NumStability.Analysis.Monotonicity	canonical_in_place	theorem	public	-	-
NumStability.FloatingPointFormat.left_le_nearestAdjacentRoundAway	NumStability.Analysis.Monotonicity	NumStability.Analysis.Monotonicity	canonical_in_place	theorem	public	-	-
NumStability.FloatingPointFormat.left_le_nearestAdjacentRoundToEven	NumStability.Analysis.Monotonicity	NumStability.Analysis.Monotonicity	canonical_in_place	theorem	public	-	-
NumStability.FloatingPointFormat.left_le_nearestAdjacentRoundToOdd	NumStability.Analysis.Monotonicity	NumStability.Analysis.Monotonicity	canonical_in_place	theorem	public	-	-
NumStability.FloatingPointFormat.nearestAdjacentRoundAway_eq_left_of_left_closer	NumStability.Analysis.Monotonicity	NumStability.Analysis.Monotonicity	canonical_in_place	theorem	public	-	-
NumStability.FloatingPointFormat.nearestAdjacentRoundAway_eq_left_of_tie_abs_lt	NumStability.Analysis.Monotonicity	NumStability.Analysis.Monotonicity	canonical_in_place	theorem	public	-	-
NumStability.FloatingPointFormat.nearestAdjacentRoundAway_eq_left_or_right	NumStability.Analysis.Monotonicity	NumStability.Analysis.Monotonicity	canonical_in_place	theorem	public	-	-
NumStability.FloatingPointFormat.nearestAdjacentRoundAway_eq_right_of_right_closer	NumStability.Analysis.Monotonicity	NumStability.Analysis.Monotonicity	canonical_in_place	theorem	public	-	-
NumStability.FloatingPointFormat.nearestAdjacentRoundAway_eq_right_of_tie_abs_ge	NumStability.Analysis.Monotonicity	NumStability.Analysis.Monotonicity	canonical_in_place	theorem	public	-	-
NumStability.FloatingPointFormat.nearestAdjacentRoundAway_le_right	NumStability.Analysis.Monotonicity	NumStability.Analysis.Monotonicity	canonical_in_place	theorem	public	-	-
NumStability.FloatingPointFormat.nearestAdjacentRoundAway_monotone_on_ordered_bracket	NumStability.Analysis.Monotonicity	NumStability.Analysis.Monotonicity	canonical_in_place	theorem	public	-	-
NumStability.FloatingPointFormat.nearestAdjacentRoundToEven_eq_left_or_right	NumStability.Analysis.Monotonicity	NumStability.Analysis.Monotonicity	canonical_in_place	theorem	public	-	-
NumStability.FloatingPointFormat.nearestAdjacentRoundToEven_le_right	NumStability.Analysis.Monotonicity	NumStability.Analysis.Monotonicity	canonical_in_place	theorem	public	-	-
NumStability.FloatingPointFormat.nearestAdjacentRoundToEven_monotone_on_ordered_bracket	NumStability.Analysis.Monotonicity	NumStability.Analysis.Monotonicity	canonical_in_place	theorem	public	-	-
NumStability.FloatingPointFormat.nearestAdjacentRoundToOdd	NumStability.Analysis.TieRules	NumStability.Analysis.TieRules	canonical_in_place	definition	public	-	-
NumStability.FloatingPointFormat.nearestAdjacentRoundToOdd_eq_left_of_left_closer	NumStability.Analysis.TieRules	NumStability.Analysis.TieRules	canonical_in_place	theorem	public	-	-
NumStability.FloatingPointFormat.nearestAdjacentRoundToOdd_eq_left_of_tie_odd	NumStability.Analysis.TieRules	NumStability.Analysis.TieRules	canonical_in_place	theorem	public	-	-
NumStability.FloatingPointFormat.nearestAdjacentRoundToOdd_eq_left_or_right	NumStability.Analysis.Monotonicity	NumStability.Analysis.Monotonicity	canonical_in_place	theorem	public	-	-
NumStability.FloatingPointFormat.nearestAdjacentRoundToOdd_eq_right_of_right_closer	NumStability.Analysis.TieRules	NumStability.Analysis.TieRules	canonical_in_place	theorem	public	-	-
NumStability.FloatingPointFormat.nearestAdjacentRoundToOdd_eq_right_of_tie_even	NumStability.Analysis.TieRules	NumStability.Analysis.TieRules	canonical_in_place	theorem	public	-	-
NumStability.FloatingPointFormat.nearestAdjacentRoundToOdd_le_right	NumStability.Analysis.Monotonicity	NumStability.Analysis.Monotonicity	canonical_in_place	theorem	public	-	-
NumStability.FloatingPointFormat.nearestAdjacentRoundToOdd_monotone_on_ordered_bracket	NumStability.Analysis.Monotonicity	NumStability.Analysis.Monotonicity	canonical_in_place	theorem	public	-	-
NumStability.FloatingPointFormat.not_finiteUnderflowRange_of_finiteOverflowRange	NumStability.Analysis.Monotonicity	NumStability.Analysis.Monotonicity	canonical_in_place	theorem	public	-	-
NumStability.FloatingPointFormat.problem2_8_decimal_midpoint_strict_between_violated	NumStability.Analysis.Midpoint	NumStability.Source.Higham.Chapter02.Problem08.MidpointRounding.Counterexample	move_candidate	theorem	public	NumStability.FloatingPointFormat.problem2_8_decimal_midpoint_strict_between_violated	426
NumStability.FloatingPointFormat.problem2_8_exact_guarded_midpoint_strict_between	NumStability.Analysis.Midpoint	NumStability.Source.Higham.Chapter02.Problem08.MidpointRounding.Counterexample	move_candidate	theorem	public	NumStability.FloatingPointFormat.problem2_8_exact_guarded_midpoint_strict_between	310
NumStability.FloatingPointFormat.problem2_8_finiteRoundToEven_guarded_sequence_counterexample	NumStability.Analysis.Midpoint	NumStability.Analysis.FloatingPointArithmetic.MidpointRounding.DecimalTieExamples	move_candidate	theorem	public	NumStability.FloatingPointFormat.problem2_8_finiteRoundToEven_guarded_sequence_counterexample	251
NumStability.FloatingPointFormat.problem2_8_guarded_exact_operation_sequence_eq_exact_midpoint	NumStability.Analysis.Midpoint	NumStability.Source.Higham.Chapter02.Problem08.MidpointRounding.Counterexample	move_candidate	theorem	public	NumStability.FloatingPointFormat.problem2_8_guarded_exact_operation_sequence_eq_exact_midpoint	319
NumStability.FloatingPointFormat.problem2_8_guarded_exact_operation_sequence_strict_between	NumStability.Analysis.Midpoint	NumStability.Source.Higham.Chapter02.Problem08.MidpointRounding.Counterexample	move_candidate	theorem	public	NumStability.FloatingPointFormat.problem2_8_guarded_exact_operation_sequence_strict_between	331
NumStability.FloatingPointFormat.problem2_8_guarded_sequence_counterexample_missing_midpoint_finiteSystem	NumStability.Analysis.Midpoint	NumStability.Source.Higham.Chapter02.Problem08.MidpointRounding.Counterexample	move_candidate	theorem	public	NumStability.FloatingPointFormat.problem2_8_guarded_sequence_counterexample_missing_midpoint_finiteSystem	292
NumStability.FloatingPointFormat.problem2_8_guarded_sequence_eq_exact_midpoint_of_finite_midpoint_steps	NumStability.Analysis.Midpoint	NumStability.Source.Higham.Chapter02.Problem08.MidpointRounding.Counterexample	move_candidate	theorem	public	NumStability.FloatingPointFormat.problem2_8_guarded_sequence_eq_exact_midpoint_of_finite_midpoint_steps	344
NumStability.FloatingPointFormat.problem2_8_guarded_sequence_strict_between_of_finite_midpoint_steps	NumStability.Analysis.Midpoint	NumStability.Source.Higham.Chapter02.Problem08.MidpointRounding.Counterexample	move_candidate	theorem	public	NumStability.FloatingPointFormat.problem2_8_guarded_sequence_strict_between_of_finite_midpoint_steps	379
NumStability.FloatingPointFormat.problem2_8_guarded_sequence_strict_between_of_sterbenz_subtraction	NumStability.Analysis.Midpoint	NumStability.Source.Higham.Chapter02.Problem08.MidpointRounding.Counterexample	move_candidate	theorem	public	NumStability.FloatingPointFormat.problem2_8_guarded_sequence_strict_between_of_sterbenz_subtraction	401
NumStability.FloatingPointFormat.problem2_9Source	NumStability.Analysis.DoubleRounding	NumStability.Source.Higham.Chapter02.Problem09.DoubleRounding.Counterexample	move_candidate	definition	public	NumStability.FloatingPointFormat.problem2_9Source	283
NumStability.FloatingPointFormat.problem2_9_direct_double_ne_double_rounded_extended64	NumStability.Analysis.DoubleRounding	NumStability.Analysis.DoubleRounding	retain_historical	theorem	public	NumStability.FloatingPointFormat.problem2_9_direct_double_ne_double_rounded_extended64	567
NumStability.FloatingPointFormat.problem2_9_direct_double_rounds_to_predecessor	NumStability.Analysis.DoubleRounding	NumStability.Analysis.DoubleRounding	retain_historical	theorem	public	NumStability.FloatingPointFormat.problem2_9_direct_double_rounds_to_predecessor	408
NumStability.FloatingPointFormat.problem2_9_direct_double_sqrt_rounds_to_predecessor	NumStability.Analysis.DoubleRounding	NumStability.Analysis.DoubleRounding	retain_historical	theorem	public	NumStability.FloatingPointFormat.problem2_9_direct_double_sqrt_rounds_to_predecessor	451
NumStability.FloatingPointFormat.problem2_9_double_rounding_from_extended64	NumStability.Analysis.DoubleRounding	NumStability.Analysis.DoubleRounding	retain_historical	theorem	public	NumStability.FloatingPointFormat.problem2_9_double_rounding_from_extended64	558
NumStability.FloatingPointFormat.problem2_9_double_rounds_extended_midpoint_to_one	NumStability.Analysis.DoubleRounding	NumStability.Analysis.DoubleRounding	retain_historical	theorem	public	NumStability.FloatingPointFormat.problem2_9_double_rounds_extended_midpoint_to_one	519
NumStability.FloatingPointFormat.problem2_9_extended64_rounds_to_double_midpoint	NumStability.Analysis.DoubleRounding	NumStability.Analysis.DoubleRounding	retain_historical	theorem	public	NumStability.FloatingPointFormat.problem2_9_extended64_rounds_to_double_midpoint	460
NumStability.FloatingPointFormat.twoFMA_productExpansion_deepUnderflow_counterexample	NumStability.Analysis.FusedMultiplyAdd	NumStability.Source.Higham.Chapter02.Problem26.ExactProduct.Discrepancy	move_candidate	theorem	public	NumStability.FloatingPointFormat.twoFMA_productExpansion_deepUnderflow_counterexample	138
NumStability.ForwardSubAnyOrderSpec	NumStability.Algorithms.TriangularArbitraryOrder	NumStability.Source.Higham.Chapter08.Section03.TriangularSystems.ArbitraryOrder	move_candidate	definition	public	NumStability.ForwardSubAnyOrderSpec	887
NumStability.G_mulVec_adaptedBasis	NumStability.Analysis.SemiconvergentLimitGeneral	NumStability.Analysis.SemiconvergentLimitGeneral	canonical_in_place	theorem	public	-	-
NumStability.HasNonnegLUFactors	NumStability.Algorithms.LU.GaussianElimination	NumStability.Algorithms.LU.GaussianElimination	canonical_in_place	definition	public	-	-
NumStability.HessenbergExactDiagTraceOnEntrywisePerturbation	NumStability.Analysis.ProblemDependentStability	NumStability.Analysis.ProblemDependentStability.HessenbergDeterminant	move_candidate	definition	public	NumStability.HessenbergExactDiagTraceOnEntrywisePerturbation	107
NumStability.HessenbergRoundedDiagTraceOnOriginal	NumStability.Analysis.ProblemDependentStability	NumStability.Analysis.ProblemDependentStability.HessenbergDeterminant	move_candidate	definition	public	NumStability.HessenbergRoundedDiagTraceOnOriginal	47
NumStability.IsBanded	NumStability.Algorithms.LU.Tridiagonal	NumStability.Algorithms.LU.Tridiagonal	canonical_in_place	definition	public	-	-
NumStability.IsCh7InverseComponentwiseCondValue	NumStability.Analysis.HighamChapter7	NumStability.Source.Higham.Chapter07.Equation25.InverseConditioning.ExactPerturbation	move_candidate	definition	public	NumStability.IsCh7InverseComponentwiseCondValue	5124
NumStability.IsCh7InverseComponentwiseRadiusLimitValue	NumStability.Analysis.HighamChapter7	NumStability.Source.Higham.Chapter07.Equation25.InverseConditioning.ExactPerturbation	move_candidate	definition	public	NumStability.IsCh7InverseComponentwiseRadiusLimitValue	5114
NumStability.IsCh7NormwiseCondEFRadiusLimitValue	NumStability.Analysis.HighamChapter7	NumStability.Source.Higham.Chapter07.LinearSystemsConditioning.Equation05	move_candidate	definition	public	NumStability.IsCh7NormwiseCondEFRadiusLimitValue	24316
NumStability.IsCh7NormwiseCondEFValue	NumStability.Analysis.HighamChapter7	NumStability.Source.Higham.Chapter07.LinearSystemsConditioning.Equation05	move_candidate	definition	public	NumStability.IsCh7NormwiseCondEFValue	24325
NumStability.IsCh7Problem79ComponentwiseExactCondValue	NumStability.Analysis.HighamChapter7	NumStability.Source.Higham.Chapter07.LinearSystemsConditioning.Problem09Exact	move_candidate	definition	public	NumStability.IsCh7Problem79ComponentwiseExactCondValue	5937
NumStability.IsCh7Problem79ComponentwiseExactRadiusLimitValue	NumStability.Analysis.HighamChapter7	NumStability.Source.Higham.Chapter07.LinearSystemsConditioning.Problem09Exact	move_candidate	definition	public	NumStability.IsCh7Problem79ComponentwiseExactRadiusLimitValue	5925
NumStability.IsCh7Problem79ComponentwiseLinearizedCondValue	NumStability.Analysis.HighamChapter7	NumStability.Source.Higham.Chapter07.LinearSystemsConditioning.Problem09Linearized	move_candidate	definition	public	NumStability.IsCh7Problem79ComponentwiseLinearizedCondValue	2920
NumStability.IsCh7Problem79ComponentwiseLinearizedRadiusLimitValue	NumStability.Analysis.HighamChapter7	NumStability.Source.Higham.Chapter07.LinearSystemsConditioning.Problem09Linearized	move_candidate	definition	public	NumStability.IsCh7Problem79ComponentwiseLinearizedRadiusLimitValue	2908
NumStability.IsCh7Problem79NormwiseExactCondValue	NumStability.Analysis.HighamChapter7	NumStability.Source.Higham.Chapter07.LinearSystemsConditioning.Problem09Exact	move_candidate	definition	public	NumStability.IsCh7Problem79NormwiseExactCondValue	6404
NumStability.IsCh7Problem79NormwiseExactRadiusLimitValue	NumStability.Analysis.HighamChapter7	NumStability.Source.Higham.Chapter07.LinearSystemsConditioning.Problem09Exact	move_candidate	definition	public	NumStability.IsCh7Problem79NormwiseExactRadiusLimitValue	6392
NumStability.IsCh7Problem79NormwiseLinearizedCondValue	NumStability.Analysis.HighamChapter7	NumStability.Source.Higham.Chapter07.LinearSystemsConditioning.Problem09Linearized	move_candidate	definition	public	NumStability.IsCh7Problem79NormwiseLinearizedCondValue	3064
NumStability.IsCh7Problem79NormwiseLinearizedRadiusLimitValue	NumStability.Analysis.HighamChapter7	NumStability.Source.Higham.Chapter07.LinearSystemsConditioning.Problem09Linearized	move_candidate	definition	public	NumStability.IsCh7Problem79NormwiseLinearizedRadiusLimitValue	3052
NumStability.IsDiagDominant	NumStability.Algorithms.LU.GrowthFactor	NumStability.Algorithms.LU.GrowthFactor	canonical_in_place	definition	public	-	-
NumStability.IsIrreducibleTridiag	NumStability.Algorithms.LU.TridiagonalCond	NumStability.Algorithms.LU.TridiagonalCond	canonical_in_place	definition	public	-	-
NumStability.IsMMatrix	NumStability.Algorithms.LU.GaussianElimination	NumStability.Algorithms.LU.GaussianElimination	canonical_in_place	definition	public	-	-
NumStability.IsMinimumComponentwiseFirstOrderBackwardScale	NumStability.Analysis.FirstOrderFramework	NumStability.Analysis.FirstOrderFramework	canonical_in_place	definition	public	-	-
NumStability.IsMinimumNormFirstOrderBackwardSolution	NumStability.Analysis.FirstOrderFramework	NumStability.Analysis.FirstOrderFramework	canonical_in_place	definition	public	-	-
NumStability.IsPermutation	NumStability.Algorithms.LU.GaussianElimination	NumStability.Algorithms.LU.GaussianElimination	canonical_in_place	definition	public	-	-
NumStability.IsRightEigenpair	NumStability.Analysis.BeneficialRounding	NumStability.Analysis.BeneficialRounding	canonical_in_place	definition	public	-	-
NumStability.IsRowDiagDominant	NumStability.Algorithms.LU.GrowthFactor	NumStability.Algorithms.LU.GrowthFactor	canonical_in_place	definition	public	-	-
NumStability.IsSignDiag	NumStability.Algorithms.LU.SpecialMatrices	NumStability.Algorithms.LU.SpecialMatrices	canonical_in_place	definition	public	-	-
NumStability.IsSignEquiv	NumStability.Algorithms.LU.GaussianElimination	NumStability.Algorithms.LU.GaussianElimination	canonical_in_place	definition	public	-	-
NumStability.IsStochasticMatrix	NumStability.Analysis.HighamChapter7	NumStability.Source.Higham.Chapter07.LinearSystemsConditioning.Equation33	move_candidate	definition	public	NumStability.IsStochasticMatrix	26175
NumStability.IsSymPosDef	NumStability.Algorithms.LU.GaussianElimination	NumStability.Algorithms.LU.GaussianElimination	canonical_in_place	definition	public	-	-
NumStability.IsTridiagLU	NumStability.Algorithms.LU.TridiagonalRecurrence	NumStability.Algorithms.LU.TridiagonalRecurrence	canonical_in_place	inductive	public	-	-
NumStability.IsTridiagLU.L_diag	NumStability.Algorithms.LU.TridiagonalRecurrence	NumStability.Algorithms.LU.TridiagonalRecurrence	canonical_in_place	theorem	public	-	-
NumStability.IsTridiagLU.L_lower_bidiag	NumStability.Algorithms.LU.TridiagonalRecurrence	NumStability.Algorithms.LU.TridiagonalRecurrence	canonical_in_place	theorem	public	-	-
NumStability.IsTridiagLU.L_upper_zero	NumStability.Algorithms.LU.TridiagonalRecurrence	NumStability.Algorithms.LU.TridiagonalRecurrence	canonical_in_place	theorem	public	-	-
NumStability.IsTridiagLU.U_lower_zero	NumStability.Algorithms.LU.TridiagonalRecurrence	NumStability.Algorithms.LU.TridiagonalRecurrence	canonical_in_place	theorem	public	-	-
NumStability.IsTridiagLU.U_upper_bidiag	NumStability.Algorithms.LU.TridiagonalRecurrence	NumStability.Algorithms.LU.TridiagonalRecurrence	canonical_in_place	theorem	public	-	-
NumStability.IsTridiagLU.casesOn	NumStability.Algorithms.LU.TridiagonalRecurrence	NumStability.Algorithms.LU.TridiagonalRecurrence	canonical_in_place	definition	public	-	-
NumStability.IsTridiagLU.mk	NumStability.Algorithms.LU.TridiagonalRecurrence	NumStability.Algorithms.LU.TridiagonalRecurrence	canonical_in_place	constructor	public	-	-
NumStability.IsTridiagLU.rec	NumStability.Algorithms.LU.TridiagonalRecurrence	NumStability.Algorithms.LU.TridiagonalRecurrence	canonical_in_place	recursor	public	-	-
NumStability.IsTridiagLU.recOn	NumStability.Algorithms.LU.TridiagonalRecurrence	NumStability.Algorithms.LU.TridiagonalRecurrence	canonical_in_place	definition	public	-	-
NumStability.IsTridiagonal	NumStability.Algorithms.LU.Tridiagonal	NumStability.Algorithms.LU.Tridiagonal	canonical_in_place	definition	public	-	-
NumStability.IsUpperHessenberg	NumStability.Algorithms.LU.GrowthFactor	NumStability.Algorithms.LU.GrowthFactor	canonical_in_place	definition	public	-	-
NumStability.IsUpperHessenbergMatrix	NumStability.Analysis.ProblemDependentStability	NumStability.Analysis.ProblemDependentStability.HessenbergDeterminant	move_candidate	definition	public	NumStability.IsUpperHessenbergMatrix	28
NumStability.LUBackwardError	NumStability.Algorithms.LU.GaussianElimination	NumStability.Algorithms.LU.GaussianElimination	canonical_in_place	inductive	public	-	-
NumStability.LUBackwardError.L_diag	NumStability.Algorithms.LU.GaussianElimination	NumStability.Algorithms.LU.GaussianElimination	canonical_in_place	theorem	public	-	-
NumStability.LUBackwardError.L_upper_zero	NumStability.Algorithms.LU.GaussianElimination	NumStability.Algorithms.LU.GaussianElimination	canonical_in_place	theorem	public	-	-
NumStability.LUBackwardError.U_lower_zero	NumStability.Algorithms.LU.GaussianElimination	NumStability.Algorithms.LU.GaussianElimination	canonical_in_place	theorem	public	-	-
NumStability.LUBackwardError.backward_bound	NumStability.Algorithms.LU.GaussianElimination	NumStability.Algorithms.LU.GaussianElimination	canonical_in_place	theorem	public	-	-
NumStability.LUBackwardError.casesOn	NumStability.Algorithms.LU.GaussianElimination	NumStability.Algorithms.LU.GaussianElimination	canonical_in_place	definition	public	-	-
NumStability.LUBackwardError.mk	NumStability.Algorithms.LU.GaussianElimination	NumStability.Algorithms.LU.GaussianElimination	canonical_in_place	constructor	public	-	-
NumStability.LUBackwardError.of_input_abs_error_le_absLUProduct	NumStability.Algorithms.LU.GaussianElimination	NumStability.Algorithms.LU.GaussianElimination	canonical_in_place	theorem	public	-	-
NumStability.LUBackwardError.rec	NumStability.Algorithms.LU.GaussianElimination	NumStability.Algorithms.LU.GaussianElimination	canonical_in_place	recursor	public	-	-
NumStability.LUBackwardError.recOn	NumStability.Algorithms.LU.GaussianElimination	NumStability.Algorithms.LU.GaussianElimination	canonical_in_place	definition	public	-	-
NumStability.LUFactSpec	NumStability.Algorithms.LU.GaussianElimination	NumStability.Algorithms.LU.GaussianElimination	canonical_in_place	inductive	public	-	-
NumStability.LUFactSpec.L_diag	NumStability.Algorithms.LU.GaussianElimination	NumStability.Algorithms.LU.GaussianElimination	canonical_in_place	theorem	public	-	-
NumStability.LUFactSpec.L_upper_zero	NumStability.Algorithms.LU.GaussianElimination	NumStability.Algorithms.LU.GaussianElimination	canonical_in_place	theorem	public	-	-
NumStability.LUFactSpec.U_lower_zero	NumStability.Algorithms.LU.GaussianElimination	NumStability.Algorithms.LU.GaussianElimination	canonical_in_place	theorem	public	-	-
NumStability.LUFactSpec.casesOn	NumStability.Algorithms.LU.GaussianElimination	NumStability.Algorithms.LU.GaussianElimination	canonical_in_place	definition	public	-	-
NumStability.LUFactSpec.det_eq_prod_U_diag	NumStability.Algorithms.LU.GaussianElimination	NumStability.Algorithms.LU.GaussianElimination	canonical_in_place	theorem	public	-	-
NumStability.LUFactSpec.det_ne_zero_iff_U_diag_ne_zero	NumStability.Algorithms.LU.GaussianElimination	NumStability.Algorithms.LU.GaussianElimination	canonical_in_place	theorem	public	-	-
NumStability.LUFactSpec.isTridiagLU_of_tridiagonal	NumStability.Algorithms.LU.TridiagonalRecurrence	NumStability.Algorithms.LU.TridiagonalRecurrence	canonical_in_place	theorem	public	-	-
NumStability.LUFactSpec.mk	NumStability.Algorithms.LU.GaussianElimination	NumStability.Algorithms.LU.GaussianElimination	canonical_in_place	constructor	public	-	-
NumStability.LUFactSpec.of_firstSchurComplement	NumStability.Algorithms.LU.GaussianElimination	NumStability.Algorithms.LU.GaussianElimination	canonical_in_place	theorem	public	-	-
NumStability.LUFactSpec.of_firstSchurComplement_explicit	NumStability.Algorithms.LU.GaussianElimination	NumStability.Algorithms.LU.GaussianElimination	canonical_in_place	theorem	public	-	-
NumStability.LUFactSpec.product_eq	NumStability.Algorithms.LU.GaussianElimination	NumStability.Algorithms.LU.GaussianElimination	canonical_in_place	theorem	public	-	-
NumStability.LUFactSpec.rec	NumStability.Algorithms.LU.GaussianElimination	NumStability.Algorithms.LU.GaussianElimination	canonical_in_place	recursor	public	-	-
NumStability.LUFactSpec.recOn	NumStability.Algorithms.LU.GaussianElimination	NumStability.Algorithms.LU.GaussianElimination	canonical_in_place	definition	public	-	-
NumStability.LUFactSpec.to_LUBackwardError_zero	NumStability.Algorithms.LU.GaussianElimination	NumStability.Algorithms.LU.GaussianElimination	canonical_in_place	theorem	public	-	-
NumStability.LevelIndexCode	NumStability.Analysis.AlternativeNumberSystems	NumStability.Analysis.AlternativeNumberSystems	canonical_in_place	inductive	public	-	-
NumStability.LevelIndexCode.backward_value_eq_frac	NumStability.Analysis.AlternativeNumberSystems	NumStability.Analysis.AlternativeNumberSystems	canonical_in_place	theorem	public	-	-
NumStability.LevelIndexCode.casesOn	NumStability.Analysis.AlternativeNumberSystems	NumStability.Analysis.AlternativeNumberSystems	canonical_in_place	definition	public	-	-
NumStability.LevelIndexCode.ctorIdx	NumStability.Analysis.AlternativeNumberSystems	NumStability.Analysis.AlternativeNumberSystems	canonical_in_place	definition	public	-	-
NumStability.LevelIndexCode.frac	NumStability.Analysis.AlternativeNumberSystems	NumStability.Analysis.AlternativeNumberSystems	canonical_in_place	definition	public	-	-
NumStability.LevelIndexCode.frac_le_one	NumStability.Analysis.AlternativeNumberSystems	NumStability.Analysis.AlternativeNumberSystems	canonical_in_place	theorem	public	-	-
NumStability.LevelIndexCode.frac_mem_unit_interval	NumStability.Analysis.AlternativeNumberSystems	NumStability.Analysis.AlternativeNumberSystems	canonical_in_place	theorem	public	-	-
NumStability.LevelIndexCode.frac_nonneg	NumStability.Analysis.AlternativeNumberSystems	NumStability.Analysis.AlternativeNumberSystems	canonical_in_place	theorem	public	-	-
NumStability.LevelIndexCode.index	NumStability.Analysis.AlternativeNumberSystems	NumStability.Analysis.AlternativeNumberSystems	canonical_in_place	definition	public	-	-
NumStability.LevelIndexCode.level	NumStability.Analysis.AlternativeNumberSystems	NumStability.Analysis.AlternativeNumberSystems	canonical_in_place	definition	public	-	-
NumStability.LevelIndexCode.mk	NumStability.Analysis.AlternativeNumberSystems	NumStability.Analysis.AlternativeNumberSystems	canonical_in_place	constructor	public	-	-
NumStability.LevelIndexCode.mk.inj	NumStability.Analysis.AlternativeNumberSystems	NumStability.Analysis.AlternativeNumberSystems	canonical_in_place	theorem	public	-	-
NumStability.LevelIndexCode.mk.injEq	NumStability.Analysis.AlternativeNumberSystems	NumStability.Analysis.AlternativeNumberSystems	canonical_in_place	theorem	public	-	-
NumStability.LevelIndexCode.mk.noConfusion	NumStability.Analysis.AlternativeNumberSystems	NumStability.Analysis.AlternativeNumberSystems	canonical_in_place	definition	public	-	-
NumStability.LevelIndexCode.mk.sizeOf_spec	NumStability.Analysis.AlternativeNumberSystems	NumStability.Analysis.AlternativeNumberSystems	canonical_in_place	theorem	public	-	-
NumStability.LevelIndexCode.noConfusion	NumStability.Analysis.AlternativeNumberSystems	NumStability.Analysis.AlternativeNumberSystems	canonical_in_place	definition	public	-	-
NumStability.LevelIndexCode.noConfusionType	NumStability.Analysis.AlternativeNumberSystems	NumStability.Analysis.AlternativeNumberSystems	canonical_in_place	definition	public	-	-
NumStability.LevelIndexCode.rec	NumStability.Analysis.AlternativeNumberSystems	NumStability.Analysis.AlternativeNumberSystems	canonical_in_place	recursor	public	-	-
NumStability.LevelIndexCode.recOn	NumStability.Analysis.AlternativeNumberSystems	NumStability.Analysis.AlternativeNumberSystems	canonical_in_place	definition	public	-	-
NumStability.LevelIndexCode.reciprocalValue	NumStability.Analysis.AlternativeNumberSystems	NumStability.Analysis.AlternativeNumberSystems	canonical_in_place	definition	public	-	-
NumStability.LevelIndexCode.reciprocalValue_mul_value_of_pos_level	NumStability.Analysis.AlternativeNumberSystems	NumStability.Analysis.AlternativeNumberSystems	canonical_in_place	theorem	public	-	-
NumStability.LevelIndexCode.reciprocalValue_pos_of_pos_level	NumStability.Analysis.AlternativeNumberSystems	NumStability.Analysis.AlternativeNumberSystems	canonical_in_place	theorem	public	-	-
NumStability.LevelIndexCode.value	NumStability.Analysis.AlternativeNumberSystems	NumStability.Analysis.AlternativeNumberSystems	canonical_in_place	definition	public	-	-
NumStability.LevelIndexCode.value_mul_reciprocalValue_of_pos_level	NumStability.Analysis.AlternativeNumberSystems	NumStability.Analysis.AlternativeNumberSystems	canonical_in_place	theorem	public	-	-
NumStability.LevelIndexCode.value_pos_of_pos_level	NumStability.Analysis.AlternativeNumberSystems	NumStability.Analysis.AlternativeNumberSystems	canonical_in_place	theorem	public	-	-
NumStability.LogExpProductTrace	NumStability.Algorithms.LogExpProduct	NumStability.Algorithms.LogExpProduct	canonical_in_place	inductive	public	-	-
NumStability.LogExpProductTrace.casesOn	NumStability.Algorithms.LogExpProduct	NumStability.Algorithms.LogExpProduct	canonical_in_place	definition	public	-	-
NumStability.LogExpProductTrace.ctorIdx	NumStability.Algorithms.LogExpProduct	NumStability.Algorithms.LogExpProduct	canonical_in_place	definition	public	-	-
NumStability.LogExpProductTrace.expValues	NumStability.Algorithms.LogExpProduct	NumStability.Algorithms.LogExpProduct	canonical_in_place	definition	public	-	-
NumStability.LogExpProductTrace.mk	NumStability.Algorithms.LogExpProduct	NumStability.Algorithms.LogExpProduct	canonical_in_place	constructor	public	-	-
NumStability.LogExpProductTrace.mk.inj	NumStability.Algorithms.LogExpProduct	NumStability.Algorithms.LogExpProduct	canonical_in_place	theorem	public	-	-
NumStability.LogExpProductTrace.mk.injEq	NumStability.Algorithms.LogExpProduct	NumStability.Algorithms.LogExpProduct	canonical_in_place	theorem	public	-	-
NumStability.LogExpProductTrace.mk.noConfusion	NumStability.Algorithms.LogExpProduct	NumStability.Algorithms.LogExpProduct	canonical_in_place	definition	public	-	-
NumStability.LogExpProductTrace.mk.sizeOf_spec	NumStability.Algorithms.LogExpProduct	NumStability.Algorithms.LogExpProduct	canonical_in_place	theorem	public	-	-
NumStability.LogExpProductTrace.noConfusion	NumStability.Algorithms.LogExpProduct	NumStability.Algorithms.LogExpProduct	canonical_in_place	definition	public	-	-
NumStability.LogExpProductTrace.noConfusionType	NumStability.Algorithms.LogExpProduct	NumStability.Algorithms.LogExpProduct	canonical_in_place	definition	public	-	-
NumStability.LogExpProductTrace.productValue	NumStability.Algorithms.LogExpProduct	NumStability.Algorithms.LogExpProduct	canonical_in_place	definition	public	-	-
NumStability.LogExpProductTrace.rec	NumStability.Algorithms.LogExpProduct	NumStability.Algorithms.LogExpProduct	canonical_in_place	recursor	public	-	-
NumStability.LogExpProductTrace.recOn	NumStability.Algorithms.LogExpProduct	NumStability.Algorithms.LogExpProduct	canonical_in_place	definition	public	-	-
NumStability.LogExpProductTrace.result	NumStability.Algorithms.LogExpProduct	NumStability.Algorithms.LogExpProduct	canonical_in_place	definition	public	-	-
NumStability.MatrixEntriesBinaryTerminating	NumStability.Analysis.BeneficialRounding	NumStability.Analysis.BeneficialRounding	canonical_in_place	definition	public	-	-
NumStability.MatrixEntriesFiniteSystem	NumStability.Analysis.BeneficialRounding	NumStability.Analysis.BeneficialRounding	canonical_in_place	definition	public	-	-
NumStability.NeumaierFFStepTrace	NumStability.Algorithms.NeumaierCompensatedFiniteFormat	NumStability.Algorithms.Summation.Compensated.Neumaier.AdaptiveFiniteFormat	move_candidate	inductive	public	NumStability.NeumaierFFStepTrace	596
NumStability.NeumaierFFStepTrace.casesOn	NumStability.Algorithms.NeumaierCompensatedFiniteFormat	NumStability.Algorithms.Summation.Compensated.Neumaier.AdaptiveFiniteFormat	move_candidate	definition	public	NumStability.NeumaierFFStepTrace	596
NumStability.NeumaierFFStepTrace.ctorIdx	NumStability.Algorithms.NeumaierCompensatedFiniteFormat	NumStability.Algorithms.Summation.Compensated.Neumaier.AdaptiveFiniteFormat	move_candidate	definition	public	NumStability.NeumaierFFStepTrace	596
NumStability.NeumaierFFStepTrace.e	NumStability.Algorithms.NeumaierCompensatedFiniteFormat	NumStability.Algorithms.Summation.Compensated.Neumaier.AdaptiveFiniteFormat	move_candidate	definition	public	NumStability.NeumaierFFStepTrace	596
NumStability.NeumaierFFStepTrace.mk	NumStability.Algorithms.NeumaierCompensatedFiniteFormat	NumStability.Algorithms.Summation.Compensated.Neumaier.AdaptiveFiniteFormat	move_candidate	constructor	public	NumStability.NeumaierFFStepTrace	596
NumStability.NeumaierFFStepTrace.mk.inj	NumStability.Algorithms.NeumaierCompensatedFiniteFormat	NumStability.Algorithms.Summation.Compensated.Neumaier.AdaptiveFiniteFormat	move_candidate	theorem	public	NumStability.NeumaierFFStepTrace	596
NumStability.NeumaierFFStepTrace.mk.injEq	NumStability.Algorithms.NeumaierCompensatedFiniteFormat	NumStability.Algorithms.Summation.Compensated.Neumaier.AdaptiveFiniteFormat	move_candidate	theorem	public	NumStability.NeumaierFFStepTrace	596
NumStability.NeumaierFFStepTrace.mk.noConfusion	NumStability.Algorithms.NeumaierCompensatedFiniteFormat	NumStability.Algorithms.Summation.Compensated.Neumaier.AdaptiveFiniteFormat	move_candidate	definition	public	NumStability.NeumaierFFStepTrace	596
NumStability.NeumaierFFStepTrace.mk.sizeOf_spec	NumStability.Algorithms.NeumaierCompensatedFiniteFormat	NumStability.Algorithms.Summation.Compensated.Neumaier.AdaptiveFiniteFormat	move_candidate	theorem	public	NumStability.NeumaierFFStepTrace	596
NumStability.NeumaierFFStepTrace.noConfusion	NumStability.Algorithms.NeumaierCompensatedFiniteFormat	NumStability.Algorithms.Summation.Compensated.Neumaier.AdaptiveFiniteFormat	move_candidate	definition	public	NumStability.NeumaierFFStepTrace	596
NumStability.NeumaierFFStepTrace.noConfusionType	NumStability.Algorithms.NeumaierCompensatedFiniteFormat	NumStability.Algorithms.Summation.Compensated.Neumaier.AdaptiveFiniteFormat	move_candidate	definition	public	NumStability.NeumaierFFStepTrace	596
NumStability.NeumaierFFStepTrace.rec	NumStability.Algorithms.NeumaierCompensatedFiniteFormat	NumStability.Algorithms.Summation.Compensated.Neumaier.AdaptiveFiniteFormat	move_candidate	recursor	public	NumStability.NeumaierFFStepTrace	596
NumStability.NeumaierFFStepTrace.recOn	NumStability.Algorithms.NeumaierCompensatedFiniteFormat	NumStability.Algorithms.Summation.Compensated.Neumaier.AdaptiveFiniteFormat	move_candidate	definition	public	NumStability.NeumaierFFStepTrace	596
NumStability.NeumaierFFStepTrace.s	NumStability.Algorithms.NeumaierCompensatedFiniteFormat	NumStability.Algorithms.Summation.Compensated.Neumaier.AdaptiveFiniteFormat	move_candidate	definition	public	NumStability.NeumaierFFStepTrace	596
NumStability.NeumaierFFStepTrace.temp	NumStability.Algorithms.NeumaierCompensatedFiniteFormat	NumStability.Algorithms.Summation.Compensated.Neumaier.AdaptiveFiniteFormat	move_candidate	definition	public	NumStability.NeumaierFFStepTrace	596
NumStability.NeumaierFiniteStepTrace	NumStability.Algorithms.NeumaierCompensatedFiniteFormat	NumStability.Algorithms.Summation.Compensated.Neumaier.FiniteExecutor	move_candidate	inductive	public	NumStability.NeumaierFiniteStepTrace	734
NumStability.NeumaierFiniteStepTrace.casesOn	NumStability.Algorithms.NeumaierCompensatedFiniteFormat	NumStability.Algorithms.Summation.Compensated.Neumaier.FiniteExecutor	move_candidate	definition	public	NumStability.NeumaierFiniteStepTrace	734
NumStability.NeumaierFiniteStepTrace.ctorIdx	NumStability.Algorithms.NeumaierCompensatedFiniteFormat	NumStability.Algorithms.Summation.Compensated.Neumaier.FiniteExecutor	move_candidate	definition	public	NumStability.NeumaierFiniteStepTrace	734
NumStability.NeumaierFiniteStepTrace.e	NumStability.Algorithms.NeumaierCompensatedFiniteFormat	NumStability.Algorithms.Summation.Compensated.Neumaier.FiniteExecutor	move_candidate	definition	public	NumStability.NeumaierFiniteStepTrace	734
NumStability.NeumaierFiniteStepTrace.mk	NumStability.Algorithms.NeumaierCompensatedFiniteFormat	NumStability.Algorithms.Summation.Compensated.Neumaier.FiniteExecutor	move_candidate	constructor	public	NumStability.NeumaierFiniteStepTrace	734
NumStability.NeumaierFiniteStepTrace.mk.inj	NumStability.Algorithms.NeumaierCompensatedFiniteFormat	NumStability.Algorithms.Summation.Compensated.Neumaier.FiniteExecutor	move_candidate	theorem	public	NumStability.NeumaierFiniteStepTrace	734
NumStability.NeumaierFiniteStepTrace.mk.injEq	NumStability.Algorithms.NeumaierCompensatedFiniteFormat	NumStability.Algorithms.Summation.Compensated.Neumaier.FiniteExecutor	move_candidate	theorem	public	NumStability.NeumaierFiniteStepTrace	734
NumStability.NeumaierFiniteStepTrace.mk.noConfusion	NumStability.Algorithms.NeumaierCompensatedFiniteFormat	NumStability.Algorithms.Summation.Compensated.Neumaier.FiniteExecutor	move_candidate	definition	public	NumStability.NeumaierFiniteStepTrace	734
NumStability.NeumaierFiniteStepTrace.mk.sizeOf_spec	NumStability.Algorithms.NeumaierCompensatedFiniteFormat	NumStability.Algorithms.Summation.Compensated.Neumaier.FiniteExecutor	move_candidate	theorem	public	NumStability.NeumaierFiniteStepTrace	734
NumStability.NeumaierFiniteStepTrace.noConfusion	NumStability.Algorithms.NeumaierCompensatedFiniteFormat	NumStability.Algorithms.Summation.Compensated.Neumaier.FiniteExecutor	move_candidate	definition	public	NumStability.NeumaierFiniteStepTrace	734
NumStability.NeumaierFiniteStepTrace.noConfusionType	NumStability.Algorithms.NeumaierCompensatedFiniteFormat	NumStability.Algorithms.Summation.Compensated.Neumaier.FiniteExecutor	move_candidate	definition	public	NumStability.NeumaierFiniteStepTrace	734
NumStability.NeumaierFiniteStepTrace.rec	NumStability.Algorithms.NeumaierCompensatedFiniteFormat	NumStability.Algorithms.Summation.Compensated.Neumaier.FiniteExecutor	move_candidate	recursor	public	NumStability.NeumaierFiniteStepTrace	734
NumStability.NeumaierFiniteStepTrace.recOn	NumStability.Algorithms.NeumaierCompensatedFiniteFormat	NumStability.Algorithms.Summation.Compensated.Neumaier.FiniteExecutor	move_candidate	definition	public	NumStability.NeumaierFiniteStepTrace	734
NumStability.NeumaierFiniteStepTrace.s	NumStability.Algorithms.NeumaierCompensatedFiniteFormat	NumStability.Algorithms.Summation.Compensated.Neumaier.FiniteExecutor	move_candidate	definition	public	NumStability.NeumaierFiniteStepTrace	734
NumStability.NeumaierFiniteStepTrace.temp	NumStability.Algorithms.NeumaierCompensatedFiniteFormat	NumStability.Algorithms.Summation.Compensated.Neumaier.FiniteExecutor	move_candidate	definition	public	NumStability.NeumaierFiniteStepTrace	734
NumStability.NoGuardBackSubSpec	NumStability.Algorithms.TriangularNoGuard	NumStability.Algorithms.LinearSystems.Triangular.ErrorAnalysis.NoGuardBackward	move_candidate	definition	public	NumStability.NoGuardBackSubSpec	431
NumStability.NoGuardFPModel	NumStability.Analysis.Error	NumStability.Analysis.FloatingPointArithmetic.ErrorModels.NoGuardModel	move_candidate	inductive	public	NumStability.NoGuardFPModel	245
NumStability.NoGuardFPModel.casesOn	NumStability.Analysis.Error	NumStability.Analysis.FloatingPointArithmetic.ErrorModels.NoGuardModel	move_candidate	definition	public	NumStability.NoGuardFPModel	245
NumStability.NoGuardFPModel.ctorIdx	NumStability.Analysis.Error	NumStability.Analysis.FloatingPointArithmetic.ErrorModels.NoGuardModel	move_candidate	definition	public	NumStability.NoGuardFPModel	245
NumStability.NoGuardFPModel.exactWithUnitRoundoff	NumStability.Analysis.Error	NumStability.Analysis.FloatingPointArithmetic.ErrorModels.NoGuardModel	move_candidate	definition	public	NumStability.NoGuardFPModel.exactWithUnitRoundoff	280
NumStability.NoGuardFPModel.fl_add	NumStability.Analysis.Error	NumStability.Analysis.FloatingPointArithmetic.ErrorModels.NoGuardModel	move_candidate	definition	public	NumStability.NoGuardFPModel	245
NumStability.NoGuardFPModel.fl_div	NumStability.Analysis.Error	NumStability.Analysis.FloatingPointArithmetic.ErrorModels.NoGuardModel	move_candidate	definition	public	NumStability.NoGuardFPModel	245
NumStability.NoGuardFPModel.fl_mul	NumStability.Analysis.Error	NumStability.Analysis.FloatingPointArithmetic.ErrorModels.NoGuardModel	move_candidate	definition	public	NumStability.NoGuardFPModel	245
NumStability.NoGuardFPModel.fl_sub	NumStability.Analysis.Error	NumStability.Analysis.FloatingPointArithmetic.ErrorModels.NoGuardModel	move_candidate	definition	public	NumStability.NoGuardFPModel	245
NumStability.NoGuardFPModel.gammaProxy	NumStability.Algorithms.TriangularNoGuard	NumStability.Algorithms.LinearSystems.Triangular.ErrorAnalysis.NoGuardBackward	move_candidate	definition	public	NumStability.NoGuardFPModel.gammaProxy	16
NumStability.NoGuardFPModel.mk	NumStability.Analysis.Error	NumStability.Analysis.FloatingPointArithmetic.ErrorModels.NoGuardModel	move_candidate	constructor	public	NumStability.NoGuardFPModel	245
NumStability.NoGuardFPModel.mk.inj	NumStability.Analysis.Error	NumStability.Analysis.FloatingPointArithmetic.ErrorModels.NoGuardModel	move_candidate	theorem	public	NumStability.NoGuardFPModel	245
NumStability.NoGuardFPModel.mk.injEq	NumStability.Analysis.Error	NumStability.Analysis.FloatingPointArithmetic.ErrorModels.NoGuardModel	move_candidate	theorem	public	NumStability.NoGuardFPModel	245
NumStability.NoGuardFPModel.mk.noConfusion	NumStability.Analysis.Error	NumStability.Analysis.FloatingPointArithmetic.ErrorModels.NoGuardModel	move_candidate	definition	public	NumStability.NoGuardFPModel	245
NumStability.NoGuardFPModel.mk.sizeOf_spec	NumStability.Analysis.Error	NumStability.Analysis.FloatingPointArithmetic.ErrorModels.NoGuardModel	move_candidate	theorem	public	NumStability.NoGuardFPModel	245
NumStability.NoGuardFPModel.model_add	NumStability.Analysis.Error	NumStability.Analysis.FloatingPointArithmetic.ErrorModels.NoGuardModel	move_candidate	theorem	public	NumStability.NoGuardFPModel	245
NumStability.NoGuardFPModel.model_add_error_eq	NumStability.Analysis.Error	NumStability.Analysis.FloatingPointArithmetic.ErrorModels.NoGuardModel	move_candidate	theorem	public	NumStability.NoGuardFPModel.model_add_error_eq	346
NumStability.NoGuardFPModel.model_basicOp	NumStability.Analysis.Error	NumStability.Analysis.FloatingPointArithmetic.ErrorModels.NoGuardModel	move_candidate	theorem	public	NumStability.NoGuardFPModel.model_basicOp	326
NumStability.NoGuardFPModel.model_div	NumStability.Analysis.Error	NumStability.Analysis.FloatingPointArithmetic.ErrorModels.NoGuardModel	move_candidate	theorem	public	NumStability.NoGuardFPModel	245
NumStability.NoGuardFPModel.model_div_signedRelErrorWitness	NumStability.Analysis.Error	NumStability.Analysis.FloatingPointArithmetic.ErrorModels.NoGuardModel	move_candidate	theorem	public	NumStability.NoGuardFPModel.model_div_signedRelErrorWitness	377
NumStability.NoGuardFPModel.model_mul	NumStability.Analysis.Error	NumStability.Analysis.FloatingPointArithmetic.ErrorModels.NoGuardModel	move_candidate	theorem	public	NumStability.NoGuardFPModel	245
NumStability.NoGuardFPModel.model_mul_signedRelErrorWitness	NumStability.Analysis.Error	NumStability.Analysis.FloatingPointArithmetic.ErrorModels.NoGuardModel	move_candidate	theorem	public	NumStability.NoGuardFPModel.model_mul_signedRelErrorWitness	368
NumStability.NoGuardFPModel.model_sub	NumStability.Analysis.Error	NumStability.Analysis.FloatingPointArithmetic.ErrorModels.NoGuardModel	move_candidate	theorem	public	NumStability.NoGuardFPModel	245
NumStability.NoGuardFPModel.model_sub_error_eq	NumStability.Analysis.Error	NumStability.Analysis.FloatingPointArithmetic.ErrorModels.NoGuardModel	move_candidate	theorem	public	NumStability.NoGuardFPModel.model_sub_error_eq	357
NumStability.NoGuardFPModel.noConfusion	NumStability.Analysis.Error	NumStability.Analysis.FloatingPointArithmetic.ErrorModels.NoGuardModel	move_candidate	definition	public	NumStability.NoGuardFPModel	245
NumStability.NoGuardFPModel.noConfusionType	NumStability.Analysis.Error	NumStability.Analysis.FloatingPointArithmetic.ErrorModels.NoGuardModel	move_candidate	definition	public	NumStability.NoGuardFPModel	245
NumStability.NoGuardFPModel.rec	NumStability.Analysis.Error	NumStability.Analysis.FloatingPointArithmetic.ErrorModels.NoGuardModel	move_candidate	recursor	public	NumStability.NoGuardFPModel	245
NumStability.NoGuardFPModel.recOn	NumStability.Analysis.Error	NumStability.Analysis.FloatingPointArithmetic.ErrorModels.NoGuardModel	move_candidate	definition	public	NumStability.NoGuardFPModel	245
NumStability.NoGuardFPModel.round	NumStability.Analysis.Error	NumStability.Analysis.FloatingPointArithmetic.ErrorModels.NoGuardModel	move_candidate	definition	public	NumStability.NoGuardFPModel.round	272
NumStability.NoGuardFPModel.u	NumStability.Analysis.Error	NumStability.Analysis.FloatingPointArithmetic.ErrorModels.NoGuardModel	move_candidate	definition	public	NumStability.NoGuardFPModel	245
NumStability.NoGuardFPModel.u_pos	NumStability.Analysis.Error	NumStability.Analysis.FloatingPointArithmetic.ErrorModels.NoGuardModel	move_candidate	theorem	public	NumStability.NoGuardFPModel.u_pos	321
NumStability.NoGuardFPModel.unit_roundoff_pos	NumStability.Analysis.Error	NumStability.Analysis.FloatingPointArithmetic.ErrorModels.NoGuardModel	move_candidate	theorem	public	NumStability.NoGuardFPModel	245
NumStability.NoGuardForwardSubSpec	NumStability.Algorithms.TriangularNoGuard	NumStability.Algorithms.LinearSystems.Triangular.ErrorAnalysis.NoGuardForward	move_candidate	definition	public	NumStability.NoGuardForwardSubSpec	617
NumStability.PermutedLUBackwardError	NumStability.Algorithms.LU.GaussianElimination	NumStability.Algorithms.LU.GaussianElimination	canonical_in_place	inductive	public	-	-
NumStability.PermutedLUBackwardError.L_diag	NumStability.Algorithms.LU.GaussianElimination	NumStability.Algorithms.LU.GaussianElimination	canonical_in_place	theorem	public	-	-
NumStability.PermutedLUBackwardError.L_upper_zero	NumStability.Algorithms.LU.GaussianElimination	NumStability.Algorithms.LU.GaussianElimination	canonical_in_place	theorem	public	-	-
NumStability.PermutedLUBackwardError.U_lower_zero	NumStability.Algorithms.LU.GaussianElimination	NumStability.Algorithms.LU.GaussianElimination	canonical_in_place	theorem	public	-	-
NumStability.PermutedLUBackwardError.backward_bound	NumStability.Algorithms.LU.GaussianElimination	NumStability.Algorithms.LU.GaussianElimination	canonical_in_place	theorem	public	-	-
NumStability.PermutedLUBackwardError.casesOn	NumStability.Algorithms.LU.GaussianElimination	NumStability.Algorithms.LU.GaussianElimination	canonical_in_place	definition	public	-	-
NumStability.PermutedLUBackwardError.mk	NumStability.Algorithms.LU.GaussianElimination	NumStability.Algorithms.LU.GaussianElimination	canonical_in_place	constructor	public	-	-
NumStability.PermutedLUBackwardError.perm	NumStability.Algorithms.LU.GaussianElimination	NumStability.Algorithms.LU.GaussianElimination	canonical_in_place	theorem	public	-	-
NumStability.PermutedLUBackwardError.rec	NumStability.Algorithms.LU.GaussianElimination	NumStability.Algorithms.LU.GaussianElimination	canonical_in_place	recursor	public	-	-
NumStability.PermutedLUBackwardError.recOn	NumStability.Algorithms.LU.GaussianElimination	NumStability.Algorithms.LU.GaussianElimination	canonical_in_place	definition	public	-	-
NumStability.PermutedLUFactSpec	NumStability.Algorithms.LU.GaussianElimination	NumStability.Algorithms.LU.GaussianElimination	canonical_in_place	inductive	public	-	-
NumStability.PermutedLUFactSpec.L_diag	NumStability.Algorithms.LU.GaussianElimination	NumStability.Algorithms.LU.GaussianElimination	canonical_in_place	theorem	public	-	-
NumStability.PermutedLUFactSpec.L_upper_zero	NumStability.Algorithms.LU.GaussianElimination	NumStability.Algorithms.LU.GaussianElimination	canonical_in_place	theorem	public	-	-
NumStability.PermutedLUFactSpec.U_lower_zero	NumStability.Algorithms.LU.GaussianElimination	NumStability.Algorithms.LU.GaussianElimination	canonical_in_place	theorem	public	-	-
NumStability.PermutedLUFactSpec.casesOn	NumStability.Algorithms.LU.GaussianElimination	NumStability.Algorithms.LU.GaussianElimination	canonical_in_place	definition	public	-	-
NumStability.PermutedLUFactSpec.mk	NumStability.Algorithms.LU.GaussianElimination	NumStability.Algorithms.LU.GaussianElimination	canonical_in_place	constructor	public	-	-
NumStability.PermutedLUFactSpec.perm	NumStability.Algorithms.LU.GaussianElimination	NumStability.Algorithms.LU.GaussianElimination	canonical_in_place	theorem	public	-	-
NumStability.PermutedLUFactSpec.product_eq	NumStability.Algorithms.LU.GaussianElimination	NumStability.Algorithms.LU.GaussianElimination	canonical_in_place	theorem	public	-	-
NumStability.PermutedLUFactSpec.rec	NumStability.Algorithms.LU.GaussianElimination	NumStability.Algorithms.LU.GaussianElimination	canonical_in_place	recursor	public	-	-
NumStability.PermutedLUFactSpec.recOn	NumStability.Algorithms.LU.GaussianElimination	NumStability.Algorithms.LU.GaussianElimination	canonical_in_place	definition	public	-	-
NumStability.PowerMethodDominantFiniteTailCertificate	NumStability.Analysis.BeneficialRounding	NumStability.Analysis.BeneficialRounding	canonical_in_place	inductive	public	-	-
NumStability.PowerMethodDominantFiniteTailCertificate.casesOn	NumStability.Analysis.BeneficialRounding	NumStability.Analysis.BeneficialRounding	canonical_in_place	definition	public	-	-
NumStability.PowerMethodDominantFiniteTailCertificate.coeffDominant	NumStability.Analysis.BeneficialRounding	NumStability.Analysis.BeneficialRounding	canonical_in_place	definition	public	-	-
NumStability.PowerMethodDominantFiniteTailCertificate.coeffDominant_ne_zero	NumStability.Analysis.BeneficialRounding	NumStability.Analysis.BeneficialRounding	canonical_in_place	theorem	public	-	-
NumStability.PowerMethodDominantFiniteTailCertificate.coeffTail	NumStability.Analysis.BeneficialRounding	NumStability.Analysis.BeneficialRounding	canonical_in_place	definition	public	-	-
NumStability.PowerMethodDominantFiniteTailCertificate.ctorIdx	NumStability.Analysis.BeneficialRounding	NumStability.Analysis.BeneficialRounding	canonical_in_place	definition	public	-	-
NumStability.PowerMethodDominantFiniteTailCertificate.dominant_eigenpair	NumStability.Analysis.BeneficialRounding	NumStability.Analysis.BeneficialRounding	canonical_in_place	theorem	public	-	-
NumStability.PowerMethodDominantFiniteTailCertificate.lambdaDominant	NumStability.Analysis.BeneficialRounding	NumStability.Analysis.BeneficialRounding	canonical_in_place	definition	public	-	-
NumStability.PowerMethodDominantFiniteTailCertificate.lambdaDominant_ne_zero	NumStability.Analysis.BeneficialRounding	NumStability.Analysis.BeneficialRounding	canonical_in_place	theorem	public	-	-
NumStability.PowerMethodDominantFiniteTailCertificate.lambdaTail	NumStability.Analysis.BeneficialRounding	NumStability.Analysis.BeneficialRounding	canonical_in_place	definition	public	-	-
NumStability.PowerMethodDominantFiniteTailCertificate.mk	NumStability.Analysis.BeneficialRounding	NumStability.Analysis.BeneficialRounding	canonical_in_place	constructor	public	-	-
NumStability.PowerMethodDominantFiniteTailCertificate.mk.inj	NumStability.Analysis.BeneficialRounding	NumStability.Analysis.BeneficialRounding	canonical_in_place	theorem	public	-	-
NumStability.PowerMethodDominantFiniteTailCertificate.mk.injEq	NumStability.Analysis.BeneficialRounding	NumStability.Analysis.BeneficialRounding	canonical_in_place	theorem	public	-	-
NumStability.PowerMethodDominantFiniteTailCertificate.mk.noConfusion	NumStability.Analysis.BeneficialRounding	NumStability.Analysis.BeneficialRounding	canonical_in_place	definition	public	-	-
NumStability.PowerMethodDominantFiniteTailCertificate.mk.sizeOf_spec	NumStability.Analysis.BeneficialRounding	NumStability.Analysis.BeneficialRounding	canonical_in_place	theorem	public	-	-
NumStability.PowerMethodDominantFiniteTailCertificate.noConfusion	NumStability.Analysis.BeneficialRounding	NumStability.Analysis.BeneficialRounding	canonical_in_place	definition	public	-	-
NumStability.PowerMethodDominantFiniteTailCertificate.noConfusionType	NumStability.Analysis.BeneficialRounding	NumStability.Analysis.BeneficialRounding	canonical_in_place	definition	public	-	-
NumStability.PowerMethodDominantFiniteTailCertificate.q	NumStability.Analysis.BeneficialRounding	NumStability.Analysis.BeneficialRounding	canonical_in_place	definition	public	-	-
NumStability.PowerMethodDominantFiniteTailCertificate.q_lt_one	NumStability.Analysis.BeneficialRounding	NumStability.Analysis.BeneficialRounding	canonical_in_place	theorem	public	-	-
NumStability.PowerMethodDominantFiniteTailCertificate.q_nonneg	NumStability.Analysis.BeneficialRounding	NumStability.Analysis.BeneficialRounding	canonical_in_place	theorem	public	-	-
NumStability.PowerMethodDominantFiniteTailCertificate.rec	NumStability.Analysis.BeneficialRounding	NumStability.Analysis.BeneficialRounding	canonical_in_place	recursor	public	-	-
NumStability.PowerMethodDominantFiniteTailCertificate.recOn	NumStability.Analysis.BeneficialRounding	NumStability.Analysis.BeneficialRounding	canonical_in_place	definition	public	-	-
NumStability.PowerMethodDominantFiniteTailCertificate.scaled_residual_tendsto_zero	NumStability.Analysis.BeneficialRounding	NumStability.Analysis.BeneficialRounding	canonical_in_place	theorem	public	-	-
NumStability.PowerMethodDominantFiniteTailCertificate.start_decomposition	NumStability.Analysis.BeneficialRounding	NumStability.Analysis.BeneficialRounding	canonical_in_place	theorem	public	-	-
NumStability.PowerMethodDominantFiniteTailCertificate.tail_eigenpairs	NumStability.Analysis.BeneficialRounding	NumStability.Analysis.BeneficialRounding	canonical_in_place	theorem	public	-	-
NumStability.PowerMethodDominantFiniteTailCertificate.tail_spectral_ratio_le	NumStability.Analysis.BeneficialRounding	NumStability.Analysis.BeneficialRounding	canonical_in_place	theorem	public	-	-
NumStability.PowerMethodDominantFiniteTailCertificate.vDominant	NumStability.Analysis.BeneficialRounding	NumStability.Analysis.BeneficialRounding	canonical_in_place	definition	public	-	-
NumStability.PowerMethodDominantFiniteTailCertificate.vTail	NumStability.Analysis.BeneficialRounding	NumStability.Analysis.BeneficialRounding	canonical_in_place	definition	public	-	-
NumStability.PrecisionMeasure	NumStability.Analysis.Error	NumStability.Analysis.Error.Measures.AccuracyPrecision	move_candidate	inductive	public	NumStability.PrecisionMeasure	743
NumStability.PrecisionMeasure.casesOn	NumStability.Analysis.Error	NumStability.Analysis.Error.Measures.AccuracyPrecision	move_candidate	definition	public	NumStability.PrecisionMeasure	743
NumStability.PrecisionMeasure.ctorIdx	NumStability.Analysis.Error	NumStability.Analysis.Error.Measures.AccuracyPrecision	move_candidate	definition	public	NumStability.PrecisionMeasure	743
NumStability.PrecisionMeasure.mk	NumStability.Analysis.Error	NumStability.Analysis.Error.Measures.AccuracyPrecision	move_candidate	constructor	public	NumStability.PrecisionMeasure	743
NumStability.PrecisionMeasure.mk.inj	NumStability.Analysis.Error	NumStability.Analysis.Error.Measures.AccuracyPrecision	move_candidate	theorem	public	NumStability.PrecisionMeasure	743
NumStability.PrecisionMeasure.mk.injEq	NumStability.Analysis.Error	NumStability.Analysis.Error.Measures.AccuracyPrecision	move_candidate	theorem	public	NumStability.PrecisionMeasure	743
NumStability.PrecisionMeasure.mk.noConfusion	NumStability.Analysis.Error	NumStability.Analysis.Error.Measures.AccuracyPrecision	move_candidate	definition	public	NumStability.PrecisionMeasure	743
NumStability.PrecisionMeasure.mk.sizeOf_spec	NumStability.Analysis.Error	NumStability.Analysis.Error.Measures.AccuracyPrecision	move_candidate	theorem	public	NumStability.PrecisionMeasure	743
NumStability.PrecisionMeasure.noConfusion	NumStability.Analysis.Error	NumStability.Analysis.Error.Measures.AccuracyPrecision	move_candidate	definition	public	NumStability.PrecisionMeasure	743
NumStability.PrecisionMeasure.noConfusionType	NumStability.Analysis.Error	NumStability.Analysis.Error.Measures.AccuracyPrecision	move_candidate	definition	public	NumStability.PrecisionMeasure	743
NumStability.PrecisionMeasure.ofFPModel	NumStability.Analysis.Error	NumStability.Analysis.Error.Measures.AccuracyPrecision	move_candidate	definition	public	NumStability.PrecisionMeasure.ofFPModel	751
NumStability.PrecisionMeasure.ofFPModel_unitRoundoff	NumStability.Analysis.Error	NumStability.Analysis.Error.Measures.AccuracyPrecision	move_candidate	theorem	public	NumStability.PrecisionMeasure.ofFPModel_unitRoundoff	756
NumStability.PrecisionMeasure.rec	NumStability.Analysis.Error	NumStability.Analysis.Error.Measures.AccuracyPrecision	move_candidate	recursor	public	NumStability.PrecisionMeasure	743
NumStability.PrecisionMeasure.recOn	NumStability.Analysis.Error	NumStability.Analysis.Error.Measures.AccuracyPrecision	move_candidate	definition	public	NumStability.PrecisionMeasure	743
NumStability.PrecisionMeasure.unitRoundoff	NumStability.Analysis.Error	NumStability.Analysis.Error.Measures.AccuracyPrecision	move_candidate	definition	public	NumStability.PrecisionMeasure	743
NumStability.PrecisionMeasure.unitRoundoff_nonneg	NumStability.Analysis.Error	NumStability.Analysis.Error.Measures.AccuracyPrecision	move_candidate	theorem	public	NumStability.PrecisionMeasure	743
NumStability.PriestAllStepsExact	NumStability.Algorithms.PriestAccuracy	NumStability.Algorithms.PriestAccuracy	canonical_in_place	definition	public	-	-
NumStability.PriestFiniteAllOperations	NumStability.Algorithms.PriestFiniteFormat	NumStability.Algorithms.Summation.Compensated.Priest.FiniteFormat	move_candidate	definition	public	NumStability.PriestFiniteAllOperations	237
NumStability.PriestFiniteExpansionStep	NumStability.Algorithms.PriestFiniteFormat	NumStability.Source.Higham.Chapter04.Algorithm03.Priest.SourceAssumptions	move_candidate	inductive	public	NumStability.PriestFiniteExpansionStep	519
NumStability.PriestFiniteExpansionStep.addOne	NumStability.Algorithms.PriestFiniteFormat	NumStability.Source.Higham.Chapter04.Algorithm03.Priest.SourceAssumptions	move_candidate	theorem	public	NumStability.PriestFiniteExpansionStep	519
NumStability.PriestFiniteExpansionStep.addSix	NumStability.Algorithms.PriestFiniteFormat	NumStability.Source.Higham.Chapter04.Algorithm03.Priest.SourceAssumptions	move_candidate	theorem	public	NumStability.PriestFiniteExpansionStep	519
NumStability.PriestFiniteExpansionStep.addThree	NumStability.Algorithms.PriestFiniteFormat	NumStability.Source.Higham.Chapter04.Algorithm03.Priest.SourceAssumptions	move_candidate	theorem	public	NumStability.PriestFiniteExpansionStep	519
NumStability.PriestFiniteExpansionStep.casesOn	NumStability.Algorithms.PriestFiniteFormat	NumStability.Source.Higham.Chapter04.Algorithm03.Priest.SourceAssumptions	move_candidate	definition	public	NumStability.PriestFiniteExpansionStep	519
NumStability.PriestFiniteExpansionStep.mk	NumStability.Algorithms.PriestFiniteFormat	NumStability.Source.Higham.Chapter04.Algorithm03.Priest.SourceAssumptions	move_candidate	constructor	public	NumStability.PriestFiniteExpansionStep	519
NumStability.PriestFiniteExpansionStep.rec	NumStability.Algorithms.PriestFiniteFormat	NumStability.Source.Higham.Chapter04.Algorithm03.Priest.SourceAssumptions	move_candidate	recursor	public	NumStability.PriestFiniteExpansionStep	519
NumStability.PriestFiniteExpansionStep.recOn	NumStability.Algorithms.PriestFiniteFormat	NumStability.Source.Higham.Chapter04.Algorithm03.Priest.SourceAssumptions	move_candidate	definition	public	NumStability.PriestFiniteExpansionStep	519
NumStability.PriestFiniteStepCondition	NumStability.Algorithms.PriestFiniteFormat	NumStability.Algorithms.Summation.Compensated.Priest.FiniteFormat	move_candidate	inductive	public	NumStability.PriestFiniteStepCondition	70
NumStability.PriestFiniteStepCondition.c	NumStability.Algorithms.PriestFiniteFormat	NumStability.Algorithms.Summation.Compensated.Priest.FiniteFormat	move_candidate	theorem	public	NumStability.PriestFiniteStepCondition	70
NumStability.PriestFiniteStepCondition.casesOn	NumStability.Algorithms.PriestFiniteFormat	NumStability.Algorithms.Summation.Compensated.Priest.FiniteFormat	move_candidate	definition	public	NumStability.PriestFiniteStepCondition	70
NumStability.PriestFiniteStepCondition.mk	NumStability.Algorithms.PriestFiniteFormat	NumStability.Algorithms.Summation.Compensated.Priest.FiniteFormat	move_candidate	constructor	public	NumStability.PriestFiniteStepCondition	70
NumStability.PriestFiniteStepCondition.rec	NumStability.Algorithms.PriestFiniteFormat	NumStability.Algorithms.Summation.Compensated.Priest.FiniteFormat	move_candidate	recursor	public	NumStability.PriestFiniteStepCondition	70
NumStability.PriestFiniteStepCondition.recOn	NumStability.Algorithms.PriestFiniteFormat	NumStability.Algorithms.Summation.Compensated.Priest.FiniteFormat	move_candidate	definition	public	NumStability.PriestFiniteStepCondition	70
NumStability.PriestFiniteStepCondition.s	NumStability.Algorithms.PriestFiniteFormat	NumStability.Algorithms.Summation.Compensated.Priest.FiniteFormat	move_candidate	theorem	public	NumStability.PriestFiniteStepCondition	70
NumStability.PriestFiniteStepCondition.sSubT	NumStability.Algorithms.PriestFiniteFormat	NumStability.Algorithms.Summation.Compensated.Priest.FiniteFormat	move_candidate	theorem	public	NumStability.PriestFiniteStepCondition	70
NumStability.PriestFiniteStepCondition.t	NumStability.Algorithms.PriestFiniteFormat	NumStability.Algorithms.Summation.Compensated.Priest.FiniteFormat	move_candidate	theorem	public	NumStability.PriestFiniteStepCondition	70
NumStability.PriestFiniteStepCondition.tSubS	NumStability.Algorithms.PriestFiniteFormat	NumStability.Algorithms.Summation.Compensated.Priest.FiniteFormat	move_candidate	theorem	public	NumStability.PriestFiniteStepCondition	70
NumStability.PriestFiniteStepCondition.u	NumStability.Algorithms.PriestFiniteFormat	NumStability.Algorithms.Summation.Compensated.Priest.FiniteFormat	move_candidate	theorem	public	NumStability.PriestFiniteStepCondition	70
NumStability.PriestFiniteStepCondition.upsilon	NumStability.Algorithms.PriestFiniteFormat	NumStability.Algorithms.Summation.Compensated.Priest.FiniteFormat	move_candidate	theorem	public	NumStability.PriestFiniteStepCondition	70
NumStability.PriestFiniteStepCondition.y	NumStability.Algorithms.PriestFiniteFormat	NumStability.Algorithms.Summation.Compensated.Priest.FiniteFormat	move_candidate	theorem	public	NumStability.PriestFiniteStepCondition	70
NumStability.PriestFiniteStepCondition.ySubC	NumStability.Algorithms.PriestFiniteFormat	NumStability.Algorithms.Summation.Compensated.Priest.FiniteFormat	move_candidate	theorem	public	NumStability.PriestFiniteStepCondition	70
NumStability.PriestFiniteStepCondition.z	NumStability.Algorithms.PriestFiniteFormat	NumStability.Algorithms.Summation.Compensated.Priest.FiniteFormat	move_candidate	theorem	public	NumStability.PriestFiniteStepCondition	70
NumStability.PriestFiniteThreePairCertificates	NumStability.Algorithms.PriestFiniteFormat	NumStability.Source.Higham.Chapter04.Algorithm03.Priest.SourceAssumptions	move_candidate	inductive	public	NumStability.PriestFiniteThreePairCertificates	507
NumStability.PriestFiniteThreePairCertificates.casesOn	NumStability.Algorithms.PriestFiniteFormat	NumStability.Source.Higham.Chapter04.Algorithm03.Priest.SourceAssumptions	move_candidate	definition	public	NumStability.PriestFiniteThreePairCertificates	507
NumStability.PriestFiniteThreePairCertificates.first	NumStability.Algorithms.PriestFiniteFormat	NumStability.Source.Higham.Chapter04.Algorithm03.Priest.SourceAssumptions	move_candidate	theorem	public	NumStability.PriestFiniteThreePairCertificates	507
NumStability.PriestFiniteThreePairCertificates.mk	NumStability.Algorithms.PriestFiniteFormat	NumStability.Source.Higham.Chapter04.Algorithm03.Priest.SourceAssumptions	move_candidate	constructor	public	NumStability.PriestFiniteThreePairCertificates	507
NumStability.PriestFiniteThreePairCertificates.rec	NumStability.Algorithms.PriestFiniteFormat	NumStability.Source.Higham.Chapter04.Algorithm03.Priest.SourceAssumptions	move_candidate	recursor	public	NumStability.PriestFiniteThreePairCertificates	507
NumStability.PriestFiniteThreePairCertificates.recOn	NumStability.Algorithms.PriestFiniteFormat	NumStability.Source.Higham.Chapter04.Algorithm03.Priest.SourceAssumptions	move_candidate	definition	public	NumStability.PriestFiniteThreePairCertificates	507
NumStability.PriestFiniteThreePairCertificates.second	NumStability.Algorithms.PriestFiniteFormat	NumStability.Source.Higham.Chapter04.Algorithm03.Priest.SourceAssumptions	move_candidate	theorem	public	NumStability.PriestFiniteThreePairCertificates	507
NumStability.PriestFiniteThreePairCertificates.third	NumStability.Algorithms.PriestFiniteFormat	NumStability.Source.Higham.Chapter04.Algorithm03.Priest.SourceAssumptions	move_candidate	theorem	public	NumStability.PriestFiniteThreePairCertificates	507
NumStability.PriestSourceA1	NumStability.Algorithms.PriestFiniteFormat	NumStability.Source.Higham.Chapter04.Algorithm03.Priest.SourceAssumptions	move_candidate	definition	public	NumStability.PriestSourceA1	324
NumStability.PriestSourceA2	NumStability.Algorithms.PriestFiniteFormat	NumStability.Source.Higham.Chapter04.Algorithm03.Priest.SourceAssumptions	move_candidate	definition	public	NumStability.PriestSourceA2	331
NumStability.PriestSourceFaithful	NumStability.Algorithms.PriestFiniteFormat	NumStability.Source.Higham.Chapter04.Algorithm03.Priest.SourceAssumptions	move_candidate	definition	public	NumStability.PriestSourceFaithful	371
NumStability.PriestSourceFaithfulAt	NumStability.Algorithms.PriestFiniteFormat	NumStability.Source.Higham.Chapter04.Algorithm03.Priest.SourceAssumptions	move_candidate	definition	public	NumStability.PriestSourceFaithfulAt	355
NumStability.PriestSourceInputAssumptions	NumStability.Algorithms.PriestFiniteFormat	NumStability.Source.Higham.Chapter04.Algorithm03.Priest.SourceAssumptions	move_candidate	inductive	public	NumStability.PriestSourceInputAssumptions	399
NumStability.PriestSourceInputAssumptions.casesOn	NumStability.Algorithms.PriestFiniteFormat	NumStability.Source.Higham.Chapter04.Algorithm03.Priest.SourceAssumptions	move_candidate	definition	public	NumStability.PriestSourceInputAssumptions	399
NumStability.PriestSourceInputAssumptions.finite	NumStability.Algorithms.PriestFiniteFormat	NumStability.Source.Higham.Chapter04.Algorithm03.Priest.SourceAssumptions	move_candidate	theorem	public	NumStability.PriestSourceInputAssumptions	399
NumStability.PriestSourceInputAssumptions.mk	NumStability.Algorithms.PriestFiniteFormat	NumStability.Source.Higham.Chapter04.Algorithm03.Priest.SourceAssumptions	move_candidate	constructor	public	NumStability.PriestSourceInputAssumptions	399
NumStability.PriestSourceInputAssumptions.nonzero	NumStability.Algorithms.PriestFiniteFormat	NumStability.Source.Higham.Chapter04.Algorithm03.Priest.SourceAssumptions	move_candidate	theorem	public	NumStability.PriestSourceInputAssumptions	399
NumStability.PriestSourceInputAssumptions.rec	NumStability.Algorithms.PriestFiniteFormat	NumStability.Source.Higham.Chapter04.Algorithm03.Priest.SourceAssumptions	move_candidate	recursor	public	NumStability.PriestSourceInputAssumptions	399
NumStability.PriestSourceInputAssumptions.recOn	NumStability.Algorithms.PriestFiniteFormat	NumStability.Source.Higham.Chapter04.Algorithm03.Priest.SourceAssumptions	move_candidate	definition	public	NumStability.PriestSourceInputAssumptions	399
NumStability.PriestSourceInputAssumptions.sizeCap	NumStability.Algorithms.PriestFiniteFormat	NumStability.Source.Higham.Chapter04.Algorithm03.Priest.SourceAssumptions	move_candidate	theorem	public	NumStability.PriestSourceInputAssumptions	399
NumStability.PriestSourceInputAssumptions.sorted	NumStability.Algorithms.PriestFiniteFormat	NumStability.Source.Higham.Chapter04.Algorithm03.Priest.SourceAssumptions	move_candidate	theorem	public	NumStability.PriestSourceInputAssumptions	399
NumStability.PriestSourceS4	NumStability.Algorithms.PriestFiniteFormat	NumStability.Source.Higham.Chapter04.Algorithm03.Priest.SourceAssumptions	move_candidate	definition	public	NumStability.PriestSourceS4	337
NumStability.PriestStepExact	NumStability.Algorithms.PriestAccuracy	NumStability.Algorithms.PriestAccuracy	canonical_in_place	inductive	public	-	-
NumStability.PriestStepExact.addOne	NumStability.Algorithms.PriestAccuracy	NumStability.Algorithms.PriestAccuracy	canonical_in_place	theorem	public	-	-
NumStability.PriestStepExact.addSix	NumStability.Algorithms.PriestAccuracy	NumStability.Algorithms.PriestAccuracy	canonical_in_place	theorem	public	-	-
NumStability.PriestStepExact.addThree	NumStability.Algorithms.PriestAccuracy	NumStability.Algorithms.PriestAccuracy	canonical_in_place	theorem	public	-	-
NumStability.PriestStepExact.casesOn	NumStability.Algorithms.PriestAccuracy	NumStability.Algorithms.PriestAccuracy	canonical_in_place	definition	public	-	-
NumStability.PriestStepExact.combine	NumStability.Algorithms.PriestAccuracy	NumStability.Algorithms.PriestAccuracy	canonical_in_place	theorem	public	-	-
NumStability.PriestStepExact.mk	NumStability.Algorithms.PriestAccuracy	NumStability.Algorithms.PriestAccuracy	canonical_in_place	constructor	public	-	-
NumStability.PriestStepExact.rec	NumStability.Algorithms.PriestAccuracy	NumStability.Algorithms.PriestAccuracy	canonical_in_place	recursor	public	-	-
NumStability.PriestStepExact.recOn	NumStability.Algorithms.PriestAccuracy	NumStability.Algorithms.PriestAccuracy	canonical_in_place	definition	public	-	-
NumStability.ResidualError	NumStability.Algorithms.IterativeRefinement	NumStability.Algorithms.LinearSystems.IterativeRefinement.Core	move_candidate	inductive	public	NumStability.ResidualError	73
NumStability.ResidualError.bound	NumStability.Algorithms.IterativeRefinement	NumStability.Algorithms.LinearSystems.IterativeRefinement.Core	move_candidate	theorem	public	NumStability.ResidualError	73
NumStability.ResidualError.casesOn	NumStability.Algorithms.IterativeRefinement	NumStability.Algorithms.LinearSystems.IterativeRefinement.Core	move_candidate	definition	public	NumStability.ResidualError	73
NumStability.ResidualError.mk	NumStability.Algorithms.IterativeRefinement	NumStability.Algorithms.LinearSystems.IterativeRefinement.Core	move_candidate	constructor	public	NumStability.ResidualError	73
NumStability.ResidualError.rec	NumStability.Algorithms.IterativeRefinement	NumStability.Algorithms.LinearSystems.IterativeRefinement.Core	move_candidate	recursor	public	NumStability.ResidualError	73
NumStability.ResidualError.recOn	NumStability.Algorithms.IterativeRefinement	NumStability.Algorithms.LinearSystems.IterativeRefinement.Core	move_candidate	definition	public	NumStability.ResidualError	73
NumStability.SimulatesHigherPrecision	NumStability.Analysis.Error	NumStability.Analysis.Error.Measures.AccuracyPrecision	move_candidate	definition	public	NumStability.SimulatesHigherPrecision	762
NumStability.SolverSpec	NumStability.Algorithms.IterativeRefinement	NumStability.Algorithms.LinearSystems.IterativeRefinement.Core	move_candidate	inductive	public	NumStability.SolverSpec	50
NumStability.SolverSpec.bound	NumStability.Algorithms.IterativeRefinement	NumStability.Algorithms.LinearSystems.IterativeRefinement.Core	move_candidate	theorem	public	NumStability.SolverSpec	50
NumStability.SolverSpec.casesOn	NumStability.Algorithms.IterativeRefinement	NumStability.Algorithms.LinearSystems.IterativeRefinement.Core	move_candidate	definition	public	NumStability.SolverSpec	50
NumStability.SolverSpec.ctorIdx	NumStability.Algorithms.IterativeRefinement	NumStability.Algorithms.LinearSystems.IterativeRefinement.Core	move_candidate	definition	public	NumStability.SolverSpec	50
NumStability.SolverSpec.exact	NumStability.Algorithms.IterativeRefinement	NumStability.Algorithms.LinearSystems.IterativeRefinement.Core	move_candidate	theorem	public	NumStability.SolverSpec	50
NumStability.SolverSpec.mk	NumStability.Algorithms.IterativeRefinement	NumStability.Algorithms.LinearSystems.IterativeRefinement.Core	move_candidate	constructor	public	NumStability.SolverSpec	50
NumStability.SolverSpec.mk.inj	NumStability.Algorithms.IterativeRefinement	NumStability.Algorithms.LinearSystems.IterativeRefinement.Core	move_candidate	theorem	public	NumStability.SolverSpec	50
NumStability.SolverSpec.mk.injEq	NumStability.Algorithms.IterativeRefinement	NumStability.Algorithms.LinearSystems.IterativeRefinement.Core	move_candidate	theorem	public	NumStability.SolverSpec	50
NumStability.SolverSpec.mk.noConfusion	NumStability.Algorithms.IterativeRefinement	NumStability.Algorithms.LinearSystems.IterativeRefinement.Core	move_candidate	definition	public	NumStability.SolverSpec	50
NumStability.SolverSpec.mk.sizeOf_spec	NumStability.Algorithms.IterativeRefinement	NumStability.Algorithms.LinearSystems.IterativeRefinement.Core	move_candidate	theorem	public	NumStability.SolverSpec	50
NumStability.SolverSpec.noConfusion	NumStability.Algorithms.IterativeRefinement	NumStability.Algorithms.LinearSystems.IterativeRefinement.Core	move_candidate	definition	public	NumStability.SolverSpec	50
NumStability.SolverSpec.noConfusionType	NumStability.Algorithms.IterativeRefinement	NumStability.Algorithms.LinearSystems.IterativeRefinement.Core	move_candidate	definition	public	NumStability.SolverSpec	50
NumStability.SolverSpec.rec	NumStability.Algorithms.IterativeRefinement	NumStability.Algorithms.LinearSystems.IterativeRefinement.Core	move_candidate	recursor	public	NumStability.SolverSpec	50
NumStability.SolverSpec.recOn	NumStability.Algorithms.IterativeRefinement	NumStability.Algorithms.LinearSystems.IterativeRefinement.Core	move_candidate	definition	public	NumStability.SolverSpec	50
NumStability.SolverSpec.solve	NumStability.Algorithms.IterativeRefinement	NumStability.Algorithms.LinearSystems.IterativeRefinement.Core	move_candidate	definition	public	NumStability.SolverSpec	50
NumStability.SolverSpec.ΔA	NumStability.Algorithms.IterativeRefinement	NumStability.Algorithms.LinearSystems.IterativeRefinement.Core	move_candidate	definition	public	NumStability.SolverSpec	50
NumStability.SolvesInverseIterationShiftedSystem	NumStability.Analysis.BeneficialRounding	NumStability.Analysis.BeneficialRounding	canonical_in_place	definition	public	-	-
NumStability.StatisticalRoundingErrorModel	NumStability.Analysis.StatisticalRounding	NumStability.Analysis.StatisticalRounding	canonical_in_place	inductive	public	-	-
NumStability.StatisticalRoundingErrorModel.casesOn	NumStability.Analysis.StatisticalRounding	NumStability.Analysis.StatisticalRounding	canonical_in_place	definition	public	-	-
NumStability.StatisticalRoundingErrorModel.expectation_sum_eq_zero	NumStability.Analysis.StatisticalRounding	NumStability.Analysis.StatisticalRounding	canonical_in_place	theorem	public	-	-
NumStability.StatisticalRoundingErrorModel.expectation_sum_sq_eq_sum_second_moments	NumStability.Analysis.StatisticalRounding	NumStability.Analysis.StatisticalRounding	canonical_in_place	theorem	public	-	-
NumStability.StatisticalRoundingErrorModel.expectation_sum_sq_le_card_mul_unit_sq	NumStability.Analysis.StatisticalRounding	NumStability.Analysis.StatisticalRounding	canonical_in_place	theorem	public	-	-
NumStability.StatisticalRoundingErrorModel.expectation_weighted_sum_eq_zero	NumStability.Analysis.StatisticalRounding	NumStability.Analysis.StatisticalRounding	canonical_in_place	theorem	public	-	-
NumStability.StatisticalRoundingErrorModel.expectation_weighted_sum_sq_eq_sum_weight_sq_second_moments	NumStability.Analysis.StatisticalRounding	NumStability.Analysis.StatisticalRounding	canonical_in_place	theorem	public	-	-
NumStability.StatisticalRoundingErrorModel.expectation_weighted_sum_sq_le_weight_sq_mul_unit_sq	NumStability.Analysis.StatisticalRounding	NumStability.Analysis.StatisticalRounding	canonical_in_place	theorem	public	-	-
NumStability.StatisticalRoundingErrorModel.mean_zero	NumStability.Analysis.StatisticalRounding	NumStability.Analysis.StatisticalRounding	canonical_in_place	theorem	public	-	-
NumStability.StatisticalRoundingErrorModel.mk	NumStability.Analysis.StatisticalRounding	NumStability.Analysis.StatisticalRounding	canonical_in_place	constructor	public	-	-
NumStability.StatisticalRoundingErrorModel.pairwise_uncorrelated	NumStability.Analysis.StatisticalRounding	NumStability.Analysis.StatisticalRounding	canonical_in_place	theorem	public	-	-
NumStability.StatisticalRoundingErrorModel.rec	NumStability.Analysis.StatisticalRounding	NumStability.Analysis.StatisticalRounding	canonical_in_place	recursor	public	-	-
NumStability.StatisticalRoundingErrorModel.recOn	NumStability.Analysis.StatisticalRounding	NumStability.Analysis.StatisticalRounding	canonical_in_place	definition	public	-	-
NumStability.StatisticalRoundingErrorModel.rms_sum_le_sqrt_card_mul_unit	NumStability.Analysis.StatisticalRounding	NumStability.Analysis.StatisticalRounding	canonical_in_place	theorem	public	-	-
NumStability.StatisticalRoundingErrorModel.rms_weighted_sum_le_sqrt_weight_sq_mul_unit	NumStability.Analysis.StatisticalRounding	NumStability.Analysis.StatisticalRounding	canonical_in_place	theorem	public	-	-
NumStability.StatisticalRoundingErrorModel.second_moment_le	NumStability.Analysis.StatisticalRounding	NumStability.Analysis.StatisticalRounding	canonical_in_place	theorem	public	-	-
NumStability.SumTree.backward_error_counter	NumStability.Algorithms.TriangularArbitraryOrder	NumStability.Algorithms.Summation.Tree.ArbitraryOrderError.PivotNormalized	move_candidate	theorem	public	NumStability.SumTree.backward_error_counter	242
NumStability.SumTree.backward_error_pivot	NumStability.Algorithms.TriangularArbitraryOrder	NumStability.Algorithms.Summation.Tree.ArbitraryOrderError.PivotNormalized	move_candidate	theorem	public	NumStability.SumTree.backward_error_pivot	64
NumStability.SumTree.backward_error_pivot_counter	NumStability.Algorithms.TriangularArbitraryOrder	NumStability.Algorithms.Summation.Tree.ArbitraryOrderError.PivotNormalized	move_candidate	theorem	public	NumStability.SumTree.backward_error_pivot_counter	302
NumStability.Table41Distribution	NumStability.Analysis.StatisticalRounding	NumStability.Analysis.StatisticalRounding	canonical_in_place	inductive	public	-	-
NumStability.Table41Distribution.casesOn	NumStability.Analysis.StatisticalRounding	NumStability.Analysis.StatisticalRounding	canonical_in_place	definition	public	-	-
NumStability.Table41Distribution.ctorElim	NumStability.Analysis.StatisticalRounding	NumStability.Analysis.StatisticalRounding	canonical_in_place	definition	public	-	-
NumStability.Table41Distribution.ctorElimType	NumStability.Analysis.StatisticalRounding	NumStability.Analysis.StatisticalRounding	canonical_in_place	definition	public	-	-
NumStability.Table41Distribution.ctorIdx	NumStability.Analysis.StatisticalRounding	NumStability.Analysis.StatisticalRounding	canonical_in_place	definition	public	-	-
NumStability.Table41Distribution.exponential	NumStability.Analysis.StatisticalRounding	NumStability.Analysis.StatisticalRounding	canonical_in_place	constructor	public	-	-
NumStability.Table41Distribution.exponential.elim	NumStability.Analysis.StatisticalRounding	NumStability.Analysis.StatisticalRounding	canonical_in_place	definition	public	-	-
NumStability.Table41Distribution.exponential.sizeOf_spec	NumStability.Analysis.StatisticalRounding	NumStability.Analysis.StatisticalRounding	canonical_in_place	theorem	public	-	-
NumStability.Table41Distribution.noConfusion	NumStability.Analysis.StatisticalRounding	NumStability.Analysis.StatisticalRounding	canonical_in_place	definition	public	-	-
NumStability.Table41Distribution.noConfusionType	NumStability.Analysis.StatisticalRounding	NumStability.Analysis.StatisticalRounding	canonical_in_place	definition	public	-	-
NumStability.Table41Distribution.ofNat	NumStability.Analysis.StatisticalRounding	NumStability.Analysis.StatisticalRounding	canonical_in_place	definition	public	-	-
NumStability.Table41Distribution.ofNat_ctorIdx	NumStability.Analysis.StatisticalRounding	NumStability.Analysis.StatisticalRounding	canonical_in_place	theorem	public	-	-
NumStability.Table41Distribution.rec	NumStability.Analysis.StatisticalRounding	NumStability.Analysis.StatisticalRounding	canonical_in_place	recursor	public	-	-
NumStability.Table41Distribution.recOn	NumStability.Analysis.StatisticalRounding	NumStability.Analysis.StatisticalRounding	canonical_in_place	definition	public	-	-
NumStability.Table41Distribution.toCtorIdx	NumStability.Analysis.StatisticalRounding	NumStability.Analysis.StatisticalRounding	canonical_in_place	definition	public	-	-
NumStability.Table41Distribution.uniform	NumStability.Analysis.StatisticalRounding	NumStability.Analysis.StatisticalRounding	canonical_in_place	constructor	public	-	-
NumStability.Table41Distribution.uniform.elim	NumStability.Analysis.StatisticalRounding	NumStability.Analysis.StatisticalRounding	canonical_in_place	definition	public	-	-
NumStability.Table41Distribution.uniform.sizeOf_spec	NumStability.Analysis.StatisticalRounding	NumStability.Analysis.StatisticalRounding	canonical_in_place	theorem	public	-	-
NumStability.Table41Method	NumStability.Analysis.StatisticalRounding	NumStability.Analysis.StatisticalRounding	canonical_in_place	inductive	public	-	-
NumStability.Table41Method.casesOn	NumStability.Analysis.StatisticalRounding	NumStability.Analysis.StatisticalRounding	canonical_in_place	definition	public	-	-
NumStability.Table41Method.ctorElim	NumStability.Analysis.StatisticalRounding	NumStability.Analysis.StatisticalRounding	canonical_in_place	definition	public	-	-
NumStability.Table41Method.ctorElimType	NumStability.Analysis.StatisticalRounding	NumStability.Analysis.StatisticalRounding	canonical_in_place	definition	public	-	-
NumStability.Table41Method.ctorIdx	NumStability.Analysis.StatisticalRounding	NumStability.Analysis.StatisticalRounding	canonical_in_place	definition	public	-	-
NumStability.Table41Method.insertion	NumStability.Analysis.StatisticalRounding	NumStability.Analysis.StatisticalRounding	canonical_in_place	constructor	public	-	-
NumStability.Table41Method.insertion.elim	NumStability.Analysis.StatisticalRounding	NumStability.Analysis.StatisticalRounding	canonical_in_place	definition	public	-	-
NumStability.Table41Method.insertion.sizeOf_spec	NumStability.Analysis.StatisticalRounding	NumStability.Analysis.StatisticalRounding	canonical_in_place	theorem	public	-	-
NumStability.Table41Method.noConfusion	NumStability.Analysis.StatisticalRounding	NumStability.Analysis.StatisticalRounding	canonical_in_place	definition	public	-	-
NumStability.Table41Method.noConfusionType	NumStability.Analysis.StatisticalRounding	NumStability.Analysis.StatisticalRounding	canonical_in_place	definition	public	-	-
NumStability.Table41Method.ofNat	NumStability.Analysis.StatisticalRounding	NumStability.Analysis.StatisticalRounding	canonical_in_place	definition	public	-	-
NumStability.Table41Method.ofNat_ctorIdx	NumStability.Analysis.StatisticalRounding	NumStability.Analysis.StatisticalRounding	canonical_in_place	theorem	public	-	-
NumStability.Table41Method.pairwise	NumStability.Analysis.StatisticalRounding	NumStability.Analysis.StatisticalRounding	canonical_in_place	constructor	public	-	-
NumStability.Table41Method.pairwise.elim	NumStability.Analysis.StatisticalRounding	NumStability.Analysis.StatisticalRounding	canonical_in_place	definition	public	-	-
NumStability.Table41Method.pairwise.sizeOf_spec	NumStability.Analysis.StatisticalRounding	NumStability.Analysis.StatisticalRounding	canonical_in_place	theorem	public	-	-
NumStability.Table41Method.rec	NumStability.Analysis.StatisticalRounding	NumStability.Analysis.StatisticalRounding	canonical_in_place	recursor	public	-	-
NumStability.Table41Method.recOn	NumStability.Analysis.StatisticalRounding	NumStability.Analysis.StatisticalRounding	canonical_in_place	definition	public	-	-
NumStability.Table41Method.recursiveDecreasing	NumStability.Analysis.StatisticalRounding	NumStability.Analysis.StatisticalRounding	canonical_in_place	constructor	public	-	-
NumStability.Table41Method.recursiveDecreasing.elim	NumStability.Analysis.StatisticalRounding	NumStability.Analysis.StatisticalRounding	canonical_in_place	definition	public	-	-
NumStability.Table41Method.recursiveDecreasing.sizeOf_spec	NumStability.Analysis.StatisticalRounding	NumStability.Analysis.StatisticalRounding	canonical_in_place	theorem	public	-	-
NumStability.Table41Method.recursiveIncreasing	NumStability.Analysis.StatisticalRounding	NumStability.Analysis.StatisticalRounding	canonical_in_place	constructor	public	-	-
NumStability.Table41Method.recursiveIncreasing.elim	NumStability.Analysis.StatisticalRounding	NumStability.Analysis.StatisticalRounding	canonical_in_place	definition	public	-	-
NumStability.Table41Method.recursiveIncreasing.sizeOf_spec	NumStability.Analysis.StatisticalRounding	NumStability.Analysis.StatisticalRounding	canonical_in_place	theorem	public	-	-
NumStability.Table41Method.recursiveRandom	NumStability.Analysis.StatisticalRounding	NumStability.Analysis.StatisticalRounding	canonical_in_place	constructor	public	-	-
NumStability.Table41Method.recursiveRandom.elim	NumStability.Analysis.StatisticalRounding	NumStability.Analysis.StatisticalRounding	canonical_in_place	definition	public	-	-
NumStability.Table41Method.recursiveRandom.sizeOf_spec	NumStability.Analysis.StatisticalRounding	NumStability.Analysis.StatisticalRounding	canonical_in_place	theorem	public	-	-
NumStability.Table41Method.toCtorIdx	NumStability.Analysis.StatisticalRounding	NumStability.Analysis.StatisticalRounding	canonical_in_place	definition	public	-	-
NumStability.TridiagData	NumStability.Algorithms.LU.TridiagonalRecurrence	NumStability.Algorithms.LU.TridiagonalRecurrence	canonical_in_place	inductive	public	-	-
NumStability.TridiagData.a	NumStability.Algorithms.LU.TridiagonalRecurrence	NumStability.Algorithms.LU.TridiagonalRecurrence	canonical_in_place	definition	public	-	-
NumStability.TridiagData.c	NumStability.Algorithms.LU.TridiagonalRecurrence	NumStability.Algorithms.LU.TridiagonalRecurrence	canonical_in_place	definition	public	-	-
NumStability.TridiagData.casesOn	NumStability.Algorithms.LU.TridiagonalRecurrence	NumStability.Algorithms.LU.TridiagonalRecurrence	canonical_in_place	definition	public	-	-
NumStability.TridiagData.ctorIdx	NumStability.Algorithms.LU.TridiagonalRecurrence	NumStability.Algorithms.LU.TridiagonalRecurrence	canonical_in_place	definition	public	-	-
NumStability.TridiagData.d	NumStability.Algorithms.LU.TridiagonalRecurrence	NumStability.Algorithms.LU.TridiagonalRecurrence	canonical_in_place	definition	public	-	-
NumStability.TridiagData.mk	NumStability.Algorithms.LU.TridiagonalRecurrence	NumStability.Algorithms.LU.TridiagonalRecurrence	canonical_in_place	constructor	public	-	-
NumStability.TridiagData.mk.inj	NumStability.Algorithms.LU.TridiagonalRecurrence	NumStability.Algorithms.LU.TridiagonalRecurrence	canonical_in_place	theorem	public	-	-
NumStability.TridiagData.mk.injEq	NumStability.Algorithms.LU.TridiagonalRecurrence	NumStability.Algorithms.LU.TridiagonalRecurrence	canonical_in_place	theorem	public	-	-
NumStability.TridiagData.mk.noConfusion	NumStability.Algorithms.LU.TridiagonalRecurrence	NumStability.Algorithms.LU.TridiagonalRecurrence	canonical_in_place	definition	public	-	-
NumStability.TridiagData.mk.sizeOf_spec	NumStability.Algorithms.LU.TridiagonalRecurrence	NumStability.Algorithms.LU.TridiagonalRecurrence	canonical_in_place	theorem	public	-	-
NumStability.TridiagData.noConfusion	NumStability.Algorithms.LU.TridiagonalRecurrence	NumStability.Algorithms.LU.TridiagonalRecurrence	canonical_in_place	definition	public	-	-
NumStability.TridiagData.noConfusionType	NumStability.Algorithms.LU.TridiagonalRecurrence	NumStability.Algorithms.LU.TridiagonalRecurrence	canonical_in_place	definition	public	-	-
NumStability.TridiagData.rec	NumStability.Algorithms.LU.TridiagonalRecurrence	NumStability.Algorithms.LU.TridiagonalRecurrence	canonical_in_place	recursor	public	-	-
NumStability.TridiagData.recOn	NumStability.Algorithms.LU.TridiagonalRecurrence	NumStability.Algorithms.LU.TridiagonalRecurrence	canonical_in_place	definition	public	-	-
NumStability.TridiagExactLURecurrence	NumStability.Algorithms.LU.TridiagonalRecurrence	NumStability.Algorithms.LU.TridiagonalRecurrence	canonical_in_place	definition	public	-	-
NumStability.Xscaled_entry	NumStability.Analysis.SemiconvergentBlockFormExists	NumStability.Analysis.SemiconvergentBlockFormExists	canonical_in_place	theorem	public	-	-
NumStability.absError	NumStability.Analysis.Error	NumStability.Analysis.Error.Measures.ScalarDefinitions	move_candidate	definition	public	NumStability.absError	25
NumStability.absError_nonneg	NumStability.Analysis.Error	NumStability.Analysis.Error.Measures.ScalarProperties	move_candidate	theorem	public	NumStability.absError_nonneg	388
NumStability.absError_smul	NumStability.Analysis.Error	NumStability.Analysis.Error.Measures.ScalarWitnesses	move_candidate	theorem	public	NumStability.absError_smul	514
NumStability.absLU_product_nonneg	NumStability.Algorithms.LU.GaussianElimination	NumStability.Algorithms.LU.GaussianElimination	canonical_in_place	theorem	public	-	-
NumStability.abs_add_three_le	NumStability.Algorithms.IterativeRefinement	NumStability.Algorithms.LinearSystems.IterativeRefinement.Core	move_candidate	theorem	public	NumStability.abs_add_three_le	852
NumStability.abs_det_mul_cramer2x2CondVec_inverse_one	NumStability.Analysis.CramersRule	NumStability.Source.Higham.Chapter01.Problem09.CramersRule.ForwardError	move_candidate	theorem	public	NumStability.abs_det_mul_cramer2x2CondVec_inverse_one	594
NumStability.abs_det_mul_cramer2x2CondVec_inverse_zero	NumStability.Analysis.CramersRule	NumStability.Source.Higham.Chapter01.Problem09.CramersRule.ForwardError	move_candidate	theorem	public	NumStability.abs_det_mul_cramer2x2CondVec_inverse_zero	579
NumStability.abs_entry_le_infNorm	NumStability.Analysis.SemiconvergentLimitGeneral	NumStability.Analysis.SemiconvergentLimitGeneral	canonical_in_place	theorem	public	-	-
NumStability.abs_finiteHermitianEigenvalues_le_of_finiteOpNorm2Le	NumStability.Analysis.MatrixSpectral	NumStability.Analysis.MatrixSpectral	canonical_in_place	theorem	public	-	-
NumStability.abs_lt_one_of_pow_tendsto_of_ne_one	NumStability.Analysis.SemiconvergentBlockFormExists	NumStability.Analysis.SemiconvergentBlockFormExists	canonical_in_place	theorem	public	-	-
NumStability.abs_signedMagnitudeForPivot_le	NumStability.Algorithms.MatMul	NumStability.Algorithms.MatMul	canonical_in_place	theorem	public	-	-
NumStability.abs_sqrt_sub_sqrt_le_sqrt_abs_sub	NumStability.Analysis.Quadratic	NumStability.Analysis.Quadratic	canonical_in_place	theorem	public	-	-
NumStability.abs_subtract_perturbed_error_le	NumStability.Analysis.Error	NumStability.Source.Higham.Chapter01.Section07.Cancellation.Basic	move_candidate	theorem	public	NumStability.abs_subtract_perturbed_error_le	818
NumStability.abs_subtract_perturbed_error_le_eps	NumStability.Analysis.Error	NumStability.Source.Higham.Chapter01.Section07.Cancellation.Basic	move_candidate	theorem	public	NumStability.abs_subtract_perturbed_error_le_eps	828
NumStability.adaptEquiv	NumStability.Analysis.SemiconvergentExistenceComplete	NumStability.Analysis.SemiconvergentExistenceComplete	canonical_in_place	definition	public	-	-
NumStability.adaptEquiv_inl_val	NumStability.Analysis.SemiconvergentExistenceComplete	NumStability.Analysis.SemiconvergentExistenceComplete	canonical_in_place	theorem	public	-	-
NumStability.adaptEquiv_inr_val	NumStability.Analysis.SemiconvergentExistenceComplete	NumStability.Analysis.SemiconvergentExistenceComplete	canonical_in_place	theorem	public	-	-
NumStability.adaptedBasis	NumStability.Analysis.SemiconvergentExistenceComplete	NumStability.Analysis.SemiconvergentExistenceComplete	canonical_in_place	definition	public	-	-
NumStability.adaptedBasis_hEig	NumStability.Analysis.SemiconvergentExistenceComplete	NumStability.Analysis.SemiconvergentExistenceComplete	canonical_in_place	theorem	public	-	-
NumStability.adaptedBasis_hInv	NumStability.Analysis.SemiconvergentExistenceComplete	NumStability.Analysis.SemiconvergentExistenceComplete	canonical_in_place	theorem	public	-	-
NumStability.adaptedBasis_mem_E₁	NumStability.Analysis.SemiconvergentExistenceComplete	NumStability.Analysis.SemiconvergentExistenceComplete	canonical_in_place	theorem	public	-	-
NumStability.adaptedBasis_mem_F	NumStability.Analysis.SemiconvergentExistenceComplete	NumStability.Analysis.SemiconvergentExistenceComplete	canonical_in_place	theorem	public	-	-
NumStability.adaptedBasis_repr_lt_r_of_mem_F	NumStability.Analysis.SemiconvergentExistenceComplete	NumStability.Analysis.SemiconvergentExistenceComplete	canonical_in_place	theorem	public	-	-
NumStability.adaptedSumBasis	NumStability.Analysis.SemiconvergentExistenceComplete	NumStability.Analysis.SemiconvergentExistenceComplete	canonical_in_place	definition	public	-	-
NumStability.adaptedSumBasis_inl	NumStability.Analysis.SemiconvergentExistenceComplete	NumStability.Analysis.SemiconvergentExistenceComplete	canonical_in_place	theorem	public	-	-
NumStability.adaptedSumBasis_inr	NumStability.Analysis.SemiconvergentExistenceComplete	NumStability.Analysis.SemiconvergentExistenceComplete	canonical_in_place	theorem	public	-	-
NumStability.adaptedSumBasis_repr_inl_of_mem_F	NumStability.Analysis.SemiconvergentExistenceComplete	NumStability.Analysis.SemiconvergentExistenceComplete	canonical_in_place	theorem	public	-	-
NumStability.additiveErrorWitness	NumStability.Analysis.Error	NumStability.Analysis.Error.Measures.ScalarDefinitions	move_candidate	definition	public	NumStability.additiveErrorWitness	44
NumStability.additiveErrorWitness_of_signedRelErrorWitness	NumStability.Analysis.Error	NumStability.Analysis.FloatingPointArithmetic.ErrorModels.AdditiveProperties	move_candidate	theorem	public	NumStability.additiveErrorWitness_of_signedRelErrorWitness	573
NumStability.additiveErrorWitness_underflow_branch	NumStability.Analysis.Error	NumStability.Analysis.FloatingPointArithmetic.ErrorModels.AdditiveProperties	move_candidate	theorem	public	NumStability.additiveErrorWitness_underflow_branch	604
NumStability.additiveUnderflowModelWitness	NumStability.Analysis.Error	NumStability.Analysis.FloatingPointArithmetic.ErrorModels.Additive	move_candidate	definition	public	NumStability.additiveUnderflowModelWitness	55
NumStability.additiveUnderflowModelWitness_normal_branch	NumStability.Analysis.Error	NumStability.Analysis.FloatingPointArithmetic.ErrorModels.AdditiveProperties	move_candidate	theorem	public	NumStability.additiveUnderflowModelWitness_normal_branch	581
NumStability.additiveUnderflowModelWitness_underflow_branch_of_absError_le	NumStability.Analysis.Error	NumStability.Analysis.FloatingPointArithmetic.ErrorModels.AdditiveProperties	move_candidate	theorem	public	NumStability.additiveUnderflowModelWitness_underflow_branch_of_absError_le	612
NumStability.aitkenDenominatorA	NumStability.Algorithms.AitkenDenominator	NumStability.Algorithms.AitkenDenominator	canonical_in_place	definition	public	-	-
NumStability.aitkenDenominatorAMajorant	NumStability.Algorithms.AitkenDenominator	NumStability.Algorithms.AitkenDenominator	canonical_in_place	definition	public	-	-
NumStability.aitkenDenominatorAMajorant_add_const	NumStability.Algorithms.AitkenDenominator	NumStability.Algorithms.AitkenDenominator	canonical_in_place	theorem	public	-	-
NumStability.aitkenDenominatorA_eq_B	NumStability.Algorithms.AitkenDenominator	NumStability.Algorithms.AitkenDenominator	canonical_in_place	theorem	public	-	-
NumStability.aitkenDenominatorB	NumStability.Algorithms.AitkenDenominator	NumStability.Algorithms.AitkenDenominator	canonical_in_place	definition	public	-	-
NumStability.aitkenDenominatorBMajorant	NumStability.Algorithms.AitkenDenominator	NumStability.Algorithms.AitkenDenominator	canonical_in_place	definition	public	-	-
NumStability.aitkenDenominatorBMajorant_add_const	NumStability.Algorithms.AitkenDenominator	NumStability.Algorithms.AitkenDenominator	canonical_in_place	theorem	public	-	-
NumStability.aitkenDenominatorC	NumStability.Algorithms.AitkenDenominator	NumStability.Algorithms.AitkenDenominator	canonical_in_place	definition	public	-	-
NumStability.aitkenDenominatorCMajorant	NumStability.Algorithms.AitkenDenominator	NumStability.Algorithms.AitkenDenominator	canonical_in_place	definition	public	-	-
NumStability.aitkenDenominatorCMajorant_add_const	NumStability.Algorithms.AitkenDenominator	NumStability.Algorithms.AitkenDenominator	canonical_in_place	theorem	public	-	-
NumStability.aitkenDenominatorC_eq_B	NumStability.Algorithms.AitkenDenominator	NumStability.Algorithms.AitkenDenominator	canonical_in_place	theorem	public	-	-
NumStability.aitkenDenominator_recommended_route_b	NumStability.Algorithms.AitkenDenominator	NumStability.Algorithms.AitkenDenominator	canonical_in_place	theorem	public	-	-
NumStability.backSubAnyOrderRowTerms	NumStability.Algorithms.TriangularArbitraryOrder	NumStability.Source.Higham.Chapter08.Section03.TriangularSystems.ArbitraryOrder	move_candidate	definition	public	NumStability.backSubAnyOrderRowTerms	678
NumStability.backSub_anyOrder_row_error	NumStability.Algorithms.TriangularArbitraryOrder	NumStability.Source.Higham.Chapter08.Section03.TriangularSystems.ArbitraryOrder	move_candidate	theorem	public	NumStability.backSub_anyOrder_row_error	699
NumStability.backSub_backward_error_anyOrder	NumStability.Algorithms.TriangularArbitraryOrder	NumStability.Source.Higham.Chapter08.Section03.TriangularSystems.ArbitraryOrder	move_candidate	theorem	public	NumStability.backSub_backward_error_anyOrder	734
NumStability.backwardErrorBounded	NumStability.Analysis.Stability	NumStability.Analysis.Stability	canonical_in_place	definition	public	-	-
NumStability.backwardErrorBoundedVec	NumStability.Analysis.Stability	NumStability.Analysis.Stability	canonical_in_place	definition	public	-	-
NumStability.balancedTreeDotProduct_backward_error	NumStability.Algorithms.TreeDotProduct	NumStability.Algorithms.TreeDotProduct	canonical_in_place	theorem	public	-	-
NumStability.balancedTreeDotProduct_error_bound	NumStability.Algorithms.TreeDotProduct	NumStability.Algorithms.TreeDotProduct	canonical_in_place	theorem	public	-	-
NumStability.banded_growth_backward_error	NumStability.Algorithms.LU.GrowthFactor	NumStability.Algorithms.LU.GrowthFactor	canonical_in_place	theorem	public	-	-
NumStability.banded_growth_factor_solve_tight	NumStability.Algorithms.LU.GrowthFactor	NumStability.Algorithms.LU.GrowthFactor	canonical_in_place	theorem	public	-	-
NumStability.banded_lu_backward_error	NumStability.Algorithms.LU.Tridiagonal	NumStability.Algorithms.LU.Tridiagonal	canonical_in_place	theorem	public	-	-
NumStability.banded_lu_backward_error_correct	NumStability.Algorithms.LU.Tridiagonal	NumStability.Algorithms.LU.Tridiagonal	canonical_in_place	theorem	public	-	-
NumStability.banded_lu_solve_backward_stable	NumStability.Algorithms.LU.Tridiagonal	NumStability.Algorithms.LU.Tridiagonal	canonical_in_place	theorem	public	-	-
NumStability.banded_lu_solve_backward_stable_tight	NumStability.Algorithms.LU.Tridiagonal	NumStability.Algorithms.LU.Tridiagonal	canonical_in_place	theorem	public	-	-
NumStability.basisActionMatrix	NumStability.Analysis.SemiconvergentExistenceComplete	NumStability.Analysis.SemiconvergentExistenceComplete	canonical_in_place	definition	public	-	-
NumStability.basisActionMatrix_complement_eq_toMatrix_restrict	NumStability.Analysis.SemiconvergentRealSpectrumComplete	NumStability.Analysis.SemiconvergentRealSpectrumComplete	canonical_in_place	theorem	public	-	-
NumStability.basisColMatrix	NumStability.Analysis.SemiconvergentExistenceComplete	NumStability.Analysis.SemiconvergentExistenceComplete	canonical_in_place	definition	public	-	-
NumStability.basisColMatrix_colBot	NumStability.Analysis.SemiconvergentExistenceComplete	NumStability.Analysis.SemiconvergentExistenceComplete	canonical_in_place	theorem	public	-	-
NumStability.basisColMatrix_colTop	NumStability.Analysis.SemiconvergentExistenceComplete	NumStability.Analysis.SemiconvergentExistenceComplete	canonical_in_place	theorem	public	-	-
NumStability.basisColMatrix_isRightInverse	NumStability.Analysis.SemiconvergentExistenceComplete	NumStability.Analysis.SemiconvergentExistenceComplete	canonical_in_place	theorem	public	-	-
NumStability.basisRowMatrix	NumStability.Analysis.SemiconvergentExistenceComplete	NumStability.Analysis.SemiconvergentExistenceComplete	canonical_in_place	definition	public	-	-
NumStability.basisRowMatrix_isRightInverse	NumStability.Analysis.SemiconvergentExistenceComplete	NumStability.Analysis.SemiconvergentExistenceComplete	canonical_in_place	theorem	public	-	-
NumStability.basis_coord_expansion	NumStability.Analysis.SemiconvergentExistenceComplete	NumStability.Analysis.SemiconvergentExistenceComplete	canonical_in_place	theorem	public	-	-
NumStability.beneficialPowerCharDet_eq	NumStability.Analysis.BeneficialRounding	NumStability.Analysis.BeneficialRounding	canonical_in_place	theorem	public	-	-
NumStability.beneficialPowerCharDet_root_dominant	NumStability.Analysis.BeneficialRounding	NumStability.Analysis.BeneficialRounding	canonical_in_place	theorem	public	-	-
NumStability.beneficialPowerCharDet_root_small	NumStability.Analysis.BeneficialRounding	NumStability.Analysis.BeneficialRounding	canonical_in_place	theorem	public	-	-
NumStability.beneficialPowerCharDet_root_zero	NumStability.Analysis.BeneficialRounding	NumStability.Analysis.BeneficialRounding	canonical_in_place	theorem	public	-	-
NumStability.beneficialPowerCharMatrix	NumStability.Analysis.BeneficialRounding	NumStability.Analysis.BeneficialRounding	canonical_in_place	definition	public	-	-
NumStability.beneficialPowerEigenvalueDominant_display_accuracy	NumStability.Analysis.BeneficialRounding	NumStability.Analysis.BeneficialRounding	canonical_in_place	theorem	public	-	-
NumStability.beneficialPowerEigenvalueSmall_display_accuracy	NumStability.Analysis.BeneficialRounding	NumStability.Analysis.BeneficialRounding	canonical_in_place	theorem	public	-	-
NumStability.beneficialPowerFirstStep_perturbed_eq_delta	NumStability.Analysis.BeneficialRounding	NumStability.Analysis.BeneficialRounding	canonical_in_place	theorem	public	-	-
NumStability.beneficialPowerFirstStep_perturbed_eq_zero_iff_row_sums_zero	NumStability.Analysis.BeneficialRounding	NumStability.Analysis.BeneficialRounding	canonical_in_place	theorem	public	-	-
NumStability.beneficialPowerFirstStep_perturbed_nonzero_of_delta_row_sum_ne_zero	NumStability.Analysis.BeneficialRounding	NumStability.Analysis.BeneficialRounding	canonical_in_place	theorem	public	-	-
NumStability.beneficialPowerFirstStep_perturbed_vecNorm2_eq_zero_iff_row_sums_zero	NumStability.Analysis.BeneficialRounding	NumStability.Analysis.BeneficialRounding	canonical_in_place	theorem	public	-	-
NumStability.beneficialPowerFirstStep_perturbed_vecNorm2_ge_of_row_sum_abs_ge	NumStability.Analysis.BeneficialRounding	NumStability.Analysis.BeneficialRounding	canonical_in_place	theorem	public	-	-
NumStability.beneficialPowerFirstStep_perturbed_vecNorm2_le_of_entry_abs_le	NumStability.Analysis.BeneficialRounding	NumStability.Analysis.BeneficialRounding	canonical_in_place	theorem	public	-	-
NumStability.beneficialPowerFirstStep_perturbed_vecNorm2_le_of_row_sum_abs_le	NumStability.Analysis.BeneficialRounding	NumStability.Analysis.BeneficialRounding	canonical_in_place	theorem	public	-	-
NumStability.beneficialPowerFirstStep_perturbed_vecNorm2_pos_of_delta_row_sum_ne_zero	NumStability.Analysis.BeneficialRounding	NumStability.Analysis.BeneficialRounding	canonical_in_place	theorem	public	-	-
NumStability.beneficialPowerFirstStep_zero	NumStability.Analysis.BeneficialRounding	NumStability.Analysis.BeneficialRounding	canonical_in_place	theorem	public	-	-
NumStability.beneficialPowerMatrix	NumStability.Analysis.BeneficialRounding	NumStability.Analysis.BeneficialRounding	canonical_in_place	definition	public	-	-
NumStability.beneficialPowerMatrixIeeeDoubleRounded	NumStability.Analysis.BeneficialRounding	NumStability.Analysis.BeneficialRounding	canonical_in_place	definition	public	-	-
NumStability.beneficialPowerMatrixIeeeDoubleRoundedCharDet_117_100_pos	NumStability.Analysis.BeneficialRounding	NumStability.Analysis.BeneficialRounding	canonical_in_place	theorem	public	-	-
NumStability.beneficialPowerMatrixIeeeDoubleRoundedCharDet_11_25_lt_zero	NumStability.Analysis.BeneficialRounding	NumStability.Analysis.BeneficialRounding	canonical_in_place	theorem	public	-	-
NumStability.beneficialPowerMatrixIeeeDoubleRoundedCharDet_29_25_lt_zero	NumStability.Analysis.BeneficialRounding	NumStability.Analysis.BeneficialRounding	canonical_in_place	theorem	public	-	-
NumStability.beneficialPowerMatrixIeeeDoubleRoundedCharDet_439_1000_pos	NumStability.Analysis.BeneficialRounding	NumStability.Analysis.BeneficialRounding	canonical_in_place	theorem	public	-	-
NumStability.beneficialPowerMatrixIeeeDoubleRoundedCharDet_continuous	NumStability.Analysis.BeneficialRounding	NumStability.Analysis.BeneficialRounding	canonical_in_place	theorem	public	-	-
NumStability.beneficialPowerMatrixIeeeDoubleRoundedCharDet_eq	NumStability.Analysis.BeneficialRounding	NumStability.Analysis.BeneficialRounding	canonical_in_place	theorem	public	-	-
NumStability.beneficialPowerMatrixIeeeDoubleRoundedCharDet_eq_poly	NumStability.Analysis.BeneficialRounding	NumStability.Analysis.BeneficialRounding	canonical_in_place	theorem	public	-	-
NumStability.beneficialPowerMatrixIeeeDoubleRoundedCharDet_existsUnique_root_29_25_117_100	NumStability.Analysis.BeneficialRounding	NumStability.Analysis.BeneficialRounding	canonical_in_place	theorem	public	-	-
NumStability.beneficialPowerMatrixIeeeDoubleRoundedCharDet_existsUnique_root_439_1000_11_25	NumStability.Analysis.BeneficialRounding	NumStability.Analysis.BeneficialRounding	canonical_in_place	theorem	public	-	-
NumStability.beneficialPowerMatrixIeeeDoubleRoundedCharDet_existsUnique_root_neg_one_e14_zero	NumStability.Analysis.BeneficialRounding	NumStability.Analysis.BeneficialRounding	canonical_in_place	theorem	public	-	-
NumStability.beneficialPowerMatrixIeeeDoubleRoundedCharDet_exists_root_29_25_117_100	NumStability.Analysis.BeneficialRounding	NumStability.Analysis.BeneficialRounding	canonical_in_place	theorem	public	-	-
NumStability.beneficialPowerMatrixIeeeDoubleRoundedCharDet_exists_root_439_1000_11_25	NumStability.Analysis.BeneficialRounding	NumStability.Analysis.BeneficialRounding	canonical_in_place	theorem	public	-	-
NumStability.beneficialPowerMatrixIeeeDoubleRoundedCharDet_exists_root_neg_one_e14_zero	NumStability.Analysis.BeneficialRounding	NumStability.Analysis.BeneficialRounding	canonical_in_place	theorem	public	-	-
NumStability.beneficialPowerMatrixIeeeDoubleRoundedCharDet_exists_root_neg_one_e17_zero	NumStability.Analysis.BeneficialRounding	NumStability.Analysis.BeneficialRounding	canonical_in_place	theorem	public	-	-
NumStability.beneficialPowerMatrixIeeeDoubleRoundedCharDet_exists_three_bracketed_distinct_roots_eigenbasis_coefficients_tail_ratio_le_half	NumStability.Analysis.BeneficialRounding	NumStability.Analysis.BeneficialRounding	canonical_in_place	theorem	public	-	-
NumStability.beneficialPowerMatrixIeeeDoubleRoundedCharDet_exists_three_bracketed_distinct_roots_eigenbasis_rightInverse_tail_ratio_le_half	NumStability.Analysis.BeneficialRounding	NumStability.Analysis.BeneficialRounding	canonical_in_place	theorem	public	-	-
NumStability.beneficialPowerMatrixIeeeDoubleRoundedCharDet_exists_three_bracketed_distinct_roots_eigenpairs_tail_ratio_le_half	NumStability.Analysis.BeneficialRounding	NumStability.Analysis.BeneficialRounding	canonical_in_place	theorem	public	-	-
NumStability.beneficialPowerMatrixIeeeDoubleRoundedCharDet_exists_three_bracketed_roots_eigenpairs_tail_ratio_le_half	NumStability.Analysis.BeneficialRounding	NumStability.Analysis.BeneficialRounding	canonical_in_place	theorem	public	-	-
NumStability.beneficialPowerMatrixIeeeDoubleRoundedCharDet_exists_three_bracketed_roots_tail_ratio_le_half	NumStability.Analysis.BeneficialRounding	NumStability.Analysis.BeneficialRounding	canonical_in_place	theorem	public	-	-
NumStability.beneficialPowerMatrixIeeeDoubleRoundedCharDet_neg_one_e14_lt_zero	NumStability.Analysis.BeneficialRounding	NumStability.Analysis.BeneficialRounding	canonical_in_place	theorem	public	-	-
NumStability.beneficialPowerMatrixIeeeDoubleRoundedCharDet_neg_one_e17_lt_zero	NumStability.Analysis.BeneficialRounding	NumStability.Analysis.BeneficialRounding	canonical_in_place	theorem	public	-	-
NumStability.beneficialPowerMatrixIeeeDoubleRoundedCharDet_zero_ne	NumStability.Analysis.BeneficialRounding	NumStability.Analysis.BeneficialRounding	canonical_in_place	theorem	public	-	-
NumStability.beneficialPowerMatrixIeeeDoubleRoundedCharDet_zero_pos	NumStability.Analysis.BeneficialRounding	NumStability.Analysis.BeneficialRounding	canonical_in_place	theorem	public	-	-
NumStability.beneficialPowerMatrixIeeeDoubleRoundedCharEigenvectorMatrix	NumStability.Analysis.BeneficialRounding	NumStability.Analysis.BeneficialRounding	canonical_in_place	definition	public	-	-
NumStability.beneficialPowerMatrixIeeeDoubleRoundedCharEigenvectorMatrix_det_ne_zero_of_bracketed_roots	NumStability.Analysis.BeneficialRounding	NumStability.Analysis.BeneficialRounding	canonical_in_place	theorem	public	-	-
NumStability.beneficialPowerMatrixIeeeDoubleRoundedCharEigenvectorMatrix_det_ne_zero_of_distinct_eigenpairs	NumStability.Analysis.BeneficialRounding	NumStability.Analysis.BeneficialRounding	canonical_in_place	theorem	public	-	-
NumStability.beneficialPowerMatrixIeeeDoubleRoundedCharEigenvectorMatrix_isRightInverse_of_bracketed_roots	NumStability.Analysis.BeneficialRounding	NumStability.Analysis.BeneficialRounding	canonical_in_place	theorem	public	-	-
NumStability.beneficialPowerMatrixIeeeDoubleRoundedCharKernelVector	NumStability.Analysis.BeneficialRounding	NumStability.Analysis.BeneficialRounding	canonical_in_place	definition	public	-	-
NumStability.beneficialPowerMatrixIeeeDoubleRoundedCharKernelVector_first_component_pos_of_gt_neg_half	NumStability.Analysis.BeneficialRounding	NumStability.Analysis.BeneficialRounding	canonical_in_place	theorem	public	-	-
NumStability.beneficialPowerMatrixIeeeDoubleRoundedCharKernelVector_mulVec_eq_zero	NumStability.Analysis.BeneficialRounding	NumStability.Analysis.BeneficialRounding	canonical_in_place	theorem	public	-	-
NumStability.beneficialPowerMatrixIeeeDoubleRoundedCharKernelVector_nonzero_of_gt_neg_half	NumStability.Analysis.BeneficialRounding	NumStability.Analysis.BeneficialRounding	canonical_in_place	theorem	public	-	-
NumStability.beneficialPowerMatrixIeeeDoubleRoundedCharMatrix	NumStability.Analysis.BeneficialRounding	NumStability.Analysis.BeneficialRounding	canonical_in_place	definition	public	-	-
NumStability.beneficialPowerMatrixIeeeDoubleRoundedCharMatrix_kernel_isRightEigenpair	NumStability.Analysis.BeneficialRounding	NumStability.Analysis.BeneficialRounding	canonical_in_place	theorem	public	-	-
NumStability.beneficialPowerMatrixIeeeDoubleRoundedCharPoly	NumStability.Analysis.BeneficialRounding	NumStability.Analysis.BeneficialRounding	canonical_in_place	definition	public	-	-
NumStability.beneficialPowerMatrixIeeeDoubleRoundedCharPoly_hasDerivAt	NumStability.Analysis.BeneficialRounding	NumStability.Analysis.BeneficialRounding	canonical_in_place	theorem	public	-	-
NumStability.beneficialPowerMatrixIeeeDoubleRoundedCharPoly_strictAntiOn_439_1000_11_25	NumStability.Analysis.BeneficialRounding	NumStability.Analysis.BeneficialRounding	canonical_in_place	theorem	public	-	-
NumStability.beneficialPowerMatrixIeeeDoubleRoundedCharPoly_strictMonoOn_29_25_117_100	NumStability.Analysis.BeneficialRounding	NumStability.Analysis.BeneficialRounding	canonical_in_place	theorem	public	-	-
NumStability.beneficialPowerMatrixIeeeDoubleRoundedCharPoly_strictMonoOn_neg_one_e14_zero	NumStability.Analysis.BeneficialRounding	NumStability.Analysis.BeneficialRounding	canonical_in_place	theorem	public	-	-
NumStability.beneficialPowerMatrixIeeeDoubleRoundedCharRoot_dominant_isRightEigenpair_of_mem	NumStability.Analysis.BeneficialRounding	NumStability.Analysis.BeneficialRounding	canonical_in_place	theorem	public	-	-
NumStability.beneficialPowerMatrixIeeeDoubleRoundedCharRoot_dominant_ne_zero_of_mem	NumStability.Analysis.BeneficialRounding	NumStability.Analysis.BeneficialRounding	canonical_in_place	theorem	public	-	-
NumStability.beneficialPowerMatrixIeeeDoubleRoundedCharRoot_dominant_pos_of_mem	NumStability.Analysis.BeneficialRounding	NumStability.Analysis.BeneficialRounding	canonical_in_place	theorem	public	-	-
NumStability.beneficialPowerMatrixIeeeDoubleRoundedCharRoot_isRightEigenpair_of_gt_neg_half	NumStability.Analysis.BeneficialRounding	NumStability.Analysis.BeneficialRounding	canonical_in_place	theorem	public	-	-
NumStability.beneficialPowerMatrixIeeeDoubleRoundedCharRoot_mid_abs_div_dominant_le_half	NumStability.Analysis.BeneficialRounding	NumStability.Analysis.BeneficialRounding	canonical_in_place	theorem	public	-	-
NumStability.beneficialPowerMatrixIeeeDoubleRoundedCharRoot_mid_isRightEigenpair_of_mem	NumStability.Analysis.BeneficialRounding	NumStability.Analysis.BeneficialRounding	canonical_in_place	theorem	public	-	-
NumStability.beneficialPowerMatrixIeeeDoubleRoundedCharRoot_small_abs_div_dominant_le_half	NumStability.Analysis.BeneficialRounding	NumStability.Analysis.BeneficialRounding	canonical_in_place	theorem	public	-	-
NumStability.beneficialPowerMatrixIeeeDoubleRoundedCharRoot_small_isRightEigenpair_of_mem	NumStability.Analysis.BeneficialRounding	NumStability.Analysis.BeneficialRounding	canonical_in_place	theorem	public	-	-
NumStability.beneficialPowerMatrixIeeeDoubleRoundedCharRoot_three_brackets_pairwise_ne	NumStability.Analysis.BeneficialRounding	NumStability.Analysis.BeneficialRounding	canonical_in_place	theorem	public	-	-
NumStability.beneficialPowerMatrixIeeeDoubleRoundedCharRoot_two_tail_spectral_ratio_le_half	NumStability.Analysis.BeneficialRounding	NumStability.Analysis.BeneficialRounding	canonical_in_place	theorem	public	-	-
NumStability.beneficialPowerMatrixIeeeDoubleRoundedCharStartReplacement_det_eq	NumStability.Analysis.BeneficialRounding	NumStability.Analysis.BeneficialRounding	canonical_in_place	theorem	public	-	-
NumStability.beneficialPowerMatrixIeeeDoubleRoundedCharStartReplacement_det_lt_zero_of_tight_small_mid	NumStability.Analysis.BeneficialRounding	NumStability.Analysis.BeneficialRounding	canonical_in_place	theorem	public	-	-
NumStability.beneficialPowerMatrixIeeeDoubleRoundedExplicit	NumStability.Analysis.BeneficialRounding	NumStability.Analysis.BeneficialRounding	canonical_in_place	definition	public	-	-
NumStability.beneficialPowerMatrixIeeeDoubleRoundedFirstStep	NumStability.Analysis.BeneficialRounding	NumStability.Analysis.BeneficialRounding	canonical_in_place	definition	public	-	-
NumStability.beneficialPowerMatrixIeeeDoubleRoundedFirstStepLeftToRight	NumStability.Analysis.BeneficialRounding	NumStability.Analysis.BeneficialRounding	canonical_in_place	definition	public	-	-
NumStability.beneficialPowerMatrixIeeeDoubleRoundedFirstStepLeftToRight_ne_firstStep	NumStability.Analysis.BeneficialRounding	NumStability.Analysis.BeneficialRounding	canonical_in_place	theorem	public	-	-
NumStability.beneficialPowerMatrixIeeeDoubleRoundedFirstStepLeftToRight_two_component_eq_zero	NumStability.Analysis.BeneficialRounding	NumStability.Analysis.BeneficialRounding	canonical_in_place	theorem	public	-	-
NumStability.beneficialPowerMatrixIeeeDoubleRoundedFirstStepRightToLeft	NumStability.Analysis.BeneficialRounding	NumStability.Analysis.BeneficialRounding	canonical_in_place	definition	public	-	-
NumStability.beneficialPowerMatrixIeeeDoubleRoundedFirstStepRightToLeft_eq_firstStep	NumStability.Analysis.BeneficialRounding	NumStability.Analysis.BeneficialRounding	canonical_in_place	theorem	public	-	-
NumStability.beneficialPowerMatrixIeeeDoubleRoundedFirstStepRightToLeft_one_component_eq	NumStability.Analysis.BeneficialRounding	NumStability.Analysis.BeneficialRounding	canonical_in_place	theorem	public	-	-
NumStability.beneficialPowerMatrixIeeeDoubleRoundedFirstStepRightToLeft_two_component_eq	NumStability.Analysis.BeneficialRounding	NumStability.Analysis.BeneficialRounding	canonical_in_place	theorem	public	-	-
NumStability.beneficialPowerMatrixIeeeDoubleRoundedFirstStepRightToLeft_zero_component_eq	NumStability.Analysis.BeneficialRounding	NumStability.Analysis.BeneficialRounding	canonical_in_place	theorem	public	-	-
NumStability.beneficialPowerMatrixIeeeDoubleRounded_det_ne_zero	NumStability.Analysis.BeneficialRounding	NumStability.Analysis.BeneficialRounding	canonical_in_place	theorem	public	-	-
NumStability.beneficialPowerMatrixIeeeDoubleRounded_entrywise_abs_error_le_two_pow_neg53	NumStability.Analysis.BeneficialRounding	NumStability.Analysis.BeneficialRounding	canonical_in_place	theorem	public	-	-
NumStability.beneficialPowerMatrixIeeeDoubleRounded_eq_explicit	NumStability.Analysis.BeneficialRounding	NumStability.Analysis.BeneficialRounding	canonical_in_place	theorem	public	-	-
NumStability.beneficialPowerMatrixIeeeDoubleRounded_firstStep_abs_between_one_e17_one_e16	NumStability.Analysis.BeneficialRounding	NumStability.Analysis.BeneficialRounding	canonical_in_place	theorem	public	-	-
NumStability.beneficialPowerMatrixIeeeDoubleRounded_firstStep_eq	NumStability.Analysis.BeneficialRounding	NumStability.Analysis.BeneficialRounding	canonical_in_place	theorem	public	-	-
NumStability.beneficialPowerMatrixIeeeDoubleRounded_firstStep_one_component_eq	NumStability.Analysis.BeneficialRounding	NumStability.Analysis.BeneficialRounding	canonical_in_place	theorem	public	-	-
NumStability.beneficialPowerMatrixIeeeDoubleRounded_firstStep_two_component_eq	NumStability.Analysis.BeneficialRounding	NumStability.Analysis.BeneficialRounding	canonical_in_place	theorem	public	-	-
NumStability.beneficialPowerMatrixIeeeDoubleRounded_firstStep_vecNorm2_ge_two_pow_neg54	NumStability.Analysis.BeneficialRounding	NumStability.Analysis.BeneficialRounding	canonical_in_place	theorem	public	-	-
NumStability.beneficialPowerMatrixIeeeDoubleRounded_firstStep_vecNorm2_le_sqrt_three_mul_three_two_pow_neg53	NumStability.Analysis.BeneficialRounding	NumStability.Analysis.BeneficialRounding	canonical_in_place	theorem	public	-	-
NumStability.beneficialPowerMatrixIeeeDoubleRounded_firstStep_vecNorm2_pos	NumStability.Analysis.BeneficialRounding	NumStability.Analysis.BeneficialRounding	canonical_in_place	theorem	public	-	-
NumStability.beneficialPowerMatrixIeeeDoubleRounded_firstStep_zero_component_eq	NumStability.Analysis.BeneficialRounding	NumStability.Analysis.BeneficialRounding	canonical_in_place	theorem	public	-	-
NumStability.beneficialPowerMatrixIeeeDoubleRounded_row_one_sum_eq	NumStability.Analysis.BeneficialRounding	NumStability.Analysis.BeneficialRounding	canonical_in_place	theorem	public	-	-
NumStability.beneficialPowerMatrixIeeeDoubleRounded_row_two_sum_eq	NumStability.Analysis.BeneficialRounding	NumStability.Analysis.BeneficialRounding	canonical_in_place	theorem	public	-	-
NumStability.beneficialPowerMatrixIeeeDoubleRounded_row_zero_sum_eq	NumStability.Analysis.BeneficialRounding	NumStability.Analysis.BeneficialRounding	canonical_in_place	theorem	public	-	-
NumStability.beneficialPowerMatrix_entry_zero_two_eq_one_fifth	NumStability.Analysis.BeneficialRounding	NumStability.Analysis.BeneficialRounding	canonical_in_place	theorem	public	-	-
NumStability.beneficialPowerMatrix_entry_zero_two_not_binaryTerminating	NumStability.Analysis.BeneficialRounding	NumStability.Analysis.BeneficialRounding	canonical_in_place	theorem	public	-	-
NumStability.beneficialPowerMatrix_entry_zero_two_not_ieeeDoubleFiniteSystem	NumStability.Analysis.BeneficialRounding	NumStability.Analysis.BeneficialRounding	canonical_in_place	theorem	public	-	-
NumStability.beneficialPowerMatrix_not_matrixEntriesBinaryTerminating	NumStability.Analysis.BeneficialRounding	NumStability.Analysis.BeneficialRounding	canonical_in_place	theorem	public	-	-
NumStability.beneficialPowerMatrix_not_matrixEntriesIeeeDoubleFiniteSystem	NumStability.Analysis.BeneficialRounding	NumStability.Analysis.BeneficialRounding	canonical_in_place	theorem	public	-	-
NumStability.beneficialPowerMatrix_row_sum_zero	NumStability.Analysis.BeneficialRounding	NumStability.Analysis.BeneficialRounding	canonical_in_place	theorem	public	-	-
NumStability.beneficialPowerShiftedMatrix_mul_start	NumStability.Analysis.BeneficialRounding	NumStability.Analysis.BeneficialRounding	canonical_in_place	theorem	public	-	-
NumStability.beneficialPowerStart	NumStability.Analysis.BeneficialRounding	NumStability.Analysis.BeneficialRounding	canonical_in_place	definition	public	-	-
NumStability.beneficialPowerStart_isRightEigenpair_zero	NumStability.Analysis.BeneficialRounding	NumStability.Analysis.BeneficialRounding	canonical_in_place	theorem	public	-	-
NumStability.beneficialPowerStoredStartDominantComponentCert	NumStability.Analysis.BeneficialRounding	NumStability.Analysis.BeneficialRounding	canonical_in_place	definition	public	-	-
NumStability.beneficialPowerStoredStartDominantComponentCert_q_eq	NumStability.Analysis.BeneficialRounding	NumStability.Analysis.BeneficialRounding	canonical_in_place	theorem	public	-	-
NumStability.beneficialPowerStoredStart_dominant_component_certificate_scaled_residual_tendsto_zero	NumStability.Analysis.BeneficialRounding	NumStability.Analysis.BeneficialRounding	canonical_in_place	theorem	public	-	-
NumStability.beneficialPowerStoredStart_exists_dominant_component_certificate	NumStability.Analysis.BeneficialRounding	NumStability.Analysis.BeneficialRounding	canonical_in_place	theorem	public	-	-
NumStability.beneficialPowerStoredStart_scaled_residual_tendsto_zero	NumStability.Analysis.BeneficialRounding	NumStability.Analysis.BeneficialRounding	canonical_in_place	theorem	public	-	-
NumStability.beneficialPower_inverseIteration_near_parallel_error_eigenResidual_eq	NumStability.Analysis.BeneficialRounding	NumStability.Analysis.BeneficialRounding	canonical_in_place	theorem	public	-	-
NumStability.beneficialPower_inverseIteration_near_parallel_error_eigenResidual_norm_le	NumStability.Analysis.BeneficialRounding	NumStability.Analysis.BeneficialRounding	canonical_in_place	theorem	public	-	-
NumStability.beneficialPower_inverseIteration_near_parallel_error_eigenResidual_norm_le_of_componentwise_common_scalar	NumStability.Analysis.BeneficialRounding	NumStability.Analysis.BeneficialRounding	canonical_in_place	theorem	public	-	-
NumStability.beneficialPower_inverseIteration_near_parallel_error_eigenResidual_norm_le_of_residual_norm_le	NumStability.Analysis.BeneficialRounding	NumStability.Analysis.BeneficialRounding	canonical_in_place	theorem	public	-	-
NumStability.beneficialPower_inverseIteration_shiftedSystem_solution_start	NumStability.Analysis.BeneficialRounding	NumStability.Analysis.BeneficialRounding	canonical_in_place	theorem	public	-	-
NumStability.beneficialPower_shiftedInverse_mul_start_of_leftInverse	NumStability.Analysis.BeneficialRounding	NumStability.Analysis.BeneficialRounding	canonical_in_place	theorem	public	-	-
NumStability.bidiag_abs_inv_eq_compMatrix_inv	NumStability.Algorithms.LU.TridiagonalCond	NumStability.Algorithms.LU.TridiagonalCond	canonical_in_place	theorem	public	-	-
NumStability.blockDotProduct_backward_error	NumStability.Algorithms.BlockDotProduct	NumStability.Algorithms.BlockDotProduct	canonical_in_place	theorem	public	-	-
NumStability.blockDotProduct_error_bound	NumStability.Algorithms.BlockDotProduct	NumStability.Algorithms.BlockDotProduct	canonical_in_place	theorem	public	-	-
NumStability.blockDotProduct_real_index_at_sqrt	NumStability.Algorithms.BlockDotProduct	NumStability.Algorithms.BlockDotProduct	canonical_in_place	theorem	public	-	-
NumStability.blockDotProduct_real_index_decomposition	NumStability.Algorithms.BlockDotProduct	NumStability.Algorithms.BlockDotProduct	canonical_in_place	theorem	public	-	-
NumStability.blockDotProduct_real_index_ge_optimum	NumStability.Algorithms.BlockDotProduct	NumStability.Algorithms.BlockDotProduct	canonical_in_place	theorem	public	-	-
NumStability.blockJ_eq_topProjector_add_compBlock	NumStability.Analysis.SemiconvergentLimitGeneral	NumStability.Analysis.SemiconvergentLimitGeneral	canonical_in_place	theorem	public	-	-
NumStability.bound_Ax0_from_eq_11_15	NumStability.Algorithms.IterativeRefinement	NumStability.Source.Higham.Chapter12.IterativeRefinement.LegacyChapter11Surface	move_candidate	theorem	public	NumStability.bound_Ax0_from_eq_11_15	1397
NumStability.brentRmsRatioFormula_hiddenBinary_le_explicit	NumStability.Analysis.BrentBaseOptimality	NumStability.Analysis.BrentBaseOptimality	canonical_in_place	theorem	public	-	-
NumStability.brentRmsRatioSquaredFormula	NumStability.Analysis.BrentBaseOptimality	NumStability.Analysis.BrentBaseOptimality	canonical_in_place	definition	public	-	-
NumStability.brentRmsRatioSquaredFormula_hiddenBinary_le_explicit	NumStability.Analysis.BrentBaseOptimality	NumStability.Analysis.BrentBaseOptimality	canonical_in_place	theorem	public	-	-
NumStability.brentWorstCaseRatioFormula	NumStability.Analysis.BrentBaseOptimality	NumStability.Analysis.BrentBaseOptimality	canonical_in_place	definition	public	-	-
NumStability.brentWorstCaseRatioFormula_hiddenBinary_le_explicit	NumStability.Analysis.BrentBaseOptimality	NumStability.Analysis.BrentBaseOptimality	canonical_in_place	theorem	public	-	-
NumStability.brent_natCast_le_two_pow	NumStability.Analysis.BrentBaseOptimality	NumStability.Analysis.BrentBaseOptimality	canonical_in_place	theorem	public	-	-
NumStability.brent_three_cube_le_four_mul_four_pow_sub_one	NumStability.Analysis.BrentBaseOptimality	NumStability.Analysis.BrentBaseOptimality	canonical_in_place	theorem	public	-	-
NumStability.ch7AbsMatrixAbsVecOneNorm	NumStability.Analysis.HighamChapter7	NumStability.Source.Higham.Chapter07.LinearSystemsConditioning.Problem06Columnwise	move_candidate	definition	public	NumStability.ch7AbsMatrixAbsVecOneNorm	1809
NumStability.ch7AbsMatrixAbsVecOneNorm_nonneg	NumStability.Analysis.HighamChapter7	NumStability.Source.Higham.Chapter07.LinearSystemsConditioning.Problem06Columnwise	move_candidate	theorem	public	NumStability.ch7AbsMatrixAbsVecOneNorm_nonneg	1821
NumStability.ch7AbsSign	NumStability.Analysis.HighamChapter7	NumStability.Source.Higham.Chapter07.LinearSystemsConditioning.Problem09Linearized	move_candidate	definition	public	NumStability.ch7AbsSign	2042
NumStability.ch7AbsSign_mul_eq_abs	NumStability.Analysis.HighamChapter7	NumStability.Source.Higham.Chapter07.LinearSystemsConditioning.Problem09Linearized	move_candidate	theorem	public	NumStability.ch7AbsSign_mul_eq_abs	2045
NumStability.ch7AmplifiedRhsEF	NumStability.Analysis.HighamChapter7	NumStability.Source.Higham.Chapter07.LinearSystemsConditioning.ForwardErrorKernels	move_candidate	definition	public	NumStability.ch7AmplifiedRhsEF	33
NumStability.ch7AmplifiedRhsEF_nonneg	NumStability.Analysis.HighamChapter7	NumStability.Source.Higham.Chapter07.LinearSystemsConditioning.ForwardErrorKernels	move_candidate	theorem	public	NumStability.ch7AmplifiedRhsEF_nonneg	53
NumStability.ch7AmplifiedRhsEF_zero_le_const	NumStability.Analysis.HighamChapter7	NumStability.Source.Higham.Chapter07.LinearSystemsConditioning.ConditionNumbers	move_candidate	theorem	public	NumStability.ch7AmplifiedRhsEF_zero_le_const	871
NumStability.ch7CholeskyInverseGram	NumStability.Analysis.HighamChapter7	NumStability.Source.Higham.Chapter07.LinearSystemsConditioning.Problem10Bauer.Part01	move_candidate	definition	public	NumStability.ch7CholeskyInverseGram	16034
NumStability.ch7ColumnEquilibratingScale1	NumStability.Analysis.HighamChapter7	NumStability.Source.Higham.Chapter07.LinearSystemsConditioning.Theorem05.Part01	move_candidate	definition	public	NumStability.ch7ColumnEquilibratingScale1	8380
NumStability.ch7ColumnEquilibratingScale2	NumStability.Analysis.HighamChapter7	NumStability.Source.Higham.Chapter07.LinearSystemsConditioning.Theorem05.Part01	move_candidate	definition	public	NumStability.ch7ColumnEquilibratingScale2	7803
NumStability.ch7ColumnEquilibratingScaleLpOfReal	NumStability.Analysis.HighamChapter7	NumStability.Source.Higham.Chapter07.LinearSystemsConditioning.Theorem05.Part01	move_candidate	definition	public	NumStability.ch7ColumnEquilibratingScaleLpOfReal	7808
NumStability.ch7ColumnNorm2	NumStability.Analysis.HighamChapter7	NumStability.Source.Higham.Chapter07.LinearSystemsConditioning.Theorem07FrobeniusScaling	move_candidate	definition	public	NumStability.ch7ColumnNorm2	15672
NumStability.ch7ColumnNorm2_nonneg	NumStability.Analysis.HighamChapter7	NumStability.Source.Higham.Chapter07.LinearSystemsConditioning.Theorem07FrobeniusScaling	move_candidate	theorem	public	NumStability.ch7ColumnNorm2_nonneg	15706
NumStability.ch7ColumnNorm2_pos_of_left_inverse	NumStability.Analysis.HighamChapter7	NumStability.Source.Higham.Chapter07.LinearSystemsConditioning.Theorem07FrobeniusScaling	move_candidate	theorem	public	NumStability.ch7ColumnNorm2_pos_of_left_inverse	15716
NumStability.ch7ColumnwiseDataCondAtSolutionInf	NumStability.Analysis.HighamChapter7	NumStability.Source.Higham.Chapter07.LinearSystemsConditioning.Problem06Columnwise	move_candidate	definition	public	NumStability.ch7ColumnwiseDataCondAtSolutionInf	1814
NumStability.ch7ColumnwiseRelativeToleranceMatrix	NumStability.Analysis.HighamChapter7	NumStability.Source.Higham.Chapter07.LinearSystemsConditioning.Problem06Columnwise	move_candidate	definition	public	NumStability.ch7ColumnwiseRelativeToleranceMatrix	1803
NumStability.ch7ComplexEigenvalueModulusSet	NumStability.Analysis.HighamChapter7	NumStability.Analysis.Conditioning.LinearSystems.PerronFrobenius	move_candidate	definition	public	NumStability.ch7ComplexEigenvalueModulusSet	16494
NumStability.ch7ComponentwiseDataAmplifiedRhs_le_two_mul_skeelAmplifiedRhs	NumStability.Analysis.HighamChapter7	NumStability.Source.Higham.Chapter07.LinearSystemsConditioning.ConditionNumbers	move_candidate	theorem	public	NumStability.ch7ComponentwiseDataAmplifiedRhs_le_two_mul_skeelAmplifiedRhs	1127
NumStability.ch7ComponentwiseDataCondAtSolutionInf	NumStability.Analysis.HighamChapter7	NumStability.Source.Higham.Chapter07.LinearSystemsConditioning.ConditionNumbers	move_candidate	definition	public	NumStability.ch7ComponentwiseDataCondAtSolutionInf	1096
NumStability.ch7ComponentwiseDataCondAtSolutionInf_le_two_mul_skeelCondAtSolutionInf	NumStability.Analysis.HighamChapter7	NumStability.Source.Higham.Chapter07.LinearSystemsConditioning.ConditionNumbers	move_candidate	theorem	public	NumStability.ch7ComponentwiseDataCondAtSolutionInf_le_two_mul_skeelCondAtSolutionInf	1174
NumStability.ch7ComputedResidualImage	NumStability.Analysis.HighamChapter7	NumStability.Source.Higham.Chapter07.LinearSystemsConditioning.ComputedResidual	move_candidate	definition	public	NumStability.ch7ComputedResidualImage	25601
NumStability.ch7ComputedResidualSafetyTerm	NumStability.Analysis.HighamChapter7	NumStability.Source.Higham.Chapter07.LinearSystemsConditioning.ComputedResidual	move_candidate	definition	public	NumStability.ch7ComputedResidualSafetyTerm	25595
NumStability.ch7CondEFAtSolutionInf	NumStability.Analysis.HighamChapter7	NumStability.Source.Higham.Chapter07.LinearSystemsConditioning.ConditionNumbers	move_candidate	definition	public	NumStability.ch7CondEFAtSolutionInf	853
NumStability.ch7CondEFGlobalInf	NumStability.Analysis.HighamChapter7	NumStability.Source.Higham.Chapter07.LinearSystemsConditioning.ConditionNumbers	move_candidate	definition	public	NumStability.ch7CondEFGlobalInf	958
NumStability.ch7ForwardBoundEF	NumStability.Analysis.HighamChapter7	NumStability.Source.Higham.Chapter07.LinearSystemsConditioning.ForwardErrorKernels	move_candidate	definition	public	NumStability.ch7ForwardBoundEF	40
NumStability.ch7ForwardBoundEF_nonneg	NumStability.Analysis.HighamChapter7	NumStability.Source.Higham.Chapter07.LinearSystemsConditioning.ForwardErrorKernels	move_candidate	theorem	public	NumStability.ch7ForwardBoundEF_nonneg	66
NumStability.ch7ForwardBoundEF_zero_le_const	NumStability.Analysis.HighamChapter7	NumStability.Source.Higham.Chapter07.LinearSystemsConditioning.ConditionNumbers	move_candidate	theorem	public	NumStability.ch7ForwardBoundEF_zero_le_const	892
NumStability.ch7FrobeniusRightScaledCond	NumStability.Analysis.HighamChapter7	NumStability.Source.Higham.Chapter07.LinearSystemsConditioning.Theorem07FrobeniusScaling	move_candidate	definition	public	NumStability.ch7FrobeniusRightScaledCond	15688
NumStability.ch7HadamardProduct	NumStability.Analysis.HighamChapter7	NumStability.Source.Higham.Chapter07.LinearSystemsConditioning.Problem15Hadamard	move_candidate	definition	public	NumStability.ch7HadamardProduct	22803
NumStability.ch7HadamardProduct_twoSidedScale_transpose_inverse_eq	NumStability.Analysis.HighamChapter7	NumStability.Source.Higham.Chapter07.LinearSystemsConditioning.Problem15Hadamard	move_candidate	theorem	public	NumStability.ch7HadamardProduct_twoSidedScale_transpose_inverse_eq	22808
NumStability.ch7InfNormLeftScaledCond	NumStability.Analysis.HighamChapter7	NumStability.Source.Higham.Chapter07.LinearSystemsConditioning.Theorem05.Part05	move_candidate	definition	public	NumStability.ch7InfNormLeftScaledCond	13402
NumStability.ch7InfNormLeftScaledCondSet	NumStability.Analysis.HighamChapter7	NumStability.Source.Higham.Chapter07.LinearSystemsConditioning.Theorem05.Part05	move_candidate	definition	public	NumStability.ch7InfNormLeftScaledCondSet	13412
NumStability.ch7InfNormLeftScaledCond_mem_set	NumStability.Analysis.HighamChapter7	NumStability.Source.Higham.Chapter07.LinearSystemsConditioning.Theorem05.Part05	move_candidate	theorem	public	NumStability.ch7InfNormLeftScaledCond_mem_set	13422
NumStability.ch7InverseCompSensitivityEntry	NumStability.Analysis.HighamChapter7	NumStability.Source.Higham.Chapter07.Equation25.InverseConditioning.ExactPerturbation	move_candidate	definition	public	NumStability.ch7InverseCompSensitivityEntry	3207
NumStability.ch7InverseCompSensitivityEntry_nonneg	NumStability.Analysis.HighamChapter7	NumStability.Source.Higham.Chapter07.Equation25.InverseConditioning.ExactPerturbation	move_candidate	theorem	public	NumStability.ch7InverseCompSensitivityEntry_nonneg	3242
NumStability.ch7InverseCompSensitivityRatio	NumStability.Analysis.HighamChapter7	NumStability.Source.Higham.Chapter07.Equation25.InverseConditioning.ExactPerturbation	move_candidate	definition	public	NumStability.ch7InverseCompSensitivityRatio	3212
NumStability.ch7InverseComponentwiseLinearizedCond	NumStability.Analysis.HighamChapter7	NumStability.Source.Higham.Chapter07.Equation25.InverseConditioning.ExactPerturbation	move_candidate	definition	public	NumStability.ch7InverseComponentwiseLinearizedCond	3218
NumStability.ch7InverseComponentwiseRadiusRemainderBound	NumStability.Analysis.HighamChapter7	NumStability.Source.Higham.Chapter07.Equation25.InverseConditioning.ExactPerturbation	move_candidate	definition	public	NumStability.ch7InverseComponentwiseRadiusRemainderBound	5145
NumStability.ch7InverseComponentwiseRadiusRemainderBound_nonneg	NumStability.Analysis.HighamChapter7	NumStability.Source.Higham.Chapter07.Equation25.InverseConditioning.ExactPerturbation	move_candidate	theorem	public	NumStability.ch7InverseComponentwiseRadiusRemainderBound_nonneg	5153
NumStability.ch7InverseComponentwiseRadiusSet_value_le	NumStability.Analysis.HighamChapter7	NumStability.Source.Higham.Chapter07.Equation25.InverseConditioning.ExactPerturbation	move_candidate	theorem	public	NumStability.ch7InverseComponentwiseRadiusSet_value_le	5215
NumStability.ch7InverseComponentwiseRadiusSup	NumStability.Analysis.HighamChapter7	NumStability.Source.Higham.Chapter07.Equation25.InverseConditioning.ExactPerturbation	move_candidate	definition	public	NumStability.ch7InverseComponentwiseRadiusSup	5108
NumStability.ch7InverseExactRelativeChangeMax	NumStability.Analysis.HighamChapter7	NumStability.Source.Higham.Chapter07.Equation25.InverseConditioning.ExactPerturbation	move_candidate	definition	public	NumStability.ch7InverseExactRelativeChangeMax	3777
NumStability.ch7InverseFirstProductSensitivity	NumStability.Analysis.HighamChapter7	NumStability.Analysis.Conditioning.LinearSystems.InversePerturbation	move_candidate	definition	public	NumStability.ch7InverseFirstProductSensitivity	3674
NumStability.ch7InverseFirstProductSensitivity_nonneg	NumStability.Analysis.HighamChapter7	NumStability.Analysis.Conditioning.LinearSystems.InversePerturbation	move_candidate	theorem	public	NumStability.ch7InverseFirstProductSensitivity_nonneg	3680
NumStability.ch7InverseLinearizedEntry	NumStability.Analysis.HighamChapter7	NumStability.Analysis.Conditioning.LinearSystems.InversePerturbation	move_candidate	definition	public	NumStability.ch7InverseLinearizedEntry	3200
NumStability.ch7InverseLinearizedEntry_eq_matMul	NumStability.Analysis.HighamChapter7	NumStability.Analysis.Conditioning.LinearSystems.InversePerturbation	move_candidate	theorem	public	NumStability.ch7InverseLinearizedEntry_eq_matMul	3527
NumStability.ch7InverseLinearizedRelativeChangeMax	NumStability.Analysis.HighamChapter7	NumStability.Source.Higham.Chapter07.Equation25.InverseConditioning.ExactPerturbation	move_candidate	definition	public	NumStability.ch7InverseLinearizedRelativeChangeMax	3226
NumStability.ch7InverseQuadraticRemainderEntry	NumStability.Analysis.HighamChapter7	NumStability.Analysis.Conditioning.LinearSystems.InversePerturbation	move_candidate	definition	public	NumStability.ch7InverseQuadraticRemainderEntry	3507
NumStability.ch7InverseQuadraticRemainderEntry_abs_le	NumStability.Analysis.HighamChapter7	NumStability.Analysis.Conditioning.LinearSystems.InversePerturbation	move_candidate	theorem	public	NumStability.ch7InverseQuadraticRemainderEntry_abs_le	3727
NumStability.ch7InverseQuadraticRemainderRelativeMax	NumStability.Analysis.HighamChapter7	NumStability.Source.Higham.Chapter07.Equation25.InverseConditioning.ExactPerturbation	move_candidate	definition	public	NumStability.ch7InverseQuadraticRemainderRelativeMax	3786
NumStability.ch7InverseQuadraticRemainderRelativeMaxEntryBound	NumStability.Analysis.HighamChapter7	NumStability.Source.Higham.Chapter07.Equation25.InverseConditioning.ExactPerturbation	move_candidate	definition	public	NumStability.ch7InverseQuadraticRemainderRelativeMaxEntryBound	3795
NumStability.ch7InverseQuadraticRemainderRelativeMaxEntryBound_nonneg	NumStability.Analysis.HighamChapter7	NumStability.Source.Higham.Chapter07.Equation25.InverseConditioning.ExactPerturbation	move_candidate	theorem	public	NumStability.ch7InverseQuadraticRemainderRelativeMaxEntryBound_nonneg	4265
NumStability.ch7InverseQuadraticRemainderRelativeMax_abs_le_of_entry_bound	NumStability.Analysis.HighamChapter7	NumStability.Source.Higham.Chapter07.Equation25.InverseConditioning.ExactPerturbation	move_candidate	theorem	public	NumStability.ch7InverseQuadraticRemainderRelativeMax_abs_le_of_entry_bound	4335
NumStability.ch7InverseQuadraticRemainderRelativeMax_abs_le_of_infNorm_bound	NumStability.Analysis.HighamChapter7	NumStability.Source.Higham.Chapter07.Equation25.InverseConditioning.ExactPerturbation	move_candidate	theorem	public	NumStability.ch7InverseQuadraticRemainderRelativeMax_abs_le_of_infNorm_bound	4376
NumStability.ch7InverseQuadraticRemainderRelativeMax_le_of_entry_bound	NumStability.Analysis.HighamChapter7	NumStability.Source.Higham.Chapter07.Equation25.InverseConditioning.ExactPerturbation	move_candidate	theorem	public	NumStability.ch7InverseQuadraticRemainderRelativeMax_le_of_entry_bound	4300
NumStability.ch7InverseQuadraticRemainderRelativeMax_le_of_infNorm_bound	NumStability.Analysis.HighamChapter7	NumStability.Source.Higham.Chapter07.Equation25.InverseConditioning.ExactPerturbation	move_candidate	theorem	public	NumStability.ch7InverseQuadraticRemainderRelativeMax_le_of_infNorm_bound	4360
NumStability.ch7InverseQuadraticRemainderRelativeMax_nonneg	NumStability.Analysis.HighamChapter7	NumStability.Source.Higham.Chapter07.Equation25.InverseConditioning.ExactPerturbation	move_candidate	theorem	public	NumStability.ch7InverseQuadraticRemainderRelativeMax_nonneg	4244
NumStability.ch7InverseQuadraticRemainderSensitivityEntry	NumStability.Analysis.HighamChapter7	NumStability.Analysis.Conditioning.LinearSystems.InversePerturbation	move_candidate	definition	public	NumStability.ch7InverseQuadraticRemainderSensitivityEntry	3688
NumStability.ch7InverseQuadraticRemainderSensitivityEntry_le_of_entry_bound	NumStability.Analysis.HighamChapter7	NumStability.Source.Higham.Chapter07.Equation25.InverseConditioning.ExactPerturbation	move_candidate	theorem	public	NumStability.ch7InverseQuadraticRemainderSensitivityEntry_le_of_entry_bound	3809
NumStability.ch7InverseQuadraticRemainderSensitivityEntry_nonneg	NumStability.Analysis.HighamChapter7	NumStability.Analysis.Conditioning.LinearSystems.InversePerturbation	move_candidate	theorem	public	NumStability.ch7InverseQuadraticRemainderSensitivityEntry_nonneg	3695
NumStability.ch7InverseRowNorm2	NumStability.Analysis.HighamChapter7	NumStability.Source.Higham.Chapter07.LinearSystemsConditioning.Theorem07FrobeniusScaling	move_candidate	definition	public	NumStability.ch7InverseRowNorm2	15677
NumStability.ch7InverseRowNorm2_nonneg	NumStability.Analysis.HighamChapter7	NumStability.Source.Higham.Chapter07.LinearSystemsConditioning.Theorem07FrobeniusScaling	move_candidate	theorem	public	NumStability.ch7InverseRowNorm2_nonneg	15711
NumStability.ch7InverseRowNorm2_pos_of_left_inverse	NumStability.Analysis.HighamChapter7	NumStability.Source.Higham.Chapter07.LinearSystemsConditioning.Theorem07FrobeniusScaling	move_candidate	theorem	public	NumStability.ch7InverseRowNorm2_pos_of_left_inverse	15733
NumStability.ch7InverseRowScale	NumStability.Analysis.HighamChapter7	NumStability.Source.Higham.Chapter07.LinearSystemsConditioning.RowScaling	move_candidate	definition	public	NumStability.ch7InverseRowScale	6717
NumStability.ch7IsComplexEigenvalueRadius	NumStability.Analysis.HighamChapter7	NumStability.Analysis.Conditioning.LinearSystems.PerronFrobenius	move_candidate	definition	public	NumStability.ch7IsComplexEigenvalueRadius	16480
NumStability.ch7KahanAbsInverseMulAbsMatrix	NumStability.Analysis.HighamChapter7	NumStability.Source.Higham.Chapter07.LinearSystemsConditioning.RowScaling	move_candidate	definition	public	NumStability.ch7KahanAbsInverseMulAbsMatrix	7107
NumStability.ch7KahanInverse	NumStability.Analysis.HighamChapter7	NumStability.Source.Higham.Chapter07.LinearSystemsConditioning.RowScaling	move_candidate	definition	public	NumStability.ch7KahanInverse	7094
NumStability.ch7KahanMatrix	NumStability.Analysis.HighamChapter7	NumStability.Source.Higham.Chapter07.LinearSystemsConditioning.RowScaling	move_candidate	definition	public	NumStability.ch7KahanMatrix	7077
NumStability.ch7KahanRhs	NumStability.Analysis.HighamChapter7	NumStability.Source.Higham.Chapter07.LinearSystemsConditioning.RowScaling	move_candidate	definition	public	NumStability.ch7KahanRhs	7086
NumStability.ch7KahanSolution	NumStability.Analysis.HighamChapter7	NumStability.Source.Higham.Chapter07.LinearSystemsConditioning.RowScaling	move_candidate	definition	public	NumStability.ch7KahanSolution	7090
NumStability.ch7LinearFunctional	NumStability.Analysis.HighamChapter7	NumStability.Source.Higham.Chapter07.LinearSystemsConditioning.Problem09Linearized	move_candidate	definition	public	NumStability.ch7LinearFunctional	2061
NumStability.ch7LpLeftScaledCondNormalizedSetOfReal	NumStability.Analysis.HighamChapter7	NumStability.Source.Higham.Chapter07.LinearSystemsConditioning.Theorem05.Part03	move_candidate	definition	public	NumStability.ch7LpLeftScaledCondNormalizedSetOfReal	10867
NumStability.ch7LpLeftScaledCondNormalizedSetOfReal_eq_reciprocal_normalized	NumStability.Analysis.HighamChapter7	NumStability.Source.Higham.Chapter07.LinearSystemsConditioning.Theorem05.Part03	move_candidate	theorem	public	NumStability.ch7LpLeftScaledCondNormalizedSetOfReal_eq_reciprocal_normalized	11028
NumStability.ch7LpLeftScaledCondNormalizedSetOfReal_exists_isLeast	NumStability.Analysis.HighamChapter7	NumStability.Source.Higham.Chapter07.LinearSystemsConditioning.Theorem05.Part03	move_candidate	theorem	public	NumStability.ch7LpLeftScaledCondNormalizedSetOfReal_exists_isLeast	11482
NumStability.ch7LpLeftScaledCondNormalizedSetOfReal_isLeast_iff_reciprocal_normalized	NumStability.Analysis.HighamChapter7	NumStability.Source.Higham.Chapter07.LinearSystemsConditioning.Theorem05.Part03	move_candidate	theorem	public	NumStability.ch7LpLeftScaledCondNormalizedSetOfReal_isLeast_iff_reciprocal_normalized	11053
NumStability.ch7LpLeftScaledCondOfReal	NumStability.Analysis.HighamChapter7	NumStability.Source.Higham.Chapter07.LinearSystemsConditioning.Theorem05.Part03	move_candidate	definition	public	NumStability.ch7LpLeftScaledCondOfReal	10849
NumStability.ch7LpLeftScaledCondOfReal_global_scale	NumStability.Analysis.HighamChapter7	NumStability.Source.Higham.Chapter07.LinearSystemsConditioning.Theorem05.Part03	move_candidate	theorem	public	NumStability.ch7LpLeftScaledCondOfReal_global_scale	10915
NumStability.ch7LpLeftScaledCondOfReal_mem_set	NumStability.Analysis.HighamChapter7	NumStability.Source.Higham.Chapter07.LinearSystemsConditioning.Theorem05.Part03	move_candidate	theorem	public	NumStability.ch7LpLeftScaledCondOfReal_mem_set	10898
NumStability.ch7LpLeftScaledCondOfReal_nonneg	NumStability.Analysis.HighamChapter7	NumStability.Source.Higham.Chapter07.LinearSystemsConditioning.Theorem05.Part03	move_candidate	theorem	public	NumStability.ch7LpLeftScaledCondOfReal_nonneg	10888
NumStability.ch7LpLeftScaledCondOfReal_reciprocal_lower_bound	NumStability.Analysis.HighamChapter7	NumStability.Source.Higham.Chapter07.LinearSystemsConditioning.Theorem05.Part03	move_candidate	theorem	public	NumStability.ch7LpLeftScaledCondOfReal_reciprocal_lower_bound	11132
NumStability.ch7LpLeftScaledCondOfReal_reciprocal_normalized_inv_abs_le_of_le_of_const	NumStability.Analysis.HighamChapter7	NumStability.Source.Higham.Chapter07.LinearSystemsConditioning.Theorem05.Part03	move_candidate	theorem	public	NumStability.ch7LpLeftScaledCondOfReal_reciprocal_normalized_inv_abs_le_of_le_of_const	11195
NumStability.ch7LpLeftScaledCondOfReal_reciprocal_normalized_lower_exists	NumStability.Analysis.HighamChapter7	NumStability.Source.Higham.Chapter07.LinearSystemsConditioning.Theorem05.Part03	move_candidate	theorem	public	NumStability.ch7LpLeftScaledCondOfReal_reciprocal_normalized_lower_exists	11167
NumStability.ch7LpLeftScaledCondOfReal_sum_abs_normalized_witness	NumStability.Analysis.HighamChapter7	NumStability.Source.Higham.Chapter07.LinearSystemsConditioning.Theorem05.Part03	move_candidate	theorem	public	NumStability.ch7LpLeftScaledCondOfReal_sum_abs_normalized_witness	10959
NumStability.ch7LpLeftScaledCondReciprocalCompactCoreOfReal	NumStability.Analysis.HighamChapter7	NumStability.Source.Higham.Chapter07.LinearSystemsConditioning.Theorem05.Part03	move_candidate	definition	public	NumStability.ch7LpLeftScaledCondReciprocalCompactCoreOfReal	11227
NumStability.ch7LpLeftScaledCondReciprocalCompactCoreOfReal_ne_zero	NumStability.Analysis.HighamChapter7	NumStability.Source.Higham.Chapter07.LinearSystemsConditioning.Theorem05.Part03	move_candidate	theorem	public	NumStability.ch7LpLeftScaledCondReciprocalCompactCoreOfReal_ne_zero	11290
NumStability.ch7LpLeftScaledCondReciprocalCompactCoreOfReal_subset_Icc	NumStability.Analysis.HighamChapter7	NumStability.Source.Higham.Chapter07.LinearSystemsConditioning.Theorem05.Part03	move_candidate	theorem	public	NumStability.ch7LpLeftScaledCondReciprocalCompactCoreOfReal_subset_Icc	11267
NumStability.ch7LpLeftScaledCondReciprocalCompactSublevelOfReal	NumStability.Analysis.HighamChapter7	NumStability.Source.Higham.Chapter07.LinearSystemsConditioning.Theorem05.Part03	move_candidate	definition	public	NumStability.ch7LpLeftScaledCondReciprocalCompactSublevelOfReal	11308
NumStability.ch7LpLeftScaledCondReciprocalNormalizedSetOfReal	NumStability.Analysis.HighamChapter7	NumStability.Source.Higham.Chapter07.LinearSystemsConditioning.Theorem05.Part03	move_candidate	definition	public	NumStability.ch7LpLeftScaledCondReciprocalNormalizedSetOfReal	10877
NumStability.ch7LpLeftScaledCondReciprocalNormalizedSetOfReal_exists_isLeast	NumStability.Analysis.HighamChapter7	NumStability.Source.Higham.Chapter07.LinearSystemsConditioning.Theorem05.Part03	move_candidate	theorem	public	NumStability.ch7LpLeftScaledCondReciprocalNormalizedSetOfReal_exists_isLeast	11375
NumStability.ch7LpLeftScaledCondSetOfReal	NumStability.Analysis.HighamChapter7	NumStability.Source.Higham.Chapter07.LinearSystemsConditioning.Theorem05.Part03	move_candidate	definition	public	NumStability.ch7LpLeftScaledCondSetOfReal	10858
NumStability.ch7LpLeftScaledCondSetOfReal_bddBelow	NumStability.Analysis.HighamChapter7	NumStability.Source.Higham.Chapter07.LinearSystemsConditioning.Theorem05.Part03	move_candidate	theorem	public	NumStability.ch7LpLeftScaledCondSetOfReal_bddBelow	11106
NumStability.ch7LpLeftScaledCondSetOfReal_eq_sum_abs_normalized	NumStability.Analysis.HighamChapter7	NumStability.Source.Higham.Chapter07.LinearSystemsConditioning.Theorem05.Part03	move_candidate	theorem	public	NumStability.ch7LpLeftScaledCondSetOfReal_eq_sum_abs_normalized	10997
NumStability.ch7LpLeftScaledCondSetOfReal_exists_isLeast	NumStability.Analysis.HighamChapter7	NumStability.Source.Higham.Chapter07.LinearSystemsConditioning.Theorem05.Part03	move_candidate	theorem	public	NumStability.ch7LpLeftScaledCondSetOfReal_exists_isLeast	11497
NumStability.ch7LpLeftScaledCondSetOfReal_isLeast_iff_sum_abs_normalized	NumStability.Analysis.HighamChapter7	NumStability.Source.Higham.Chapter07.LinearSystemsConditioning.Theorem05.Part03	move_candidate	theorem	public	NumStability.ch7LpLeftScaledCondSetOfReal_isLeast_iff_sum_abs_normalized	11018
NumStability.ch7LpLeftScaledCondSetOfReal_nonempty	NumStability.Analysis.HighamChapter7	NumStability.Source.Higham.Chapter07.LinearSystemsConditioning.Theorem05.Part03	move_candidate	theorem	public	NumStability.ch7LpLeftScaledCondSetOfReal_nonempty	10907
NumStability.ch7LpLeftScaledCondSetOfReal_sInf_nonneg	NumStability.Analysis.HighamChapter7	NumStability.Source.Higham.Chapter07.LinearSystemsConditioning.Theorem05.Part03	move_candidate	theorem	public	NumStability.ch7LpLeftScaledCondSetOfReal_sInf_nonneg	11117
NumStability.ch7LpRightScaledCondNormalizedSetOfReal	NumStability.Analysis.HighamChapter7	NumStability.Source.Higham.Chapter07.LinearSystemsConditioning.Theorem05.Part02	move_candidate	definition	public	NumStability.ch7LpRightScaledCondNormalizedSetOfReal	9609
NumStability.ch7LpRightScaledCondNormalizedSetOfReal_eq_reciprocal_normalized	NumStability.Analysis.HighamChapter7	NumStability.Source.Higham.Chapter07.LinearSystemsConditioning.Theorem05.Part02	move_candidate	theorem	public	NumStability.ch7LpRightScaledCondNormalizedSetOfReal_eq_reciprocal_normalized	9772
NumStability.ch7LpRightScaledCondNormalizedSetOfReal_exists_isLeast	NumStability.Analysis.HighamChapter7	NumStability.Source.Higham.Chapter07.LinearSystemsConditioning.Theorem05.Part03	move_candidate	theorem	public	NumStability.ch7LpRightScaledCondNormalizedSetOfReal_exists_isLeast	10548
NumStability.ch7LpRightScaledCondNormalizedSetOfReal_isLeast_iff_reciprocal_normalized	NumStability.Analysis.HighamChapter7	NumStability.Source.Higham.Chapter07.LinearSystemsConditioning.Theorem05.Part02	move_candidate	theorem	public	NumStability.ch7LpRightScaledCondNormalizedSetOfReal_isLeast_iff_reciprocal_normalized	9797
NumStability.ch7LpRightScaledCondOfReal	NumStability.Analysis.HighamChapter7	NumStability.Source.Higham.Chapter07.LinearSystemsConditioning.Theorem05.Part02	move_candidate	definition	public	NumStability.ch7LpRightScaledCondOfReal	9591
NumStability.ch7LpRightScaledCondOfReal_global_scale	NumStability.Analysis.HighamChapter7	NumStability.Source.Higham.Chapter07.LinearSystemsConditioning.Theorem05.Part02	move_candidate	theorem	public	NumStability.ch7LpRightScaledCondOfReal_global_scale	9659
NumStability.ch7LpRightScaledCondOfReal_mem_set	NumStability.Analysis.HighamChapter7	NumStability.Source.Higham.Chapter07.LinearSystemsConditioning.Theorem05.Part02	move_candidate	theorem	public	NumStability.ch7LpRightScaledCondOfReal_mem_set	9640
NumStability.ch7LpRightScaledCondOfReal_nonneg	NumStability.Analysis.HighamChapter7	NumStability.Source.Higham.Chapter07.LinearSystemsConditioning.Theorem05.Part02	move_candidate	theorem	public	NumStability.ch7LpRightScaledCondOfReal_nonneg	9630
NumStability.ch7LpRightScaledCondOfReal_reciprocal_lower_bound	NumStability.Analysis.HighamChapter7	NumStability.Source.Higham.Chapter07.LinearSystemsConditioning.Theorem05.Part03	move_candidate	theorem	public	NumStability.ch7LpRightScaledCondOfReal_reciprocal_lower_bound	10188
NumStability.ch7LpRightScaledCondOfReal_reciprocal_normalized_inv_abs_le_of_le_of_const	NumStability.Analysis.HighamChapter7	NumStability.Source.Higham.Chapter07.LinearSystemsConditioning.Theorem05.Part03	move_candidate	theorem	public	NumStability.ch7LpRightScaledCondOfReal_reciprocal_normalized_inv_abs_le_of_le_of_const	10250
NumStability.ch7LpRightScaledCondOfReal_reciprocal_normalized_lower_exists	NumStability.Analysis.HighamChapter7	NumStability.Source.Higham.Chapter07.LinearSystemsConditioning.Theorem05.Part03	move_candidate	theorem	public	NumStability.ch7LpRightScaledCondOfReal_reciprocal_normalized_lower_exists	10222
NumStability.ch7LpRightScaledCondOfReal_sum_abs_normalized_witness	NumStability.Analysis.HighamChapter7	NumStability.Source.Higham.Chapter07.LinearSystemsConditioning.Theorem05.Part02	move_candidate	theorem	public	NumStability.ch7LpRightScaledCondOfReal_sum_abs_normalized_witness	9703
NumStability.ch7LpRightScaledCondReciprocalCompactCoreOfReal	NumStability.Analysis.HighamChapter7	NumStability.Source.Higham.Chapter07.LinearSystemsConditioning.Theorem05.Part03	move_candidate	definition	public	NumStability.ch7LpRightScaledCondReciprocalCompactCoreOfReal	10284
NumStability.ch7LpRightScaledCondReciprocalCompactCoreOfReal_ne_zero	NumStability.Analysis.HighamChapter7	NumStability.Source.Higham.Chapter07.LinearSystemsConditioning.Theorem05.Part03	move_candidate	theorem	public	NumStability.ch7LpRightScaledCondReciprocalCompactCoreOfReal_ne_zero	10348
NumStability.ch7LpRightScaledCondReciprocalCompactCoreOfReal_subset_Icc	NumStability.Analysis.HighamChapter7	NumStability.Source.Higham.Chapter07.LinearSystemsConditioning.Theorem05.Part03	move_candidate	theorem	public	NumStability.ch7LpRightScaledCondReciprocalCompactCoreOfReal_subset_Icc	10325
NumStability.ch7LpRightScaledCondReciprocalCompactSublevelOfReal	NumStability.Analysis.HighamChapter7	NumStability.Source.Higham.Chapter07.LinearSystemsConditioning.Theorem05.Part03	move_candidate	definition	public	NumStability.ch7LpRightScaledCondReciprocalCompactSublevelOfReal	10374
NumStability.ch7LpRightScaledCondReciprocalNormalizedSetOfReal	NumStability.Analysis.HighamChapter7	NumStability.Source.Higham.Chapter07.LinearSystemsConditioning.Theorem05.Part02	move_candidate	definition	public	NumStability.ch7LpRightScaledCondReciprocalNormalizedSetOfReal	9619
NumStability.ch7LpRightScaledCondReciprocalNormalizedSetOfReal_exists_isLeast	NumStability.Analysis.HighamChapter7	NumStability.Source.Higham.Chapter07.LinearSystemsConditioning.Theorem05.Part03	move_candidate	theorem	public	NumStability.ch7LpRightScaledCondReciprocalNormalizedSetOfReal_exists_isLeast	10441
NumStability.ch7LpRightScaledCondSetOfReal	NumStability.Analysis.HighamChapter7	NumStability.Source.Higham.Chapter07.LinearSystemsConditioning.Theorem05.Part02	move_candidate	definition	public	NumStability.ch7LpRightScaledCondSetOfReal	9600
NumStability.ch7LpRightScaledCondSetOfReal_bddBelow	NumStability.Analysis.HighamChapter7	NumStability.Source.Higham.Chapter07.LinearSystemsConditioning.Theorem05.Part02	move_candidate	theorem	public	NumStability.ch7LpRightScaledCondSetOfReal_bddBelow	9850
NumStability.ch7LpRightScaledCondSetOfReal_eq_sum_abs_normalized	NumStability.Analysis.HighamChapter7	NumStability.Source.Higham.Chapter07.LinearSystemsConditioning.Theorem05.Part02	move_candidate	theorem	public	NumStability.ch7LpRightScaledCondSetOfReal_eq_sum_abs_normalized	9741
NumStability.ch7LpRightScaledCondSetOfReal_exists_isLeast	NumStability.Analysis.HighamChapter7	NumStability.Source.Higham.Chapter07.LinearSystemsConditioning.Theorem05.Part03	move_candidate	theorem	public	NumStability.ch7LpRightScaledCondSetOfReal_exists_isLeast	10563
NumStability.ch7LpRightScaledCondSetOfReal_isLeast_iff_sum_abs_normalized	NumStability.Analysis.HighamChapter7	NumStability.Source.Higham.Chapter07.LinearSystemsConditioning.Theorem05.Part02	move_candidate	theorem	public	NumStability.ch7LpRightScaledCondSetOfReal_isLeast_iff_sum_abs_normalized	9762
NumStability.ch7LpRightScaledCondSetOfReal_nonempty	NumStability.Analysis.HighamChapter7	NumStability.Source.Higham.Chapter07.LinearSystemsConditioning.Theorem05.Part02	move_candidate	theorem	public	NumStability.ch7LpRightScaledCondSetOfReal_nonempty	9650
NumStability.ch7LpRightScaledCondSetOfReal_sInf_nonneg	NumStability.Analysis.HighamChapter7	NumStability.Source.Higham.Chapter07.LinearSystemsConditioning.Theorem05.Part02	move_candidate	theorem	public	NumStability.ch7LpRightScaledCondSetOfReal_sInf_nonneg	9861
NumStability.ch7MatAddId	NumStability.Analysis.HighamChapter7	NumStability.Analysis.Conditioning.LinearSystems.InversePerturbation	move_candidate	definition	public	NumStability.ch7MatAddId	4392
NumStability.ch7NonnegativeResolvent	NumStability.Analysis.HighamChapter7	NumStability.Source.Higham.Chapter07.LinearSystemsConditioning.Problem01	move_candidate	definition	public	NumStability.ch7NonnegativeResolvent	98
NumStability.ch7NonnegativeResolvent_nonsingInv_of_infNormBound	NumStability.Analysis.HighamChapter7	NumStability.Source.Higham.Chapter07.LinearSystemsConditioning.Problem01	move_candidate	theorem	public	NumStability.ch7NonnegativeResolvent_nonsingInv_of_infNormBound	443
NumStability.ch7NonnegativeResolvent_nonsingInv_of_spectralRadius_lt_one	NumStability.Analysis.HighamChapter7	NumStability.Source.Higham.Chapter07.LinearSystemsConditioning.Problem10Bauer.Part02	move_candidate	theorem	public	NumStability.ch7NonnegativeResolvent_nonsingInv_of_spectralRadius_lt_one	18546
NumStability.ch7NormwiseCondEFRadiusSet_value_le	NumStability.Analysis.HighamChapter7	NumStability.Source.Higham.Chapter07.LinearSystemsConditioning.Equation05	move_candidate	theorem	public	NumStability.ch7NormwiseCondEFRadiusSet_value_le	24333
NumStability.ch7NormwiseCondEFRadiusSup	NumStability.Analysis.HighamChapter7	NumStability.Source.Higham.Chapter07.LinearSystemsConditioning.Equation05	move_candidate	definition	public	NumStability.ch7NormwiseCondEFRadiusSup	24310
NumStability.ch7OneNormRightScaledCond	NumStability.Analysis.HighamChapter7	NumStability.Source.Higham.Chapter07.LinearSystemsConditioning.Theorem05.Part01	move_candidate	definition	public	NumStability.ch7OneNormRightScaledCond	8453
NumStability.ch7OneNormRightScaledCondSet	NumStability.Analysis.HighamChapter7	NumStability.Source.Higham.Chapter07.LinearSystemsConditioning.Theorem05.Part01	move_candidate	definition	public	NumStability.ch7OneNormRightScaledCondSet	8463
NumStability.ch7OneNormRightScaledCond_mem_set	NumStability.Analysis.HighamChapter7	NumStability.Source.Higham.Chapter07.LinearSystemsConditioning.Theorem05.Part02	move_candidate	theorem	public	NumStability.ch7OneNormRightScaledCond_mem_set	8473
NumStability.ch7Op2LeftScaledCond	NumStability.Analysis.HighamChapter7	NumStability.Source.Higham.Chapter07.LinearSystemsConditioning.Theorem05.Part04	move_candidate	definition	public	NumStability.ch7Op2LeftScaledCond	12380
NumStability.ch7Op2LeftScaledCondNormalizedSet	NumStability.Analysis.HighamChapter7	NumStability.Source.Higham.Chapter07.LinearSystemsConditioning.Theorem05.Part04	move_candidate	definition	public	NumStability.ch7Op2LeftScaledCondNormalizedSet	12398
NumStability.ch7Op2LeftScaledCondNormalizedSet_eq_reciprocal_normalized	NumStability.Analysis.HighamChapter7	NumStability.Source.Higham.Chapter07.LinearSystemsConditioning.Theorem05.Part04	move_candidate	theorem	public	NumStability.ch7Op2LeftScaledCondNormalizedSet_eq_reciprocal_normalized	12560
NumStability.ch7Op2LeftScaledCondNormalizedSet_exists_isLeast	NumStability.Analysis.HighamChapter7	NumStability.Source.Higham.Chapter07.LinearSystemsConditioning.Theorem05.Part04	move_candidate	theorem	public	NumStability.ch7Op2LeftScaledCondNormalizedSet_exists_isLeast	12964
NumStability.ch7Op2LeftScaledCondNormalizedSet_isLeast_iff_reciprocal_normalized	NumStability.Analysis.HighamChapter7	NumStability.Source.Higham.Chapter07.LinearSystemsConditioning.Theorem05.Part04	move_candidate	theorem	public	NumStability.ch7Op2LeftScaledCondNormalizedSet_isLeast_iff_reciprocal_normalized	12584
NumStability.ch7Op2LeftScaledCondReciprocalCompactCore	NumStability.Analysis.HighamChapter7	NumStability.Source.Higham.Chapter07.LinearSystemsConditioning.Theorem05.Part04	move_candidate	definition	public	NumStability.ch7Op2LeftScaledCondReciprocalCompactCore	12726
NumStability.ch7Op2LeftScaledCondReciprocalCompactCore_ne_zero	NumStability.Analysis.HighamChapter7	NumStability.Source.Higham.Chapter07.LinearSystemsConditioning.Theorem05.Part04	move_candidate	theorem	public	NumStability.ch7Op2LeftScaledCondReciprocalCompactCore_ne_zero	12796
NumStability.ch7Op2LeftScaledCondReciprocalCompactCore_subset_Icc	NumStability.Analysis.HighamChapter7	NumStability.Source.Higham.Chapter07.LinearSystemsConditioning.Theorem05.Part04	move_candidate	theorem	public	NumStability.ch7Op2LeftScaledCondReciprocalCompactCore_subset_Icc	12775
NumStability.ch7Op2LeftScaledCondReciprocalCompactSublevel	NumStability.Analysis.HighamChapter7	NumStability.Source.Higham.Chapter07.LinearSystemsConditioning.Theorem05.Part04	move_candidate	definition	public	NumStability.ch7Op2LeftScaledCondReciprocalCompactSublevel	12734
NumStability.ch7Op2LeftScaledCondReciprocalNormalizedSet	NumStability.Analysis.HighamChapter7	NumStability.Source.Higham.Chapter07.LinearSystemsConditioning.Theorem05.Part04	move_candidate	definition	public	NumStability.ch7Op2LeftScaledCondReciprocalNormalizedSet	12406
NumStability.ch7Op2LeftScaledCondReciprocalNormalizedSet_exists_isLeast	NumStability.Analysis.HighamChapter7	NumStability.Source.Higham.Chapter07.LinearSystemsConditioning.Theorem05.Part04	move_candidate	theorem	public	NumStability.ch7Op2LeftScaledCondReciprocalNormalizedSet_exists_isLeast	12861
NumStability.ch7Op2LeftScaledCondSet	NumStability.Analysis.HighamChapter7	NumStability.Source.Higham.Chapter07.LinearSystemsConditioning.Theorem05.Part04	move_candidate	definition	public	NumStability.ch7Op2LeftScaledCondSet	12390
NumStability.ch7Op2LeftScaledCondSet_bddBelow	NumStability.Analysis.HighamChapter7	NumStability.Source.Higham.Chapter07.LinearSystemsConditioning.Theorem05.Part04	move_candidate	theorem	public	NumStability.ch7Op2LeftScaledCondSet_bddBelow	13005
NumStability.ch7Op2LeftScaledCondSet_eq_sum_abs_normalized	NumStability.Analysis.HighamChapter7	NumStability.Source.Higham.Chapter07.LinearSystemsConditioning.Theorem05.Part04	move_candidate	theorem	public	NumStability.ch7Op2LeftScaledCondSet_eq_sum_abs_normalized	12530
NumStability.ch7Op2LeftScaledCondSet_exists_isLeast	NumStability.Analysis.HighamChapter7	NumStability.Source.Higham.Chapter07.LinearSystemsConditioning.Theorem05.Part04	move_candidate	theorem	public	NumStability.ch7Op2LeftScaledCondSet_exists_isLeast	12976
NumStability.ch7Op2LeftScaledCondSet_isLeast_iff_sum_abs_normalized	NumStability.Analysis.HighamChapter7	NumStability.Source.Higham.Chapter07.LinearSystemsConditioning.Theorem05.Part04	move_candidate	theorem	public	NumStability.ch7Op2LeftScaledCondSet_isLeast_iff_sum_abs_normalized	12550
NumStability.ch7Op2LeftScaledCondSet_nonempty	NumStability.Analysis.HighamChapter7	NumStability.Source.Higham.Chapter07.LinearSystemsConditioning.Theorem05.Part04	move_candidate	theorem	public	NumStability.ch7Op2LeftScaledCondSet_nonempty	12421
NumStability.ch7Op2LeftScaledCondSet_sInf_nonneg	NumStability.Analysis.HighamChapter7	NumStability.Source.Higham.Chapter07.LinearSystemsConditioning.Theorem05.Part04	move_candidate	theorem	public	NumStability.ch7Op2LeftScaledCondSet_sInf_nonneg	13014
NumStability.ch7Op2LeftScaledCond_global_scale	NumStability.Analysis.HighamChapter7	NumStability.Source.Higham.Chapter07.LinearSystemsConditioning.Theorem05.Part04	move_candidate	theorem	public	NumStability.ch7Op2LeftScaledCond_global_scale	12438
NumStability.ch7Op2LeftScaledCond_mem_set	NumStability.Analysis.HighamChapter7	NumStability.Source.Higham.Chapter07.LinearSystemsConditioning.Theorem05.Part04	move_candidate	theorem	public	NumStability.ch7Op2LeftScaledCond_mem_set	12429
NumStability.ch7Op2LeftScaledCond_mem_set_global_scale	NumStability.Analysis.HighamChapter7	NumStability.Source.Higham.Chapter07.LinearSystemsConditioning.Theorem05.Part04	move_candidate	theorem	public	NumStability.ch7Op2LeftScaledCond_mem_set_global_scale	12477
NumStability.ch7Op2LeftScaledCond_nonneg	NumStability.Analysis.HighamChapter7	NumStability.Source.Higham.Chapter07.LinearSystemsConditioning.Theorem05.Part04	move_candidate	theorem	public	NumStability.ch7Op2LeftScaledCond_nonneg	12414
NumStability.ch7Op2LeftScaledCond_reciprocal_lower_bound	NumStability.Analysis.HighamChapter7	NumStability.Source.Higham.Chapter07.LinearSystemsConditioning.Theorem05.Part04	move_candidate	theorem	public	NumStability.ch7Op2LeftScaledCond_reciprocal_lower_bound	12627
NumStability.ch7Op2LeftScaledCond_reciprocal_normalized_inv_abs_le_of_le	NumStability.Analysis.HighamChapter7	NumStability.Source.Higham.Chapter07.LinearSystemsConditioning.Theorem05.Part04	move_candidate	theorem	public	NumStability.ch7Op2LeftScaledCond_reciprocal_normalized_inv_abs_le_of_le	12662
NumStability.ch7Op2LeftScaledCond_reciprocal_normalized_inv_abs_le_of_le_of_const	NumStability.Analysis.HighamChapter7	NumStability.Source.Higham.Chapter07.LinearSystemsConditioning.Theorem05.Part04	move_candidate	theorem	public	NumStability.ch7Op2LeftScaledCond_reciprocal_normalized_inv_abs_le_of_le_of_const	12694
NumStability.ch7Op2LeftScaledCond_reciprocal_normalized_lower_exists	NumStability.Analysis.HighamChapter7	NumStability.Source.Higham.Chapter07.LinearSystemsConditioning.Theorem05.Part04	move_candidate	theorem	public	NumStability.ch7Op2LeftScaledCond_reciprocal_normalized_lower_exists	12642
NumStability.ch7Op2LeftScaledCond_sum_abs_normalized_witness	NumStability.Analysis.HighamChapter7	NumStability.Source.Higham.Chapter07.LinearSystemsConditioning.Theorem05.Part04	move_candidate	theorem	public	NumStability.ch7Op2LeftScaledCond_sum_abs_normalized_witness	12493
NumStability.ch7Op2RightScaledCond	NumStability.Analysis.HighamChapter7	NumStability.Source.Higham.Chapter07.LinearSystemsConditioning.Theorem05.Part02	move_candidate	definition	public	NumStability.ch7Op2RightScaledCond	8738
NumStability.ch7Op2RightScaledCondNormalizedSet	NumStability.Analysis.HighamChapter7	NumStability.Source.Higham.Chapter07.LinearSystemsConditioning.Theorem05.Part02	move_candidate	definition	public	NumStability.ch7Op2RightScaledCondNormalizedSet	8758
NumStability.ch7Op2RightScaledCondNormalizedSet_eq_reciprocal_normalized	NumStability.Analysis.HighamChapter7	NumStability.Source.Higham.Chapter07.LinearSystemsConditioning.Theorem05.Part02	move_candidate	theorem	public	NumStability.ch7Op2RightScaledCondNormalizedSet_eq_reciprocal_normalized	8974
NumStability.ch7Op2RightScaledCondNormalizedSet_exists_isLeast	NumStability.Analysis.HighamChapter7	NumStability.Source.Higham.Chapter07.LinearSystemsConditioning.Theorem05.Part04	move_candidate	theorem	public	NumStability.ch7Op2RightScaledCondNormalizedSet_exists_isLeast	12223
NumStability.ch7Op2RightScaledCondNormalizedSet_isLeast_iff_reciprocal_normalized	NumStability.Analysis.HighamChapter7	NumStability.Source.Higham.Chapter07.LinearSystemsConditioning.Theorem05.Part02	move_candidate	theorem	public	NumStability.ch7Op2RightScaledCondNormalizedSet_isLeast_iff_reciprocal_normalized	8998
NumStability.ch7Op2RightScaledCondReciprocalCompactCore	NumStability.Analysis.HighamChapter7	NumStability.Source.Higham.Chapter07.LinearSystemsConditioning.Theorem05.Part04	move_candidate	definition	public	NumStability.ch7Op2RightScaledCondReciprocalCompactCore	11981
NumStability.ch7Op2RightScaledCondReciprocalCompactCore_ne_zero	NumStability.Analysis.HighamChapter7	NumStability.Source.Higham.Chapter07.LinearSystemsConditioning.Theorem05.Part04	move_candidate	theorem	public	NumStability.ch7Op2RightScaledCondReciprocalCompactCore_ne_zero	12053
NumStability.ch7Op2RightScaledCondReciprocalCompactCore_subset_Icc	NumStability.Analysis.HighamChapter7	NumStability.Source.Higham.Chapter07.LinearSystemsConditioning.Theorem05.Part04	move_candidate	theorem	public	NumStability.ch7Op2RightScaledCondReciprocalCompactCore_subset_Icc	12032
NumStability.ch7Op2RightScaledCondReciprocalCompactSublevel	NumStability.Analysis.HighamChapter7	NumStability.Source.Higham.Chapter07.LinearSystemsConditioning.Theorem05.Part04	move_candidate	definition	public	NumStability.ch7Op2RightScaledCondReciprocalCompactSublevel	11991
NumStability.ch7Op2RightScaledCondReciprocalNormalizedSet	NumStability.Analysis.HighamChapter7	NumStability.Source.Higham.Chapter07.LinearSystemsConditioning.Theorem05.Part02	move_candidate	definition	public	NumStability.ch7Op2RightScaledCondReciprocalNormalizedSet	8768
NumStability.ch7Op2RightScaledCondReciprocalNormalizedSet_exists_isLeast	NumStability.Analysis.HighamChapter7	NumStability.Source.Higham.Chapter07.LinearSystemsConditioning.Theorem05.Part04	move_candidate	theorem	public	NumStability.ch7Op2RightScaledCondReciprocalNormalizedSet_exists_isLeast	12118
NumStability.ch7Op2RightScaledCondSet	NumStability.Analysis.HighamChapter7	NumStability.Source.Higham.Chapter07.LinearSystemsConditioning.Theorem05.Part02	move_candidate	definition	public	NumStability.ch7Op2RightScaledCondSet	8748
NumStability.ch7Op2RightScaledCondSet_bddBelow	NumStability.Analysis.HighamChapter7	NumStability.Source.Higham.Chapter07.LinearSystemsConditioning.Theorem05.Part02	move_candidate	theorem	public	NumStability.ch7Op2RightScaledCondSet_bddBelow	9041
NumStability.ch7Op2RightScaledCondSet_eq_sum_abs_normalized	NumStability.Analysis.HighamChapter7	NumStability.Source.Higham.Chapter07.LinearSystemsConditioning.Theorem05.Part02	move_candidate	theorem	public	NumStability.ch7Op2RightScaledCondSet_eq_sum_abs_normalized	8944
NumStability.ch7Op2RightScaledCondSet_exists_isLeast	NumStability.Analysis.HighamChapter7	NumStability.Source.Higham.Chapter07.LinearSystemsConditioning.Theorem05.Part04	move_candidate	theorem	public	NumStability.ch7Op2RightScaledCondSet_exists_isLeast	12235
NumStability.ch7Op2RightScaledCondSet_isLeast_iff_sum_abs_normalized	NumStability.Analysis.HighamChapter7	NumStability.Source.Higham.Chapter07.LinearSystemsConditioning.Theorem05.Part02	move_candidate	theorem	public	NumStability.ch7Op2RightScaledCondSet_isLeast_iff_sum_abs_normalized	8964
NumStability.ch7Op2RightScaledCondSet_nonempty	NumStability.Analysis.HighamChapter7	NumStability.Source.Higham.Chapter07.LinearSystemsConditioning.Theorem05.Part02	move_candidate	theorem	public	NumStability.ch7Op2RightScaledCondSet_nonempty	8785
NumStability.ch7Op2RightScaledCondSet_sInf_nonneg	NumStability.Analysis.HighamChapter7	NumStability.Source.Higham.Chapter07.LinearSystemsConditioning.Theorem05.Part02	move_candidate	theorem	public	NumStability.ch7Op2RightScaledCondSet_sInf_nonneg	9050
NumStability.ch7Op2RightScaledCond_global_scale	NumStability.Analysis.HighamChapter7	NumStability.Source.Higham.Chapter07.LinearSystemsConditioning.Theorem05.Part02	move_candidate	theorem	public	NumStability.ch7Op2RightScaledCond_global_scale	8802
NumStability.ch7Op2RightScaledCond_mem_set	NumStability.Analysis.HighamChapter7	NumStability.Source.Higham.Chapter07.LinearSystemsConditioning.Theorem05.Part02	move_candidate	theorem	public	NumStability.ch7Op2RightScaledCond_mem_set	8793
NumStability.ch7Op2RightScaledCond_mem_set_global_scale	NumStability.Analysis.HighamChapter7	NumStability.Source.Higham.Chapter07.LinearSystemsConditioning.Theorem05.Part02	move_candidate	theorem	public	NumStability.ch7Op2RightScaledCond_mem_set_global_scale	8843
NumStability.ch7Op2RightScaledCond_nonneg	NumStability.Analysis.HighamChapter7	NumStability.Source.Higham.Chapter07.LinearSystemsConditioning.Theorem05.Part02	move_candidate	theorem	public	NumStability.ch7Op2RightScaledCond_nonneg	8778
NumStability.ch7Op2RightScaledCond_reciprocal_lower_bound	NumStability.Analysis.HighamChapter7	NumStability.Source.Higham.Chapter07.LinearSystemsConditioning.Theorem05.Part04	move_candidate	theorem	public	NumStability.ch7Op2RightScaledCond_reciprocal_lower_bound	11867
NumStability.ch7Op2RightScaledCond_reciprocal_normalized_inv_abs_le_of_le	NumStability.Analysis.HighamChapter7	NumStability.Source.Higham.Chapter07.LinearSystemsConditioning.Theorem05.Part04	move_candidate	theorem	public	NumStability.ch7Op2RightScaledCond_reciprocal_normalized_inv_abs_le_of_le	11907
NumStability.ch7Op2RightScaledCond_reciprocal_normalized_inv_abs_le_of_le_of_const	NumStability.Analysis.HighamChapter7	NumStability.Source.Higham.Chapter07.LinearSystemsConditioning.Theorem05.Part04	move_candidate	theorem	public	NumStability.ch7Op2RightScaledCond_reciprocal_normalized_inv_abs_le_of_le_of_const	11940
NumStability.ch7Op2RightScaledCond_reciprocal_normalized_lower_exists	NumStability.Analysis.HighamChapter7	NumStability.Source.Higham.Chapter07.LinearSystemsConditioning.Theorem05.Part04	move_candidate	theorem	public	NumStability.ch7Op2RightScaledCond_reciprocal_normalized_lower_exists	11885
NumStability.ch7Op2RightScaledCond_sum_abs_normalized_witness	NumStability.Analysis.HighamChapter7	NumStability.Source.Higham.Chapter07.LinearSystemsConditioning.Theorem05.Part02	move_candidate	theorem	public	NumStability.ch7Op2RightScaledCond_sum_abs_normalized_witness	8905
NumStability.ch7PositiveRowScaledKappaInfSet	NumStability.Analysis.HighamChapter7	NumStability.Source.Higham.Chapter07.LinearSystemsConditioning.RowScaling	move_candidate	definition	public	NumStability.ch7PositiveRowScaledKappaInfSet	7320
NumStability.ch7Problem711AttainingDelta	NumStability.Analysis.HighamChapter7	NumStability.Source.Higham.Chapter07.Equation25.InverseConditioning.ExactPerturbation	move_candidate	definition	public	NumStability.ch7Problem711AttainingDelta	3234
NumStability.ch7Problem711LocalInverseInfNormBound	NumStability.Analysis.HighamChapter7	NumStability.Source.Higham.Chapter07.Equation25.InverseConditioning.ExactPerturbation	move_candidate	definition	public	NumStability.ch7Problem711LocalInverseInfNormBound	5131
NumStability.ch7Problem711LocalInverseInfNormBound_nonneg	NumStability.Analysis.HighamChapter7	NumStability.Source.Higham.Chapter07.Equation25.InverseConditioning.ExactPerturbation	move_candidate	theorem	public	NumStability.ch7Problem711LocalInverseInfNormBound_nonneg	5137
NumStability.ch7Problem711PerturbedInverseCandidate	NumStability.Analysis.HighamChapter7	NumStability.Analysis.Conditioning.LinearSystems.InversePerturbation	move_candidate	definition	public	NumStability.ch7Problem711PerturbedInverseCandidate	4575
NumStability.ch7Problem71ContractionMatrix	NumStability.Analysis.HighamChapter7	NumStability.Source.Higham.Chapter07.LinearSystemsConditioning.Problem01	move_candidate	definition	public	NumStability.ch7Problem71ContractionMatrix	82
NumStability.ch7Problem71ContractionMatrix_nonneg	NumStability.Analysis.HighamChapter7	NumStability.Source.Higham.Chapter07.LinearSystemsConditioning.Problem01	move_candidate	theorem	public	NumStability.ch7Problem71ContractionMatrix_nonneg	88
NumStability.ch7Problem75SVDProjectionNorm	NumStability.Analysis.HighamChapter7	NumStability.Source.Higham.Chapter07.LinearSystemsConditioning.Problem05	move_candidate	definition	public	NumStability.ch7Problem75SVDProjectionNorm	1265
NumStability.ch7Problem75SVDProjectionNorm_nonneg	NumStability.Analysis.HighamChapter7	NumStability.Source.Higham.Chapter07.LinearSystemsConditioning.Problem05	move_candidate	theorem	public	NumStability.ch7Problem75SVDProjectionNorm_nonneg	1280
NumStability.ch7Problem75SVDProjectionNorm_sq	NumStability.Analysis.HighamChapter7	NumStability.Source.Higham.Chapter07.LinearSystemsConditioning.Problem05	move_candidate	theorem	public	NumStability.ch7Problem75SVDProjectionNorm_sq	1290
NumStability.ch7Problem75TailSet	NumStability.Analysis.HighamChapter7	NumStability.Source.Higham.Chapter07.LinearSystemsConditioning.Problem05	move_candidate	definition	public	NumStability.ch7Problem75TailSet	1522
NumStability.ch7Problem75_monomial_mulVec_apply_perm	NumStability.Analysis.HighamChapter7	NumStability.Source.Higham.Chapter07.LinearSystemsConditioning.Problem05	move_candidate	theorem	public	NumStability.ch7Problem75_monomial_mulVec_apply_perm	1220
NumStability.ch7Problem75_monomial_mulVec_norm_sq_eq_sum	NumStability.Analysis.HighamChapter7	NumStability.Source.Higham.Chapter07.LinearSystemsConditioning.Problem05	move_candidate	theorem	public	NumStability.ch7Problem75_monomial_mulVec_norm_sq_eq_sum	1228
NumStability.ch7Problem75_orthonormalBasis_repr_norm_sq	NumStability.Analysis.HighamChapter7	NumStability.Source.Higham.Chapter07.LinearSystemsConditioning.Problem05	move_candidate	theorem	public	NumStability.ch7Problem75_orthonormalBasis_repr_norm_sq	1304
NumStability.ch7Problem78AugMatrix	NumStability.Analysis.HighamChapter7	NumStability.Source.Higham.Chapter07.LinearSystemsConditioning.Problem08RectangularBackwardError	move_candidate	definition	public	NumStability.ch7Problem78AugMatrix	25154
NumStability.ch7Problem78AugVector	NumStability.Analysis.HighamChapter7	NumStability.Source.Higham.Chapter07.LinearSystemsConditioning.Problem08RectangularBackwardError	move_candidate	definition	public	NumStability.ch7Problem78AugVector	25161
NumStability.ch7Problem78AugVector_norm_ne_zero_of_theta_pos	NumStability.Analysis.HighamChapter7	NumStability.Source.Higham.Chapter07.LinearSystemsConditioning.Problem08RectangularBackwardError	move_candidate	theorem	public	NumStability.ch7Problem78AugVector_norm_ne_zero_of_theta_pos	25177
NumStability.ch7Problem78AugVector_norm_sq	NumStability.Analysis.HighamChapter7	NumStability.Source.Higham.Chapter07.LinearSystemsConditioning.Problem08RectangularBackwardError	move_candidate	theorem	public	NumStability.ch7Problem78AugVector_norm_sq	25167
NumStability.ch7Problem78Feasible	NumStability.Analysis.HighamChapter7	NumStability.Source.Higham.Chapter07.LinearSystemsConditioning.Problem08RectangularBackwardError	move_candidate	definition	public	NumStability.ch7Problem78Feasible	25147
NumStability.ch7Problem78RankOneAugMatrix	NumStability.Analysis.HighamChapter7	NumStability.Source.Higham.Chapter07.LinearSystemsConditioning.Problem08RectangularBackwardError	move_candidate	definition	public	NumStability.ch7Problem78RankOneAugMatrix	25356
NumStability.ch7Problem78RankOneDeltaA	NumStability.Analysis.HighamChapter7	NumStability.Source.Higham.Chapter07.LinearSystemsConditioning.Problem08RectangularBackwardError	move_candidate	definition	public	NumStability.ch7Problem78RankOneDeltaA	25363
NumStability.ch7Problem78RankOneDeltaB	NumStability.Analysis.HighamChapter7	NumStability.Source.Higham.Chapter07.LinearSystemsConditioning.Problem08RectangularBackwardError	move_candidate	definition	public	NumStability.ch7Problem78RankOneDeltaB	25369
NumStability.ch7Problem78_augMatrix_mul_augVector_of_feasible	NumStability.Analysis.HighamChapter7	NumStability.Source.Higham.Chapter07.LinearSystemsConditioning.Problem08RectangularBackwardError	move_candidate	theorem	public	NumStability.ch7Problem78_augMatrix_mul_augVector_of_feasible	25222
NumStability.ch7Problem78_augMatrix_rankOneDelta_eq	NumStability.Analysis.HighamChapter7	NumStability.Source.Higham.Chapter07.LinearSystemsConditioning.Problem08RectangularBackwardError	move_candidate	theorem	public	NumStability.ch7Problem78_augMatrix_rankOneDelta_eq	25375
NumStability.ch7Problem78_feasible_of_augMatrix_mul_augVector	NumStability.Analysis.HighamChapter7	NumStability.Source.Higham.Chapter07.LinearSystemsConditioning.Problem08RectangularBackwardError	move_candidate	theorem	public	NumStability.ch7Problem78_feasible_of_augMatrix_mul_augVector	25251
NumStability.ch7Problem78_rankOne_augMatrix_mul_augVector	NumStability.Analysis.HighamChapter7	NumStability.Source.Higham.Chapter07.LinearSystemsConditioning.Problem08RectangularBackwardError	move_candidate	theorem	public	NumStability.ch7Problem78_rankOne_augMatrix_mul_augVector	25391
NumStability.ch7Problem78_source_denominator_eq	NumStability.Analysis.HighamChapter7	NumStability.Source.Higham.Chapter07.LinearSystemsConditioning.Problem08RectangularBackwardError	move_candidate	theorem	public	NumStability.ch7Problem78_source_denominator_eq	25188
NumStability.ch7Problem79AdjointWeight	NumStability.Analysis.HighamChapter7	NumStability.Source.Higham.Chapter07.LinearSystemsConditioning.Problem09Linearized	move_candidate	definition	public	NumStability.ch7Problem79AdjointWeight	2066
NumStability.ch7Problem79AttainingDeltaA	NumStability.Analysis.HighamChapter7	NumStability.Source.Higham.Chapter07.LinearSystemsConditioning.Problem09Linearized	move_candidate	definition	public	NumStability.ch7Problem79AttainingDeltaA	2209
NumStability.ch7Problem79AttainingDeltaB	NumStability.Analysis.HighamChapter7	NumStability.Source.Higham.Chapter07.LinearSystemsConditioning.Problem09Linearized	move_candidate	definition	public	NumStability.ch7Problem79AttainingDeltaB	2217
NumStability.ch7Problem79ComponentwiseExactRadiusRemainderBound	NumStability.Analysis.HighamChapter7	NumStability.Source.Higham.Chapter07.LinearSystemsConditioning.Problem09Exact	move_candidate	definition	public	NumStability.ch7Problem79ComponentwiseExactRadiusRemainderBound	5944
NumStability.ch7Problem79ComponentwiseExactRadiusRemainderBound_nonneg	NumStability.Analysis.HighamChapter7	NumStability.Source.Higham.Chapter07.LinearSystemsConditioning.Problem09Exact	move_candidate	theorem	public	NumStability.ch7Problem79ComponentwiseExactRadiusRemainderBound_nonneg	5951
NumStability.ch7Problem79ComponentwiseExactRadiusSet_value_le	NumStability.Analysis.HighamChapter7	NumStability.Source.Higham.Chapter07.LinearSystemsConditioning.Problem09Exact	move_candidate	theorem	public	NumStability.ch7Problem79ComponentwiseExactRadiusSet_value_le	5962
NumStability.ch7Problem79ComponentwiseExactRadiusSup	NumStability.Analysis.HighamChapter7	NumStability.Source.Higham.Chapter07.LinearSystemsConditioning.Problem09Exact	move_candidate	definition	public	NumStability.ch7Problem79ComponentwiseExactRadiusSup	5918
NumStability.ch7Problem79ComponentwiseExactRemainderBound	NumStability.Analysis.HighamChapter7	NumStability.Source.Higham.Chapter07.LinearSystemsConditioning.Problem09Exact	move_candidate	definition	public	NumStability.ch7Problem79ComponentwiseExactRemainderBound	5476
NumStability.ch7Problem79ComponentwiseExactRemainderBound_nonneg	NumStability.Analysis.HighamChapter7	NumStability.Source.Higham.Chapter07.LinearSystemsConditioning.Problem09Exact	move_candidate	theorem	public	NumStability.ch7Problem79ComponentwiseExactRemainderBound_nonneg	5487
NumStability.ch7Problem79ComponentwiseLinearizedRadiusSet_value_le	NumStability.Analysis.HighamChapter7	NumStability.Source.Higham.Chapter07.LinearSystemsConditioning.Problem09Linearized	move_candidate	theorem	public	NumStability.ch7Problem79ComponentwiseLinearizedRadiusSet_value_le	2927
NumStability.ch7Problem79ComponentwiseLinearizedRadiusSup	NumStability.Analysis.HighamChapter7	NumStability.Source.Higham.Chapter07.LinearSystemsConditioning.Problem09Linearized	move_candidate	definition	public	NumStability.ch7Problem79ComponentwiseLinearizedRadiusSup	2902
NumStability.ch7Problem79ComponentwiseLinearizedRadiusSup_eq	NumStability.Analysis.HighamChapter7	NumStability.Source.Higham.Chapter07.LinearSystemsConditioning.Problem09Linearized	move_candidate	theorem	public	NumStability.ch7Problem79ComponentwiseLinearizedRadiusSup_eq	2963
NumStability.ch7Problem79ComponentwiseRhsEnvelope	NumStability.Analysis.HighamChapter7	NumStability.Source.Higham.Chapter07.LinearSystemsConditioning.Problem09Exact	move_candidate	definition	public	NumStability.ch7Problem79ComponentwiseRhsEnvelope	5461
NumStability.ch7Problem79ComponentwiseRhsEnvelope_nonneg	NumStability.Analysis.HighamChapter7	NumStability.Source.Higham.Chapter07.LinearSystemsConditioning.Problem09Exact	move_candidate	theorem	public	NumStability.ch7Problem79ComponentwiseRhsEnvelope_nonneg	5467
NumStability.ch7Problem79ComponentwiseSensitivity	NumStability.Analysis.HighamChapter7	NumStability.Source.Higham.Chapter07.LinearSystemsConditioning.Problem09Linearized	move_candidate	definition	public	NumStability.ch7Problem79ComponentwiseSensitivity	2080
NumStability.ch7Problem79ComponentwiseSensitivity_ge_abs_functional_of_abs_matrix	NumStability.Analysis.HighamChapter7	NumStability.Source.Higham.Chapter07.LinearSystemsConditioning.Problem09Linearized	move_candidate	theorem	public	NumStability.ch7Problem79ComponentwiseSensitivity_ge_abs_functional_of_abs_matrix	2400
NumStability.ch7Problem79ComponentwiseSensitivity_ge_abs_functional_of_abs_rhs	NumStability.Analysis.HighamChapter7	NumStability.Source.Higham.Chapter07.LinearSystemsConditioning.Problem09Linearized	move_candidate	theorem	public	NumStability.ch7Problem79ComponentwiseSensitivity_ge_abs_functional_of_abs_rhs	2439
NumStability.ch7Problem79ComponentwiseSensitivity_nonneg	NumStability.Analysis.HighamChapter7	NumStability.Source.Higham.Chapter07.LinearSystemsConditioning.Problem09Linearized	move_candidate	theorem	public	NumStability.ch7Problem79ComponentwiseSensitivity_nonneg	2102
NumStability.ch7Problem79ExactScalarRelativeChange	NumStability.Analysis.HighamChapter7	NumStability.Source.Higham.Chapter07.LinearSystemsConditioning.Problem09Exact	move_candidate	definition	public	NumStability.ch7Problem79ExactScalarRelativeChange	5453
NumStability.ch7Problem79FirstOrderChange	NumStability.Analysis.HighamChapter7	NumStability.Source.Higham.Chapter07.LinearSystemsConditioning.Problem09Linearized	move_candidate	definition	public	NumStability.ch7Problem79FirstOrderChange	2071
NumStability.ch7Problem79LinearizedCond	NumStability.Analysis.HighamChapter7	NumStability.Source.Higham.Chapter07.LinearSystemsConditioning.Problem09Linearized	move_candidate	definition	public	NumStability.ch7Problem79LinearizedCond	2087
NumStability.ch7Problem79LinearizedRelativeChange	NumStability.Analysis.HighamChapter7	NumStability.Source.Higham.Chapter07.LinearSystemsConditioning.Problem09Linearized	move_candidate	definition	public	NumStability.ch7Problem79LinearizedRelativeChange	2094
NumStability.ch7Problem79NormwiseAttainingDeltaA	NumStability.Analysis.HighamChapter7	NumStability.Source.Higham.Chapter07.LinearSystemsConditioning.Problem09Linearized	move_candidate	definition	public	NumStability.ch7Problem79NormwiseAttainingDeltaA	2697
NumStability.ch7Problem79NormwiseAttainingDeltaB	NumStability.Analysis.HighamChapter7	NumStability.Source.Higham.Chapter07.LinearSystemsConditioning.Problem09Linearized	move_candidate	definition	public	NumStability.ch7Problem79NormwiseAttainingDeltaB	2678
NumStability.ch7Problem79NormwiseAttainingMatrixTarget	NumStability.Analysis.HighamChapter7	NumStability.Source.Higham.Chapter07.LinearSystemsConditioning.Problem09Linearized	move_candidate	definition	public	NumStability.ch7Problem79NormwiseAttainingMatrixTarget	2687
NumStability.ch7Problem79NormwiseConstantEnvelopeMatrix	NumStability.Analysis.HighamChapter7	NumStability.Source.Higham.Chapter07.LinearSystemsConditioning.Problem09Linearized	move_candidate	definition	public	NumStability.ch7Problem79NormwiseConstantEnvelopeMatrix	2607
NumStability.ch7Problem79NormwiseConstantEnvelopeVector	NumStability.Analysis.HighamChapter7	NumStability.Source.Higham.Chapter07.LinearSystemsConditioning.Problem09Linearized	move_candidate	definition	public	NumStability.ch7Problem79NormwiseConstantEnvelopeVector	2615
NumStability.ch7Problem79NormwiseExactRadiusRemainderBound	NumStability.Analysis.HighamChapter7	NumStability.Source.Higham.Chapter07.LinearSystemsConditioning.Problem09Exact	move_candidate	definition	public	NumStability.ch7Problem79NormwiseExactRadiusRemainderBound	6412
NumStability.ch7Problem79NormwiseExactRadiusRemainderBound_nonneg	NumStability.Analysis.HighamChapter7	NumStability.Source.Higham.Chapter07.LinearSystemsConditioning.Problem09Exact	move_candidate	theorem	public	NumStability.ch7Problem79NormwiseExactRadiusRemainderBound_nonneg	6420
NumStability.ch7Problem79NormwiseExactRadiusSet_value_le	NumStability.Analysis.HighamChapter7	NumStability.Source.Higham.Chapter07.LinearSystemsConditioning.Problem09Exact	move_candidate	theorem	public	NumStability.ch7Problem79NormwiseExactRadiusSet_value_le	6433
NumStability.ch7Problem79NormwiseExactRadiusSup	NumStability.Analysis.HighamChapter7	NumStability.Source.Higham.Chapter07.LinearSystemsConditioning.Problem09Exact	move_candidate	definition	public	NumStability.ch7Problem79NormwiseExactRadiusSup	6383
NumStability.ch7Problem79NormwiseExactRemainderBound	NumStability.Analysis.HighamChapter7	NumStability.Source.Higham.Chapter07.LinearSystemsConditioning.Problem09Exact	move_candidate	definition	public	NumStability.ch7Problem79NormwiseExactRemainderBound	6160
NumStability.ch7Problem79NormwiseExactRemainderBound_nonneg	NumStability.Analysis.HighamChapter7	NumStability.Source.Higham.Chapter07.LinearSystemsConditioning.Problem09Exact	move_candidate	theorem	public	NumStability.ch7Problem79NormwiseExactRemainderBound_nonneg	6171
NumStability.ch7Problem79NormwiseLinearizedCond	NumStability.Analysis.HighamChapter7	NumStability.Source.Higham.Chapter07.LinearSystemsConditioning.Problem09Linearized	move_candidate	definition	public	NumStability.ch7Problem79NormwiseLinearizedCond	2527
NumStability.ch7Problem79NormwiseLinearizedRadiusSet_value_le	NumStability.Analysis.HighamChapter7	NumStability.Source.Higham.Chapter07.LinearSystemsConditioning.Problem09Linearized	move_candidate	theorem	public	NumStability.ch7Problem79NormwiseLinearizedRadiusSet_value_le	3072
NumStability.ch7Problem79NormwiseLinearizedRadiusSup	NumStability.Analysis.HighamChapter7	NumStability.Source.Higham.Chapter07.LinearSystemsConditioning.Problem09Linearized	move_candidate	definition	public	NumStability.ch7Problem79NormwiseLinearizedRadiusSup	3045
NumStability.ch7Problem79NormwiseLinearizedRadiusSup_eq	NumStability.Analysis.HighamChapter7	NumStability.Source.Higham.Chapter07.LinearSystemsConditioning.Problem09Linearized	move_candidate	theorem	public	NumStability.ch7Problem79NormwiseLinearizedRadiusSup_eq	3114
NumStability.ch7Problem79NormwiseSensitivity	NumStability.Analysis.HighamChapter7	NumStability.Source.Higham.Chapter07.LinearSystemsConditioning.Problem09Linearized	move_candidate	definition	public	NumStability.ch7Problem79NormwiseSensitivity	2518
NumStability.ch7Problem79NormwiseSensitivity_nonneg	NumStability.Analysis.HighamChapter7	NumStability.Source.Higham.Chapter07.LinearSystemsConditioning.Problem09Linearized	move_candidate	theorem	public	NumStability.ch7Problem79NormwiseSensitivity_nonneg	2535
NumStability.ch7Problem79PerturbedSolutionWithInverse	NumStability.Analysis.HighamChapter7	NumStability.Source.Higham.Chapter07.LinearSystemsConditioning.Problem09Exact	move_candidate	definition	public	NumStability.ch7Problem79PerturbedSolutionWithInverse	5447
NumStability.ch7Problem79_adjointWeight_mul_vec_eq_linearFunctional_matMulVec	NumStability.Analysis.HighamChapter7	NumStability.Source.Higham.Chapter07.LinearSystemsConditioning.Problem09Linearized	move_candidate	theorem	public	NumStability.ch7Problem79_adjointWeight_mul_vec_eq_linearFunctional_matMulVec	2358
NumStability.ch7Problem79_attainingDeltaA_bound	NumStability.Analysis.HighamChapter7	NumStability.Source.Higham.Chapter07.LinearSystemsConditioning.Problem09Linearized	move_candidate	theorem	public	NumStability.ch7Problem79_attainingDeltaA_bound	2224
NumStability.ch7Problem79_attainingDeltaB_bound	NumStability.Analysis.HighamChapter7	NumStability.Source.Higham.Chapter07.LinearSystemsConditioning.Problem09Linearized	move_candidate	theorem	public	NumStability.ch7Problem79_attainingDeltaB_bound	2237
NumStability.ch7Problem79_attaining_firstOrder_eq	NumStability.Analysis.HighamChapter7	NumStability.Source.Higham.Chapter07.LinearSystemsConditioning.Problem09Linearized	move_candidate	theorem	public	NumStability.ch7Problem79_attaining_firstOrder_eq	2249
NumStability.ch7Problem79_delta_rhs_abs_le_envelope	NumStability.Analysis.HighamChapter7	NumStability.Source.Higham.Chapter07.LinearSystemsConditioning.Problem09Exact	move_candidate	theorem	public	NumStability.ch7Problem79_delta_rhs_abs_le_envelope	5503
NumStability.ch7Problem79_delta_rhs_infNormVec_le_envelope	NumStability.Analysis.HighamChapter7	NumStability.Source.Higham.Chapter07.LinearSystemsConditioning.Problem09Exact	move_candidate	theorem	public	NumStability.ch7Problem79_delta_rhs_infNormVec_le_envelope	5551
NumStability.ch7Problem79_exact_delta_vector_decomposition	NumStability.Analysis.HighamChapter7	NumStability.Source.Higham.Chapter07.LinearSystemsConditioning.Problem09Exact	move_candidate	theorem	public	NumStability.ch7Problem79_exact_delta_vector_decomposition	5565
NumStability.ch7Problem79_exact_scalar_decomposition	NumStability.Analysis.HighamChapter7	NumStability.Source.Higham.Chapter07.LinearSystemsConditioning.Problem09Exact	move_candidate	theorem	public	NumStability.ch7Problem79_exact_scalar_decomposition	5636
NumStability.ch7Problem79_exact_scalar_remainder_abs_le	NumStability.Analysis.HighamChapter7	NumStability.Source.Higham.Chapter07.LinearSystemsConditioning.Problem09Exact	move_candidate	theorem	public	NumStability.ch7Problem79_exact_scalar_remainder_abs_le	5674
NumStability.ch7Problem79_firstOrder_abs_le	NumStability.Analysis.HighamChapter7	NumStability.Source.Higham.Chapter07.LinearSystemsConditioning.Problem09Linearized	move_candidate	theorem	public	NumStability.ch7Problem79_firstOrder_abs_le	2113
NumStability.ch7Problem79_linearFunctional_eq_adjointWeight_mul_Ax	NumStability.Analysis.HighamChapter7	NumStability.Source.Higham.Chapter07.LinearSystemsConditioning.Problem09Linearized	move_candidate	theorem	public	NumStability.ch7Problem79_linearFunctional_eq_adjointWeight_mul_Ax	2379
NumStability.ch7Problem79_linearizedRelativeChange_le	NumStability.Analysis.HighamChapter7	NumStability.Source.Higham.Chapter07.LinearSystemsConditioning.Problem09Linearized	move_candidate	theorem	public	NumStability.ch7Problem79_linearizedRelativeChange_le	2185
NumStability.ch7Problem79_matMulVec_finiteBasisVec	NumStability.Analysis.HighamChapter7	NumStability.Source.Higham.Chapter07.LinearSystemsConditioning.Problem09Linearized	move_candidate	theorem	public	NumStability.ch7Problem79_matMulVec_finiteBasisVec	2626
NumStability.ch7Problem79_normwiseAttainingDeltaA_bound	NumStability.Analysis.HighamChapter7	NumStability.Source.Higham.Chapter07.LinearSystemsConditioning.Problem09Linearized	move_candidate	theorem	public	NumStability.ch7Problem79_normwiseAttainingDeltaA_bound	2747
NumStability.ch7Problem79_normwiseAttainingDeltaB_bound	NumStability.Analysis.HighamChapter7	NumStability.Source.Higham.Chapter07.LinearSystemsConditioning.Problem09Linearized	move_candidate	theorem	public	NumStability.ch7Problem79_normwiseAttainingDeltaB_bound	2705
NumStability.ch7Problem79_normwiseAttainingMatrixTarget_norm	NumStability.Analysis.HighamChapter7	NumStability.Source.Higham.Chapter07.LinearSystemsConditioning.Problem09Linearized	move_candidate	theorem	public	NumStability.ch7Problem79_normwiseAttainingMatrixTarget_norm	2724
NumStability.ch7Problem79_normwiseLinearizedRelativeChange_le	NumStability.Analysis.HighamChapter7	NumStability.Source.Higham.Chapter07.LinearSystemsConditioning.Problem09Linearized	move_candidate	theorem	public	NumStability.ch7Problem79_normwiseLinearizedRelativeChange_le	2583
NumStability.ch7Problem79_normwise_attaining_firstOrder_eq	NumStability.Analysis.HighamChapter7	NumStability.Source.Higham.Chapter07.LinearSystemsConditioning.Problem09Linearized	move_candidate	theorem	public	NumStability.ch7Problem79_normwise_attaining_firstOrder_eq	2766
NumStability.ch7Problem79_normwise_deltaA_componentwise_bound	NumStability.Analysis.HighamChapter7	NumStability.Source.Higham.Chapter07.LinearSystemsConditioning.Problem09Linearized	move_candidate	theorem	public	NumStability.ch7Problem79_normwise_deltaA_componentwise_bound	2633
NumStability.ch7Problem79_normwise_deltaB_componentwise_bound	NumStability.Analysis.HighamChapter7	NumStability.Source.Higham.Chapter07.LinearSystemsConditioning.Problem09Linearized	move_candidate	theorem	public	NumStability.ch7Problem79_normwise_deltaB_componentwise_bound	2643
NumStability.ch7Problem79_normwise_delta_rhs_infNormVec_le_envelope	NumStability.Analysis.HighamChapter7	NumStability.Source.Higham.Chapter07.LinearSystemsConditioning.Problem09Linearized	move_candidate	theorem	public	NumStability.ch7Problem79_normwise_delta_rhs_infNormVec_le_envelope	2650
NumStability.ch7Problem79_normwise_firstOrder_abs_le	NumStability.Analysis.HighamChapter7	NumStability.Source.Higham.Chapter07.LinearSystemsConditioning.Problem09Linearized	move_candidate	theorem	public	NumStability.ch7Problem79_normwise_firstOrder_abs_le	2548
NumStability.ch7Problem79_vecNorm2_finiteBasisVec	NumStability.Analysis.HighamChapter7	NumStability.Source.Higham.Chapter07.LinearSystemsConditioning.Problem09Linearized	move_candidate	theorem	public	NumStability.ch7Problem79_vecNorm2_finiteBasisVec	2621
NumStability.ch7RectColumnLpNormOfReal	NumStability.Analysis.HighamChapter7	NumStability.Source.Higham.Chapter07.LinearSystemsConditioning.Theorem05.Part01	move_candidate	definition	public	NumStability.ch7RectColumnLpNormOfReal	7629
NumStability.ch7RectColumnLpNormOfReal_nonneg	NumStability.Analysis.HighamChapter7	NumStability.Source.Higham.Chapter07.LinearSystemsConditioning.Theorem05.Part01	move_candidate	theorem	public	NumStability.ch7RectColumnLpNormOfReal_nonneg	7636
NumStability.ch7RectColumnLpNormOfReal_pos_of_rect_left_inverse	NumStability.Analysis.HighamChapter7	NumStability.Source.Higham.Chapter07.LinearSystemsConditioning.Theorem05.Part01	move_candidate	theorem	public	NumStability.ch7RectColumnLpNormOfReal_pos_of_rect_left_inverse	7644
NumStability.ch7RectColumnLpNormOfReal_rightScale	NumStability.Analysis.HighamChapter7	NumStability.Source.Higham.Chapter07.LinearSystemsConditioning.Theorem05.Part01	move_candidate	theorem	public	NumStability.ch7RectColumnLpNormOfReal_rightScale	7816
NumStability.ch7RectColumnLpNormOfReal_rightScale_equilibrating	NumStability.Analysis.HighamChapter7	NumStability.Source.Higham.Chapter07.LinearSystemsConditioning.Theorem05.Part01	move_candidate	theorem	public	NumStability.ch7RectColumnLpNormOfReal_rightScale_equilibrating	7840
NumStability.ch7RectColumnNorm1	NumStability.Analysis.HighamChapter7	NumStability.Source.Higham.Chapter07.LinearSystemsConditioning.Theorem05.Part01	move_candidate	definition	public	NumStability.ch7RectColumnNorm1	8346
NumStability.ch7RectColumnNorm1_nonneg	NumStability.Analysis.HighamChapter7	NumStability.Source.Higham.Chapter07.LinearSystemsConditioning.Theorem05.Part01	move_candidate	theorem	public	NumStability.ch7RectColumnNorm1_nonneg	8386
NumStability.ch7RectColumnNorm1_pos_of_rect_left_inverse	NumStability.Analysis.HighamChapter7	NumStability.Source.Higham.Chapter07.LinearSystemsConditioning.Theorem05.Part01	move_candidate	theorem	public	NumStability.ch7RectColumnNorm1_pos_of_rect_left_inverse	8392
NumStability.ch7RectColumnNorm1_rightScale_equilibrating	NumStability.Analysis.HighamChapter7	NumStability.Source.Higham.Chapter07.LinearSystemsConditioning.Theorem05.Part01	move_candidate	theorem	public	NumStability.ch7RectColumnNorm1_rightScale_equilibrating	8431
NumStability.ch7RectColumnNorm2	NumStability.Analysis.HighamChapter7	NumStability.Source.Higham.Chapter07.LinearSystemsConditioning.Theorem05.Part01	move_candidate	definition	public	NumStability.ch7RectColumnNorm2	7791
NumStability.ch7RectColumnNorm2_Aplus_pos_of_rect_right_inverse	NumStability.Analysis.HighamChapter7	NumStability.Source.Higham.Chapter07.LinearSystemsConditioning.Theorem05.Part04	move_candidate	theorem	public	NumStability.ch7RectColumnNorm2_Aplus_pos_of_rect_right_inverse	12988
NumStability.ch7RectColumnNorm2_finiteTranspose_eq_rowNorm2	NumStability.Analysis.HighamChapter7	NumStability.Source.Higham.Chapter07.LinearSystemsConditioning.Theorem05.Part04	move_candidate	theorem	public	NumStability.ch7RectColumnNorm2_finiteTranspose_eq_rowNorm2	11821
NumStability.ch7RectColumnNorm2_finiteTranspose_leftScale_eq	NumStability.Analysis.HighamChapter7	NumStability.Source.Higham.Chapter07.LinearSystemsConditioning.Theorem05.Part04	move_candidate	theorem	public	NumStability.ch7RectColumnNorm2_finiteTranspose_leftScale_eq	12311
NumStability.ch7RectColumnNorm2_le_complexMatrixOp2_realRectToCMatrix	NumStability.Analysis.HighamChapter7	NumStability.Source.Higham.Chapter07.LinearSystemsConditioning.Theorem05.Part01	move_candidate	theorem	public	NumStability.ch7RectColumnNorm2_le_complexMatrixOp2_realRectToCMatrix	8209
NumStability.ch7RectColumnNorm2_le_frobNormRect	NumStability.Analysis.HighamChapter7	NumStability.Source.Higham.Chapter07.LinearSystemsConditioning.Theorem05.Part01	move_candidate	theorem	public	NumStability.ch7RectColumnNorm2_le_frobNormRect	8228
NumStability.ch7RectColumnNorm2_nonneg	NumStability.Analysis.HighamChapter7	NumStability.Source.Higham.Chapter07.LinearSystemsConditioning.Theorem05.Part01	move_candidate	theorem	public	NumStability.ch7RectColumnNorm2_nonneg	7879
NumStability.ch7RectColumnNorm2_pos_of_rect_left_inverse	NumStability.Analysis.HighamChapter7	NumStability.Source.Higham.Chapter07.LinearSystemsConditioning.Theorem05.Part01	move_candidate	theorem	public	NumStability.ch7RectColumnNorm2_pos_of_rect_left_inverse	7884
NumStability.ch7RectColumnNorm2_rightScale_eq	NumStability.Analysis.HighamChapter7	NumStability.Source.Higham.Chapter07.LinearSystemsConditioning.Theorem05.Part01	move_candidate	theorem	public	NumStability.ch7RectColumnNorm2_rightScale_eq	8294
NumStability.ch7RectColumnNorm2_rightScale_equilibrating	NumStability.Analysis.HighamChapter7	NumStability.Source.Higham.Chapter07.LinearSystemsConditioning.Theorem05.Part01	move_candidate	theorem	public	NumStability.ch7RectColumnNorm2_rightScale_equilibrating	8316
NumStability.ch7RectLeftScale	NumStability.Analysis.HighamChapter7	NumStability.Source.Higham.Chapter07.LinearSystemsConditioning.Theorem05.Part01	move_candidate	definition	public	NumStability.ch7RectLeftScale	8352
NumStability.ch7RectLeftScale_rectOpNorm2Le_of_abs_le	NumStability.Analysis.HighamChapter7	NumStability.Source.Higham.Chapter07.LinearSystemsConditioning.Theorem05.Part02	move_candidate	theorem	public	NumStability.ch7RectLeftScale_rectOpNorm2Le_of_abs_le	8681
NumStability.ch7RectLeftScale_row_dual_lpNorm_le_matrixLpNormOfReal	NumStability.Analysis.HighamChapter7	NumStability.Source.Higham.Chapter07.LinearSystemsConditioning.Theorem05.Part03	move_candidate	theorem	public	NumStability.ch7RectLeftScale_row_dual_lpNorm_le_matrixLpNormOfReal	10174
NumStability.ch7RectLeftScale_row_norm_le_complexMatrixOp2	NumStability.Analysis.HighamChapter7	NumStability.Source.Higham.Chapter07.LinearSystemsConditioning.Theorem05.Part04	move_candidate	theorem	public	NumStability.ch7RectLeftScale_row_norm_le_complexMatrixOp2	11857
NumStability.ch7RectLeftScale_row_sum_abs	NumStability.Analysis.HighamChapter7	NumStability.Source.Higham.Chapter07.LinearSystemsConditioning.Theorem05.Part05	move_candidate	theorem	public	NumStability.ch7RectLeftScale_row_sum_abs	13366
NumStability.ch7RectMatMulVecLinearMap	NumStability.Analysis.HighamChapter7	NumStability.Analysis.Conditioning.LinearSystems.InversePerturbation	move_candidate	definition	public	NumStability.ch7RectMatMulVecLinearMap	7913
NumStability.ch7RectRankOneDivVecNorm2Sq	NumStability.Analysis.HighamChapter7	NumStability.Source.Higham.Chapter07.LinearSystemsConditioning.Problem08RectangularBackwardError	move_candidate	definition	public	NumStability.ch7RectRankOneDivVecNorm2Sq	25312
NumStability.ch7RectRankOneDivVecNorm2Sq_mul_vec	NumStability.Analysis.HighamChapter7	NumStability.Source.Higham.Chapter07.LinearSystemsConditioning.Problem08RectangularBackwardError	move_candidate	theorem	public	NumStability.ch7RectRankOneDivVecNorm2Sq_mul_vec	25318
NumStability.ch7RectResidual	NumStability.Analysis.HighamChapter7	NumStability.Source.Higham.Chapter07.LinearSystemsConditioning.Problem08RectangularBackwardError	move_candidate	definition	public	NumStability.ch7RectResidual	25141
NumStability.ch7RectRightScale	NumStability.Analysis.HighamChapter7	NumStability.Source.Higham.Chapter07.LinearSystemsConditioning.Theorem05.Part01	move_candidate	definition	public	NumStability.ch7RectRightScale	7797
NumStability.ch7RectRightScale_column_norm_le_complexMatrixOp2	NumStability.Analysis.HighamChapter7	NumStability.Source.Higham.Chapter07.LinearSystemsConditioning.Theorem05.Part01	move_candidate	theorem	public	NumStability.ch7RectRightScale_column_norm_le_complexMatrixOp2	8306
NumStability.ch7RectRightScale_column_sum_abs	NumStability.Analysis.HighamChapter7	NumStability.Source.Higham.Chapter07.LinearSystemsConditioning.Theorem05.Part01	move_candidate	theorem	public	NumStability.ch7RectRightScale_column_sum_abs	8417
NumStability.ch7RectRightScale_rectOpNorm2Le_of_abs_le	NumStability.Analysis.HighamChapter7	NumStability.Source.Higham.Chapter07.LinearSystemsConditioning.Theorem05.Part02	move_candidate	theorem	public	NumStability.ch7RectRightScale_rectOpNorm2Le_of_abs_le	8712
NumStability.ch7RectRowDualLpNormOfReal	NumStability.Analysis.HighamChapter7	NumStability.Source.Higham.Chapter07.LinearSystemsConditioning.Theorem05.Part02	move_candidate	definition	public	NumStability.ch7RectRowDualLpNormOfReal	10062
NumStability.ch7RectRowDualLpNormOfReal_le_matrixLpNormOfReal	NumStability.Analysis.HighamChapter7	NumStability.Source.Higham.Chapter07.LinearSystemsConditioning.Theorem05.Part02	move_candidate	theorem	public	NumStability.ch7RectRowDualLpNormOfReal_le_matrixLpNormOfReal	10078
NumStability.ch7RectRowDualLpNormOfReal_leftScale	NumStability.Analysis.HighamChapter7	NumStability.Source.Higham.Chapter07.LinearSystemsConditioning.Theorem05.Part03	move_candidate	theorem	public	NumStability.ch7RectRowDualLpNormOfReal_leftScale	10151
NumStability.ch7RectRowDualLpNormOfReal_leftScale_equilibrating	NumStability.Analysis.HighamChapter7	NumStability.Source.Higham.Chapter07.LinearSystemsConditioning.Theorem05.Part03	move_candidate	theorem	public	NumStability.ch7RectRowDualLpNormOfReal_leftScale_equilibrating	10631
NumStability.ch7RectRowDualLpNormOfReal_nonneg	NumStability.Analysis.HighamChapter7	NumStability.Source.Higham.Chapter07.LinearSystemsConditioning.Theorem05.Part02	move_candidate	theorem	public	NumStability.ch7RectRowDualLpNormOfReal_nonneg	10070
NumStability.ch7RectRowDualLpNormOfReal_pos_of_rect_right_inverse	NumStability.Analysis.HighamChapter7	NumStability.Source.Higham.Chapter07.LinearSystemsConditioning.Theorem05.Part03	move_candidate	theorem	public	NumStability.ch7RectRowDualLpNormOfReal_pos_of_rect_right_inverse	10102
NumStability.ch7RectRowNorm1	NumStability.Analysis.HighamChapter7	NumStability.Source.Higham.Chapter07.LinearSystemsConditioning.Theorem05.Part04	move_candidate	definition	public	NumStability.ch7RectRowNorm1	13322
NumStability.ch7RectRowNorm1_leftScale_equilibrating	NumStability.Analysis.HighamChapter7	NumStability.Source.Higham.Chapter07.LinearSystemsConditioning.Theorem05.Part05	move_candidate	theorem	public	NumStability.ch7RectRowNorm1_leftScale_equilibrating	13380
NumStability.ch7RectRowNorm1_nonneg	NumStability.Analysis.HighamChapter7	NumStability.Source.Higham.Chapter07.LinearSystemsConditioning.Theorem05.Part05	move_candidate	theorem	public	NumStability.ch7RectRowNorm1_nonneg	13335
NumStability.ch7RectRowNorm1_pos_of_rect_right_inverse	NumStability.Analysis.HighamChapter7	NumStability.Source.Higham.Chapter07.LinearSystemsConditioning.Theorem05.Part05	move_candidate	theorem	public	NumStability.ch7RectRowNorm1_pos_of_rect_right_inverse	13341
NumStability.ch7RectRowNorm2	NumStability.Analysis.HighamChapter7	NumStability.Source.Higham.Chapter07.LinearSystemsConditioning.Theorem05.Part03	move_candidate	definition	public	NumStability.ch7RectRowNorm2	11787
NumStability.ch7RectRowNorm2_Aplus_pos_of_rect_left_inverse	NumStability.Analysis.HighamChapter7	NumStability.Source.Higham.Chapter07.LinearSystemsConditioning.Theorem05.Part04	move_candidate	theorem	public	NumStability.ch7RectRowNorm2_Aplus_pos_of_rect_left_inverse	12247
NumStability.ch7RectRowNorm2_le_complexMatrixOp2_realRectToCMatrix	NumStability.Analysis.HighamChapter7	NumStability.Source.Higham.Chapter07.LinearSystemsConditioning.Theorem05.Part04	move_candidate	theorem	public	NumStability.ch7RectRowNorm2_le_complexMatrixOp2_realRectToCMatrix	11826
NumStability.ch7RectRowNorm2_leftScale_eq	NumStability.Analysis.HighamChapter7	NumStability.Source.Higham.Chapter07.LinearSystemsConditioning.Theorem05.Part04	move_candidate	theorem	public	NumStability.ch7RectRowNorm2_leftScale_eq	11850
NumStability.ch7RectRowNorm2_leftScale_equilibrating	NumStability.Analysis.HighamChapter7	NumStability.Source.Higham.Chapter07.LinearSystemsConditioning.Theorem05.Part04	move_candidate	theorem	public	NumStability.ch7RectRowNorm2_leftScale_equilibrating	12318
NumStability.ch7RectRowNorm2_nonneg	NumStability.Analysis.HighamChapter7	NumStability.Source.Higham.Chapter07.LinearSystemsConditioning.Theorem05.Part03	move_candidate	theorem	public	NumStability.ch7RectRowNorm2_nonneg	11799
NumStability.ch7RectRowNorm2_pos_of_rect_right_inverse	NumStability.Analysis.HighamChapter7	NumStability.Source.Higham.Chapter07.LinearSystemsConditioning.Theorem05.Part04	move_candidate	theorem	public	NumStability.ch7RectRowNorm2_pos_of_rect_right_inverse	11804
NumStability.ch7ResidualImage	NumStability.Analysis.HighamChapter7	NumStability.Source.Higham.Chapter07.LinearSystemsConditioning.ForwardErrorKernels	move_candidate	definition	public	NumStability.ch7ResidualImage	48
NumStability.ch7RowDualEquilibratingScaleLpOfReal	NumStability.Analysis.HighamChapter7	NumStability.Source.Higham.Chapter07.LinearSystemsConditioning.Theorem05.Part03	move_candidate	definition	public	NumStability.ch7RowDualEquilibratingScaleLpOfReal	10145
NumStability.ch7RowEquilibratingScale	NumStability.Analysis.HighamChapter7	NumStability.Source.Higham.Chapter07.LinearSystemsConditioning.RowScaling	move_candidate	definition	public	NumStability.ch7RowEquilibratingScale	7374
NumStability.ch7RowEquilibratingScale1Rect	NumStability.Analysis.HighamChapter7	NumStability.Source.Higham.Chapter07.LinearSystemsConditioning.Theorem05.Part05	move_candidate	definition	public	NumStability.ch7RowEquilibratingScale1Rect	13329
NumStability.ch7RowEquilibratingScale2Rect	NumStability.Analysis.HighamChapter7	NumStability.Source.Higham.Chapter07.LinearSystemsConditioning.Theorem05.Part03	move_candidate	definition	public	NumStability.ch7RowEquilibratingScale2Rect	11793
NumStability.ch7RowEquilibratingScaleInv	NumStability.Analysis.HighamChapter7	NumStability.Source.Higham.Chapter07.LinearSystemsConditioning.RowScaling	move_candidate	definition	public	NumStability.ch7RowEquilibratingScaleInv	7380
NumStability.ch7RowEquilibratingScaleInv_mul_scale	NumStability.Analysis.HighamChapter7	NumStability.Source.Higham.Chapter07.LinearSystemsConditioning.RowScaling	move_candidate	theorem	public	NumStability.ch7RowEquilibratingScaleInv_mul_scale	7426
NumStability.ch7RowEquilibratingScale_pos_of_right_inverse	NumStability.Analysis.HighamChapter7	NumStability.Source.Higham.Chapter07.LinearSystemsConditioning.RowScaling	move_candidate	theorem	public	NumStability.ch7RowEquilibratingScale_pos_of_right_inverse	7416
NumStability.ch7RowScale	NumStability.Analysis.HighamChapter7	NumStability.Source.Higham.Chapter07.LinearSystemsConditioning.RowScaling	move_candidate	definition	public	NumStability.ch7RowScale	6712
NumStability.ch7RowScale_inverse	NumStability.Analysis.HighamChapter7	NumStability.Source.Higham.Chapter07.LinearSystemsConditioning.RowScaling	move_candidate	theorem	public	NumStability.ch7RowScale_inverse	6777
NumStability.ch7RowScale_left_inverse	NumStability.Analysis.HighamChapter7	NumStability.Source.Higham.Chapter07.LinearSystemsConditioning.RowScaling	move_candidate	theorem	public	NumStability.ch7RowScale_left_inverse	6726
NumStability.ch7RowScale_right_inverse	NumStability.Analysis.HighamChapter7	NumStability.Source.Higham.Chapter07.LinearSystemsConditioning.RowScaling	move_candidate	theorem	public	NumStability.ch7RowScale_right_inverse	6748
NumStability.ch7RowSupport	NumStability.Analysis.HighamChapter7	NumStability.Source.Higham.Chapter07.LinearSystemsConditioning.Problem13SparseResidual	move_candidate	definition	public	NumStability.ch7RowSupport	25698
NumStability.ch7RowSupport_abs_sum_eq_univ	NumStability.Analysis.HighamChapter7	NumStability.Source.Higham.Chapter07.LinearSystemsConditioning.Problem13SparseResidual	move_candidate	theorem	public	NumStability.ch7RowSupport_abs_sum_eq_univ	25721
NumStability.ch7RowSupport_card_le	NumStability.Analysis.HighamChapter7	NumStability.Source.Higham.Chapter07.LinearSystemsConditioning.Problem13SparseResidual	move_candidate	theorem	public	NumStability.ch7RowSupport_card_le	25703
NumStability.ch7RowSupport_sum_eq_univ	NumStability.Analysis.HighamChapter7	NumStability.Source.Higham.Chapter07.LinearSystemsConditioning.Problem13SparseResidual	move_candidate	theorem	public	NumStability.ch7RowSupport_sum_eq_univ	25708
NumStability.ch7RowsEquilibratedInf	NumStability.Analysis.HighamChapter7	NumStability.Source.Higham.Chapter07.LinearSystemsConditioning.RowScaling	move_candidate	definition	public	NumStability.ch7RowsEquilibratedInf	6722
NumStability.ch7RowsEquilibratedInf_rowEquilibratingScale_of_right_inverse	NumStability.Analysis.HighamChapter7	NumStability.Source.Higham.Chapter07.LinearSystemsConditioning.RowScaling	move_candidate	theorem	public	NumStability.ch7RowsEquilibratedInf_rowEquilibratingScale_of_right_inverse	7439
NumStability.ch7RowwiseDataCondAtSolutionInf	NumStability.Analysis.HighamChapter7	NumStability.Source.Higham.Chapter07.LinearSystemsConditioning.Problem06Rowwise	move_candidate	definition	public	NumStability.ch7RowwiseDataCondAtSolutionInf	1601
NumStability.ch7RowwiseRelativeToleranceMatrix	NumStability.Analysis.HighamChapter7	NumStability.Source.Higham.Chapter07.LinearSystemsConditioning.Problem06Rowwise	move_candidate	definition	public	NumStability.ch7RowwiseRelativeToleranceMatrix	1595
NumStability.ch7SkeelAmplifiedRhs_le_componentwiseDataAmplifiedRhs	NumStability.Analysis.HighamChapter7	NumStability.Source.Higham.Chapter07.LinearSystemsConditioning.ConditionNumbers	move_candidate	theorem	public	NumStability.ch7SkeelAmplifiedRhs_le_componentwiseDataAmplifiedRhs	1116
NumStability.ch7SkeelAmplifiedRhs_le_infNormVec_mul_condRow	NumStability.Analysis.HighamChapter7	NumStability.Source.Higham.Chapter07.LinearSystemsConditioning.ConditionNumbers	move_candidate	theorem	public	NumStability.ch7SkeelAmplifiedRhs_le_infNormVec_mul_condRow	996
NumStability.ch7SkeelCondAtOnes_eq_condSkeel	NumStability.Analysis.HighamChapter7	NumStability.Source.Higham.Chapter07.LinearSystemsConditioning.ConditionNumbers	move_candidate	theorem	public	NumStability.ch7SkeelCondAtOnes_eq_condSkeel	985
NumStability.ch7SkeelCondAtSolutionInf	NumStability.Analysis.HighamChapter7	NumStability.Source.Higham.Chapter07.LinearSystemsConditioning.ConditionNumbers	move_candidate	definition	public	NumStability.ch7SkeelCondAtSolutionInf	952
NumStability.ch7SkeelCondAtSolutionInf_le_componentwiseDataCondAtSolutionInf	NumStability.Analysis.HighamChapter7	NumStability.Source.Higham.Chapter07.LinearSystemsConditioning.ConditionNumbers	move_candidate	theorem	public	NumStability.ch7SkeelCondAtSolutionInf_le_componentwiseDataCondAtSolutionInf	1149
NumStability.ch7SkeelCondAtSolutionInf_le_condSkeel	NumStability.Analysis.HighamChapter7	NumStability.Source.Higham.Chapter07.LinearSystemsConditioning.ConditionNumbers	move_candidate	theorem	public	NumStability.ch7SkeelCondAtSolutionInf_le_condSkeel	1040
NumStability.ch7SkeelGlobalCondInf	NumStability.Analysis.HighamChapter7	NumStability.Source.Higham.Chapter07.LinearSystemsConditioning.ConditionNumbers	move_candidate	definition	public	NumStability.ch7SkeelGlobalCondInf	968
NumStability.ch7SparseComputedResidualImage	NumStability.Analysis.HighamChapter7	NumStability.Source.Higham.Chapter07.LinearSystemsConditioning.Problem13SparseResidual	move_candidate	definition	public	NumStability.ch7SparseComputedResidualImage	25806
NumStability.ch7SparseComputedResidualSafetyTerm	NumStability.Analysis.HighamChapter7	NumStability.Source.Higham.Chapter07.LinearSystemsConditioning.Problem13SparseResidual	move_candidate	definition	public	NumStability.ch7SparseComputedResidualSafetyTerm	25798
NumStability.ch7SparseMatVec	NumStability.Analysis.HighamChapter7	NumStability.Source.Higham.Chapter07.LinearSystemsConditioning.Problem13SparseResidual	move_candidate	definition	public	NumStability.ch7SparseMatVec	25742
NumStability.ch7SparseMatVecEntry	NumStability.Analysis.HighamChapter7	NumStability.Source.Higham.Chapter07.LinearSystemsConditioning.Problem13SparseResidual	move_candidate	definition	public	NumStability.ch7SparseMatVecEntry	25734
NumStability.ch7SparseMatVecEntry_error_bound	NumStability.Analysis.HighamChapter7	NumStability.Source.Higham.Chapter07.LinearSystemsConditioning.Problem13SparseResidual	move_candidate	theorem	public	NumStability.ch7SparseMatVecEntry_error_bound	25748
NumStability.ch7SparseResidual	NumStability.Analysis.HighamChapter7	NumStability.Source.Higham.Chapter07.LinearSystemsConditioning.Problem13SparseResidual	move_candidate	definition	public	NumStability.ch7SparseResidual	25792
NumStability.ch7StewartSunFrobeniusValue	NumStability.Analysis.HighamChapter7	NumStability.Source.Higham.Chapter07.LinearSystemsConditioning.Theorem07FrobeniusScaling	move_candidate	definition	public	NumStability.ch7StewartSunFrobeniusValue	15683
NumStability.ch7StewartSunFrobeniusValue_nonneg	NumStability.Analysis.HighamChapter7	NumStability.Source.Higham.Chapter07.LinearSystemsConditioning.Theorem07FrobeniusScaling	move_candidate	theorem	public	NumStability.ch7StewartSunFrobeniusValue_nonneg	15750
NumStability.ch7StewartSunInvScale	NumStability.Analysis.HighamChapter7	NumStability.Source.Higham.Chapter07.LinearSystemsConditioning.Theorem07FrobeniusScaling	move_candidate	definition	public	NumStability.ch7StewartSunInvScale	15701
NumStability.ch7StewartSunInvScale_sq_mul_rowNorm_sq	NumStability.Analysis.HighamChapter7	NumStability.Source.Higham.Chapter07.LinearSystemsConditioning.Theorem07FrobeniusScaling	move_candidate	theorem	public	NumStability.ch7StewartSunInvScale_sq_mul_rowNorm_sq	15868
NumStability.ch7StewartSunScale	NumStability.Analysis.HighamChapter7	NumStability.Source.Higham.Chapter07.LinearSystemsConditioning.Theorem07FrobeniusScaling	move_candidate	definition	public	NumStability.ch7StewartSunScale	15695
NumStability.ch7StewartSunScale_sq_mul_colNorm_sq	NumStability.Analysis.HighamChapter7	NumStability.Source.Higham.Chapter07.LinearSystemsConditioning.Theorem07FrobeniusScaling	move_candidate	theorem	public	NumStability.ch7StewartSunScale_sq_mul_colNorm_sq	15856
NumStability.ch7SymmetricDiagEquilibratingInvScale2	NumStability.Analysis.HighamChapter7	NumStability.Source.Higham.Chapter07.Corollary06.LinearSystemsConditioning.Basic	move_candidate	definition	public	NumStability.ch7SymmetricDiagEquilibratingInvScale2	15553
NumStability.ch7SymmetricDiagEquilibratingScale2	NumStability.Analysis.HighamChapter7	NumStability.Source.Higham.Chapter07.Corollary06.LinearSystemsConditioning.Basic	move_candidate	definition	public	NumStability.ch7SymmetricDiagEquilibratingScale2	15547
NumStability.ch7SymmetricOp2ScaledCond	NumStability.Analysis.HighamChapter7	NumStability.Source.Higham.Chapter07.LinearSystemsConditioning.Problem10Bauer.Part01	move_candidate	definition	public	NumStability.ch7SymmetricOp2ScaledCond	15970
NumStability.ch7SymmetricOp2ScaledCondSet	NumStability.Analysis.HighamChapter7	NumStability.Source.Higham.Chapter07.LinearSystemsConditioning.Problem10Bauer.Part01	move_candidate	definition	public	NumStability.ch7SymmetricOp2ScaledCondSet	15977
NumStability.ch7SymmetricOp2ScaledCondSet_bddBelow	NumStability.Analysis.HighamChapter7	NumStability.Source.Higham.Chapter07.LinearSystemsConditioning.Problem10Bauer.Part01	move_candidate	theorem	public	NumStability.ch7SymmetricOp2ScaledCondSet_bddBelow	16010
NumStability.ch7SymmetricOp2ScaledCondSet_nonempty	NumStability.Analysis.HighamChapter7	NumStability.Source.Higham.Chapter07.LinearSystemsConditioning.Problem10Bauer.Part01	move_candidate	theorem	public	NumStability.ch7SymmetricOp2ScaledCondSet_nonempty	15995
NumStability.ch7SymmetricOp2ScaledCondSet_sInf_nonneg	NumStability.Analysis.HighamChapter7	NumStability.Source.Higham.Chapter07.LinearSystemsConditioning.Problem10Bauer.Part01	move_candidate	theorem	public	NumStability.ch7SymmetricOp2ScaledCondSet_sInf_nonneg	16020
NumStability.ch7SymmetricOp2ScaledCond_mem_set	NumStability.Analysis.HighamChapter7	NumStability.Source.Higham.Chapter07.LinearSystemsConditioning.Problem10Bauer.Part01	move_candidate	theorem	public	NumStability.ch7SymmetricOp2ScaledCond_mem_set	15987
NumStability.ch7SymmetricOp2ScaledCond_nonneg	NumStability.Analysis.HighamChapter7	NumStability.Source.Higham.Chapter07.LinearSystemsConditioning.Problem10Bauer.Part01	move_candidate	theorem	public	NumStability.ch7SymmetricOp2ScaledCond_nonneg	16003
NumStability.ch7TwoSidedScale	NumStability.Analysis.HighamChapter7	NumStability.Source.Higham.Chapter07.LinearSystemsConditioning.Problem10Bauer.Part01	move_candidate	definition	public	NumStability.ch7TwoSidedScale	15955
NumStability.ch7TwoSidedScale_absMatrix_eq	NumStability.Analysis.HighamChapter7	NumStability.Source.Higham.Chapter07.LinearSystemsConditioning.Problem10Bauer.Part02	move_candidate	theorem	public	NumStability.ch7TwoSidedScale_absMatrix_eq	19765
NumStability.ch7TwoSidedScale_isInverse	NumStability.Analysis.HighamChapter7	NumStability.Source.Higham.Chapter07.LinearSystemsConditioning.Problem10Bauer.Part03	move_candidate	theorem	public	NumStability.ch7TwoSidedScale_isInverse	19956
NumStability.ch7TwoSidedScale_isLeftInverse	NumStability.Analysis.HighamChapter7	NumStability.Source.Higham.Chapter07.LinearSystemsConditioning.Problem10Bauer.Part03	move_candidate	theorem	public	NumStability.ch7TwoSidedScale_isLeftInverse	19879
NumStability.ch7TwoSidedScale_isRightInverse	NumStability.Analysis.HighamChapter7	NumStability.Source.Higham.Chapter07.LinearSystemsConditioning.Problem10Bauer.Part03	move_candidate	theorem	public	NumStability.ch7TwoSidedScale_isRightInverse	19919
NumStability.ch7TwoSidedScale_matMulVec	NumStability.Analysis.HighamChapter7	NumStability.Source.Higham.Chapter07.LinearSystemsConditioning.Problem10Bauer.Part01	move_candidate	theorem	public	NumStability.ch7TwoSidedScale_matMulVec	17247
NumStability.ch7TwoSidedScale_nonneg	NumStability.Analysis.HighamChapter7	NumStability.Source.Higham.Chapter07.LinearSystemsConditioning.Problem10Bauer.Part01	move_candidate	theorem	public	NumStability.ch7TwoSidedScale_nonneg	17238
NumStability.ch7TwoSidedScaledInfCond	NumStability.Analysis.HighamChapter7	NumStability.Source.Higham.Chapter07.LinearSystemsConditioning.Problem10Bauer.Part01	move_candidate	definition	public	NumStability.ch7TwoSidedScaledInfCond	16258
NumStability.ch7TwoSidedScaledInfCondSet	NumStability.Analysis.HighamChapter7	NumStability.Source.Higham.Chapter07.LinearSystemsConditioning.Problem10Bauer.Part01	move_candidate	definition	public	NumStability.ch7TwoSidedScaledInfCondSet	16266
NumStability.ch7TwoSidedScaledInfCondSet_bddBelow	NumStability.Analysis.HighamChapter7	NumStability.Source.Higham.Chapter07.LinearSystemsConditioning.Problem10Bauer.Part01	move_candidate	theorem	public	NumStability.ch7TwoSidedScaledInfCondSet_bddBelow	16319
NumStability.ch7TwoSidedScaledInfCondSet_nonempty	NumStability.Analysis.HighamChapter7	NumStability.Source.Higham.Chapter07.LinearSystemsConditioning.Problem10Bauer.Part01	move_candidate	theorem	public	NumStability.ch7TwoSidedScaledInfCondSet_nonempty	16297
NumStability.ch7TwoSidedScaledInfCondSet_sInf_nonneg	NumStability.Analysis.HighamChapter7	NumStability.Source.Higham.Chapter07.LinearSystemsConditioning.Problem10Bauer.Part01	move_candidate	theorem	public	NumStability.ch7TwoSidedScaledInfCondSet_sInf_nonneg	16330
NumStability.ch7TwoSidedScaledInfCond_mem_set	NumStability.Analysis.HighamChapter7	NumStability.Source.Higham.Chapter07.LinearSystemsConditioning.Problem10Bauer.Part01	move_candidate	theorem	public	NumStability.ch7TwoSidedScaledInfCond_mem_set	16280
NumStability.ch7TwoSidedScaledInfKappa	NumStability.Analysis.HighamChapter7	NumStability.Source.Higham.Chapter07.LinearSystemsConditioning.Problem10Bauer.Part02	move_candidate	definition	public	NumStability.ch7TwoSidedScaledInfKappa	19788
NumStability.ch7TwoSidedScaledInfKappaSet	NumStability.Analysis.HighamChapter7	NumStability.Source.Higham.Chapter07.LinearSystemsConditioning.Problem10Bauer.Part03	move_candidate	definition	public	NumStability.ch7TwoSidedScaledInfKappaSet	19798
NumStability.ch7TwoSidedScaledInfKappaSet_bddBelow	NumStability.Analysis.HighamChapter7	NumStability.Source.Higham.Chapter07.LinearSystemsConditioning.Problem10Bauer.Part03	move_candidate	theorem	public	NumStability.ch7TwoSidedScaledInfKappaSet_bddBelow	19851
NumStability.ch7TwoSidedScaledInfKappaSet_nonempty	NumStability.Analysis.HighamChapter7	NumStability.Source.Higham.Chapter07.LinearSystemsConditioning.Problem10Bauer.Part03	move_candidate	theorem	public	NumStability.ch7TwoSidedScaledInfKappaSet_nonempty	19829
NumStability.ch7TwoSidedScaledInfKappaSet_sInf_nonneg	NumStability.Analysis.HighamChapter7	NumStability.Source.Higham.Chapter07.LinearSystemsConditioning.Problem10Bauer.Part03	move_candidate	theorem	public	NumStability.ch7TwoSidedScaledInfKappaSet_sInf_nonneg	19863
NumStability.ch7TwoSidedScaledInfKappa_eq_abs_scaledInfCond	NumStability.Analysis.HighamChapter7	NumStability.Source.Higham.Chapter07.LinearSystemsConditioning.Problem10Bauer.Part03	move_candidate	theorem	public	NumStability.ch7TwoSidedScaledInfKappa_eq_abs_scaledInfCond	20012
NumStability.ch7TwoSidedScaledInfKappa_eq_kappaInf_of_inverse	NumStability.Analysis.HighamChapter7	NumStability.Source.Higham.Chapter07.LinearSystemsConditioning.Problem10Bauer.Part03	move_candidate	theorem	public	NumStability.ch7TwoSidedScaledInfKappa_eq_kappaInf_of_inverse	19991
NumStability.ch7TwoSidedScaledInfKappa_mem_set	NumStability.Analysis.HighamChapter7	NumStability.Source.Higham.Chapter07.LinearSystemsConditioning.Problem10Bauer.Part03	move_candidate	theorem	public	NumStability.ch7TwoSidedScaledInfKappa_mem_set	19812
NumStability.ch7TwoSidedScaledOneCond	NumStability.Analysis.HighamChapter7	NumStability.Source.Higham.Chapter07.LinearSystemsConditioning.Problem10Bauer.Part03	move_candidate	definition	public	NumStability.ch7TwoSidedScaledOneCond	20505
NumStability.ch7TwoSidedScaledOneCond_eq_transpose_infCond	NumStability.Analysis.HighamChapter7	NumStability.Source.Higham.Chapter07.LinearSystemsConditioning.Problem10OneNorm	move_candidate	theorem	public	NumStability.ch7TwoSidedScaledOneCond_eq_transpose_infCond	20514
NumStability.ch7TwoSidedScaledOneKappa	NumStability.Analysis.HighamChapter7	NumStability.Source.Higham.Chapter07.LinearSystemsConditioning.Problem10OneNorm	move_candidate	definition	public	NumStability.ch7TwoSidedScaledOneKappa	20631
NumStability.ch7TwoSidedScaledOneKappaSet	NumStability.Analysis.HighamChapter7	NumStability.Source.Higham.Chapter07.LinearSystemsConditioning.Problem10OneNorm	move_candidate	definition	public	NumStability.ch7TwoSidedScaledOneKappaSet	20640
NumStability.ch7TwoSidedScaledOneKappaSet_bddBelow	NumStability.Analysis.HighamChapter7	NumStability.Source.Higham.Chapter07.LinearSystemsConditioning.Problem10OneNorm	move_candidate	theorem	public	NumStability.ch7TwoSidedScaledOneKappaSet_bddBelow	20693
NumStability.ch7TwoSidedScaledOneKappaSet_nonempty	NumStability.Analysis.HighamChapter7	NumStability.Source.Higham.Chapter07.LinearSystemsConditioning.Problem10OneNorm	move_candidate	theorem	public	NumStability.ch7TwoSidedScaledOneKappaSet_nonempty	20671
NumStability.ch7TwoSidedScaledOneKappaSet_sInf_nonneg	NumStability.Analysis.HighamChapter7	NumStability.Source.Higham.Chapter07.LinearSystemsConditioning.Problem10OneNorm	move_candidate	theorem	public	NumStability.ch7TwoSidedScaledOneKappaSet_sInf_nonneg	20705
NumStability.ch7TwoSidedScaledOneKappa_eq_abs_scaledOneCond	NumStability.Analysis.HighamChapter7	NumStability.Source.Higham.Chapter07.LinearSystemsConditioning.Problem10OneNorm	move_candidate	theorem	public	NumStability.ch7TwoSidedScaledOneKappa_eq_abs_scaledOneCond	20721
NumStability.ch7TwoSidedScaledOneKappa_mem_set	NumStability.Analysis.HighamChapter7	NumStability.Source.Higham.Chapter07.LinearSystemsConditioning.Problem10OneNorm	move_candidate	theorem	public	NumStability.ch7TwoSidedScaledOneKappa_mem_set	20654
NumStability.ch7TwoSidedScaledOp2Kappa	NumStability.Analysis.HighamChapter7	NumStability.Source.Higham.Chapter07.LinearSystemsConditioning.Problem10OneNorm	move_candidate	definition	public	NumStability.ch7TwoSidedScaledOp2Kappa	22596
NumStability.ch7TwoSidedScaledOp2KappaSet	NumStability.Analysis.HighamChapter7	NumStability.Source.Higham.Chapter07.LinearSystemsConditioning.Problem15Hadamard	move_candidate	definition	public	NumStability.ch7TwoSidedScaledOp2KappaSet	22908
NumStability.ch7TwoSidedScaledOp2KappaSet_bddBelow	NumStability.Analysis.HighamChapter7	NumStability.Source.Higham.Chapter07.LinearSystemsConditioning.Problem15Hadamard	move_candidate	theorem	public	NumStability.ch7TwoSidedScaledOp2KappaSet_bddBelow	22970
NumStability.ch7TwoSidedScaledOp2KappaSet_nonempty	NumStability.Analysis.HighamChapter7	NumStability.Source.Higham.Chapter07.LinearSystemsConditioning.Problem15Hadamard	move_candidate	theorem	public	NumStability.ch7TwoSidedScaledOp2KappaSet_nonempty	22929
NumStability.ch7TwoSidedScaledOp2KappaSet_sInf_nonneg	NumStability.Analysis.HighamChapter7	NumStability.Source.Higham.Chapter07.LinearSystemsConditioning.Problem15Hadamard	move_candidate	theorem	public	NumStability.ch7TwoSidedScaledOp2KappaSet_sInf_nonneg	22982
NumStability.ch7TwoSidedScaledOp2Kappa_mem_set	NumStability.Analysis.HighamChapter7	NumStability.Source.Higham.Chapter07.LinearSystemsConditioning.Problem15Hadamard	move_candidate	theorem	public	NumStability.ch7TwoSidedScaledOp2Kappa_mem_set	22952
NumStability.ch7_abs_ch7AbsSign	NumStability.Analysis.HighamChapter7	NumStability.Source.Higham.Chapter07.LinearSystemsConditioning.Problem09Linearized	move_candidate	theorem	public	NumStability.ch7_abs_ch7AbsSign	2053
NumStability.ch7_abs_complex_eigenvector_subeigenvector_of_nonneg_matrix	NumStability.Analysis.HighamChapter7	NumStability.Analysis.Conditioning.LinearSystems.PerronFrobenius	move_candidate	theorem	public	NumStability.ch7_abs_complex_eigenvector_subeigenvector_of_nonneg_matrix	16755
NumStability.ch7_abs_entry_le_infNorm	NumStability.Analysis.HighamChapter7	NumStability.Analysis.Conditioning.LinearSystems.InversePerturbation	move_candidate	theorem	public	NumStability.ch7_abs_entry_le_infNorm	4351
NumStability.ch7_abs_le_oneNormVec	NumStability.Analysis.HighamChapter7	NumStability.Source.Higham.Chapter07.LinearSystemsConditioning.Problem06Rowwise	move_candidate	theorem	public	NumStability.ch7_abs_le_oneNormVec	1587
NumStability.ch7_abs_le_one_of_sum_abs_eq_one	NumStability.Analysis.HighamChapter7	NumStability.Source.Higham.Chapter07.LinearSystemsConditioning.Theorem05.Part04	move_candidate	theorem	public	NumStability.ch7_abs_le_one_of_sum_abs_eq_one	11973
NumStability.ch7_abs_left_product_infNorm_le_of_componentwise_bound	NumStability.Analysis.HighamChapter7	NumStability.Analysis.Conditioning.LinearSystems.InversePerturbation	move_candidate	theorem	public	NumStability.ch7_abs_left_product_infNorm_le_of_componentwise_bound	4684
NumStability.ch7_abs_matMulVec_le_abs_matrix_mul_absVec	NumStability.Analysis.HighamChapter7	NumStability.Source.Higham.Chapter07.LinearSystemsConditioning.ConditionNumbers	move_candidate	theorem	public	NumStability.ch7_abs_matMulVec_le_abs_matrix_mul_absVec	1103
NumStability.ch7_bauer_Cx_eigenvector_CB	NumStability.Analysis.HighamChapter7	NumStability.Source.Higham.Chapter07.LinearSystemsConditioning.Problem10Bauer.Part01	move_candidate	theorem	public	NumStability.ch7_bauer_Cx_eigenvector_CB	17736
NumStability.ch7_bauer_Cx_pos_of_pos	NumStability.Analysis.HighamChapter7	NumStability.Source.Higham.Chapter07.LinearSystemsConditioning.Problem10Bauer.Part01	move_candidate	theorem	public	NumStability.ch7_bauer_Cx_pos_of_pos	17725
NumStability.ch7_bauer_left_scaled_opNorm2Le_of_left_right_vectors	NumStability.Analysis.HighamChapter7	NumStability.Source.Higham.Chapter07.LinearSystemsConditioning.Problem10OneNorm	move_candidate	theorem	public	NumStability.ch7_bauer_left_scaled_opNorm2Le_of_left_right_vectors	22398
NumStability.ch7_bauer_positive_products_irreducible	NumStability.Analysis.HighamChapter7	NumStability.Source.Higham.Chapter07.LinearSystemsConditioning.Problem10Bauer.Part02	move_candidate	theorem	public	NumStability.ch7_bauer_positive_products_irreducible	19400
NumStability.ch7_bauer_right_scaled_opNorm2Le_of_left_right_vectors	NumStability.Analysis.HighamChapter7	NumStability.Source.Higham.Chapter07.LinearSystemsConditioning.Problem10OneNorm	move_candidate	theorem	public	NumStability.ch7_bauer_right_scaled_opNorm2Le_of_left_right_vectors	22503
NumStability.ch7_bauer_scaled_product_eigenvector	NumStability.Analysis.HighamChapter7	NumStability.Source.Higham.Chapter07.LinearSystemsConditioning.Problem10Bauer.Part01	move_candidate	theorem	public	NumStability.ch7_bauer_scaled_product_eigenvector	17259
NumStability.ch7_bauer_scaled_product_mulVec_eq	NumStability.Analysis.HighamChapter7	NumStability.Source.Higham.Chapter07.LinearSystemsConditioning.Problem10Bauer.Part01	move_candidate	theorem	public	NumStability.ch7_bauer_scaled_product_mulVec_eq	17319
NumStability.ch7_bauer_scaled_product_subeigenvector	NumStability.Analysis.HighamChapter7	NumStability.Source.Higham.Chapter07.LinearSystemsConditioning.Problem10Bauer.Part01	move_candidate	theorem	public	NumStability.ch7_bauer_scaled_product_subeigenvector	17376
NumStability.ch7_columnwiseDataAmplifiedRhs_le_two_absMatrixAbsVecOneNorm_mul_invRow	NumStability.Analysis.HighamChapter7	NumStability.Source.Higham.Chapter07.LinearSystemsConditioning.Problem06Columnwise	move_candidate	theorem	public	NumStability.ch7_columnwiseDataAmplifiedRhs_le_two_absMatrixAbsVecOneNorm_mul_invRow	1888
NumStability.ch7_columnwiseDataForwardBound_lower	NumStability.Analysis.HighamChapter7	NumStability.Source.Higham.Chapter07.LinearSystemsConditioning.Problem06Columnwise	move_candidate	theorem	public	NumStability.ch7_columnwiseDataForwardBound_lower	1928
NumStability.ch7_columnwiseDataForwardBound_upper	NumStability.Analysis.HighamChapter7	NumStability.Source.Higham.Chapter07.LinearSystemsConditioning.Problem06Columnwise	move_candidate	theorem	public	NumStability.ch7_columnwiseDataForwardBound_upper	1961
NumStability.ch7_columnwiseScaledInvRow_le_columnwiseDataAmplifiedRhs	NumStability.Analysis.HighamChapter7	NumStability.Source.Higham.Chapter07.LinearSystemsConditioning.Problem06Columnwise	move_candidate	theorem	public	NumStability.ch7_columnwiseScaledInvRow_le_columnwiseDataAmplifiedRhs	1861
NumStability.ch7_columnwiseTolerance_mul_absVec_eq_absMatrixAbsVecOneNorm	NumStability.Analysis.HighamChapter7	NumStability.Source.Higham.Chapter07.LinearSystemsConditioning.Problem06Columnwise	move_candidate	theorem	public	NumStability.ch7_columnwiseTolerance_mul_absVec_eq_absMatrixAbsVecOneNorm	1839
NumStability.ch7_complexEigenvalueModulusSet_eq_complexMatrixEigenvalueModulusSet	NumStability.Analysis.HighamChapter7	NumStability.Analysis.Conditioning.LinearSystems.PerronFrobenius	move_candidate	theorem	public	NumStability.ch7_complexEigenvalueModulusSet_eq_complexMatrixEigenvalueModulusSet	16536
NumStability.ch7_complexEigenvalueModulusSet_eq_toLin_spectrum_modulusSet	NumStability.Analysis.HighamChapter7	NumStability.Analysis.Conditioning.LinearSystems.PerronFrobenius	move_candidate	theorem	public	NumStability.ch7_complexEigenvalueModulusSet_eq_toLin_spectrum_modulusSet	16555
NumStability.ch7_complexEigenvalueModulusSet_isGreatest_of_isComplexEigenvalueRadius	NumStability.Analysis.HighamChapter7	NumStability.Analysis.Conditioning.LinearSystems.PerronFrobenius	move_candidate	theorem	public	NumStability.ch7_complexEigenvalueModulusSet_isGreatest_of_isComplexEigenvalueRadius	16505
NumStability.ch7_complexEigenvalueModulusSet_sSup_eq_of_isComplexEigenvalueRadius	NumStability.Analysis.HighamChapter7	NumStability.Analysis.Conditioning.LinearSystems.PerronFrobenius	move_candidate	theorem	public	NumStability.ch7_complexEigenvalueModulusSet_sSup_eq_of_isComplexEigenvalueRadius	16520
NumStability.ch7_complexMatrixInfNorm_realRectToCMatrix_le_infNorm	NumStability.Analysis.HighamChapter7	NumStability.Source.Higham.Chapter07.LinearSystemsConditioning.Problem10OneNorm	move_candidate	theorem	public	NumStability.ch7_complexMatrixInfNorm_realRectToCMatrix_le_infNorm	22163
NumStability.ch7_complexMatrixLpNormOfReal_nonneg	NumStability.Analysis.HighamChapter7	NumStability.Source.Higham.Chapter07.LinearSystemsConditioning.Theorem05.Part02	move_candidate	theorem	public	NumStability.ch7_complexMatrixLpNormOfReal_nonneg	9309
NumStability.ch7_complexMatrixLpNormOfReal_smul	NumStability.Analysis.HighamChapter7	NumStability.Source.Higham.Chapter07.LinearSystemsConditioning.Theorem05.Part02	move_candidate	theorem	public	NumStability.ch7_complexMatrixLpNormOfReal_smul	9335
NumStability.ch7_complexMatrixOneNorm_realRectToCMatrix_le_oneNorm	NumStability.Analysis.HighamChapter7	NumStability.Source.Higham.Chapter07.LinearSystemsConditioning.Problem10OneNorm	move_candidate	theorem	public	NumStability.ch7_complexMatrixOneNorm_realRectToCMatrix_le_oneNorm	22147
NumStability.ch7_complexMatrixVecMul_smul	NumStability.Analysis.HighamChapter7	NumStability.Source.Higham.Chapter07.LinearSystemsConditioning.Theorem05.Part02	move_candidate	theorem	public	NumStability.ch7_complexMatrixVecMul_smul	9318
NumStability.ch7_complexVecLpNormOfReal_diagScale_le_of_norm_le	NumStability.Analysis.HighamChapter7	NumStability.Source.Higham.Chapter07.LinearSystemsConditioning.Theorem05.Part02	move_candidate	theorem	public	NumStability.ch7_complexVecLpNormOfReal_diagScale_le_of_norm_le	9425
NumStability.ch7_complexVecLpNorm_realRect_matVec_le_sum_column_lpNorm	NumStability.Analysis.HighamChapter7	NumStability.Source.Higham.Chapter07.LinearSystemsConditioning.Theorem05.Part01	move_candidate	theorem	public	NumStability.ch7_complexVecLpNorm_realRect_matVec_le_sum_column_lpNorm	7712
NumStability.ch7_complexVec_norm_eq_coord_of_nonempty	NumStability.Analysis.HighamChapter7	NumStability.Analysis.Conditioning.LinearSystems.PerronFrobenius	move_candidate	theorem	public	NumStability.ch7_complexVec_norm_eq_coord_of_nonempty	18007
NumStability.ch7_complex_det_one_sub_ne_zero_of_spectralRadius_lt_one	NumStability.Analysis.HighamChapter7	NumStability.Source.Higham.Chapter07.LinearSystemsConditioning.Problem10Bauer.Part02	move_candidate	theorem	public	NumStability.ch7_complex_det_one_sub_ne_zero_of_spectralRadius_lt_one	18339
NumStability.ch7_complex_eigenvalue_norm_le_of_positive_real_eigenvector	NumStability.Analysis.HighamChapter7	NumStability.Analysis.Conditioning.LinearSystems.PerronFrobenius	move_candidate	theorem	public	NumStability.ch7_complex_eigenvalue_norm_le_of_positive_real_eigenvector	16858
NumStability.ch7_condSkeel_eq_kappaInf_of_rowsEquilibratedInf	NumStability.Analysis.HighamChapter7	NumStability.Source.Higham.Chapter07.LinearSystemsConditioning.RowScaling	move_candidate	theorem	public	NumStability.ch7_condSkeel_eq_kappaInf_of_rowsEquilibratedInf	6834
NumStability.ch7_condSkeel_le_kappaInf_rowScale	NumStability.Analysis.HighamChapter7	NumStability.Source.Higham.Chapter07.LinearSystemsConditioning.RowScaling	move_candidate	theorem	public	NumStability.ch7_condSkeel_le_kappaInf_rowScale	7330
NumStability.ch7_condSkeel_rowScale_eq	NumStability.Analysis.HighamChapter7	NumStability.Source.Higham.Chapter07.LinearSystemsConditioning.RowScaling	move_candidate	theorem	public	NumStability.ch7_condSkeel_rowScale_eq	6787
NumStability.ch7_div_sqrt_mul_mul_div_sqrt_eq_one	NumStability.Analysis.HighamChapter7	NumStability.Source.Higham.Chapter07.LinearSystemsConditioning.Problem10OneNorm	move_candidate	theorem	public	NumStability.ch7_div_sqrt_mul_mul_div_sqrt_eq_one	22266
NumStability.ch7_div_sqrt_mul_mul_eq_sqrt_mul	NumStability.Analysis.HighamChapter7	NumStability.Source.Higham.Chapter07.LinearSystemsConditioning.Problem10OneNorm	move_candidate	theorem	public	NumStability.ch7_div_sqrt_mul_mul_eq_sqrt_mul	22249
NumStability.ch7_div_sqrt_mul_mul_eq_sqrt_mul_comm	NumStability.Analysis.HighamChapter7	NumStability.Source.Higham.Chapter07.LinearSystemsConditioning.Problem10OneNorm	move_candidate	theorem	public	NumStability.ch7_div_sqrt_mul_mul_eq_sqrt_mul_comm	22259
NumStability.ch7_exists_inv_card_le_abs_of_sum_abs_eq_one	NumStability.Analysis.HighamChapter7	NumStability.Source.Higham.Chapter07.LinearSystemsConditioning.Theorem05.Part02	move_candidate	theorem	public	NumStability.ch7_exists_inv_card_le_abs_of_sum_abs_eq_one	8875
NumStability.ch7_exists_irreducible_pow_sum_mulVec_pos_and_subeigen_le	NumStability.Analysis.HighamChapter7	NumStability.Source.Higham.Chapter07.LinearSystemsConditioning.Problem10Bauer.Part02	move_candidate	theorem	public	NumStability.ch7_exists_irreducible_pow_sum_mulVec_pos_and_subeigen_le	18775
NumStability.ch7_exists_irreducible_pow_sum_mulVec_pos_of_nonzero_nonneg	NumStability.Analysis.HighamChapter7	NumStability.Analysis.Conditioning.LinearSystems.PerronFrobenius	move_candidate	theorem	public	NumStability.ch7_exists_irreducible_pow_sum_mulVec_pos_of_nonzero_nonneg	18726
NumStability.ch7_exists_irreducible_pow_sum_pos	NumStability.Analysis.HighamChapter7	NumStability.Source.Higham.Chapter07.LinearSystemsConditioning.Problem10Bauer.Part02	move_candidate	theorem	public	NumStability.ch7_exists_irreducible_pow_sum_pos	18684
NumStability.ch7_exists_mixedSubordinateMatrixNormValue_le_of_isComplexEigenvalueRadius	NumStability.Analysis.HighamChapter7	NumStability.Source.Higham.Chapter07.LinearSystemsConditioning.Problem10Bauer.Part01	move_candidate	theorem	public	NumStability.ch7_exists_mixedSubordinateMatrixNormValue_le_of_isComplexEigenvalueRadius	16843
NumStability.ch7_exists_pos_entry_of_nonzero_nonneg	NumStability.Analysis.HighamChapter7	NumStability.Analysis.Conditioning.LinearSystems.PerronFrobenius	move_candidate	theorem	public	NumStability.ch7_exists_pos_entry_of_nonzero_nonneg	16408
NumStability.ch7_exists_pos_le_all_fin	NumStability.Analysis.HighamChapter7	NumStability.Analysis.Conditioning.LinearSystems.PerronFrobenius	move_candidate	theorem	public	NumStability.ch7_exists_pos_le_all_fin	8188
NumStability.ch7_exists_pos_le_all_inv_card_mul_column_lpNormOfReal	NumStability.Analysis.HighamChapter7	NumStability.Source.Higham.Chapter07.LinearSystemsConditioning.Theorem05.Part01	move_candidate	theorem	public	NumStability.ch7_exists_pos_le_all_inv_card_mul_column_lpNormOfReal	7675
NumStability.ch7_exists_pos_le_all_inv_card_mul_column_norm2	NumStability.Analysis.HighamChapter7	NumStability.Source.Higham.Chapter07.LinearSystemsConditioning.Theorem05.Part01	move_candidate	theorem	public	NumStability.ch7_exists_pos_le_all_inv_card_mul_column_norm2	8217
NumStability.ch7_exists_pos_le_all_inv_card_mul_row_dual_lpNormOfReal	NumStability.Analysis.HighamChapter7	NumStability.Source.Higham.Chapter07.LinearSystemsConditioning.Theorem05.Part03	move_candidate	theorem	public	NumStability.ch7_exists_pos_le_all_inv_card_mul_row_dual_lpNormOfReal	10133
NumStability.ch7_exists_pos_le_all_inv_card_mul_row_norm2	NumStability.Analysis.HighamChapter7	NumStability.Source.Higham.Chapter07.LinearSystemsConditioning.Theorem05.Part04	move_candidate	theorem	public	NumStability.ch7_exists_pos_le_all_inv_card_mul_row_norm2	11839
NumStability.ch7_exists_positive_subeigenvector_of_irreducible_nonzero_nonneg_subeigen	NumStability.Analysis.HighamChapter7	NumStability.Analysis.Conditioning.LinearSystems.PerronFrobenius	move_candidate	theorem	public	NumStability.ch7_exists_positive_subeigenvector_of_irreducible_nonzero_nonneg_subeigen	18814
NumStability.ch7_exists_rect_left_inverse_of_linear_left_inverse	NumStability.Analysis.HighamChapter7	NumStability.Analysis.Conditioning.LinearSystems.InversePerturbation	move_candidate	theorem	public	NumStability.ch7_exists_rect_left_inverse_of_linear_left_inverse	7934
NumStability.ch7_exists_rect_left_inverse_of_rectMatMulVec_injective	NumStability.Analysis.HighamChapter7	NumStability.Analysis.Conditioning.LinearSystems.InversePerturbation	move_candidate	theorem	public	NumStability.ch7_exists_rect_left_inverse_of_rectMatMulVec_injective	8001
NumStability.ch7_exists_rect_right_inverse_of_linear_right_inverse	NumStability.Analysis.HighamChapter7	NumStability.Source.Higham.Chapter07.LinearSystemsConditioning.Theorem05.Part01	move_candidate	theorem	public	NumStability.ch7_exists_rect_right_inverse_of_linear_right_inverse	7977
NumStability.ch7_exists_rect_right_inverse_of_rectMatMulVec_surjective	NumStability.Analysis.HighamChapter7	NumStability.Source.Higham.Chapter07.LinearSystemsConditioning.Theorem05.Part01	move_candidate	theorem	public	NumStability.ch7_exists_rect_right_inverse_of_rectMatMulVec_surjective	8018
NumStability.ch7_exists_spectralRadius_attaining_nonneg_subeigenvector	NumStability.Analysis.HighamChapter7	NumStability.Analysis.Conditioning.LinearSystems.PerronFrobenius	move_candidate	theorem	public	NumStability.ch7_exists_spectralRadius_attaining_nonneg_subeigenvector	16808
NumStability.ch7_exists_spectralRadius_attaining_positive_eigenvector	NumStability.Analysis.HighamChapter7	NumStability.Analysis.Conditioning.LinearSystems.PerronFrobenius	move_candidate	theorem	public	NumStability.ch7_exists_spectralRadius_attaining_positive_eigenvector	19109
NumStability.ch7_exists_spectralRadius_attaining_positive_subeigenvector	NumStability.Analysis.HighamChapter7	NumStability.Analysis.Conditioning.LinearSystems.PerronFrobenius	move_candidate	theorem	public	NumStability.ch7_exists_spectralRadius_attaining_positive_subeigenvector	19080
NumStability.ch7_exists_stronger_positive_subeigenvector_of_strict_subeigen	NumStability.Analysis.HighamChapter7	NumStability.Analysis.Conditioning.LinearSystems.PerronFrobenius	move_candidate	theorem	public	NumStability.ch7_exists_stronger_positive_subeigenvector_of_strict_subeigen	18877
NumStability.ch7_frobNormRect_le_sqrt_card_mul_column_bound	NumStability.Analysis.HighamChapter7	NumStability.Source.Higham.Chapter07.LinearSystemsConditioning.Theorem05.Part01	move_candidate	theorem	public	NumStability.ch7_frobNormRect_le_sqrt_card_mul_column_bound	8250
NumStability.ch7_frobNormRect_le_sqrt_card_mul_row_bound	NumStability.Analysis.HighamChapter7	NumStability.Source.Higham.Chapter07.LinearSystemsConditioning.Theorem05.Part04	move_candidate	theorem	public	NumStability.ch7_frobNormRect_le_sqrt_card_mul_row_bound	12328
NumStability.ch7_frobNorm_leftDiagScale_eq_vecNorm2_row_scales	NumStability.Analysis.HighamChapter7	NumStability.Source.Higham.Chapter07.LinearSystemsConditioning.Theorem07FrobeniusScaling	move_candidate	theorem	public	NumStability.ch7_frobNorm_leftDiagScale_eq_vecNorm2_row_scales	15789
NumStability.ch7_frobNorm_rightDiagScale_eq_vecNorm2_column_scales	NumStability.Analysis.HighamChapter7	NumStability.Source.Higham.Chapter07.LinearSystemsConditioning.Theorem07FrobeniusScaling	move_candidate	theorem	public	NumStability.ch7_frobNorm_rightDiagScale_eq_vecNorm2_column_scales	15757
NumStability.ch7_idMatrix_symmetric	NumStability.Analysis.HighamChapter7	NumStability.Source.Higham.Chapter07.LinearSystemsConditioning.Theorem05.Part06	move_candidate	theorem	public	NumStability.ch7_idMatrix_symmetric	14334
NumStability.ch7_infNormVec_const_mul_of_nonneg	NumStability.Analysis.HighamChapter7	NumStability.Analysis.Conditioning.LinearSystems.PerronFrobenius	move_candidate	theorem	public	NumStability.ch7_infNormVec_const_mul_of_nonneg	16346
NumStability.ch7_infNormVec_mono_of_nonneg_le	NumStability.Analysis.HighamChapter7	NumStability.Source.Higham.Chapter07.LinearSystemsConditioning.Problem10Bauer.Part01	move_candidate	theorem	public	NumStability.ch7_infNormVec_mono_of_nonneg_le	16362
NumStability.ch7_infNormVec_pos_of_pos	NumStability.Analysis.HighamChapter7	NumStability.Analysis.Conditioning.LinearSystems.PerronFrobenius	move_candidate	theorem	public	NumStability.ch7_infNormVec_pos_of_pos	16355
NumStability.ch7_infNorm_ge_of_nonneg_right_eigenvector	NumStability.Analysis.HighamChapter7	NumStability.Analysis.Conditioning.LinearSystems.PerronFrobenius	move_candidate	theorem	public	NumStability.ch7_infNorm_ge_of_nonneg_right_eigenvector	16459
NumStability.ch7_infNorm_ge_of_positive_right_subeigenvector	NumStability.Analysis.HighamChapter7	NumStability.Source.Higham.Chapter07.LinearSystemsConditioning.Problem10Bauer.Part01	move_candidate	theorem	public	NumStability.ch7_infNorm_ge_of_positive_right_subeigenvector	16375
NumStability.ch7_infNorm_twoSidedScale_absMatrix_eq	NumStability.Analysis.HighamChapter7	NumStability.Source.Higham.Chapter07.LinearSystemsConditioning.Problem10Bauer.Part02	move_candidate	theorem	public	NumStability.ch7_infNorm_twoSidedScale_absMatrix_eq	19777
NumStability.ch7_inv_bound_le_abs_of_inv_abs_le	NumStability.Analysis.HighamChapter7	NumStability.Source.Higham.Chapter07.LinearSystemsConditioning.Theorem05.Part03	move_candidate	theorem	public	NumStability.ch7_inv_bound_le_abs_of_inv_abs_le	10366
NumStability.ch7_inverseFirstProduct_abs_le	NumStability.Analysis.HighamChapter7	NumStability.Analysis.Conditioning.LinearSystems.InversePerturbation	move_candidate	theorem	public	NumStability.ch7_inverseFirstProduct_abs_le	3711
NumStability.ch7_inverseLinearizedEntry_abs_le	NumStability.Analysis.HighamChapter7	NumStability.Source.Higham.Chapter07.Equation25.InverseConditioning.ExactPerturbation	move_candidate	theorem	public	NumStability.ch7_inverseLinearizedEntry_abs_le	3251
NumStability.ch7_inverseLinearizedRatio_le	NumStability.Analysis.HighamChapter7	NumStability.Source.Higham.Chapter07.Equation25.InverseConditioning.ExactPerturbation	move_candidate	theorem	public	NumStability.ch7_inverseLinearizedRatio_le	3289
NumStability.ch7_inverseLinearizedRelativeChangeMax_le	NumStability.Analysis.HighamChapter7	NumStability.Source.Higham.Chapter07.Equation25.InverseConditioning.ExactPerturbation	move_candidate	theorem	public	NumStability.ch7_inverseLinearizedRelativeChangeMax_le	3307
NumStability.ch7_inversePerturbation_decomposition	NumStability.Analysis.HighamChapter7	NumStability.Analysis.Conditioning.LinearSystems.InversePerturbation	move_candidate	theorem	public	NumStability.ch7_inversePerturbation_decomposition	3541
NumStability.ch7_inverse_componentwise_radius_candidate_infNorm_bound_of_small	NumStability.Analysis.HighamChapter7	NumStability.Source.Higham.Chapter07.Equation25.InverseConditioning.ExactPerturbation	move_candidate	theorem	public	NumStability.ch7_inverse_componentwise_radius_candidate_infNorm_bound_of_small	5190
NumStability.ch7_inverse_componentwise_radius_candidate_right_inverse_of_small	NumStability.Analysis.HighamChapter7	NumStability.Source.Higham.Chapter07.Equation25.InverseConditioning.ExactPerturbation	move_candidate	theorem	public	NumStability.ch7_inverse_componentwise_radius_candidate_right_inverse_of_small	5163
NumStability.ch7_irreducible_matTranspose	NumStability.Analysis.HighamChapter7	NumStability.Source.Higham.Chapter07.LinearSystemsConditioning.Problem10OneNorm	move_candidate	theorem	public	NumStability.ch7_irreducible_matTranspose	21225
NumStability.ch7_irreducible_pow_mulVec_pos_of_nonzero_nonneg	NumStability.Analysis.HighamChapter7	NumStability.Analysis.Conditioning.LinearSystems.PerronFrobenius	move_candidate	theorem	public	NumStability.ch7_irreducible_pow_mulVec_pos_of_nonzero_nonneg	17889
NumStability.ch7_irreducible_transpose_product_of_irreducible_product	NumStability.Analysis.HighamChapter7	NumStability.Source.Higham.Chapter07.LinearSystemsConditioning.Problem10OneNorm	move_candidate	theorem	public	NumStability.ch7_irreducible_transpose_product_of_irreducible_product	21234
NumStability.ch7_isComplexEigenvalueRadius_of_positive_real_eigenvector	NumStability.Analysis.HighamChapter7	NumStability.Analysis.Conditioning.LinearSystems.PerronFrobenius	move_candidate	theorem	public	NumStability.ch7_isComplexEigenvalueRadius_of_positive_real_eigenvector	16962
NumStability.ch7_isLeftInverse_of_isRightInverse	NumStability.Analysis.HighamChapter7	NumStability.Source.Higham.Chapter07.LinearSystemsConditioning.Problem09Exact	move_candidate	theorem	public	NumStability.ch7_isLeftInverse_of_isRightInverse	5426
NumStability.ch7_isMaxComplexMatrixEigenvalueModulus_of_isComplexEigenvalueRadius	NumStability.Analysis.HighamChapter7	NumStability.Analysis.Conditioning.LinearSystems.PerronFrobenius	move_candidate	theorem	public	NumStability.ch7_isMaxComplexMatrixEigenvalueModulus_of_isComplexEigenvalueRadius	16568
NumStability.ch7_isRightInverse_of_isLeftInverse	NumStability.Analysis.HighamChapter7	NumStability.Analysis.Conditioning.LinearSystems.InversePerturbation	move_candidate	theorem	public	NumStability.ch7_isRightInverse_of_isLeftInverse	4398
NumStability.ch7_kappaInf_diag_comm	NumStability.Analysis.HighamChapter7	NumStability.Source.Higham.Chapter07.LinearSystemsConditioning.RowScaling	move_candidate	theorem	public	NumStability.ch7_kappaInf_diag_comm	6932
NumStability.ch7_kappaInf_diag_pos	NumStability.Analysis.HighamChapter7	NumStability.Source.Higham.Chapter07.LinearSystemsConditioning.RowScaling	move_candidate	theorem	public	NumStability.ch7_kappaInf_diag_pos	6942
NumStability.ch7_kappaInf_matMul_le	NumStability.Analysis.HighamChapter7	NumStability.Source.Higham.Chapter07.LinearSystemsConditioning.RowScaling	move_candidate	theorem	public	NumStability.ch7_kappaInf_matMul_le	6895
NumStability.ch7_kappaInf_rowScale_le_diagKappa_mul_kappaInf	NumStability.Analysis.HighamChapter7	NumStability.Source.Higham.Chapter07.LinearSystemsConditioning.RowScaling	move_candidate	theorem	public	NumStability.ch7_kappaInf_rowScale_le_diagKappa_mul_kappaInf	6916
NumStability.ch7_left_factor_ne_zero_of_mul_eq_one	NumStability.Analysis.HighamChapter7	NumStability.Source.Higham.Chapter07.LinearSystemsConditioning.Theorem05.Part02	move_candidate	theorem	public	NumStability.ch7_left_factor_ne_zero_of_mul_eq_one	8895
NumStability.ch7_matAdd_id_abs_solution_bound_of_abs_infNorm_bound	NumStability.Analysis.HighamChapter7	NumStability.Analysis.Conditioning.LinearSystems.InversePerturbation	move_candidate	theorem	public	NumStability.ch7_matAdd_id_abs_solution_bound_of_abs_infNorm_bound	4419
NumStability.ch7_matAdd_id_det_ne_zero_of_abs_infNorm_bound	NumStability.Analysis.HighamChapter7	NumStability.Analysis.Conditioning.LinearSystems.InversePerturbation	move_candidate	theorem	public	NumStability.ch7_matAdd_id_det_ne_zero_of_abs_infNorm_bound	4468
NumStability.ch7_matMul_abs_le_of_scaled_abs_le	NumStability.Analysis.HighamChapter7	NumStability.Analysis.Conditioning.LinearSystems.InversePerturbation	move_candidate	theorem	public	NumStability.ch7_matMul_abs_le_of_scaled_abs_le	3644
NumStability.ch7_matMul_le_of_nonneg_left	NumStability.Analysis.HighamChapter7	NumStability.Analysis.Conditioning.LinearSystems.InversePerturbation	move_candidate	theorem	public	NumStability.ch7_matMul_le_of_nonneg_left	3632
NumStability.ch7_matMul_nonneg	NumStability.Analysis.HighamChapter7	NumStability.Analysis.Conditioning.LinearSystems.InversePerturbation	move_candidate	theorem	public	NumStability.ch7_matMul_nonneg	3623
NumStability.ch7_matMul_of_IsLeftInverse	NumStability.Analysis.HighamChapter7	NumStability.Analysis.Conditioning.LinearSystems.InversePerturbation	move_candidate	theorem	public	NumStability.ch7_matMul_of_IsLeftInverse	3513
NumStability.ch7_matMul_of_IsRightInverse	NumStability.Analysis.HighamChapter7	NumStability.Analysis.Conditioning.LinearSystems.InversePerturbation	move_candidate	theorem	public	NumStability.ch7_matMul_of_IsRightInverse	3520
NumStability.ch7_matMul_pos_of_pos	NumStability.Analysis.HighamChapter7	NumStability.Source.Higham.Chapter07.LinearSystemsConditioning.Problem10Bauer.Part02	move_candidate	theorem	public	NumStability.ch7_matMul_pos_of_pos	19389
NumStability.ch7_matSub_id_det_ne_zero_of_nonnegative_contraction	NumStability.Analysis.HighamChapter7	NumStability.Source.Higham.Chapter07.LinearSystemsConditioning.Problem01	move_candidate	theorem	public	NumStability.ch7_matSub_id_det_ne_zero_of_nonnegative_contraction	410
NumStability.ch7_matSub_id_det_ne_zero_of_toLin_spectralRadius_lt_one	NumStability.Analysis.HighamChapter7	NumStability.Source.Higham.Chapter07.LinearSystemsConditioning.Problem10Bauer.Part02	move_candidate	theorem	public	NumStability.ch7_matSub_id_det_ne_zero_of_toLin_spectralRadius_lt_one	18388
NumStability.ch7_matSub_id_nonsingInv_isInverse_of_toLin_spectralRadius_lt_one	NumStability.Analysis.HighamChapter7	NumStability.Source.Higham.Chapter07.LinearSystemsConditioning.Problem10Bauer.Part02	move_candidate	theorem	public	NumStability.ch7_matSub_id_nonsingInv_isInverse_of_toLin_spectralRadius_lt_one	18420
NumStability.ch7_matTranspose_twoSidedScale	NumStability.Analysis.HighamChapter7	NumStability.Source.Higham.Chapter07.LinearSystemsConditioning.Problem10Bauer.Part01	move_candidate	theorem	public	NumStability.ch7_matTranspose_twoSidedScale	15962
NumStability.ch7_matrix_isIrreducible_of_pos_entries	NumStability.Analysis.HighamChapter7	NumStability.Analysis.Conditioning.LinearSystems.PerronFrobenius	move_candidate	theorem	public	NumStability.ch7_matrix_isIrreducible_of_pos_entries	19381
NumStability.ch7_matrix_isPrimitive_of_pos_entries	NumStability.Analysis.HighamChapter7	NumStability.Analysis.Conditioning.LinearSystems.PerronFrobenius	move_candidate	theorem	public	NumStability.ch7_matrix_isPrimitive_of_pos_entries	19371
NumStability.ch7_matrix_mulVec_eq_matMulVec	NumStability.Analysis.HighamChapter7	NumStability.Analysis.Conditioning.LinearSystems.PerronFrobenius	move_candidate	theorem	public	NumStability.ch7_matrix_mulVec_eq_matMulVec	17760
NumStability.ch7_matrix_mulVec_mono_of_nonneg	NumStability.Analysis.HighamChapter7	NumStability.Analysis.Conditioning.LinearSystems.PerronFrobenius	move_candidate	theorem	public	NumStability.ch7_matrix_mulVec_mono_of_nonneg	17942
NumStability.ch7_matrix_of_matTranspose	NumStability.Analysis.HighamChapter7	NumStability.Source.Higham.Chapter07.LinearSystemsConditioning.Problem10OneNorm	move_candidate	theorem	public	NumStability.ch7_matrix_of_matTranspose	21217
NumStability.ch7_matrix_pow_mulVec_eigen	NumStability.Analysis.HighamChapter7	NumStability.Analysis.Conditioning.LinearSystems.PerronFrobenius	move_candidate	theorem	public	NumStability.ch7_matrix_pow_mulVec_eigen	17767
NumStability.ch7_matrix_pow_mulVec_nonneg_of_nonneg	NumStability.Analysis.HighamChapter7	NumStability.Analysis.Conditioning.LinearSystems.PerronFrobenius	move_candidate	theorem	public	NumStability.ch7_matrix_pow_mulVec_nonneg_of_nonneg	17925
NumStability.ch7_matrix_pow_mulVec_subeigen_le_of_nonneg	NumStability.Analysis.HighamChapter7	NumStability.Analysis.Conditioning.LinearSystems.PerronFrobenius	move_candidate	theorem	public	NumStability.ch7_matrix_pow_mulVec_subeigen_le_of_nonneg	17957
NumStability.ch7_matrix_pow_mulVec_subeigen_step_of_nonneg	NumStability.Analysis.HighamChapter7	NumStability.Analysis.Conditioning.LinearSystems.PerronFrobenius	move_candidate	theorem	public	NumStability.ch7_matrix_pow_mulVec_subeigen_step_of_nonneg	18619
NumStability.ch7_matrix_pow_opNorm_ge_pow_nonzero_nonneg_subeigen	NumStability.Analysis.HighamChapter7	NumStability.Source.Higham.Chapter07.LinearSystemsConditioning.Problem10Bauer.Part02	move_candidate	theorem	public	NumStability.ch7_matrix_pow_opNorm_ge_pow_nonzero_nonneg_subeigen	18121
NumStability.ch7_matrix_pow_opNorm_ge_pow_subeigen	NumStability.Analysis.HighamChapter7	NumStability.Analysis.Conditioning.LinearSystems.PerronFrobenius	move_candidate	theorem	public	NumStability.ch7_matrix_pow_opNorm_ge_pow_subeigen	18061
NumStability.ch7_matrix_spectralRadius_ge_of_nonzero_nonneg_right_subeigenvector	NumStability.Analysis.HighamChapter7	NumStability.Source.Higham.Chapter07.LinearSystemsConditioning.Problem10Bauer.Part02	move_candidate	theorem	public	NumStability.ch7_matrix_spectralRadius_ge_of_nonzero_nonneg_right_subeigenvector	18257
NumStability.ch7_matrix_spectralRadius_ge_of_positive_right_subeigenvector	NumStability.Analysis.HighamChapter7	NumStability.Analysis.Conditioning.LinearSystems.PerronFrobenius	move_candidate	theorem	public	NumStability.ch7_matrix_spectralRadius_ge_of_positive_right_subeigenvector	18203
NumStability.ch7_mul_ch7AbsSign_eq_abs	NumStability.Analysis.HighamChapter7	NumStability.Source.Higham.Chapter07.LinearSystemsConditioning.Problem09Linearized	move_candidate	theorem	public	NumStability.ch7_mul_ch7AbsSign_eq_abs	2049
NumStability.ch7_nonneg_irreducible_right_eigenvector_pos	NumStability.Analysis.HighamChapter7	NumStability.Source.Higham.Chapter07.LinearSystemsConditioning.Problem10Bauer.Part02	move_candidate	theorem	public	NumStability.ch7_nonneg_irreducible_right_eigenvector_pos	19165
NumStability.ch7_nonnegative_solution_of_nonnegative_contraction	NumStability.Analysis.HighamChapter7	NumStability.Source.Higham.Chapter07.LinearSystemsConditioning.Problem01	move_candidate	theorem	public	NumStability.ch7_nonnegative_solution_of_nonnegative_contraction	350
NumStability.ch7_nonnegative_solution_of_nonnegative_spectralRadius_lt_one	NumStability.Analysis.HighamChapter7	NumStability.Source.Higham.Chapter07.LinearSystemsConditioning.Problem10Bauer.Part02	move_candidate	theorem	public	NumStability.ch7_nonnegative_solution_of_nonnegative_spectralRadius_lt_one	18468
NumStability.ch7_nonsingInv_matAdd_id_entry_abs_le_of_abs_infNorm_bound	NumStability.Analysis.HighamChapter7	NumStability.Analysis.Conditioning.LinearSystems.InversePerturbation	move_candidate	theorem	public	NumStability.ch7_nonsingInv_matAdd_id_entry_abs_le_of_abs_infNorm_bound	4503
NumStability.ch7_nonsingInv_matAdd_id_infNorm_le_of_abs_infNorm_bound	NumStability.Analysis.HighamChapter7	NumStability.Analysis.Conditioning.LinearSystems.InversePerturbation	move_candidate	theorem	public	NumStability.ch7_nonsingInv_matAdd_id_infNorm_le_of_abs_infNorm_bound	4549
NumStability.ch7_nonzero_nonneg_irreducible_right_eigenvector_pos	NumStability.Analysis.HighamChapter7	NumStability.Source.Higham.Chapter07.LinearSystemsConditioning.Problem10Bauer.Part02	move_candidate	theorem	public	NumStability.ch7_nonzero_nonneg_irreducible_right_eigenvector_pos	19188
NumStability.ch7_oneNormVec_matMulVec_le_absMatrixAbsVecOneNorm	NumStability.Analysis.HighamChapter7	NumStability.Source.Higham.Chapter07.LinearSystemsConditioning.Problem06Columnwise	move_candidate	theorem	public	NumStability.ch7_oneNormVec_matMulVec_le_absMatrixAbsVecOneNorm	1826
NumStability.ch7_opNorm2Le_of_schur_bounds	NumStability.Analysis.HighamChapter7	NumStability.Source.Higham.Chapter07.LinearSystemsConditioning.Problem10OneNorm	move_candidate	theorem	public	NumStability.ch7_opNorm2Le_of_schur_bounds	22377
NumStability.ch7_perronScalar_nonneg_of_nonneg_eigenvector	NumStability.Analysis.HighamChapter7	NumStability.Analysis.Conditioning.LinearSystems.PerronFrobenius	move_candidate	theorem	public	NumStability.ch7_perronScalar_nonneg_of_nonneg_eigenvector	16394
NumStability.ch7_perronScalar_nonneg_of_nonzero_nonneg_eigenvector	NumStability.Analysis.HighamChapter7	NumStability.Analysis.Conditioning.LinearSystems.PerronFrobenius	move_candidate	theorem	public	NumStability.ch7_perronScalar_nonneg_of_nonzero_nonneg_eigenvector	16418
NumStability.ch7_perronScalar_pos_of_nonneg_eigenvector_entry_pos	NumStability.Analysis.HighamChapter7	NumStability.Analysis.Conditioning.LinearSystems.PerronFrobenius	move_candidate	theorem	public	NumStability.ch7_perronScalar_pos_of_nonneg_eigenvector_entry_pos	16434
NumStability.ch7_perronScalar_pos_of_nonneg_irreducible_eigenvector	NumStability.Analysis.HighamChapter7	NumStability.Analysis.Conditioning.LinearSystems.PerronFrobenius	move_candidate	theorem	public	NumStability.ch7_perronScalar_pos_of_nonneg_irreducible_eigenvector	17791
NumStability.ch7_perronScalar_pos_of_nonzero_nonneg_irreducible_eigenvector	NumStability.Analysis.HighamChapter7	NumStability.Source.Higham.Chapter07.LinearSystemsConditioning.Problem10Bauer.Part01	move_candidate	theorem	public	NumStability.ch7_perronScalar_pos_of_nonzero_nonneg_irreducible_eigenvector	17839
NumStability.ch7_positive_subeigenvector_eigen_or_exists_stronger	NumStability.Analysis.HighamChapter7	NumStability.Analysis.Conditioning.LinearSystems.PerronFrobenius	move_candidate	theorem	public	NumStability.ch7_positive_subeigenvector_eigen_or_exists_stronger	19052
NumStability.ch7_pow_sum_mulVec_subeigen_le_of_nonneg	NumStability.Analysis.HighamChapter7	NumStability.Source.Higham.Chapter07.LinearSystemsConditioning.Problem10Bauer.Part02	move_candidate	theorem	public	NumStability.ch7_pow_sum_mulVec_subeigen_le_of_nonneg	18603
NumStability.ch7_problem711_attainingDelta_bound	NumStability.Analysis.HighamChapter7	NumStability.Source.Higham.Chapter07.Equation25.InverseConditioning.ExactPerturbation	move_candidate	theorem	public	NumStability.ch7_problem711_attainingDelta_bound	3335
NumStability.ch7_problem711_attainingDelta_entry_eq	NumStability.Analysis.HighamChapter7	NumStability.Source.Higham.Chapter07.Equation25.InverseConditioning.ExactPerturbation	move_candidate	theorem	public	NumStability.ch7_problem711_attainingDelta_entry_eq	3346
NumStability.ch7_realRectToCMatrix_det	NumStability.Analysis.HighamChapter7	NumStability.Source.Higham.Chapter07.LinearSystemsConditioning.Problem10Bauer.Part02	move_candidate	theorem	public	NumStability.ch7_realRectToCMatrix_det	18377
NumStability.ch7_realRectToCMatrix_matSub_id	NumStability.Analysis.HighamChapter7	NumStability.Source.Higham.Chapter07.LinearSystemsConditioning.Problem10Bauer.Part02	move_candidate	theorem	public	NumStability.ch7_realRectToCMatrix_matSub_id	18367
NumStability.ch7_realRectToCMatrix_matrix_pow	NumStability.Analysis.HighamChapter7	NumStability.Analysis.Conditioning.LinearSystems.PerronFrobenius	move_candidate	theorem	public	NumStability.ch7_realRectToCMatrix_matrix_pow	18023
NumStability.ch7_realRectToCMatrix_pow_mulVec_complexified	NumStability.Analysis.HighamChapter7	NumStability.Analysis.Conditioning.LinearSystems.PerronFrobenius	move_candidate	theorem	public	NumStability.ch7_realRectToCMatrix_pow_mulVec_complexified	18044
NumStability.ch7_real_positive_eigenvector_complexified	NumStability.Analysis.HighamChapter7	NumStability.Analysis.Conditioning.LinearSystems.PerronFrobenius	move_candidate	theorem	public	NumStability.ch7_real_positive_eigenvector_complexified	16951
NumStability.ch7_rectMatMulVec_basisVec	NumStability.Analysis.HighamChapter7	NumStability.Source.Higham.Chapter07.LinearSystemsConditioning.Theorem05.Part01	move_candidate	theorem	public	NumStability.ch7_rectMatMulVec_basisVec	7906
NumStability.ch7_rectMatMulVec_injective_of_matrix_rank_eq_width	NumStability.Analysis.HighamChapter7	NumStability.Source.Higham.Chapter07.LinearSystemsConditioning.Theorem05.Part01	move_candidate	theorem	public	NumStability.ch7_rectMatMulVec_injective_of_matrix_rank_eq_width	8036
NumStability.ch7_rectMatMulVec_surjective_of_matrix_rank_eq_height	NumStability.Analysis.HighamChapter7	NumStability.Source.Higham.Chapter07.LinearSystemsConditioning.Theorem05.Part01	move_candidate	theorem	public	NumStability.ch7_rectMatMulVec_surjective_of_matrix_rank_eq_height	8061
NumStability.ch7_rowAbsSum_pos_of_right_inverse	NumStability.Analysis.HighamChapter7	NumStability.Source.Higham.Chapter07.LinearSystemsConditioning.RowScaling	move_candidate	theorem	public	NumStability.ch7_rowAbsSum_pos_of_right_inverse	7385
NumStability.ch7_rowwiseDataAmplifiedRhs_le_two_oneNormVec_mul_skeelCondRow	NumStability.Analysis.HighamChapter7	NumStability.Source.Higham.Chapter07.LinearSystemsConditioning.Problem06Rowwise	move_candidate	theorem	public	NumStability.ch7_rowwiseDataAmplifiedRhs_le_two_oneNormVec_mul_skeelCondRow	1638
NumStability.ch7_rowwiseDataForwardBound_lower	NumStability.Analysis.HighamChapter7	NumStability.Source.Higham.Chapter07.LinearSystemsConditioning.Problem06Rowwise	move_candidate	theorem	public	NumStability.ch7_rowwiseDataForwardBound_lower	1692
NumStability.ch7_rowwiseDataForwardBound_upper	NumStability.Analysis.HighamChapter7	NumStability.Source.Higham.Chapter07.LinearSystemsConditioning.Problem06Rowwise	move_candidate	theorem	public	NumStability.ch7_rowwiseDataForwardBound_upper	1718
NumStability.ch7_rowwiseScaledCondRow_le_rowwiseDataAmplifiedRhs	NumStability.Analysis.HighamChapter7	NumStability.Source.Higham.Chapter07.LinearSystemsConditioning.Problem06Rowwise	move_candidate	theorem	public	NumStability.ch7_rowwiseScaledCondRow_le_rowwiseDataAmplifiedRhs	1608
NumStability.ch7_spectrum_zero_mem_one_sub_iff	NumStability.Analysis.HighamChapter7	NumStability.Source.Higham.Chapter07.LinearSystemsConditioning.Problem10Bauer.Part02	move_candidate	theorem	public	NumStability.ch7_spectrum_zero_mem_one_sub_iff	18323
NumStability.ch7_sum_abs_pos_of_reciprocal	NumStability.Analysis.HighamChapter7	NumStability.Source.Higham.Chapter07.LinearSystemsConditioning.Theorem05.Part02	move_candidate	theorem	public	NumStability.ch7_sum_abs_pos_of_reciprocal	8859
NumStability.ch7_toLin_exists_spectralRadius_attaining_eigenpair	NumStability.Analysis.HighamChapter7	NumStability.Analysis.Conditioning.LinearSystems.PerronFrobenius	move_candidate	theorem	public	NumStability.ch7_toLin_exists_spectralRadius_attaining_eigenpair	16729
NumStability.ch7_toLin_spectralRadius_eq_matrix_spectralRadius	NumStability.Analysis.HighamChapter7	NumStability.Analysis.Conditioning.LinearSystems.PerronFrobenius	move_candidate	theorem	public	NumStability.ch7_toLin_spectralRadius_eq_matrix_spectralRadius	18315
NumStability.ch7_toLin_spectralRadius_eq_of_isComplexEigenvalueRadius	NumStability.Analysis.HighamChapter7	NumStability.Source.Higham.Chapter07.LinearSystemsConditioning.Problem10Bauer.Part01	move_candidate	theorem	public	NumStability.ch7_toLin_spectralRadius_eq_of_isComplexEigenvalueRadius	16622
NumStability.ch7_toLin_spectralRadius_ge_of_nonzero_nonneg_right_subeigenvector	NumStability.Analysis.HighamChapter7	NumStability.Source.Higham.Chapter07.LinearSystemsConditioning.Problem10Bauer.Part02	move_candidate	theorem	public	NumStability.ch7_toLin_spectralRadius_ge_of_nonzero_nonneg_right_subeigenvector	18450
NumStability.ch7_toLin_spectralRadius_ge_of_positive_right_subeigenvector	NumStability.Analysis.HighamChapter7	NumStability.Analysis.Conditioning.LinearSystems.PerronFrobenius	move_candidate	theorem	public	NumStability.ch7_toLin_spectralRadius_ge_of_positive_right_subeigenvector	18434
NumStability.ch7_toLin_spectralRadius_mul_comm_eq	NumStability.Analysis.HighamChapter7	NumStability.Source.Higham.Chapter07.LinearSystemsConditioning.Problem10Bauer.Part01	move_candidate	theorem	public	NumStability.ch7_toLin_spectralRadius_mul_comm_eq	16691
NumStability.ch7_toLin_spectralRadius_realRectToCMatrix_matTranspose_eq	NumStability.Analysis.HighamChapter7	NumStability.Source.Higham.Chapter07.LinearSystemsConditioning.Problem10Bauer.Part01	move_candidate	theorem	public	NumStability.ch7_toLin_spectralRadius_realRectToCMatrix_matTranspose_eq	16708
NumStability.ch7_toLin_spectralRadius_toReal_eq_of_isComplexEigenvalueRadius	NumStability.Analysis.HighamChapter7	NumStability.Source.Higham.Chapter07.LinearSystemsConditioning.Problem10Bauer.Part01	move_candidate	theorem	public	NumStability.ch7_toLin_spectralRadius_toReal_eq_of_isComplexEigenvalueRadius	16635
NumStability.ch7_toLin_spectralRadius_transpose_eq	NumStability.Analysis.HighamChapter7	NumStability.Source.Higham.Chapter07.LinearSystemsConditioning.Problem10Bauer.Part01	move_candidate	theorem	public	NumStability.ch7_toLin_spectralRadius_transpose_eq	16674
NumStability.ch7_toLin_spectrum_modulusSet_isGreatest_of_isComplexEigenvalueRadius	NumStability.Analysis.HighamChapter7	NumStability.Analysis.Conditioning.LinearSystems.PerronFrobenius	move_candidate	theorem	public	NumStability.ch7_toLin_spectrum_modulusSet_isGreatest_of_isComplexEigenvalueRadius	16586
NumStability.ch7_toLin_spectrum_modulusSet_sSup_eq_of_isComplexEigenvalueRadius	NumStability.Analysis.HighamChapter7	NumStability.Source.Higham.Chapter07.LinearSystemsConditioning.Problem10Bauer.Part01	move_candidate	theorem	public	NumStability.ch7_toLin_spectrum_modulusSet_sSup_eq_of_isComplexEigenvalueRadius	16604
NumStability.ch7_toLin_spectrum_mul_comm_iff	NumStability.Analysis.HighamChapter7	NumStability.Source.Higham.Chapter07.LinearSystemsConditioning.Problem10Bauer.Part01	move_candidate	theorem	public	NumStability.ch7_toLin_spectrum_mul_comm_iff	16661
NumStability.ch7_toLin_spectrum_transpose_iff	NumStability.Analysis.HighamChapter7	NumStability.Source.Higham.Chapter07.LinearSystemsConditioning.Problem10Bauer.Part01	move_candidate	theorem	public	NumStability.ch7_toLin_spectrum_transpose_iff	16648
NumStability.ch7_vecNorm2Sq_matMulVec_le_of_schur_bounds	NumStability.Analysis.HighamChapter7	NumStability.Source.Higham.Chapter07.LinearSystemsConditioning.Problem10OneNorm	move_candidate	theorem	public	NumStability.ch7_vecNorm2Sq_matMulVec_le_of_schur_bounds	22276
NumStability.ch7_vecNorm2_basisVec	NumStability.Analysis.HighamChapter7	NumStability.Source.Higham.Chapter07.LinearSystemsConditioning.Theorem05.Part01	move_candidate	theorem	public	NumStability.ch7_vecNorm2_basisVec	7901
NumStability.ch7_vecNorm2_mul_le_of_abs_le	NumStability.Analysis.HighamChapter7	NumStability.Source.Higham.Chapter07.LinearSystemsConditioning.Theorem05.Part02	move_candidate	theorem	public	NumStability.ch7_vecNorm2_mul_le_of_abs_le	8660
NumStability.ch7_weighted_row_cauchy_sum_sq	NumStability.Analysis.HighamChapter7	NumStability.Source.Higham.Chapter07.LinearSystemsConditioning.Problem10OneNorm	move_candidate	theorem	public	NumStability.ch7_weighted_row_cauchy_sum_sq	22220
NumStability.charpoly_restrict_dvd_of_isCompl	NumStability.Analysis.SemiconvergentRealSpectrumComplete	NumStability.Analysis.SemiconvergentRealSpectrumComplete	canonical_in_place	theorem	public	-	-
NumStability.clog2PairwiseDotProduct_error_bound	NumStability.Algorithms.TreeDotProduct	NumStability.Algorithms.TreeDotProduct	canonical_in_place	theorem	public	-	-
NumStability.compBlock	NumStability.Analysis.SemiconvergentBlockFormExists	NumStability.Analysis.SemiconvergentBlockFormExists	canonical_in_place	definition	public	-	-
NumStability.compBlock_blockContractive	NumStability.Analysis.SemiconvergentExistenceFull	NumStability.Analysis.SemiconvergentExistenceFull	canonical_in_place	theorem	public	-	-
NumStability.compBlock_diag_le	NumStability.Analysis.SemiconvergentBlockFormExists	NumStability.Analysis.SemiconvergentBlockFormExists	canonical_in_place	theorem	public	-	-
NumStability.compBlock_eq	NumStability.Analysis.SemiconvergentBlockFormExists	NumStability.Analysis.SemiconvergentBlockFormExists	canonical_in_place	theorem	public	-	-
NumStability.compBlock_mul_topProjector	NumStability.Analysis.SemiconvergentLimitGeneral	NumStability.Analysis.SemiconvergentLimitGeneral	canonical_in_place	theorem	public	-	-
NumStability.compBlock_no_comp_fixed	NumStability.Analysis.SemiconvergentLimitGeneral	NumStability.Analysis.SemiconvergentLimitGeneral	canonical_in_place	theorem	public	-	-
NumStability.compBlock_quasiLower	NumStability.Analysis.SemiconvergentExistenceFull	NumStability.Analysis.SemiconvergentExistenceFull	canonical_in_place	theorem	public	-	-
NumStability.compBlock_top_zero	NumStability.Analysis.SemiconvergentLimitGeneral	NumStability.Analysis.SemiconvergentLimitGeneral	canonical_in_place	theorem	public	-	-
NumStability.compBlock_upperTriangular	NumStability.Analysis.SemiconvergentBlockFormExists	NumStability.Analysis.SemiconvergentBlockFormExists	canonical_in_place	theorem	public	-	-
NumStability.compRelError	NumStability.Analysis.Error	NumStability.Analysis.Error.Measures.Componentwise	move_candidate	definition	public	NumStability.compRelError	656
NumStability.compRelErrorBounded	NumStability.Analysis.Error	NumStability.Analysis.Error.Measures.Componentwise	move_candidate	definition	public	NumStability.compRelErrorBounded	646
NumStability.compRelError_le_iff	NumStability.Analysis.Error	NumStability.Analysis.Error.Measures.Componentwise	move_candidate	theorem	public	NumStability.compRelError_le_iff	672
NumStability.compRelError_nonneg	NumStability.Analysis.Error	NumStability.Analysis.Error.Measures.Componentwise	move_candidate	theorem	public	NumStability.compRelError_nonneg	683
NumStability.complexDotProduct	NumStability.Algorithms.ComplexBackwardError	NumStability.Algorithms.ComplexBackwardError	canonical_in_place	definition	public	-	-
NumStability.complexDotProductRelErrorExpansion	NumStability.Algorithms.ComplexBackwardError	NumStability.Algorithms.ComplexBackwardError	canonical_in_place	definition	public	-	-
NumStability.complexDotProduct_backward_stable_x	NumStability.Algorithms.ComplexBackwardError	NumStability.Algorithms.ComplexBackwardError	canonical_in_place	theorem	public	-	-
NumStability.complexDotProduct_backward_stable_y	NumStability.Algorithms.ComplexBackwardError	NumStability.Algorithms.ComplexBackwardError	canonical_in_place	theorem	public	-	-
NumStability.complexFromRealImag	NumStability.Analysis.ComplexSqrt	NumStability.Analysis.ComplexSqrt	canonical_in_place	definition	public	-	-
NumStability.complexFromRealImag_sq_eq_of_components	NumStability.Analysis.ComplexSqrt	NumStability.Analysis.ComplexSqrt	canonical_in_place	theorem	public	-	-
NumStability.complexMatVec	NumStability.Algorithms.ComplexBackwardError	NumStability.Algorithms.ComplexBackwardError	canonical_in_place	definition	public	-	-
NumStability.complexMatVecRelErrorRows	NumStability.Algorithms.ComplexBackwardError	NumStability.Algorithms.ComplexBackwardError	canonical_in_place	definition	public	-	-
NumStability.complexMatVec_backward_error	NumStability.Algorithms.ComplexBackwardError	NumStability.Algorithms.ComplexBackwardError	canonical_in_place	theorem	public	-	-
NumStability.complexRelErrorModel	NumStability.Analysis.ComplexArithmetic	NumStability.Analysis.ComplexArithmetic	canonical_in_place	definition	public	-	-
NumStability.complexRelErrorModel_of_norm_error_le	NumStability.Analysis.ComplexArithmetic	NumStability.Analysis.ComplexArithmetic	canonical_in_place	theorem	public	-	-
NumStability.complexSqrtImagSign	NumStability.Analysis.ComplexSqrt	NumStability.Analysis.ComplexSqrt	canonical_in_place	definition	public	-	-
NumStability.complexSqrtImagSign_mul_abs	NumStability.Analysis.ComplexSqrt	NumStability.Analysis.ComplexSqrt	canonical_in_place	theorem	public	-	-
NumStability.complexSqrtImagSign_sq	NumStability.Analysis.ComplexSqrt	NumStability.Analysis.ComplexSqrt	canonical_in_place	theorem	public	-	-
NumStability.complexSqrtRadius	NumStability.Analysis.ComplexSqrt	NumStability.Analysis.ComplexSqrt	canonical_in_place	definition	public	-	-
NumStability.complexSqrtRadius_nonneg	NumStability.Analysis.ComplexSqrt	NumStability.Analysis.ComplexSqrt	canonical_in_place	theorem	public	-	-
NumStability.complexSqrtRadius_sq	NumStability.Analysis.ComplexSqrt	NumStability.Analysis.ComplexSqrt	canonical_in_place	theorem	public	-	-
NumStability.complexSqrtStableXNegA	NumStability.Analysis.ComplexSqrt	NumStability.Analysis.ComplexSqrt	canonical_in_place	definition	public	-	-
NumStability.complexSqrtStableXNonnegA	NumStability.Analysis.ComplexSqrt	NumStability.Analysis.ComplexSqrt	canonical_in_place	definition	public	-	-
NumStability.complexSqrtStableXNonnegA_ne_zero	NumStability.Analysis.ComplexSqrt	NumStability.Analysis.ComplexSqrt	canonical_in_place	theorem	public	-	-
NumStability.complexSqrtStableXNonnegA_pos	NumStability.Analysis.ComplexSqrt	NumStability.Analysis.ComplexSqrt	canonical_in_place	theorem	public	-	-
NumStability.complexSqrtStableYNegA	NumStability.Analysis.ComplexSqrt	NumStability.Analysis.ComplexSqrt	canonical_in_place	definition	public	-	-
NumStability.complexSqrtStableYNegA_ne_zero	NumStability.Analysis.ComplexSqrt	NumStability.Analysis.ComplexSqrt	canonical_in_place	theorem	public	-	-
NumStability.complexSqrtStableYNonnegA	NumStability.Analysis.ComplexSqrt	NumStability.Analysis.ComplexSqrt	canonical_in_place	definition	public	-	-
NumStability.complexSqrtStable_negA_components	NumStability.Analysis.ComplexSqrt	NumStability.Analysis.ComplexSqrt	canonical_in_place	theorem	public	-	-
NumStability.complexSqrtStable_negA_sq	NumStability.Analysis.ComplexSqrt	NumStability.Analysis.ComplexSqrt	canonical_in_place	theorem	public	-	-
NumStability.complexSqrtStable_nonnegA_components	NumStability.Analysis.ComplexSqrt	NumStability.Analysis.ComplexSqrt	canonical_in_place	theorem	public	-	-
NumStability.complexSqrtStable_nonnegA_sq	NumStability.Analysis.ComplexSqrt	NumStability.Analysis.ComplexSqrt	canonical_in_place	theorem	public	-	-
NumStability.complexSqrtStable_zero_sq	NumStability.Analysis.ComplexSqrt	NumStability.Analysis.ComplexSqrt	canonical_in_place	theorem	public	-	-
NumStability.complex_div_component_abs_terms_sq_le	NumStability.Analysis.ComplexArithmetic	NumStability.Analysis.ComplexArithmetic	canonical_in_place	theorem	public	-	-
NumStability.complex_mul_component_abs_terms_sq_le	NumStability.Analysis.ComplexArithmetic	NumStability.Analysis.ComplexArithmetic	canonical_in_place	theorem	public	-	-
NumStability.complexifyMat	NumStability.Analysis.SemiconvergentLimitGeneral	NumStability.Analysis.SemiconvergentLimitGeneral	canonical_in_place	definition	public	-	-
NumStability.componentwise_forward_error_exact_relative_infNorm	NumStability.Analysis.HighamChapter7	NumStability.Source.Higham.Chapter07.LinearSystemsConditioning.Theorem04	move_candidate	theorem	public	NumStability.componentwise_forward_error_exact_relative_infNorm	23901
NumStability.componentwise_to_normwise_bound	NumStability.Algorithms.LU.GrowthFactor	NumStability.Algorithms.LU.GrowthFactor	canonical_in_place	theorem	public	-	-
NumStability.condNumber	NumStability.Analysis.Stability	NumStability.Analysis.Stability	canonical_in_place	definition	public	-	-
NumStability.condOneNumber	NumStability.Analysis.ConditionEstimatorLowerBound	NumStability.Analysis.ConditionEstimatorLowerBound	canonical_in_place	definition	public	-	-
NumStability.condOneNumber_eq_kappaOne_of_rightInverse	NumStability.Analysis.ConditionEstimatorLowerBound	NumStability.Analysis.ConditionEstimatorLowerBound	canonical_in_place	theorem	public	-	-
NumStability.condOneNumber_ge_scaled_estimator	NumStability.Analysis.ConditionEstimatorLowerBound	NumStability.Analysis.ConditionEstimatorLowerBound	canonical_in_place	theorem	public	-	-
NumStability.condOneNumber_ge_scaled_powerMethod	NumStability.Analysis.ConditionEstimatorLowerBound	NumStability.Analysis.ConditionEstimatorLowerBound	canonical_in_place	theorem	public	-	-
NumStability.condOneNumber_nonneg	NumStability.Analysis.ConditionEstimatorLowerBound	NumStability.Analysis.ConditionEstimatorLowerBound	canonical_in_place	theorem	public	-	-
NumStability.conjGamma	NumStability.Analysis.SemiconvergentBlockFormExists	NumStability.Analysis.SemiconvergentBlockFormExists	canonical_in_place	definition	public	-	-
NumStability.conjGamma_entry	NumStability.Analysis.SemiconvergentBlockFormExists	NumStability.Analysis.SemiconvergentBlockFormExists	canonical_in_place	theorem	public	-	-
NumStability.conjGamma_row_sum_le_infNorm	NumStability.Analysis.SemiconvergentBlockFormExists	NumStability.Analysis.SemiconvergentBlockFormExists	canonical_in_place	theorem	public	-	-
NumStability.continuedFractionStep	NumStability.Algorithms.ContinuedFraction	NumStability.Algorithms.ContinuedFraction	canonical_in_place	definition	public	-	-
NumStability.continuedFractionStepAmplification	NumStability.Algorithms.ContinuedFraction	NumStability.Algorithms.ContinuedFraction	canonical_in_place	definition	public	-	-
NumStability.continuedFraction_running_error_bound	NumStability.Algorithms.ContinuedFraction	NumStability.Algorithms.ContinuedFraction	canonical_in_place	theorem	public	-	-
NumStability.continuedFraction_step_error_le	NumStability.Algorithms.ContinuedFraction	NumStability.Algorithms.ContinuedFraction	canonical_in_place	theorem	public	-	-
NumStability.continuousOn_ch7LpLeftScaledCondOfReal_reciprocal	NumStability.Analysis.HighamChapter7	NumStability.Source.Higham.Chapter07.LinearSystemsConditioning.Theorem05.Part03	move_candidate	theorem	public	NumStability.continuousOn_ch7LpLeftScaledCondOfReal_reciprocal	11066
NumStability.continuousOn_ch7LpLeftScaledCondOfReal_reciprocal_compactCore	NumStability.Analysis.HighamChapter7	NumStability.Source.Higham.Chapter07.LinearSystemsConditioning.Theorem05.Part03	move_candidate	theorem	public	NumStability.continuousOn_ch7LpLeftScaledCondOfReal_reciprocal_compactCore	11319
NumStability.continuousOn_ch7LpRightScaledCondOfReal_reciprocal	NumStability.Analysis.HighamChapter7	NumStability.Source.Higham.Chapter07.LinearSystemsConditioning.Theorem05.Part02	move_candidate	theorem	public	NumStability.continuousOn_ch7LpRightScaledCondOfReal_reciprocal	9810
NumStability.continuousOn_ch7LpRightScaledCondOfReal_reciprocal_compactCore	NumStability.Analysis.HighamChapter7	NumStability.Source.Higham.Chapter07.LinearSystemsConditioning.Theorem05.Part03	move_candidate	theorem	public	NumStability.continuousOn_ch7LpRightScaledCondOfReal_reciprocal_compactCore	10385
NumStability.continuousOn_ch7Op2LeftScaledCond_reciprocal	NumStability.Analysis.HighamChapter7	NumStability.Source.Higham.Chapter07.LinearSystemsConditioning.Theorem05.Part04	move_candidate	theorem	public	NumStability.continuousOn_ch7Op2LeftScaledCond_reciprocal	12593
NumStability.continuousOn_ch7Op2LeftScaledCond_reciprocal_compactCore	NumStability.Analysis.HighamChapter7	NumStability.Source.Higham.Chapter07.LinearSystemsConditioning.Theorem05.Part04	move_candidate	theorem	public	NumStability.continuousOn_ch7Op2LeftScaledCond_reciprocal_compactCore	12814
NumStability.continuousOn_ch7Op2RightScaledCond_reciprocal	NumStability.Analysis.HighamChapter7	NumStability.Source.Higham.Chapter07.LinearSystemsConditioning.Theorem05.Part02	move_candidate	theorem	public	NumStability.continuousOn_ch7Op2RightScaledCond_reciprocal	9007
NumStability.continuousOn_ch7Op2RightScaledCond_reciprocal_compactCore	NumStability.Analysis.HighamChapter7	NumStability.Source.Higham.Chapter07.LinearSystemsConditioning.Theorem05.Part04	move_candidate	theorem	public	NumStability.continuousOn_ch7Op2RightScaledCond_reciprocal_compactCore	12071
NumStability.continuous_realRectToCMatrix_ch7RectLeftScale	NumStability.Analysis.HighamChapter7	NumStability.Source.Higham.Chapter07.LinearSystemsConditioning.Theorem05.Part01	move_candidate	theorem	public	NumStability.continuous_realRectToCMatrix_ch7RectLeftScale	8369
NumStability.continuous_realRectToCMatrix_ch7RectRightScale	NumStability.Analysis.HighamChapter7	NumStability.Source.Higham.Chapter07.LinearSystemsConditioning.Theorem05.Part01	move_candidate	theorem	public	NumStability.continuous_realRectToCMatrix_ch7RectRightScale	8358
NumStability.conventional_residual_error	NumStability.Algorithms.IterativeRefinement	NumStability.Algorithms.LinearSystems.IterativeRefinement.Core	move_candidate	theorem	public	NumStability.conventional_residual_error	97
NumStability.corollary7_6_cholesky_column_norm_pos	NumStability.Analysis.HighamChapter7	NumStability.Source.Higham.Chapter07.Corollary06.LinearSystemsConditioning.Results	move_candidate	theorem	public	NumStability.corollary7_6_cholesky_column_norm_pos	15600
NumStability.corollary7_6_cholesky_diag_eq_column_norm_sq	NumStability.Analysis.HighamChapter7	NumStability.Source.Higham.Chapter07.Corollary06.LinearSystemsConditioning.Results	move_candidate	theorem	public	NumStability.corollary7_6_cholesky_diag_eq_column_norm_sq	15558
NumStability.corollary7_6_cholesky_diag_invScale_eq_column_norm	NumStability.Analysis.HighamChapter7	NumStability.Source.Higham.Chapter07.Corollary06.LinearSystemsConditioning.Results	move_candidate	theorem	public	NumStability.corollary7_6_cholesky_diag_invScale_eq_column_norm	15571
NumStability.corollary7_6_cholesky_diag_scale_eq_column_equilibrating	NumStability.Analysis.HighamChapter7	NumStability.Source.Higham.Chapter07.Corollary06.LinearSystemsConditioning.Results	move_candidate	theorem	public	NumStability.corollary7_6_cholesky_diag_scale_eq_column_equilibrating	15586
NumStability.corollary7_6_cholesky_factor_column_equilibrated	NumStability.Analysis.HighamChapter7	NumStability.Source.Higham.Chapter07.Corollary06.LinearSystemsConditioning.Results	move_candidate	theorem	public	NumStability.corollary7_6_cholesky_factor_column_equilibrated	15615
NumStability.corollary7_6_cholesky_factor_column_scaling_le_sqrt_card_sInf_right_scalings	NumStability.Analysis.HighamChapter7	NumStability.Source.Higham.Chapter07.Corollary06.LinearSystemsConditioning.Results	move_candidate	theorem	public	NumStability.corollary7_6_cholesky_factor_column_scaling_le_sqrt_card_sInf_right_scalings	15646
NumStability.corollary7_6_cholesky_factor_op2Le_sqrt_card	NumStability.Analysis.HighamChapter7	NumStability.Source.Higham.Chapter07.Corollary06.LinearSystemsConditioning.Results	move_candidate	theorem	public	NumStability.corollary7_6_cholesky_factor_op2Le_sqrt_card	15631
NumStability.corollary7_6_cholesky_inverse_gram_isInverse	NumStability.Analysis.HighamChapter7	NumStability.Source.Higham.Chapter07.Corollary06.LinearSystemsConditioning.Results	move_candidate	theorem	public	NumStability.corollary7_6_cholesky_inverse_gram_isInverse	16204
NumStability.corollary7_6_cholesky_right_sInf_sq_le_symmetric_sInf	NumStability.Analysis.HighamChapter7	NumStability.Source.Higham.Chapter07.Corollary06.LinearSystemsConditioning.Results	move_candidate	theorem	public	NumStability.corollary7_6_cholesky_right_sInf_sq_le_symmetric_sInf	16131
NumStability.corollary7_6_cholesky_scaled_cond_eq_factor_cond_sq	NumStability.Analysis.HighamChapter7	NumStability.Source.Higham.Chapter07.Corollary06.LinearSystemsConditioning.Results	move_candidate	theorem	public	NumStability.corollary7_6_cholesky_scaled_cond_eq_factor_cond_sq	16067
NumStability.corollary7_6_cholesky_scaled_cond_le_card_sInf_right_scalings_sq	NumStability.Analysis.HighamChapter7	NumStability.Source.Higham.Chapter07.Corollary06.LinearSystemsConditioning.Results	move_candidate	theorem	public	NumStability.corollary7_6_cholesky_scaled_cond_le_card_sInf_right_scalings_sq	16084
NumStability.corollary7_6_cholesky_scaled_cond_le_card_sInf_symmetric_scalings	NumStability.Analysis.HighamChapter7	NumStability.Source.Higham.Chapter07.Corollary06.LinearSystemsConditioning.Results	move_candidate	theorem	public	NumStability.corollary7_6_cholesky_scaled_cond_le_card_sInf_symmetric_scalings	16171
NumStability.corollary7_6_cholesky_scaled_gram_eq	NumStability.Analysis.HighamChapter7	NumStability.Source.Higham.Chapter07.Corollary06.LinearSystemsConditioning.Results	move_candidate	theorem	public	NumStability.corollary7_6_cholesky_scaled_gram_eq	16039
NumStability.corollary7_6_cholesky_scaled_inverse_gram_eq	NumStability.Analysis.HighamChapter7	NumStability.Source.Higham.Chapter07.Corollary06.LinearSystemsConditioning.Results	move_candidate	theorem	public	NumStability.corollary7_6_cholesky_scaled_inverse_gram_eq	16053
NumStability.corollary7_6_cholesky_scaled_inverse_gram_isInverse	NumStability.Analysis.HighamChapter7	NumStability.Source.Higham.Chapter07.Corollary06.LinearSystemsConditioning.Results	move_candidate	theorem	public	NumStability.corollary7_6_cholesky_scaled_inverse_gram_isInverse	19969
NumStability.correction_componentwise_of_infNorm	NumStability.Algorithms.IterativeRefinement	NumStability.Source.Higham.Chapter12.IterativeRefinement.Chapter12Bounds	move_candidate	theorem	public	NumStability.correction_componentwise_of_infNorm	1741
NumStability.correction_neumann_inequality	NumStability.Algorithms.IterativeRefinement	NumStability.Source.Higham.Chapter12.IterativeRefinement.Chapter12Bounds	move_candidate	theorem	public	NumStability.correction_neumann_inequality	1765
NumStability.correction_product_bound	NumStability.Algorithms.IterativeRefinement	NumStability.Source.Higham.Chapter12.IterativeRefinement.LegacyChapter11Surface	move_candidate	theorem	public	NumStability.correction_product_bound	1315
NumStability.correction_scalar_bound	NumStability.Algorithms.IterativeRefinement	NumStability.Source.Higham.Chapter12.IterativeRefinement.LegacyChapter11Surface	move_candidate	theorem	public	NumStability.correction_scalar_bound	1331
NumStability.cramer2x2ComputedFromNumerators	NumStability.Analysis.CramersRule	NumStability.Algorithms.LinearSystems.CramersRule.Core	move_candidate	definition	public	NumStability.cramer2x2ComputedFromNumerators	113
NumStability.cramer2x2CondAt	NumStability.Analysis.CramersRule	NumStability.Source.Higham.Chapter01.Problem09.CramersRule.ForwardError	move_candidate	definition	public	NumStability.cramer2x2CondAt	425
NumStability.cramer2x2CondVec	NumStability.Analysis.CramersRule	NumStability.Source.Higham.Chapter01.Problem09.CramersRule.ForwardError	move_candidate	definition	public	NumStability.cramer2x2CondVec	419
NumStability.cramer2x2CondVec_nonneg	NumStability.Analysis.CramersRule	NumStability.Source.Higham.Chapter01.Problem09.CramersRule.ForwardError	move_candidate	theorem	public	NumStability.cramer2x2CondVec_nonneg	506
NumStability.cramer2x2InvAbsRhs	NumStability.Analysis.CramersRule	NumStability.Source.Higham.Chapter01.Problem09.CramersRule.ForwardError	move_candidate	definition	public	NumStability.cramer2x2InvAbsRhs	431
NumStability.cramer2x2InvAbsRhs_nonneg	NumStability.Analysis.CramersRule	NumStability.Source.Higham.Chapter01.Problem09.CramersRule.ForwardError	move_candidate	theorem	public	NumStability.cramer2x2InvAbsRhs_nonneg	516
NumStability.cramer2x2Inverse	NumStability.Analysis.CramersRule	NumStability.Source.Higham.Chapter01.Problem09.CramersRule.ForwardError	move_candidate	definition	public	NumStability.cramer2x2Inverse	449
NumStability.cramer2x2Inverse_isInverse	NumStability.Analysis.CramersRule	NumStability.Source.Higham.Chapter01.Problem09.CramersRule.ForwardError	move_candidate	theorem	public	NumStability.cramer2x2Inverse_isInverse	499
NumStability.cramer2x2Inverse_isLeftInverse	NumStability.Analysis.CramersRule	NumStability.Source.Higham.Chapter01.Problem09.CramersRule.ForwardError	move_candidate	theorem	public	NumStability.cramer2x2Inverse_isLeftInverse	459
NumStability.cramer2x2Inverse_isRightInverse	NumStability.Analysis.CramersRule	NumStability.Source.Higham.Chapter01.Problem09.CramersRule.ForwardError	move_candidate	theorem	public	NumStability.cramer2x2Inverse_isRightInverse	486
NumStability.cramer2x2Numerator	NumStability.Analysis.CramersRule	NumStability.Algorithms.LinearSystems.CramersRule.Core	move_candidate	definition	public	NumStability.cramer2x2Numerator	99
NumStability.cramer2x2NumeratorAbsTerms	NumStability.Analysis.CramersRule	NumStability.Algorithms.LinearSystems.CramersRule.Core	move_candidate	definition	public	NumStability.cramer2x2NumeratorAbsTerms	105
NumStability.cramer2x2NumeratorAbsTerms_div_det_eq_invAbsRhs_inverse	NumStability.Analysis.CramersRule	NumStability.Source.Higham.Chapter01.Problem09.CramersRule.ForwardError	move_candidate	theorem	public	NumStability.cramer2x2NumeratorAbsTerms_div_det_eq_invAbsRhs_inverse	680
NumStability.cramer2x2NumeratorAbsTerms_div_det_le_condVec_inverse_solution	NumStability.Analysis.CramersRule	NumStability.Source.Higham.Chapter01.Problem09.CramersRule.ForwardError	move_candidate	theorem	public	NumStability.cramer2x2NumeratorAbsTerms_div_det_le_condVec_inverse_solution	609
NumStability.cramer2x2ResidualCond	NumStability.Analysis.CramersRule	NumStability.Source.Higham.Chapter01.Problem09.CramersRule.ForwardError	move_candidate	definition	public	NumStability.cramer2x2ResidualCond	443
NumStability.cramer2x2ResidualCondVec	NumStability.Analysis.CramersRule	NumStability.Source.Higham.Chapter01.Problem09.CramersRule.ForwardError	move_candidate	definition	public	NumStability.cramer2x2ResidualCondVec	437
NumStability.cramer2x2ResidualCondVec_nonneg	NumStability.Analysis.CramersRule	NumStability.Source.Higham.Chapter01.Problem09.CramersRule.ForwardError	move_candidate	theorem	public	NumStability.cramer2x2ResidualCondVec_nonneg	523
NumStability.cramer2x2ResidualCond_nonneg	NumStability.Analysis.CramersRule	NumStability.Source.Higham.Chapter01.Problem09.CramersRule.ForwardError	move_candidate	theorem	public	NumStability.cramer2x2ResidualCond_nonneg	533
NumStability.cramer2x2Residual_infNorm_from_flNumerators_exact_den_condInv	NumStability.Analysis.CramersRule	NumStability.Source.Higham.Chapter01.Problem09.CramersRule.ForwardError	move_candidate	theorem	public	NumStability.cramer2x2Residual_infNorm_from_flNumerators_exact_den_condInv	939
NumStability.cramer2x2Residual_infNorm_le_gamma_residualCondVec_of_componentwise	NumStability.Analysis.CramersRule	NumStability.Source.Higham.Chapter01.Problem09.CramersRule.ForwardError	move_candidate	theorem	public	NumStability.cramer2x2Residual_infNorm_le_gamma_residualCondVec_of_componentwise	882
NumStability.cramer2x2Solution	NumStability.Analysis.CramersRule	NumStability.Algorithms.LinearSystems.CramersRule.Core	move_candidate	definition	public	NumStability.cramer2x2Solution	94
NumStability.cramer2x2Solution_error_from_absTerm_numerator_bounds	NumStability.Analysis.CramersRule	NumStability.Source.Higham.Chapter01.Problem09.CramersRule.ForwardError	move_candidate	theorem	public	NumStability.cramer2x2Solution_error_from_absTerm_numerator_bounds	823
NumStability.cramer2x2Solution_error_from_flNumerators_exact_den	NumStability.Analysis.CramersRule	NumStability.Source.Higham.Chapter01.Problem09.CramersRule.ForwardError	move_candidate	theorem	public	NumStability.cramer2x2Solution_error_from_flNumerators_exact_den	841
NumStability.cramer2x2Solution_error_from_flNumerators_exact_den_invAbsRhs	NumStability.Analysis.CramersRule	NumStability.Source.Higham.Chapter01.Problem09.CramersRule.ForwardError	move_candidate	theorem	public	NumStability.cramer2x2Solution_error_from_flNumerators_exact_den_invAbsRhs	857
NumStability.cramer2x2Solution_error_from_numerator_errors	NumStability.Analysis.CramersRule	NumStability.Source.Higham.Chapter01.Problem09.CramersRule.ForwardError	move_candidate	theorem	public	NumStability.cramer2x2Solution_error_from_numerator_errors	805
NumStability.cramer2x2Solution_one	NumStability.Analysis.CramersRule	NumStability.Algorithms.LinearSystems.CramersRule.Core	move_candidate	theorem	public	NumStability.cramer2x2Solution_one	397
NumStability.cramer2x2Solution_relative_forward_error_from_flNumerators_exact_den_condAt	NumStability.Analysis.CramersRule	NumStability.Source.Higham.Chapter01.Problem09.CramersRule.ForwardError	move_candidate	theorem	public	NumStability.cramer2x2Solution_relative_forward_error_from_flNumerators_exact_den_condAt	1021
NumStability.cramer2x2Solution_relative_forward_error_from_flNumerators_exact_den_of_condVec_bound	NumStability.Analysis.CramersRule	NumStability.Source.Higham.Chapter01.Problem09.CramersRule.ForwardError	move_candidate	theorem	public	NumStability.cramer2x2Solution_relative_forward_error_from_flNumerators_exact_den_of_condVec_bound	985
NumStability.cramer2x2Solution_solves	NumStability.Analysis.CramersRule	NumStability.Algorithms.LinearSystems.CramersRule.Core	move_candidate	theorem	public	NumStability.cramer2x2Solution_solves	406
NumStability.cramer2x2Solution_zero	NumStability.Analysis.CramersRule	NumStability.Algorithms.LinearSystems.CramersRule.Core	move_candidate	theorem	public	NumStability.cramer2x2Solution_zero	388
NumStability.cramer2x2X1	NumStability.Analysis.CramersRule	NumStability.Algorithms.LinearSystems.CramersRule.Core	move_candidate	definition	public	NumStability.cramer2x2X1	41
NumStability.cramer2x2X2	NumStability.Analysis.CramersRule	NumStability.Algorithms.LinearSystems.CramersRule.Core	move_candidate	definition	public	NumStability.cramer2x2X2	46
NumStability.cramer2x2_first_eq	NumStability.Analysis.CramersRule	NumStability.Algorithms.LinearSystems.CramersRule.Core	move_candidate	theorem	public	NumStability.cramer2x2_first_eq	51
NumStability.cramer2x2_relative_forward_error_le_gamma_condAt_of_componentwise	NumStability.Analysis.CramersRule	NumStability.Source.Higham.Chapter01.Problem09.CramersRule.ForwardError	move_candidate	theorem	public	NumStability.cramer2x2_relative_forward_error_le_gamma_condAt_of_componentwise	539
NumStability.cramer2x2_second_eq	NumStability.Analysis.CramersRule	NumStability.Algorithms.LinearSystems.CramersRule.Core	move_candidate	theorem	public	NumStability.cramer2x2_second_eq	67
NumStability.cramerGeppExampleAccurateVector	NumStability.Analysis.CramersRule	NumStability.Source.Higham.Chapter01.Section10.CramersRule.PrintedComparison	move_candidate	definition	public	NumStability.cramerGeppExampleAccurateVector	161
NumStability.cramerGeppExampleCramerResidual	NumStability.Analysis.CramersRule	NumStability.Source.Higham.Chapter01.Section10.CramersRule.PrintedComparison	move_candidate	definition	public	NumStability.cramerGeppExampleCramerResidual	136
NumStability.cramerGeppExampleCramerScaledResidual	NumStability.Analysis.CramersRule	NumStability.Source.Higham.Chapter01.Section10.CramersRule.PrintedComparison	move_candidate	definition	public	NumStability.cramerGeppExampleCramerScaledResidual	153
NumStability.cramerGeppExampleCramerSolution	NumStability.Analysis.CramersRule	NumStability.Source.Higham.Chapter01.Section10.CramersRule.PrintedComparison	move_candidate	definition	public	NumStability.cramerGeppExampleCramerSolution	130
NumStability.cramerGeppExampleGeppResidual	NumStability.Analysis.CramersRule	NumStability.Source.Higham.Chapter01.Section10.CramersRule.PrintedComparison	move_candidate	definition	public	NumStability.cramerGeppExampleGeppResidual	147
NumStability.cramerGeppExampleGeppScaledResidual	NumStability.Analysis.CramersRule	NumStability.Source.Higham.Chapter01.Section10.CramersRule.PrintedComparison	move_candidate	definition	public	NumStability.cramerGeppExampleGeppScaledResidual	157
NumStability.cramerGeppExampleGeppSolution	NumStability.Analysis.CramersRule	NumStability.Source.Higham.Chapter01.Section10.CramersRule.PrintedComparison	move_candidate	definition	public	NumStability.cramerGeppExampleGeppSolution	142
NumStability.cramerGeppExample_accurateVector_rows	NumStability.Analysis.CramersRule	NumStability.Source.Higham.Chapter01.Section10.CramersRule.PrintedComparison	move_candidate	theorem	public	NumStability.cramerGeppExample_accurateVector_rows	206
NumStability.cramerGeppExample_cramerResidual_infNorm_eq	NumStability.Analysis.CramersRule	NumStability.Source.Higham.Chapter01.Section10.CramersRule.PrintedComparison	move_candidate	theorem	public	NumStability.cramerGeppExample_cramerResidual_infNorm_eq	249
NumStability.cramerGeppExample_cramerResidual_rows	NumStability.Analysis.CramersRule	NumStability.Source.Higham.Chapter01.Section10.CramersRule.PrintedComparison	move_candidate	theorem	public	NumStability.cramerGeppExample_cramerResidual_rows	172
NumStability.cramerGeppExample_cramerResidual_vecNorm2Sq_eq	NumStability.Analysis.CramersRule	NumStability.Source.Higham.Chapter01.Section10.CramersRule.PrintedComparison	move_candidate	theorem	public	NumStability.cramerGeppExample_cramerResidual_vecNorm2Sq_eq	316
NumStability.cramerGeppExample_cramerScaledResidual_infNorm_eq	NumStability.Analysis.CramersRule	NumStability.Source.Higham.Chapter01.Section10.CramersRule.PrintedComparison	move_candidate	theorem	public	NumStability.cramerGeppExample_cramerScaledResidual_infNorm_eq	266
NumStability.cramerGeppExample_cramerScaledResidual_rows	NumStability.Analysis.CramersRule	NumStability.Source.Higham.Chapter01.Section10.CramersRule.PrintedComparison	move_candidate	theorem	public	NumStability.cramerGeppExample_cramerScaledResidual_rows	179
NumStability.cramerGeppExample_cramerScaledResidual_vecNorm2Sq_eq	NumStability.Analysis.CramersRule	NumStability.Source.Higham.Chapter01.Section10.CramersRule.PrintedComparison	move_candidate	theorem	public	NumStability.cramerGeppExample_cramerScaledResidual_vecNorm2Sq_eq	325
NumStability.cramerGeppExample_cramerSolution_rows	NumStability.Analysis.CramersRule	NumStability.Source.Higham.Chapter01.Section10.CramersRule.PrintedComparison	move_candidate	theorem	public	NumStability.cramerGeppExample_cramerSolution_rows	166
NumStability.cramerGeppExample_cramerSolution_vecNorm2Sq_eq	NumStability.Analysis.CramersRule	NumStability.Source.Higham.Chapter01.Section10.CramersRule.PrintedComparison	move_candidate	theorem	public	NumStability.cramerGeppExample_cramerSolution_vecNorm2Sq_eq	349
NumStability.cramerGeppExample_geppResidual_infNorm_eq	NumStability.Analysis.CramersRule	NumStability.Source.Higham.Chapter01.Section10.CramersRule.PrintedComparison	move_candidate	theorem	public	NumStability.cramerGeppExample_geppResidual_infNorm_eq	273
NumStability.cramerGeppExample_geppResidual_rows	NumStability.Analysis.CramersRule	NumStability.Source.Higham.Chapter01.Section10.CramersRule.PrintedComparison	move_candidate	theorem	public	NumStability.cramerGeppExample_geppResidual_rows	192
NumStability.cramerGeppExample_geppResidual_vecNorm2Sq_eq	NumStability.Analysis.CramersRule	NumStability.Source.Higham.Chapter01.Section10.CramersRule.PrintedComparison	move_candidate	theorem	public	NumStability.cramerGeppExample_geppResidual_vecNorm2Sq_eq	333
NumStability.cramerGeppExample_geppScaledResidual_infNorm_eq	NumStability.Analysis.CramersRule	NumStability.Source.Higham.Chapter01.Section10.CramersRule.PrintedComparison	move_candidate	theorem	public	NumStability.cramerGeppExample_geppScaledResidual_infNorm_eq	290
NumStability.cramerGeppExample_geppScaledResidual_rows	NumStability.Analysis.CramersRule	NumStability.Source.Higham.Chapter01.Section10.CramersRule.PrintedComparison	move_candidate	theorem	public	NumStability.cramerGeppExample_geppScaledResidual_rows	199
NumStability.cramerGeppExample_geppScaledResidual_vecNorm2Sq_eq	NumStability.Analysis.CramersRule	NumStability.Source.Higham.Chapter01.Section10.CramersRule.PrintedComparison	move_candidate	theorem	public	NumStability.cramerGeppExample_geppScaledResidual_vecNorm2Sq_eq	342
NumStability.cramerGeppExample_geppSolution_rows	NumStability.Analysis.CramersRule	NumStability.Source.Higham.Chapter01.Section10.CramersRule.PrintedComparison	move_candidate	theorem	public	NumStability.cramerGeppExample_geppSolution_rows	186
NumStability.cramerGeppExample_geppSolution_vecNorm2Sq_eq	NumStability.Analysis.CramersRule	NumStability.Source.Higham.Chapter01.Section10.CramersRule.PrintedComparison	move_candidate	theorem	public	NumStability.cramerGeppExample_geppSolution_vecNorm2Sq_eq	356
NumStability.cramerGeppExample_printed_scaledResidual2Sq_gap	NumStability.Analysis.CramersRule	NumStability.Source.Higham.Chapter01.Section10.CramersRule.PrintedComparison	move_candidate	theorem	public	NumStability.cramerGeppExample_printed_scaledResidual2Sq_gap	374
NumStability.cramerGeppExample_residual_component_gap	NumStability.Analysis.CramersRule	NumStability.Source.Higham.Chapter01.Section10.CramersRule.PrintedComparison	move_candidate	theorem	public	NumStability.cramerGeppExample_residual_component_gap	228
NumStability.cramerGeppExample_residual_infNorm_gap	NumStability.Analysis.CramersRule	NumStability.Source.Higham.Chapter01.Section10.CramersRule.PrintedComparison	move_candidate	theorem	public	NumStability.cramerGeppExample_residual_infNorm_gap	297
NumStability.cramerGeppExample_residual_signs	NumStability.Analysis.CramersRule	NumStability.Source.Higham.Chapter01.Section10.CramersRule.PrintedComparison	move_candidate	theorem	public	NumStability.cramerGeppExample_residual_signs	212
NumStability.cramerGeppExample_scaledResidual_component_gap	NumStability.Analysis.CramersRule	NumStability.Source.Higham.Chapter01.Section10.CramersRule.PrintedComparison	move_candidate	theorem	public	NumStability.cramerGeppExample_scaledResidual_component_gap	239
NumStability.cramerGeppExample_scaledResidual_infNorm_gap	NumStability.Analysis.CramersRule	NumStability.Source.Higham.Chapter01.Section10.CramersRule.PrintedComparison	move_candidate	theorem	public	NumStability.cramerGeppExample_scaledResidual_infNorm_gap	307
NumStability.cramerGeppExample_scaledResidual_signs	NumStability.Analysis.CramersRule	NumStability.Source.Higham.Chapter01.Section10.CramersRule.PrintedComparison	move_candidate	theorem	public	NumStability.cramerGeppExample_scaledResidual_signs	221
NumStability.cramerGeppExample_scaledResidual_vecNorm2Sq_gap	NumStability.Analysis.CramersRule	NumStability.Source.Higham.Chapter01.Section10.CramersRule.PrintedComparison	move_candidate	theorem	public	NumStability.cramerGeppExample_scaledResidual_vecNorm2Sq_gap	364
NumStability.cumulProdLower	NumStability.Algorithms.LU.TridiagonalCond	NumStability.Algorithms.LU.TridiagonalCond	canonical_in_place	definition	public	-	-
NumStability.cumulProdUpper	NumStability.Algorithms.LU.TridiagonalCond	NumStability.Algorithms.LU.TridiagonalCond	canonical_in_place	definition	public	-	-
NumStability.decimalChopThree	NumStability.Analysis.Chopping	NumStability.Analysis.Chopping	canonical_in_place	definition	public	-	-
NumStability.decimalChopThree_abs_error_lt_one_thousandth	NumStability.Analysis.Chopping	NumStability.Analysis.Chopping	canonical_in_place	theorem	public	-	-
NumStability.decimalChopThree_error_nonneg	NumStability.Analysis.Chopping	NumStability.Analysis.Chopping	canonical_in_place	theorem	public	-	-
NumStability.decimalChopThree_error_nonpos	NumStability.Analysis.Chopping	NumStability.Analysis.Chopping	canonical_in_place	theorem	public	-	-
NumStability.decimalChopThree_grid_eq	NumStability.Analysis.Chopping	NumStability.Analysis.Chopping	canonical_in_place	theorem	public	-	-
NumStability.decimalChopThree_initial_index	NumStability.Analysis.Chopping	NumStability.Analysis.Chopping	canonical_in_place	theorem	public	-	-
NumStability.decimalChopThree_le	NumStability.Analysis.Chopping	NumStability.Analysis.Chopping	canonical_in_place	theorem	public	-	-
NumStability.decimalChopThree_sum_errors_nonpos	NumStability.Analysis.Chopping	NumStability.Analysis.Chopping	canonical_in_place	theorem	public	-	-
NumStability.decimalChopToPlaces	NumStability.Analysis.Chopping	NumStability.Analysis.Chopping	canonical_in_place	definition	public	-	-
NumStability.decimalChopToPlaces_abs_error_lt_scale_inv	NumStability.Analysis.Chopping	NumStability.Analysis.Chopping	canonical_in_place	theorem	public	-	-
NumStability.decimalChopToPlaces_error_nonneg	NumStability.Analysis.Chopping	NumStability.Analysis.Chopping	canonical_in_place	theorem	public	-	-
NumStability.decimalChopToPlaces_error_nonpos	NumStability.Analysis.Chopping	NumStability.Analysis.Chopping	canonical_in_place	theorem	public	-	-
NumStability.decimalChopToPlaces_le	NumStability.Analysis.Chopping	NumStability.Analysis.Chopping	canonical_in_place	theorem	public	-	-
NumStability.decimalScale	NumStability.Analysis.Chopping	NumStability.Analysis.Chopping	canonical_in_place	definition	public	-	-
NumStability.decimalScale_pos	NumStability.Analysis.Chopping	NumStability.Analysis.Chopping	canonical_in_place	theorem	public	-	-
NumStability.det2x2	NumStability.Analysis.CramersRule	NumStability.Algorithms.LinearSystems.CramersRule.Core	move_candidate	definition	public	NumStability.det2x2	25
NumStability.det2x2AbsTerms	NumStability.Analysis.CramersRule	NumStability.Algorithms.LinearSystems.CramersRule.Core	move_candidate	definition	public	NumStability.det2x2AbsTerms	30
NumStability.det2x2Matrix	NumStability.Analysis.CramersRule	NumStability.Algorithms.LinearSystems.CramersRule.Core	move_candidate	definition	public	NumStability.det2x2Matrix	84
NumStability.diagDom_lu_backward_error	NumStability.Algorithms.LU.GrowthFactor	NumStability.Algorithms.LU.GrowthFactor	canonical_in_place	theorem	public	-	-
NumStability.diagDom_lu_solve_backward_stable	NumStability.Algorithms.LU.GrowthFactor	NumStability.Algorithms.LU.GrowthFactor	canonical_in_place	theorem	public	-	-
NumStability.diagDom_lu_solve_backward_stable_tight	NumStability.Algorithms.LU.GrowthFactor	NumStability.Algorithms.LU.GrowthFactor	canonical_in_place	theorem	public	-	-
NumStability.diag_product_le_maxEntryNorm_pow	NumStability.Algorithms.LU.GrowthFactor	NumStability.Algorithms.LU.GrowthFactor	canonical_in_place	theorem	public	-	-
NumStability.div_same_den_abs_error_le	NumStability.Analysis.CramersRule	NumStability.Source.Higham.Chapter01.Problem09.CramersRule.ForwardError	move_candidate	theorem	public	NumStability.div_same_den_abs_error_le	790
NumStability.doolittleLAbsBudget	NumStability.Algorithms.LU.Doolittle	NumStability.Algorithms.LinearSystems.LU.Doolittle.Budgets	move_candidate	definition	public	NumStability.doolittleLAbsBudget	571
NumStability.doolittleLAbsBudget_le_compression_of_component_dominance	NumStability.Algorithms.LU.Doolittle	NumStability.Algorithms.LinearSystems.LU.Doolittle.Budgets	move_candidate	theorem	public	NumStability.doolittleLAbsBudget_le_compression_of_component_dominance	1473
NumStability.doolittleLExactProductMargin_of_exactTarget_gap	NumStability.Algorithms.LU.Doolittle	NumStability.Algorithms.LU.Doolittle	retain_historical	theorem	public	NumStability.doolittleLExactProductMargin_of_exactTarget_gap	900
NumStability.doolittleLExactProductNumeratorMargin_of_exactTarget_gap	NumStability.Algorithms.LU.Doolittle	NumStability.Algorithms.LU.Doolittle	retain_historical	theorem	public	NumStability.doolittleLExactProductNumeratorMargin_of_exactTarget_gap	918
NumStability.doolittleLExactTarget	NumStability.Algorithms.LU.Doolittle	NumStability.Algorithms.LinearSystems.LU.Doolittle.Budgets	move_candidate	definition	public	NumStability.doolittleLExactTarget	632
NumStability.doolittleLExactTargetEntryResidualBudget	NumStability.Algorithms.LU.Doolittle	NumStability.Algorithms.LinearSystems.LU.Doolittle.Budgets	move_candidate	definition	public	NumStability.doolittleLExactTargetEntryResidualBudget	660
NumStability.doolittleLExactTargetNumeratorResidualBudget	NumStability.Algorithms.LU.Doolittle	NumStability.Algorithms.LinearSystems.LU.Doolittle.Budgets	move_candidate	definition	public	NumStability.doolittleLExactTargetNumeratorResidualBudget	650
NumStability.doolittleLExactTarget_abs_le_source_plus_productAbs	NumStability.Algorithms.LU.Doolittle	NumStability.Algorithms.LinearSystems.LU.Doolittle.Budgets	move_candidate	theorem	public	NumStability.doolittleLExactTarget_abs_le_source_plus_productAbs	981
NumStability.doolittleLExactTarget_entry_residual_abs_le_of_literal	NumStability.Algorithms.LU.Doolittle	NumStability.Algorithms.LinearSystems.LU.Doolittle.Budgets	move_candidate	theorem	public	NumStability.doolittleLExactTarget_entry_residual_abs_le_of_literal	820
NumStability.doolittleLExactTarget_gap_excess_nonpos	NumStability.Algorithms.LU.Doolittle	NumStability.Algorithms.LinearSystems.LU.Doolittle.Budgets	move_candidate	theorem	public	NumStability.doolittleLExactTarget_gap_excess_nonpos	1066
NumStability.doolittleLExactTarget_gap_false_of_positive_excess	NumStability.Algorithms.LU.Doolittle	NumStability.Algorithms.LinearSystems.LU.Doolittle.Budgets	move_candidate	theorem	public	NumStability.doolittleLExactTarget_gap_false_of_positive_excess	1090
NumStability.doolittleLExactTarget_numerator_gap_excess_nonpos	NumStability.Algorithms.LU.Doolittle	NumStability.Algorithms.LinearSystems.LU.Doolittle.Budgets	move_candidate	theorem	public	NumStability.doolittleLExactTarget_numerator_gap_excess_nonpos	1110
NumStability.doolittleLExactTarget_numerator_gap_false_of_positive_excess	NumStability.Algorithms.LU.Doolittle	NumStability.Algorithms.LinearSystems.LU.Doolittle.Budgets	move_candidate	theorem	public	NumStability.doolittleLExactTarget_numerator_gap_false_of_positive_excess	1137
NumStability.doolittleLExactTarget_numerator_residual_abs_le_of_literal	NumStability.Algorithms.LU.Doolittle	NumStability.Algorithms.LinearSystems.LU.Doolittle.Budgets	move_candidate	theorem	public	NumStability.doolittleLExactTarget_numerator_residual_abs_le_of_literal	776
NumStability.doolittleLNumeratorAbs	NumStability.Algorithms.LU.Doolittle	NumStability.Algorithms.LinearSystems.LU.Doolittle.Budgets	move_candidate	definition	public	NumStability.doolittleLNumeratorAbs	617
NumStability.doolittleLNumeratorAbs_le_of_exact_product_numerator_margin	NumStability.Algorithms.LU.Doolittle	NumStability.Algorithms.LinearSystems.LU.Doolittle.Budgets	move_candidate	theorem	public	NumStability.doolittleLNumeratorAbs_le_of_exact_product_numerator_margin	1325
NumStability.doolittleLProductAbs	NumStability.Algorithms.LU.Doolittle	NumStability.Algorithms.LinearSystems.LU.Doolittle.Budgets	move_candidate	definition	public	NumStability.doolittleLProductAbs	610
NumStability.doolittleLProductAbs_le_of_exact_product_margin	NumStability.Algorithms.LU.Doolittle	NumStability.Algorithms.LinearSystems.LU.Doolittle.Budgets	move_candidate	theorem	public	NumStability.doolittleLProductAbs_le_of_exact_product_margin	1294
NumStability.doolittleLRoundedProductAbsSum_le_one_add_u_productAbs	NumStability.Algorithms.LU.Doolittle	NumStability.Algorithms.LinearSystems.LU.Doolittle.Budgets	move_candidate	theorem	public	NumStability.doolittleLRoundedProductAbsSum_le_one_add_u_productAbs	701
NumStability.doolittleLWorkAbs	NumStability.Algorithms.LU.Doolittle	NumStability.Algorithms.LinearSystems.LU.Doolittle.Budgets	move_candidate	definition	public	NumStability.doolittleLWorkAbs	601
NumStability.doolittleLWorkAbs_le_of_exact_product_margin	NumStability.Algorithms.LU.Doolittle	NumStability.Algorithms.LinearSystems.LU.Doolittle.Budgets	move_candidate	theorem	public	NumStability.doolittleLWorkAbs_le_of_exact_product_margin	1240
NumStability.doolittleUAbsBudget	NumStability.Algorithms.LU.Doolittle	NumStability.Algorithms.LinearSystems.LU.Doolittle.Budgets	move_candidate	definition	public	NumStability.doolittleUAbsBudget	558
NumStability.doolittleUAbsBudget_le_compression_of_component_dominance	NumStability.Algorithms.LU.Doolittle	NumStability.Algorithms.LinearSystems.LU.Doolittle.Budgets	move_candidate	theorem	public	NumStability.doolittleUAbsBudget_le_compression_of_component_dominance	1426
NumStability.doolittleUExactProductMargin_of_exactTarget_gap	NumStability.Algorithms.LU.Doolittle	NumStability.Algorithms.LU.Doolittle	retain_historical	theorem	public	NumStability.doolittleUExactProductMargin_of_exactTarget_gap	884
NumStability.doolittleUExactTarget	NumStability.Algorithms.LU.Doolittle	NumStability.Algorithms.LinearSystems.LU.Doolittle.Budgets	move_candidate	definition	public	NumStability.doolittleUExactTarget	623
NumStability.doolittleUExactTargetResidualBudget	NumStability.Algorithms.LU.Doolittle	NumStability.Algorithms.LinearSystems.LU.Doolittle.Budgets	move_candidate	definition	public	NumStability.doolittleUExactTargetResidualBudget	641
NumStability.doolittleUExactTarget_abs_le_source_plus_productAbs	NumStability.Algorithms.LU.Doolittle	NumStability.Algorithms.LinearSystems.LU.Doolittle.Budgets	move_candidate	theorem	public	NumStability.doolittleUExactTarget_abs_le_source_plus_productAbs	939
NumStability.doolittleUExactTarget_gap_excess_nonpos	NumStability.Algorithms.LU.Doolittle	NumStability.Algorithms.LinearSystems.LU.Doolittle.Budgets	move_candidate	theorem	public	NumStability.doolittleUExactTarget_gap_excess_nonpos	1021
NumStability.doolittleUExactTarget_gap_false_of_positive_excess	NumStability.Algorithms.LU.Doolittle	NumStability.Algorithms.LinearSystems.LU.Doolittle.Budgets	move_candidate	theorem	public	NumStability.doolittleUExactTarget_gap_false_of_positive_excess	1046
NumStability.doolittleUExactTarget_residual_abs_le_of_literal	NumStability.Algorithms.LU.Doolittle	NumStability.Algorithms.LinearSystems.LU.Doolittle.Budgets	move_candidate	theorem	public	NumStability.doolittleUExactTarget_residual_abs_le_of_literal	733
NumStability.doolittleUProductAbs	NumStability.Algorithms.LU.Doolittle	NumStability.Algorithms.LinearSystems.LU.Doolittle.Budgets	move_candidate	definition	public	NumStability.doolittleUProductAbs	594
NumStability.doolittleUProductAbs_le_of_exact_product_margin	NumStability.Algorithms.LU.Doolittle	NumStability.Algorithms.LinearSystems.LU.Doolittle.Budgets	move_candidate	theorem	public	NumStability.doolittleUProductAbs_le_of_exact_product_margin	1211
NumStability.doolittleURoundedProductAbsSum_le_one_add_u_productAbs	NumStability.Algorithms.LU.Doolittle	NumStability.Algorithms.LinearSystems.LU.Doolittle.Budgets	move_candidate	theorem	public	NumStability.doolittleURoundedProductAbsSum_le_one_add_u_productAbs	669
NumStability.doolittleUWorkAbs	NumStability.Algorithms.LU.Doolittle	NumStability.Algorithms.LinearSystems.LU.Doolittle.Budgets	move_candidate	definition	public	NumStability.doolittleUWorkAbs	585
NumStability.doolittleUWorkAbs_le_of_exact_product_margin	NumStability.Algorithms.LU.Doolittle	NumStability.Algorithms.LinearSystems.LU.Doolittle.Budgets	move_candidate	theorem	public	NumStability.doolittleUWorkAbs_le_of_exact_product_margin	1159
NumStability.doolittle_backward_error	NumStability.Algorithms.LU.Doolittle	NumStability.Algorithms.LU.Doolittle	retain_historical	theorem	public	NumStability.doolittle_backward_error	2110
NumStability.doolittle_solve_backward_error	NumStability.Algorithms.LU.Doolittle	NumStability.Algorithms.LinearSystems.LU.Doolittle.BackwardError	move_candidate	theorem	public	NumStability.doolittle_solve_backward_error	2133
NumStability.dotProductLocalFactor	NumStability.Algorithms.DotProduct	NumStability.Algorithms.DotProduct	canonical_in_place	definition	public	-	-
NumStability.dotProductLocalFactor_abs_sub_one_le_101	NumStability.Algorithms.DotProduct	NumStability.Algorithms.DotProduct	canonical_in_place	theorem	public	-	-
NumStability.dotProduct_backward_error	NumStability.Algorithms.DotProduct	NumStability.Algorithms.DotProduct	canonical_in_place	theorem	public	-	-
NumStability.dotProduct_backward_stable_x	NumStability.Algorithms.DotProduct	NumStability.Algorithms.DotProduct	canonical_in_place	theorem	public	-	-
NumStability.dotProduct_backward_stable_y	NumStability.Algorithms.DotProduct	NumStability.Algorithms.DotProduct	canonical_in_place	theorem	public	-	-
NumStability.dotProduct_error_bound	NumStability.Algorithms.DotProduct	NumStability.Algorithms.DotProduct	canonical_in_place	theorem	public	-	-
NumStability.dotProduct_error_bound_101_succ	NumStability.Algorithms.DotProduct	NumStability.Algorithms.DotProduct	canonical_in_place	theorem	public	-	-
NumStability.dotProduct_factor_expansion_succ	NumStability.Algorithms.DotProduct	NumStability.Algorithms.DotProduct	canonical_in_place	theorem	public	-	-
NumStability.dotProduct_factor_expansion_sum_succ	NumStability.Algorithms.DotProduct	NumStability.Algorithms.DotProduct	canonical_in_place	theorem	public	-	-
NumStability.dotProduct_isRelBackwardStable	NumStability.Algorithms.DotProduct	NumStability.Algorithms.DotProduct	canonical_in_place	theorem	public	-	-
NumStability.dotProduct_self_eq_zero_iff_real	NumStability.Algorithms.Norm2	NumStability.Algorithms.Norm2	canonical_in_place	theorem	public	-	-
NumStability.dotProduct_self_ne_zero_iff_real	NumStability.Algorithms.Norm2	NumStability.Algorithms.Norm2	canonical_in_place	theorem	public	-	-
NumStability.dotProduct_self_nonneg_real	NumStability.Algorithms.Norm2	NumStability.Algorithms.Norm2	canonical_in_place	theorem	public	-	-
NumStability.dotProduct_self_pos_iff_real	NumStability.Algorithms.Norm2	NumStability.Algorithms.Norm2	canonical_in_place	theorem	public	-	-
NumStability.eigenResidualVec	NumStability.Analysis.BeneficialRounding	NumStability.Analysis.BeneficialRounding	canonical_in_place	definition	public	-	-
NumStability.eigenResidualVec_add_parallel_eq	NumStability.Analysis.BeneficialRounding	NumStability.Analysis.BeneficialRounding	canonical_in_place	theorem	public	-	-
NumStability.eigenResidualVec_norm_le_opNorm_add_abs	NumStability.Analysis.BeneficialRounding	NumStability.Analysis.BeneficialRounding	canonical_in_place	theorem	public	-	-
NumStability.eigenbasis_coeff_abs_le_of_inverse_opNorm	NumStability.Analysis.BeneficialRounding	NumStability.Analysis.BeneficialRounding	canonical_in_place	theorem	public	-	-
NumStability.eigenbasis_coeff_vecNorm_le_of_inverse_opNorm_budget	NumStability.Analysis.BeneficialRounding	NumStability.Analysis.BeneficialRounding	canonical_in_place	theorem	public	-	-
NumStability.eigenbasis_residual_expansion_of_rightInverse	NumStability.Analysis.BeneficialRounding	NumStability.Analysis.BeneficialRounding	canonical_in_place	theorem	public	-	-
NumStability.eigenvalue_dichotomy_of_orbit_tendsto	NumStability.Analysis.SemiconvergentExistenceGaps	NumStability.Analysis.SemiconvergentExistenceGaps	canonical_in_place	theorem	public	-	-
NumStability.eigenvalue_norm_le_one_of_orbit_bddAbove	NumStability.Analysis.SemiconvergentSpectral	NumStability.Analysis.SemiconvergentSpectral	canonical_in_place	theorem	public	-	-
NumStability.eigenvalue_norm_le_one_of_orbit_tendsto	NumStability.Analysis.SemiconvergentSpectral	NumStability.Analysis.SemiconvergentSpectral	canonical_in_place	theorem	public	-	-
NumStability.eigenvector_one_of_maxGen_of_orbit_tendsto	NumStability.Analysis.SemiconvergentBlockFormExists	NumStability.Analysis.SemiconvergentBlockFormExists	canonical_in_place	theorem	public	-	-
NumStability.eq_11_15	NumStability.Algorithms.IterativeRefinement	NumStability.Source.Higham.Chapter12.IterativeRefinement.LegacyChapter11Surface	move_candidate	theorem	internal	NumStability.eq_11_15	1105
NumStability.eq_11_15_div	NumStability.Algorithms.IterativeRefinement	NumStability.Source.Higham.Chapter12.IterativeRefinement.LegacyChapter11Surface	move_candidate	theorem	public	NumStability.eq_11_15_div	1133
NumStability.eq_11_16	NumStability.Algorithms.IterativeRefinement	NumStability.Source.Higham.Chapter12.IterativeRefinement.LegacyChapter11Surface	move_candidate	theorem	internal	NumStability.eq_11_16	1153
NumStability.eq_11_17	NumStability.Algorithms.IterativeRefinement	NumStability.Source.Higham.Chapter12.IterativeRefinement.LegacyChapter11Surface	move_candidate	theorem	internal	NumStability.eq_11_17	1190
NumStability.eq_11_18	NumStability.Algorithms.IterativeRefinement	NumStability.Source.Higham.Chapter12.IterativeRefinement.LegacyChapter11Surface	move_candidate	theorem	internal	NumStability.eq_11_18	1284
NumStability.eq_7_12_skeel_global_conditionNumber_eq_condSkeel	NumStability.Analysis.HighamChapter7	NumStability.Source.Higham.Chapter07.LinearSystemsConditioning.ConditionNumbers	move_candidate	theorem	public	NumStability.eq_7_12_skeel_global_conditionNumber_eq_condSkeel	1072
NumStability.eq_7_15_positive_rowScaling_sInf_eq_condSkeel	NumStability.Analysis.HighamChapter7	NumStability.Source.Higham.Chapter07.LinearSystemsConditioning.RowScaling	move_candidate	theorem	public	NumStability.eq_7_15_positive_rowScaling_sInf_eq_condSkeel	7349
NumStability.eq_7_15_positive_rowScaling_sInf_eq_condSkeel_of_right_inverse	NumStability.Analysis.HighamChapter7	NumStability.Source.Higham.Chapter07.LinearSystemsConditioning.RowScaling	move_candidate	theorem	public	NumStability.eq_7_15_positive_rowScaling_sInf_eq_condSkeel_of_right_inverse	7458
NumStability.eq_7_16_rowEquilibrated_bounds	NumStability.Analysis.HighamChapter7	NumStability.Source.Higham.Chapter07.LinearSystemsConditioning.RowScaling	move_candidate	theorem	public	NumStability.eq_7_16_rowEquilibrated_bounds	7059
NumStability.eq_7_17_kahan_symbolic_example	NumStability.Analysis.HighamChapter7	NumStability.Analysis.HighamChapter7	retain_historical	theorem	public	NumStability.eq_7_17_kahan_symbolic_example	7281
NumStability.eq_7_19_infNormRect_inverseSide_bound	NumStability.Analysis.HighamChapter7	NumStability.Source.Higham.Chapter07.LinearSystemsConditioning.Theorem05.Part05	move_candidate	theorem	public	NumStability.eq_7_19_infNormRect_inverseSide_bound	13431
NumStability.eq_7_19_infNormRect_row_equilibrated	NumStability.Analysis.HighamChapter7	NumStability.Source.Higham.Chapter07.LinearSystemsConditioning.Theorem05.Part05	move_candidate	theorem	public	NumStability.eq_7_19_infNormRect_row_equilibrated	13390
NumStability.eq_7_19_matrixLpNormOfReal_dual_row_equilibrated	NumStability.Analysis.HighamChapter7	NumStability.Source.Higham.Chapter07.LinearSystemsConditioning.Theorem05.Part03	move_candidate	theorem	public	NumStability.eq_7_19_matrixLpNormOfReal_dual_row_equilibrated	10647
NumStability.eq_7_19_matrixLpNormOfReal_dual_row_inverseSide_bound	NumStability.Analysis.HighamChapter7	NumStability.Source.Higham.Chapter07.LinearSystemsConditioning.Theorem05.Part03	move_candidate	theorem	public	NumStability.eq_7_19_matrixLpNormOfReal_dual_row_inverseSide_bound	10696
NumStability.eq_7_19_op2_inverseSide_bound	NumStability.Analysis.HighamChapter7	NumStability.Source.Higham.Chapter07.LinearSystemsConditioning.Theorem05.Part04	move_candidate	theorem	public	NumStability.eq_7_19_op2_inverseSide_bound	13028
NumStability.eq_7_19_rectOpNorm2Le_row_equilibrated	NumStability.Analysis.HighamChapter7	NumStability.Source.Higham.Chapter07.LinearSystemsConditioning.Theorem05.Part04	move_candidate	theorem	public	NumStability.eq_7_19_rectOpNorm2Le_row_equilibrated	12359
NumStability.eq_7_20_column_lpNorm_le_matrixLpNormOfReal	NumStability.Analysis.HighamChapter7	NumStability.Source.Higham.Chapter07.LinearSystemsConditioning.Theorem05.Part01	move_candidate	theorem	public	NumStability.eq_7_20_column_lpNorm_le_matrixLpNormOfReal	7694
NumStability.eq_7_20_column_norm_le_of_rectOpNorm2Le	NumStability.Analysis.HighamChapter7	NumStability.Source.Higham.Chapter07.LinearSystemsConditioning.Theorem05.Part01	move_candidate	theorem	public	NumStability.eq_7_20_column_norm_le_of_rectOpNorm2Le	8199
NumStability.eq_7_20_matrixLpNormOfReal_le_card_rpow_mul_column_bound	NumStability.Analysis.HighamChapter7	NumStability.Source.Higham.Chapter07.LinearSystemsConditioning.Theorem05.Part01	move_candidate	theorem	public	NumStability.eq_7_20_matrixLpNormOfReal_le_card_rpow_mul_column_bound	7745
NumStability.eq_7_20_rectOpNorm2Le_of_column_bound	NumStability.Analysis.HighamChapter7	NumStability.Source.Higham.Chapter07.LinearSystemsConditioning.Theorem05.Part01	move_candidate	theorem	public	NumStability.eq_7_20_rectOpNorm2Le_of_column_bound	8284
NumStability.eq_7_21_matrixLpNormOfReal_column_equilibrated	NumStability.Analysis.HighamChapter7	NumStability.Source.Higham.Chapter07.LinearSystemsConditioning.Theorem05.Part01	move_candidate	theorem	public	NumStability.eq_7_21_matrixLpNormOfReal_column_equilibrated	7856
NumStability.eq_7_21_oneNormRect_column_equilibrated	NumStability.Analysis.HighamChapter7	NumStability.Source.Higham.Chapter07.LinearSystemsConditioning.Theorem05.Part01	move_candidate	theorem	public	NumStability.eq_7_21_oneNormRect_column_equilibrated	8441
NumStability.eq_7_21_rectOpNorm2Le_column_equilibrated	NumStability.Analysis.HighamChapter7	NumStability.Source.Higham.Chapter07.LinearSystemsConditioning.Theorem05.Part01	move_candidate	theorem	public	NumStability.eq_7_21_rectOpNorm2Le_column_equilibrated	8326
NumStability.eq_7_22_matrixLpNormOfReal_inverseSide_bound	NumStability.Analysis.HighamChapter7	NumStability.Source.Higham.Chapter07.LinearSystemsConditioning.Theorem05.Part02	move_candidate	theorem	public	NumStability.eq_7_22_matrixLpNormOfReal_inverseSide_bound	9462
NumStability.eq_7_22_oneNormRect_inverseSide_bound	NumStability.Analysis.HighamChapter7	NumStability.Source.Higham.Chapter07.LinearSystemsConditioning.Theorem05.Part02	move_candidate	theorem	public	NumStability.eq_7_22_oneNormRect_inverseSide_bound	8482
NumStability.eq_7_22_op2_inverseSide_bound	NumStability.Analysis.HighamChapter7	NumStability.Source.Higham.Chapter07.LinearSystemsConditioning.Theorem05.Part02	move_candidate	theorem	public	NumStability.eq_7_22_op2_inverseSide_bound	9064
NumStability.eq_7_26_relative_distance_to_singularity_eq_inv_condition_number	NumStability.Analysis.HighamChapter7	NumStability.Source.Higham.Chapter06.Theorem05.DistanceToSingularity.Chapter07Equation26	move_candidate	theorem	public	NumStability.eq_7_26_relative_distance_to_singularity_eq_inv_condition_number	6688
NumStability.eq_7_30_conventional_residual_error	NumStability.Analysis.HighamChapter7	NumStability.Source.Higham.Chapter07.LinearSystemsConditioning.ComputedResidual	move_candidate	theorem	public	NumStability.eq_7_30_conventional_residual_error	25606
NumStability.eq_7_31_componentwise_bound	NumStability.Analysis.HighamChapter7	NumStability.Source.Higham.Chapter07.LinearSystemsConditioning.ComputedResidual	move_candidate	theorem	public	NumStability.eq_7_31_componentwise_bound	25616
NumStability.eq_7_31_relative_infNorm_bound	NumStability.Analysis.HighamChapter7	NumStability.Source.Higham.Chapter07.LinearSystemsConditioning.ComputedResidual	move_candidate	theorem	public	NumStability.eq_7_31_relative_infNorm_bound	25658
NumStability.eq_7_32_subordinate_differentiable_system	NumStability.Analysis.HighamChapter7	NumStability.Source.Higham.Chapter07.LinearSystemsConditioning.Equation32	move_candidate	theorem	public	NumStability.eq_7_32_subordinate_differentiable_system	26120
NumStability.eq_7_32_subordinate_from_differentiated_system	NumStability.Analysis.HighamChapter7	NumStability.Source.Higham.Chapter07.LinearSystemsConditioning.Equation32	move_candidate	theorem	public	NumStability.eq_7_32_subordinate_from_differentiated_system	26026
NumStability.eq_7_3_subordinate_attaining_perturbations	NumStability.Analysis.HighamChapter7	NumStability.Analysis.Conditioning.LinearSystems.SubordinatePerturbation	move_candidate	theorem	public	NumStability.eq_7_3_subordinate_attaining_perturbations	621
NumStability.eq_7_5_subordinate_conditionNumberRadiusLimitValue_of_positive_radii	NumStability.Analysis.HighamChapter7	NumStability.Source.Higham.Chapter07.LinearSystemsConditioning.Equation05	move_candidate	theorem	public	NumStability.eq_7_5_subordinate_conditionNumberRadiusLimitValue_of_positive_radii	24647
NumStability.eq_7_5_subordinate_conditionNumber_of_positive_radii	NumStability.Analysis.HighamChapter7	NumStability.Source.Higham.Chapter07.LinearSystemsConditioning.Equation05	move_candidate	theorem	public	NumStability.eq_7_5_subordinate_conditionNumber_of_positive_radii	24743
NumStability.eventually_matPow_infNorm_le_of_spectralRadius_lt	NumStability.Analysis.SemiconvergentLimitGeneral	NumStability.Analysis.SemiconvergentLimitGeneral	canonical_in_place	theorem	public	-	-
NumStability.exactDotProductPrefixNat	NumStability.Algorithms.DotProduct	NumStability.Algorithms.DotProduct	canonical_in_place	definition	public	-	-
NumStability.exactDotProductPrefixNat_eq_sum_prefix	NumStability.Algorithms.DotProduct	NumStability.Algorithms.DotProduct	canonical_in_place	theorem	public	-	-
NumStability.exactDotProductPrefixState	NumStability.Algorithms.DotProduct	NumStability.Algorithms.DotProduct	canonical_in_place	definition	public	-	-
NumStability.exactDotProductPrefixState_last_eq_sum	NumStability.Algorithms.DotProduct	NumStability.Algorithms.DotProduct	canonical_in_place	theorem	public	-	-
NumStability.exactDotProductPrefixState_succ	NumStability.Algorithms.DotProduct	NumStability.Algorithms.DotProduct	canonical_in_place	theorem	public	-	-
NumStability.exactDotProductPrefixState_zero	NumStability.Algorithms.DotProduct	NumStability.Algorithms.DotProduct	canonical_in_place	theorem	public	-	-
NumStability.exactMulDotProduct_backward_error	NumStability.Algorithms.ExtendedPrecisionDotProduct	NumStability.Algorithms.ExtendedPrecisionDotProduct	canonical_in_place	theorem	public	-	-
NumStability.exactMulDotProduct_error_bound	NumStability.Algorithms.ExtendedPrecisionDotProduct	NumStability.Algorithms.ExtendedPrecisionDotProduct	canonical_in_place	theorem	public	-	-
NumStability.exists_ch7CondEFAtSolutionInf_gt_of_positive_fixed_rhs_term	NumStability.Analysis.HighamChapter7	NumStability.Source.Higham.Chapter07.LinearSystemsConditioning.ConditionNumbers	move_candidate	theorem	public	NumStability.exists_ch7CondEFAtSolutionInf_gt_of_positive_fixed_rhs_term	912
NumStability.exists_ch7InverseComponentwiseRadiusSet_lower_witness	NumStability.Analysis.HighamChapter7	NumStability.Source.Higham.Chapter07.Equation25.InverseConditioning.ExactPerturbation	move_candidate	theorem	public	NumStability.exists_ch7InverseComponentwiseRadiusSet_lower_witness	5272
NumStability.exists_ch7NormwiseCondEFRadiusSet_rankOne_lower_witness	NumStability.Analysis.HighamChapter7	NumStability.Source.Higham.Chapter07.LinearSystemsConditioning.Equation05	move_candidate	theorem	public	NumStability.exists_ch7NormwiseCondEFRadiusSet_rankOne_lower_witness	24393
NumStability.exists_ch7Problem79ComponentwiseExactRadiusSet_lower_witness	NumStability.Analysis.HighamChapter7	NumStability.Source.Higham.Chapter07.LinearSystemsConditioning.Problem09Exact	move_candidate	theorem	public	NumStability.exists_ch7Problem79ComponentwiseExactRadiusSet_lower_witness	6008
NumStability.exists_ch7Problem79ComponentwiseLinearizedRadiusSet_exact_witness	NumStability.Analysis.HighamChapter7	NumStability.Source.Higham.Chapter07.LinearSystemsConditioning.Problem09Linearized	move_candidate	theorem	public	NumStability.exists_ch7Problem79ComponentwiseLinearizedRadiusSet_exact_witness	2947
NumStability.exists_ch7Problem79NormwiseExactRadiusSet_lower_witness	NumStability.Analysis.HighamChapter7	NumStability.Source.Higham.Chapter07.LinearSystemsConditioning.Problem09Exact	move_candidate	theorem	public	NumStability.exists_ch7Problem79NormwiseExactRadiusSet_lower_witness	6500
NumStability.exists_ch7Problem79NormwiseLinearizedRadiusSet_exact_witness	NumStability.Analysis.HighamChapter7	NumStability.Source.Higham.Chapter07.LinearSystemsConditioning.Problem09Linearized	move_candidate	theorem	public	NumStability.exists_ch7Problem79NormwiseLinearizedRadiusSet_exact_witness	3094
NumStability.exists_complIndex_of_not_lt	NumStability.Analysis.SemiconvergentRealSpectrumComplete	NumStability.Analysis.SemiconvergentRealSpectrumComplete	canonical_in_place	theorem	public	-	-
NumStability.exists_diag_infNorm_conj_lt_one_of_quasiUpperTriangular	NumStability.Analysis.SemiconvergentExistenceFull	NumStability.Analysis.SemiconvergentExistenceFull	canonical_in_place	theorem	public	-	-
NumStability.exists_diag_infNorm_conj_lt_one_of_upperTriangular	NumStability.Analysis.SemiconvergentExistenceGaps	NumStability.Analysis.SemiconvergentExistenceGaps	canonical_in_place	theorem	public	-	-
NumStability.exists_real_primary_splitting_of_forall_orbit_tendsto	NumStability.Analysis.SemiconvergentExistenceComplete	NumStability.Analysis.SemiconvergentExistenceComplete	canonical_in_place	theorem	public	-	-
NumStability.exists_relative_theta_of_abs_sub_le_mul_pos	NumStability.Analysis.RoundingProductBounds	NumStability.Analysis.Error.RoundingProducts.Core	move_candidate	theorem	public	NumStability.exists_relative_theta_of_abs_sub_le_mul_pos	25
NumStability.exists_signedRelErrorWitness_of_relErrorDefined	NumStability.Analysis.Error	NumStability.Analysis.Error.Measures.ScalarWitnesses	move_candidate	theorem	public	NumStability.exists_signedRelErrorWitness_of_relErrorDefined	547
NumStability.exists_top_finiteHermitianEigenvalue_finiteOpNorm2Le_of_finitePSD	NumStability.Analysis.MatrixSpectral	NumStability.Analysis.MatrixSpectral	canonical_in_place	theorem	public	-	-
NumStability.exists_weightedRelativeErrorFactor_of_nonneg_sum	NumStability.Analysis.SampleVariance	NumStability.Analysis.Statistics.SampleVariance.TwoPass	move_candidate	theorem	public	NumStability.exists_weightedRelativeErrorFactor_of_nonneg_sum	312
NumStability.exp_le_finiteTrace_finiteMatrixExp_of_finiteHermitianEigenvalue_ge	NumStability.Analysis.MatrixConcentration	NumStability.Analysis.MatrixConcentration	canonical_in_place	theorem	public	-	-
NumStability.exp_neg_le_finiteTrace_finiteMatrixExp_neg_of_finiteHermitianEigenvalue_le	NumStability.Analysis.MatrixConcentration	NumStability.Analysis.MatrixConcentration	canonical_in_place	theorem	public	-	-
NumStability.extendedDotProduct_error_bound	NumStability.Algorithms.ExtendedPrecisionDotProduct	NumStability.Algorithms.ExtendedPrecisionDotProduct	canonical_in_place	theorem	public	-	-
NumStability.extendedDotProduct_error_from_rounded_exact	NumStability.Algorithms.ExtendedPrecisionDotProduct	NumStability.Algorithms.ExtendedPrecisionDotProduct	canonical_in_place	theorem	public	-	-
NumStability.extendedExactMulDotProduct_error_bound	NumStability.Algorithms.ExtendedPrecisionDotProduct	NumStability.Algorithms.ExtendedPrecisionDotProduct	canonical_in_place	theorem	public	-	-
NumStability.extendedExactMulDotProduct_error_from_rounded_exact	NumStability.Algorithms.ExtendedPrecisionDotProduct	NumStability.Algorithms.ExtendedPrecisionDotProduct	canonical_in_place	theorem	public	-	-
NumStability.finMaskedPrefixSum_eq_finSum	NumStability.Algorithms.LU.Doolittle	NumStability.Algorithms.LinearSystems.LU.Doolittle.RoundedEntries	move_candidate	theorem	public	NumStability.finMaskedPrefixSum_eq_finSum	97
NumStability.finZeroPad	NumStability.Algorithms.TreeDotProduct	NumStability.Algorithms.TreeDotProduct	canonical_in_place	definition	public	-	-
NumStability.finalRound_error_bound	NumStability.Algorithms.ExtendedPrecisionDotProduct	NumStability.Algorithms.ExtendedPrecisionDotProduct	canonical_in_place	theorem	public	-	-
NumStability.finalRound_error_from_rounded_exact	NumStability.Algorithms.ExtendedPrecisionDotProduct	NumStability.Algorithms.ExtendedPrecisionDotProduct	canonical_in_place	theorem	public	-	-
NumStability.finiteFormatUnitRoundoffModel	NumStability.Analysis.Heron	NumStability.Analysis.Heron	canonical_in_place	definition	public	-	-
NumStability.finiteHermitianCfcExp	NumStability.Analysis.MatrixSpectral	NumStability.Analysis.MatrixSpectral	canonical_in_place	definition	public	-	-
NumStability.finiteHermitianEigenvalues	NumStability.Analysis.MatrixSpectral	NumStability.Analysis.MatrixSpectral	canonical_in_place	definition	public	-	-
NumStability.finiteHermitianEigenvalues_le_of_finiteLoewnerLe_smul_id	NumStability.Analysis.MatrixSpectral	NumStability.Analysis.MatrixSpectral	canonical_in_place	theorem	public	-	-
NumStability.finiteHermitianEigenvalues_le_of_nonneg_of_finiteOpNorm2Le	NumStability.Analysis.MatrixSpectral	NumStability.Analysis.MatrixSpectral	canonical_in_place	theorem	public	-	-
NumStability.finiteHermitianEigenvalues_mem_range_of_finiteMatVec_eigenvector	NumStability.Analysis.MatrixSpectral	NumStability.Analysis.MatrixSpectral	canonical_in_place	theorem	public	-	-
NumStability.finiteHermitianEigenvalues_mem_spectrum_real	NumStability.Analysis.MatrixSpectral	NumStability.Analysis.MatrixSpectral	canonical_in_place	theorem	public	-	-
NumStability.finiteKahanHeronAB	NumStability.Analysis.Heron	NumStability.Analysis.Heron	canonical_in_place	definition	public	-	-
NumStability.finiteKahanHeronAB_eq_exact_of_kahanOrderedTriangleSides	NumStability.Analysis.Heron	NumStability.Analysis.Heron	canonical_in_place	theorem	public	-	-
NumStability.finiteKahanHeronArea	NumStability.Analysis.Heron	NumStability.Analysis.Heron	canonical_in_place	definition	public	-	-
NumStability.finiteKahanHeronArea_relError_le_gamma9_unitRoundoff_of_finiteNormalRange	NumStability.Analysis.Heron	NumStability.Analysis.Heron	canonical_in_place	theorem	public	-	-
NumStability.finiteKahanHeronArea_standardModel_lt_of_finiteNormalRange	NumStability.Analysis.Heron	NumStability.Analysis.Heron	canonical_in_place	theorem	public	-	-
NumStability.finiteKahanHeronBC	NumStability.Analysis.Heron	NumStability.Analysis.Heron	canonical_in_place	definition	public	-	-
NumStability.finiteKahanHeronBC_standardModel_lt_of_finiteNormalRange	NumStability.Analysis.Heron	NumStability.Analysis.Heron	canonical_in_place	theorem	public	-	-
NumStability.finiteKahanHeronBplusC	NumStability.Analysis.Heron	NumStability.Analysis.Heron	canonical_in_place	definition	public	-	-
NumStability.finiteKahanHeronBplusC_standardModel_lt_of_finiteNormalRange	NumStability.Analysis.Heron	NumStability.Analysis.Heron	canonical_in_place	theorem	public	-	-
NumStability.finiteKahanHeronFactor1	NumStability.Analysis.Heron	NumStability.Analysis.Heron	canonical_in_place	definition	public	-	-
NumStability.finiteKahanHeronFactor1_standardModel_lt_of_finiteNormalRange	NumStability.Analysis.Heron	NumStability.Analysis.Heron	canonical_in_place	theorem	public	-	-
NumStability.finiteKahanHeronFactor2	NumStability.Analysis.Heron	NumStability.Analysis.Heron	canonical_in_place	definition	public	-	-
NumStability.finiteKahanHeronFactor2_standardModel_lt_of_finiteNormalRange	NumStability.Analysis.Heron	NumStability.Analysis.Heron	canonical_in_place	theorem	public	-	-
NumStability.finiteKahanHeronFactor2_standardModel_lt_of_finiteNormalRange_exactAB	NumStability.Analysis.Heron	NumStability.Analysis.Heron	canonical_in_place	theorem	public	-	-
NumStability.finiteKahanHeronFactor3	NumStability.Analysis.Heron	NumStability.Analysis.Heron	canonical_in_place	definition	public	-	-
NumStability.finiteKahanHeronFactor3_standardModel_lt_of_finiteNormalRange	NumStability.Analysis.Heron	NumStability.Analysis.Heron	canonical_in_place	theorem	public	-	-
NumStability.finiteKahanHeronFactor3_standardModel_lt_of_finiteNormalRange_exactAB	NumStability.Analysis.Heron	NumStability.Analysis.Heron	canonical_in_place	theorem	public	-	-
NumStability.finiteKahanHeronFactor4	NumStability.Analysis.Heron	NumStability.Analysis.Heron	canonical_in_place	definition	public	-	-
NumStability.finiteKahanHeronFactor4_standardModel_lt_of_finiteNormalRange	NumStability.Analysis.Heron	NumStability.Analysis.Heron	canonical_in_place	theorem	public	-	-
NumStability.finiteKahanHeronProduct12	NumStability.Analysis.Heron	NumStability.Analysis.Heron	canonical_in_place	definition	public	-	-
NumStability.finiteKahanHeronProduct123	NumStability.Analysis.Heron	NumStability.Analysis.Heron	canonical_in_place	definition	public	-	-
NumStability.finiteKahanHeronProduct123_standardModel_lt_of_finiteNormalRange	NumStability.Analysis.Heron	NumStability.Analysis.Heron	canonical_in_place	theorem	public	-	-
NumStability.finiteKahanHeronProduct12_standardModel_lt_of_finiteNormalRange	NumStability.Analysis.Heron	NumStability.Analysis.Heron	canonical_in_place	theorem	public	-	-
NumStability.finiteKahanHeronRadicand	NumStability.Analysis.Heron	NumStability.Analysis.Heron	canonical_in_place	definition	public	-	-
NumStability.finiteKahanHeronRadicand_standardModel_lt_of_finiteNormalRange	NumStability.Analysis.Heron	NumStability.Analysis.Heron	canonical_in_place	theorem	public	-	-
NumStability.finiteKahanHeronSqrt	NumStability.Analysis.Heron	NumStability.Analysis.Heron	canonical_in_place	definition	public	-	-
NumStability.finiteKahanHeronSqrt_standardModel_lt_of_finiteNormalRange	NumStability.Analysis.Heron	NumStability.Analysis.Heron	canonical_in_place	theorem	public	-	-
NumStability.finiteKahanHeronTrace_standardModel_lt_of_finiteNormalRange	NumStability.Analysis.Heron	NumStability.Analysis.Heron	canonical_in_place	theorem	public	-	-
NumStability.finiteLoewnerLe_iff_sub_finiteHermitianEigenvalues_nonneg	NumStability.Analysis.MatrixSpectral	NumStability.Analysis.MatrixSpectral	canonical_in_place	theorem	public	-	-
NumStability.finiteLoewnerLe_smul_id_iff_finiteScalarUpperDiffEigenvalues_nonneg	NumStability.Analysis.MatrixSpectral	NumStability.Analysis.MatrixSpectral	canonical_in_place	theorem	public	-	-
NumStability.finiteLoewnerLe_smul_id_iff_sub_finiteHermitianEigenvalues_nonneg	NumStability.Analysis.MatrixSpectral	NumStability.Analysis.MatrixSpectral	canonical_in_place	theorem	public	-	-
NumStability.finiteLoewnerLe_smul_id_of_finiteHermitianEigenvalues_le	NumStability.Analysis.MatrixSpectral	NumStability.Analysis.MatrixSpectral	canonical_in_place	theorem	public	-	-
NumStability.finiteLoewnerLe_smul_id_of_le_finiteHermitianEigenvalues	NumStability.Analysis.MatrixSpectral	NumStability.Analysis.MatrixSpectral	canonical_in_place	theorem	public	-	-
NumStability.finiteMatVec_finiteHermitianEigenvector_eq	NumStability.Analysis.MatrixSpectral	NumStability.Analysis.MatrixSpectral	canonical_in_place	theorem	public	-	-
NumStability.finiteMatrixExp	NumStability.Analysis.MatrixSpectral	NumStability.Analysis.MatrixSpectral	canonical_in_place	definition	public	-	-
NumStability.finiteMatrixExp_finiteDiagonal	NumStability.Analysis.MatrixSpectral	NumStability.Analysis.MatrixSpectral	canonical_in_place	theorem	public	-	-
NumStability.finiteMatrixExp_smul_finiteIdMatrix	NumStability.Analysis.MatrixSpectral	NumStability.Analysis.MatrixSpectral	canonical_in_place	theorem	public	-	-
NumStability.finiteMatrixExp_symmetric	NumStability.Analysis.MatrixSpectral	NumStability.Analysis.MatrixSpectral	canonical_in_place	theorem	public	-	-
NumStability.finiteOpNorm2Le_of_finitePSD_of_finiteHermitianEigenvalues_le	NumStability.Analysis.MatrixSpectral	NumStability.Analysis.MatrixSpectral	canonical_in_place	theorem	public	-	-
NumStability.finitePSD_iff_finiteHermitianEigenvalues_nonneg	NumStability.Analysis.MatrixSpectral	NumStability.Analysis.MatrixSpectral	canonical_in_place	theorem	public	-	-
NumStability.finiteQuadraticForm_finiteHermitianEigenvector_eq_eigenvalue_mul_norm_sq	NumStability.Analysis.MatrixSpectral	NumStability.Analysis.MatrixSpectral	canonical_in_place	theorem	public	-	-
NumStability.finiteRoundToEvenOp_sub_a_b_eq_exact_of_kahanOrderedTriangleSides	NumStability.Analysis.Heron	NumStability.Analysis.Heron	canonical_in_place	theorem	public	-	-
NumStability.finiteScalarUpperDiffEigenvalues	NumStability.Analysis.MatrixSpectral	NumStability.Analysis.MatrixSpectral	canonical_in_place	definition	public	-	-
NumStability.finiteScalarUpperDiff_symmetric	NumStability.Analysis.MatrixSpectral	NumStability.Analysis.MatrixSpectral	canonical_in_place	theorem	public	-	-
NumStability.finiteTrace_eq_sum_finiteHermitianEigenvalues	NumStability.Analysis.MatrixSpectral	NumStability.Analysis.MatrixSpectral	canonical_in_place	theorem	public	-	-
NumStability.finiteTrace_finiteHermitianCfcExp_eq_sum_exp_finiteHermitianEigenvalues	NumStability.Analysis.MatrixSpectral	NumStability.Analysis.MatrixSpectral	canonical_in_place	theorem	public	-	-
NumStability.finiteTrace_finiteMatrixExp_eq_sum_exp_finiteHermitianEigenvalues	NumStability.Analysis.MatrixSpectral	NumStability.Analysis.MatrixSpectral	canonical_in_place	theorem	public	-	-
NumStability.finiteTrace_finiteMatrixExp_finiteDiagonal	NumStability.Analysis.MatrixSpectral	NumStability.Analysis.MatrixSpectral	canonical_in_place	theorem	public	-	-
NumStability.finiteTrace_finiteMatrixExp_le_card_mul_exp_of_finiteLoewnerLe_smul_id	NumStability.Analysis.MatrixSpectral	NumStability.Analysis.MatrixSpectral	canonical_in_place	theorem	public	-	-
NumStability.finiteTrace_finiteMatrixExp_neg_eq_sum_exp_neg_finiteHermitianEigenvalues	NumStability.Analysis.MatrixSpectral	NumStability.Analysis.MatrixSpectral	canonical_in_place	theorem	public	-	-
NumStability.finiteTrace_finiteMatrixExp_neg_le_card_mul_exp_of_neg_finiteLoewnerLe_smul_id	NumStability.Analysis.MatrixSpectral	NumStability.Analysis.MatrixSpectral	canonical_in_place	theorem	public	-	-
NumStability.finiteTrace_finiteMatrixExp_neg_nonneg	NumStability.Analysis.MatrixConcentration	NumStability.Analysis.MatrixConcentration	canonical_in_place	theorem	public	-	-
NumStability.finiteTrace_finiteMatrixExp_nonneg	NumStability.Analysis.MatrixConcentration	NumStability.Analysis.MatrixConcentration	canonical_in_place	theorem	public	-	-
NumStability.finiteTrace_finiteMatrixExp_smul_finiteIdMatrix	NumStability.Analysis.MatrixSpectral	NumStability.Analysis.MatrixSpectral	canonical_in_place	theorem	public	-	-
NumStability.finiteTrace_rectMatMul_self_eq_sum_sq_finiteHermitianEigenvalues	NumStability.Analysis.MatrixSpectral	NumStability.Analysis.MatrixSpectral	canonical_in_place	theorem	public	-	-
NumStability.finiteVecNorm2Sq_finiteHermitianEigenvector_eq_one	NumStability.Analysis.MatrixSpectral	NumStability.Analysis.MatrixSpectral	canonical_in_place	theorem	public	-	-
NumStability.finset_card_univ_erase_fin_eq_sub_one	NumStability.Analysis.BeneficialRounding	NumStability.Analysis.BeneficialRounding	canonical_in_place	theorem	public	-	-
NumStability.firstOrderBackwardEquation	NumStability.Analysis.FirstOrderFramework	NumStability.Analysis.FirstOrderFramework	canonical_in_place	definition	public	-	-
NumStability.firstOrderBackward_minimumComponentwise_solution	NumStability.Analysis.FirstOrderFramework	NumStability.Analysis.FirstOrderFramework	canonical_in_place	theorem	public	-	-
NumStability.firstOrderBackward_minimumNorm_solution	NumStability.Analysis.FirstOrderFramework	NumStability.Analysis.FirstOrderFramework	canonical_in_place	theorem	public	-	-
NumStability.firstOrderForwardBudget	NumStability.Analysis.FirstOrderFramework	NumStability.Analysis.FirstOrderFramework	canonical_in_place	definition	public	-	-
NumStability.firstOrderForwardError	NumStability.Analysis.FirstOrderFramework	NumStability.Analysis.FirstOrderFramework	canonical_in_place	definition	public	-	-
NumStability.firstOrderForwardError_vecNorm2_le_budget	NumStability.Analysis.FirstOrderFramework	NumStability.Analysis.FirstOrderFramework	canonical_in_place	theorem	public	-	-
NumStability.firstOrderSelectedOutputError	NumStability.Analysis.FirstOrderFramework	NumStability.Analysis.FirstOrderFramework	canonical_in_place	definition	public	-	-
NumStability.firstOrderSelectedOutputError_vecNorm2_le	NumStability.Analysis.FirstOrderFramework	NumStability.Analysis.FirstOrderFramework	canonical_in_place	theorem	public	-	-
NumStability.firstOrderStageError	NumStability.Analysis.FirstOrderFramework	NumStability.Analysis.FirstOrderFramework	canonical_in_place	definition	public	-	-
NumStability.five_not_dvd_two_pow_nat	NumStability.Analysis.BeneficialRounding	NumStability.Analysis.BeneficialRounding	canonical_in_place	theorem	public	-	-
NumStability.flCramer2x2Numerator	NumStability.Analysis.CramersRule	NumStability.Algorithms.LinearSystems.CramersRule.Core	move_candidate	definition	public	NumStability.flCramer2x2Numerator	120
NumStability.flCramer2x2Numerator_error_le_gamma3	NumStability.Analysis.CramersRule	NumStability.Source.Higham.Chapter01.Problem09.CramersRule.ForwardError	move_candidate	theorem	public	NumStability.flCramer2x2Numerator_error_le_gamma3	775
NumStability.flDet2x2	NumStability.Analysis.CramersRule	NumStability.Algorithms.LinearSystems.CramersRule.Core	move_candidate	definition	public	NumStability.flDet2x2	36
NumStability.flDet2x2_error_le_gamma3	NumStability.Analysis.CramersRule	NumStability.Source.Higham.Chapter01.Problem09.CramersRule.ForwardError	move_candidate	theorem	public	NumStability.flDet2x2_error_le_gamma3	705
NumStability.flDoolittleLEntry	NumStability.Algorithms.LU.Doolittle	NumStability.Algorithms.LinearSystems.LU.Doolittle.RoundedEntries	move_candidate	definition	public	NumStability.flDoolittleLEntry	91
NumStability.flDoolittleLEntry_masked_exact_product_residual_abs_le	NumStability.Algorithms.LU.Doolittle	NumStability.Algorithms.LinearSystems.LU.Doolittle.RoundedEntries	move_candidate	theorem	public	NumStability.flDoolittleLEntry_masked_exact_product_residual_abs_le	487
NumStability.flDoolittleLEntry_mul_pivot_sub_numerator_abs_le	NumStability.Algorithms.LU.Doolittle	NumStability.Algorithms.LinearSystems.LU.Doolittle.RoundedEntries	move_candidate	theorem	public	NumStability.flDoolittleLEntry_mul_pivot_sub_numerator_abs_le	447
NumStability.flDoolittleLNumerator	NumStability.Algorithms.LU.Doolittle	NumStability.Algorithms.LinearSystems.LU.Doolittle.RoundedEntries	move_candidate	definition	public	NumStability.flDoolittleLNumerator	80
NumStability.flDoolittleLNumerator_exact_product_residual_abs_le	NumStability.Algorithms.LU.Doolittle	NumStability.Algorithms.LinearSystems.LU.Doolittle.RoundedEntries	move_candidate	theorem	public	NumStability.flDoolittleLNumerator_exact_product_residual_abs_le	319
NumStability.flDoolittleLNumerator_masked_exact_product_residual_abs_le	NumStability.Algorithms.LU.Doolittle	NumStability.Algorithms.LinearSystems.LU.Doolittle.RoundedEntries	move_candidate	theorem	public	NumStability.flDoolittleLNumerator_masked_exact_product_residual_abs_le	423
NumStability.flDoolittleLNumerator_rounded_residual_abs_le	NumStability.Algorithms.LU.Doolittle	NumStability.Algorithms.LinearSystems.LU.Doolittle.RoundedEntries	move_candidate	theorem	public	NumStability.flDoolittleLNumerator_rounded_residual_abs_le	183
NumStability.flDoolittleUEntry	NumStability.Algorithms.LU.Doolittle	NumStability.Algorithms.LinearSystems.LU.Doolittle.RoundedEntries	move_candidate	definition	public	NumStability.flDoolittleUEntry	67
NumStability.flDoolittleUEntry_exact_product_residual_abs_le	NumStability.Algorithms.LU.Doolittle	NumStability.Algorithms.LinearSystems.LU.Doolittle.RoundedEntries	move_candidate	theorem	public	NumStability.flDoolittleUEntry_exact_product_residual_abs_le	238
NumStability.flDoolittleUEntry_masked_exact_product_residual_abs_le	NumStability.Algorithms.LU.Doolittle	NumStability.Algorithms.LinearSystems.LU.Doolittle.RoundedEntries	move_candidate	theorem	public	NumStability.flDoolittleUEntry_masked_exact_product_residual_abs_le	400
NumStability.flDoolittleUEntry_rounded_residual_abs_le	NumStability.Algorithms.LU.Doolittle	NumStability.Algorithms.LinearSystems.LU.Doolittle.RoundedEntries	move_candidate	theorem	public	NumStability.flDoolittleUEntry_rounded_residual_abs_le	160
NumStability.flPrefixCorrectedSumSquaresStep	NumStability.Analysis.SampleVariance	NumStability.Analysis.Statistics.SampleVariance.Updating	move_candidate	definition	public	NumStability.flPrefixCorrectedSumSquaresStep	1153
NumStability.flPrefixCorrectedSumSquaresStep_abs_error_le	NumStability.Analysis.SampleVariance	NumStability.Analysis.SampleVariance	retain_historical	theorem	public	NumStability.flPrefixCorrectedSumSquaresStep_abs_error_le	1544
NumStability.flPrefixCorrectedSumSquaresStep_abs_error_le_prefix_succ	NumStability.Analysis.SampleVariance	NumStability.Analysis.SampleVariance	retain_historical	theorem	public	NumStability.flPrefixCorrectedSumSquaresStep_abs_error_le_prefix_succ	1561
NumStability.flPrefixCorrectedSumSquaresStep_eq_exact_with_local_errors	NumStability.Analysis.SampleVariance	NumStability.Analysis.Statistics.SampleVariance.Updating	move_candidate	theorem	public	NumStability.flPrefixCorrectedSumSquaresStep_eq_exact_with_local_errors	1500
NumStability.flPrefixCorrectedSumSquaresTrajectory	NumStability.Analysis.SampleVariance	NumStability.Analysis.Statistics.SampleVariance.Updating	move_candidate	definition	public	NumStability.flPrefixCorrectedSumSquaresTrajectory	1578
NumStability.flPrefixCorrectedSumSquaresTrajectoryAbsErrorBudget	NumStability.Analysis.SampleVariance	NumStability.Analysis.Statistics.SampleVariance.Updating	move_candidate	definition	public	NumStability.flPrefixCorrectedSumSquaresTrajectoryAbsErrorBudget	1588
NumStability.flPrefixCorrectedSumSquaresTrajectoryAbsErrorBudget_nonneg	NumStability.Analysis.SampleVariance	NumStability.Analysis.Statistics.SampleVariance.Updating	move_candidate	theorem	public	NumStability.flPrefixCorrectedSumSquaresTrajectoryAbsErrorBudget_nonneg	1607
NumStability.flPrefixCorrectedSumSquaresTrajectory_abs_error_le_budget	NumStability.Analysis.SampleVariance	NumStability.Analysis.SampleVariance	retain_historical	theorem	public	NumStability.flPrefixCorrectedSumSquaresTrajectory_abs_error_le_budget	1646
NumStability.flPrefixMeanStep	NumStability.Analysis.SampleVariance	NumStability.Analysis.Statistics.SampleVariance.Updating	move_candidate	definition	public	NumStability.flPrefixMeanStep	1144
NumStability.flPrefixMeanStep_abs_error_le	NumStability.Analysis.SampleVariance	NumStability.Analysis.SampleVariance	retain_historical	theorem	public	NumStability.flPrefixMeanStep_abs_error_le	1232
NumStability.flPrefixMeanStep_abs_error_le_prefixMean_succ	NumStability.Analysis.SampleVariance	NumStability.Analysis.SampleVariance	retain_historical	theorem	public	NumStability.flPrefixMeanStep_abs_error_le_prefixMean_succ	1247
NumStability.flPrefixMeanStep_eq_exact_with_local_errors	NumStability.Analysis.SampleVariance	NumStability.Analysis.Statistics.SampleVariance.Updating	move_candidate	theorem	public	NumStability.flPrefixMeanStep_eq_exact_with_local_errors	1201
NumStability.flPrefixMeanTrajectory	NumStability.Analysis.SampleVariance	NumStability.Analysis.Statistics.SampleVariance.Updating	move_candidate	definition	public	NumStability.flPrefixMeanTrajectory	1285
NumStability.flPrefixMeanTrajectoryAbsErrorBudget	NumStability.Analysis.SampleVariance	NumStability.Analysis.Statistics.SampleVariance.Updating	move_candidate	definition	public	NumStability.flPrefixMeanTrajectoryAbsErrorBudget	1292
NumStability.flPrefixMeanTrajectoryAbsErrorBudget_nonneg	NumStability.Analysis.SampleVariance	NumStability.Analysis.Statistics.SampleVariance.Updating	move_candidate	theorem	public	NumStability.flPrefixMeanTrajectoryAbsErrorBudget_nonneg	1306
NumStability.flPrefixMeanTrajectory_abs_error_le_budget	NumStability.Analysis.SampleVariance	NumStability.Analysis.SampleVariance	retain_historical	theorem	public	NumStability.flPrefixMeanTrajectory_abs_error_le_budget	1330
NumStability.flQuadraticDiscriminant	NumStability.Analysis.Quadratic	NumStability.Analysis.Quadratic	canonical_in_place	definition	public	-	-
NumStability.flQuadraticDiscriminantAbsErrorBound	NumStability.Analysis.Quadratic	NumStability.Analysis.Quadratic	canonical_in_place	definition	public	-	-
NumStability.flQuadraticDiscriminantAbsErrorBound_eq_poly	NumStability.Analysis.Quadratic	NumStability.Analysis.Quadratic	canonical_in_place	theorem	public	-	-
NumStability.flQuadraticDiscriminantAbsErrorBound_le_of_simulatesHigherPrecision	NumStability.Analysis.Quadratic	NumStability.Analysis.Quadratic	canonical_in_place	theorem	public	-	-
NumStability.flQuadraticDiscriminantAbsErrorBound_le_of_u_le	NumStability.Analysis.Quadratic	NumStability.Analysis.Quadratic	canonical_in_place	theorem	public	-	-
NumStability.flQuadraticDiscriminantAbsErrorBound_nonneg	NumStability.Analysis.Quadratic	NumStability.Analysis.Quadratic	canonical_in_place	theorem	public	-	-
NumStability.flQuadraticDiscriminant_abs_error_le	NumStability.Analysis.Quadratic	NumStability.Analysis.Quadratic	canonical_in_place	theorem	public	-	-
NumStability.flQuadraticDiscriminant_abs_error_le_bound	NumStability.Analysis.Quadratic	NumStability.Analysis.Quadratic	canonical_in_place	theorem	public	-	-
NumStability.flQuadraticDiscriminant_expansion	NumStability.Analysis.Quadratic	NumStability.Analysis.Quadratic	canonical_in_place	theorem	public	-	-
NumStability.flQuadraticDiscriminant_nonneg_of_abs_error_bound_le	NumStability.Analysis.Quadratic	NumStability.Analysis.Quadratic	canonical_in_place	theorem	public	-	-
NumStability.flQuadraticMixedDiscriminantSqrtInputErrorBound	NumStability.Analysis.Quadratic	NumStability.Analysis.Quadratic	canonical_in_place	definition	public	-	-
NumStability.flQuadraticMixedDiscriminantSqrtRootMinusAbsErrorBound	NumStability.Analysis.Quadratic	NumStability.Analysis.Quadratic	canonical_in_place	definition	public	-	-
NumStability.flQuadraticMixedDiscriminantSqrtRootPlusAbsErrorBound	NumStability.Analysis.Quadratic	NumStability.Analysis.Quadratic	canonical_in_place	definition	public	-	-
NumStability.flQuadraticRecoveredRootFromOther	NumStability.Analysis.Quadratic	NumStability.Analysis.Quadratic	canonical_in_place	definition	public	-	-
NumStability.flQuadraticRecoveredRootFromOther_abs_error_le_of_abs_error	NumStability.Analysis.Quadratic	NumStability.Analysis.Quadratic	canonical_in_place	theorem	public	-	-
NumStability.flQuadraticRecoveredRootFromOther_rel_error_le_gamma2	NumStability.Analysis.Quadratic	NumStability.Analysis.Quadratic	canonical_in_place	theorem	public	-	-
NumStability.flQuadraticRecoveredRootMinusFromPlus_abs_error_le	NumStability.Analysis.Quadratic	NumStability.Analysis.Quadratic	canonical_in_place	theorem	public	-	-
NumStability.flQuadraticRecoveredRootMinusFromRoundedPlusDiscriminantSqrt_abs_error_le	NumStability.Analysis.Quadratic	NumStability.Analysis.Quadratic	canonical_in_place	theorem	public	-	-
NumStability.flQuadraticRecoveredRootPlusFromMinus_abs_error_le	NumStability.Analysis.Quadratic	NumStability.Analysis.Quadratic	canonical_in_place	theorem	public	-	-
NumStability.flQuadraticRecoveredRootPlusFromRoundedMinusDiscriminantSqrt_abs_error_le	NumStability.Analysis.Quadratic	NumStability.Analysis.Quadratic	canonical_in_place	theorem	public	-	-
NumStability.flQuadraticRootLargeByBSignRoundedDiscriminantSqrt	NumStability.Analysis.Quadratic	NumStability.Analysis.Quadratic	canonical_in_place	definition	public	-	-
NumStability.flQuadraticRootLargeByBSignRoundedDiscriminantSqrt_abs_error_le	NumStability.Analysis.Quadratic	NumStability.Analysis.Quadratic	canonical_in_place	theorem	public	-	-
NumStability.flQuadraticRootMinusComputedSqrt	NumStability.Analysis.Quadratic	NumStability.Analysis.Quadratic	canonical_in_place	definition	public	-	-
NumStability.flQuadraticRootMinusComputedSqrt_abs_error_le	NumStability.Analysis.Quadratic	NumStability.Analysis.Quadratic	canonical_in_place	theorem	public	-	-
NumStability.flQuadraticRootMinusFromSqrt	NumStability.Analysis.Quadratic	NumStability.Analysis.Quadratic	canonical_in_place	definition	public	-	-
NumStability.flQuadraticRootMinusFromSqrt_abs_input_error_le	NumStability.Analysis.Quadratic	NumStability.Analysis.Quadratic	canonical_in_place	theorem	public	-	-
NumStability.flQuadraticRootMinusFromSqrt_discriminant_abs_error_le	NumStability.Analysis.Quadratic	NumStability.Analysis.Quadratic	canonical_in_place	theorem	public	-	-
NumStability.flQuadraticRootMinusFromSqrt_rel_error_le_gamma3	NumStability.Analysis.Quadratic	NumStability.Analysis.Quadratic	canonical_in_place	theorem	public	-	-
NumStability.flQuadraticRootMinusMixedDiscriminantSqrt	NumStability.Analysis.Quadratic	NumStability.Analysis.Quadratic	canonical_in_place	definition	public	-	-
NumStability.flQuadraticRootMinusMixedDiscriminantSqrt_abs_error_le	NumStability.Analysis.Quadratic	NumStability.Analysis.Quadratic	canonical_in_place	theorem	public	-	-
NumStability.flQuadraticRootMinusRoundedDiscriminantSqrt	NumStability.Analysis.Quadratic	NumStability.Analysis.Quadratic	canonical_in_place	definition	public	-	-
NumStability.flQuadraticRootMinusRoundedDiscriminantSqrt_abs_error_le	NumStability.Analysis.Quadratic	NumStability.Analysis.Quadratic	canonical_in_place	theorem	public	-	-
NumStability.flQuadraticRootMinusWithSqrtRelError_abs_error_le	NumStability.Analysis.Quadratic	NumStability.Analysis.Quadratic	canonical_in_place	theorem	public	-	-
NumStability.flQuadraticRootPlusComputedSqrt	NumStability.Analysis.Quadratic	NumStability.Analysis.Quadratic	canonical_in_place	definition	public	-	-
NumStability.flQuadraticRootPlusComputedSqrt_abs_error_le	NumStability.Analysis.Quadratic	NumStability.Analysis.Quadratic	canonical_in_place	theorem	public	-	-
NumStability.flQuadraticRootPlusFromSqrt	NumStability.Analysis.Quadratic	NumStability.Analysis.Quadratic	canonical_in_place	definition	public	-	-
NumStability.flQuadraticRootPlusFromSqrt_abs_input_error_le	NumStability.Analysis.Quadratic	NumStability.Analysis.Quadratic	canonical_in_place	theorem	public	-	-
NumStability.flQuadraticRootPlusFromSqrt_discriminant_abs_error_le	NumStability.Analysis.Quadratic	NumStability.Analysis.Quadratic	canonical_in_place	theorem	public	-	-
NumStability.flQuadraticRootPlusFromSqrt_rel_error_le_gamma3	NumStability.Analysis.Quadratic	NumStability.Analysis.Quadratic	canonical_in_place	theorem	public	-	-
NumStability.flQuadraticRootPlusMixedDiscriminantSqrt	NumStability.Analysis.Quadratic	NumStability.Analysis.Quadratic	canonical_in_place	definition	public	-	-
NumStability.flQuadraticRootPlusMixedDiscriminantSqrt_abs_error_le	NumStability.Analysis.Quadratic	NumStability.Analysis.Quadratic	canonical_in_place	theorem	public	-	-
NumStability.flQuadraticRootPlusRoundedDiscriminantSqrt	NumStability.Analysis.Quadratic	NumStability.Analysis.Quadratic	canonical_in_place	definition	public	-	-
NumStability.flQuadraticRootPlusRoundedDiscriminantSqrt_abs_error_le	NumStability.Analysis.Quadratic	NumStability.Analysis.Quadratic	canonical_in_place	theorem	public	-	-
NumStability.flQuadraticRootPlusWithSqrtRelError_abs_error_le	NumStability.Analysis.Quadratic	NumStability.Analysis.Quadratic	canonical_in_place	theorem	public	-	-
NumStability.flQuadraticRootSmallByBSignRoundedDiscriminantSqrt	NumStability.Analysis.Quadratic	NumStability.Analysis.Quadratic	canonical_in_place	definition	public	-	-
NumStability.flQuadraticRootSmallByBSignRoundedDiscriminantSqrt_abs_error_le	NumStability.Analysis.Quadratic	NumStability.Analysis.Quadratic	canonical_in_place	theorem	public	-	-
NumStability.flQuadraticRootsByBSignRoundedDiscriminantSqrt	NumStability.Analysis.Quadratic	NumStability.Analysis.Quadratic	canonical_in_place	definition	public	-	-
NumStability.flQuadraticRootsByBSignRoundedDiscriminantSqrt_abs_error_le	NumStability.Analysis.Quadratic	NumStability.Analysis.Quadratic	canonical_in_place	theorem	public	-	-
NumStability.flQuadraticRoundedDiscriminantSqrtInputErrorBound	NumStability.Analysis.Quadratic	NumStability.Analysis.Quadratic	canonical_in_place	definition	public	-	-
NumStability.flQuadraticRoundedDiscriminantSqrtRootLargeAbsErrorBound	NumStability.Analysis.Quadratic	NumStability.Analysis.Quadratic	canonical_in_place	definition	public	-	-
NumStability.flQuadraticRoundedDiscriminantSqrtRootMinusAbsErrorBound	NumStability.Analysis.Quadratic	NumStability.Analysis.Quadratic	canonical_in_place	definition	public	-	-
NumStability.flQuadraticRoundedDiscriminantSqrtRootPlusAbsErrorBound	NumStability.Analysis.Quadratic	NumStability.Analysis.Quadratic	canonical_in_place	definition	public	-	-
NumStability.flQuadraticRoundedDiscriminantSqrtRootSmallRecoveryAbsErrorBound	NumStability.Analysis.Quadratic	NumStability.Analysis.Quadratic	canonical_in_place	definition	public	-	-
NumStability.flRoundedQuotient_rel_error_le_gamma3	NumStability.Analysis.Quadratic	NumStability.Analysis.Quadratic	canonical_in_place	theorem	public	-	-
NumStability.flSampleMean	NumStability.Analysis.SampleVariance	NumStability.Analysis.Statistics.SampleVariance.Core	move_candidate	definition	public	NumStability.flSampleMean	38
NumStability.flSampleMean_abs_error_le_gamma	NumStability.Analysis.SampleVariance	NumStability.Analysis.Statistics.SampleVariance.TwoPass	move_candidate	theorem	public	NumStability.flSampleMean_abs_error_le_gamma	416
NumStability.flSampleMean_backward_error	NumStability.Analysis.SampleVariance	NumStability.Analysis.Statistics.SampleVariance.TwoPass	move_candidate	theorem	public	NumStability.flSampleMean_backward_error	362
NumStability.flSampleVarianceTwoPass	NumStability.Analysis.SampleVariance	NumStability.Analysis.Statistics.SampleVariance.Core	move_candidate	definition	public	NumStability.flSampleVarianceTwoPass	68
NumStability.flSampleVarianceTwoPassProblem110MeanQuadraticBound	NumStability.Analysis.SampleVariance	NumStability.Analysis.Statistics.SampleVariance.TwoPass	move_candidate	definition	public	NumStability.flSampleVarianceTwoPassProblem110MeanQuadraticBound	716
NumStability.flSampleVarianceTwoPassProblem110MeanQuadraticBound_eq_zero_of_u_eq_zero	NumStability.Analysis.SampleVariance	NumStability.Source.Higham.Chapter01.Problem10.TwoPassSampleVariance.Bounds	move_candidate	theorem	public	NumStability.flSampleVarianceTwoPassProblem110MeanQuadraticBound_eq_zero_of_u_eq_zero	778
NumStability.flSampleVarianceTwoPassProblem110MeanQuadraticBound_nonneg	NumStability.Analysis.SampleVariance	NumStability.Source.Higham.Chapter01.Problem10.TwoPassSampleVariance.Bounds	move_candidate	theorem	public	NumStability.flSampleVarianceTwoPassProblem110MeanQuadraticBound_nonneg	734
NumStability.flSampleVarianceTwoPassProblem110Remainder	NumStability.Analysis.SampleVariance	NumStability.Source.Higham.Chapter01.Problem10.TwoPassSampleVariance.Bounds	move_candidate	definition	public	NumStability.flSampleVarianceTwoPassProblem110Remainder	724
NumStability.flSampleVarianceTwoPassProblem110RemainderQuadraticBound	NumStability.Analysis.SampleVariance	NumStability.Source.Higham.Chapter01.Problem10.TwoPassSampleVariance.Bounds	move_candidate	definition	public	NumStability.flSampleVarianceTwoPassProblem110RemainderQuadraticBound	805
NumStability.flSampleVarianceTwoPassProblem110RemainderQuadraticBound_eq_coeff_mul_u_sq	NumStability.Analysis.SampleVariance	NumStability.Source.Higham.Chapter01.Problem10.TwoPassSampleVariance.Bounds	move_candidate	theorem	public	NumStability.flSampleVarianceTwoPassProblem110RemainderQuadraticBound_eq_coeff_mul_u_sq	826
NumStability.flSampleVarianceTwoPassProblem110RemainderQuadraticCoeff	NumStability.Analysis.SampleVariance	NumStability.Source.Higham.Chapter01.Problem10.TwoPassSampleVariance.Bounds	move_candidate	definition	public	NumStability.flSampleVarianceTwoPassProblem110RemainderQuadraticCoeff	816
NumStability.flSampleVarianceTwoPassProblem110RemainderQuadraticEnvelope	NumStability.Analysis.SampleVariance	NumStability.Source.Higham.Chapter01.Problem10.TwoPassSampleVariance.Bounds	move_candidate	definition	public	NumStability.flSampleVarianceTwoPassProblem110RemainderQuadraticEnvelope	837
NumStability.flSampleVarianceTwoPassProblem110RemainderQuadraticEnvelope_eq_bound	NumStability.Analysis.SampleVariance	NumStability.Source.Higham.Chapter01.Problem10.TwoPassSampleVariance.Bounds	move_candidate	theorem	public	NumStability.flSampleVarianceTwoPassProblem110RemainderQuadraticEnvelope_eq_bound	844
NumStability.flSampleVarianceTwoPassProblem110RemainderQuadraticEnvelope_isBigO	NumStability.Analysis.SampleVariance	NumStability.Source.Higham.Chapter01.Problem10.TwoPassSampleVariance.Bounds	move_candidate	theorem	public	NumStability.flSampleVarianceTwoPassProblem110RemainderQuadraticEnvelope_isBigO	853
NumStability.flSampleVarianceTwoPassProblem110Remainder_eq_zero_of_u_eq_zero	NumStability.Analysis.SampleVariance	NumStability.Source.Higham.Chapter01.Problem10.TwoPassSampleVariance.Bounds	move_candidate	theorem	public	NumStability.flSampleVarianceTwoPassProblem110Remainder_eq_zero_of_u_eq_zero	785
NumStability.flSampleVarianceTwoPassProblem110Remainder_le_quadratic_bound	NumStability.Analysis.SampleVariance	NumStability.Analysis.SampleVariance	retain_historical	theorem	public	NumStability.flSampleVarianceTwoPassProblem110Remainder_le_quadratic_bound	865
NumStability.flSampleVarianceTwoPassProblem110Remainder_nonneg	NumStability.Analysis.SampleVariance	NumStability.Source.Higham.Chapter01.Problem10.TwoPassSampleVariance.Bounds	move_candidate	theorem	public	NumStability.flSampleVarianceTwoPassProblem110Remainder_nonneg	754
NumStability.flSampleVarianceTwoPassWithMean	NumStability.Analysis.SampleVariance	NumStability.Analysis.Statistics.SampleVariance.Core	move_candidate	definition	public	NumStability.flSampleVarianceTwoPassWithMean	54
NumStability.flSampleVarianceTwoPassWithMean_eq_mul_one_add_gamma	NumStability.Analysis.SampleVariance	NumStability.Analysis.Statistics.SampleVariance.TwoPass	move_candidate	theorem	public	NumStability.flSampleVarianceTwoPassWithMean_eq_mul_one_add_gamma	498
NumStability.flSampleVarianceTwoPass_mean_quadratic_le_gamma_sq	NumStability.Analysis.SampleVariance	NumStability.Analysis.Statistics.SampleVariance.TwoPass	move_candidate	theorem	public	NumStability.flSampleVarianceTwoPass_mean_quadratic_le_gamma_sq	621
NumStability.flSampleVarianceTwoPass_relError_eq_zero_of_u_eq_zero	NumStability.Analysis.SampleVariance	NumStability.Source.Higham.Chapter01.Problem10.TwoPassSampleVariance.Bounds	move_candidate	theorem	public	NumStability.flSampleVarianceTwoPass_relError_eq_zero_of_u_eq_zero	1010
NumStability.flSampleVarianceTwoPass_relError_le_gamma_add_gamma_sq_mean_bound	NumStability.Analysis.SampleVariance	NumStability.Analysis.Statistics.SampleVariance.TwoPass	move_candidate	theorem	public	NumStability.flSampleVarianceTwoPass_relError_le_gamma_add_gamma_sq_mean_bound	671
NumStability.flSampleVarianceTwoPass_relError_le_gamma_add_mean_quadratic	NumStability.Analysis.SampleVariance	NumStability.Analysis.Statistics.SampleVariance.TwoPass	move_candidate	theorem	public	NumStability.flSampleVarianceTwoPass_relError_le_gamma_add_mean_quadratic	598
NumStability.flSampleVarianceTwoPass_relError_le_linear_u_add_explicit_remainder	NumStability.Analysis.SampleVariance	NumStability.Source.Higham.Chapter01.Problem10.TwoPassSampleVariance.Bounds	move_candidate	theorem	public	NumStability.flSampleVarianceTwoPass_relError_le_linear_u_add_explicit_remainder	949
NumStability.flSampleVarianceTwoPass_relError_le_linear_u_add_problem110_remainder	NumStability.Analysis.SampleVariance	NumStability.Source.Higham.Chapter01.Problem10.TwoPassSampleVariance.Bounds	move_candidate	theorem	public	NumStability.flSampleVarianceTwoPass_relError_le_linear_u_add_problem110_remainder	995
NumStability.flSampleVarianceUpdate	NumStability.Analysis.SampleVariance	NumStability.Analysis.Statistics.SampleVariance.Updating	move_candidate	definition	public	NumStability.flSampleVarianceUpdate	1792
NumStability.flSampleVarianceUpdateAbsErrorBudget	NumStability.Analysis.SampleVariance	NumStability.Analysis.Statistics.SampleVariance.Updating	move_candidate	definition	public	NumStability.flSampleVarianceUpdateAbsErrorBudget	1797
NumStability.flSampleVarianceUpdateAbsErrorBudget_nonneg	NumStability.Analysis.SampleVariance	NumStability.Analysis.Statistics.SampleVariance.Updating	move_candidate	theorem	public	NumStability.flSampleVarianceUpdateAbsErrorBudget_nonneg	1806
NumStability.flSampleVarianceUpdate_abs_error_le_budget	NumStability.Analysis.SampleVariance	NumStability.Analysis.SampleVariance	retain_historical	theorem	public	NumStability.flSampleVarianceUpdate_abs_error_le_budget	1828
NumStability.flSquaredDeviationWithMean_eq_mul_one_add_gamma3	NumStability.Analysis.SampleVariance	NumStability.Analysis.Statistics.SampleVariance.TwoPass	move_candidate	theorem	public	NumStability.flSquaredDeviationWithMean_eq_mul_one_add_gamma3	465
NumStability.fl_add_mul_div_error_le_gamma3	NumStability.Analysis.ComplexArithmetic	NumStability.Analysis.ComplexArithmetic	canonical_in_place	theorem	public	-	-
NumStability.fl_aitkenDenominatorA	NumStability.Algorithms.AitkenDenominator	NumStability.Algorithms.AitkenDenominator	canonical_in_place	definition	public	-	-
NumStability.fl_aitkenDenominatorA_backward_error	NumStability.Algorithms.AitkenDenominator	NumStability.Algorithms.AitkenDenominator	canonical_in_place	theorem	public	-	-
NumStability.fl_aitkenDenominatorA_error_bound	NumStability.Algorithms.AitkenDenominator	NumStability.Algorithms.AitkenDenominator	canonical_in_place	theorem	public	-	-
NumStability.fl_aitkenDenominatorB	NumStability.Algorithms.AitkenDenominator	NumStability.Algorithms.AitkenDenominator	canonical_in_place	definition	public	-	-
NumStability.fl_aitkenDenominatorB_backward_error	NumStability.Algorithms.AitkenDenominator	NumStability.Algorithms.AitkenDenominator	canonical_in_place	theorem	public	-	-
NumStability.fl_aitkenDenominatorB_error_bound	NumStability.Algorithms.AitkenDenominator	NumStability.Algorithms.AitkenDenominator	canonical_in_place	theorem	public	-	-
NumStability.fl_aitkenDenominatorC	NumStability.Algorithms.AitkenDenominator	NumStability.Algorithms.AitkenDenominator	canonical_in_place	definition	public	-	-
NumStability.fl_aitkenDenominatorC_backward_error	NumStability.Algorithms.AitkenDenominator	NumStability.Algorithms.AitkenDenominator	canonical_in_place	theorem	public	-	-
NumStability.fl_aitkenDenominatorC_error_bound	NumStability.Algorithms.AitkenDenominator	NumStability.Algorithms.AitkenDenominator	canonical_in_place	theorem	public	-	-
NumStability.fl_blockDotProduct	NumStability.Algorithms.BlockDotProduct	NumStability.Algorithms.BlockDotProduct	canonical_in_place	definition	public	-	-
NumStability.fl_clog2PairwiseDotProduct	NumStability.Algorithms.TreeDotProduct	NumStability.Algorithms.TreeDotProduct	canonical_in_place	definition	public	-	-
NumStability.fl_complexAdd	NumStability.Analysis.ComplexArithmetic	NumStability.Analysis.ComplexArithmetic	canonical_in_place	definition	public	-	-
NumStability.fl_complexAdd_error_bound	NumStability.Analysis.ComplexArithmetic	NumStability.Analysis.ComplexArithmetic	canonical_in_place	theorem	public	-	-
NumStability.fl_complexAdd_normSq_error_le	NumStability.Analysis.ComplexArithmetic	NumStability.Analysis.ComplexArithmetic	canonical_in_place	theorem	public	-	-
NumStability.fl_complexAdd_rel_error_model	NumStability.Analysis.ComplexArithmetic	NumStability.Analysis.ComplexArithmetic	canonical_in_place	theorem	public	-	-
NumStability.fl_complexDiv	NumStability.Analysis.ComplexArithmetic	NumStability.Analysis.ComplexArithmetic	canonical_in_place	definition	public	-	-
NumStability.fl_complexDivDen	NumStability.Analysis.ComplexArithmetic	NumStability.Analysis.ComplexArithmetic	canonical_in_place	definition	public	-	-
NumStability.fl_complexDivDen_error_le_gamma2	NumStability.Analysis.ComplexArithmetic	NumStability.Analysis.ComplexArithmetic	canonical_in_place	theorem	public	-	-
NumStability.fl_complexDivNumIm	NumStability.Analysis.ComplexArithmetic	NumStability.Analysis.ComplexArithmetic	canonical_in_place	definition	public	-	-
NumStability.fl_complexDivNumIm_error_le_gamma2	NumStability.Analysis.ComplexArithmetic	NumStability.Analysis.ComplexArithmetic	canonical_in_place	theorem	public	-	-
NumStability.fl_complexDivNumRe	NumStability.Analysis.ComplexArithmetic	NumStability.Analysis.ComplexArithmetic	canonical_in_place	definition	public	-	-
NumStability.fl_complexDivNumRe_error_le_gamma2	NumStability.Analysis.ComplexArithmetic	NumStability.Analysis.ComplexArithmetic	canonical_in_place	theorem	public	-	-
NumStability.fl_complexDiv_error_bound	NumStability.Analysis.ComplexArithmetic	NumStability.Analysis.ComplexArithmetic	canonical_in_place	theorem	public	-	-
NumStability.fl_complexDiv_im_error_le_gamma4	NumStability.Analysis.ComplexArithmetic	NumStability.Analysis.ComplexArithmetic	canonical_in_place	theorem	public	-	-
NumStability.fl_complexDiv_im_exact_error_le_gamma4	NumStability.Analysis.ComplexArithmetic	NumStability.Analysis.ComplexArithmetic	canonical_in_place	theorem	public	-	-
NumStability.fl_complexDiv_normSq_error_le	NumStability.Analysis.ComplexArithmetic	NumStability.Analysis.ComplexArithmetic	canonical_in_place	theorem	public	-	-
NumStability.fl_complexDiv_re_error_le_gamma4	NumStability.Analysis.ComplexArithmetic	NumStability.Analysis.ComplexArithmetic	canonical_in_place	theorem	public	-	-
NumStability.fl_complexDiv_re_exact_error_le_gamma4	NumStability.Analysis.ComplexArithmetic	NumStability.Analysis.ComplexArithmetic	canonical_in_place	theorem	public	-	-
NumStability.fl_complexDiv_rel_error_model	NumStability.Analysis.ComplexArithmetic	NumStability.Analysis.ComplexArithmetic	canonical_in_place	theorem	public	-	-
NumStability.fl_complexMul	NumStability.Analysis.ComplexArithmetic	NumStability.Analysis.ComplexArithmetic	canonical_in_place	definition	public	-	-
NumStability.fl_complexMul_error_bound	NumStability.Analysis.ComplexArithmetic	NumStability.Analysis.ComplexArithmetic	canonical_in_place	theorem	public	-	-
NumStability.fl_complexMul_normSq_error_le	NumStability.Analysis.ComplexArithmetic	NumStability.Analysis.ComplexArithmetic	canonical_in_place	theorem	public	-	-
NumStability.fl_complexMul_rel_error_model	NumStability.Analysis.ComplexArithmetic	NumStability.Analysis.ComplexArithmetic	canonical_in_place	theorem	public	-	-
NumStability.fl_complexSub	NumStability.Analysis.ComplexArithmetic	NumStability.Analysis.ComplexArithmetic	canonical_in_place	definition	public	-	-
NumStability.fl_complexSub_error_bound	NumStability.Analysis.ComplexArithmetic	NumStability.Analysis.ComplexArithmetic	canonical_in_place	theorem	public	-	-
NumStability.fl_complexSub_normSq_error_le	NumStability.Analysis.ComplexArithmetic	NumStability.Analysis.ComplexArithmetic	canonical_in_place	theorem	public	-	-
NumStability.fl_complexSub_rel_error_model	NumStability.Analysis.ComplexArithmetic	NumStability.Analysis.ComplexArithmetic	canonical_in_place	theorem	public	-	-
NumStability.fl_dotProduct	NumStability.Algorithms.DotProduct	NumStability.Algorithms.DotProduct	canonical_in_place	definition	public	-	-
NumStability.fl_exactMulDotProduct	NumStability.Algorithms.ExtendedPrecisionDotProduct	NumStability.Algorithms.ExtendedPrecisionDotProduct	canonical_in_place	definition	public	-	-
NumStability.fl_extendedDotProduct	NumStability.Algorithms.ExtendedPrecisionDotProduct	NumStability.Algorithms.ExtendedPrecisionDotProduct	canonical_in_place	definition	public	-	-
NumStability.fl_extendedExactMulDotProduct	NumStability.Algorithms.ExtendedPrecisionDotProduct	NumStability.Algorithms.ExtendedPrecisionDotProduct	canonical_in_place	definition	public	-	-
NumStability.fl_gridConvex	NumStability.Algorithms.GridPoints	NumStability.Algorithms.GridPoints	canonical_in_place	definition	public	-	-
NumStability.fl_gridConvex_error_bound	NumStability.Algorithms.GridPoints	NumStability.Algorithms.GridPoints	canonical_in_place	theorem	public	-	-
NumStability.fl_gridDirect	NumStability.Algorithms.GridPoints	NumStability.Algorithms.GridPoints	canonical_in_place	definition	public	-	-
NumStability.fl_gridDirect_error_bound	NumStability.Algorithms.GridPoints	NumStability.Algorithms.GridPoints	canonical_in_place	theorem	public	-	-
NumStability.fl_gridDirect_storedStep_error_bound	NumStability.Algorithms.GridPoints	NumStability.Algorithms.GridPoints	canonical_in_place	theorem	public	-	-
NumStability.fl_gridRecurrence	NumStability.Algorithms.GridPoints	NumStability.Algorithms.GridPoints	canonical_in_place	definition	public	-	-
NumStability.fl_gridRecurrence_error_bound	NumStability.Algorithms.GridPoints	NumStability.Algorithms.GridPoints	canonical_in_place	theorem	public	-	-
NumStability.fl_gridRecurrence_storedStep_error_bound	NumStability.Algorithms.GridPoints	NumStability.Algorithms.GridPoints	canonical_in_place	theorem	public	-	-
NumStability.fl_matMul	NumStability.Algorithms.MatMul	NumStability.Algorithms.MatMul	canonical_in_place	definition	public	-	-
NumStability.fl_matMul_counterexample_eq	NumStability.Algorithms.MatMul	NumStability.Algorithms.MatMul	canonical_in_place	theorem	public	-	-
NumStability.fl_matMul_counterexample_not_global_backward_A	NumStability.Algorithms.MatMul	NumStability.Algorithms.MatMul	canonical_in_place	theorem	public	-	-
NumStability.fl_matMul_counterexample_not_global_backward_A_gamma	NumStability.Algorithms.MatMul	NumStability.Algorithms.MatMul	canonical_in_place	theorem	public	-	-
NumStability.fl_matVec	NumStability.Algorithms.MatVec	NumStability.Algorithms.MatVec	canonical_in_place	definition	public	-	-
NumStability.fl_matVecSaxpy	NumStability.Algorithms.MatVec	NumStability.Algorithms.MatVec	canonical_in_place	definition	public	-	-
NumStability.fl_matVecSaxpyInit	NumStability.Algorithms.MatVec	NumStability.Algorithms.MatVec	canonical_in_place	definition	public	-	-
NumStability.fl_matVecSaxpyInit_apply	NumStability.Algorithms.MatVec	NumStability.Algorithms.MatVec	canonical_in_place	theorem	public	-	-
NumStability.fl_matVecSaxpy_eq_sdot	NumStability.Algorithms.MatVec	NumStability.Algorithms.MatVec	canonical_in_place	theorem	public	-	-
NumStability.fl_mul_abs_le_one_add_u_mul_abs_mul	NumStability.Algorithms.LU.Doolittle	NumStability.Algorithms.LinearSystems.LU.Doolittle.RoundedEntries	move_candidate	theorem	public	NumStability.fl_mul_abs_le_one_add_u_mul_abs_mul	219
NumStability.fl_mul_abs_sub_mul_le	NumStability.Algorithms.LU.Doolittle	NumStability.Algorithms.LinearSystems.LU.Doolittle.RoundedEntries	move_candidate	theorem	public	NumStability.fl_mul_abs_sub_mul_le	206
NumStability.fl_mul_accuracy_witness_of_precision	NumStability.Analysis.Error	NumStability.Analysis.Error.Measures.AccuracyPrecision	move_candidate	theorem	public	NumStability.fl_mul_accuracy_witness_of_precision	786
NumStability.fl_mul_add_error_le_gamma2	NumStability.Analysis.ComplexArithmetic	NumStability.Analysis.ComplexArithmetic	canonical_in_place	theorem	public	-	-
NumStability.fl_mul_div_sub_error_le_gamma3	NumStability.Analysis.ComplexArithmetic	NumStability.Analysis.ComplexArithmetic	canonical_in_place	theorem	public	-	-
NumStability.fl_mul_relError_le_precision	NumStability.Analysis.Error	NumStability.Analysis.Error.Measures.AccuracyPrecision	move_candidate	theorem	public	NumStability.fl_mul_relError_le_precision	797
NumStability.fl_mul_sub_error_le_gamma2	NumStability.Analysis.ComplexArithmetic	NumStability.Analysis.ComplexArithmetic	canonical_in_place	theorem	public	-	-
NumStability.fl_norm2	NumStability.Algorithms.Norm2	NumStability.Algorithms.Norm2	canonical_in_place	definition	public	-	-
NumStability.fl_norm2Sq	NumStability.Algorithms.Norm2	NumStability.Algorithms.Norm2	canonical_in_place	definition	public	-	-
NumStability.fl_norm2Sq_backward_error	NumStability.Algorithms.Norm2	NumStability.Algorithms.Norm2	canonical_in_place	theorem	public	-	-
NumStability.fl_norm2Sq_nonneg_of_gammaValid_two_mul	NumStability.Algorithms.Norm2	NumStability.Algorithms.Norm2	canonical_in_place	theorem	public	-	-
NumStability.fl_norm2Sq_relative_error	NumStability.Algorithms.Norm2	NumStability.Algorithms.Norm2	canonical_in_place	theorem	public	-	-
NumStability.fl_norm2_relative_error	NumStability.Algorithms.Norm2	NumStability.Algorithms.Norm2	canonical_in_place	theorem	public	-	-
NumStability.fl_norm2_relative_error_sqrt_factor	NumStability.Algorithms.Norm2	NumStability.Algorithms.Norm2	canonical_in_place	theorem	public	-	-
NumStability.fl_norm2_unroll	NumStability.Algorithms.Norm2	NumStability.Algorithms.Norm2	canonical_in_place	theorem	public	-	-
NumStability.fl_norm2_unroll_of_gammaValid_two_mul	NumStability.Algorithms.Norm2	NumStability.Algorithms.Norm2	canonical_in_place	theorem	public	-	-
NumStability.fl_outerProduct	NumStability.Algorithms.OuterProduct	NumStability.Algorithms.OuterProduct	canonical_in_place	definition	public	-	-
NumStability.fl_outerProduct_counterexample_eq	NumStability.Algorithms.OuterProduct	NumStability.Algorithms.OuterProduct	canonical_in_place	theorem	public	-	-
NumStability.fl_outerProduct_counterexample_not_global_backward	NumStability.Algorithms.OuterProduct	NumStability.Algorithms.OuterProduct	canonical_in_place	theorem	public	-	-
NumStability.fl_partialSums_localCorrections_abs_le_exactPrefix_add_runningError	NumStability.Algorithms.NeumaierCompensatedFiniteFormat	NumStability.Algorithms.Summation.Compensated.Neumaier.ExactResidual	move_candidate	theorem	public	NumStability.fl_partialSums_localCorrections_abs_le_exactPrefix_add_runningError	289
NumStability.fl_quadrature	NumStability.Algorithms.Quadrature	NumStability.Algorithms.Quadrature	canonical_in_place	definition	public	-	-
NumStability.fl_quadrature_error_bound_of_function_value_rel_error	NumStability.Algorithms.Quadrature	NumStability.Algorithms.Quadrature	canonical_in_place	theorem	public	-	-
NumStability.fl_quotient_abs_error_le_gamma7_of_gamma3	NumStability.Analysis.ComplexArithmetic	NumStability.Analysis.ComplexArithmetic	canonical_in_place	theorem	public	-	-
NumStability.fl_quotient_abs_error_le_gamma7_of_gamma3_absDen	NumStability.Analysis.ComplexArithmetic	NumStability.Analysis.ComplexArithmetic	canonical_in_place	theorem	public	-	-
NumStability.fl_rankOneUpdate	NumStability.Algorithms.RankOneUpdate	NumStability.Algorithms.RankOneUpdate	canonical_in_place	definition	public	-	-
NumStability.fl_rankOneUpdate_componentwise_error_bound	NumStability.Algorithms.RankOneUpdate	NumStability.Algorithms.RankOneUpdate	canonical_in_place	theorem	public	-	-
NumStability.fl_rankOneUpdate_error_bound_vecNorm2	NumStability.Algorithms.RankOneUpdate	NumStability.Algorithms.RankOneUpdate	canonical_in_place	theorem	public	-	-
NumStability.fl_recursiveResidualCorrectedSum	NumStability.Algorithms.NeumaierCompensatedFiniteFormat	NumStability.Algorithms.Summation.Compensated.Neumaier.ExactResidual	move_candidate	definition	public	NumStability.fl_recursiveResidualCorrectedSum	459
NumStability.fl_recursiveResidualCorrectedSum_backward_error_higham410	NumStability.Algorithms.NeumaierCompensatedFiniteFormat	NumStability.Algorithms.NeumaierCompensatedFiniteFormat	retain_historical	theorem	public	NumStability.fl_recursiveResidualCorrectedSum_backward_error_higham410	535
NumStability.fl_recursiveResidualCorrectedSum_backward_error_of_budget	NumStability.Algorithms.NeumaierCompensatedFiniteFormat	NumStability.Algorithms.Summation.Compensated.Neumaier.ExactResidual	move_candidate	theorem	public	NumStability.fl_recursiveResidualCorrectedSum_backward_error_of_budget	466
NumStability.fl_recursiveSum_add_localCorrections_eq_sum	NumStability.Algorithms.NeumaierCompensatedFiniteFormat	NumStability.Algorithms.Summation.Compensated.Neumaier.ExactResidual	move_candidate	theorem	public	NumStability.fl_recursiveSum_add_localCorrections_eq_sum	94
NumStability.fl_recursiveSum_add_prefixCorrections_eq_sum	NumStability.Algorithms.NeumaierCompensatedFiniteFormat	NumStability.Algorithms.Summation.Compensated.Neumaier.ExactResidual	move_candidate	theorem	public	NumStability.fl_recursiveSum_add_prefixCorrections_eq_sum	55
NumStability.fl_residual	NumStability.Algorithms.IterativeRefinement	NumStability.Algorithms.LinearSystems.IterativeRefinement.Core	move_candidate	definition	public	NumStability.fl_residual	89
NumStability.fl_runningDotProduct	NumStability.Algorithms.DotProduct	NumStability.Algorithms.DotProduct	canonical_in_place	definition	public	-	-
NumStability.fl_runningDotProductPrefixNat	NumStability.Algorithms.DotProduct	NumStability.Algorithms.DotProduct	canonical_in_place	definition	public	-	-
NumStability.fl_runningDotProductProduct	NumStability.Algorithms.DotProduct	NumStability.Algorithms.DotProduct	canonical_in_place	definition	public	-	-
NumStability.fl_runningDotProductState	NumStability.Algorithms.DotProduct	NumStability.Algorithms.DotProduct	canonical_in_place	definition	public	-	-
NumStability.fl_runningDotProductState_succ	NumStability.Algorithms.DotProduct	NumStability.Algorithms.DotProduct	canonical_in_place	theorem	public	-	-
NumStability.fl_runningDotProductState_zero	NumStability.Algorithms.DotProduct	NumStability.Algorithms.DotProduct	canonical_in_place	theorem	public	-	-
NumStability.fl_runningDotProduct_error_bound_from_inverse_models	NumStability.Algorithms.DotProduct	NumStability.Algorithms.DotProduct	canonical_in_place	theorem	public	-	-
NumStability.fl_smithComplexDiv	NumStability.Analysis.ComplexArithmetic	NumStability.Analysis.ComplexArithmetic	canonical_in_place	definition	public	-	-
NumStability.fl_smithComplexDivBranchC	NumStability.Analysis.ComplexArithmetic	NumStability.Analysis.ComplexArithmetic	canonical_in_place	definition	public	-	-
NumStability.fl_smithComplexDivBranchCDen	NumStability.Analysis.ComplexArithmetic	NumStability.Analysis.ComplexArithmetic	canonical_in_place	definition	public	-	-
NumStability.fl_smithComplexDivBranchCDen_error_le_gamma3	NumStability.Analysis.ComplexArithmetic	NumStability.Analysis.ComplexArithmetic	canonical_in_place	theorem	public	-	-
NumStability.fl_smithComplexDivBranchCNumIm	NumStability.Analysis.ComplexArithmetic	NumStability.Analysis.ComplexArithmetic	canonical_in_place	definition	public	-	-
NumStability.fl_smithComplexDivBranchCNumIm_error_le_gamma3	NumStability.Analysis.ComplexArithmetic	NumStability.Analysis.ComplexArithmetic	canonical_in_place	theorem	public	-	-
NumStability.fl_smithComplexDivBranchCNumRe	NumStability.Analysis.ComplexArithmetic	NumStability.Analysis.ComplexArithmetic	canonical_in_place	definition	public	-	-
NumStability.fl_smithComplexDivBranchCNumRe_error_le_gamma3	NumStability.Analysis.ComplexArithmetic	NumStability.Analysis.ComplexArithmetic	canonical_in_place	theorem	public	-	-
NumStability.fl_smithComplexDivBranchCRatio	NumStability.Analysis.ComplexArithmetic	NumStability.Analysis.ComplexArithmetic	canonical_in_place	definition	public	-	-
NumStability.fl_smithComplexDivBranchC_error_bound	NumStability.Analysis.ComplexArithmetic	NumStability.Analysis.ComplexArithmetic	canonical_in_place	theorem	public	-	-
NumStability.fl_smithComplexDivBranchC_im_error_le_gamma7	NumStability.Analysis.ComplexArithmetic	NumStability.Analysis.ComplexArithmetic	canonical_in_place	theorem	public	-	-
NumStability.fl_smithComplexDivBranchC_normSq_error_le	NumStability.Analysis.ComplexArithmetic	NumStability.Analysis.ComplexArithmetic	canonical_in_place	theorem	public	-	-
NumStability.fl_smithComplexDivBranchC_re_error_le_gamma7	NumStability.Analysis.ComplexArithmetic	NumStability.Analysis.ComplexArithmetic	canonical_in_place	theorem	public	-	-
NumStability.fl_smithComplexDivBranchC_rel_error_model	NumStability.Analysis.ComplexArithmetic	NumStability.Analysis.ComplexArithmetic	canonical_in_place	theorem	public	-	-
NumStability.fl_smithComplexDivBranchD	NumStability.Analysis.ComplexArithmetic	NumStability.Analysis.ComplexArithmetic	canonical_in_place	definition	public	-	-
NumStability.fl_smithComplexDivBranchDDen	NumStability.Analysis.ComplexArithmetic	NumStability.Analysis.ComplexArithmetic	canonical_in_place	definition	public	-	-
NumStability.fl_smithComplexDivBranchDDen_error_le_gamma3	NumStability.Analysis.ComplexArithmetic	NumStability.Analysis.ComplexArithmetic	canonical_in_place	theorem	public	-	-
NumStability.fl_smithComplexDivBranchDNumIm	NumStability.Analysis.ComplexArithmetic	NumStability.Analysis.ComplexArithmetic	canonical_in_place	definition	public	-	-
NumStability.fl_smithComplexDivBranchDNumIm_error_le_gamma3	NumStability.Analysis.ComplexArithmetic	NumStability.Analysis.ComplexArithmetic	canonical_in_place	theorem	public	-	-
NumStability.fl_smithComplexDivBranchDNumRe	NumStability.Analysis.ComplexArithmetic	NumStability.Analysis.ComplexArithmetic	canonical_in_place	definition	public	-	-
NumStability.fl_smithComplexDivBranchDNumRe_error_le_gamma3	NumStability.Analysis.ComplexArithmetic	NumStability.Analysis.ComplexArithmetic	canonical_in_place	theorem	public	-	-
NumStability.fl_smithComplexDivBranchDRatio	NumStability.Analysis.ComplexArithmetic	NumStability.Analysis.ComplexArithmetic	canonical_in_place	definition	public	-	-
NumStability.fl_smithComplexDivBranchD_error_bound	NumStability.Analysis.ComplexArithmetic	NumStability.Analysis.ComplexArithmetic	canonical_in_place	theorem	public	-	-
NumStability.fl_smithComplexDivBranchD_im_error_le_gamma7	NumStability.Analysis.ComplexArithmetic	NumStability.Analysis.ComplexArithmetic	canonical_in_place	theorem	public	-	-
NumStability.fl_smithComplexDivBranchD_normSq_error_le	NumStability.Analysis.ComplexArithmetic	NumStability.Analysis.ComplexArithmetic	canonical_in_place	theorem	public	-	-
NumStability.fl_smithComplexDivBranchD_re_error_le_gamma7	NumStability.Analysis.ComplexArithmetic	NumStability.Analysis.ComplexArithmetic	canonical_in_place	theorem	public	-	-
NumStability.fl_smithComplexDivBranchD_rel_error_model	NumStability.Analysis.ComplexArithmetic	NumStability.Analysis.ComplexArithmetic	canonical_in_place	theorem	public	-	-
NumStability.fl_smithComplexDiv_error_bound	NumStability.Analysis.ComplexArithmetic	NumStability.Analysis.ComplexArithmetic	canonical_in_place	theorem	public	-	-
NumStability.fl_smithComplexDiv_rel_error_model	NumStability.Analysis.ComplexArithmetic	NumStability.Analysis.ComplexArithmetic	canonical_in_place	theorem	public	-	-
NumStability.fl_squareDiff_direct	NumStability.Algorithms.SquareDifference	NumStability.Algorithms.SquareDifference	canonical_in_place	definition	public	-	-
NumStability.fl_squareDiff_direct_error_bound	NumStability.Algorithms.SquareDifference	NumStability.Algorithms.SquareDifference	canonical_in_place	theorem	public	-	-
NumStability.fl_squareDiff_factored	NumStability.Algorithms.SquareDifference	NumStability.Algorithms.SquareDifference	canonical_in_place	definition	public	-	-
NumStability.fl_squareDiff_factored_error_bound	NumStability.Algorithms.SquareDifference	NumStability.Algorithms.SquareDifference	canonical_in_place	theorem	public	-	-
NumStability.fl_squareDiff_factored_rel_error	NumStability.Algorithms.SquareDifference	NumStability.Algorithms.SquareDifference	canonical_in_place	theorem	public	-	-
NumStability.fl_sub_mul_div_error_le_gamma3	NumStability.Analysis.ComplexArithmetic	NumStability.Analysis.ComplexArithmetic	canonical_in_place	theorem	public	-	-
NumStability.fl_sumTreeDotProduct	NumStability.Algorithms.TreeDotProduct	NumStability.Algorithms.TreeDotProduct	canonical_in_place	definition	public	-	-
NumStability.forwardErrorBounded	NumStability.Analysis.Stability	NumStability.Analysis.Stability	canonical_in_place	definition	public	-	-
NumStability.forwardErrorBoundedVec	NumStability.Analysis.Stability	NumStability.Analysis.Stability	canonical_in_place	definition	public	-	-
NumStability.forwardSubAnyOrderRowTerms	NumStability.Algorithms.TriangularArbitraryOrder	NumStability.Source.Higham.Chapter08.Section03.TriangularSystems.ArbitraryOrder	move_candidate	definition	public	NumStability.forwardSubAnyOrderRowTerms	876
NumStability.forwardSub_anyOrder_row_error	NumStability.Algorithms.TriangularArbitraryOrder	NumStability.Source.Higham.Chapter08.Section03.TriangularSystems.ArbitraryOrder	move_candidate	theorem	public	NumStability.forwardSub_anyOrder_row_error	896
NumStability.forwardSub_backward_error_anyOrder	NumStability.Algorithms.TriangularArbitraryOrder	NumStability.Source.Higham.Chapter08.Section03.TriangularSystems.ArbitraryOrder	move_candidate	theorem	public	NumStability.forwardSub_backward_error_anyOrder	928
NumStability.forwardSub_nonneg	NumStability.Algorithms.MMatrix	NumStability.Algorithms.MMatrix	canonical_in_place	theorem	public	-	-
NumStability.forward_error_step_bound	NumStability.Algorithms.IterativeRefinement	NumStability.Source.Higham.Chapter12.IterativeRefinement.Chapter12Bounds	move_candidate	theorem	public	NumStability.forward_error_step_bound	1686
NumStability.forward_error_step_identity	NumStability.Algorithms.IterativeRefinement	NumStability.Source.Higham.Chapter12.IterativeRefinement.Chapter12Bounds	move_candidate	theorem	public	NumStability.forward_error_step_identity	1648
NumStability.forward_from_backward	NumStability.Analysis.Stability	NumStability.Analysis.Stability	canonical_in_place	theorem	public	-	-
NumStability.frobNormRect_ch7Problem78RankOneAugMatrix	NumStability.Analysis.HighamChapter7	NumStability.Source.Higham.Chapter07.LinearSystemsConditioning.Problem08RectangularBackwardError	move_candidate	theorem	public	NumStability.frobNormRect_ch7Problem78RankOneAugMatrix	25401
NumStability.frobNormRect_ch7RectRankOneDivVecNorm2Sq	NumStability.Analysis.HighamChapter7	NumStability.Source.Higham.Chapter07.LinearSystemsConditioning.Problem08RectangularBackwardError	move_candidate	theorem	public	NumStability.frobNormRect_ch7RectRankOneDivVecNorm2Sq	25343
NumStability.fusedMultiplyAddExact	NumStability.Analysis.FusedMultiplyAdd	NumStability.FloatingPoint.FusedMultiplyAdd.Core	move_candidate	definition	public	NumStability.fusedMultiplyAddExact	21
NumStability.genEigenvector_one_rank_two_orbit_norm_tendsto_atTop	NumStability.Analysis.SemiconvergentExistenceGaps	NumStability.Analysis.SemiconvergentExistenceGaps	canonical_in_place	theorem	public	-	-
NumStability.gepp2_relativeResidual2_le_wilkinson	NumStability.Algorithms.LU.GrowthFactor	NumStability.Algorithms.LU.GrowthFactor	canonical_in_place	theorem	public	-	-
NumStability.gridPointConvex	NumStability.Algorithms.GridPoints	NumStability.Algorithms.GridPoints	canonical_in_place	definition	public	-	-
NumStability.gridPointConvex_eq_exact	NumStability.Algorithms.GridPoints	NumStability.Algorithms.GridPoints	canonical_in_place	theorem	public	-	-
NumStability.gridPointExact	NumStability.Algorithms.GridPoints	NumStability.Algorithms.GridPoints	canonical_in_place	definition	public	-	-
NumStability.gridPointFromStep	NumStability.Algorithms.GridPoints	NumStability.Algorithms.GridPoints	canonical_in_place	definition	public	-	-
NumStability.gridPointFromStep_error_eq	NumStability.Algorithms.GridPoints	NumStability.Algorithms.GridPoints	canonical_in_place	theorem	public	-	-
NumStability.growthFactor	NumStability.Algorithms.LU.GrowthFactor	NumStability.Algorithms.LU.GrowthFactor	canonical_in_place	definition	public	-	-
NumStability.growthFactorEntry	NumStability.Algorithms.LU.GrowthFactor	NumStability.Algorithms.LU.GrowthFactor	canonical_in_place	definition	public	-	-
NumStability.growthFactorEntry_ge_inverse_entry_theta	NumStability.Algorithms.LU.GrowthFactor	NumStability.Algorithms.LU.GrowthFactor	canonical_in_place	theorem	public	-	-
NumStability.growthFactorEntry_ge_one_of_maxEntryNorm_le	NumStability.Algorithms.LU.GrowthFactor	NumStability.Algorithms.LU.GrowthFactor	canonical_in_place	theorem	public	-	-
NumStability.growthFactorEntry_le_of_absLU_componentwise	NumStability.Algorithms.LU.GrowthFactor	NumStability.Algorithms.LU.GrowthFactor	canonical_in_place	theorem	public	-	-
NumStability.growthFactorEntry_le_of_entry_bound_factor	NumStability.Algorithms.LU.GrowthFactor	NumStability.Algorithms.LU.GrowthFactor	canonical_in_place	theorem	public	-	-
NumStability.growthFactorEntry_le_of_maxEntryNorm_le_mul	NumStability.Algorithms.LU.GrowthFactor	NumStability.Algorithms.LU.GrowthFactor	canonical_in_place	theorem	public	-	-
NumStability.growthFactorEntry_le_one_add_card_mul_absLU_infNorm_div	NumStability.Algorithms.LU.GrowthFactor	NumStability.Algorithms.LU.GrowthFactor	canonical_in_place	theorem	public	-	-
NumStability.growthFactorEntry_nonneg	NumStability.Algorithms.LU.GrowthFactor	NumStability.Algorithms.LU.GrowthFactor	canonical_in_place	theorem	public	-	-
NumStability.growth_factor_det_bound	NumStability.Algorithms.LU.GrowthFactor	NumStability.Algorithms.LU.GrowthFactor	canonical_in_place	theorem	public	-	-
NumStability.growth_factor_entry_lower_bound	NumStability.Algorithms.LU.GrowthFactor	NumStability.Algorithms.LU.GrowthFactor	canonical_in_place	theorem	public	-	-
NumStability.growth_factor_product_lower_bound	NumStability.Algorithms.LU.GrowthFactor	NumStability.Algorithms.LU.GrowthFactor	canonical_in_place	theorem	public	-	-
NumStability.heronArea	NumStability.Analysis.Heron	NumStability.Analysis.Heron	canonical_in_place	definition	public	-	-
NumStability.heronRadicand	NumStability.Analysis.Heron	NumStability.Analysis.Heron	canonical_in_place	definition	public	-	-
NumStability.heronRadicand_pos_of_kahanOrderedTriangleSides	NumStability.Analysis.Heron	NumStability.Analysis.Heron	canonical_in_place	theorem	public	-	-
NumStability.heronSemiperimeter	NumStability.Analysis.Heron	NumStability.Analysis.Heron	canonical_in_place	definition	public	-	-
NumStability.hessenberg4NoPivotDiag	NumStability.Analysis.ProblemDependentStability	NumStability.Analysis.ProblemDependentStability.HessenbergDeterminant	move_candidate	definition	public	NumStability.hessenberg4NoPivotDiag	457
NumStability.hessenberg4NoPivotDiag1	NumStability.Analysis.ProblemDependentStability	NumStability.Analysis.ProblemDependentStability.HessenbergDeterminant	move_candidate	definition	public	NumStability.hessenberg4NoPivotDiag1	415
NumStability.hessenberg4NoPivotDiag2	NumStability.Analysis.ProblemDependentStability	NumStability.Analysis.ProblemDependentStability.HessenbergDeterminant	move_candidate	definition	public	NumStability.hessenberg4NoPivotDiag2	436
NumStability.hessenberg4NoPivotDiag3	NumStability.Analysis.ProblemDependentStability	NumStability.Analysis.ProblemDependentStability.HessenbergDeterminant	move_candidate	definition	public	NumStability.hessenberg4NoPivotDiag3	452
NumStability.hessenberg4NoPivotDiag_exactTraceOnEntrywisePerturbation	NumStability.Analysis.ProblemDependentStability	NumStability.Analysis.ProblemDependentStability.HessenbergDeterminant	move_candidate	theorem	public	NumStability.hessenberg4NoPivotDiag_exactTraceOnEntrywisePerturbation	551
NumStability.hessenberg4NoPivotDiag_exactTraceOnMatrix	NumStability.Analysis.ProblemDependentStability	NumStability.Analysis.ProblemDependentStability.HessenbergDeterminant	move_candidate	theorem	public	NumStability.hessenberg4NoPivotDiag_exactTraceOnMatrix	526
NumStability.hessenberg4NoPivotEndpoint	NumStability.Analysis.ProblemDependentStability	NumStability.Analysis.ProblemDependentStability.HessenbergDeterminant	move_candidate	definition	public	NumStability.hessenberg4NoPivotEndpoint	465
NumStability.hessenberg4NoPivotEndpoint_blockTriangular	NumStability.Analysis.ProblemDependentStability	NumStability.Analysis.ProblemDependentStability.HessenbergDeterminant	move_candidate	theorem	public	NumStability.hessenberg4NoPivotEndpoint_blockTriangular	488
NumStability.hessenberg4NoPivotEndpoint_det_eq_diag_prod	NumStability.Analysis.ProblemDependentStability	NumStability.Analysis.ProblemDependentStability.HessenbergDeterminant	move_candidate	theorem	public	NumStability.hessenberg4NoPivotEndpoint_det_eq_diag_prod	496
NumStability.hessenberg4NoPivotEndpoint_det_eq_of_upperHessenberg	NumStability.Analysis.ProblemDependentStability	NumStability.Analysis.ProblemDependentStability.HessenbergDeterminant	move_candidate	theorem	public	NumStability.hessenberg4NoPivotEndpoint_det_eq_of_upperHessenberg	736
NumStability.hessenberg4NoPivotEntrywisePerturbation_det_eq_diag_prod_of_upperHessenberg	NumStability.Analysis.ProblemDependentStability	NumStability.Analysis.ProblemDependentStability.HessenbergDeterminant	move_candidate	theorem	public	NumStability.hessenberg4NoPivotEntrywisePerturbation_det_eq_diag_prod_of_upperHessenberg	763
NumStability.hessenberg4NoPivotMultiplier10	NumStability.Analysis.ProblemDependentStability	NumStability.Analysis.ProblemDependentStability.HessenbergDeterminant	move_candidate	definition	public	NumStability.hessenberg4NoPivotMultiplier10	409
NumStability.hessenberg4NoPivotMultiplier21	NumStability.Analysis.ProblemDependentStability	NumStability.Analysis.ProblemDependentStability.HessenbergDeterminant	move_candidate	definition	public	NumStability.hessenberg4NoPivotMultiplier21	430
NumStability.hessenberg4NoPivotMultiplier32	NumStability.Analysis.ProblemDependentStability	NumStability.Analysis.ProblemDependentStability.HessenbergDeterminant	move_candidate	definition	public	NumStability.hessenberg4NoPivotMultiplier32	446
NumStability.hessenberg4NoPivotPivot0	NumStability.Analysis.ProblemDependentStability	NumStability.Analysis.ProblemDependentStability.HessenbergDeterminant	move_candidate	definition	public	NumStability.hessenberg4NoPivotPivot0	403
NumStability.hessenberg4NoPivotPrevPivot	NumStability.Analysis.ProblemDependentStability	NumStability.Analysis.ProblemDependentStability.HessenbergDeterminant	move_candidate	definition	public	NumStability.hessenberg4NoPivotPrevPivot	518
NumStability.hessenberg4NoPivotPrevSuper	NumStability.Analysis.ProblemDependentStability	NumStability.Analysis.ProblemDependentStability.HessenbergDeterminant	move_candidate	definition	public	NumStability.hessenberg4NoPivotPrevSuper	509
NumStability.hessenberg4NoPivotRoundedTrace_nearbyDet_relError_le_gamma	NumStability.Analysis.ProblemDependentStability	NumStability.Analysis.ProblemDependentStability.HessenbergDeterminant	move_candidate	theorem	public	NumStability.hessenberg4NoPivotRoundedTrace_nearbyDet_relError_le_gamma	793
NumStability.hessenberg4NoPivotStage1	NumStability.Analysis.ProblemDependentStability	NumStability.Analysis.ProblemDependentStability.HessenbergDeterminant	move_candidate	definition	public	NumStability.hessenberg4NoPivotStage1	570
NumStability.hessenberg4NoPivotStage1_det_eq	NumStability.Analysis.ProblemDependentStability	NumStability.Analysis.ProblemDependentStability.HessenbergDeterminant	move_candidate	theorem	public	NumStability.hessenberg4NoPivotStage1_det_eq	592
NumStability.hessenberg4NoPivotStage2	NumStability.Analysis.ProblemDependentStability	NumStability.Analysis.ProblemDependentStability.HessenbergDeterminant	move_candidate	definition	public	NumStability.hessenberg4NoPivotStage2	576
NumStability.hessenberg4NoPivotStage2_det_eq	NumStability.Analysis.ProblemDependentStability	NumStability.Analysis.ProblemDependentStability.HessenbergDeterminant	move_candidate	theorem	public	NumStability.hessenberg4NoPivotStage2_det_eq	601
NumStability.hessenberg4NoPivotStage3	NumStability.Analysis.ProblemDependentStability	NumStability.Analysis.ProblemDependentStability.HessenbergDeterminant	move_candidate	definition	public	NumStability.hessenberg4NoPivotStage3	584
NumStability.hessenberg4NoPivotStage3_det_eq	NumStability.Analysis.ProblemDependentStability	NumStability.Analysis.ProblemDependentStability.HessenbergDeterminant	move_candidate	theorem	public	NumStability.hessenberg4NoPivotStage3_det_eq	615
NumStability.hessenberg4NoPivotStage3_eq_endpoint	NumStability.Analysis.ProblemDependentStability	NumStability.Analysis.ProblemDependentStability.HessenbergDeterminant	move_candidate	theorem	public	NumStability.hessenberg4NoPivotStage3_eq_endpoint	629
NumStability.hessenberg4NoPivotSuper12	NumStability.Analysis.ProblemDependentStability	NumStability.Analysis.ProblemDependentStability.HessenbergDeterminant	move_candidate	definition	public	NumStability.hessenberg4NoPivotSuper12	420
NumStability.hessenberg4NoPivotSuper13	NumStability.Analysis.ProblemDependentStability	NumStability.Analysis.ProblemDependentStability.HessenbergDeterminant	move_candidate	definition	public	NumStability.hessenberg4NoPivotSuper13	425
NumStability.hessenberg4NoPivotSuper23	NumStability.Analysis.ProblemDependentStability	NumStability.Analysis.ProblemDependentStability.HessenbergDeterminant	move_candidate	definition	public	NumStability.hessenberg4NoPivotSuper23	441
NumStability.hessenberg4NoPivot_det_eq_diag_prod_of_upperHessenberg	NumStability.Analysis.ProblemDependentStability	NumStability.Analysis.ProblemDependentStability.HessenbergDeterminant	move_candidate	theorem	public	NumStability.hessenberg4NoPivot_det_eq_diag_prod_of_upperHessenberg	749
NumStability.hessenbergDetExampleFirstMultiplier	NumStability.Analysis.ProblemDependentStability	NumStability.Source.Higham.Chapter01.Section16.ProblemDependentStability.Table13IeeeSingle	move_candidate	definition	public	NumStability.hessenbergDetExampleFirstMultiplier	3823
NumStability.hessenbergDetExampleFirstMultiplier_alpha_ten_pow	NumStability.Analysis.ProblemDependentStability	NumStability.Source.Higham.Chapter01.Section16.ProblemDependentStability.Table13IeeeSingle	move_candidate	theorem	public	NumStability.hessenbergDetExampleFirstMultiplier_alpha_ten_pow	3831
NumStability.hessenbergDetExampleFirstMultiplier_eq	NumStability.Analysis.ProblemDependentStability	NumStability.Source.Higham.Chapter01.Section16.ProblemDependentStability.Table13IeeeSingle	move_candidate	theorem	public	NumStability.hessenbergDetExampleFirstMultiplier_eq	3827
NumStability.hessenbergDetExampleMatrix	NumStability.Analysis.ProblemDependentStability	NumStability.Source.Higham.Chapter01.Section16.ProblemDependentStability.ExactExample	move_candidate	definition	public	NumStability.hessenbergDetExampleMatrix	844
NumStability.hessenbergDetExampleMatrixInv	NumStability.Analysis.ProblemDependentStability	NumStability.Source.Higham.Chapter01.Section16.ProblemDependentStability.ExactExample	move_candidate	definition	public	NumStability.hessenbergDetExampleMatrixInv	875
NumStability.hessenbergDetExampleMatrixInv_alpha_ten_pow_infNorm_eq	NumStability.Analysis.ProblemDependentStability	NumStability.Source.Higham.Chapter01.Section16.ProblemDependentStability.ExactExample	move_candidate	theorem	public	NumStability.hessenbergDetExampleMatrixInv_alpha_ten_pow_infNorm_eq	971
NumStability.hessenbergDetExampleMatrixInv_alpha_ten_pow_isInverse	NumStability.Analysis.ProblemDependentStability	NumStability.Source.Higham.Chapter01.Section16.ProblemDependentStability.ExactExample	move_candidate	theorem	public	NumStability.hessenbergDetExampleMatrixInv_alpha_ten_pow_isInverse	921
NumStability.hessenbergDetExampleMatrix_alpha_ten_pow_det_eq	NumStability.Analysis.ProblemDependentStability	NumStability.Source.Higham.Chapter01.Section16.ProblemDependentStability.ExactExample	move_candidate	theorem	public	NumStability.hessenbergDetExampleMatrix_alpha_ten_pow_det_eq	1149
NumStability.hessenbergDetExampleMatrix_alpha_ten_pow_det_near_two	NumStability.Analysis.ProblemDependentStability	NumStability.Source.Higham.Chapter01.Section16.ProblemDependentStability.ExactExample	move_candidate	theorem	public	NumStability.hessenbergDetExampleMatrix_alpha_ten_pow_det_near_two	1161
NumStability.hessenbergDetExampleMatrix_alpha_ten_pow_infNorm_eq	NumStability.Analysis.ProblemDependentStability	NumStability.Source.Higham.Chapter01.Section16.ProblemDependentStability.ExactExample	move_candidate	theorem	public	NumStability.hessenbergDetExampleMatrix_alpha_ten_pow_infNorm_eq	954
NumStability.hessenbergDetExampleMatrix_det_eq	NumStability.Analysis.ProblemDependentStability	NumStability.Source.Higham.Chapter01.Section16.ProblemDependentStability.ExactExample	move_candidate	theorem	public	NumStability.hessenbergDetExampleMatrix_det_eq	1114
NumStability.hessenbergDetExampleMatrix_det_eq_noPivotUDiag_prod	NumStability.Analysis.ProblemDependentStability	NumStability.Source.Higham.Chapter01.Section16.ProblemDependentStability.ExactExample	move_candidate	theorem	public	NumStability.hessenbergDetExampleMatrix_det_eq_noPivotUDiag_prod	1073
NumStability.hessenbergDetExampleNoPivotU	NumStability.Analysis.ProblemDependentStability	NumStability.Source.Higham.Chapter01.Section16.ProblemDependentStability.ExactExample	move_candidate	definition	public	NumStability.hessenbergDetExampleNoPivotU	1025
NumStability.hessenbergDetExampleNoPivotUDiag	NumStability.Analysis.ProblemDependentStability	NumStability.Source.Higham.Chapter01.Section16.ProblemDependentStability.ExactExample	move_candidate	definition	public	NumStability.hessenbergDetExampleNoPivotUDiag	1018
NumStability.hessenbergDetExampleNoPivotUDiag_prod_eq	NumStability.Analysis.ProblemDependentStability	NumStability.Source.Higham.Chapter01.Section16.ProblemDependentStability.ExactExample	move_candidate	theorem	public	NumStability.hessenbergDetExampleNoPivotUDiag_prod_eq	1064
NumStability.hessenbergDetExampleNoPivotU_blockTriangular	NumStability.Analysis.ProblemDependentStability	NumStability.Source.Higham.Chapter01.Section16.ProblemDependentStability.ExactExample	move_candidate	theorem	public	NumStability.hessenbergDetExampleNoPivotU_blockTriangular	1046
NumStability.hessenbergDetExampleNoPivotU_det_eq_diag_prod	NumStability.Analysis.ProblemDependentStability	NumStability.Source.Higham.Chapter01.Section16.ProblemDependentStability.ExactExample	move_candidate	theorem	public	NumStability.hessenbergDetExampleNoPivotU_det_eq_diag_prod	1053
NumStability.hessenbergDetExampleOnes	NumStability.Analysis.ProblemDependentStability	NumStability.Source.Higham.Chapter01.Section16.ProblemDependentStability.ExactExample	move_candidate	definition	public	NumStability.hessenbergDetExampleOnes	864
NumStability.hessenbergDetExampleRhs	NumStability.Analysis.ProblemDependentStability	NumStability.Source.Higham.Chapter01.Section16.ProblemDependentStability.ExactExample	move_candidate	definition	public	NumStability.hessenbergDetExampleRhs	868
NumStability.hessenbergDetExampleRoundedProduct_relError_le_gamma	NumStability.Analysis.ProblemDependentStability	NumStability.Source.Higham.Chapter01.Section16.ProblemDependentStability.ExactExample	move_candidate	theorem	public	NumStability.hessenbergDetExampleRoundedProduct_relError_le_gamma	1123
NumStability.hessenbergDetExampleTable13AltStoredRhs0	NumStability.Analysis.ProblemDependentStability	NumStability.Source.Higham.Chapter01.Section16.ProblemDependentStability.Table13IeeeSingle	move_candidate	definition	public	NumStability.hessenbergDetExampleTable13AltStoredRhs0	3286
NumStability.hessenbergDetExampleTable13AltStoredRhs0_eq_normalizedValue	NumStability.Analysis.ProblemDependentStability	NumStability.Source.Higham.Chapter01.Section16.ProblemDependentStability.Table13IeeeSingle	move_candidate	theorem	public	NumStability.hessenbergDetExampleTable13AltStoredRhs0_eq_normalizedValue	3319
NumStability.hessenbergDetExampleTable13AltStoredRhs0_finiteSystem	NumStability.Analysis.ProblemDependentStability	NumStability.Source.Higham.Chapter01.Section16.ProblemDependentStability.Table13IeeeSingle	move_candidate	theorem	public	NumStability.hessenbergDetExampleTable13AltStoredRhs0_finiteSystem	3292
NumStability.hessenbergDetExampleTable13AltStoredRhs0_gt_neg_three	NumStability.Analysis.ProblemDependentStability	NumStability.Source.Higham.Chapter01.Section16.ProblemDependentStability.Table13IeeeSingle	move_candidate	theorem	public	NumStability.hessenbergDetExampleTable13AltStoredRhs0_gt_neg_three	3313
NumStability.hessenbergDetExampleTable13ComputedDetDisplay	NumStability.Analysis.ProblemDependentStability	NumStability.Source.Higham.Chapter01.Section16.ProblemDependentStability.Table13IeeeSingle	move_candidate	definition	public	NumStability.hessenbergDetExampleTable13ComputedDetDisplay	3269
NumStability.hessenbergDetExampleTable13ComputedSolution	NumStability.Analysis.ProblemDependentStability	NumStability.Source.Higham.Chapter01.Section16.ProblemDependentStability.Table13IeeeSingle	move_candidate	definition	public	NumStability.hessenbergDetExampleTable13ComputedSolution	3251
NumStability.hessenbergDetExampleTable13DetRelativeError	NumStability.Analysis.ProblemDependentStability	NumStability.Source.Higham.Chapter01.Section16.ProblemDependentStability.Table13IeeeSingle	move_candidate	definition	public	NumStability.hessenbergDetExampleTable13DetRelativeError	3273
NumStability.hessenbergDetExampleTable13ExactDetDisplay	NumStability.Analysis.ProblemDependentStability	NumStability.Source.Higham.Chapter01.Section16.ProblemDependentStability.Table13IeeeSingle	move_candidate	definition	public	NumStability.hessenbergDetExampleTable13ExactDetDisplay	3265
NumStability.hessenbergDetExampleTable13IeeeSingleFormat	NumStability.Analysis.ProblemDependentStability	NumStability.Source.Higham.Chapter01.Section16.ProblemDependentStability.Table13IeeeSingle	move_candidate	definition	public	NumStability.hessenbergDetExampleTable13IeeeSingleFormat	1190
NumStability.hessenbergDetExampleTable13IeeeSingle_altRow0SecondSub_finiteSystem	NumStability.Analysis.ProblemDependentStability	NumStability.Source.Higham.Chapter01.Section16.ProblemDependentStability.Table13IeeeSingle	move_candidate	theorem	public	NumStability.hessenbergDetExampleTable13IeeeSingle_altRow0SecondSub_finiteSystem	3378
NumStability.hessenbergDetExampleTable13IeeeSingle_detProduct012_finiteSystem	NumStability.Analysis.ProblemDependentStability	NumStability.Source.Higham.Chapter01.Section16.ProblemDependentStability.Table13IeeeSingle	move_candidate	theorem	public	NumStability.hessenbergDetExampleTable13IeeeSingle_detProduct012_finiteSystem	2262
NumStability.hessenbergDetExampleTable13IeeeSingle_detProduct01_finiteSystem	NumStability.Analysis.ProblemDependentStability	NumStability.Source.Higham.Chapter01.Section16.ProblemDependentStability.Table13IeeeSingle	move_candidate	theorem	public	NumStability.hessenbergDetExampleTable13IeeeSingle_detProduct01_finiteSystem	2241
NumStability.hessenbergDetExampleTable13IeeeSingle_detProduct_finiteSystem	NumStability.Analysis.ProblemDependentStability	NumStability.Source.Higham.Chapter01.Section16.ProblemDependentStability.Table13IeeeSingle	move_candidate	theorem	public	NumStability.hessenbergDetExampleTable13IeeeSingle_detProduct_finiteSystem	2283
NumStability.hessenbergDetExampleTable13IeeeSingle_finalDiag_finiteSystem	NumStability.Analysis.ProblemDependentStability	NumStability.Source.Higham.Chapter01.Section16.ProblemDependentStability.Table13IeeeSingle	move_candidate	theorem	public	NumStability.hessenbergDetExampleTable13IeeeSingle_finalDiag_finiteSystem	2081
NumStability.hessenbergDetExampleTable13IeeeSingle_firstStageDiag_finiteSystem	NumStability.Analysis.ProblemDependentStability	NumStability.Source.Higham.Chapter01.Section16.ProblemDependentStability.Table13IeeeSingle	move_candidate	theorem	public	NumStability.hessenbergDetExampleTable13IeeeSingle_firstStageDiag_finiteSystem	1568
NumStability.hessenbergDetExampleTable13IeeeSingle_firstStageSuper_finiteSystem	NumStability.Analysis.ProblemDependentStability	NumStability.Source.Higham.Chapter01.Section16.ProblemDependentStability.Table13IeeeSingle	move_candidate	theorem	public	NumStability.hessenbergDetExampleTable13IeeeSingle_firstStageSuper_finiteSystem	1588
NumStability.hessenbergDetExampleTable13IeeeSingle_neg_ten_pow_seven_finiteSystem	NumStability.Analysis.ProblemDependentStability	NumStability.Source.Higham.Chapter01.Section16.ProblemDependentStability.Table13IeeeSingle	move_candidate	theorem	public	NumStability.hessenbergDetExampleTable13IeeeSingle_neg_ten_pow_seven_finiteSystem	1559
NumStability.hessenbergDetExampleTable13IeeeSingle_one_finiteSystem	NumStability.Analysis.ProblemDependentStability	NumStability.Source.Higham.Chapter01.Section16.ProblemDependentStability.Table13IeeeSingle	move_candidate	theorem	public	NumStability.hessenbergDetExampleTable13IeeeSingle_one_finiteSystem	1220
NumStability.hessenbergDetExampleTable13IeeeSingle_round_neg_one	NumStability.Analysis.ProblemDependentStability	NumStability.Source.Higham.Chapter01.Section16.ProblemDependentStability.Table13IeeeSingle	move_candidate	theorem	public	NumStability.hessenbergDetExampleTable13IeeeSingle_round_neg_one	1272
NumStability.hessenbergDetExampleTable13IeeeSingle_round_one	NumStability.Analysis.ProblemDependentStability	NumStability.Source.Higham.Chapter01.Section16.ProblemDependentStability.Table13IeeeSingle	move_candidate	theorem	public	NumStability.hessenbergDetExampleTable13IeeeSingle_round_one	1264
NumStability.hessenbergDetExampleTable13IeeeSingle_round_two	NumStability.Analysis.ProblemDependentStability	NumStability.Source.Higham.Chapter01.Section16.ProblemDependentStability.Table13IeeeSingle	move_candidate	theorem	public	NumStability.hessenbergDetExampleTable13IeeeSingle_round_two	1283
NumStability.hessenbergDetExampleTable13IeeeSingle_round_zero	NumStability.Analysis.ProblemDependentStability	NumStability.Source.Higham.Chapter01.Section16.ProblemDependentStability.Table13IeeeSingle	move_candidate	theorem	public	NumStability.hessenbergDetExampleTable13IeeeSingle_round_zero	1256
NumStability.hessenbergDetExampleTable13IeeeSingle_secondRhsProduct_finiteSystem	NumStability.Analysis.ProblemDependentStability	NumStability.Source.Higham.Chapter01.Section16.ProblemDependentStability.Table13IeeeSingle	move_candidate	theorem	public	NumStability.hessenbergDetExampleTable13IeeeSingle_secondRhsProduct_finiteSystem	2609
NumStability.hessenbergDetExampleTable13IeeeSingle_secondStageDiag_finiteSystem	NumStability.Analysis.ProblemDependentStability	NumStability.Source.Higham.Chapter01.Section16.ProblemDependentStability.Table13IeeeSingle	move_candidate	theorem	public	NumStability.hessenbergDetExampleTable13IeeeSingle_secondStageDiag_finiteSystem	1834
NumStability.hessenbergDetExampleTable13IeeeSingle_secondStageProduct_finiteSystem	NumStability.Analysis.ProblemDependentStability	NumStability.Source.Higham.Chapter01.Section16.ProblemDependentStability.Table13IeeeSingle	move_candidate	theorem	public	NumStability.hessenbergDetExampleTable13IeeeSingle_secondStageProduct_finiteSystem	1813
NumStability.hessenbergDetExampleTable13IeeeSingle_secondStageRhs_finiteSystem	NumStability.Analysis.ProblemDependentStability	NumStability.Source.Higham.Chapter01.Section16.ProblemDependentStability.Table13IeeeSingle	move_candidate	theorem	public	NumStability.hessenbergDetExampleTable13IeeeSingle_secondStageRhs_finiteSystem	2630
NumStability.hessenbergDetExampleTable13IeeeSingle_secondStageSuper_finiteSystem	NumStability.Analysis.ProblemDependentStability	NumStability.Source.Higham.Chapter01.Section16.ProblemDependentStability.Table13IeeeSingle	move_candidate	theorem	public	NumStability.hessenbergDetExampleTable13IeeeSingle_secondStageSuper_finiteSystem	1855
NumStability.hessenbergDetExampleTable13IeeeSingle_ten_pow_seven_finiteSystem	NumStability.Analysis.ProblemDependentStability	NumStability.Source.Higham.Chapter01.Section16.ProblemDependentStability.Table13IeeeSingle	move_candidate	theorem	public	NumStability.hessenbergDetExampleTable13IeeeSingle_ten_pow_seven_finiteSystem	1539
NumStability.hessenbergDetExampleTable13IeeeSingle_thirdMultiplier_finiteSystem	NumStability.Analysis.ProblemDependentStability	NumStability.Source.Higham.Chapter01.Section16.ProblemDependentStability.Table13IeeeSingle	move_candidate	theorem	public	NumStability.hessenbergDetExampleTable13IeeeSingle_thirdMultiplier_finiteSystem	2040
NumStability.hessenbergDetExampleTable13IeeeSingle_thirdRhsProduct_finiteSystem	NumStability.Analysis.ProblemDependentStability	NumStability.Source.Higham.Chapter01.Section16.ProblemDependentStability.Table13IeeeSingle	move_candidate	theorem	public	NumStability.hessenbergDetExampleTable13IeeeSingle_thirdRhsProduct_finiteSystem	2651
NumStability.hessenbergDetExampleTable13IeeeSingle_thirdStageProduct_finiteSystem	NumStability.Analysis.ProblemDependentStability	NumStability.Source.Higham.Chapter01.Section16.ProblemDependentStability.Table13IeeeSingle	move_candidate	theorem	public	NumStability.hessenbergDetExampleTable13IeeeSingle_thirdStageProduct_finiteSystem	2061
NumStability.hessenbergDetExampleTable13IeeeSingle_two_finiteSystem	NumStability.Analysis.ProblemDependentStability	NumStability.Source.Higham.Chapter01.Section16.ProblemDependentStability.Table13IeeeSingle	move_candidate	theorem	public	NumStability.hessenbergDetExampleTable13IeeeSingle_two_finiteSystem	1238
NumStability.hessenbergDetExampleTable13Residual	NumStability.Analysis.ProblemDependentStability	NumStability.Source.Higham.Chapter01.Section16.ProblemDependentStability.Table13IeeeSingle	move_candidate	definition	public	NumStability.hessenbergDetExampleTable13Residual	3704
NumStability.hessenbergDetExampleTable13SolutionRelativeError	NumStability.Analysis.ProblemDependentStability	NumStability.Source.Higham.Chapter01.Section16.ProblemDependentStability.Table13IeeeSingle	move_candidate	definition	public	NumStability.hessenbergDetExampleTable13SolutionRelativeError	3261
NumStability.hessenbergDetExampleTable13SourceAlpha	NumStability.Analysis.ProblemDependentStability	NumStability.Source.Higham.Chapter01.Section16.ProblemDependentStability.Table13IeeeSingle	move_candidate	definition	public	NumStability.hessenbergDetExampleTable13SourceAlpha	1196
NumStability.hessenbergDetExampleTable13StoredAlpha	NumStability.Analysis.ProblemDependentStability	NumStability.Source.Higham.Chapter01.Section16.ProblemDependentStability.Table13IeeeSingle	move_candidate	definition	public	NumStability.hessenbergDetExampleTable13StoredAlpha	1200
NumStability.hessenbergDetExampleTable13StoredAlpha_eq	NumStability.Analysis.ProblemDependentStability	NumStability.Source.Higham.Chapter01.Section16.ProblemDependentStability.Table13IeeeSingle	move_candidate	theorem	public	NumStability.hessenbergDetExampleTable13StoredAlpha_eq	1367
NumStability.hessenbergDetExampleTable13StoredAlpha_eq_normalizedValue	NumStability.Analysis.ProblemDependentStability	NumStability.Source.Higham.Chapter01.Section16.ProblemDependentStability.Table13IeeeSingle	move_candidate	theorem	public	NumStability.hessenbergDetExampleTable13StoredAlpha_eq_normalizedValue	1298
NumStability.hessenbergDetExampleTable13StoredAlpha_finiteSystem	NumStability.Analysis.ProblemDependentStability	NumStability.Source.Higham.Chapter01.Section16.ProblemDependentStability.Table13IeeeSingle	move_candidate	theorem	public	NumStability.hessenbergDetExampleTable13StoredAlpha_finiteSystem	1291
NumStability.hessenbergDetExampleTable13StoredAlpha_ne_zero	NumStability.Analysis.ProblemDependentStability	NumStability.Source.Higham.Chapter01.Section16.ProblemDependentStability.Table13IeeeSingle	move_candidate	theorem	public	NumStability.hessenbergDetExampleTable13StoredAlpha_ne_zero	1382
NumStability.hessenbergDetExampleTable13StoredAlpha_pos	NumStability.Analysis.ProblemDependentStability	NumStability.Source.Higham.Chapter01.Section16.ProblemDependentStability.Table13IeeeSingle	move_candidate	theorem	public	NumStability.hessenbergDetExampleTable13StoredAlpha_pos	1376
NumStability.hessenbergDetExampleTable13StoredMatrix	NumStability.Analysis.ProblemDependentStability	NumStability.Source.Higham.Chapter01.Section16.ProblemDependentStability.Table13IeeeSingle	move_candidate	definition	public	NumStability.hessenbergDetExampleTable13StoredMatrix	1207
NumStability.hessenbergDetExampleTable13StoredMatrix_det_eq	NumStability.Analysis.ProblemDependentStability	NumStability.Source.Higham.Chapter01.Section16.ProblemDependentStability.Table13IeeeSingle	move_candidate	theorem	public	NumStability.hessenbergDetExampleTable13StoredMatrix_det_eq	1430
NumStability.hessenbergDetExampleTable13StoredMatrix_det_eq_noPivotUDiag_prod	NumStability.Analysis.ProblemDependentStability	NumStability.Source.Higham.Chapter01.Section16.ProblemDependentStability.Table13IeeeSingle	move_candidate	theorem	public	NumStability.hessenbergDetExampleTable13StoredMatrix_det_eq_noPivotUDiag_prod	1442
NumStability.hessenbergDetExampleTable13StoredMatrix_finalDiag_rounds_to	NumStability.Analysis.ProblemDependentStability	NumStability.Source.Higham.Chapter01.Section16.ProblemDependentStability.Table13IeeeSingle	move_candidate	theorem	public	NumStability.hessenbergDetExampleTable13StoredMatrix_finalDiag_rounds_to	2187
NumStability.hessenbergDetExampleTable13StoredMatrix_finiteSystem	NumStability.Analysis.ProblemDependentStability	NumStability.Source.Higham.Chapter01.Section16.ProblemDependentStability.Table13IeeeSingle	move_candidate	theorem	public	NumStability.hessenbergDetExampleTable13StoredMatrix_finiteSystem	1388
NumStability.hessenbergDetExampleTable13StoredMatrix_firstMultiplier_rounds_to_ten_pow_seven	NumStability.Analysis.ProblemDependentStability	NumStability.Source.Higham.Chapter01.Section16.ProblemDependentStability.Table13IeeeSingle	move_candidate	theorem	public	NumStability.hessenbergDetExampleTable13StoredMatrix_firstMultiplier_rounds_to_ten_pow_seven	1528
NumStability.hessenbergDetExampleTable13StoredMatrix_firstStage_diag11_rounds_to	NumStability.Analysis.ProblemDependentStability	NumStability.Source.Higham.Chapter01.Section16.ProblemDependentStability.Table13IeeeSingle	move_candidate	theorem	public	NumStability.hessenbergDetExampleTable13StoredMatrix_firstStage_diag11_rounds_to	1663
NumStability.hessenbergDetExampleTable13StoredMatrix_firstStage_super12_rounds_to	NumStability.Analysis.ProblemDependentStability	NumStability.Source.Higham.Chapter01.Section16.ProblemDependentStability.Table13IeeeSingle	move_candidate	theorem	public	NumStability.hessenbergDetExampleTable13StoredMatrix_firstStage_super12_rounds_to	1680
NumStability.hessenbergDetExampleTable13StoredMatrix_firstStage_super13_rounds_to	NumStability.Analysis.ProblemDependentStability	NumStability.Source.Higham.Chapter01.Section16.ProblemDependentStability.Table13IeeeSingle	move_candidate	theorem	public	NumStability.hessenbergDetExampleTable13StoredMatrix_firstStage_super13_rounds_to	1697
NumStability.hessenbergDetExampleTable13StoredMatrix_isUpperHessenberg	NumStability.Analysis.ProblemDependentStability	NumStability.Source.Higham.Chapter01.Section16.ProblemDependentStability.Table13IeeeSingle	move_candidate	theorem	public	NumStability.hessenbergDetExampleTable13StoredMatrix_isUpperHessenberg	1416
NumStability.hessenbergDetExampleTable13StoredMatrix_pivot0_ne_zero	NumStability.Analysis.ProblemDependentStability	NumStability.Source.Higham.Chapter01.Section16.ProblemDependentStability.Table13IeeeSingle	move_candidate	theorem	public	NumStability.hessenbergDetExampleTable13StoredMatrix_pivot0_ne_zero	1423
NumStability.hessenbergDetExampleTable13StoredMatrix_secondMultiplier_rounds_to	NumStability.Analysis.ProblemDependentStability	NumStability.Source.Higham.Chapter01.Section16.ProblemDependentStability.Table13IeeeSingle	move_candidate	theorem	public	NumStability.hessenbergDetExampleTable13StoredMatrix_secondMultiplier_rounds_to	1795
NumStability.hessenbergDetExampleTable13StoredMatrix_secondStage_diag22_rounds_to	NumStability.Analysis.ProblemDependentStability	NumStability.Source.Higham.Chapter01.Section16.ProblemDependentStability.Table13IeeeSingle	move_candidate	theorem	public	NumStability.hessenbergDetExampleTable13StoredMatrix_secondStage_diag22_rounds_to	1980
NumStability.hessenbergDetExampleTable13StoredMatrix_secondStage_super23_rounds_to	NumStability.Analysis.ProblemDependentStability	NumStability.Source.Higham.Chapter01.Section16.ProblemDependentStability.Table13IeeeSingle	move_candidate	theorem	public	NumStability.hessenbergDetExampleTable13StoredMatrix_secondStage_super23_rounds_to	2010
NumStability.hessenbergDetExampleTable13StoredMatrix_thirdMultiplier_rounds_to	NumStability.Analysis.ProblemDependentStability	NumStability.Source.Higham.Chapter01.Section16.ProblemDependentStability.Table13IeeeSingle	move_candidate	theorem	public	NumStability.hessenbergDetExampleTable13StoredMatrix_thirdMultiplier_rounds_to	2157
NumStability.hessenbergDetExampleTable13StoredRhs	NumStability.Analysis.ProblemDependentStability	NumStability.Source.Higham.Chapter01.Section16.ProblemDependentStability.Table13IeeeSingle	move_candidate	definition	public	NumStability.hessenbergDetExampleTable13StoredRhs	1214
NumStability.hessenbergDetExampleTable13StoredRhs0_eq_neg_three	NumStability.Analysis.ProblemDependentStability	NumStability.Source.Higham.Chapter01.Section16.ProblemDependentStability.Table13IeeeSingle	move_candidate	theorem	public	NumStability.hessenbergDetExampleTable13StoredRhs0_eq_neg_three	2524
NumStability.hessenbergDetExampleTable13StoredRhs0_lt_altStoredRhs0	NumStability.Analysis.ProblemDependentStability	NumStability.Source.Higham.Chapter01.Section16.ProblemDependentStability.Table13IeeeSingle	move_candidate	theorem	public	NumStability.hessenbergDetExampleTable13StoredRhs0_lt_altStoredRhs0	3363
NumStability.hessenbergDetExampleTable13StoredRhs0_ne_altStoredRhs0	NumStability.Analysis.ProblemDependentStability	NumStability.Source.Higham.Chapter01.Section16.ProblemDependentStability.Table13IeeeSingle	move_candidate	theorem	public	NumStability.hessenbergDetExampleTable13StoredRhs0_ne_altStoredRhs0	3371
NumStability.hessenbergDetExampleTable13StoredRhs_finalStage_rhs3_rounds_to	NumStability.Analysis.ProblemDependentStability	NumStability.Source.Higham.Chapter01.Section16.ProblemDependentStability.Table13IeeeSingle	move_candidate	theorem	public	NumStability.hessenbergDetExampleTable13StoredRhs_finalStage_rhs3_rounds_to	2826
NumStability.hessenbergDetExampleTable13StoredRhs_finiteSystem	NumStability.Analysis.ProblemDependentStability	NumStability.Source.Higham.Chapter01.Section16.ProblemDependentStability.Table13IeeeSingle	move_candidate	theorem	public	NumStability.hessenbergDetExampleTable13StoredRhs_finiteSystem	1396
NumStability.hessenbergDetExampleTable13StoredRhs_firstStage_rhs1_rounds_to	NumStability.Analysis.ProblemDependentStability	NumStability.Source.Higham.Chapter01.Section16.ProblemDependentStability.Table13IeeeSingle	move_candidate	theorem	public	NumStability.hessenbergDetExampleTable13StoredRhs_firstStage_rhs1_rounds_to	2591
NumStability.hessenbergDetExampleTable13StoredRhs_secondStage_rhs2_rounds_to	NumStability.Analysis.ProblemDependentStability	NumStability.Source.Higham.Chapter01.Section16.ProblemDependentStability.Table13IeeeSingle	move_candidate	theorem	public	NumStability.hessenbergDetExampleTable13StoredRhs_secondStage_rhs2_rounds_to	2758
NumStability.hessenbergDetExampleTable13_altRhsBackSub_first_component_matches_printed	NumStability.Analysis.ProblemDependentStability	NumStability.Source.Higham.Chapter01.Section16.ProblemDependentStability.Table13IeeeSingle	move_candidate	theorem	public	NumStability.hessenbergDetExampleTable13_altRhsBackSub_first_component_matches_printed	3559
NumStability.hessenbergDetExampleTable13_altRhsBackSub_row0_div_rounds_to	NumStability.Analysis.ProblemDependentStability	NumStability.Source.Higham.Chapter01.Section16.ProblemDependentStability.Table13IeeeSingle	move_candidate	theorem	public	NumStability.hessenbergDetExampleTable13_altRhsBackSub_row0_div_rounds_to	3457
NumStability.hessenbergDetExampleTable13_altRhsBackSub_row0_firstSub_rounds_to	NumStability.Analysis.ProblemDependentStability	NumStability.Source.Higham.Chapter01.Section16.ProblemDependentStability.Table13IeeeSingle	move_candidate	theorem	public	NumStability.hessenbergDetExampleTable13_altRhsBackSub_row0_firstSub_rounds_to	3399
NumStability.hessenbergDetExampleTable13_altRhsBackSub_row0_secondSub_rounds_to	NumStability.Analysis.ProblemDependentStability	NumStability.Source.Higham.Chapter01.Section16.ProblemDependentStability.Table13IeeeSingle	move_candidate	theorem	public	NumStability.hessenbergDetExampleTable13_altRhsBackSub_row0_secondSub_rounds_to	3419
NumStability.hessenbergDetExampleTable13_altRhsBackSub_row0_thirdSub_rounds_to	NumStability.Analysis.ProblemDependentStability	NumStability.Source.Higham.Chapter01.Section16.ProblemDependentStability.Table13IeeeSingle	move_candidate	theorem	public	NumStability.hessenbergDetExampleTable13_altRhsBackSub_row0_thirdSub_rounds_to	3438
NumStability.hessenbergDetExampleTable13_altRhsBackSub_x0_rounds_to_printed_float	NumStability.Analysis.ProblemDependentStability	NumStability.Source.Higham.Chapter01.Section16.ProblemDependentStability.Table13IeeeSingle	move_candidate	theorem	public	NumStability.hessenbergDetExampleTable13_altRhsBackSub_x0_rounds_to_printed_float	3525
NumStability.hessenbergDetExampleTable13_backSub_row0_firstSub_rounds_to	NumStability.Analysis.ProblemDependentStability	NumStability.Source.Higham.Chapter01.Section16.ProblemDependentStability.Table13IeeeSingle	move_candidate	theorem	public	NumStability.hessenbergDetExampleTable13_backSub_row0_firstSub_rounds_to	3120
NumStability.hessenbergDetExampleTable13_backSub_row0_product_rounds_to	NumStability.Analysis.ProblemDependentStability	NumStability.Source.Higham.Chapter01.Section16.ProblemDependentStability.Table13IeeeSingle	move_candidate	theorem	public	NumStability.hessenbergDetExampleTable13_backSub_row0_product_rounds_to	3100
NumStability.hessenbergDetExampleTable13_backSub_row0_secondSub_rounds_to	NumStability.Analysis.ProblemDependentStability	NumStability.Source.Higham.Chapter01.Section16.ProblemDependentStability.Table13IeeeSingle	move_candidate	theorem	public	NumStability.hessenbergDetExampleTable13_backSub_row0_secondSub_rounds_to	3140
NumStability.hessenbergDetExampleTable13_backSub_row0_thirdSub_rounds_to	NumStability.Analysis.ProblemDependentStability	NumStability.Source.Higham.Chapter01.Section16.ProblemDependentStability.Table13IeeeSingle	move_candidate	theorem	public	NumStability.hessenbergDetExampleTable13_backSub_row0_thirdSub_rounds_to	3160
NumStability.hessenbergDetExampleTable13_backSub_row1_firstSub_rounds_to	NumStability.Analysis.ProblemDependentStability	NumStability.Source.Higham.Chapter01.Section16.ProblemDependentStability.Table13IeeeSingle	move_candidate	theorem	public	NumStability.hessenbergDetExampleTable13_backSub_row1_firstSub_rounds_to	2975
NumStability.hessenbergDetExampleTable13_backSub_row1_product_rounds_to	NumStability.Analysis.ProblemDependentStability	NumStability.Source.Higham.Chapter01.Section16.ProblemDependentStability.Table13IeeeSingle	move_candidate	theorem	public	NumStability.hessenbergDetExampleTable13_backSub_row1_product_rounds_to	2958
NumStability.hessenbergDetExampleTable13_backSub_row1_secondSub_rounds_to	NumStability.Analysis.ProblemDependentStability	NumStability.Source.Higham.Chapter01.Section16.ProblemDependentStability.Table13IeeeSingle	move_candidate	theorem	public	NumStability.hessenbergDetExampleTable13_backSub_row1_secondSub_rounds_to	3046
NumStability.hessenbergDetExampleTable13_backSub_row2_product_rounds_to	NumStability.Analysis.ProblemDependentStability	NumStability.Source.Higham.Chapter01.Section16.ProblemDependentStability.Table13IeeeSingle	move_candidate	theorem	public	NumStability.hessenbergDetExampleTable13_backSub_row2_product_rounds_to	2893
NumStability.hessenbergDetExampleTable13_backSub_row2_sub_rounds_to	NumStability.Analysis.ProblemDependentStability	NumStability.Source.Higham.Chapter01.Section16.ProblemDependentStability.Table13IeeeSingle	move_candidate	theorem	public	NumStability.hessenbergDetExampleTable13_backSub_row2_sub_rounds_to	2910
NumStability.hessenbergDetExampleTable13_backSub_x0_rounds_to_zero	NumStability.Analysis.ProblemDependentStability	NumStability.Source.Higham.Chapter01.Section16.ProblemDependentStability.Table13IeeeSingle	move_candidate	theorem	public	NumStability.hessenbergDetExampleTable13_backSub_x0_rounds_to_zero	3179
NumStability.hessenbergDetExampleTable13_backSub_x1_rounds_to_one	NumStability.Analysis.ProblemDependentStability	NumStability.Source.Higham.Chapter01.Section16.ProblemDependentStability.Table13IeeeSingle	move_candidate	theorem	public	NumStability.hessenbergDetExampleTable13_backSub_x1_rounds_to_one	3066
NumStability.hessenbergDetExampleTable13_backSub_x2_rounds_to_one	NumStability.Analysis.ProblemDependentStability	NumStability.Source.Higham.Chapter01.Section16.ProblemDependentStability.Table13IeeeSingle	move_candidate	theorem	public	NumStability.hessenbergDetExampleTable13_backSub_x2_rounds_to_one	2930
NumStability.hessenbergDetExampleTable13_backSub_x3_rounds_to_one	NumStability.Analysis.ProblemDependentStability	NumStability.Source.Higham.Chapter01.Section16.ProblemDependentStability.Table13IeeeSingle	move_candidate	theorem	public	NumStability.hessenbergDetExampleTable13_backSub_x3_rounds_to_one	2873
NumStability.hessenbergDetExampleTable13_computedSolution_infNorm_eq	NumStability.Analysis.ProblemDependentStability	NumStability.Source.Higham.Chapter01.Section16.ProblemDependentStability.Table13IeeeSingle	move_candidate	theorem	public	NumStability.hessenbergDetExampleTable13_computedSolution_infNorm_eq	3743
NumStability.hessenbergDetExampleTable13_computedSolution_rows	NumStability.Analysis.ProblemDependentStability	NumStability.Source.Higham.Chapter01.Section16.ProblemDependentStability.Table13IeeeSingle	move_candidate	theorem	public	NumStability.hessenbergDetExampleTable13_computedSolution_rows	3587
NumStability.hessenbergDetExampleTable13_detProduct_computedDisplay_near	NumStability.Analysis.ProblemDependentStability	NumStability.Source.Higham.Chapter01.Section16.ProblemDependentStability.Table13IeeeSingle	move_candidate	theorem	public	NumStability.hessenbergDetExampleTable13_detProduct_computedDisplay_near	3616
NumStability.hessenbergDetExampleTable13_detProduct_leftToRight_rounds_to	NumStability.Analysis.ProblemDependentStability	NumStability.Source.Higham.Chapter01.Section16.ProblemDependentStability.Table13IeeeSingle	move_candidate	theorem	public	NumStability.hessenbergDetExampleTable13_detProduct_leftToRight_rounds_to	2413
NumStability.hessenbergDetExampleTable13_detProduct_relError_eq	NumStability.Analysis.ProblemDependentStability	NumStability.Source.Higham.Chapter01.Section16.ProblemDependentStability.Table13IeeeSingle	move_candidate	theorem	public	NumStability.hessenbergDetExampleTable13_detProduct_relError_eq	2427
NumStability.hessenbergDetExampleTable13_detProduct_relError_matches_display	NumStability.Analysis.ProblemDependentStability	NumStability.Source.Higham.Chapter01.Section16.ProblemDependentStability.Table13IeeeSingle	move_candidate	theorem	public	NumStability.hessenbergDetExampleTable13_detProduct_relError_matches_display	3624
NumStability.hessenbergDetExampleTable13_det_relative_error_lt_two_eight	NumStability.Analysis.ProblemDependentStability	NumStability.Source.Higham.Chapter01.Section16.ProblemDependentStability.Table13IeeeSingle	move_candidate	theorem	public	NumStability.hessenbergDetExampleTable13_det_relative_error_lt_two_eight	3698
NumStability.hessenbergDetExampleTable13_det_rows	NumStability.Analysis.ProblemDependentStability	NumStability.Source.Higham.Chapter01.Section16.ProblemDependentStability.Table13IeeeSingle	move_candidate	theorem	public	NumStability.hessenbergDetExampleTable13_det_rows	3606
NumStability.hessenbergDetExampleTable13_exactSolution_infNorm_eq	NumStability.Analysis.ProblemDependentStability	NumStability.Source.Higham.Chapter01.Section16.ProblemDependentStability.Table13IeeeSingle	move_candidate	theorem	public	NumStability.hessenbergDetExampleTable13_exactSolution_infNorm_eq	3637
NumStability.hessenbergDetExampleTable13_exactSolution_rows	NumStability.Analysis.ProblemDependentStability	NumStability.Source.Higham.Chapter01.Section16.ProblemDependentStability.Table13IeeeSingle	move_candidate	theorem	public	NumStability.hessenbergDetExampleTable13_exactSolution_rows	3597
NumStability.hessenbergDetExampleTable13_first_component_abs_error_gt_one	NumStability.Analysis.ProblemDependentStability	NumStability.Source.Higham.Chapter01.Section16.ProblemDependentStability.Table13IeeeSingle	move_candidate	theorem	public	NumStability.hessenbergDetExampleTable13_first_component_abs_error_gt_one	3683
NumStability.hessenbergDetExampleTable13_neg_three_altStoredRhs0_adjacent	NumStability.Analysis.ProblemDependentStability	NumStability.Source.Higham.Chapter01.Section16.ProblemDependentStability.Table13IeeeSingle	move_candidate	theorem	public	NumStability.hessenbergDetExampleTable13_neg_three_altStoredRhs0_adjacent	3330
NumStability.hessenbergDetExampleTable13_residual_infNorm_eq	NumStability.Analysis.ProblemDependentStability	NumStability.Source.Higham.Chapter01.Section16.ProblemDependentStability.Table13IeeeSingle	move_candidate	theorem	public	NumStability.hessenbergDetExampleTable13_residual_infNorm_eq	3758
NumStability.hessenbergDetExampleTable13_residual_rows	NumStability.Analysis.ProblemDependentStability	NumStability.Source.Higham.Chapter01.Section16.ProblemDependentStability.Table13IeeeSingle	move_candidate	theorem	public	NumStability.hessenbergDetExampleTable13_residual_rows	3714
NumStability.hessenbergDetExampleTable13_round_detProduct012_mul_finalDiag	NumStability.Analysis.ProblemDependentStability	NumStability.Source.Higham.Chapter01.Section16.ProblemDependentStability.Table13IeeeSingle	move_candidate	theorem	public	NumStability.hessenbergDetExampleTable13_round_detProduct012_mul_finalDiag	2394
NumStability.hessenbergDetExampleTable13_round_detProduct01_mul_secondStageDiag	NumStability.Analysis.ProblemDependentStability	NumStability.Source.Higham.Chapter01.Section16.ProblemDependentStability.Table13IeeeSingle	move_candidate	theorem	public	NumStability.hessenbergDetExampleTable13_round_detProduct01_mul_secondStageDiag	2374
NumStability.hessenbergDetExampleTable13_round_neg_one_sub_neg_ten_pow_seven	NumStability.Analysis.ProblemDependentStability	NumStability.Source.Higham.Chapter01.Section16.ProblemDependentStability.Table13IeeeSingle	move_candidate	theorem	public	NumStability.hessenbergDetExampleTable13_round_neg_one_sub_neg_ten_pow_seven	1644
NumStability.hessenbergDetExampleTable13_round_neg_one_sub_secondStageProduct	NumStability.Analysis.ProblemDependentStability	NumStability.Source.Higham.Chapter01.Section16.ProblemDependentStability.Table13IeeeSingle	move_candidate	theorem	public	NumStability.hessenbergDetExampleTable13_round_neg_one_sub_secondStageProduct	1962
NumStability.hessenbergDetExampleTable13_round_one_div_firstStageDiag	NumStability.Analysis.ProblemDependentStability	NumStability.Source.Higham.Chapter01.Section16.ProblemDependentStability.Table13IeeeSingle	move_candidate	theorem	public	NumStability.hessenbergDetExampleTable13_round_one_div_firstStageDiag	1785
NumStability.hessenbergDetExampleTable13_round_one_div_firstStageDiag_eq_normalizedValue	NumStability.Analysis.ProblemDependentStability	NumStability.Source.Higham.Chapter01.Section16.ProblemDependentStability.Table13IeeeSingle	move_candidate	theorem	public	NumStability.hessenbergDetExampleTable13_round_one_div_firstStageDiag_eq_normalizedValue	1714
NumStability.hessenbergDetExampleTable13_round_one_div_secondStageDiag	NumStability.Analysis.ProblemDependentStability	NumStability.Source.Higham.Chapter01.Section16.ProblemDependentStability.Table13IeeeSingle	move_candidate	theorem	public	NumStability.hessenbergDetExampleTable13_round_one_div_secondStageDiag	2101
NumStability.hessenbergDetExampleTable13_round_one_div_storedAlpha	NumStability.Analysis.ProblemDependentStability	NumStability.Source.Higham.Chapter01.Section16.ProblemDependentStability.Table13IeeeSingle	move_candidate	theorem	public	NumStability.hessenbergDetExampleTable13_round_one_div_storedAlpha	1457
NumStability.hessenbergDetExampleTable13_round_one_sub_neg_ten_pow_seven	NumStability.Analysis.ProblemDependentStability	NumStability.Source.Higham.Chapter01.Section16.ProblemDependentStability.Table13IeeeSingle	move_candidate	theorem	public	NumStability.hessenbergDetExampleTable13_round_one_sub_neg_ten_pow_seven	1625
NumStability.hessenbergDetExampleTable13_round_one_sub_secondRhsProduct	NumStability.Analysis.ProblemDependentStability	NumStability.Source.Higham.Chapter01.Section16.ProblemDependentStability.Table13IeeeSingle	move_candidate	theorem	public	NumStability.hessenbergDetExampleTable13_round_one_sub_secondRhsProduct	2740
NumStability.hessenbergDetExampleTable13_round_one_sub_secondStageProduct	NumStability.Analysis.ProblemDependentStability	NumStability.Source.Higham.Chapter01.Section16.ProblemDependentStability.Table13IeeeSingle	move_candidate	theorem	public	NumStability.hessenbergDetExampleTable13_round_one_sub_secondStageProduct	1945
NumStability.hessenbergDetExampleTable13_round_one_sub_thirdStageProduct	NumStability.Analysis.ProblemDependentStability	NumStability.Source.Higham.Chapter01.Section16.ProblemDependentStability.Table13IeeeSingle	move_candidate	theorem	public	NumStability.hessenbergDetExampleTable13_round_one_sub_thirdStageProduct	2138
NumStability.hessenbergDetExampleTable13_round_secondMultiplier_mul_firstStageRhs	NumStability.Analysis.ProblemDependentStability	NumStability.Source.Higham.Chapter01.Section16.ProblemDependentStability.Table13IeeeSingle	move_candidate	theorem	public	NumStability.hessenbergDetExampleTable13_round_secondMultiplier_mul_firstStageRhs	2671
NumStability.hessenbergDetExampleTable13_round_secondMultiplier_mul_firstStageSuper	NumStability.Analysis.ProblemDependentStability	NumStability.Source.Higham.Chapter01.Section16.ProblemDependentStability.Table13IeeeSingle	move_candidate	theorem	public	NumStability.hessenbergDetExampleTable13_round_secondMultiplier_mul_firstStageSuper	1876
NumStability.hessenbergDetExampleTable13_round_sourceAlpha_sub_three	NumStability.Analysis.ProblemDependentStability	NumStability.Source.Higham.Chapter01.Section16.ProblemDependentStability.Table13IeeeSingle	move_candidate	theorem	public	NumStability.hessenbergDetExampleTable13_round_sourceAlpha_sub_three	2456
NumStability.hessenbergDetExampleTable13_round_storedAlpha_mul_firstStageDiag	NumStability.Analysis.ProblemDependentStability	NumStability.Source.Higham.Chapter01.Section16.ProblemDependentStability.Table13IeeeSingle	move_candidate	theorem	public	NumStability.hessenbergDetExampleTable13_round_storedAlpha_mul_firstStageDiag	2304
NumStability.hessenbergDetExampleTable13_round_ten_pow_seven_mul_neg_one	NumStability.Analysis.ProblemDependentStability	NumStability.Source.Higham.Chapter01.Section16.ProblemDependentStability.Table13IeeeSingle	move_candidate	theorem	public	NumStability.hessenbergDetExampleTable13_round_ten_pow_seven_mul_neg_one	1608
NumStability.hessenbergDetExampleTable13_round_ten_pow_seven_mul_neg_three	NumStability.Analysis.ProblemDependentStability	NumStability.Source.Higham.Chapter01.Section16.ProblemDependentStability.Table13IeeeSingle	move_candidate	theorem	public	NumStability.hessenbergDetExampleTable13_round_ten_pow_seven_mul_neg_three	2531
NumStability.hessenbergDetExampleTable13_round_thirdMultiplier_mul_secondStageRhs	NumStability.Analysis.ProblemDependentStability	NumStability.Source.Higham.Chapter01.Section16.ProblemDependentStability.Table13IeeeSingle	move_candidate	theorem	public	NumStability.hessenbergDetExampleTable13_round_thirdMultiplier_mul_secondStageRhs	2788
NumStability.hessenbergDetExampleTable13_round_thirdMultiplier_mul_secondStageSuper	NumStability.Analysis.ProblemDependentStability	NumStability.Source.Higham.Chapter01.Section16.ProblemDependentStability.Table13IeeeSingle	move_candidate	theorem	public	NumStability.hessenbergDetExampleTable13_round_thirdMultiplier_mul_secondStageSuper	2121
NumStability.hessenbergDetExampleTable13_round_two_sub_thirdRhsProduct	NumStability.Analysis.ProblemDependentStability	NumStability.Source.Higham.Chapter01.Section16.ProblemDependentStability.Table13IeeeSingle	move_candidate	theorem	public	NumStability.hessenbergDetExampleTable13_round_two_sub_thirdRhsProduct	2807
NumStability.hessenbergDetExampleTable13_round_zero_sub_neg_thirty_million	NumStability.Analysis.ProblemDependentStability	NumStability.Source.Higham.Chapter01.Section16.ProblemDependentStability.Table13IeeeSingle	move_candidate	theorem	public	NumStability.hessenbergDetExampleTable13_round_zero_sub_neg_thirty_million	2560
NumStability.hessenbergDetExampleTable13_scaled_residual_eq	NumStability.Analysis.ProblemDependentStability	NumStability.Source.Higham.Chapter01.Section16.ProblemDependentStability.Table13IeeeSingle	move_candidate	theorem	public	NumStability.hessenbergDetExampleTable13_scaled_residual_eq	3776
NumStability.hessenbergDetExampleTable13_scaled_residual_gt_one_tenth	NumStability.Analysis.ProblemDependentStability	NumStability.Source.Higham.Chapter01.Section16.ProblemDependentStability.Table13IeeeSingle	move_candidate	theorem	public	NumStability.hessenbergDetExampleTable13_scaled_residual_gt_one_tenth	3788
NumStability.hessenbergDetExampleTable13_solutionError_infNorm_eq	NumStability.Analysis.ProblemDependentStability	NumStability.Source.Higham.Chapter01.Section16.ProblemDependentStability.Table13IeeeSingle	move_candidate	theorem	public	NumStability.hessenbergDetExampleTable13_solutionError_infNorm_eq	3649
NumStability.hessenbergDetExampleTable13_solution_relative_error_eq	NumStability.Analysis.ProblemDependentStability	NumStability.Source.Higham.Chapter01.Section16.ProblemDependentStability.Table13IeeeSingle	move_candidate	theorem	public	NumStability.hessenbergDetExampleTable13_solution_relative_error_eq	3671
NumStability.hessenbergDetExampleTable13_solution_relative_error_gt_one	NumStability.Analysis.ProblemDependentStability	NumStability.Source.Higham.Chapter01.Section16.ProblemDependentStability.Table13IeeeSingle	move_candidate	theorem	public	NumStability.hessenbergDetExampleTable13_solution_relative_error_gt_one	3693
NumStability.hessenbergDetExampleTable13_standardBackSubSolution_rows	NumStability.Analysis.ProblemDependentStability	NumStability.Source.Higham.Chapter01.Section16.ProblemDependentStability.Table13IeeeSingle	move_candidate	theorem	public	NumStability.hessenbergDetExampleTable13_standardBackSubSolution_rows	3222
NumStability.hessenbergDetExampleTable13_standardBackSub_first_component_ne_printed	NumStability.Analysis.ProblemDependentStability	NumStability.Source.Higham.Chapter01.Section16.ProblemDependentStability.Table13IeeeSingle	move_candidate	theorem	public	NumStability.hessenbergDetExampleTable13_standardBackSub_first_component_ne_printed	3280
NumStability.hessenbergDetExampleTable13_storedMatrix_eq_storedAlpha_matrix	NumStability.Analysis.ProblemDependentStability	NumStability.Source.Higham.Chapter01.Section16.ProblemDependentStability.Table13IeeeSingle	move_candidate	theorem	public	NumStability.hessenbergDetExampleTable13_storedMatrix_eq_storedAlpha_matrix	1404
NumStability.hessenbergDetExampleTable13_storedRhs_rows	NumStability.Analysis.ProblemDependentStability	NumStability.Source.Higham.Chapter01.Section16.ProblemDependentStability.Table13IeeeSingle	move_candidate	theorem	public	NumStability.hessenbergDetExampleTable13_storedRhs_rows	2438
NumStability.hessenbergDetExample_alpha_ten_pow_exact_table_baseline	NumStability.Analysis.ProblemDependentStability	NumStability.Source.Higham.Chapter01.Section16.ProblemDependentStability.ExactExample	move_candidate	theorem	public	NumStability.hessenbergDetExample_alpha_ten_pow_exact_table_baseline	1171
NumStability.hessenbergDetExample_alpha_ten_pow_roundedProduct_relError_le_gamma	NumStability.Analysis.ProblemDependentStability	NumStability.Source.Higham.Chapter01.Section16.ProblemDependentStability.Table13IeeeSingle	move_candidate	theorem	public	NumStability.hessenbergDetExample_alpha_ten_pow_roundedProduct_relError_le_gamma	3799
NumStability.hessenbergDetExample_isUpperHessenberg	NumStability.Analysis.ProblemDependentStability	NumStability.Source.Higham.Chapter01.Section16.ProblemDependentStability.ExactExample	move_candidate	theorem	public	NumStability.hessenbergDetExample_isUpperHessenberg	896
NumStability.hessenbergDetExample_kappaInfProduct_alpha_ten_pow_eq	NumStability.Analysis.ProblemDependentStability	NumStability.Source.Higham.Chapter01.Section16.ProblemDependentStability.ExactExample	move_candidate	theorem	public	NumStability.hessenbergDetExample_kappaInfProduct_alpha_ten_pow_eq	999
NumStability.hessenbergDetExample_kappaInfProduct_alpha_ten_pow_near_sixteen	NumStability.Analysis.ProblemDependentStability	NumStability.Source.Higham.Chapter01.Section16.ProblemDependentStability.ExactExample	move_candidate	theorem	public	NumStability.hessenbergDetExample_kappaInfProduct_alpha_ten_pow_near_sixteen	1009
NumStability.hessenbergDetExample_mul_ones	NumStability.Analysis.ProblemDependentStability	NumStability.Source.Higham.Chapter01.Section16.ProblemDependentStability.ExactExample	move_candidate	theorem	public	NumStability.hessenbergDetExample_mul_ones	903
NumStability.hessenbergDetExample_ones_solves_rhs	NumStability.Analysis.ProblemDependentStability	NumStability.Source.Higham.Chapter01.Section16.ProblemDependentStability.ExactExample	move_candidate	theorem	public	NumStability.hessenbergDetExample_ones_solves_rhs	915
NumStability.hessenbergDetRoundedProduct	NumStability.Analysis.ProblemDependentStability	NumStability.Analysis.ProblemDependentStability.HessenbergDeterminant	move_candidate	definition	public	NumStability.hessenbergDetRoundedProduct	305
NumStability.hessenbergDetRoundedProduct_relError_eq	NumStability.Analysis.ProblemDependentStability	NumStability.Analysis.ProblemDependentStability.HessenbergDeterminant	move_candidate	theorem	public	NumStability.hessenbergDetRoundedProduct_relError_eq	322
NumStability.hessenbergDetRoundedProduct_relError_le_gamma	NumStability.Analysis.ProblemDependentStability	NumStability.Analysis.ProblemDependentStability.HessenbergDeterminant	move_candidate	theorem	public	NumStability.hessenbergDetRoundedProduct_relError_le_gamma	334
NumStability.hessenbergDetRoundedProduct_relError_le_gamma_of_det_eq_diag_prod	NumStability.Analysis.ProblemDependentStability	NumStability.Analysis.ProblemDependentStability.HessenbergDeterminant	move_candidate	theorem	public	NumStability.hessenbergDetRoundedProduct_relError_le_gamma_of_det_eq_diag_prod	353
NumStability.hessenbergDetRoundedProduct_signedRelError	NumStability.Analysis.ProblemDependentStability	NumStability.Analysis.ProblemDependentStability.HessenbergDeterminant	move_candidate	theorem	public	NumStability.hessenbergDetRoundedProduct_signedRelError	311
NumStability.hessenbergDiagExactStep	NumStability.Analysis.ProblemDependentStability	NumStability.Analysis.ProblemDependentStability.HessenbergDeterminant	move_candidate	definition	public	NumStability.hessenbergDiagExactStep	32
NumStability.hessenbergDiagRoundedStep	NumStability.Analysis.ProblemDependentStability	NumStability.Analysis.ProblemDependentStability.HessenbergDeterminant	move_candidate	definition	public	NumStability.hessenbergDiagRoundedStep	39
NumStability.hessenbergDiagRoundedStep_eq_entrywisePerturbedExactStep	NumStability.Analysis.ProblemDependentStability	NumStability.Analysis.ProblemDependentStability.HessenbergDeterminant	move_candidate	theorem	public	NumStability.hessenbergDiagRoundedStep_eq_entrywisePerturbedExactStep	270
NumStability.hessenbergDiagRoundedStep_eq_perturbed_exactStep	NumStability.Analysis.ProblemDependentStability	NumStability.Analysis.ProblemDependentStability.HessenbergDeterminant	move_candidate	theorem	public	NumStability.hessenbergDiagRoundedStep_eq_perturbed_exactStep	60
NumStability.hessenbergEntrywisePerturbation	NumStability.Analysis.ProblemDependentStability	NumStability.Analysis.ProblemDependentStability.HessenbergDeterminant	move_candidate	definition	public	NumStability.hessenbergEntrywisePerturbation	73
NumStability.hessenbergEntrywisePerturbation_abs_error_le_gamma_three	NumStability.Analysis.ProblemDependentStability	NumStability.Analysis.ProblemDependentStability.HessenbergDeterminant	move_candidate	theorem	public	NumStability.hessenbergEntrywisePerturbation_abs_error_le_gamma_three	238
NumStability.hessenbergEntrywisePerturbation_diag	NumStability.Analysis.ProblemDependentStability	NumStability.Analysis.ProblemDependentStability.HessenbergDeterminant	move_candidate	theorem	public	NumStability.hessenbergEntrywisePerturbation_diag	87
NumStability.hessenbergEntrywisePerturbation_diag_abs_error_le	NumStability.Analysis.ProblemDependentStability	NumStability.Analysis.ProblemDependentStability.HessenbergDeterminant	move_candidate	theorem	public	NumStability.hessenbergEntrywisePerturbation_diag_abs_error_le	167
NumStability.hessenbergEntrywisePerturbation_diag_signedRelErrorWitness	NumStability.Analysis.ProblemDependentStability	NumStability.Analysis.ProblemDependentStability.HessenbergDeterminant	move_candidate	theorem	public	NumStability.hessenbergEntrywisePerturbation_diag_signedRelErrorWitness	157
NumStability.hessenbergEntrywisePerturbation_isUpperHessenberg	NumStability.Analysis.ProblemDependentStability	NumStability.Analysis.ProblemDependentStability.HessenbergDeterminant	move_candidate	theorem	public	NumStability.hessenbergEntrywisePerturbation_isUpperHessenberg	137
NumStability.hessenbergEntrywisePerturbation_subdiag	NumStability.Analysis.ProblemDependentStability	NumStability.Analysis.ProblemDependentStability.HessenbergDeterminant	move_candidate	theorem	public	NumStability.hessenbergEntrywisePerturbation_subdiag	94
NumStability.hessenbergEntrywisePerturbation_subdiag_abs_error_le_gamma	NumStability.Analysis.ProblemDependentStability	NumStability.Analysis.ProblemDependentStability.HessenbergDeterminant	move_candidate	theorem	public	NumStability.hessenbergEntrywisePerturbation_subdiag_abs_error_le_gamma	212
NumStability.hessenbergEntrywisePerturbation_subdiag_signedRelErrorWitness_exists	NumStability.Analysis.ProblemDependentStability	NumStability.Analysis.ProblemDependentStability.HessenbergDeterminant	move_candidate	theorem	public	NumStability.hessenbergEntrywisePerturbation_subdiag_signedRelErrorWitness_exists	186
NumStability.hessenbergRoundedDiagTraceOnOriginal_exactTraceOnEntrywisePerturbation	NumStability.Analysis.ProblemDependentStability	NumStability.Analysis.ProblemDependentStability.HessenbergDeterminant	move_candidate	theorem	public	NumStability.hessenbergRoundedDiagTraceOnOriginal_exactTraceOnEntrywisePerturbation	287
NumStability.hessenbergRoundedDiagTraceOnOriginal_nearbyDet_relError_le_gamma	NumStability.Analysis.ProblemDependentStability	NumStability.Analysis.ProblemDependentStability.HessenbergDeterminant	move_candidate	theorem	public	NumStability.hessenbergRoundedDiagTraceOnOriginal_nearbyDet_relError_le_gamma	370
NumStability.hessenbergSubdiagPerturbationFactors	NumStability.Analysis.ProblemDependentStability	NumStability.Analysis.ProblemDependentStability.HessenbergDeterminant	move_candidate	definition	public	NumStability.hessenbergSubdiagPerturbationFactors	121
NumStability.hessenbergSubdiagPerturbationFactors_prod	NumStability.Analysis.ProblemDependentStability	NumStability.Analysis.ProblemDependentStability.HessenbergDeterminant	move_candidate	theorem	public	NumStability.hessenbergSubdiagPerturbationFactors_prod	129
NumStability.hessenberg_growth_backward_error	NumStability.Algorithms.LU.GrowthFactor	NumStability.Algorithms.LU.GrowthFactor	canonical_in_place	theorem	public	-	-
NumStability.higham7RectResidual	NumStability.Analysis.HighamChapter7Rectangular	NumStability.Source.Higham.Chapter07.LinearSystemsConditioning.RectangularTheorems	move_candidate	definition	public	NumStability.higham7RectResidual	15
NumStability.higham7_1_rectangular	NumStability.Analysis.HighamChapter7Rectangular	NumStability.Source.Higham.Chapter07.LinearSystemsConditioning.RectangularTheorems	move_candidate	theorem	public	NumStability.higham7_1_rectangular	422
NumStability.higham7_1_rectangular_attaining_perturbations	NumStability.Analysis.HighamChapter7Rectangular	NumStability.Source.Higham.Chapter07.LinearSystemsConditioning.RectangularTheorems	move_candidate	theorem	public	NumStability.higham7_1_rectangular_attaining_perturbations	223
NumStability.higham7_1_rectangular_necessary	NumStability.Analysis.HighamChapter7Rectangular	NumStability.Source.Higham.Chapter07.LinearSystemsConditioning.RectangularTheorems	move_candidate	theorem	public	NumStability.higham7_1_rectangular_necessary	169
NumStability.higham7_1_rectangular_sufficient	NumStability.Analysis.HighamChapter7Rectangular	NumStability.Source.Higham.Chapter07.LinearSystemsConditioning.RectangularTheorems	move_candidate	theorem	public	NumStability.higham7_1_rectangular_sufficient	337
NumStability.higham7_3_rectangular	NumStability.Analysis.HighamChapter7Rectangular	NumStability.Analysis.HighamChapter7Rectangular	retain_historical	theorem	public	NumStability.higham7_3_rectangular	148
NumStability.higham7_3_rectangular_necessary	NumStability.Analysis.HighamChapter7Rectangular	NumStability.Source.Higham.Chapter07.LinearSystemsConditioning.RectangularTheorems	move_candidate	theorem	public	NumStability.higham7_3_rectangular_necessary	29
NumStability.higham7_3_rectangular_sufficient	NumStability.Analysis.HighamChapter7Rectangular	NumStability.Analysis.HighamChapter7Rectangular	retain_historical	theorem	public	NumStability.higham7_3_rectangular_sufficient	78
NumStability.higham8_10_forwardSub_forward_error_mu_bound	NumStability.Algorithms.HighamChapter8	NumStability.Source.Higham.Chapter08.Section02.ForwardErrorAnalysis.ComparisonBounds	move_candidate	theorem	public	NumStability.higham8_10_forwardSub_forward_error_mu_bound	3047
NumStability.higham8_11_kahanGram_leadingBlock_succ	NumStability.Algorithms.HighamChapter8	NumStability.Source.Higham.Chapter08.Problem09.KahanSingularValues.KahanMatrix	move_candidate	theorem	public	NumStability.higham8_11_kahanGram_leadingBlock_succ	563
NumStability.higham8_11_kahanInvFormula	NumStability.Algorithms.HighamChapter8	NumStability.Source.Higham.Chapter08.Problem09.KahanSingularValues.KahanMatrix	move_candidate	definition	public	NumStability.higham8_11_kahanInvFormula	598
NumStability.higham8_11_kahanInvFormula_isInverse	NumStability.Algorithms.HighamChapter8	NumStability.Source.Higham.Chapter08.Problem09.KahanSingularValues.KahanMatrix	move_candidate	theorem	public	NumStability.higham8_11_kahanInvFormula_isInverse	636
NumStability.higham8_11_kahanInvFormula_isRightInverse	NumStability.Algorithms.HighamChapter8	NumStability.Source.Higham.Chapter08.Problem09.KahanSingularValues.KahanMatrix	move_candidate	theorem	public	NumStability.higham8_11_kahanInvFormula_isRightInverse	605
NumStability.higham8_11_kahanMatrix	NumStability.Algorithms.HighamChapter8	NumStability.Source.Higham.Chapter08.Section02.ForwardErrorAnalysis.NormBounds	move_candidate	definition	public	NumStability.higham8_11_kahanMatrix	544
NumStability.higham8_11_kahanMatrix_leadingBlock_succ	NumStability.Algorithms.HighamChapter8	NumStability.Source.Higham.Chapter08.Problem09.KahanSingularValues.KahanMatrix	move_candidate	theorem	public	NumStability.higham8_11_kahanMatrix_leadingBlock_succ	554
NumStability.higham8_11_kahanMatrix_zero_one_eq_finiteId	NumStability.Algorithms.HighamChapter8	NumStability.Source.Higham.Chapter08.Problem09.KahanSingularValues.KahanMatrix	move_candidate	theorem	public	NumStability.higham8_11_kahanMatrix_zero_one_eq_finiteId	1127
NumStability.higham8_11_mmatrix_forwardSub_relative_error	NumStability.Algorithms.HighamChapter8	NumStability.Source.Higham.Chapter08.Section02.ForwardErrorAnalysis.ComparisonBounds	move_candidate	theorem	public	NumStability.higham8_11_mmatrix_forwardSub_relative_error	3066
NumStability.higham8_12_WInv_le_ZInvFormula	NumStability.Algorithms.HighamChapter8	NumStability.Algorithms.HighamChapter8	retain_historical	theorem	public	NumStability.higham8_12_WInv_le_ZInvFormula	4057
NumStability.higham8_12_WMatrix	NumStability.Algorithms.HighamChapter8	NumStability.Source.Higham.Chapter08.Section03.TriangularSystems.InverseBoundsPrelude	move_candidate	definition	public	NumStability.higham8_12_WMatrix	3707
NumStability.higham8_12_WMatrix_diag	NumStability.Algorithms.HighamChapter8	NumStability.Source.Higham.Chapter08.Section03.TriangularSystems.InverseBoundsPrelude	move_candidate	theorem	public	NumStability.higham8_12_WMatrix_diag	3723
NumStability.higham8_12_WMatrix_isDiagDominantUpper	NumStability.Algorithms.HighamChapter8	NumStability.Source.Higham.Chapter08.Section03.TriangularSystems.InverseBoundsPrelude	move_candidate	theorem	public	NumStability.higham8_12_WMatrix_isDiagDominantUpper	3774
NumStability.higham8_12_WMatrix_le_comparisonMatrix	NumStability.Algorithms.HighamChapter8	NumStability.Source.Higham.Chapter08.Section03.TriangularSystems.InverseBoundsPrelude	move_candidate	theorem	public	NumStability.higham8_12_WMatrix_le_comparisonMatrix	3734
NumStability.higham8_12_WMatrix_strictUpper	NumStability.Algorithms.HighamChapter8	NumStability.Source.Higham.Chapter08.Section03.TriangularSystems.InverseBoundsPrelude	move_candidate	theorem	public	NumStability.higham8_12_WMatrix_strictUpper	3728
NumStability.higham8_12_WMatrix_upper	NumStability.Algorithms.HighamChapter8	NumStability.Source.Higham.Chapter08.Section03.TriangularSystems.InverseBoundsPrelude	move_candidate	theorem	public	NumStability.higham8_12_WMatrix_upper	3715
NumStability.higham8_12_ZInvFormula	NumStability.Algorithms.HighamChapter8	NumStability.Source.Higham.Chapter08.Section03.TriangularSystems.InverseBoundsPrelude	move_candidate	definition	public	NumStability.higham8_12_ZInvFormula	3818
NumStability.higham8_12_ZInvFormula_col_sum	NumStability.Algorithms.HighamChapter8	NumStability.Source.Higham.Chapter08.Section03.TriangularSystems.InverseBoundsPrelude	move_candidate	theorem	public	NumStability.higham8_12_ZInvFormula_col_sum	3823
NumStability.higham8_12_ZInvFormula_isInverse	NumStability.Algorithms.HighamChapter8	NumStability.Source.Higham.Chapter08.Section03.TriangularSystems.InverseBoundsPrelude	move_candidate	theorem	public	NumStability.higham8_12_ZInvFormula_isInverse	3856
NumStability.higham8_12_ZInvFormula_isRightInverse	NumStability.Algorithms.HighamChapter8	NumStability.Source.Higham.Chapter08.Section03.TriangularSystems.InverseBoundsPrelude	move_candidate	theorem	public	NumStability.higham8_12_ZInvFormula_isRightInverse	3839
NumStability.higham8_12_ZInvFormula_nonneg	NumStability.Algorithms.HighamChapter8	NumStability.Source.Higham.Chapter08.Section03.TriangularSystems.InverseBoundsPrelude	move_candidate	theorem	public	NumStability.higham8_12_ZInvFormula_nonneg	3863
NumStability.higham8_12_ZInvFormula_row_sum	NumStability.Algorithms.HighamChapter8	NumStability.Source.Higham.Chapter08.Section03.TriangularSystems.InverseBoundsPrelude	move_candidate	theorem	public	NumStability.higham8_12_ZInvFormula_row_sum	3831
NumStability.higham8_12_ZMatrix	NumStability.Algorithms.HighamChapter8	NumStability.Source.Higham.Chapter08.Section03.TriangularSystems.InverseBoundsPrelude	move_candidate	definition	public	NumStability.higham8_12_ZMatrix	3812
NumStability.higham8_12_abs_inv_le_comparison_inv	NumStability.Algorithms.HighamChapter8	NumStability.Source.Higham.Chapter08.Section03.TriangularSystems.InverseBoundsPrelude	move_candidate	theorem	public	NumStability.higham8_12_abs_inv_le_comparison_inv	3646
NumStability.higham8_12_abs_le_rowMaxStrictUpper	NumStability.Algorithms.HighamChapter8	NumStability.Source.Higham.Chapter08.Section03.TriangularSystems.InverseBoundsPrelude	move_candidate	theorem	public	NumStability.higham8_12_abs_le_rowMaxStrictUpper	3689
NumStability.higham8_12_absolute_norm_vector_chain	NumStability.Algorithms.HighamChapter8	NumStability.Algorithms.HighamChapter8	retain_historical	theorem	public	NumStability.higham8_12_absolute_norm_vector_chain	4549
NumStability.higham8_12_comparisonInv_le_WInv	NumStability.Algorithms.HighamChapter8	NumStability.Algorithms.HighamChapter8	retain_historical	theorem	public	NumStability.higham8_12_comparisonInv_le_WInv	3906
NumStability.higham8_12_infNorm_chain	NumStability.Algorithms.HighamChapter8	NumStability.Algorithms.HighamChapter8	retain_historical	theorem	public	NumStability.higham8_12_infNorm_chain	4408
NumStability.higham8_12_lowerColumnFactor	NumStability.Algorithms.HighamChapter8	NumStability.Source.Higham.Chapter08.Section03.TriangularSystems.InverseBoundsLower	move_candidate	definition	public	NumStability.higham8_12_lowerColumnFactor	5225
NumStability.higham8_12_lowerColumnProduct	NumStability.Algorithms.HighamChapter8	NumStability.Source.Higham.Chapter08.Section04.FanInCore.Factors	move_candidate	definition	public	NumStability.higham8_12_lowerColumnProduct	5242
NumStability.higham8_12_lowerColumnProductPrefix	NumStability.Algorithms.HighamChapter8	NumStability.Source.Higham.Chapter08.Section04.FanInCore.Factors	move_candidate	definition	public	NumStability.higham8_12_lowerColumnProductPrefix	5233
NumStability.higham8_12_lowerColumnProductPrefix_apply	NumStability.Algorithms.HighamChapter8	NumStability.Source.Higham.Chapter08.Section04.FanInCore.Factors	move_candidate	theorem	public	NumStability.higham8_12_lowerColumnProductPrefix_apply	5247
NumStability.higham8_12_lowerColumnProduct_eq	NumStability.Algorithms.HighamChapter8	NumStability.Source.Higham.Chapter08.Section04.FanInCore.Factors	move_candidate	theorem	public	NumStability.higham8_12_lowerColumnProduct_eq	5360
NumStability.higham8_12_oneNorm_chain	NumStability.Algorithms.HighamChapter8	NumStability.Algorithms.HighamChapter8	retain_historical	theorem	public	NumStability.higham8_12_oneNorm_chain	4453
NumStability.higham8_12_opNorm2_chain	NumStability.Algorithms.HighamChapter8	NumStability.Algorithms.HighamChapter8	retain_historical	theorem	public	NumStability.higham8_12_opNorm2_chain	4498
NumStability.higham8_12_rowMaxStrictUpper	NumStability.Algorithms.HighamChapter8	NumStability.Source.Higham.Chapter08.Section03.TriangularSystems.InverseBoundsPrelude	move_candidate	definition	public	NumStability.higham8_12_rowMaxStrictUpper	3657
NumStability.higham8_12_rowMaxStrictUpper_le_beta_mul_diag	NumStability.Algorithms.HighamChapter8	NumStability.Source.Higham.Chapter08.Section03.TriangularSystems.InverseBoundsPrelude	move_candidate	theorem	public	NumStability.higham8_12_rowMaxStrictUpper_le_beta_mul_diag	3751
NumStability.higham8_12_rowMaxStrictUpper_nonneg	NumStability.Algorithms.HighamChapter8	NumStability.Source.Higham.Chapter08.Section03.TriangularSystems.InverseBoundsPrelude	move_candidate	theorem	public	NumStability.higham8_12_rowMaxStrictUpper_nonneg	3670
NumStability.higham8_13_abs_lowerColumnInverseFactor	NumStability.Algorithms.HighamChapter8	NumStability.Source.Higham.Chapter08.Section04.FanInCore.Factors	move_candidate	theorem	public	NumStability.higham8_13_abs_lowerColumnInverseFactor	5478
NumStability.higham8_13_comparison_inverse_row_recurrence	NumStability.Algorithms.HighamChapter8	NumStability.Source.Higham.Chapter08.Section03.TriangularSystems.InverseBoundsUpper	move_candidate	theorem	public	NumStability.higham8_13_comparison_inverse_row_recurrence	4806
NumStability.higham8_13_fanIn7Apply	NumStability.Algorithms.HighamChapter8	NumStability.Source.Higham.Chapter08.Section04.FanInCore.Factors	move_candidate	definition	public	NumStability.higham8_13_fanIn7Apply	5619
NumStability.higham8_13_fanIn7InverseApply_solves	NumStability.Algorithms.HighamChapter8	NumStability.Source.Higham.Chapter08.Section04.FanInCore.Factors	move_candidate	theorem	public	NumStability.higham8_13_fanIn7InverseApply_solves	5665
NumStability.higham8_13_fanIn7InverseMatrix_eq	NumStability.Algorithms.HighamChapter8	NumStability.Source.Higham.Chapter08.Section04.FanInCore.Factors	move_candidate	theorem	public	NumStability.higham8_13_fanIn7InverseMatrix_eq	5649
NumStability.higham8_13_fanIn7Matrix	NumStability.Algorithms.HighamChapter8	NumStability.Source.Higham.Chapter08.Section04.FanInCore.Factors	move_candidate	definition	public	NumStability.higham8_13_fanIn7Matrix	5610
NumStability.higham8_13_fanIn7Matrix_eq_sequential7Matrix	NumStability.Algorithms.HighamChapter8	NumStability.Source.Higham.Chapter08.Section04.FanInCore.Factors	move_candidate	theorem	public	NumStability.higham8_13_fanIn7Matrix_eq_sequential7Matrix	5636
NumStability.higham8_13_inverseColumnProduct	NumStability.Algorithms.HighamChapter8	NumStability.Source.Higham.Chapter08.Section04.FanInCore.Factors	move_candidate	definition	public	NumStability.higham8_13_inverseColumnProduct	5508
NumStability.higham8_13_inverseColumnProductPrefix	NumStability.Algorithms.HighamChapter8	NumStability.Source.Higham.Chapter08.Section04.FanInCore.Factors	move_candidate	definition	public	NumStability.higham8_13_inverseColumnProductPrefix	5498
NumStability.higham8_13_inverseColumnProduct_inverse	NumStability.Algorithms.HighamChapter8	NumStability.Source.Higham.Chapter08.Section04.FanInCore.Factors	move_candidate	theorem	public	NumStability.higham8_13_inverseColumnProduct_inverse	5567
NumStability.higham8_13_inverseFactor_mul_lowerColumnFactor	NumStability.Algorithms.HighamChapter8	NumStability.Source.Higham.Chapter08.Section04.FanInCore.Factors	move_candidate	theorem	public	NumStability.higham8_13_inverseFactor_mul_lowerColumnFactor	5426
NumStability.higham8_13_inversePrefix_mul_lowerColumnProductPrefix	NumStability.Algorithms.HighamChapter8	NumStability.Source.Higham.Chapter08.Section04.FanInCore.Factors	move_candidate	theorem	public	NumStability.higham8_13_inversePrefix_mul_lowerColumnProductPrefix	5540
NumStability.higham8_13_inverse_bound_from_comparison	NumStability.Algorithms.HighamChapter8	NumStability.Source.Higham.Chapter08.Section03.TriangularSystems.InverseBoundsUpper	move_candidate	theorem	public	NumStability.higham8_13_inverse_bound_from_comparison	4818
NumStability.higham8_13_leftInverse_eq_rightInverse	NumStability.Algorithms.HighamChapter8	NumStability.Source.Higham.Chapter08.Section04.FanInCore.Factors	move_candidate	theorem	public	NumStability.higham8_13_leftInverse_eq_rightInverse	5591
NumStability.higham8_13_lowerColumnFactor_inverse	NumStability.Algorithms.HighamChapter8	NumStability.Source.Higham.Chapter08.Section04.FanInCore.Factors	move_candidate	theorem	public	NumStability.higham8_13_lowerColumnFactor_inverse	5465
NumStability.higham8_13_lowerColumnFactor_mul_inverseFactor	NumStability.Algorithms.HighamChapter8	NumStability.Source.Higham.Chapter08.Section04.FanInCore.Factors	move_candidate	theorem	public	NumStability.higham8_13_lowerColumnFactor_mul_inverseFactor	5382
NumStability.higham8_13_lowerColumnInverseFactor	NumStability.Algorithms.HighamChapter8	NumStability.Source.Higham.Chapter08.Section04.FanInCore.Factors	move_candidate	definition	public	NumStability.higham8_13_lowerColumnInverseFactor	5372
NumStability.higham8_13_lowerColumnProductPrefix_mul_inversePrefix	NumStability.Algorithms.HighamChapter8	NumStability.Source.Higham.Chapter08.Section04.FanInCore.Factors	move_candidate	theorem	public	NumStability.higham8_13_lowerColumnProductPrefix_mul_inversePrefix	5513
NumStability.higham8_13_mu	NumStability.Algorithms.HighamChapter8	NumStability.Source.Higham.Chapter08.Section03.TriangularSystems.InverseBoundsUpper	move_candidate	definition	public	NumStability.higham8_13_mu	4797
NumStability.higham8_13_sequential7Matrix	NumStability.Algorithms.HighamChapter8	NumStability.Source.Higham.Chapter08.Section04.FanInCore.Factors	move_candidate	definition	public	NumStability.higham8_13_sequential7Matrix	5626
NumStability.higham8_13_y	NumStability.Algorithms.HighamChapter8	NumStability.Source.Higham.Chapter08.Section03.TriangularSystems.InverseBoundsUpper	move_candidate	definition	public	NumStability.higham8_13_y	4801
NumStability.higham8_14_WInv_infNorm_upperBound	NumStability.Algorithms.HighamChapter8	NumStability.Source.Higham.Chapter08.Section03.TriangularSystems.InverseBoundsPrelude	move_candidate	theorem	public	NumStability.higham8_14_WInv_infNorm_upperBound	3795
NumStability.higham8_14_ZInvFormula_infNorm_upperBound	NumStability.Algorithms.HighamChapter8	NumStability.Source.Higham.Chapter08.Section03.TriangularSystems.InverseBoundsUpper	move_candidate	theorem	public	NumStability.higham8_14_ZInvFormula_infNorm_upperBound	4725
NumStability.higham8_14_ZInvFormula_oneNorm_upperBound	NumStability.Algorithms.HighamChapter8	NumStability.Source.Higham.Chapter08.Section03.TriangularSystems.InverseBoundsUpper	move_candidate	theorem	public	NumStability.higham8_14_ZInvFormula_oneNorm_upperBound	4712
NumStability.higham8_14_ZInvFormula_opNorm2_upperBound	NumStability.Algorithms.HighamChapter8	NumStability.Source.Higham.Chapter08.Section03.TriangularSystems.InverseBoundsUpper	move_candidate	theorem	public	NumStability.higham8_14_ZInvFormula_opNorm2_upperBound	4738
NumStability.higham8_14_fanIn7Executor	NumStability.Algorithms.HighamChapter8	NumStability.Source.Higham.Chapter08.Equation14.FanInExecutor.Executor	move_candidate	definition	public	NumStability.higham8_14_fanIn7Executor	5736
NumStability.higham8_14_fanIn7Executor_eq_roundedApply	NumStability.Algorithms.HighamChapter8	NumStability.Source.Higham.Chapter08.Equation14.FanInExecutor.Executor	move_candidate	theorem	public	NumStability.higham8_14_fanIn7Executor_eq_roundedApply	5750
NumStability.higham8_14_fanIn7RoundedApply	NumStability.Algorithms.HighamChapter8	NumStability.Source.Higham.Chapter08.Equation14.FanInExecutor.Executor	move_candidate	definition	public	NumStability.higham8_14_fanIn7RoundedApply	5726
NumStability.higham8_14_fanIn7RoundedMatrix	NumStability.Algorithms.HighamChapter8	NumStability.Source.Higham.Chapter08.Equation14.FanInExecutor.Executor	move_candidate	definition	public	NumStability.higham8_14_fanIn7RoundedMatrix	5708
NumStability.higham8_14_full_norm_chain	NumStability.Algorithms.HighamChapter8	NumStability.Algorithms.HighamChapter8	retain_historical	theorem	public	NumStability.higham8_14_full_norm_chain	5121
NumStability.higham8_14_infNorm_lowerBound	NumStability.Algorithms.HighamChapter8	NumStability.Source.Higham.Chapter08.Section03.TriangularSystems.InverseBoundsLower	move_candidate	theorem	public	NumStability.higham8_14_infNorm_lowerBound	5021
NumStability.higham8_14_infNorm_upperBound	NumStability.Algorithms.HighamChapter8	NumStability.Source.Higham.Chapter08.Section03.TriangularSystems.InverseBoundsLower	move_candidate	theorem	public	NumStability.higham8_14_infNorm_upperBound	5109
NumStability.higham8_14_local_envelope_not_relative_after_cancellation	NumStability.Algorithms.HighamChapter8	NumStability.Algorithms.HighamChapter8	retain_historical	theorem	public	NumStability.higham8_14_local_envelope_not_relative_after_cancellation	6587
NumStability.higham8_14_oneNorm_lowerBound	NumStability.Algorithms.HighamChapter8	NumStability.Source.Higham.Chapter08.Section03.TriangularSystems.InverseBoundsLower	move_candidate	theorem	public	NumStability.higham8_14_oneNorm_lowerBound	5045
NumStability.higham8_14_oneNorm_upperBound	NumStability.Algorithms.HighamChapter8	NumStability.Algorithms.HighamChapter8	retain_historical	theorem	public	NumStability.higham8_14_oneNorm_upperBound	4754
NumStability.higham8_14_opNorm2_lowerBound	NumStability.Algorithms.HighamChapter8	NumStability.Source.Higham.Chapter08.Section03.TriangularSystems.InverseBoundsLower	move_candidate	theorem	public	NumStability.higham8_14_opNorm2_lowerBound	5068
NumStability.higham8_14_opNorm2_upperBound	NumStability.Algorithms.HighamChapter8	NumStability.Algorithms.HighamChapter8	retain_historical	theorem	public	NumStability.higham8_14_opNorm2_upperBound	4775
NumStability.higham8_15_fanIn7Executor_residual_componentwise_bound	NumStability.Algorithms.HighamChapter8	NumStability.Source.Higham.Chapter08.Section04.FanInCore.ResidualForwardBounds	move_candidate	theorem	public	NumStability.higham8_15_fanIn7Executor_residual_componentwise_bound	6658
NumStability.higham8_15_fanIn7Executor_residual_first_order_remainder_bound	NumStability.Algorithms.HighamChapter8	NumStability.Source.Higham.Chapter08.Section04.FanInCore.ResidualForwardBounds	move_candidate	theorem	public	NumStability.higham8_15_fanIn7Executor_residual_first_order_remainder_bound	6689
NumStability.higham8_15_fanIn_residual_componentwise_bound	NumStability.Algorithms.HighamChapter8	NumStability.Source.Higham.Chapter08.Section04.FanInCore.ResidualForwardBounds	move_candidate	theorem	public	NumStability.higham8_15_fanIn_residual_componentwise_bound	6752
NumStability.higham8_15_rawCubeCounterAbsFan	NumStability.Algorithms.HighamChapter8FanInClosure	NumStability.Source.Higham.Chapter08.Equation15.GlobalEnvelopeCounterexample.RawCube	move_candidate	definition	public	NumStability.higham8_15_rawCubeCounterAbsFan	91
NumStability.higham8_15_rawCubeCounterAbsFan_eq	NumStability.Algorithms.HighamChapter8FanInClosure	NumStability.Source.Higham.Chapter08.Equation15.GlobalEnvelopeCounterexample.RawCube	move_candidate	theorem	public	NumStability.higham8_15_rawCubeCounterAbsFan_eq	102
NumStability.higham8_15_rawCubeCounterComparison	NumStability.Algorithms.HighamChapter8FanInClosure	NumStability.Source.Higham.Chapter08.Equation15.GlobalEnvelopeCounterexample.RawCube	move_candidate	definition	public	NumStability.higham8_15_rawCubeCounterComparison	46
NumStability.higham8_15_rawCubeCounterComparisonInv	NumStability.Algorithms.HighamChapter8FanInClosure	NumStability.Source.Higham.Chapter08.Equation15.GlobalEnvelopeCounterexample.RawCube	move_candidate	definition	public	NumStability.higham8_15_rawCubeCounterComparisonInv	36
NumStability.higham8_15_rawCubeCounterComparison_rightInverse	NumStability.Algorithms.HighamChapter8FanInClosure	NumStability.Source.Higham.Chapter08.Equation15.GlobalEnvelopeCounterexample.RawCube	move_candidate	theorem	public	NumStability.higham8_15_rawCubeCounterComparison_rightInverse	70
NumStability.higham8_15_rawCubeCounterL	NumStability.Algorithms.HighamChapter8FanInClosure	NumStability.Source.Higham.Chapter08.Equation15.GlobalEnvelopeCounterexample.RawCube	move_candidate	definition	public	NumStability.higham8_15_rawCubeCounterL	15
NumStability.higham8_15_rawCubeCounterLInv	NumStability.Algorithms.HighamChapter8FanInClosure	NumStability.Source.Higham.Chapter08.Equation15.GlobalEnvelopeCounterexample.RawCube	move_candidate	definition	public	NumStability.higham8_15_rawCubeCounterLInv	26
NumStability.higham8_15_rawCubeCounterL_diag	NumStability.Algorithms.HighamChapter8FanInClosure	NumStability.Source.Higham.Chapter08.Equation15.GlobalEnvelopeCounterexample.RawCube	move_candidate	theorem	public	NumStability.higham8_15_rawCubeCounterL_diag	86
NumStability.higham8_15_rawCubeCounterL_inverse	NumStability.Algorithms.HighamChapter8FanInClosure	NumStability.Source.Higham.Chapter08.Equation15.GlobalEnvelopeCounterexample.RawCube	move_candidate	theorem	public	NumStability.higham8_15_rawCubeCounterL_inverse	56
NumStability.higham8_15_rawCubeCounterL_lower	NumStability.Algorithms.HighamChapter8FanInClosure	NumStability.Source.Higham.Chapter08.Equation15.GlobalEnvelopeCounterexample.RawCube	move_candidate	theorem	public	NumStability.higham8_15_rawCubeCounterL_lower	80
NumStability.higham8_15_rawCubeCounterRaw	NumStability.Algorithms.HighamChapter8FanInClosure	NumStability.Source.Higham.Chapter08.Equation15.GlobalEnvelopeCounterexample.RawCube	move_candidate	definition	public	NumStability.higham8_15_rawCubeCounterRaw	110
NumStability.higham8_15_rawCubeCounterRaw_entry	NumStability.Algorithms.HighamChapter8FanInClosure	NumStability.Source.Higham.Chapter08.Equation15.GlobalEnvelopeCounterexample.RawCube	move_candidate	theorem	public	NumStability.higham8_15_rawCubeCounterRaw_entry	117
NumStability.higham8_15_rawCubeCounterSourceCube_entry	NumStability.Algorithms.HighamChapter8FanInClosure	NumStability.Source.Higham.Chapter08.Equation15.GlobalEnvelopeCounterexample.RawCube	move_candidate	theorem	public	NumStability.higham8_15_rawCubeCounterSourceCube_entry	125
NumStability.higham8_15_rawCubeCounter_comparison_eq	NumStability.Algorithms.HighamChapter8FanInClosure	NumStability.Source.Higham.Chapter08.Equation15.GlobalEnvelopeCounterexample.RawCube	move_candidate	theorem	public	NumStability.higham8_15_rawCubeCounter_comparison_eq	62
NumStability.higham8_15_raw_inverse_factor_envelope_not_le_source_cube	NumStability.Algorithms.HighamChapter8FanInClosure	NumStability.Source.Higham.Chapter08.Equation15.GlobalEnvelopeCounterexample.RawCube	move_candidate	theorem	public	NumStability.higham8_15_raw_inverse_factor_envelope_not_le_source_cube	132
NumStability.higham8_15_residualCubeBase	NumStability.Algorithms.HighamChapter8	NumStability.Source.Higham.Chapter08.Section04.FanInCore.ResidualForwardBounds	move_candidate	definition	public	NumStability.higham8_15_residualCubeBase	6916
NumStability.higham8_15_residual_componentwise_of_forward_error	NumStability.Algorithms.HighamChapter8	NumStability.Source.Higham.Chapter08.Section04.FanInCore.ResidualForwardBounds	move_candidate	theorem	public	NumStability.higham8_15_residual_componentwise_of_forward_error	6624
NumStability.higham8_16_fanIn7Executor_residual_infNorm_bound	NumStability.Algorithms.HighamChapter8	NumStability.Source.Higham.Chapter08.Section04.FanInCore.ResidualForwardBounds	move_candidate	theorem	public	NumStability.higham8_16_fanIn7Executor_residual_infNorm_bound	6723
NumStability.higham8_16_fanIn_residual_infNorm_bound	NumStability.Algorithms.HighamChapter8	NumStability.Source.Higham.Chapter08.Section04.FanInCore.ResidualForwardBounds	move_candidate	theorem	public	NumStability.higham8_16_fanIn_residual_infNorm_bound	6789
NumStability.higham8_17_backward_error_from_residual_infNorm_bound	NumStability.Algorithms.HighamChapter8	NumStability.Source.Higham.Chapter08.Section04.FanInCore.ResidualForwardBounds	move_candidate	theorem	public	NumStability.higham8_17_backward_error_from_residual_infNorm_bound	6857
NumStability.higham8_17_fanIn7Executor_backward_error_bound	NumStability.Algorithms.HighamChapter8	NumStability.Source.Higham.Chapter08.Section04.FanInCore.ResidualForwardBounds	move_candidate	theorem	public	NumStability.higham8_17_fanIn7Executor_backward_error_bound	6886
NumStability.higham8_17_rankOneBackwardDelta	NumStability.Algorithms.HighamChapter8	NumStability.Source.Higham.Chapter08.Section04.FanInCore.ResidualForwardBounds	move_candidate	definition	public	NumStability.higham8_17_rankOneBackwardDelta	6818
NumStability.higham8_17_rankOneBackwardDelta_infNorm_le	NumStability.Algorithms.HighamChapter8	NumStability.Source.Higham.Chapter08.Section04.FanInCore.ResidualForwardBounds	move_candidate	theorem	public	NumStability.higham8_17_rankOneBackwardDelta_infNorm_le	6833
NumStability.higham8_17_rankOneBackwardDelta_mulVec	NumStability.Algorithms.HighamChapter8	NumStability.Source.Higham.Chapter08.Section04.FanInCore.ResidualForwardBounds	move_candidate	theorem	public	NumStability.higham8_17_rankOneBackwardDelta_mulVec	6824
NumStability.higham8_18MatrixEnvelope	NumStability.Algorithms.HighamChapter8	NumStability.Source.Higham.Chapter08.Section04.FanInCore.AllOrdersEnvelope	move_candidate	definition	public	NumStability.higham8_18MatrixEnvelope	5907
NumStability.higham8_18MatrixEnvelope_abs_approx_le	NumStability.Algorithms.HighamChapter8	NumStability.Source.Higham.Chapter08.Section04.FanInCore.AllOrdersEnvelope	move_candidate	theorem	public	NumStability.higham8_18MatrixEnvelope_abs_approx_le	5947
NumStability.higham8_18MatrixEnvelope_exact	NumStability.Algorithms.HighamChapter8	NumStability.Source.Higham.Chapter08.Section04.FanInCore.AllOrdersEnvelope	move_candidate	theorem	public	NumStability.higham8_18MatrixEnvelope_exact	5926
NumStability.higham8_18MatrixEnvelope_fl_matMul	NumStability.Algorithms.HighamChapter8	NumStability.Source.Higham.Chapter08.Section04.FanInCore.AllOrdersEnvelope	move_candidate	theorem	public	NumStability.higham8_18MatrixEnvelope_fl_matMul	5970
NumStability.higham8_18VectorEnvelope	NumStability.Algorithms.HighamChapter8	NumStability.Source.Higham.Chapter08.Section04.FanInCore.AllOrdersEnvelope	move_candidate	definition	public	NumStability.higham8_18VectorEnvelope	5918
NumStability.higham8_18VectorEnvelope_abs_approx_le	NumStability.Algorithms.HighamChapter8	NumStability.Source.Higham.Chapter08.Section04.FanInCore.AllOrdersEnvelope	move_candidate	theorem	public	NumStability.higham8_18VectorEnvelope_abs_approx_le	5959
NumStability.higham8_18VectorEnvelope_exact	NumStability.Algorithms.HighamChapter8	NumStability.Source.Higham.Chapter08.Section04.FanInCore.AllOrdersEnvelope	move_candidate	theorem	public	NumStability.higham8_18VectorEnvelope_exact	5937
NumStability.higham8_18VectorEnvelope_fl_matVec	NumStability.Algorithms.HighamChapter8	NumStability.Source.Higham.Chapter08.Section04.FanInCore.AllOrdersEnvelope	move_candidate	theorem	public	NumStability.higham8_18VectorEnvelope_fl_matVec	6090
NumStability.higham8_18_fanIn7AbsApply	NumStability.Algorithms.HighamChapter8	NumStability.Source.Higham.Chapter08.Section04.FanInCore.AllOrdersEnvelope	move_candidate	definition	public	NumStability.higham8_18_fanIn7AbsApply	6269
NumStability.higham8_18_fanIn7AbsMatrix	NumStability.Algorithms.HighamChapter8	NumStability.Source.Higham.Chapter08.Section04.FanInCore.AllOrdersEnvelope	move_candidate	definition	public	NumStability.higham8_18_fanIn7AbsMatrix	6206
NumStability.higham8_18_fanIn7AbsMatrix_eq_comparisonInverse	NumStability.Algorithms.HighamChapter8	NumStability.Source.Higham.Chapter08.Section04.FanInCore.AllOrdersEnvelope	move_candidate	theorem	public	NumStability.higham8_18_fanIn7AbsMatrix_eq_comparisonInverse	6219
NumStability.higham8_18_fanIn7CoefficientRemainder	NumStability.Algorithms.HighamChapter8	NumStability.Source.Higham.Chapter08.Section04.FanInCore.AllOrdersEnvelope	move_candidate	definition	public	NumStability.higham8_18_fanIn7CoefficientRemainder	6277
NumStability.higham8_18_fanIn7CoefficientRemainder_nonneg	NumStability.Algorithms.HighamChapter8	NumStability.Source.Higham.Chapter08.Section04.FanInCore.AllOrdersEnvelope	move_candidate	theorem	public	NumStability.higham8_18_fanIn7CoefficientRemainder_nonneg	6300
NumStability.higham8_18_fanIn7Coefficient_eq_first_order_add_remainder	NumStability.Algorithms.HighamChapter8	NumStability.Source.Higham.Chapter08.Section04.FanInCore.AllOrdersEnvelope	move_candidate	theorem	public	NumStability.higham8_18_fanIn7Coefficient_eq_first_order_add_remainder	6289
NumStability.higham8_18_fanIn7Executor_forward_componentwise_bound	NumStability.Algorithms.HighamChapter8	NumStability.Source.Higham.Chapter08.Section04.FanInCore.AllOrdersEnvelope	move_candidate	theorem	public	NumStability.higham8_18_fanIn7Executor_forward_componentwise_bound	6311
NumStability.higham8_18_fanIn7Executor_forward_first_order_remainder_bound	NumStability.Algorithms.HighamChapter8	NumStability.Source.Higham.Chapter08.Section04.FanInCore.AllOrdersEnvelope	move_candidate	theorem	public	NumStability.higham8_18_fanIn7Executor_forward_first_order_remainder_bound	6409
NumStability.higham8_18_fanIn_forward_componentwise_bound	NumStability.Algorithms.HighamChapter8	NumStability.Source.Higham.Chapter08.Section04.FanInCore.AllOrdersEnvelope	move_candidate	theorem	public	NumStability.higham8_18_fanIn_forward_componentwise_bound	6470
NumStability.higham8_19_fanIn7Executor_forward_relative_infNorm_bound	NumStability.Algorithms.HighamChapter8	NumStability.Source.Higham.Chapter08.Section04.FanInCore.AllOrdersEnvelope	move_candidate	theorem	public	NumStability.higham8_19_fanIn7Executor_forward_relative_infNorm_bound	6430
NumStability.higham8_19_fanIn_forward_relative_infNorm_bound	NumStability.Algorithms.HighamChapter8	NumStability.Source.Higham.Chapter08.Section04.FanInCore.AllOrdersEnvelope	move_candidate	theorem	public	NumStability.higham8_19_fanIn_forward_relative_infNorm_bound	6531
NumStability.higham8_1_backSub	NumStability.Algorithms.HighamChapter8	NumStability.Source.Higham.Chapter08.Section01.BackwardErrorAnalysis.Core	move_candidate	definition	public	NumStability.higham8_1_backSub	27
NumStability.higham8_20_absCondCube	NumStability.Algorithms.HighamChapter8	NumStability.Source.Higham.Chapter08.Section04.FanInCore.ResidualForwardBounds	move_candidate	definition	public	NumStability.higham8_20_absCondCube	6925
NumStability.higham8_20_condition_cube_envelope_eq	NumStability.Algorithms.HighamChapter8	NumStability.Source.Higham.Chapter08.Section04.FanInCore.ResidualForwardBounds	move_candidate	theorem	public	NumStability.higham8_20_condition_cube_envelope_eq	7061
NumStability.higham8_20_condition_cubing_componentwise_bound	NumStability.Algorithms.HighamChapter8	NumStability.Source.Higham.Chapter08.Section04.FanInCore.ResidualForwardBounds	move_candidate	theorem	public	NumStability.higham8_20_condition_cubing_componentwise_bound	7091
NumStability.higham8_20_condition_cubing_relative_infNorm_bound	NumStability.Algorithms.HighamChapter8	NumStability.Source.Higham.Chapter08.Section04.FanInCore.ResidualForwardBounds	move_candidate	theorem	public	NumStability.higham8_20_condition_cubing_relative_infNorm_bound	7121
NumStability.higham8_20_fanIn7Executor_forward_from_residual_componentwise_bound	NumStability.Algorithms.HighamChapter8	NumStability.Source.Higham.Chapter08.Section04.FanInCore.ResidualForwardBounds	move_candidate	theorem	public	NumStability.higham8_20_fanIn7Executor_forward_from_residual_componentwise_bound	6993
NumStability.higham8_20_fanIn7Executor_forward_from_residual_relative_infNorm_bound	NumStability.Algorithms.HighamChapter8	NumStability.Source.Higham.Chapter08.Section04.FanInCore.ResidualForwardBounds	move_candidate	theorem	public	NumStability.higham8_20_fanIn7Executor_forward_from_residual_relative_infNorm_bound	7027
NumStability.higham8_20_forward_componentwise_of_residual_bound	NumStability.Algorithms.HighamChapter8	NumStability.Source.Higham.Chapter08.Section04.FanInCore.ResidualForwardBounds	move_candidate	theorem	public	NumStability.higham8_20_forward_componentwise_of_residual_bound	6931
NumStability.higham8_20_forward_relative_infNorm_of_residual_bound	NumStability.Algorithms.HighamChapter8	NumStability.Source.Higham.Chapter08.Section04.FanInCore.ResidualForwardBounds	move_candidate	theorem	public	NumStability.higham8_20_forward_relative_infNorm_of_residual_bound	6972
NumStability.higham8_2_backSub_anyOrder_relative_infNorm_bound	NumStability.Algorithms.HighamChapter8	NumStability.Algorithms.HighamChapter8	retain_historical	theorem	public	NumStability.higham8_2_backSub_anyOrder_relative_infNorm_bound	242
NumStability.higham8_2_backSub_relative_infNorm_bound	NumStability.Algorithms.HighamChapter8	NumStability.Algorithms.HighamChapter8	retain_historical	theorem	public	NumStability.higham8_2_backSub_relative_infNorm_bound	178
NumStability.higham8_2_backSub_row_spec	NumStability.Algorithms.HighamChapter8	NumStability.Source.Higham.Chapter08.Section01.BackwardErrorAnalysis.Core	move_candidate	theorem	public	NumStability.higham8_2_backSub_row_spec	32
NumStability.higham8_2_backSub_row_tight	NumStability.Algorithms.HighamChapter8	NumStability.Source.Higham.Chapter08.Section01.BackwardErrorAnalysis.Core	move_candidate	theorem	public	NumStability.higham8_2_backSub_row_tight	40
NumStability.higham8_2_comparisonInverseInfNormRatio_ge_lambda	NumStability.Algorithms.HighamChapter8	NumStability.Algorithms.HighamChapter8	retain_historical	theorem	public	NumStability.higham8_2_comparisonInverseInfNormRatio_ge_lambda	2451
NumStability.higham8_2_comparisonInverseOneNormRatio_ge_lambda	NumStability.Algorithms.HighamChapter8	NumStability.Algorithms.HighamChapter8	retain_historical	theorem	public	NumStability.higham8_2_comparisonInverseOneNormRatio_ge_lambda	2486
NumStability.higham8_2_comparisonInverseRatios_arbitrarily_large	NumStability.Algorithms.HighamChapter8	NumStability.Algorithms.HighamChapter8	retain_historical	theorem	public	NumStability.higham8_2_comparisonInverseRatios_arbitrarily_large	2523
NumStability.higham8_2_forwardSub_anyOrder_relative_infNorm_bound	NumStability.Algorithms.HighamChapter8	NumStability.Algorithms.HighamChapter8	retain_historical	theorem	public	NumStability.higham8_2_forwardSub_anyOrder_relative_infNorm_bound	275
NumStability.higham8_2_forwardSub_relative_infNorm_bound	NumStability.Algorithms.HighamChapter8	NumStability.Algorithms.HighamChapter8	retain_historical	theorem	public	NumStability.higham8_2_forwardSub_relative_infNorm_bound	210
NumStability.higham8_2_ratioWitness	NumStability.Algorithms.HighamChapter8	NumStability.Source.Higham.Chapter08.Problem02.ComparisonMatrixWitness.RatioWitness	move_candidate	definition	public	NumStability.higham8_2_ratioWitness	2315
NumStability.higham8_2_ratioWitnessComparison	NumStability.Algorithms.HighamChapter8	NumStability.Source.Higham.Chapter08.Problem02.ComparisonMatrixWitness.RatioWitness	move_candidate	definition	public	NumStability.higham8_2_ratioWitnessComparison	2336
NumStability.higham8_2_ratioWitnessComparisonInv	NumStability.Algorithms.HighamChapter8	NumStability.Source.Higham.Chapter08.Problem02.ComparisonMatrixWitness.RatioWitness	move_candidate	definition	public	NumStability.higham8_2_ratioWitnessComparisonInv	2347
NumStability.higham8_2_ratioWitnessComparisonInv_isInverse	NumStability.Algorithms.HighamChapter8	NumStability.Source.Higham.Chapter08.Problem02.ComparisonMatrixWitness.RatioWitness	move_candidate	theorem	public	NumStability.higham8_2_ratioWitnessComparisonInv_isInverse	2381
NumStability.higham8_2_ratioWitnessInv	NumStability.Algorithms.HighamChapter8	NumStability.Source.Higham.Chapter08.Problem02.ComparisonMatrixWitness.RatioWitness	move_candidate	definition	public	NumStability.higham8_2_ratioWitnessInv	2326
NumStability.higham8_2_ratioWitness_comparison_eq	NumStability.Algorithms.HighamChapter8	NumStability.Source.Higham.Chapter08.Problem02.ComparisonMatrixWitness.RatioWitness	move_candidate	theorem	public	NumStability.higham8_2_ratioWitness_comparison_eq	2371
NumStability.higham8_2_ratioWitness_isInverse	NumStability.Algorithms.HighamChapter8	NumStability.Source.Higham.Chapter08.Problem02.ComparisonMatrixWitness.RatioWitness	move_candidate	theorem	public	NumStability.higham8_2_ratioWitness_isInverse	2364
NumStability.higham8_2_ratioWitness_upper	NumStability.Algorithms.HighamChapter8	NumStability.Source.Higham.Chapter08.Problem02.ComparisonMatrixWitness.RatioWitness	move_candidate	theorem	public	NumStability.higham8_2_ratioWitness_upper	2358
NumStability.higham8_3_backSub_backward_error	NumStability.Algorithms.HighamChapter8	NumStability.Source.Higham.Chapter08.Section01.BackwardErrorAnalysis.Core	move_candidate	theorem	public	NumStability.higham8_3_backSub_backward_error	53
NumStability.higham8_4_anyOrder	NumStability.Algorithms.TriangularArbitraryOrder	NumStability.Source.Higham.Chapter08.Section03.TriangularSystems.ArbitraryOrder	move_candidate	theorem	public	NumStability.higham8_4_anyOrder	442
NumStability.higham8_4_anyOrder_backwardError	NumStability.Algorithms.HighamChapter8	NumStability.Source.Higham.Chapter08.Section01.BackwardErrorAnalysis.Core	move_candidate	theorem	public	NumStability.higham8_4_anyOrder_backwardError	67
NumStability.higham8_4_anyOrder_mulSub_div	NumStability.Algorithms.TriangularArbitraryOrder	NumStability.Source.Higham.Chapter08.Section03.TriangularSystems.ArbitraryOrder	move_candidate	theorem	public	NumStability.higham8_4_anyOrder_mulSub_div	572
NumStability.higham8_4_anyOrder_mulSub_noDiv_counter	NumStability.Algorithms.TriangularArbitraryOrder	NumStability.Source.Higham.Chapter08.Section03.TriangularSystems.ArbitraryOrder	move_candidate	theorem	public	NumStability.higham8_4_anyOrder_mulSub_noDiv_counter	498
NumStability.higham8_4_stressUpperInvFormula	NumStability.Algorithms.HighamChapter8	NumStability.Source.Higham.Chapter08.Section02.ForwardErrorAnalysis.NormBounds	move_candidate	definition	public	NumStability.higham8_4_stressUpperInvFormula	308
NumStability.higham8_4_stressUpperInvFormula_col_sum	NumStability.Algorithms.HighamChapter8	NumStability.Source.Higham.Chapter08.Section02.ForwardErrorAnalysis.NormBounds	move_candidate	theorem	public	NumStability.higham8_4_stressUpperInvFormula_col_sum	335
NumStability.higham8_4_stressUpperInvFormula_isInverse	NumStability.Algorithms.HighamChapter8	NumStability.Source.Higham.Chapter08.Section02.ForwardErrorAnalysis.NormBounds	move_candidate	theorem	public	NumStability.higham8_4_stressUpperInvFormula_isInverse	535
NumStability.higham8_4_stressUpperInvFormula_isRightInverse	NumStability.Algorithms.HighamChapter8	NumStability.Source.Higham.Chapter08.Section02.ForwardErrorAnalysis.NormBounds	move_candidate	theorem	public	NumStability.higham8_4_stressUpperInvFormula_isRightInverse	436
NumStability.higham8_4_stressUpperInvFormula_row_sum	NumStability.Algorithms.HighamChapter8	NumStability.Source.Higham.Chapter08.Section02.ForwardErrorAnalysis.NormBounds	move_candidate	theorem	public	NumStability.higham8_4_stressUpperInvFormula_row_sum	377
NumStability.higham8_4_upperTriangularMMatrix_condAtSolution_le	NumStability.Algorithms.HighamChapter8	NumStability.Algorithms.HighamChapter8	retain_historical	theorem	public	NumStability.higham8_4_upperTriangularMMatrix_condAtSolution_le	3569
NumStability.higham8_5_ZInvFormula_infNorm_eq	NumStability.Algorithms.HighamChapter8	NumStability.Source.Higham.Chapter08.Problem05.InverseNormBounds.ZInverse	move_candidate	theorem	public	NumStability.higham8_5_ZInvFormula_infNorm_eq	4618
NumStability.higham8_5_ZInvFormula_oneNorm_eq	NumStability.Algorithms.HighamChapter8	NumStability.Source.Higham.Chapter08.Problem05.InverseNormBounds.ZInverse	move_candidate	theorem	public	NumStability.higham8_5_ZInvFormula_oneNorm_eq	4652
NumStability.higham8_5_ZInvFormula_opNorm2_le	NumStability.Algorithms.HighamChapter8	NumStability.Source.Higham.Chapter08.Problem05.InverseNormBounds.ZInverse	move_candidate	theorem	public	NumStability.higham8_5_ZInvFormula_opNorm2_le	4686
NumStability.higham8_5_backSub_anyOrder_backward_error	NumStability.Algorithms.HighamChapter8	NumStability.Source.Higham.Chapter08.Section01.BackwardErrorAnalysis.Core	move_candidate	theorem	public	NumStability.higham8_5_backSub_anyOrder_backward_error	98
NumStability.higham8_5_backSub_backward_error	NumStability.Algorithms.HighamChapter8	NumStability.Source.Higham.Chapter08.Section01.BackwardErrorAnalysis.Core	move_candidate	theorem	public	NumStability.higham8_5_backSub_backward_error	87
NumStability.higham8_5_forwardSub_anyOrder_backward_error	NumStability.Algorithms.HighamChapter8	NumStability.Source.Higham.Chapter08.Section01.BackwardErrorAnalysis.Core	move_candidate	theorem	public	NumStability.higham8_5_forwardSub_anyOrder_backward_error	125
NumStability.higham8_5_forwardSub_backward_error	NumStability.Algorithms.HighamChapter8	NumStability.Source.Higham.Chapter08.Section01.BackwardErrorAnalysis.Core	move_candidate	theorem	public	NumStability.higham8_5_forwardSub_backward_error	114
NumStability.higham8_6_WInverseAbsVec	NumStability.Algorithms.HighamChapter8	NumStability.Source.Higham.Chapter08.Problem06.ComparisonInverseBounds.VectorBounds	move_candidate	definition	public	NumStability.higham8_6_WInverseAbsVec	4851
NumStability.higham8_6_WInverseAbsVecInfNorm	NumStability.Algorithms.HighamChapter8	NumStability.Source.Higham.Chapter08.Problem06.ComparisonInverseBounds.VectorBounds	move_candidate	definition	public	NumStability.higham8_6_WInverseAbsVecInfNorm	4857
NumStability.higham8_6_WInverseAbsVec_recurrence	NumStability.Algorithms.HighamChapter8	NumStability.Source.Higham.Chapter08.Problem06.ComparisonInverseBounds.VectorBounds	move_candidate	theorem	public	NumStability.higham8_6_WInverseAbsVec_recurrence	4887
NumStability.higham8_6_comparisonInverseAbsVec	NumStability.Algorithms.HighamChapter8	NumStability.Source.Higham.Chapter08.Problem06.ComparisonInverseBounds.VectorBounds	move_candidate	definition	public	NumStability.higham8_6_comparisonInverseAbsVec	4840
NumStability.higham8_6_comparisonInverseAbsVecInfNorm	NumStability.Algorithms.HighamChapter8	NumStability.Source.Higham.Chapter08.Problem06.ComparisonInverseBounds.VectorBounds	move_candidate	definition	public	NumStability.higham8_6_comparisonInverseAbsVecInfNorm	4846
NumStability.higham8_6_comparisonInverseAbsVecInfNorm_le_WInverseAbsVecInfNorm	NumStability.Algorithms.HighamChapter8	NumStability.Algorithms.HighamChapter8	retain_historical	theorem	public	NumStability.higham8_6_comparisonInverseAbsVecInfNorm_le_WInverseAbsVecInfNorm	4989
NumStability.higham8_6_comparisonInverseAbsVec_le_WInverseAbsVec	NumStability.Algorithms.HighamChapter8	NumStability.Algorithms.HighamChapter8	retain_historical	theorem	public	NumStability.higham8_6_comparisonInverseAbsVec_le_WInverseAbsVec	4970
NumStability.higham8_6_comparisonInverseAbsVec_recurrence	NumStability.Algorithms.HighamChapter8	NumStability.Source.Higham.Chapter08.Problem06.ComparisonInverseBounds.VectorBounds	move_candidate	theorem	public	NumStability.higham8_6_comparisonInverseAbsVec_recurrence	4862
NumStability.higham8_6_diagDominantLower	NumStability.Algorithms.HighamChapter8	NumStability.Source.Higham.Chapter08.Section02.ForwardErrorAnalysis.ComparisonBoundsPrelude	move_candidate	definition	public	NumStability.higham8_6_diagDominantLower	2562
NumStability.higham8_6_inv_abs_mul_bound_diagDom	NumStability.Algorithms.HighamChapter8	NumStability.Source.Higham.Chapter08.Section02.ForwardErrorAnalysis.ComparisonBoundsPrelude	move_candidate	theorem	public	NumStability.higham8_6_inv_abs_mul_bound_diagDom	2537
NumStability.higham8_7_backSub_forward_error_diagDom	NumStability.Algorithms.HighamChapter8	NumStability.Source.Higham.Chapter08.Section02.ForwardErrorAnalysis.ComparisonBoundsPrelude	move_candidate	theorem	public	NumStability.higham8_7_backSub_forward_error_diagDom	2546
NumStability.higham8_7_comparisonInverseOnes_infNorm_ge_inverseInfNorm	NumStability.Algorithms.HighamChapter8	NumStability.Algorithms.HighamChapter8	retain_historical	theorem	public	NumStability.higham8_7_comparisonInverseOnes_infNorm_ge_inverseInfNorm	7402
NumStability.higham8_7_comparisonMatrix	NumStability.Algorithms.HighamChapter8	NumStability.Source.Higham.Chapter08.Problem04.MMatrixSubstitution.Comparison	move_candidate	definition	public	NumStability.higham8_7_comparisonMatrix	3641
NumStability.higham8_7_rowDiagMargin	NumStability.Algorithms.HighamChapter8	NumStability.Source.Higham.Chapter08.Problem07.DiagonalScaling.Bounds	move_candidate	definition	public	NumStability.higham8_7_rowDiagMargin	7154
NumStability.higham8_7_scaledRowDiagMargin	NumStability.Algorithms.HighamChapter8	NumStability.Source.Higham.Chapter08.Problem07.DiagonalScaling.Bounds	move_candidate	definition	public	NumStability.higham8_7_scaledRowDiagMargin	7159
NumStability.higham8_7_scaledStrictRowDiagDominant_invInfNorm_le	NumStability.Algorithms.HighamChapter8	NumStability.Algorithms.HighamChapter8	retain_historical	theorem	public	NumStability.higham8_7_scaledStrictRowDiagDominant_invInfNorm_le	7318
NumStability.higham8_7_strictRowDiagDominant_invInfNorm_le	NumStability.Algorithms.HighamChapter8	NumStability.Algorithms.HighamChapter8	retain_historical	theorem	public	NumStability.higham8_7_strictRowDiagDominant_invInfNorm_le	7384
NumStability.higham8_8_bestRankOneSingularUpdate_exists	NumStability.Algorithms.HighamChapter8	NumStability.Algorithms.HighamChapter8	retain_historical	theorem	public	NumStability.higham8_8_bestRankOneSingularUpdate_exists	7777
NumStability.higham8_8_bestRankOneSingularUpdate_of_maxInverseEntry	NumStability.Algorithms.HighamChapter8	NumStability.Algorithms.HighamChapter8	retain_historical	theorem	public	NumStability.higham8_8_bestRankOneSingularUpdate_of_maxInverseEntry	7739
NumStability.higham8_8_rankOne_singular_update	NumStability.Algorithms.HighamChapter8	NumStability.Source.Higham.Chapter08.Problem08.SingleEntrySingularity.RankOne	move_candidate	theorem	public	NumStability.higham8_8_rankOne_singular_update	7602
NumStability.higham8_8_rankOne_singular_update_abs_eq_inv_abs_inverse_entry	NumStability.Algorithms.HighamChapter8	NumStability.Algorithms.HighamChapter8	retain_historical	theorem	public	NumStability.higham8_8_rankOne_singular_update_abs_eq_inv_abs_inverse_entry	7728
NumStability.higham8_8_rankOne_singular_update_den_eq_zero	NumStability.Algorithms.HighamChapter8	NumStability.Algorithms.HighamChapter8	retain_historical	theorem	public	NumStability.higham8_8_rankOne_singular_update_den_eq_zero	7640
NumStability.higham8_8_rankOne_singular_update_iff	NumStability.Algorithms.HighamChapter8	NumStability.Algorithms.HighamChapter8	retain_historical	theorem	public	NumStability.higham8_8_rankOne_singular_update_iff	7701
NumStability.higham8_8_rowDiagDominantUpper	NumStability.Algorithms.HighamChapter8	NumStability.Source.Higham.Chapter08.Lemma08.CorrectedCondition.RowDominance	move_candidate	definition	public	NumStability.higham8_8_rowDiagDominantUpper	2578
NumStability.higham8_8_rowDiagDominantUpper_condSkeel_bound	NumStability.Algorithms.HighamChapter8	NumStability.Source.Higham.Chapter08.Lemma08.CorrectedCondition.RowDominance	move_candidate	theorem	public	NumStability.higham8_8_rowDiagDominantUpper_condSkeel_bound	2587
NumStability.higham8_8b_stressUpper_lastFirst_singular_update	NumStability.Algorithms.HighamChapter8	NumStability.Source.Higham.Chapter08.Problem08.SingleEntrySingularity.RankOne	move_candidate	theorem	public	NumStability.higham8_8b_stressUpper_lastFirst_singular_update	7808
NumStability.higham8_9_comparisonImage	NumStability.Algorithms.HighamChapter8	NumStability.Source.Higham.Chapter08.Section02.ForwardErrorAnalysis.ComparisonBounds	move_candidate	definition	public	NumStability.higham8_9_comparisonImage	2782
NumStability.higham8_9_comparisonMatrix_condAtSolution_eq	NumStability.Algorithms.HighamChapter8	NumStability.Algorithms.HighamChapter8	retain_historical	theorem	public	NumStability.higham8_9_comparisonMatrix_condAtSolution_eq	2788
NumStability.higham8_9_condAtSolution_le_comparisonMatrix	NumStability.Algorithms.HighamChapter8	NumStability.Algorithms.HighamChapter8	retain_historical	theorem	public	NumStability.higham8_9_condAtSolution_le_comparisonMatrix	2917
NumStability.higham8_9_lowerTriangular_condAtSolution_le_comparison_eq	NumStability.Algorithms.HighamChapter8	NumStability.Algorithms.HighamChapter8	retain_historical	theorem	public	NumStability.higham8_9_lowerTriangular_condAtSolution_le_comparison_eq	3010
NumStability.higham8_9_upperTriangular_condAtSolution_le_comparison_eq	NumStability.Algorithms.HighamChapter8	NumStability.Algorithms.HighamChapter8	retain_historical	theorem	public	NumStability.higham8_9_upperTriangular_condAtSolution_le_comparison_eq	2973
NumStability.higham8_geom_one_add_mul_sum	NumStability.Algorithms.HighamChapter8	NumStability.Source.Higham.Chapter08.Section02.ForwardErrorAnalysis.NormBounds	move_candidate	theorem	public	NumStability.higham8_geom_one_add_mul_sum	316
NumStability.higham8_problem8_1_noGuard_backSub_backward_error	NumStability.Algorithms.HighamChapter8	NumStability.Source.Higham.Chapter08.Problem01.NoGuardSubstitution.Aliases	move_candidate	theorem	public	NumStability.higham8_problem8_1_noGuard_backSub_backward_error	7547
NumStability.higham8_problem8_1_noGuard_forwardSub_backward_error	NumStability.Algorithms.HighamChapter8	NumStability.Source.Higham.Chapter08.Problem01.NoGuardSubstitution.Aliases	move_candidate	theorem	public	NumStability.higham8_problem8_1_noGuard_forwardSub_backward_error	7560
NumStability.higham8_problem8_1_noGuard_mulSub_div_row_tight	NumStability.Algorithms.HighamChapter8	NumStability.Source.Higham.Chapter08.Problem01.NoGuardSubstitution.Aliases	move_candidate	theorem	public	NumStability.higham8_problem8_1_noGuard_mulSub_div_row_tight	7531
NumStability.higham8_problem8_1_noGuard_sub_fold_unroll	NumStability.Algorithms.HighamChapter8	NumStability.Source.Higham.Chapter08.Problem01.NoGuardSubstitution.Aliases	move_candidate	theorem	public	NumStability.higham8_problem8_1_noGuard_sub_fold_unroll	7517
NumStability.higham8_problem8_3_unitUpper_backSub_forward_error_mu_infNorm_bound	NumStability.Algorithms.HighamChapter8	NumStability.Source.Higham.Chapter08.Problem03.UnitTriangularSubstitution.Bound	move_candidate	theorem	public	NumStability.higham8_problem8_3_unitUpper_backSub_forward_error_mu_infNorm_bound	3086
NumStability.higham8_problem8_9_kahanGram_interlacing	NumStability.Algorithms.HighamChapter8	NumStability.Algorithms.HighamChapter8	retain_historical	theorem	public	NumStability.higham8_problem8_9_kahanGram_interlacing	1057
NumStability.higham8_problem8_9_kahanLeftWitness	NumStability.Algorithms.HighamChapter8	NumStability.Source.Higham.Chapter08.Problem09.KahanSingularValues.KahanMatrix	move_candidate	definition	public	NumStability.higham8_problem8_9_kahanLeftWitness	1423
NumStability.higham8_problem8_9_kahanRightWitness	NumStability.Algorithms.HighamChapter8	NumStability.Source.Higham.Chapter08.Problem09.KahanSingularValues.KahanMatrix	move_candidate	definition	public	NumStability.higham8_problem8_9_kahanRightWitness	1387
NumStability.higham8_problem8_9_kahanRightWitness_euclidean_ne_zero	NumStability.Algorithms.HighamChapter8	NumStability.Source.Higham.Chapter08.Problem09.KahanSingularValues.KahanMatrix	move_candidate	theorem	public	NumStability.higham8_problem8_9_kahanRightWitness_euclidean_ne_zero	1399
NumStability.higham8_problem8_9_kahanSecondSmallestValue	NumStability.Algorithms.HighamChapter8	NumStability.Source.Higham.Chapter08.Problem09.KahanSingularValues.KahanMatrix	move_candidate	definition	public	NumStability.higham8_problem8_9_kahanSecondSmallestValue	656
NumStability.higham8_problem8_9_kahan_candidate_hasGramEigenvalue	NumStability.Algorithms.HighamChapter8	NumStability.Algorithms.HighamChapter8	retain_historical	theorem	public	NumStability.higham8_problem8_9_kahan_candidate_hasGramEigenvalue	1721
NumStability.higham8_problem8_9_kahan_candidate_mem_gramEigenvalues	NumStability.Algorithms.HighamChapter8	NumStability.Algorithms.HighamChapter8	retain_historical	theorem	public	NumStability.higham8_problem8_9_kahan_candidate_mem_gramEigenvalues	1737
NumStability.higham8_problem8_9_kahan_gram_witness	NumStability.Algorithms.HighamChapter8	NumStability.Algorithms.HighamChapter8	retain_historical	theorem	public	NumStability.higham8_problem8_9_kahan_gram_witness	1661
NumStability.higham8_problem8_9_kahan_secondSmallestGramEigenvalue_eq_candidate_of_interlacing	NumStability.Algorithms.HighamChapter8	NumStability.Algorithms.HighamChapter8	retain_historical	theorem	public	NumStability.higham8_problem8_9_kahan_secondSmallestGramEigenvalue_eq_candidate_of_interlacing	2091
NumStability.higham8_problem8_9_kahan_secondSmallestGramEigenvalue_eq_candidate_of_lower_bound	NumStability.Algorithms.HighamChapter8	NumStability.Algorithms.HighamChapter8	retain_historical	theorem	public	NumStability.higham8_problem8_9_kahan_secondSmallestGramEigenvalue_eq_candidate_of_lower_bound	2002
NumStability.higham8_problem8_9_kahan_secondSmallestGramEigenvalue_eq_candidate_of_s_eq_one	NumStability.Algorithms.HighamChapter8	NumStability.Algorithms.HighamChapter8	retain_historical	theorem	public	NumStability.higham8_problem8_9_kahan_secondSmallestGramEigenvalue_eq_candidate_of_s_eq_one	1154
NumStability.higham8_problem8_9_kahan_secondSmallestGramEigenvalue_eq_candidate_of_s_eq_zero	NumStability.Algorithms.HighamChapter8	NumStability.Algorithms.HighamChapter8	retain_historical	theorem	public	NumStability.higham8_problem8_9_kahan_secondSmallestGramEigenvalue_eq_candidate_of_s_eq_zero	1914
NumStability.higham8_problem8_9_kahan_secondSmallestGramEigenvalue_eq_candidate_two	NumStability.Algorithms.HighamChapter8	NumStability.Algorithms.HighamChapter8	retain_historical	theorem	public	NumStability.higham8_problem8_9_kahan_secondSmallestGramEigenvalue_eq_candidate_two	2045
NumStability.higham8_problem8_9_kahan_secondSmallestGramEigenvalue_eq_candidate_zero_three_le	NumStability.Algorithms.HighamChapter8	NumStability.Algorithms.HighamChapter8	retain_historical	theorem	public	NumStability.higham8_problem8_9_kahan_secondSmallestGramEigenvalue_eq_candidate_zero_three_le	1866
NumStability.higham8_problem8_9_kahan_secondSmallestGramEigenvalue_eq_candidate_zero_two	NumStability.Algorithms.HighamChapter8	NumStability.Algorithms.HighamChapter8	retain_historical	theorem	public	NumStability.higham8_problem8_9_kahan_secondSmallestGramEigenvalue_eq_candidate_zero_two	1886
NumStability.higham8_problem8_9_kahan_secondSmallestGramEigenvalue_le_candidate	NumStability.Algorithms.HighamChapter8	NumStability.Algorithms.HighamChapter8	retain_historical	theorem	public	NumStability.higham8_problem8_9_kahan_secondSmallestGramEigenvalue_le_candidate	1948
NumStability.higham8_problem8_9_kahan_secondSmallestSingularValue	NumStability.Algorithms.HighamChapter8	NumStability.Algorithms.HighamChapter8	retain_historical	theorem	public	NumStability.higham8_problem8_9_kahan_secondSmallestSingularValue	2300
NumStability.higham8_problem8_9_kahan_secondSmallestSingularValue_of_gramEigenvalue	NumStability.Algorithms.HighamChapter8	NumStability.Source.Higham.Chapter08.Problem09.KahanSingularValues.KahanMatrix	move_candidate	theorem	public	NumStability.higham8_problem8_9_kahan_secondSmallestSingularValue_of_gramEigenvalue	1170
NumStability.higham8_problem8_9_kahan_secondSmallestSingularValue_of_interior_lower_bound	NumStability.Algorithms.HighamChapter8	NumStability.Algorithms.HighamChapter8	retain_historical	theorem	public	NumStability.higham8_problem8_9_kahan_secondSmallestSingularValue_of_interior_lower_bound	2239
NumStability.higham8_problem8_9_kahan_secondSmallestSingularValue_of_interlacing	NumStability.Algorithms.HighamChapter8	NumStability.Algorithms.HighamChapter8	retain_historical	theorem	public	NumStability.higham8_problem8_9_kahan_secondSmallestSingularValue_of_interlacing	2214
NumStability.higham8_problem8_9_kahan_secondSmallestSingularValue_of_kahanGram_interlacing	NumStability.Algorithms.HighamChapter8	NumStability.Algorithms.HighamChapter8	retain_historical	theorem	public	NumStability.higham8_problem8_9_kahan_secondSmallestSingularValue_of_kahanGram_interlacing	2273
NumStability.higham8_problem8_9_kahan_secondSmallestSingularValue_of_lower_bound	NumStability.Algorithms.HighamChapter8	NumStability.Algorithms.HighamChapter8	retain_historical	theorem	public	NumStability.higham8_problem8_9_kahan_secondSmallestSingularValue_of_lower_bound	2023
NumStability.higham8_problem8_9_kahan_secondSmallestSingularValue_of_s_eq_one	NumStability.Algorithms.HighamChapter8	NumStability.Algorithms.HighamChapter8	retain_historical	theorem	public	NumStability.higham8_problem8_9_kahan_secondSmallestSingularValue_of_s_eq_one	1194
NumStability.higham8_problem8_9_kahan_secondSmallestSingularValue_of_s_eq_zero	NumStability.Algorithms.HighamChapter8	NumStability.Algorithms.HighamChapter8	retain_historical	theorem	public	NumStability.higham8_problem8_9_kahan_secondSmallestSingularValue_of_s_eq_zero	1934
NumStability.higham8_problem8_9_kahan_secondSmallestSingularValue_two	NumStability.Algorithms.HighamChapter8	NumStability.Algorithms.HighamChapter8	retain_historical	theorem	public	NumStability.higham8_problem8_9_kahan_secondSmallestSingularValue_two	2077
NumStability.higham8_problem8_9_kahan_smallestGramEigenvalue_lt_candidate	NumStability.Algorithms.HighamChapter8	NumStability.Source.Higham.Chapter08.Problem09.KahanSingularValues.KahanMatrix	move_candidate	theorem	public	NumStability.higham8_problem8_9_kahan_smallestGramEigenvalue_lt_candidate	1358
NumStability.higham8_problem8_9_kahan_smallestSingularValue_le_pow	NumStability.Algorithms.HighamChapter8	NumStability.Source.Higham.Chapter08.Problem09.KahanSingularValues.KahanMatrix	move_candidate	theorem	public	NumStability.higham8_problem8_9_kahan_smallestSingularValue_le_pow	1283
NumStability.higham8_problem8_9_kahan_smallestSingularValue_lt_candidate	NumStability.Algorithms.HighamChapter8	NumStability.Source.Higham.Chapter08.Problem09.KahanSingularValues.KahanMatrix	move_candidate	theorem	public	NumStability.higham8_problem8_9_kahan_smallestSingularValue_lt_candidate	1328
NumStability.higham8_problem8_9_kahan_stressInvLastColumn_action	NumStability.Algorithms.HighamChapter8	NumStability.Source.Higham.Chapter08.Problem09.KahanSingularValues.KahanMatrix	move_candidate	theorem	public	NumStability.higham8_problem8_9_kahan_stressInvLastColumn_action	1248
NumStability.higham8_problem8_9_kahan_witness_forward	NumStability.Algorithms.HighamChapter8	NumStability.Algorithms.HighamChapter8	retain_historical	theorem	public	NumStability.higham8_problem8_9_kahan_witness_forward	1458
NumStability.higham8_problem8_9_kahan_witness_transpose	NumStability.Algorithms.HighamChapter8	NumStability.Algorithms.HighamChapter8	retain_historical	theorem	public	NumStability.higham8_problem8_9_kahan_witness_transpose	1538
NumStability.higham8_problem8_9_kahan_zero_one_gramEigenvalues_eq_one	NumStability.Algorithms.HighamChapter8	NumStability.Algorithms.HighamChapter8	retain_historical	theorem	public	NumStability.higham8_problem8_9_kahan_zero_one_gramEigenvalues_eq_one	1135
NumStability.higham8_problem8_9_lastIndex	NumStability.Algorithms.HighamChapter8	NumStability.Source.Higham.Chapter08.Problem09.KahanSingularValues.KahanMatrix	move_candidate	definition	public	NumStability.higham8_problem8_9_lastIndex	1209
NumStability.higham8_problem8_9_lastSingularValue_mul_norm_le_image_norm	NumStability.Algorithms.HighamChapter8	NumStability.Source.Higham.Chapter08.Problem09.KahanSingularValues.KahanMatrix	move_candidate	theorem	public	NumStability.higham8_problem8_9_lastSingularValue_mul_norm_le_image_norm	1213
NumStability.higham8_problem8_9_lastSingularValue_mul_vecNorm_le_matMulVec_norm	NumStability.Algorithms.HighamChapter8	NumStability.Source.Higham.Chapter08.Problem09.KahanSingularValues.KahanMatrix	move_candidate	theorem	public	NumStability.higham8_problem8_9_lastSingularValue_mul_vecNorm_le_matMulVec_norm	1234
NumStability.higham8_problem8_9_secondSmallestIndex	NumStability.Algorithms.HighamChapter8	NumStability.Source.Higham.Chapter08.Problem09.KahanSingularValues.KahanMatrix	move_candidate	definition	public	NumStability.higham8_problem8_9_secondSmallestIndex	644
NumStability.higham8_problem8_9_thirdSmallestIndex	NumStability.Algorithms.HighamChapter8	NumStability.Source.Higham.Chapter08.Problem09.KahanSingularValues.KahanMatrix	move_candidate	definition	public	NumStability.higham8_problem8_9_thirdSmallestIndex	650
NumStability.higham8_relErrorCounter_one	NumStability.Algorithms.TriangularArbitraryOrder	NumStability.Algorithms.Summation.Tree.ArbitraryOrderError.PivotNormalized	move_candidate	theorem	public	NumStability.higham8_relErrorCounter_one	29
NumStability.higham8_relErrorCounter_pad	NumStability.Algorithms.TriangularArbitraryOrder	NumStability.Algorithms.Summation.Tree.ArbitraryOrderError.PivotNormalized	move_candidate	theorem	public	NumStability.higham8_relErrorCounter_pad	41
NumStability.higham8_relErrorCounter_pos	NumStability.Algorithms.TriangularArbitraryOrder	NumStability.Algorithms.Summation.Tree.ArbitraryOrderError.PivotNormalized	move_candidate	theorem	public	NumStability.higham8_relErrorCounter_pos	50
NumStability.higham8_relErrorCounter_single	NumStability.Algorithms.TriangularArbitraryOrder	NumStability.Algorithms.Summation.Tree.ArbitraryOrderError.PivotNormalized	move_candidate	theorem	public	NumStability.higham8_relErrorCounter_single	35
NumStability.higham8_rowDominantUpperSource	NumStability.Algorithms.HighamChapter8	NumStability.Source.Higham.Chapter08.Lemma08.CorrectedCondition.RowDominance	move_candidate	definition	public	NumStability.higham8_rowDominantUpperSource	2568
NumStability.ieeeDoubleFormat_finiteSystem_binaryTerminating	NumStability.Analysis.BeneficialRounding	NumStability.Analysis.BeneficialRounding	canonical_in_place	theorem	public	-	-
NumStability.ieeeDoubleFormat_half_plus_two_pow_neg55_rounds_to_half	NumStability.Analysis.BeneficialRounding	NumStability.Analysis.BeneficialRounding	canonical_in_place	theorem	public	-	-
NumStability.ieeeDoubleFormat_neg_half_plus_two_pow_neg55_rounds_to_neg_half	NumStability.Analysis.BeneficialRounding	NumStability.Analysis.BeneficialRounding	canonical_in_place	theorem	public	-	-
NumStability.ieeeDoubleFormat_neg_one_tenth_rounds_to	NumStability.Analysis.BeneficialRounding	NumStability.Analysis.BeneficialRounding	canonical_in_place	theorem	public	-	-
NumStability.ieeeDoubleFormat_neg_three_fifths_rounds_to	NumStability.Analysis.BeneficialRounding	NumStability.Analysis.BeneficialRounding	canonical_in_place	theorem	public	-	-
NumStability.ieeeDoubleFormat_neg_three_tenths_rounds_to	NumStability.Analysis.BeneficialRounding	NumStability.Analysis.BeneficialRounding	canonical_in_place	theorem	public	-	-
NumStability.ieeeDoubleFormat_neg_two_fifths_rounds_to	NumStability.Analysis.BeneficialRounding	NumStability.Analysis.BeneficialRounding	canonical_in_place	theorem	public	-	-
NumStability.ieeeDoubleFormat_normalizedSystem_binaryTerminating	NumStability.Analysis.BeneficialRounding	NumStability.Analysis.BeneficialRounding	canonical_in_place	theorem	public	-	-
NumStability.ieeeDoubleFormat_one_fifth_finiteNormalRange	NumStability.Analysis.BeneficialRounding	NumStability.Analysis.BeneficialRounding	canonical_in_place	theorem	public	-	-
NumStability.ieeeDoubleFormat_one_fifth_rounds_to	NumStability.Analysis.BeneficialRounding	NumStability.Analysis.BeneficialRounding	canonical_in_place	theorem	public	-	-
NumStability.ieeeDoubleFormat_one_half_finiteSystem	NumStability.Analysis.BeneficialRounding	NumStability.Analysis.BeneficialRounding	canonical_in_place	theorem	public	-	-
NumStability.ieeeDoubleFormat_one_half_rounds_to	NumStability.Analysis.BeneficialRounding	NumStability.Analysis.BeneficialRounding	canonical_in_place	theorem	public	-	-
NumStability.ieeeDoubleFormat_one_tenth_finiteNormalRange	NumStability.Analysis.BeneficialRounding	NumStability.Analysis.BeneficialRounding	canonical_in_place	theorem	public	-	-
NumStability.ieeeDoubleFormat_one_tenth_rounds_to	NumStability.Analysis.BeneficialRounding	NumStability.Analysis.BeneficialRounding	canonical_in_place	theorem	public	-	-
NumStability.ieeeDoubleFormat_seven_tenths_finiteNormalRange	NumStability.Analysis.BeneficialRounding	NumStability.Analysis.BeneficialRounding	canonical_in_place	theorem	public	-	-
NumStability.ieeeDoubleFormat_seven_tenths_rounds_to	NumStability.Analysis.BeneficialRounding	NumStability.Analysis.BeneficialRounding	canonical_in_place	theorem	public	-	-
NumStability.ieeeDoubleFormat_subnormalSystem_binaryTerminating	NumStability.Analysis.BeneficialRounding	NumStability.Analysis.BeneficialRounding	canonical_in_place	theorem	public	-	-
NumStability.ieeeDoubleFormat_three_fifths_finiteNormalRange	NumStability.Analysis.BeneficialRounding	NumStability.Analysis.BeneficialRounding	canonical_in_place	theorem	public	-	-
NumStability.ieeeDoubleFormat_three_fifths_rounds_to	NumStability.Analysis.BeneficialRounding	NumStability.Analysis.BeneficialRounding	canonical_in_place	theorem	public	-	-
NumStability.ieeeDoubleFormat_three_tenths_finiteNormalRange	NumStability.Analysis.BeneficialRounding	NumStability.Analysis.BeneficialRounding	canonical_in_place	theorem	public	-	-
NumStability.ieeeDoubleFormat_three_tenths_rounds_to	NumStability.Analysis.BeneficialRounding	NumStability.Analysis.BeneficialRounding	canonical_in_place	theorem	public	-	-
NumStability.ieeeDoubleFormat_two_fifths_finiteNormalRange	NumStability.Analysis.BeneficialRounding	NumStability.Analysis.BeneficialRounding	canonical_in_place	theorem	public	-	-
NumStability.ieeeDoubleFormat_two_fifths_rounds_to	NumStability.Analysis.BeneficialRounding	NumStability.Analysis.BeneficialRounding	canonical_in_place	theorem	public	-	-
NumStability.ieeeDoubleFormat_two_pow_neg54_finiteSystem	NumStability.Analysis.BeneficialRounding	NumStability.Analysis.BeneficialRounding	canonical_in_place	theorem	public	-	-
NumStability.ieeeDoubleFormat_two_pow_neg55_finiteSystem	NumStability.Analysis.BeneficialRounding	NumStability.Analysis.BeneficialRounding	canonical_in_place	theorem	public	-	-
NumStability.ieeeSingleFormat_finiteSystem_binaryTerminating	NumStability.Analysis.BeneficialRounding	NumStability.Analysis.BeneficialRounding	canonical_in_place	theorem	public	-	-
NumStability.ieeeSingleFormat_normalizedSystem_binaryTerminating	NumStability.Analysis.BeneficialRounding	NumStability.Analysis.BeneficialRounding	canonical_in_place	theorem	public	-	-
NumStability.ieeeSingleFormat_subnormalSystem_binaryTerminating	NumStability.Analysis.BeneficialRounding	NumStability.Analysis.BeneficialRounding	canonical_in_place	theorem	public	-	-
NumStability.ikebe_tridiag_inv_structure	NumStability.Algorithms.LU.TridiagonalCond	NumStability.Algorithms.LU.TridiagonalCond	canonical_in_place	theorem	public	-	-
NumStability.infNormVec_const_nonneg	NumStability.Analysis.HighamChapter7	NumStability.Source.Higham.Chapter07.LinearSystemsConditioning.ConditionNumbers	move_candidate	theorem	public	NumStability.infNormVec_const_nonneg	860
NumStability.infNormVec_const_one	NumStability.Analysis.HighamChapter7	NumStability.Source.Higham.Chapter07.LinearSystemsConditioning.ConditionNumbers	move_candidate	theorem	public	NumStability.infNormVec_const_one	974
NumStability.infNorm_le_card_mul_growthFactorEntry_bound	NumStability.Algorithms.LU.GrowthFactor	NumStability.Algorithms.LU.GrowthFactor	canonical_in_place	theorem	public	-	-
NumStability.instDecidableEqAccuracyMeasure	NumStability.Analysis.Error	NumStability.Analysis.Error.Measures.AccuracyPrecision	move_candidate	definition	public	NumStability.AccuracyMeasure	719
NumStability.instDecidableEqErrorSource	NumStability.Analysis.Error	NumStability.Source.Higham.Chapter01.Section03.ErrorSources.Core	move_candidate	definition	public	NumStability.ErrorSource	695
NumStability.instDecidableEqTable41Distribution	NumStability.Analysis.StatisticalRounding	NumStability.Analysis.StatisticalRounding	canonical_in_place	definition	public	-	-
NumStability.instDecidableEqTable41Method	NumStability.Analysis.StatisticalRounding	NumStability.Analysis.StatisticalRounding	canonical_in_place	definition	public	-	-
NumStability.instReprAccuracyMeasure	NumStability.Analysis.Error	NumStability.Analysis.Error.Measures.AccuracyPrecision	move_candidate	definition	public	NumStability.AccuracyMeasure	719
NumStability.instReprAccuracyMeasure.repr	NumStability.Analysis.Error	NumStability.Analysis.Error.Measures.AccuracyPrecision	move_candidate	definition	public	NumStability.AccuracyMeasure	719
NumStability.instReprErrorSource	NumStability.Analysis.Error	NumStability.Source.Higham.Chapter01.Section03.ErrorSources.Core	move_candidate	definition	public	NumStability.ErrorSource	695
NumStability.instReprErrorSource.repr	NumStability.Analysis.Error	NumStability.Source.Higham.Chapter01.Section03.ErrorSources.Core	move_candidate	definition	public	NumStability.ErrorSource	695
NumStability.inverseIterationShiftedInverseSpectralTail	NumStability.Analysis.BeneficialRounding	NumStability.Analysis.BeneficialRounding	canonical_in_place	definition	public	-	-
NumStability.inverseIterationShiftedInverseSpectralTail_norm_div_target_scale_le_sum	NumStability.Analysis.BeneficialRounding	NumStability.Analysis.BeneficialRounding	canonical_in_place	theorem	public	-	-
NumStability.inverseIterationShiftedInverseSpectralTail_norm_div_target_scale_le_sum_of_component_shift_ratios	NumStability.Analysis.BeneficialRounding	NumStability.Analysis.BeneficialRounding	canonical_in_place	theorem	public	-	-
NumStability.inverseIterationShiftedInverseSpectralTail_norm_le_of_component_budget	NumStability.Analysis.BeneficialRounding	NumStability.Analysis.BeneficialRounding	canonical_in_place	theorem	public	-	-
NumStability.inverseIterationShiftedInverseSpectralTail_norm_le_sum	NumStability.Analysis.BeneficialRounding	NumStability.Analysis.BeneficialRounding	canonical_in_place	theorem	public	-	-
NumStability.inverseIterationShiftedInverseSpectralTail_norm_le_target_scale_mul_sum	NumStability.Analysis.BeneficialRounding	NumStability.Analysis.BeneficialRounding	canonical_in_place	theorem	public	-	-
NumStability.inverseIterationShiftedMatrix	NumStability.Analysis.BeneficialRounding	NumStability.Analysis.BeneficialRounding	canonical_in_place	definition	public	-	-
NumStability.inverseIterationShiftedMatrix_mulVec	NumStability.Analysis.BeneficialRounding	NumStability.Analysis.BeneficialRounding	canonical_in_place	theorem	public	-	-
NumStability.inverseIterationShiftedRankOneBackwardError	NumStability.Analysis.BeneficialRounding	NumStability.Analysis.BeneficialRounding	canonical_in_place	definition	public	-	-
NumStability.inverseIterationShiftedRankOneBackwardError_exists_certificate	NumStability.Analysis.BeneficialRounding	NumStability.Analysis.BeneficialRounding	canonical_in_place	theorem	public	-	-
NumStability.inverseIterationShiftedRankOneBackwardError_exists_certificate_of_residual_norm_le	NumStability.Analysis.BeneficialRounding	NumStability.Analysis.BeneficialRounding	canonical_in_place	theorem	public	-	-
NumStability.inverseIterationShiftedRankOneBackwardError_mul_yhat_eq_residual	NumStability.Analysis.BeneficialRounding	NumStability.Analysis.BeneficialRounding	canonical_in_place	theorem	public	-	-
NumStability.inverseIterationShiftedRankOneBackwardError_opNorm2Le	NumStability.Analysis.BeneficialRounding	NumStability.Analysis.BeneficialRounding	canonical_in_place	theorem	public	-	-
NumStability.inverseIterationShiftedRankOneBackwardError_opNorm2Le_of_residual_norm_le	NumStability.Analysis.BeneficialRounding	NumStability.Analysis.BeneficialRounding	canonical_in_place	theorem	public	-	-
NumStability.inverseIterationShiftedRankOneBackwardError_solves	NumStability.Analysis.BeneficialRounding	NumStability.Analysis.BeneficialRounding	canonical_in_place	theorem	public	-	-
NumStability.inverseIterationShiftedRankOneBackwardError_targetCoeff_eq_neg_residualCoeff	NumStability.Analysis.BeneficialRounding	NumStability.Analysis.BeneficialRounding	canonical_in_place	theorem	public	-	-
NumStability.inverseIterationShiftedRankOneBackwardError_targetCoeff_ne_iff_neg_residualCoeff_ne	NumStability.Analysis.BeneficialRounding	NumStability.Analysis.BeneficialRounding	canonical_in_place	theorem	public	-	-
NumStability.inverseIteration_backwardErrorAction_vecNorm2_le_of_opNorm2Le	NumStability.Analysis.BeneficialRounding	NumStability.Analysis.BeneficialRounding	canonical_in_place	theorem	public	-	-
NumStability.inverseIteration_eigenbasis_coeff_ratio_of_inverse_opNorm_budget	NumStability.Analysis.BeneficialRounding	NumStability.Analysis.BeneficialRounding	canonical_in_place	theorem	public	-	-
NumStability.inverseIteration_eigenbasis_coeff_ratio_of_inverse_opNorm_direct_target	NumStability.Analysis.BeneficialRounding	NumStability.Analysis.BeneficialRounding	canonical_in_place	theorem	public	-	-
NumStability.inverseIteration_eigenbasis_coeff_ratio_of_inverse_opNorm_explicit_beta	NumStability.Analysis.BeneficialRounding	NumStability.Analysis.BeneficialRounding	canonical_in_place	theorem	public	-	-
NumStability.inverseIteration_eigenbasis_shiftedInverse_component_budget_of_inverse_opNorm_residual_gap	NumStability.Analysis.BeneficialRounding	NumStability.Analysis.BeneficialRounding	canonical_in_place	theorem	public	-	-
NumStability.inverseIteration_eigenvector_norm_le_one_of_orthogonal_columns	NumStability.Analysis.BeneficialRounding	NumStability.Analysis.BeneficialRounding	canonical_in_place	theorem	public	-	-
NumStability.inverseIteration_lu_shiftedSolve_eigenResidual_norm_le_of_component_frob_budget_orthogonal_eigenbasis_eigengap_relative_tail_of_A_norm_nonneg	NumStability.Analysis.BeneficialRounding	NumStability.Analysis.BeneficialRounding	canonical_in_place	theorem	public	-	-
NumStability.inverseIteration_lu_shiftedSolve_eigenResidual_norm_le_of_component_frob_budget_orthogonal_eigenbasis_eigengap_relative_tail_of_residual_gap_cap_of_A_norm_nonneg	NumStability.Analysis.BeneficialRounding	NumStability.Analysis.BeneficialRounding	canonical_in_place	theorem	public	-	-
NumStability.inverseIteration_lu_shiftedSolve_near_parallel_decomposition_of_component_frob_budget_orthogonal_eigenbasis_eigengap_relative_tail	NumStability.Analysis.BeneficialRounding	NumStability.Analysis.BeneficialRounding	canonical_in_place	theorem	public	-	-
NumStability.inverseIteration_lu_shiftedSolve_near_parallel_decomposition_of_component_frob_budget_orthogonal_eigenbasis_eigengap_relative_tail_of_residual_gap_cap	NumStability.Analysis.BeneficialRounding	NumStability.Analysis.BeneficialRounding	canonical_in_place	theorem	public	-	-
NumStability.inverseIteration_lu_shiftedSolve_residual_norm_le_of_component_frob_budget	NumStability.Analysis.BeneficialRounding	NumStability.Analysis.BeneficialRounding	canonical_in_place	theorem	public	-	-
NumStability.inverseIteration_near_parallel_error_eigenResidual_eq	NumStability.Analysis.BeneficialRounding	NumStability.Analysis.BeneficialRounding	canonical_in_place	theorem	public	-	-
NumStability.inverseIteration_near_parallel_error_eigenResidual_norm_le	NumStability.Analysis.BeneficialRounding	NumStability.Analysis.BeneficialRounding	canonical_in_place	theorem	public	-	-
NumStability.inverseIteration_nonTarget_shift_gap_of_eigenvalue_gap_and_target_radius	NumStability.Analysis.BeneficialRounding	NumStability.Analysis.BeneficialRounding	canonical_in_place	theorem	public	-	-
NumStability.inverseIteration_nonTarget_shift_gap_of_uniform_eigenvalue_gap_and_target_radius	NumStability.Analysis.BeneficialRounding	NumStability.Analysis.BeneficialRounding	canonical_in_place	theorem	public	-	-
NumStability.inverseIteration_parallel_error_output_isRightEigenpair	NumStability.Analysis.BeneficialRounding	NumStability.Analysis.BeneficialRounding	canonical_in_place	theorem	public	-	-
NumStability.inverseIteration_perturbed_shiftedSolve_eigenResidual_norm_le_of_backward_error_eigenbasis_component_absolute_budget	NumStability.Analysis.BeneficialRounding	NumStability.Analysis.BeneficialRounding	canonical_in_place	theorem	public	-	-
NumStability.inverseIteration_perturbed_shiftedSolve_eigenResidual_norm_le_of_backward_error_eigenbasis_component_target_radius_gap	NumStability.Analysis.BeneficialRounding	NumStability.Analysis.BeneficialRounding	canonical_in_place	theorem	public	-	-
NumStability.inverseIteration_perturbed_shiftedSolve_eigenResidual_norm_le_of_backward_error_eigenbasis_component_target_radius_gap_of_A_norm_nonneg	NumStability.Analysis.BeneficialRounding	NumStability.Analysis.BeneficialRounding	canonical_in_place	theorem	public	-	-
NumStability.inverseIteration_perturbed_shiftedSolve_eigenResidual_norm_le_of_backward_error_inverse_opNorm_budget	NumStability.Analysis.BeneficialRounding	NumStability.Analysis.BeneficialRounding	canonical_in_place	theorem	public	-	-
NumStability.inverseIteration_perturbed_shiftedSolve_eigenResidual_norm_le_of_backward_error_inverse_opNorm_residual_gap_absolute_of_A_norm_nonneg	NumStability.Analysis.BeneficialRounding	NumStability.Analysis.BeneficialRounding	canonical_in_place	theorem	public	-	-
NumStability.inverseIteration_perturbed_shiftedSolve_eigenResidual_norm_le_of_backward_error_inverse_opNorm_residual_gap_absolute_uniform_eigenvector_norm_of_A_norm_nonneg	NumStability.Analysis.BeneficialRounding	NumStability.Analysis.BeneficialRounding	canonical_in_place	theorem	public	-	-
NumStability.inverseIteration_perturbed_shiftedSolve_eigenResidual_norm_le_of_backward_error_matrix_inverse_opNorm_budget	NumStability.Analysis.BeneficialRounding	NumStability.Analysis.BeneficialRounding	canonical_in_place	theorem	public	-	-
NumStability.inverseIteration_perturbed_shiftedSolve_eigenResidual_norm_le_of_backward_error_matrix_inverse_opNorm_direct_target_of_A_norm_nonneg	NumStability.Analysis.BeneficialRounding	NumStability.Analysis.BeneficialRounding	canonical_in_place	theorem	public	-	-
NumStability.inverseIteration_perturbed_shiftedSolve_eigenResidual_norm_le_of_backward_error_matrix_inverse_opNorm_explicit_beta	NumStability.Analysis.BeneficialRounding	NumStability.Analysis.BeneficialRounding	canonical_in_place	theorem	public	-	-
NumStability.inverseIteration_perturbed_shiftedSolve_eigenResidual_norm_le_of_backward_error_matrix_inverse_opNorm_explicit_beta_of_A_norm_nonneg	NumStability.Analysis.BeneficialRounding	NumStability.Analysis.BeneficialRounding	canonical_in_place	theorem	public	-	-
NumStability.inverseIteration_perturbed_shiftedSolve_eigenResidual_norm_le_of_backward_error_orthogonal_eigenbasis_opNorm_eigengap_absolute_of_A_norm_nonneg	NumStability.Analysis.BeneficialRounding	NumStability.Analysis.BeneficialRounding	canonical_in_place	theorem	public	-	-
NumStability.inverseIteration_perturbed_shiftedSolve_eigenResidual_norm_le_of_backward_error_orthogonal_eigenbasis_residual_eigengap_absolute_of_A_norm_nonneg	NumStability.Analysis.BeneficialRounding	NumStability.Analysis.BeneficialRounding	canonical_in_place	theorem	public	-	-
NumStability.inverseIteration_perturbed_shiftedSolve_eigenResidual_norm_le_of_backward_error_orthogonal_eigenbasis_residual_gap_absolute_of_A_norm_nonneg	NumStability.Analysis.BeneficialRounding	NumStability.Analysis.BeneficialRounding	canonical_in_place	theorem	public	-	-
NumStability.inverseIteration_perturbed_shiftedSolve_eigenResidual_norm_le_of_rank_one_backward_error_direct_target_of_A_norm_nonneg	NumStability.Analysis.BeneficialRounding	NumStability.Analysis.BeneficialRounding	canonical_in_place	theorem	public	-	-
NumStability.inverseIteration_perturbed_shiftedSolve_eigenResidual_norm_le_of_rank_one_backward_error_direct_target_residual_norm_of_A_norm_nonneg	NumStability.Analysis.BeneficialRounding	NumStability.Analysis.BeneficialRounding	canonical_in_place	theorem	public	-	-
NumStability.inverseIteration_perturbed_shiftedSolve_eigenResidual_norm_le_of_rank_one_backward_error_residual_target_coeff_frobNorm_inverse_of_A_norm_nonneg	NumStability.Analysis.BeneficialRounding	NumStability.Analysis.BeneficialRounding	canonical_in_place	theorem	public	-	-
NumStability.inverseIteration_perturbed_shiftedSolve_eigenResidual_norm_le_of_rank_one_backward_error_residual_target_coeff_frobNorm_inverse_of_eigenpair_of_A_norm_nonneg	NumStability.Analysis.BeneficialRounding	NumStability.Analysis.BeneficialRounding	canonical_in_place	theorem	public	-	-
NumStability.inverseIteration_perturbed_shiftedSolve_eigenResidual_norm_le_of_rank_one_backward_error_residual_target_coeff_of_A_norm_nonneg	NumStability.Analysis.BeneficialRounding	NumStability.Analysis.BeneficialRounding	canonical_in_place	theorem	public	-	-
NumStability.inverseIteration_perturbed_shiftedSolve_eigenResidual_norm_le_of_rank_one_backward_error_residual_target_coeff_of_relative_residual_frobNorm_inverse_of_A_norm_nonneg	NumStability.Analysis.BeneficialRounding	NumStability.Analysis.BeneficialRounding	canonical_in_place	theorem	public	-	-
NumStability.inverseIteration_perturbed_shiftedSolve_eigenResidual_norm_le_of_rank_one_backward_error_residual_target_coeff_of_relative_residual_frobNorm_inverse_of_eigenpair_of_A_norm_nonneg	NumStability.Analysis.BeneficialRounding	NumStability.Analysis.BeneficialRounding	canonical_in_place	theorem	public	-	-
NumStability.inverseIteration_perturbed_shiftedSolve_eigenResidual_norm_le_of_rank_one_backward_error_residual_target_scale_frobNorm_inverse_of_A_norm_nonneg	NumStability.Analysis.BeneficialRounding	NumStability.Analysis.BeneficialRounding	canonical_in_place	theorem	public	-	-
NumStability.inverseIteration_perturbed_shiftedSolve_eigenResidual_norm_le_of_rank_one_backward_error_residual_target_scale_of_A_norm_nonneg	NumStability.Analysis.BeneficialRounding	NumStability.Analysis.BeneficialRounding	canonical_in_place	theorem	public	-	-
NumStability.inverseIteration_perturbed_shiftedSolve_eigenResidual_norm_le_of_rank_one_backward_error_residual_target_scale_of_relative_residual_frobNorm_inverse_of_A_norm_nonneg	NumStability.Analysis.BeneficialRounding	NumStability.Analysis.BeneficialRounding	canonical_in_place	theorem	public	-	-
NumStability.inverseIteration_perturbed_shiftedSolve_eigenResidual_norm_le_of_rank_one_backward_error_residual_target_scale_of_relative_residual_of_A_norm_nonneg	NumStability.Analysis.BeneficialRounding	NumStability.Analysis.BeneficialRounding	canonical_in_place	theorem	public	-	-
NumStability.inverseIteration_perturbed_shiftedSolve_eq_exact_add_leftInverse_residual_expansion	NumStability.Analysis.BeneficialRounding	NumStability.Analysis.BeneficialRounding	canonical_in_place	theorem	public	-	-
NumStability.inverseIteration_perturbed_shiftedSolve_near_parallel_decomposition_of_backward_error_eigenbasis_component_absolute_budget	NumStability.Analysis.BeneficialRounding	NumStability.Analysis.BeneficialRounding	canonical_in_place	theorem	public	-	-
NumStability.inverseIteration_perturbed_shiftedSolve_near_parallel_decomposition_of_backward_error_eigenbasis_component_target_radius_gap	NumStability.Analysis.BeneficialRounding	NumStability.Analysis.BeneficialRounding	canonical_in_place	theorem	public	-	-
NumStability.inverseIteration_perturbed_shiftedSolve_near_parallel_decomposition_of_backward_error_inverse_opNorm_residual_gap_absolute	NumStability.Analysis.BeneficialRounding	NumStability.Analysis.BeneficialRounding	canonical_in_place	theorem	public	-	-
NumStability.inverseIteration_perturbed_shiftedSolve_near_parallel_decomposition_of_backward_error_inverse_opNorm_residual_gap_absolute_uniform_eigenvector_norm	NumStability.Analysis.BeneficialRounding	NumStability.Analysis.BeneficialRounding	canonical_in_place	theorem	public	-	-
NumStability.inverseIteration_perturbed_shiftedSolve_near_parallel_decomposition_of_backward_error_matrix_inverse_opNorm_budget	NumStability.Analysis.BeneficialRounding	NumStability.Analysis.BeneficialRounding	canonical_in_place	theorem	public	-	-
NumStability.inverseIteration_perturbed_shiftedSolve_near_parallel_decomposition_of_backward_error_matrix_inverse_opNorm_direct_target	NumStability.Analysis.BeneficialRounding	NumStability.Analysis.BeneficialRounding	canonical_in_place	theorem	public	-	-
NumStability.inverseIteration_perturbed_shiftedSolve_near_parallel_decomposition_of_backward_error_matrix_inverse_opNorm_explicit_beta	NumStability.Analysis.BeneficialRounding	NumStability.Analysis.BeneficialRounding	canonical_in_place	theorem	public	-	-
NumStability.inverseIteration_perturbed_shiftedSolve_near_parallel_decomposition_of_backward_error_orthogonal_eigenbasis_opNorm_eigengap_absolute	NumStability.Analysis.BeneficialRounding	NumStability.Analysis.BeneficialRounding	canonical_in_place	theorem	public	-	-
NumStability.inverseIteration_perturbed_shiftedSolve_near_parallel_decomposition_of_backward_error_orthogonal_eigenbasis_residual_eigengap_absolute	NumStability.Analysis.BeneficialRounding	NumStability.Analysis.BeneficialRounding	canonical_in_place	theorem	public	-	-
NumStability.inverseIteration_perturbed_shiftedSolve_near_parallel_decomposition_of_backward_error_orthogonal_eigenbasis_residual_gap_absolute	NumStability.Analysis.BeneficialRounding	NumStability.Analysis.BeneficialRounding	canonical_in_place	theorem	public	-	-
NumStability.inverseIteration_perturbed_shiftedSolve_near_parallel_decomposition_of_rank_one_backward_error_direct_target	NumStability.Analysis.BeneficialRounding	NumStability.Analysis.BeneficialRounding	canonical_in_place	theorem	public	-	-
NumStability.inverseIteration_perturbed_shiftedSolve_near_parallel_decomposition_of_rank_one_backward_error_direct_target_residual_norm	NumStability.Analysis.BeneficialRounding	NumStability.Analysis.BeneficialRounding	canonical_in_place	theorem	public	-	-
NumStability.inverseIteration_perturbed_shiftedSolve_near_parallel_decomposition_of_rank_one_backward_error_residual_target_coeff	NumStability.Analysis.BeneficialRounding	NumStability.Analysis.BeneficialRounding	canonical_in_place	theorem	public	-	-
NumStability.inverseIteration_perturbed_shiftedSolve_near_parallel_decomposition_of_rank_one_backward_error_residual_target_coeff_frobNorm_inverse	NumStability.Analysis.BeneficialRounding	NumStability.Analysis.BeneficialRounding	canonical_in_place	theorem	public	-	-
NumStability.inverseIteration_perturbed_shiftedSolve_near_parallel_decomposition_of_rank_one_backward_error_residual_target_coeff_frobNorm_inverse_of_eigenpair	NumStability.Analysis.BeneficialRounding	NumStability.Analysis.BeneficialRounding	canonical_in_place	theorem	public	-	-
NumStability.inverseIteration_perturbed_shiftedSolve_near_parallel_decomposition_of_rank_one_backward_error_residual_target_coeff_of_relative_residual_frobNorm_inverse	NumStability.Analysis.BeneficialRounding	NumStability.Analysis.BeneficialRounding	canonical_in_place	theorem	public	-	-
NumStability.inverseIteration_perturbed_shiftedSolve_near_parallel_decomposition_of_rank_one_backward_error_residual_target_coeff_of_relative_residual_frobNorm_inverse_of_eigenpair	NumStability.Analysis.BeneficialRounding	NumStability.Analysis.BeneficialRounding	canonical_in_place	theorem	public	-	-
NumStability.inverseIteration_perturbed_shiftedSolve_near_parallel_decomposition_of_rank_one_backward_error_residual_target_scale	NumStability.Analysis.BeneficialRounding	NumStability.Analysis.BeneficialRounding	canonical_in_place	theorem	public	-	-
NumStability.inverseIteration_perturbed_shiftedSolve_near_parallel_decomposition_of_rank_one_backward_error_residual_target_scale_frobNorm_inverse	NumStability.Analysis.BeneficialRounding	NumStability.Analysis.BeneficialRounding	canonical_in_place	theorem	public	-	-
NumStability.inverseIteration_perturbed_shiftedSolve_near_parallel_decomposition_of_rank_one_backward_error_residual_target_scale_of_relative_residual	NumStability.Analysis.BeneficialRounding	NumStability.Analysis.BeneficialRounding	canonical_in_place	theorem	public	-	-
NumStability.inverseIteration_perturbed_shiftedSolve_near_parallel_decomposition_of_rank_one_backward_error_residual_target_scale_of_relative_residual_frobNorm_inverse	NumStability.Analysis.BeneficialRounding	NumStability.Analysis.BeneficialRounding	canonical_in_place	theorem	public	-	-
NumStability.inverseIteration_reciprocal_shift_distance_le_ratio_of_target_distance_le_of_sep_le	NumStability.Analysis.BeneficialRounding	NumStability.Analysis.BeneficialRounding	canonical_in_place	theorem	public	-	-
NumStability.inverseIteration_relative_tail_le_of_pred_mul_rho_le_eps_mul_sep	NumStability.Analysis.BeneficialRounding	NumStability.Analysis.BeneficialRounding	canonical_in_place	theorem	public	-	-
NumStability.inverseIteration_relative_tail_le_of_rho_le_eps_mul_sep_div_pred	NumStability.Analysis.BeneficialRounding	NumStability.Analysis.BeneficialRounding	canonical_in_place	theorem	public	-	-
NumStability.inverseIteration_residual_gap_tail_sum_le_uniform_eigenvector_norm	NumStability.Analysis.BeneficialRounding	NumStability.Analysis.BeneficialRounding	canonical_in_place	theorem	public	-	-
NumStability.inverseIteration_shift_ratio_of_uniform_target_radius_and_gap	NumStability.Analysis.BeneficialRounding	NumStability.Analysis.BeneficialRounding	canonical_in_place	theorem	public	-	-
NumStability.inverseIteration_shiftedInverse_amplification_abs_eq	NumStability.Analysis.BeneficialRounding	NumStability.Analysis.BeneficialRounding	canonical_in_place	theorem	public	-	-
NumStability.inverseIteration_shiftedInverse_amplification_strict_of_abs_shift_lt	NumStability.Analysis.BeneficialRounding	NumStability.Analysis.BeneficialRounding	canonical_in_place	theorem	public	-	-
NumStability.inverseIteration_shiftedInverse_eigenvector_expansion_of_leftInverse	NumStability.Analysis.BeneficialRounding	NumStability.Analysis.BeneficialRounding	canonical_in_place	theorem	public	-	-
NumStability.inverseIteration_shiftedInverse_eigenvector_expansion_target_tail_of_leftInverse	NumStability.Analysis.BeneficialRounding	NumStability.Analysis.BeneficialRounding	canonical_in_place	theorem	public	-	-
NumStability.inverseIteration_shiftedInverse_mul_eigenvector_of_leftInverse	NumStability.Analysis.BeneficialRounding	NumStability.Analysis.BeneficialRounding	canonical_in_place	theorem	public	-	-
NumStability.inverseIteration_shiftedMatrix_mul_eigenvector	NumStability.Analysis.BeneficialRounding	NumStability.Analysis.BeneficialRounding	canonical_in_place	theorem	public	-	-
NumStability.inverseIteration_shiftedSolve_eigenResidual_norm_le_of_relative_residual_orthogonal_eigenbasis_eigengap_absolute_of_A_norm_nonneg	NumStability.Analysis.BeneficialRounding	NumStability.Analysis.BeneficialRounding	canonical_in_place	theorem	public	-	-
NumStability.inverseIteration_shiftedSolve_eigenResidual_norm_le_of_relative_residual_orthogonal_eigenbasis_eigengap_relative_tail_of_A_norm_nonneg	NumStability.Analysis.BeneficialRounding	NumStability.Analysis.BeneficialRounding	canonical_in_place	theorem	public	-	-
NumStability.inverseIteration_shiftedSolve_error_eigenResidual_norm_le_of_residual_eigenbasis_component_shift_ratios	NumStability.Analysis.BeneficialRounding	NumStability.Analysis.BeneficialRounding	canonical_in_place	theorem	public	-	-
NumStability.inverseIteration_shiftedSolve_error_eigenResidual_norm_le_of_residual_eigenbasis_component_shift_ratios_of_A_norm_nonneg	NumStability.Analysis.BeneficialRounding	NumStability.Analysis.BeneficialRounding	canonical_in_place	theorem	public	-	-
NumStability.inverseIteration_shiftedSolve_error_eigenResidual_norm_le_of_residual_eigenbasis_component_target_radius_gap	NumStability.Analysis.BeneficialRounding	NumStability.Analysis.BeneficialRounding	canonical_in_place	theorem	public	-	-
NumStability.inverseIteration_shiftedSolve_error_eigenResidual_norm_le_of_residual_eigenbasis_component_target_radius_gap_of_A_norm_nonneg	NumStability.Analysis.BeneficialRounding	NumStability.Analysis.BeneficialRounding	canonical_in_place	theorem	public	-	-
NumStability.inverseIteration_shiftedSolve_near_parallel_decomposition_of_relative_residual_orthogonal_eigenbasis_eigengap_absolute	NumStability.Analysis.BeneficialRounding	NumStability.Analysis.BeneficialRounding	canonical_in_place	theorem	public	-	-
NumStability.inverseIteration_shiftedSolve_near_parallel_decomposition_of_relative_residual_orthogonal_eigenbasis_eigengap_relative_tail	NumStability.Analysis.BeneficialRounding	NumStability.Analysis.BeneficialRounding	canonical_in_place	theorem	public	-	-
NumStability.inverseIteration_shiftedSystem_solution_on_eigenvector	NumStability.Analysis.BeneficialRounding	NumStability.Analysis.BeneficialRounding	canonical_in_place	theorem	public	-	-
NumStability.inverseIteration_target_amplified_scale_pos_of_coeff_ne_zero	NumStability.Analysis.BeneficialRounding	NumStability.Analysis.BeneficialRounding	canonical_in_place	theorem	public	-	-
NumStability.inverseIteration_target_coeff_vecNorm_scale_pos_of_coeff_ne_zero	NumStability.Analysis.BeneficialRounding	NumStability.Analysis.BeneficialRounding	canonical_in_place	theorem	public	-	-
NumStability.inverse_row_identity_le_card_mul_maxEntryNorm	NumStability.Algorithms.LU.GrowthFactor	NumStability.Algorithms.LU.GrowthFactor	canonical_in_place	theorem	public	-	-
NumStability.isBackwardStable	NumStability.Analysis.Stability	NumStability.Analysis.Stability	canonical_in_place	definition	public	-	-
NumStability.isBanded_common_of_le	NumStability.Algorithms.LU.Tridiagonal	NumStability.Algorithms.LU.Tridiagonal	canonical_in_place	theorem	public	-	-
NumStability.isBanded_mono	NumStability.Algorithms.LU.Tridiagonal	NumStability.Algorithms.LU.Tridiagonal	canonical_in_place	theorem	public	-	-
NumStability.isBanded_one_one_of_isTridiagonal	NumStability.Algorithms.LU.Tridiagonal	NumStability.Algorithms.LU.Tridiagonal	canonical_in_place	theorem	public	-	-
NumStability.isClosed_ch7LpLeftScaledCondReciprocalCompactCoreOfReal	NumStability.Analysis.HighamChapter7	NumStability.Source.Higham.Chapter07.LinearSystemsConditioning.Theorem05.Part03	move_candidate	theorem	public	NumStability.isClosed_ch7LpLeftScaledCondReciprocalCompactCoreOfReal	11235
NumStability.isClosed_ch7LpLeftScaledCondReciprocalCompactSublevelOfReal	NumStability.Analysis.HighamChapter7	NumStability.Source.Higham.Chapter07.LinearSystemsConditioning.Theorem05.Part03	move_candidate	theorem	public	NumStability.isClosed_ch7LpLeftScaledCondReciprocalCompactSublevelOfReal	11334
NumStability.isClosed_ch7LpRightScaledCondReciprocalCompactCoreOfReal	NumStability.Analysis.HighamChapter7	NumStability.Source.Higham.Chapter07.LinearSystemsConditioning.Theorem05.Part03	move_candidate	theorem	public	NumStability.isClosed_ch7LpRightScaledCondReciprocalCompactCoreOfReal	10293
NumStability.isClosed_ch7LpRightScaledCondReciprocalCompactSublevelOfReal	NumStability.Analysis.HighamChapter7	NumStability.Source.Higham.Chapter07.LinearSystemsConditioning.Theorem05.Part03	move_candidate	theorem	public	NumStability.isClosed_ch7LpRightScaledCondReciprocalCompactSublevelOfReal	10400
NumStability.isClosed_ch7Op2LeftScaledCondReciprocalCompactCore	NumStability.Analysis.HighamChapter7	NumStability.Source.Higham.Chapter07.LinearSystemsConditioning.Theorem05.Part04	move_candidate	theorem	public	NumStability.isClosed_ch7Op2LeftScaledCondReciprocalCompactCore	12743
NumStability.isClosed_ch7Op2LeftScaledCondReciprocalCompactSublevel	NumStability.Analysis.HighamChapter7	NumStability.Source.Higham.Chapter07.LinearSystemsConditioning.Theorem05.Part04	move_candidate	theorem	public	NumStability.isClosed_ch7Op2LeftScaledCondReciprocalCompactSublevel	12827
NumStability.isClosed_ch7Op2RightScaledCondReciprocalCompactCore	NumStability.Analysis.HighamChapter7	NumStability.Source.Higham.Chapter07.LinearSystemsConditioning.Theorem05.Part04	move_candidate	theorem	public	NumStability.isClosed_ch7Op2RightScaledCondReciprocalCompactCore	12000
NumStability.isClosed_ch7Op2RightScaledCondReciprocalCompactSublevel	NumStability.Analysis.HighamChapter7	NumStability.Source.Higham.Chapter07.LinearSystemsConditioning.Theorem05.Part04	move_candidate	theorem	public	NumStability.isClosed_ch7Op2RightScaledCondReciprocalCompactSublevel	12084
NumStability.isCompact_ch7LpLeftScaledCondReciprocalCompactCoreOfReal	NumStability.Analysis.HighamChapter7	NumStability.Source.Higham.Chapter07.LinearSystemsConditioning.Theorem05.Part03	move_candidate	theorem	public	NumStability.isCompact_ch7LpLeftScaledCondReciprocalCompactCoreOfReal	11283
NumStability.isCompact_ch7LpLeftScaledCondReciprocalCompactSublevelOfReal	NumStability.Analysis.HighamChapter7	NumStability.Source.Higham.Chapter07.LinearSystemsConditioning.Theorem05.Part03	move_candidate	theorem	public	NumStability.isCompact_ch7LpLeftScaledCondReciprocalCompactSublevelOfReal	11359
NumStability.isCompact_ch7LpRightScaledCondReciprocalCompactCoreOfReal	NumStability.Analysis.HighamChapter7	NumStability.Source.Higham.Chapter07.LinearSystemsConditioning.Theorem05.Part03	move_candidate	theorem	public	NumStability.isCompact_ch7LpRightScaledCondReciprocalCompactCoreOfReal	10341
NumStability.isCompact_ch7LpRightScaledCondReciprocalCompactSublevelOfReal	NumStability.Analysis.HighamChapter7	NumStability.Source.Higham.Chapter07.LinearSystemsConditioning.Theorem05.Part03	move_candidate	theorem	public	NumStability.isCompact_ch7LpRightScaledCondReciprocalCompactSublevelOfReal	10425
NumStability.isCompact_ch7Op2LeftScaledCondReciprocalCompactCore	NumStability.Analysis.HighamChapter7	NumStability.Source.Higham.Chapter07.LinearSystemsConditioning.Theorem05.Part04	move_candidate	theorem	public	NumStability.isCompact_ch7Op2LeftScaledCondReciprocalCompactCore	12789
NumStability.isCompact_ch7Op2LeftScaledCondReciprocalCompactSublevel	NumStability.Analysis.HighamChapter7	NumStability.Source.Higham.Chapter07.LinearSystemsConditioning.Theorem05.Part04	move_candidate	theorem	public	NumStability.isCompact_ch7Op2LeftScaledCondReciprocalCompactSublevel	12848
NumStability.isCompact_ch7Op2RightScaledCondReciprocalCompactCore	NumStability.Analysis.HighamChapter7	NumStability.Source.Higham.Chapter07.LinearSystemsConditioning.Theorem05.Part04	move_candidate	theorem	public	NumStability.isCompact_ch7Op2RightScaledCondReciprocalCompactCore	12046
NumStability.isCompact_ch7Op2RightScaledCondReciprocalCompactSublevel	NumStability.Analysis.HighamChapter7	NumStability.Source.Higham.Chapter07.LinearSystemsConditioning.Theorem05.Part04	move_candidate	theorem	public	NumStability.isCompact_ch7Op2RightScaledCondReciprocalCompactSublevel	12105
NumStability.isForwardStableRelativeTo	NumStability.Analysis.Stability	NumStability.Analysis.Stability	canonical_in_place	definition	public	-	-
NumStability.isInternal_maxGenEigenspace	NumStability.Analysis.SemiconvergentSpectral	NumStability.Analysis.SemiconvergentSpectral	canonical_in_place	theorem	public	-	-
NumStability.isInternal_maxGenEigenspace_and_one_block	NumStability.Analysis.SemiconvergentSpectral	NumStability.Analysis.SemiconvergentSpectral	canonical_in_place	theorem	public	-	-
NumStability.isNumericallyStable	NumStability.Analysis.Stability	NumStability.Analysis.Stability	canonical_in_place	definition	public	-	-
NumStability.isRelComponentwiseBackwardStable	NumStability.Analysis.Stability	NumStability.Analysis.Stability	canonical_in_place	definition	public	-	-
NumStability.isRightEigenpair_smul	NumStability.Analysis.BeneficialRounding	NumStability.Analysis.BeneficialRounding	canonical_in_place	theorem	public	-	-
NumStability.isRightInverse_scaled	NumStability.Analysis.SemiconvergentBlockFormExists	NumStability.Analysis.SemiconvergentBlockFormExists	canonical_in_place	theorem	public	-	-
NumStability.isTridiagonal_iff_isBanded	NumStability.Algorithms.LU.Tridiagonal	NumStability.Algorithms.LU.Tridiagonal	canonical_in_place	theorem	public	-	-
NumStability.isTridiagonal_of_isBanded_one_one	NumStability.Algorithms.LU.Tridiagonal	NumStability.Algorithms.LU.Tridiagonal	canonical_in_place	theorem	public	-	-
NumStability.isVectorBackwardStable	NumStability.Analysis.Stability	NumStability.Analysis.Stability	canonical_in_place	definition	public	-	-
NumStability.isVectorForwardStableRelativeTo	NumStability.Analysis.Stability	NumStability.Analysis.Stability	canonical_in_place	definition	public	-	-
NumStability.isVectorNumericallyStable	NumStability.Analysis.Stability	NumStability.Analysis.Stability	canonical_in_place	definition	public	-	-
NumStability.isWellConditioned	NumStability.Analysis.Stability	NumStability.Analysis.Stability	canonical_in_place	definition	public	-	-
NumStability.jordanChain2_orbit_norm_tendsto_atTop	NumStability.Analysis.SemiconvergentExistenceGaps	NumStability.Analysis.SemiconvergentExistenceGaps	canonical_in_place	theorem	public	-	-
NumStability.jordanChain2_pow_apply	NumStability.Analysis.SemiconvergentExistenceGaps	NumStability.Analysis.SemiconvergentExistenceGaps	canonical_in_place	theorem	public	-	-
NumStability.kahanFF_fl_add_comm_of_neumaierCondition	NumStability.Algorithms.NeumaierCompensatedFiniteFormat	NumStability.Algorithms.Summation.Compensated.Neumaier.AdaptiveFiniteFormat	move_candidate	theorem	public	NumStability.kahanFF_fl_add_comm_of_neumaierCondition	575
NumStability.kahanHeronArea	NumStability.Analysis.Heron	NumStability.Analysis.Heron	canonical_in_place	definition	public	-	-
NumStability.kahanHeronArea_pos_of_kahanOrderedTriangleSides	NumStability.Analysis.Heron	NumStability.Analysis.Heron	canonical_in_place	theorem	public	-	-
NumStability.kahanHeronArea_sq_eq_heronRadicand_of_kahanOrderedTriangleSides	NumStability.Analysis.Heron	NumStability.Analysis.Heron	canonical_in_place	theorem	public	-	-
NumStability.kahanHeronBminusCRelativeDistortion	NumStability.Analysis.Heron	NumStability.Analysis.Heron	canonical_in_place	definition	public	-	-
NumStability.kahanHeronBplusCRelativeDistortion	NumStability.Analysis.Heron	NumStability.Analysis.Heron	canonical_in_place	definition	public	-	-
NumStability.kahanHeronExactFactors_pos_of_kahanOrderedTriangleSides	NumStability.Analysis.Heron	NumStability.Analysis.Heron	canonical_in_place	theorem	public	-	-
NumStability.kahanHeronExpandedRadicand	NumStability.Analysis.Heron	NumStability.Analysis.Heron	canonical_in_place	definition	public	-	-
NumStability.kahanHeronExpandedRadicand_eq_exact_mul_local_factors	NumStability.Analysis.Heron	NumStability.Analysis.Heron	canonical_in_place	theorem	public	-	-
NumStability.kahanHeronFactor1_perturbed_eq_exact_mul_local_factor	NumStability.Analysis.Heron	NumStability.Analysis.Heron	canonical_in_place	theorem	public	-	-
NumStability.kahanHeronFactor4_perturbed_eq_exact_mul_local_factor	NumStability.Analysis.Heron	NumStability.Analysis.Heron	canonical_in_place	theorem	public	-	-
NumStability.kahanHeronFactor_a_add_b_add_c_pos	NumStability.Analysis.Heron	NumStability.Analysis.Heron	canonical_in_place	theorem	public	-	-
NumStability.kahanHeronFactor_a_add_b_sub_c_pos	NumStability.Analysis.Heron	NumStability.Analysis.Heron	canonical_in_place	theorem	public	-	-
NumStability.kahanHeronFactor_b_add_c_pos	NumStability.Analysis.Heron	NumStability.Analysis.Heron	canonical_in_place	theorem	public	-	-
NumStability.kahanHeronFactor_b_sub_c_pos	NumStability.Analysis.Heron	NumStability.Analysis.Heron	canonical_in_place	theorem	public	-	-
NumStability.kahanHeronFactor_c_add_a_sub_b_pos	NumStability.Analysis.Heron	NumStability.Analysis.Heron	canonical_in_place	theorem	public	-	-
NumStability.kahanHeronFactor_c_sub_a_sub_b_pos	NumStability.Analysis.Heron	NumStability.Analysis.Heron	canonical_in_place	theorem	public	-	-
NumStability.kahanHeronRadicand	NumStability.Analysis.Heron	NumStability.Analysis.Heron	canonical_in_place	definition	public	-	-
NumStability.kahanHeronRadicandLocalErrors	NumStability.Analysis.Heron	NumStability.Analysis.Heron	canonical_in_place	definition	public	-	-
NumStability.kahanHeronRadicandLocalErrors_abs_le_unitRoundoff	NumStability.Analysis.Heron	NumStability.Analysis.Heron	canonical_in_place	theorem	public	-	-
NumStability.kahanHeronRadicandLocalFactorProduct	NumStability.Analysis.Heron	NumStability.Analysis.Heron	canonical_in_place	definition	public	-	-
NumStability.kahanHeronRadicandLocalFactorProduct_eq_prod	NumStability.Analysis.Heron	NumStability.Analysis.Heron	canonical_in_place	theorem	public	-	-
NumStability.kahanHeronRadicand_eq_sixteen_mul_heronRadicand	NumStability.Analysis.Heron	NumStability.Analysis.Heron	canonical_in_place	theorem	public	-	-
NumStability.kahanHeronRadicand_local_factor_product_algebra	NumStability.Analysis.Heron	NumStability.Analysis.Heron	canonical_in_place	theorem	public	-	-
NumStability.kahanHeronRadicand_pos_of_kahanOrderedTriangleSides	NumStability.Analysis.Heron	NumStability.Analysis.Heron	canonical_in_place	theorem	public	-	-
NumStability.kahanHeronRatio_b_add_c_abs_le_one	NumStability.Analysis.Heron	NumStability.Analysis.Heron	canonical_in_place	theorem	public	-	-
NumStability.kahanHeronRatio_b_sub_c_abs_le_one	NumStability.Analysis.Heron	NumStability.Analysis.Heron	canonical_in_place	theorem	public	-	-
NumStability.kahanHeronScaled_b_add_c_delta_abs_le_unitRoundoff	NumStability.Analysis.Heron	NumStability.Analysis.Heron	canonical_in_place	theorem	public	-	-
NumStability.kahanHeronScaled_b_sub_c_delta_abs_le_unitRoundoff	NumStability.Analysis.Heron	NumStability.Analysis.Heron	canonical_in_place	theorem	public	-	-
NumStability.kahanHeronTraceStandardModel	NumStability.Analysis.Heron	NumStability.Analysis.Heron	canonical_in_place	definition	public	-	-
NumStability.kahanHeronTraceStandardModel_area_eq_expanded	NumStability.Analysis.Heron	NumStability.Analysis.Heron	canonical_in_place	theorem	public	-	-
NumStability.kahanHeronTraceStandardModel_area_eq_gamma9_radicand	NumStability.Analysis.Heron	NumStability.Analysis.Heron	canonical_in_place	theorem	public	-	-
NumStability.kahanHeronTraceStandardModel_area_eq_kahanArea_mul_sqrt_gamma9	NumStability.Analysis.Heron	NumStability.Analysis.Heron	canonical_in_place	theorem	public	-	-
NumStability.kahanHeronTraceStandardModel_area_relError_le_gamma9_unitRoundoff	NumStability.Analysis.Heron	NumStability.Analysis.Heron	canonical_in_place	theorem	public	-	-
NumStability.kahanHeronTraceStandardModel_radicand_eq_expanded	NumStability.Analysis.Heron	NumStability.Analysis.Heron	canonical_in_place	theorem	public	-	-
NumStability.kahanHeronTraceStandardModel_radicand_rel_error_le_gamma9	NumStability.Analysis.Heron	NumStability.Analysis.Heron	canonical_in_place	theorem	public	-	-
NumStability.kahanOrderedTriangleSides	NumStability.Analysis.Heron	NumStability.Analysis.Heron	canonical_in_place	definition	public	-	-
NumStability.kahanOrderedTriangleSides_a_pos	NumStability.Analysis.Heron	NumStability.Analysis.Heron	canonical_in_place	theorem	public	-	-
NumStability.kahanOrderedTriangleSides_a_sub_b_lt_c	NumStability.Analysis.Heron	NumStability.Analysis.Heron	canonical_in_place	theorem	public	-	-
NumStability.kahanOrderedTriangleSides_a_sub_b_pos	NumStability.Analysis.Heron	NumStability.Analysis.Heron	canonical_in_place	theorem	public	-	-
NumStability.kahanOrderedTriangleSides_b_pos	NumStability.Analysis.Heron	NumStability.Analysis.Heron	canonical_in_place	theorem	public	-	-
NumStability.kahanOrderedTriangleSides_sterbenzRatioCondition_a_b	NumStability.Analysis.Heron	NumStability.Analysis.Heron	canonical_in_place	theorem	public	-	-
NumStability.lapack_condEstimate_le_kappaOne	NumStability.Analysis.ConditionEstimatorLowerBound	NumStability.Analysis.ConditionEstimatorLowerBound	canonical_in_place	theorem	public	-	-
NumStability.lemma7_9_componentwise_bound	NumStability.Analysis.HighamChapter7	NumStability.Source.Higham.Chapter07.LinearSystemsConditioning.Lemma09	move_candidate	theorem	public	NumStability.lemma7_9_componentwise_bound	25498
NumStability.lemma7_9_exact_for_residual_multiple	NumStability.Analysis.HighamChapter7	NumStability.Source.Higham.Chapter07.LinearSystemsConditioning.Lemma09	move_candidate	theorem	public	NumStability.lemma7_9_exact_for_residual_multiple	25559
NumStability.lemma7_9_relative_infNorm_bound	NumStability.Analysis.HighamChapter7	NumStability.Source.Higham.Chapter07.LinearSystemsConditioning.Lemma09	move_candidate	theorem	public	NumStability.lemma7_9_relative_infNorm_bound	25523
NumStability.levelIndexBackward	NumStability.Analysis.AlternativeNumberSystems	NumStability.Analysis.AlternativeNumberSystems	canonical_in_place	definition	public	-	-
NumStability.levelIndexBackward_forward	NumStability.Analysis.AlternativeNumberSystems	NumStability.Analysis.AlternativeNumberSystems	canonical_in_place	theorem	public	-	-
NumStability.levelIndexBackward_succ	NumStability.Analysis.AlternativeNumberSystems	NumStability.Analysis.AlternativeNumberSystems	canonical_in_place	theorem	public	-	-
NumStability.levelIndexBackward_zero	NumStability.Analysis.AlternativeNumberSystems	NumStability.Analysis.AlternativeNumberSystems	canonical_in_place	theorem	public	-	-
NumStability.levelIndexForward	NumStability.Analysis.AlternativeNumberSystems	NumStability.Analysis.AlternativeNumberSystems	canonical_in_place	definition	public	-	-
NumStability.levelIndexForward_succ	NumStability.Analysis.AlternativeNumberSystems	NumStability.Analysis.AlternativeNumberSystems	canonical_in_place	theorem	public	-	-
NumStability.levelIndexForward_zero	NumStability.Analysis.AlternativeNumberSystems	NumStability.Analysis.AlternativeNumberSystems	canonical_in_place	theorem	public	-	-
NumStability.linear_combo_three_rightEigenvectors_zero_apply_A	NumStability.Analysis.BeneficialRounding	NumStability.Analysis.BeneficialRounding	canonical_in_place	theorem	public	-	-
NumStability.linear_contraction	NumStability.Algorithms.IterativeRefinement	NumStability.Algorithms.LinearSystems.IterativeRefinement.Core	move_candidate	theorem	public	NumStability.linear_contraction	655
NumStability.linear_contraction_steady_state	NumStability.Algorithms.IterativeRefinement	NumStability.Algorithms.LinearSystems.IterativeRefinement.Core	move_candidate	theorem	public	NumStability.linear_contraction_steady_state	682
NumStability.localCorrections_partialSums_abs_sum_le_exactPrefixes_plus_self	NumStability.Algorithms.NeumaierCompensatedFiniteFormat	NumStability.Algorithms.NeumaierCompensatedFiniteFormat	retain_historical	theorem	public	NumStability.localCorrections_partialSums_abs_sum_le_exactPrefixes_plus_self	344
NumStability.logExpProductExact	NumStability.Algorithms.LogExpProduct	NumStability.Algorithms.LogExpProduct	canonical_in_place	definition	public	-	-
NumStability.logExpProductExact_eq_sum	NumStability.Algorithms.LogExpProduct	NumStability.Algorithms.LogExpProduct	canonical_in_place	theorem	public	-	-
NumStability.logExpProductTrace	NumStability.Algorithms.LogExpProduct	NumStability.Algorithms.LogExpProduct	canonical_in_place	definition	public	-	-
NumStability.logExpProductTrace_expValues	NumStability.Algorithms.LogExpProduct	NumStability.Algorithms.LogExpProduct	canonical_in_place	theorem	public	-	-
NumStability.logExpProductTrace_productValue	NumStability.Algorithms.LogExpProduct	NumStability.Algorithms.LogExpProduct	canonical_in_place	theorem	public	-	-
NumStability.logExpProductTrace_result	NumStability.Algorithms.LogExpProduct	NumStability.Algorithms.LogExpProduct	canonical_in_place	theorem	public	-	-
NumStability.logExpProduct_composed_error	NumStability.Algorithms.LogExpProduct	NumStability.Algorithms.LogExpProduct	canonical_in_place	theorem	public	-	-
NumStability.logExpProduct_final_abs_error_eq	NumStability.Algorithms.LogExpProduct	NumStability.Algorithms.LogExpProduct	canonical_in_place	theorem	public	-	-
NumStability.logExpProduct_final_error_eq	NumStability.Algorithms.LogExpProduct	NumStability.Algorithms.LogExpProduct	canonical_in_place	theorem	public	-	-
NumStability.logExpProduct_final_relError_eq	NumStability.Algorithms.LogExpProduct	NumStability.Algorithms.LogExpProduct	canonical_in_place	theorem	public	-	-
NumStability.logExpProduct_product_perturbation	NumStability.Algorithms.LogExpProduct	NumStability.Algorithms.LogExpProduct	canonical_in_place	theorem	public	-	-
NumStability.lowerBidiagInvEntry	NumStability.Algorithms.LU.TridiagonalCond	NumStability.Algorithms.LU.TridiagonalCond	canonical_in_place	definition	public	-	-
NumStability.lowerBidiagInvEntry_diag	NumStability.Algorithms.LU.TridiagonalCond	NumStability.Algorithms.LU.TridiagonalCond	canonical_in_place	theorem	public	-	-
NumStability.lower_tri_mmatrix_solution_nonneg	NumStability.Algorithms.MMatrix	NumStability.Algorithms.MMatrix	canonical_in_place	theorem	public	-	-
NumStability.luFirstSchurComplement	NumStability.Algorithms.LU.GaussianElimination	NumStability.Algorithms.LU.GaussianElimination	canonical_in_place	definition	public	-	-
NumStability.luFirstStepL	NumStability.Algorithms.LU.GaussianElimination	NumStability.Algorithms.LU.GaussianElimination	canonical_in_place	definition	public	-	-
NumStability.luFirstStepU	NumStability.Algorithms.LU.GaussianElimination	NumStability.Algorithms.LU.GaussianElimination	canonical_in_place	definition	public	-	-
NumStability.lu_backward_error_gamma	NumStability.Algorithms.LU.GaussianElimination	NumStability.Algorithms.LU.GaussianElimination	canonical_in_place	theorem	public	-	-
NumStability.lu_backward_error_perturbation	NumStability.Algorithms.LU.GaussianElimination	NumStability.Algorithms.LU.GaussianElimination	canonical_in_place	theorem	public	-	-
NumStability.lu_backward_error_relative	NumStability.Algorithms.LU.GaussianElimination	NumStability.Algorithms.LU.GaussianElimination	canonical_in_place	theorem	public	-	-
NumStability.lu_perturbation_bound	NumStability.Algorithms.LU.GaussianElimination	NumStability.Algorithms.LU.GaussianElimination	canonical_in_place	theorem	public	-	-
NumStability.lu_perturbation_forward_bound	NumStability.Algorithms.LU.GaussianElimination	NumStability.Algorithms.LU.GaussianElimination	canonical_in_place	theorem	public	-	-
NumStability.lu_perturbation_identity	NumStability.Algorithms.LU.GaussianElimination	NumStability.Algorithms.LU.GaussianElimination	canonical_in_place	theorem	public	-	-
NumStability.lu_perturbation_relative_bound	NumStability.Algorithms.LU.GaussianElimination	NumStability.Algorithms.LU.GaussianElimination	canonical_in_place	theorem	public	-	-
NumStability.lu_refinement_backward_stable	NumStability.Algorithms.IterativeRefinement	NumStability.Algorithms.LinearSystems.IterativeRefinement.Core	move_candidate	theorem	public	NumStability.lu_refinement_backward_stable	446
NumStability.lu_refinement_contraction_nonneg	NumStability.Algorithms.IterativeRefinement	NumStability.Algorithms.LinearSystems.IterativeRefinement.Core	move_candidate	theorem	public	NumStability.lu_refinement_contraction_nonneg	428
NumStability.lu_refinement_thm_11_4	NumStability.Algorithms.IterativeRefinement	NumStability.Source.Higham.Chapter12.IterativeRefinement.LegacyChapter11Surface	move_candidate	theorem	public	NumStability.lu_refinement_thm_11_4	1557
NumStability.lu_solve_backward_error	NumStability.Algorithms.LU.LUSolve	NumStability.Algorithms.LU.LUSolve	canonical_in_place	theorem	public	-	-
NumStability.lu_solve_backward_error_bw	NumStability.Algorithms.LU.LUSolve	NumStability.Algorithms.LU.LUSolve	canonical_in_place	theorem	public	-	-
NumStability.lu_solve_backward_error_factor_gamma	NumStability.Algorithms.LU.LUSolve	NumStability.Algorithms.LU.LUSolve	canonical_in_place	theorem	public	-	-
NumStability.lu_solve_backward_error_mixed	NumStability.Algorithms.LU.LUSolve	NumStability.Algorithms.LU.LUSolve	canonical_in_place	theorem	public	-	-
NumStability.lu_solve_backward_error_tight	NumStability.Algorithms.LU.LUSolve	NumStability.Algorithms.LU.LUSolve	canonical_in_place	theorem	public	-	-
NumStability.lu_solve_to_solver_bound	NumStability.Algorithms.IterativeRefinement	NumStability.Algorithms.LinearSystems.IterativeRefinement.Core	move_candidate	theorem	public	NumStability.lu_solve_to_solver_bound	818
NumStability.matLe	NumStability.Algorithms.IterativeRefinement	NumStability.Algorithms.LinearSystems.IterativeRefinement.Core	move_candidate	definition	public	NumStability.matLe	41
NumStability.matMulCounterexampleA	NumStability.Algorithms.MatMul	NumStability.Algorithms.MatMul	canonical_in_place	definition	public	-	-
NumStability.matMulCounterexampleB	NumStability.Algorithms.MatMul	NumStability.Algorithms.MatMul	canonical_in_place	definition	public	-	-
NumStability.matMulCounterexampleC	NumStability.Algorithms.MatMul	NumStability.Algorithms.MatMul	canonical_in_place	definition	public	-	-
NumStability.matMulCounterexampleFP	NumStability.Algorithms.MatMul	NumStability.Algorithms.MatMul	canonical_in_place	definition	public	-	-
NumStability.matMulCounterexampleFP_gammaValid_one	NumStability.Algorithms.MatMul	NumStability.Algorithms.MatMul	canonical_in_place	theorem	public	-	-
NumStability.matMulMixedBackwardForwardFeasible	NumStability.Algorithms.MatMulBackwardError	NumStability.Algorithms.MatMulBackwardError	canonical_in_place	definition	public	-	-
NumStability.matMulRelativeBackwardFeasible	NumStability.Algorithms.MatMulBackwardError	NumStability.Algorithms.MatMulBackwardError	canonical_in_place	definition	public	-	-
NumStability.matMulRelativeBackwardFeasible_residual_entry_le	NumStability.Algorithms.MatMulBackwardError	NumStability.Algorithms.MatMulBackwardError	canonical_in_place	theorem	public	-	-
NumStability.matMulRelativeBackwardFeasible_sqrt_lower_bound_entry	NumStability.Algorithms.MatMulBackwardError	NumStability.Algorithms.MatMulBackwardError	canonical_in_place	theorem	public	-	-
NumStability.matMulRelativeMajorant	NumStability.Algorithms.MatMulBackwardError	NumStability.Algorithms.MatMulBackwardError	canonical_in_place	definition	public	-	-
NumStability.matMulResidual	NumStability.Algorithms.MatMulBackwardError	NumStability.Algorithms.MatMulBackwardError	canonical_in_place	definition	public	-	-
NumStability.matMulSharpDeltaA	NumStability.Algorithms.MatMul	NumStability.Algorithms.MatMul	canonical_in_place	definition	public	-	-
NumStability.matMulSharpDeltaB	NumStability.Algorithms.MatMul	NumStability.Algorithms.MatMul	canonical_in_place	definition	public	-	-
NumStability.matMulVec_fin_sum_right	NumStability.Analysis.BeneficialRounding	NumStability.Analysis.BeneficialRounding	canonical_in_place	theorem	public	-	-
NumStability.matMulVec_smul_right	NumStability.Analysis.BeneficialRounding	NumStability.Analysis.BeneficialRounding	canonical_in_place	theorem	public	-	-
NumStability.matMulWeightedBackwardFeasible	NumStability.Algorithms.MatMulBackwardError	NumStability.Algorithms.MatMulBackwardError	canonical_in_place	definition	public	-	-
NumStability.matMulWeightedBackwardFeasible_residual_entry_le	NumStability.Algorithms.MatMulBackwardError	NumStability.Algorithms.MatMulBackwardError	canonical_in_place	theorem	public	-	-
NumStability.matMulWeightedBackwardFeasible_sqrt_lower_bound_entry	NumStability.Algorithms.MatMulBackwardError	NumStability.Algorithms.MatMulBackwardError	canonical_in_place	theorem	public	-	-
NumStability.matMulWeightedMajorant	NumStability.Algorithms.MatMulBackwardError	NumStability.Algorithms.MatMulBackwardError	canonical_in_place	definition	public	-	-
NumStability.matMul_G_Xscaled_col	NumStability.Analysis.SemiconvergentBlockFormExists	NumStability.Analysis.SemiconvergentBlockFormExists	canonical_in_place	theorem	public	-	-
NumStability.matMul_backward_error_col	NumStability.Algorithms.MatMul	NumStability.Algorithms.MatMul	canonical_in_place	theorem	public	-	-
NumStability.matMul_backward_error_common_A_of_inverse	NumStability.Algorithms.MatMul	NumStability.Algorithms.MatMul	canonical_in_place	theorem	public	-	-
NumStability.matMul_backward_error_common_B_of_inverse	NumStability.Algorithms.MatMul	NumStability.Algorithms.MatMul	canonical_in_place	theorem	public	-	-
NumStability.matMul_basisColMatrix_eq_mulVec	NumStability.Analysis.SemiconvergentExistenceComplete	NumStability.Analysis.SemiconvergentExistenceComplete	canonical_in_place	theorem	public	-	-
NumStability.matMul_conj_entry_converges	NumStability.Analysis.SemiconvergentLimitGeneral	NumStability.Analysis.SemiconvergentLimitGeneral	canonical_in_place	theorem	public	-	-
NumStability.matMul_error_bound	NumStability.Algorithms.MatMul	NumStability.Algorithms.MatMul	canonical_in_place	theorem	public	-	-
NumStability.matMul_error_bound_frobNorm	NumStability.Algorithms.MatMul	NumStability.Algorithms.MatMul	canonical_in_place	theorem	public	-	-
NumStability.matMul_error_bound_frobNormRect	NumStability.Algorithms.MatMul	NumStability.Algorithms.MatMul	canonical_in_place	theorem	public	-	-
NumStability.matMul_error_bound_frobNorm_majorant	NumStability.Algorithms.MatMul	NumStability.Algorithms.MatMul	canonical_in_place	theorem	public	-	-
NumStability.matMul_error_bound_infNormRect	NumStability.Algorithms.MatMul	NumStability.Algorithms.MatMul	canonical_in_place	theorem	public	-	-
NumStability.matMul_error_bound_oneNorm	NumStability.Algorithms.MatMul	NumStability.Algorithms.MatMul	canonical_in_place	theorem	public	-	-
NumStability.matMul_error_bound_oneNormRect	NumStability.Algorithms.MatMul	NumStability.Algorithms.MatMul	canonical_in_place	theorem	public	-	-
NumStability.matMul_error_bound_opNorm2Le_frob	NumStability.Algorithms.MatMul	NumStability.Algorithms.MatMul	canonical_in_place	theorem	public	-	-
NumStability.matMul_error_bound_rectOpNorm2Le_majorant	NumStability.Algorithms.MatMul	NumStability.Algorithms.MatMul	canonical_in_place	theorem	public	-	-
NumStability.matMul_forward_bound_sharp_A	NumStability.Algorithms.MatMul	NumStability.Algorithms.MatMul	canonical_in_place	theorem	public	-	-
NumStability.matMul_forward_bound_sharp_B	NumStability.Algorithms.MatMul	NumStability.Algorithms.MatMul	canonical_in_place	theorem	public	-	-
NumStability.matPow_G_tendsto_oneEigenProjector_of_convergence	NumStability.Analysis.SemiconvergentLimitGeneral	NumStability.Analysis.SemiconvergentLimitGeneral	canonical_in_place	theorem	public	-	-
NumStability.matPow_G_tendsto_oneEigenProjector_of_convergence_and_complement_normal_form	NumStability.Analysis.SemiconvergentExistenceComplete	NumStability.Analysis.SemiconvergentExistenceComplete	canonical_in_place	theorem	public	-	-
NumStability.matPow_G_tendsto_oneEigenProjector_of_convergence_real_spectrum	NumStability.Analysis.SemiconvergentRealSpectrumComplete	NumStability.Analysis.SemiconvergentRealSpectrumComplete	canonical_in_place	theorem	public	-	-
NumStability.matPow_G_tendsto_oneEigenProjector_of_matPow_J_tendsto	NumStability.Analysis.SemiconvergentLimitGeneral	NumStability.Analysis.SemiconvergentLimitGeneral	canonical_in_place	theorem	public	-	-
NumStability.matPow_G_tendsto_oneEigenProjector_of_quasiTriangular_complement	NumStability.Analysis.SemiconvergentExistenceFull	NumStability.Analysis.SemiconvergentExistenceFull	canonical_in_place	theorem	public	-	-
NumStability.matPow_G_tendsto_oneEigenProjector_of_spectralRadius	NumStability.Analysis.SemiconvergentLimitGeneral	NumStability.Analysis.SemiconvergentLimitGeneral	canonical_in_place	theorem	public	-	-
NumStability.matPow_G_tendsto_oneEigenProjector_of_triangular_complement	NumStability.Analysis.SemiconvergentBlockFormExists	NumStability.Analysis.SemiconvergentBlockFormExists	canonical_in_place	theorem	public	-	-
NumStability.matPow_G_tendsto_oneEigenProjector_of_triangular_complement_diag_conv	NumStability.Analysis.SemiconvergentBlockFormExists	NumStability.Analysis.SemiconvergentBlockFormExists	canonical_in_place	theorem	public	-	-
NumStability.matPow_J_eq_conj	NumStability.Analysis.SemiconvergentLimitGeneral	NumStability.Analysis.SemiconvergentLimitGeneral	canonical_in_place	theorem	public	-	-
NumStability.matPow_blockJ_eq	NumStability.Analysis.SemiconvergentLimitGeneral	NumStability.Analysis.SemiconvergentLimitGeneral	canonical_in_place	theorem	public	-	-
NumStability.matPow_blockJ_tendsto_topProjector_of_convergence	NumStability.Analysis.SemiconvergentLimitGeneral	NumStability.Analysis.SemiconvergentLimitGeneral	canonical_in_place	theorem	public	-	-
NumStability.matPow_blockJ_tendsto_topProjector_of_spectralRadius	NumStability.Analysis.SemiconvergentLimitGeneral	NumStability.Analysis.SemiconvergentLimitGeneral	canonical_in_place	theorem	public	-	-
NumStability.matPow_compBlock_top_zero	NumStability.Analysis.SemiconvergentLimitGeneral	NumStability.Analysis.SemiconvergentLimitGeneral	canonical_in_place	theorem	public	-	-
NumStability.matPow_entry_converges_of_forall_orbit_tendsto	NumStability.Analysis.SemiconvergentLimitGeneral	NumStability.Analysis.SemiconvergentLimitGeneral	canonical_in_place	theorem	public	-	-
NumStability.matPow_tendsto_zero_of_spectralRadius_lt_one	NumStability.Analysis.SemiconvergentLimitGeneral	NumStability.Analysis.SemiconvergentLimitGeneral	canonical_in_place	theorem	public	-	-
NumStability.matPrefixProd	NumStability.Algorithms.MatSeqProduct	NumStability.Algorithms.MatSeqProduct	canonical_in_place	definition	public	-	-
NumStability.matPrefixProdError	NumStability.Algorithms.MatSeqProduct	NumStability.Algorithms.MatSeqProduct	canonical_in_place	definition	public	-	-
NumStability.matPrefixProd_error_bound_from_local_errors	NumStability.Algorithms.MatSeqProduct	NumStability.Algorithms.MatSeqProduct	canonical_in_place	theorem	public	-	-
NumStability.matPrefixProd_error_bound_uniform	NumStability.Algorithms.MatSeqProduct	NumStability.Algorithms.MatSeqProduct	canonical_in_place	theorem	public	-	-
NumStability.matVec_backward_error	NumStability.Algorithms.MatVec	NumStability.Algorithms.MatVec	canonical_in_place	theorem	public	-	-
NumStability.matVec_error_bound	NumStability.Algorithms.MatVec	NumStability.Algorithms.MatVec	canonical_in_place	theorem	public	-	-
NumStability.matVec_error_bound_infNorm	NumStability.Algorithms.MatVec	NumStability.Algorithms.MatVec	canonical_in_place	theorem	public	-	-
NumStability.matVec_error_bound_infNormRect	NumStability.Algorithms.MatVec	NumStability.Algorithms.MatVec	canonical_in_place	theorem	public	-	-
NumStability.matVec_error_bound_oneNorm	NumStability.Algorithms.MatVec	NumStability.Algorithms.MatVec	canonical_in_place	theorem	public	-	-
NumStability.matVec_error_bound_oneNormRect	NumStability.Algorithms.MatVec	NumStability.Algorithms.MatVec	canonical_in_place	theorem	public	-	-
NumStability.matVec_error_bound_twoNormRect	NumStability.Algorithms.MatVec	NumStability.Algorithms.MatVec	canonical_in_place	theorem	public	-	-
NumStability.matVec_row_isRelBackwardStable	NumStability.Algorithms.MatVec	NumStability.Algorithms.MatVec	canonical_in_place	theorem	public	-	-
NumStability.matrix_columns_decompose_of_rightInverse	NumStability.Analysis.BeneficialRounding	NumStability.Analysis.BeneficialRounding	canonical_in_place	theorem	public	-	-
NumStability.maxGenEigenspace_eq_eigenspace_of_isFinitelySemisimple	NumStability.Analysis.SemiconvergentSpectral	NumStability.Analysis.SemiconvergentSpectral	canonical_in_place	theorem	public	-	-
NumStability.maxGenEigenspace_one_eq_eigenspace_of_forall_orbit_tendsto	NumStability.Analysis.SemiconvergentBlockFormExists	NumStability.Analysis.SemiconvergentBlockFormExists	canonical_in_place	theorem	public	-	-
NumStability.maxGenEigenspace_one_eq_eigenspace_of_isFinitelySemisimple	NumStability.Analysis.SemiconvergentSpectral	NumStability.Analysis.SemiconvergentSpectral	canonical_in_place	theorem	public	-	-
NumStability.mixedForwardBackwardErrorBounded	NumStability.Analysis.Stability	NumStability.Analysis.Stability	canonical_in_place	definition	public	-	-
NumStability.mixedForwardBackwardErrorBoundedVec	NumStability.Analysis.Stability	NumStability.Analysis.Stability	canonical_in_place	definition	public	-	-
NumStability.mixedForwardBackward_of_backward	NumStability.Analysis.Stability	NumStability.Analysis.Stability	canonical_in_place	theorem	public	-	-
NumStability.mmatrix_forwardSub_componentwise_bound	NumStability.Algorithms.MMatrix	NumStability.Algorithms.MMatrix	canonical_in_place	theorem	public	-	-
NumStability.mmatrix_forwardSub_relative_error	NumStability.Algorithms.MMatrix	NumStability.Algorithms.MMatrix	canonical_in_place	theorem	public	-	-
NumStability.mmatrix_lu_backward_stable	NumStability.Algorithms.LU.SpecialMatrices	NumStability.Algorithms.LU.SpecialMatrices	canonical_in_place	theorem	public	-	-
NumStability.mmatrix_lu_optimal_growth	NumStability.Algorithms.LU.SpecialMatrices	NumStability.Algorithms.LU.SpecialMatrices	canonical_in_place	theorem	public	-	-
NumStability.mmatrix_nonneg_lu_factors	NumStability.Algorithms.LU.SpecialMatrices	NumStability.Algorithms.LU.SpecialMatrices	canonical_in_place	theorem	public	-	-
NumStability.mulVecLin_pow	NumStability.Analysis.SemiconvergentLimitGeneral	NumStability.Analysis.SemiconvergentLimitGeneral	canonical_in_place	theorem	public	-	-
NumStability.mulVecLin_pow_single_eq_matPow	NumStability.Analysis.SemiconvergentLimitGeneral	NumStability.Analysis.SemiconvergentLimitGeneral	canonical_in_place	theorem	public	-	-
NumStability.neumaierFF_backward_error_higham410	NumStability.Algorithms.NeumaierCompensatedFiniteFormat	NumStability.Algorithms.NeumaierCompensatedFiniteFormat	retain_historical	theorem	public	NumStability.neumaierFF_backward_error_higham410	703
NumStability.neumaierFF_correction_eq_recursiveSumLocalCorrection	NumStability.Algorithms.NeumaierCompensatedFiniteFormat	NumStability.Algorithms.Summation.Compensated.Neumaier.AdaptiveFiniteFormat	move_candidate	theorem	public	NumStability.neumaierFF_correction_eq_recursiveSumLocalCorrection	669
NumStability.neumaierFF_corrections	NumStability.Algorithms.NeumaierCompensatedFiniteFormat	NumStability.Algorithms.Summation.Compensated.Neumaier.AdaptiveFiniteFormat	move_candidate	definition	public	NumStability.neumaierFF_corrections	655
NumStability.neumaierFF_prefix	NumStability.Algorithms.NeumaierCompensatedFiniteFormat	NumStability.Algorithms.Summation.Compensated.Neumaier.AdaptiveFiniteFormat	move_candidate	definition	public	NumStability.neumaierFF_prefix	648
NumStability.neumaierFF_stepCondition	NumStability.Algorithms.NeumaierCompensatedFiniteFormat	NumStability.Algorithms.Summation.Compensated.Neumaier.AdaptiveFiniteFormat	move_candidate	definition	public	NumStability.neumaierFF_stepCondition	566
NumStability.neumaierFF_stepTrace	NumStability.Algorithms.NeumaierCompensatedFiniteFormat	NumStability.Algorithms.Summation.Compensated.Neumaier.AdaptiveFiniteFormat	move_candidate	definition	public	NumStability.neumaierFF_stepTrace	603
NumStability.neumaierFF_step_exact	NumStability.Algorithms.NeumaierCompensatedFiniteFormat	NumStability.Algorithms.Summation.Compensated.Neumaier.AdaptiveFiniteFormat	move_candidate	theorem	public	NumStability.neumaierFF_step_exact	613
NumStability.neumaierFF_sum	NumStability.Algorithms.NeumaierCompensatedFiniteFormat	NumStability.Algorithms.Summation.Compensated.Neumaier.AdaptiveFiniteFormat	move_candidate	definition	public	NumStability.neumaierFF_sum	661
NumStability.neumaierFF_sum_eq_recursiveResidualCorrectedSum	NumStability.Algorithms.NeumaierCompensatedFiniteFormat	NumStability.Algorithms.Summation.Compensated.Neumaier.AdaptiveFiniteFormat	move_candidate	theorem	public	NumStability.neumaierFF_sum_eq_recursiveResidualCorrectedSum	688
NumStability.neumaierFinite_backward_error_higham410	NumStability.Algorithms.NeumaierCompensatedFiniteFormat	NumStability.Algorithms.NeumaierCompensatedFiniteFormat	retain_historical	theorem	public	NumStability.neumaierFinite_backward_error_higham410	972
NumStability.neumaierFinite_correction_eq_neumaierFF_correction	NumStability.Algorithms.NeumaierCompensatedFiniteFormat	NumStability.Algorithms.Summation.Compensated.Neumaier.FiniteExecutor	move_candidate	theorem	public	NumStability.neumaierFinite_correction_eq_neumaierFF_correction	890
NumStability.neumaierFinite_corrections	NumStability.Algorithms.NeumaierCompensatedFiniteFormat	NumStability.Algorithms.Summation.Compensated.Neumaier.FiniteExecutor	move_candidate	definition	public	NumStability.neumaierFinite_corrections	883
NumStability.neumaierFinite_prefix	NumStability.Algorithms.NeumaierCompensatedFiniteFormat	NumStability.Algorithms.Summation.Compensated.Neumaier.FiniteExecutor	move_candidate	definition	public	NumStability.neumaierFinite_prefix	856
NumStability.neumaierFinite_prefix_eq_neumaierFF_prefix	NumStability.Algorithms.NeumaierCompensatedFiniteFormat	NumStability.Algorithms.Summation.Compensated.Neumaier.FiniteExecutor	move_candidate	theorem	public	NumStability.neumaierFinite_prefix_eq_neumaierFF_prefix	863
NumStability.neumaierFinite_recursiveSum	NumStability.Algorithms.NeumaierCompensatedFiniteFormat	NumStability.Algorithms.Summation.Compensated.Neumaier.FiniteExecutor	move_candidate	definition	public	NumStability.neumaierFinite_recursiveSum	800
NumStability.neumaierFinite_recursiveSum_eq_fl_recursiveSum	NumStability.Algorithms.NeumaierCompensatedFiniteFormat	NumStability.Algorithms.Summation.Compensated.Neumaier.FiniteExecutor	move_candidate	theorem	public	NumStability.neumaierFinite_recursiveSum_eq_fl_recursiveSum	807
NumStability.neumaierFinite_stepTrace	NumStability.Algorithms.NeumaierCompensatedFiniteFormat	NumStability.Algorithms.Summation.Compensated.Neumaier.FiniteExecutor	move_candidate	definition	public	NumStability.neumaierFinite_stepTrace	740
NumStability.neumaierFinite_step_exact	NumStability.Algorithms.NeumaierCompensatedFiniteFormat	NumStability.Algorithms.Summation.Compensated.Neumaier.FiniteExecutor	move_candidate	theorem	public	NumStability.neumaierFinite_step_exact	749
NumStability.neumaierFinite_sum	NumStability.Algorithms.NeumaierCompensatedFiniteFormat	NumStability.Algorithms.Summation.Compensated.Neumaier.FiniteExecutor	move_candidate	definition	public	NumStability.neumaierFinite_sum	922
NumStability.neumaierFinite_sum_eq_neumaierFF_sum	NumStability.Algorithms.NeumaierCompensatedFiniteFormat	NumStability.Algorithms.Summation.Compensated.Neumaier.FiniteExecutor	move_candidate	theorem	public	NumStability.neumaierFinite_sum_eq_neumaierFF_sum	932
NumStability.noGuardAddWitness	NumStability.Analysis.Error	NumStability.Analysis.FloatingPointArithmetic.ErrorModels.Additive	move_candidate	definition	public	NumStability.noGuardAddWitness	75
NumStability.noGuardAddWitness_alpha_bound	NumStability.Analysis.Error	NumStability.Analysis.FloatingPointArithmetic.ErrorModels.NoGuardBasic	move_candidate	theorem	public	NumStability.noGuardAddWitness_alpha_bound	113
NumStability.noGuardAddWitness_beta_bound	NumStability.Analysis.Error	NumStability.Analysis.FloatingPointArithmetic.ErrorModels.NoGuardBasic	move_candidate	theorem	public	NumStability.noGuardAddWitness_beta_bound	119
NumStability.noGuardAddWitness_error_eq	NumStability.Analysis.Error	NumStability.Analysis.FloatingPointArithmetic.ErrorModels.NoGuardBasic	move_candidate	theorem	public	NumStability.noGuardAddWitness_error_eq	131
NumStability.noGuardAddWitness_value	NumStability.Analysis.Error	NumStability.Analysis.FloatingPointArithmetic.ErrorModels.NoGuardBasic	move_candidate	theorem	public	NumStability.noGuardAddWitness_value	125
NumStability.noGuardBackSubRowFold	NumStability.Algorithms.TriangularNoGuard	NumStability.Algorithms.LinearSystems.Triangular.ErrorAnalysis.NoGuardBackward	move_candidate	definition	public	NumStability.noGuardBackSubRowFold	422
NumStability.noGuardBasicOpWitness	NumStability.Analysis.Error	NumStability.Analysis.FloatingPointArithmetic.ErrorModels.NoGuardBasic	move_candidate	definition	public	NumStability.noGuardBasicOpWitness	97
NumStability.noGuardBasicOpWitness_add_iff	NumStability.Analysis.Error	NumStability.Analysis.FloatingPointArithmetic.ErrorModels.NoGuardBasic	move_candidate	theorem	public	NumStability.noGuardBasicOpWitness_add_iff	196
NumStability.noGuardBasicOpWitness_div_iff	NumStability.Analysis.Error	NumStability.Analysis.FloatingPointArithmetic.ErrorModels.NoGuardBasic	move_candidate	theorem	public	NumStability.noGuardBasicOpWitness_div_iff	214
NumStability.noGuardBasicOpWitness_mul_iff	NumStability.Analysis.Error	NumStability.Analysis.FloatingPointArithmetic.ErrorModels.NoGuardBasic	move_candidate	theorem	public	NumStability.noGuardBasicOpWitness_mul_iff	208
NumStability.noGuardBasicOpWitness_sub_iff	NumStability.Analysis.Error	NumStability.Analysis.FloatingPointArithmetic.ErrorModels.NoGuardBasic	move_candidate	theorem	public	NumStability.noGuardBasicOpWitness_sub_iff	202
NumStability.noGuardBinaryT3_exact_difference	NumStability.Analysis.Error	NumStability.Source.Higham.Chapter02.Section04.NoGuardModel.BinaryT3Example	move_candidate	theorem	public	NumStability.noGuardBinaryT3_exact_difference	220
NumStability.noGuardBinaryT3_truncated_difference	NumStability.Analysis.Error	NumStability.Source.Higham.Chapter02.Section04.NoGuardModel.BinaryT3Example	move_candidate	theorem	public	NumStability.noGuardBinaryT3_truncated_difference	226
NumStability.noGuardBinaryT3_truncated_factor_two	NumStability.Analysis.Error	NumStability.Source.Higham.Chapter02.Section04.NoGuardModel.BinaryT3Example	move_candidate	theorem	public	NumStability.noGuardBinaryT3_truncated_factor_two	232
NumStability.noGuardBinaryT3_truncated_relError_eq_one	NumStability.Analysis.Error	NumStability.Source.Higham.Chapter02.Section04.NoGuardModel.BinaryT3Example	move_candidate	theorem	public	NumStability.noGuardBinaryT3_truncated_relError_eq_one	238
NumStability.noGuardForwardSubRowFold	NumStability.Algorithms.TriangularNoGuard	NumStability.Algorithms.LinearSystems.Triangular.ErrorAnalysis.NoGuardForward	move_candidate	definition	public	NumStability.noGuardForwardSubRowFold	609
NumStability.noGuardGamma	NumStability.Algorithms.TriangularNoGuard	NumStability.Algorithms.LinearSystems.Triangular.ErrorAnalysis.NoGuardBackward	move_candidate	definition	public	NumStability.noGuardGamma	24
NumStability.noGuardGammaValid	NumStability.Algorithms.TriangularNoGuard	NumStability.Algorithms.LinearSystems.Triangular.ErrorAnalysis.NoGuardBackward	move_candidate	definition	public	NumStability.noGuardGammaValid	28
NumStability.noGuardMulDivWitness	NumStability.Analysis.Error	NumStability.Analysis.FloatingPointArithmetic.ErrorModels.NoGuardBasic	move_candidate	definition	public	NumStability.noGuardMulDivWitness	91
NumStability.noGuardMulDivWitness_delta_bound	NumStability.Analysis.Error	NumStability.Analysis.FloatingPointArithmetic.ErrorModels.NoGuardBasic	move_candidate	theorem	public	NumStability.noGuardMulDivWitness_delta_bound	167
NumStability.noGuardMulDivWitness_error_eq	NumStability.Analysis.Error	NumStability.Analysis.FloatingPointArithmetic.ErrorModels.NoGuardBasic	move_candidate	theorem	public	NumStability.noGuardMulDivWitness_error_eq	186
NumStability.noGuardMulDivWitness_of_signedRelErrorWitness	NumStability.Analysis.Error	NumStability.Analysis.FloatingPointArithmetic.ErrorModels.NoGuardBasic	move_candidate	theorem	public	NumStability.noGuardMulDivWitness_of_signedRelErrorWitness	179
NumStability.noGuardMulDivWitness_signedRelErrorWitness	NumStability.Analysis.Error	NumStability.Analysis.FloatingPointArithmetic.ErrorModels.NoGuardBasic	move_candidate	theorem	public	NumStability.noGuardMulDivWitness_signedRelErrorWitness	173
NumStability.noGuardSubWitness	NumStability.Analysis.Error	NumStability.Analysis.FloatingPointArithmetic.ErrorModels.NoGuardBasic	move_candidate	definition	public	NumStability.noGuardSubWitness	83
NumStability.noGuardSubWitness_alpha_bound	NumStability.Analysis.Error	NumStability.Analysis.FloatingPointArithmetic.ErrorModels.NoGuardBasic	move_candidate	theorem	public	NumStability.noGuardSubWitness_alpha_bound	140
NumStability.noGuardSubWitness_beta_bound	NumStability.Analysis.Error	NumStability.Analysis.FloatingPointArithmetic.ErrorModels.NoGuardBasic	move_candidate	theorem	public	NumStability.noGuardSubWitness_beta_bound	146
NumStability.noGuardSubWitness_error_eq	NumStability.Analysis.Error	NumStability.Analysis.FloatingPointArithmetic.ErrorModels.NoGuardBasic	move_candidate	theorem	public	NumStability.noGuardSubWitness_error_eq	158
NumStability.noGuardSubWitness_value	NumStability.Analysis.Error	NumStability.Analysis.FloatingPointArithmetic.ErrorModels.NoGuardBasic	move_candidate	theorem	public	NumStability.noGuardSubWitness_value	152
NumStability.noGuard_backSub_backward_error	NumStability.Algorithms.TriangularNoGuard	NumStability.Source.Higham.Chapter08.Problem01.NoGuardSubstitution.BackwardSubstitution	move_candidate	theorem	public	NumStability.noGuard_backSub_backward_error	473
NumStability.noGuard_backSub_row_error	NumStability.Algorithms.TriangularNoGuard	NumStability.Algorithms.LinearSystems.Triangular.ErrorAnalysis.NoGuardBackward	move_candidate	theorem	public	NumStability.noGuard_backSub_row_error	436
NumStability.noGuard_forwardSub_backward_error	NumStability.Algorithms.TriangularNoGuard	NumStability.Source.Higham.Chapter08.Problem01.NoGuardSubstitution.ForwardSubstitution	move_candidate	theorem	public	NumStability.noGuard_forwardSub_backward_error	656
NumStability.noGuard_forwardSub_row_error	NumStability.Algorithms.TriangularNoGuard	NumStability.Algorithms.LinearSystems.Triangular.ErrorAnalysis.NoGuardForward	move_candidate	theorem	public	NumStability.noGuard_forwardSub_row_error	622
NumStability.noGuard_mulSub_div_row_tight	NumStability.Algorithms.TriangularNoGuard	NumStability.Algorithms.LinearSystems.Triangular.ErrorAnalysis.NoGuardBackward	move_candidate	theorem	public	NumStability.noGuard_mulSub_div_row_tight	151
NumStability.noGuard_sub_fold_unroll	NumStability.Algorithms.TriangularNoGuard	NumStability.Algorithms.LinearSystems.Triangular.ErrorAnalysis.NoGuardBackward	move_candidate	theorem	public	NumStability.noGuard_sub_fold_unroll	34
NumStability.nonneg_factor_bound	NumStability.Algorithms.LU.GaussianElimination	NumStability.Algorithms.LU.GaussianElimination	canonical_in_place	theorem	public	-	-
NumStability.nonneg_factors_absLU_eq	NumStability.Algorithms.LU.GaussianElimination	NumStability.Algorithms.LU.GaussianElimination	canonical_in_place	theorem	public	-	-
NumStability.nonneg_factors_absLU_eq_absProduct	NumStability.Algorithms.LU.GaussianElimination	NumStability.Algorithms.LU.GaussianElimination	canonical_in_place	theorem	public	-	-
NumStability.nonneg_lu_backward_stable	NumStability.Algorithms.LU.GrowthFactor	NumStability.Algorithms.LU.GrowthFactor	canonical_in_place	theorem	public	-	-
NumStability.nonneg_lu_optimal_growth	NumStability.Algorithms.LU.GrowthFactor	NumStability.Algorithms.LU.GrowthFactor	canonical_in_place	theorem	public	-	-
NumStability.nonneg_mat_vec_mono	NumStability.Algorithms.IterativeRefinement	NumStability.Source.Higham.Chapter12.IterativeRefinement.LegacyChapter11Surface	move_candidate	theorem	public	NumStability.nonneg_mat_vec_mono	1238
NumStability.nonneg_resolvent_infNormVec_bound	NumStability.Algorithms.IterativeRefinement	NumStability.Source.Higham.Chapter12.IterativeRefinement.Chapter12Bounds	move_candidate	theorem	public	NumStability.nonneg_resolvent_infNormVec_bound	1598
NumStability.norm_complexifyMat_pow	NumStability.Analysis.SemiconvergentLimitGeneral	NumStability.Analysis.SemiconvergentLimitGeneral	canonical_in_place	theorem	public	-	-
NumStability.norm_toLp_two_eq_sqrt_dotProduct	NumStability.Algorithms.Norm2	NumStability.Algorithms.Norm2	canonical_in_place	theorem	public	-	-
NumStability.norm_toLp_two_nonneg	NumStability.Algorithms.Norm2	NumStability.Algorithms.Norm2	canonical_in_place	theorem	public	-	-
NumStability.normwiseBackwardErrorBoundedVec	NumStability.Analysis.Stability	NumStability.Analysis.Stability	canonical_in_place	definition	public	-	-
NumStability.normwiseConditionNumberAttainedVec	NumStability.Analysis.Stability	NumStability.Analysis.Stability	canonical_in_place	definition	public	-	-
NumStability.normwiseConditionNumberBoundedVec	NumStability.Analysis.Stability	NumStability.Analysis.Stability	canonical_in_place	definition	public	-	-
NumStability.normwiseConditionNumberSupremumVec	NumStability.Analysis.Stability	NumStability.Analysis.Stability	canonical_in_place	definition	public	-	-
NumStability.normwiseConditionNumberSupremumVec.bounded	NumStability.Analysis.Stability	NumStability.Analysis.Stability	canonical_in_place	theorem	public	-	-
NumStability.normwiseConditionNumberSupremumVec.le_of_bound	NumStability.Analysis.Stability	NumStability.Analysis.Stability	canonical_in_place	theorem	public	-	-
NumStability.normwiseConditionNumberSupremumVec_of_attained_bound	NumStability.Analysis.Stability	NumStability.Analysis.Stability	canonical_in_place	theorem	public	-	-
NumStability.normwiseRelError	NumStability.Analysis.Error	NumStability.Analysis.Error.Measures.Componentwise	move_candidate	definition	public	NumStability.normwiseRelError	639
NumStability.normwise_forward_error_exact_relative_infNorm	NumStability.Analysis.HighamChapter7	NumStability.Source.Higham.Chapter07.LinearSystemsConditioning.Theorem04	move_candidate	theorem	public	NumStability.normwise_forward_error_exact_relative_infNorm	23943
NumStability.normwise_forward_from_backward_vec	NumStability.Analysis.Stability	NumStability.Analysis.Stability	canonical_in_place	theorem	public	-	-
NumStability.normwise_forward_from_backward_vec_of_condition_supremum	NumStability.Analysis.Stability	NumStability.Analysis.Stability	canonical_in_place	theorem	public	-	-
NumStability.oneAdditiveErrorTermZero	NumStability.Analysis.Error	NumStability.Analysis.FloatingPointArithmetic.ErrorModels.Additive	move_candidate	definition	public	NumStability.oneAdditiveErrorTermZero	50
NumStability.one_div_ten_pow_succ_not_binaryTerminating	NumStability.Analysis.BeneficialRounding	NumStability.Analysis.BeneficialRounding	canonical_in_place	theorem	public	-	-
NumStability.one_fifth_not_binaryTerminating	NumStability.Analysis.BeneficialRounding	NumStability.Analysis.BeneficialRounding	canonical_in_place	theorem	public	-	-
NumStability.one_fifth_not_ieeeDoubleFiniteSystem	NumStability.Analysis.BeneficialRounding	NumStability.Analysis.BeneficialRounding	canonical_in_place	theorem	public	-	-
NumStability.one_seventh_not_binaryTerminating	NumStability.Analysis.BeneficialRounding	NumStability.Analysis.BeneficialRounding	canonical_in_place	theorem	public	-	-
NumStability.one_seventh_not_ieeeDoubleFiniteSystem	NumStability.Analysis.BeneficialRounding	NumStability.Analysis.BeneficialRounding	canonical_in_place	theorem	public	-	-
NumStability.one_seventh_not_ieeeSingleFiniteSystem	NumStability.Analysis.BeneficialRounding	NumStability.Analysis.BeneficialRounding	canonical_in_place	theorem	public	-	-
NumStability.one_step_backward_error_contraction	NumStability.Algorithms.IterativeRefinement	NumStability.Algorithms.LinearSystems.IterativeRefinement.Core	move_candidate	theorem	public	NumStability.one_step_backward_error_contraction	380
NumStability.one_step_refinement_error_identity	NumStability.Algorithms.IterativeRefinement	NumStability.Algorithms.LinearSystems.IterativeRefinement.Core	move_candidate	theorem	public	NumStability.one_step_refinement_error_identity	250
NumStability.one_step_residual_bound	NumStability.Algorithms.IterativeRefinement	NumStability.Algorithms.LinearSystems.IterativeRefinement.Core	move_candidate	theorem	public	NumStability.one_step_residual_bound	299
NumStability.one_sub_cos_eq_two_sin_sq_half	NumStability.Analysis.TrigCancellation	NumStability.Analysis.FloatingPointArithmetic.TrigonometricCancellation.Core	move_candidate	theorem	public	NumStability.one_sub_cos_eq_two_sin_sq_half	27
NumStability.one_sub_cos_nonneg_exact	NumStability.Analysis.TrigCancellation	NumStability.Analysis.FloatingPointArithmetic.TrigonometricCancellation.Core	move_candidate	theorem	public	NumStability.one_sub_cos_nonneg_exact	34
NumStability.opNorm2Le_mono	NumStability.Analysis.HighamChapter7	NumStability.Source.Higham.Chapter07.LinearSystemsConditioning.Problem09Linearized	move_candidate	theorem	public	NumStability.opNorm2Le_mono	2543
NumStability.opNorm2Le_of_finitePSD_of_finiteHermitianEigenvalues_le	NumStability.Analysis.MatrixSpectral	NumStability.Analysis.MatrixSpectral	canonical_in_place	theorem	public	-	-
NumStability.orbit_norm_tendsto_atTop_of_eigenvalue_norm_gt_one	NumStability.Analysis.SemiconvergentSpectral	NumStability.Analysis.SemiconvergentSpectral	canonical_in_place	theorem	public	-	-
NumStability.orthogonalChangeOfBasis	NumStability.Analysis.SemiconvergentRealSpectrumComplete	NumStability.Analysis.SemiconvergentRealSpectrumComplete	canonical_in_place	definition	public	-	-
NumStability.orthogonalChangeOfBasisEquiv	NumStability.Analysis.SemiconvergentRealSpectrumComplete	NumStability.Analysis.SemiconvergentRealSpectrumComplete	canonical_in_place	definition	public	-	-
NumStability.outerProductCounterexampleFP	NumStability.Algorithms.OuterProduct	NumStability.Algorithms.OuterProduct	canonical_in_place	definition	public	-	-
NumStability.outerProductCounterexampleMatrix	NumStability.Algorithms.OuterProduct	NumStability.Algorithms.OuterProduct	canonical_in_place	definition	public	-	-
NumStability.outerProductCounterexampleMatrix_not_rank_one	NumStability.Algorithms.OuterProduct	NumStability.Algorithms.OuterProduct	canonical_in_place	theorem	public	-	-
NumStability.outerProductCounterexampleVec	NumStability.Algorithms.OuterProduct	NumStability.Algorithms.OuterProduct	canonical_in_place	definition	public	-	-
NumStability.outerProduct_backward_error	NumStability.Algorithms.OuterProduct	NumStability.Algorithms.OuterProduct	canonical_in_place	theorem	public	-	-
NumStability.outerProduct_error_bound	NumStability.Algorithms.OuterProduct	NumStability.Algorithms.OuterProduct	canonical_in_place	theorem	public	-	-
NumStability.outerProduct_error_decomposition	NumStability.Algorithms.OuterProduct	NumStability.Algorithms.OuterProduct	canonical_in_place	theorem	public	-	-
NumStability.partial_pivot_L_row_sum_le	NumStability.Algorithms.LU.GrowthFactor	NumStability.Algorithms.LU.GrowthFactor	canonical_in_place	theorem	public	-	-
NumStability.pivot_mul_signedMagnitudeForPivot_eq	NumStability.Algorithms.MatMul	NumStability.Algorithms.MatMul	canonical_in_place	theorem	public	-	-
NumStability.pow_apply_of_fixed	NumStability.Analysis.SemiconvergentExistenceGaps	NumStability.Analysis.SemiconvergentExistenceGaps	canonical_in_place	theorem	public	-	-
NumStability.powerMethodIterate	NumStability.Analysis.BeneficialRounding	NumStability.Analysis.BeneficialRounding	canonical_in_place	definition	public	-	-
NumStability.powerMethodIterate_dominant_plus_finite_tail	NumStability.Analysis.BeneficialRounding	NumStability.Analysis.BeneficialRounding	canonical_in_place	theorem	public	-	-
NumStability.powerMethodIterate_dominant_scaled_residual_ratio_le_geometric_of_finite_tail	NumStability.Analysis.BeneficialRounding	NumStability.Analysis.BeneficialRounding	canonical_in_place	theorem	public	-	-
NumStability.powerMethodIterate_dominant_scaled_residual_tendsto_zero_of_finite_tail	NumStability.Analysis.BeneficialRounding	NumStability.Analysis.BeneficialRounding	canonical_in_place	theorem	public	-	-
NumStability.powerMethodIterate_two_eigencomponents	NumStability.Analysis.BeneficialRounding	NumStability.Analysis.BeneficialRounding	canonical_in_place	theorem	public	-	-
NumStability.powerMethodStep	NumStability.Analysis.BeneficialRounding	NumStability.Analysis.BeneficialRounding	canonical_in_place	definition	public	-	-
NumStability.powerMethodStep_add_matrix	NumStability.Analysis.BeneficialRounding	NumStability.Analysis.BeneficialRounding	canonical_in_place	theorem	public	-	-
NumStability.powerMethod_component_abs_ratio_eq_initial_mul_spectral_ratio	NumStability.Analysis.BeneficialRounding	NumStability.Analysis.BeneficialRounding	canonical_in_place	theorem	public	-	-
NumStability.powerMethod_component_abs_ratio_le_geometric_of_spectral_ratio_le	NumStability.Analysis.BeneficialRounding	NumStability.Analysis.BeneficialRounding	canonical_in_place	theorem	public	-	-
NumStability.powerMethod_component_abs_ratio_tendsto_zero_of_spectral_ratio_lt_one	NumStability.Analysis.BeneficialRounding	NumStability.Analysis.BeneficialRounding	canonical_in_place	theorem	public	-	-
NumStability.powerMethod_finite_tail_abs_sum_ratio_le_geometric_of_spectral_ratio_le	NumStability.Analysis.BeneficialRounding	NumStability.Analysis.BeneficialRounding	canonical_in_place	theorem	public	-	-
NumStability.powerMethod_finite_tail_abs_sum_ratio_tendsto_zero_of_geometric_bound	NumStability.Analysis.BeneficialRounding	NumStability.Analysis.BeneficialRounding	canonical_in_place	theorem	public	-	-
NumStability.powerMethod_finite_tail_geometric_bound_tendsto_zero	NumStability.Analysis.BeneficialRounding	NumStability.Analysis.BeneficialRounding	canonical_in_place	theorem	public	-	-
NumStability.powerMethod_finite_tail_vecNorm2_ratio_le_geometric_of_spectral_ratio_le	NumStability.Analysis.BeneficialRounding	NumStability.Analysis.BeneficialRounding	canonical_in_place	theorem	public	-	-
NumStability.powerMethod_finite_tail_vecNorm2_ratio_tendsto_zero_of_geometric_bound	NumStability.Analysis.BeneficialRounding	NumStability.Analysis.BeneficialRounding	canonical_in_place	theorem	public	-	-
NumStability.prefixCorrectedSumSquares	NumStability.Analysis.SampleVariance	NumStability.Analysis.Statistics.SampleVariance.Core	move_candidate	definition	public	NumStability.prefixCorrectedSumSquares	104
NumStability.prefixCorrectedSumSquaresStepExact	NumStability.Analysis.SampleVariance	NumStability.Analysis.Statistics.SampleVariance.Updating	move_candidate	definition	public	NumStability.prefixCorrectedSumSquaresStepExact	1162
NumStability.prefixCorrectedSumSquaresStepExact_abs_sub_le	NumStability.Analysis.SampleVariance	NumStability.Analysis.Statistics.SampleVariance.Updating	move_candidate	theorem	public	NumStability.prefixCorrectedSumSquaresStepExact_abs_sub_le	1435
NumStability.prefixCorrectedSumSquaresStepExact_prefix_eq_succ	NumStability.Analysis.SampleVariance	NumStability.Analysis.Statistics.SampleVariance.Updating	move_candidate	theorem	public	NumStability.prefixCorrectedSumSquaresStepExact_prefix_eq_succ	1418
NumStability.prefixCorrectedSumSquares_example_values_10000_10001_10002	NumStability.Analysis.SampleVariance	NumStability.Source.Higham.Chapter01.Section09.SampleVariance.Examples	move_candidate	theorem	public	NumStability.prefixCorrectedSumSquares_example_values_10000_10001_10002	1905
NumStability.prefixCorrectedSumSquares_succ	NumStability.Analysis.SampleVariance	NumStability.Analysis.Statistics.SampleVariance.Updating	move_candidate	theorem	public	NumStability.prefixCorrectedSumSquares_succ	1088
NumStability.prefixDeviationSum_eq_zero	NumStability.Analysis.SampleVariance	NumStability.Analysis.Statistics.SampleVariance.Updating	move_candidate	theorem	public	NumStability.prefixDeviationSum_eq_zero	1066
NumStability.prefixMean	NumStability.Analysis.SampleVariance	NumStability.Analysis.Statistics.SampleVariance.Core	move_candidate	definition	public	NumStability.prefixMean	99
NumStability.prefixMeanStepExact	NumStability.Analysis.SampleVariance	NumStability.Analysis.Statistics.SampleVariance.Updating	move_candidate	definition	public	NumStability.prefixMeanStepExact	1149
NumStability.prefixMeanStepExact_prefixMean_eq_succ	NumStability.Analysis.SampleVariance	NumStability.Analysis.Statistics.SampleVariance.Updating	move_candidate	theorem	public	NumStability.prefixMeanStepExact_prefixMean_eq_succ	1260
NumStability.prefixMeanStepExact_sub_prefixMeanStepExact	NumStability.Analysis.SampleVariance	NumStability.Analysis.Statistics.SampleVariance.Updating	move_candidate	theorem	public	NumStability.prefixMeanStepExact_sub_prefixMeanStepExact	1273
NumStability.prefixMean_example_values_10000_10001_10002	NumStability.Analysis.SampleVariance	NumStability.Source.Higham.Chapter01.Section09.SampleVariance.Examples	move_candidate	theorem	public	NumStability.prefixMean_example_values_10000_10001_10002	1891
NumStability.prefixMean_succ	NumStability.Analysis.SampleVariance	NumStability.Analysis.Statistics.SampleVariance.Updating	move_candidate	theorem	public	NumStability.prefixMean_succ	1075
NumStability.priestAllStepsExact_exactWithUnitRoundoff	NumStability.Algorithms.PriestAccuracy	NumStability.Algorithms.PriestAccuracy	canonical_in_place	theorem	public	-	-
NumStability.priestDB_add_defect_bound	NumStability.Algorithms.PriestDefectBounded	NumStability.Algorithms.PriestDefectBounded	canonical_in_place	theorem	public	-	-
NumStability.priestDB_defectBudget	NumStability.Algorithms.PriestDefectBounded	NumStability.Algorithms.PriestDefectBounded	canonical_in_place	definition	public	-	-
NumStability.priestDB_defectBudget_of_allStepsExact	NumStability.Algorithms.PriestDefectBounded	NumStability.Algorithms.PriestDefectBounded	canonical_in_place	theorem	public	-	-
NumStability.priestDB_doublyCompensated_accuracy	NumStability.Algorithms.PriestDefectBounded	NumStability.Algorithms.PriestDefectBounded	canonical_in_place	theorem	public	-	-
NumStability.priestDB_ft1_defect_wrongOrientation	NumStability.Algorithms.PriestDefectBounded	NumStability.Algorithms.PriestDefectBounded	canonical_in_place	theorem	public	-	-
NumStability.priestDB_prefixState_accumulation	NumStability.Algorithms.PriestDefectBounded	NumStability.Algorithms.PriestDefectBounded	canonical_in_place	theorem	public	-	-
NumStability.priestDB_running_invariant	NumStability.Algorithms.PriestDefectBounded	NumStability.Algorithms.PriestDefectBounded	canonical_in_place	theorem	public	-	-
NumStability.priestDB_stepDefect	NumStability.Algorithms.PriestDefectBounded	NumStability.Algorithms.PriestDefectBounded	canonical_in_place	definition	public	-	-
NumStability.priestDB_stepDefect_bound	NumStability.Algorithms.PriestDefectBounded	NumStability.Algorithms.PriestDefectBounded	canonical_in_place	theorem	public	-	-
NumStability.priestDB_stepDefect_eq_zero_of_exact	NumStability.Algorithms.PriestDefectBounded	NumStability.Algorithms.PriestDefectBounded	canonical_in_place	theorem	public	-	-
NumStability.priestDB_step_totalCorrection	NumStability.Algorithms.PriestDefectBounded	NumStability.Algorithms.PriestDefectBounded	canonical_in_place	theorem	public	-	-
NumStability.priestDB_sub_defect_bound	NumStability.Algorithms.PriestDefectBounded	NumStability.Algorithms.PriestDefectBounded	canonical_in_place	theorem	public	-	-
NumStability.priestDB_totalDefect	NumStability.Algorithms.PriestDefectBounded	NumStability.Algorithms.PriestDefectBounded	canonical_in_place	definition	public	-	-
NumStability.priestDB_totalDefect_abs_le	NumStability.Algorithms.PriestDefectBounded	NumStability.Algorithms.PriestDefectBounded	canonical_in_place	theorem	public	-	-
NumStability.priestDB_twoSum_defect_bound	NumStability.Algorithms.PriestDefectBounded	NumStability.Algorithms.PriestDefectBounded	canonical_in_place	theorem	public	-	-
NumStability.priestFinite_addCondition	NumStability.Algorithms.PriestFiniteFormat	NumStability.Algorithms.Summation.Compensated.Priest.FiniteFormat	move_candidate	definition	public	NumStability.priestFinite_addCondition	19
NumStability.priestFinite_add_agrees_safe	NumStability.Algorithms.PriestFiniteFormat	NumStability.Algorithms.Summation.Compensated.Priest.FiniteFormat	move_candidate	theorem	public	NumStability.priestFinite_add_agrees_safe	34
NumStability.priestFinite_expansionStep_of_threePairCertificates	NumStability.Algorithms.PriestFiniteFormat	NumStability.Source.Higham.Chapter04.Algorithm03.Priest.SourceAssumptions	move_candidate	theorem	public	NumStability.priestFinite_expansionStep_of_threePairCertificates	536
NumStability.priestFinite_prefixState	NumStability.Algorithms.PriestFiniteFormat	NumStability.Algorithms.Summation.Compensated.Priest.FiniteFormat	move_candidate	definition	public	NumStability.priestFinite_prefixState	225
NumStability.priestFinite_prefixState_eq_priestPrefixState	NumStability.Algorithms.PriestFiniteFormat	NumStability.Algorithms.Summation.Compensated.Priest.FiniteFormat	move_candidate	theorem	public	NumStability.priestFinite_prefixState_eq_priestPrefixState	246
NumStability.priestFinite_sourceFaithful	NumStability.Algorithms.PriestFiniteFormat	NumStability.Source.Higham.Chapter04.Algorithm03.Priest.SourceAssumptions	move_candidate	theorem	public	NumStability.priestFinite_sourceFaithful	379
NumStability.priestFinite_state	NumStability.Algorithms.PriestFiniteFormat	NumStability.Algorithms.Summation.Compensated.Priest.FiniteFormat	move_candidate	definition	public	NumStability.priestFinite_state	281
NumStability.priestFinite_state_eq_fl_priestState	NumStability.Algorithms.PriestFiniteFormat	NumStability.Algorithms.Summation.Compensated.Priest.FiniteFormat	move_candidate	theorem	public	NumStability.priestFinite_state_eq_fl_priestState	292
NumStability.priestFinite_step	NumStability.Algorithms.PriestFiniteFormat	NumStability.Algorithms.Summation.Compensated.Priest.FiniteFormat	move_candidate	definition	public	NumStability.priestFinite_step	211
NumStability.priestFinite_stepDefect_abs_le_combine	NumStability.Algorithms.PriestFiniteFormat	NumStability.Source.Higham.Chapter04.Algorithm03.Priest.SourceAssumptions	move_candidate	theorem	public	NumStability.priestFinite_stepDefect_abs_le_combine	585
NumStability.priestFinite_stepDefect_eq_combineDefect	NumStability.Algorithms.PriestFiniteFormat	NumStability.Source.Higham.Chapter04.Algorithm03.Priest.SourceAssumptions	move_candidate	theorem	public	NumStability.priestFinite_stepDefect_eq_combineDefect	567
NumStability.priestFinite_stepTrace	NumStability.Algorithms.PriestFiniteFormat	NumStability.Algorithms.Summation.Compensated.Priest.FiniteFormat	move_candidate	definition	public	NumStability.priestFinite_stepTrace	53
NumStability.priestFinite_stepTrace_eq_priestStepTrace	NumStability.Algorithms.PriestFiniteFormat	NumStability.Algorithms.Summation.Compensated.Priest.FiniteFormat	move_candidate	theorem	public	NumStability.priestFinite_stepTrace_eq_priestStepTrace	105
NumStability.priestFinite_step_eq_priestStep	NumStability.Algorithms.PriestFiniteFormat	NumStability.Algorithms.Summation.Compensated.Priest.FiniteFormat	move_candidate	theorem	public	NumStability.priestFinite_step_eq_priestStep	217
NumStability.priestFinite_subCondition	NumStability.Algorithms.PriestFiniteFormat	NumStability.Algorithms.Summation.Compensated.Priest.FiniteFormat	move_candidate	definition	public	NumStability.priestFinite_subCondition	27
NumStability.priestFinite_sub_agrees_safe	NumStability.Algorithms.PriestFiniteFormat	NumStability.Algorithms.Summation.Compensated.Priest.FiniteFormat	move_candidate	theorem	public	NumStability.priestFinite_sub_agrees_safe	41
NumStability.priestFinite_sum	NumStability.Algorithms.PriestFiniteFormat	NumStability.Algorithms.Summation.Compensated.Priest.FiniteFormat	move_candidate	definition	public	NumStability.priestFinite_sum	287
NumStability.priestFinite_sum_eq_fl_priestSum	NumStability.Algorithms.PriestFiniteFormat	NumStability.Algorithms.Summation.Compensated.Priest.FiniteFormat	move_candidate	theorem	public	NumStability.priestFinite_sum_eq_fl_priestSum	300
NumStability.priestFinite_twoSum_exact_of_certificate	NumStability.Algorithms.PriestFiniteFormat	NumStability.Source.Higham.Chapter04.Algorithm03.Priest.SourceAssumptions	move_candidate	theorem	public	NumStability.priestFinite_twoSum_exact_of_certificate	451
NumStability.priestPrefixState_succ	NumStability.Algorithms.PriestAccuracy	NumStability.Algorithms.PriestAccuracy	canonical_in_place	theorem	public	-	-
NumStability.priestSourceOperationRange	NumStability.Algorithms.PriestFiniteFormat	NumStability.Source.Higham.Chapter04.Algorithm03.Priest.SourceAssumptions	move_candidate	definition	public	NumStability.priestSourceOperationRange	347
NumStability.priestSourceUlpMultiple	NumStability.Algorithms.PriestFiniteFormat	NumStability.Algorithms.Summation.Compensated.Priest.FiniteFormat	move_candidate	definition	public	NumStability.priestSourceUlpMultiple	316
NumStability.priestSource_pair_exact	NumStability.Algorithms.PriestFiniteFormat	NumStability.Source.Higham.Chapter04.Algorithm03.Priest.SourceAssumptions	move_candidate	theorem	public	NumStability.priestSource_pair_exact	484
NumStability.priestSource_smallFirst_pair_exact	NumStability.Algorithms.PriestFiniteFormat	NumStability.Source.Higham.Chapter04.Algorithm03.Priest.SourceAssumptions	move_candidate	theorem	public	NumStability.priestSource_smallFirst_pair_exact	410
NumStability.priestStep_totalCorrection_of_exact	NumStability.Algorithms.PriestAccuracy	NumStability.Algorithms.PriestAccuracy	canonical_in_place	theorem	public	-	-
NumStability.priest_abs_error_le_u	NumStability.Algorithms.PriestAccuracy	NumStability.Algorithms.PriestAccuracy	canonical_in_place	theorem	public	-	-
NumStability.priest_doublyCompensated_accuracy	NumStability.Algorithms.PriestAccuracy	NumStability.Algorithms.PriestAccuracy	canonical_in_place	theorem	public	-	-
NumStability.priest_final_correction_bound	NumStability.Algorithms.PriestAccuracy	NumStability.Algorithms.PriestAccuracy	canonical_in_place	theorem	public	-	-
NumStability.priest_prefixState_totalCorrection	NumStability.Algorithms.PriestAccuracy	NumStability.Algorithms.PriestAccuracy	canonical_in_place	theorem	public	-	-
NumStability.priest_running_invariant	NumStability.Algorithms.PriestAccuracy	NumStability.Algorithms.PriestAccuracy	canonical_in_place	theorem	public	-	-
NumStability.problem7_10a_canonical_scaled_infCond_eq_perron_of_positive_eigenvector	NumStability.Analysis.HighamChapter7	NumStability.Source.Higham.Chapter07.LinearSystemsConditioning.Problem10Bauer.Part02	move_candidate	theorem	public	NumStability.problem7_10a_canonical_scaled_infCond_eq_perron_of_positive_eigenvector	19415
NumStability.problem7_10a_irreducible_product_scaledInfCondSet_sInf_ge_spectralRadius	NumStability.Analysis.HighamChapter7	NumStability.Source.Higham.Chapter07.LinearSystemsConditioning.Problem10OneNorm	move_candidate	theorem	public	NumStability.problem7_10a_irreducible_product_scaledInfCondSet_sInf_ge_spectralRadius	21794
NumStability.problem7_10a_irreducible_products_canonical_scaled_infCond_eq_perron_of_nonzero_nonneg_eigenvector	NumStability.Analysis.HighamChapter7	NumStability.Source.Higham.Chapter07.LinearSystemsConditioning.Problem10Bauer.Part02	move_candidate	theorem	public	NumStability.problem7_10a_irreducible_products_canonical_scaled_infCond_eq_perron_of_nonzero_nonneg_eigenvector	19683
NumStability.problem7_10a_irreducible_products_scaledInfCondSet_isLeast_perron_of_nonzero_nonneg_eigenvector	NumStability.Analysis.HighamChapter7	NumStability.Source.Higham.Chapter07.LinearSystemsConditioning.Problem10Bauer.Part02	move_candidate	theorem	public	NumStability.problem7_10a_irreducible_products_scaledInfCondSet_isLeast_perron_of_nonzero_nonneg_eigenvector	19739
NumStability.problem7_10a_irreducible_products_scaledInfCondSet_sInf_eq_perron_of_nonzero_nonneg_eigenvector	NumStability.Analysis.HighamChapter7	NumStability.Source.Higham.Chapter07.LinearSystemsConditioning.Problem10Bauer.Part02	move_candidate	theorem	public	NumStability.problem7_10a_irreducible_products_scaledInfCondSet_sInf_eq_perron_of_nonzero_nonneg_eigenvector	19713
NumStability.problem7_10a_irreducible_products_scaledInfCondSet_sInf_eq_spectralRadius	NumStability.Analysis.HighamChapter7	NumStability.Source.Higham.Chapter07.LinearSystemsConditioning.Problem10OneNorm	move_candidate	theorem	public	NumStability.problem7_10a_irreducible_products_scaledInfCondSet_sInf_eq_spectralRadius	21528
NumStability.problem7_10a_positive_entries_canonical_scaled_infCond_eq_perron	NumStability.Analysis.HighamChapter7	NumStability.Source.Higham.Chapter07.LinearSystemsConditioning.Problem10Bauer.Part02	move_candidate	theorem	public	NumStability.problem7_10a_positive_entries_canonical_scaled_infCond_eq_perron	19532
NumStability.problem7_10a_positive_entries_scaledInfCondSet_isLeast_perron	NumStability.Analysis.HighamChapter7	NumStability.Source.Higham.Chapter07.LinearSystemsConditioning.Problem10Bauer.Part02	move_candidate	theorem	public	NumStability.problem7_10a_positive_entries_scaledInfCondSet_isLeast_perron	19667
NumStability.problem7_10a_positive_entries_scaledInfCondSet_sInf_eq_perron	NumStability.Analysis.HighamChapter7	NumStability.Source.Higham.Chapter07.LinearSystemsConditioning.Problem10Bauer.Part02	move_candidate	theorem	public	NumStability.problem7_10a_positive_entries_scaledInfCondSet_sInf_eq_perron	19650
NumStability.problem7_10a_product_complexEigenvalueModulusSet_isGreatest_of_positive_eigenvector	NumStability.Analysis.HighamChapter7	NumStability.Source.Higham.Chapter07.LinearSystemsConditioning.Problem10Bauer.Part01	move_candidate	theorem	public	NumStability.problem7_10a_product_complexEigenvalueModulusSet_isGreatest_of_positive_eigenvector	17007
NumStability.problem7_10a_product_complexEigenvalueModulusSet_sSup_eq_of_positive_eigenvector	NumStability.Analysis.HighamChapter7	NumStability.Source.Higham.Chapter07.LinearSystemsConditioning.Problem10Bauer.Part01	move_candidate	theorem	public	NumStability.problem7_10a_product_complexEigenvalueModulusSet_sSup_eq_of_positive_eigenvector	17061
NumStability.problem7_10a_product_exists_mixedSubordinateMatrixNormValue_le_perron_add_delta	NumStability.Analysis.HighamChapter7	NumStability.Source.Higham.Chapter07.LinearSystemsConditioning.Problem10Bauer.Part01	move_candidate	theorem	public	NumStability.problem7_10a_product_exists_mixedSubordinateMatrixNormValue_le_perron_add_delta	17038
NumStability.problem7_10a_product_exists_spectralRadius_attaining_nonneg_subeigenvector	NumStability.Analysis.HighamChapter7	NumStability.Source.Higham.Chapter07.LinearSystemsConditioning.Problem10OneNorm	move_candidate	theorem	public	NumStability.problem7_10a_product_exists_spectralRadius_attaining_nonneg_subeigenvector	21400
NumStability.problem7_10a_product_exists_spectralRadius_attaining_positive_eigenvector	NumStability.Analysis.HighamChapter7	NumStability.Source.Higham.Chapter07.LinearSystemsConditioning.Problem10OneNorm	move_candidate	theorem	public	NumStability.problem7_10a_product_exists_spectralRadius_attaining_positive_eigenvector	21505
NumStability.problem7_10a_product_exists_spectralRadius_attaining_positive_subeigenvector	NumStability.Analysis.HighamChapter7	NumStability.Source.Higham.Chapter07.LinearSystemsConditioning.Problem10OneNorm	move_candidate	theorem	public	NumStability.problem7_10a_product_exists_spectralRadius_attaining_positive_subeigenvector	21480
NumStability.problem7_10a_product_isComplexEigenvalueRadius_of_positive_eigenvector	NumStability.Analysis.HighamChapter7	NumStability.Source.Higham.Chapter07.LinearSystemsConditioning.Problem10Bauer.Part01	move_candidate	theorem	public	NumStability.problem7_10a_product_isComplexEigenvalueRadius_of_positive_eigenvector	16989
NumStability.problem7_10a_product_isMaxComplexMatrixEigenvalueModulus_of_positive_eigenvector	NumStability.Analysis.HighamChapter7	NumStability.Source.Higham.Chapter07.LinearSystemsConditioning.Problem10Bauer.Part01	move_candidate	theorem	public	NumStability.problem7_10a_product_isMaxComplexMatrixEigenvalueModulus_of_positive_eigenvector	17022
NumStability.problem7_10a_product_toLin_exists_spectralRadius_attaining_eigenpair	NumStability.Analysis.HighamChapter7	NumStability.Source.Higham.Chapter07.LinearSystemsConditioning.Problem10OneNorm	move_candidate	theorem	public	NumStability.problem7_10a_product_toLin_exists_spectralRadius_attaining_eigenpair	21329
NumStability.problem7_10a_product_toLin_spectralRadius_eq_of_irreducible_nonzero_nonneg_eigenvector	NumStability.Analysis.HighamChapter7	NumStability.Source.Higham.Chapter07.LinearSystemsConditioning.Problem10Bauer.Part02	move_candidate	theorem	public	NumStability.problem7_10a_product_toLin_spectralRadius_eq_of_irreducible_nonzero_nonneg_eigenvector	19204
NumStability.problem7_10a_product_toLin_spectralRadius_eq_of_positive_eigenvector	NumStability.Analysis.HighamChapter7	NumStability.Source.Higham.Chapter07.LinearSystemsConditioning.Problem10Bauer.Part01	move_candidate	theorem	public	NumStability.problem7_10a_product_toLin_spectralRadius_eq_of_positive_eigenvector	17096
NumStability.problem7_10a_product_toLin_spectrum_modulusSet_sSup_eq_of_positive_eigenvector	NumStability.Analysis.HighamChapter7	NumStability.Source.Higham.Chapter07.LinearSystemsConditioning.Problem10Bauer.Part01	move_candidate	theorem	public	NumStability.problem7_10a_product_toLin_spectrum_modulusSet_sSup_eq_of_positive_eigenvector	17076
NumStability.problem7_10a_scaledInfCondSet_isLeast_perron_of_positive_eigenvector	NumStability.Analysis.HighamChapter7	NumStability.Source.Higham.Chapter07.LinearSystemsConditioning.Problem10Bauer.Part02	move_candidate	theorem	public	NumStability.problem7_10a_scaledInfCondSet_isLeast_perron_of_positive_eigenvector	19605
NumStability.problem7_10a_scaledInfCondSet_sInf_eq_perron_of_positive_eigenvector	NumStability.Analysis.HighamChapter7	NumStability.Source.Higham.Chapter07.LinearSystemsConditioning.Problem10Bauer.Part02	move_candidate	theorem	public	NumStability.problem7_10a_scaledInfCondSet_sInf_eq_perron_of_positive_eigenvector	19552
NumStability.problem7_10a_scaledInfCondSet_sInf_ge_perron_of_positive_subeigenvector	NumStability.Analysis.HighamChapter7	NumStability.Source.Higham.Chapter07.LinearSystemsConditioning.Problem10Bauer.Part01	move_candidate	theorem	public	NumStability.problem7_10a_scaledInfCondSet_sInf_ge_perron_of_positive_subeigenvector	17701
NumStability.problem7_10a_scaled_infCond_ge_perron_of_positive_eigenvector	NumStability.Analysis.HighamChapter7	NumStability.Source.Higham.Chapter07.LinearSystemsConditioning.Problem10Bauer.Part01	move_candidate	theorem	public	NumStability.problem7_10a_scaled_infCond_ge_perron_of_positive_eigenvector	17620
NumStability.problem7_10a_scaled_infCond_ge_perron_of_positive_subeigenvector	NumStability.Analysis.HighamChapter7	NumStability.Source.Higham.Chapter07.LinearSystemsConditioning.Problem10Bauer.Part01	move_candidate	theorem	public	NumStability.problem7_10a_scaled_infCond_ge_perron_of_positive_subeigenvector	17666
NumStability.problem7_10a_scaled_product_complexEigenvalueModulusSet_isGreatest_of_positive_eigenvector	NumStability.Analysis.HighamChapter7	NumStability.Source.Higham.Chapter07.LinearSystemsConditioning.Problem10Bauer.Part01	move_candidate	theorem	public	NumStability.problem7_10a_scaled_product_complexEigenvalueModulusSet_isGreatest_of_positive_eigenvector	17448
NumStability.problem7_10a_scaled_product_complexEigenvalueModulusSet_sSup_eq_of_positive_eigenvector	NumStability.Analysis.HighamChapter7	NumStability.Source.Higham.Chapter07.LinearSystemsConditioning.Problem10Bauer.Part01	move_candidate	theorem	public	NumStability.problem7_10a_scaled_product_complexEigenvalueModulusSet_sSup_eq_of_positive_eigenvector	17533
NumStability.problem7_10a_scaled_product_exists_mixedSubordinateMatrixNormValue_le_perron_add_delta	NumStability.Analysis.HighamChapter7	NumStability.Source.Higham.Chapter07.LinearSystemsConditioning.Problem10Bauer.Part01	move_candidate	theorem	public	NumStability.problem7_10a_scaled_product_exists_mixedSubordinateMatrixNormValue_le_perron_add_delta	17501
NumStability.problem7_10a_scaled_product_isComplexEigenvalueRadius_of_positive_eigenvector	NumStability.Analysis.HighamChapter7	NumStability.Source.Higham.Chapter07.LinearSystemsConditioning.Problem10Bauer.Part01	move_candidate	theorem	public	NumStability.problem7_10a_scaled_product_isComplexEigenvalueRadius_of_positive_eigenvector	17403
NumStability.problem7_10a_scaled_product_isMaxComplexMatrixEigenvalueModulus_of_positive_eigenvector	NumStability.Analysis.HighamChapter7	NumStability.Source.Higham.Chapter07.LinearSystemsConditioning.Problem10Bauer.Part01	move_candidate	theorem	public	NumStability.problem7_10a_scaled_product_isMaxComplexMatrixEigenvalueModulus_of_positive_eigenvector	17475
NumStability.problem7_10a_scaled_product_toLin_spectralRadius_eq_of_irreducible_nonzero_nonneg_eigenvector	NumStability.Analysis.HighamChapter7	NumStability.Source.Higham.Chapter07.LinearSystemsConditioning.Problem10Bauer.Part02	move_candidate	theorem	public	NumStability.problem7_10a_scaled_product_toLin_spectralRadius_eq_of_irreducible_nonzero_nonneg_eigenvector	19256
NumStability.problem7_10a_scaled_product_toLin_spectralRadius_eq_of_positive_eigenvector	NumStability.Analysis.HighamChapter7	NumStability.Source.Higham.Chapter07.LinearSystemsConditioning.Problem10Bauer.Part01	move_candidate	theorem	public	NumStability.problem7_10a_scaled_product_toLin_spectralRadius_eq_of_positive_eigenvector	17591
NumStability.problem7_10a_scaled_product_toLin_spectrum_modulusSet_sSup_eq_of_positive_eigenvector	NumStability.Analysis.HighamChapter7	NumStability.Source.Higham.Chapter07.LinearSystemsConditioning.Problem10Bauer.Part01	move_candidate	theorem	public	NumStability.problem7_10a_scaled_product_toLin_spectrum_modulusSet_sSup_eq_of_positive_eigenvector	17560
NumStability.problem7_10b_abs_product_complexEigenvalueModulusSet_isGreatest_of_positive_eigenvector	NumStability.Analysis.HighamChapter7	NumStability.Source.Higham.Chapter07.LinearSystemsConditioning.Problem10Bauer.Part01	move_candidate	theorem	public	NumStability.problem7_10b_abs_product_complexEigenvalueModulusSet_isGreatest_of_positive_eigenvector	17133
NumStability.problem7_10b_abs_product_complexEigenvalueModulusSet_sSup_eq_of_positive_eigenvector	NumStability.Analysis.HighamChapter7	NumStability.Source.Higham.Chapter07.LinearSystemsConditioning.Problem10Bauer.Part01	move_candidate	theorem	public	NumStability.problem7_10b_abs_product_complexEigenvalueModulusSet_sSup_eq_of_positive_eigenvector	17184
NumStability.problem7_10b_abs_product_exists_mixedSubordinateMatrixNormValue_le_perron_add_delta	NumStability.Analysis.HighamChapter7	NumStability.Source.Higham.Chapter07.LinearSystemsConditioning.Problem10Bauer.Part01	move_candidate	theorem	public	NumStability.problem7_10b_abs_product_exists_mixedSubordinateMatrixNormValue_le_perron_add_delta	17163
NumStability.problem7_10b_abs_product_exists_spectralRadius_attaining_nonneg_subeigenvector	NumStability.Analysis.HighamChapter7	NumStability.Source.Higham.Chapter07.LinearSystemsConditioning.Problem10OneNorm	move_candidate	theorem	public	NumStability.problem7_10b_abs_product_exists_spectralRadius_attaining_nonneg_subeigenvector	21426
NumStability.problem7_10b_abs_product_exists_spectralRadius_attaining_positive_eigenvector	NumStability.Analysis.HighamChapter7	NumStability.Source.Higham.Chapter07.LinearSystemsConditioning.Problem10OneNorm	move_candidate	theorem	public	NumStability.problem7_10b_abs_product_exists_spectralRadius_attaining_positive_eigenvector	21572
NumStability.problem7_10b_abs_product_exists_spectralRadius_attaining_positive_subeigenvector	NumStability.Analysis.HighamChapter7	NumStability.Source.Higham.Chapter07.LinearSystemsConditioning.Problem10OneNorm	move_candidate	theorem	public	NumStability.problem7_10b_abs_product_exists_spectralRadius_attaining_positive_subeigenvector	21828
NumStability.problem7_10b_abs_product_isComplexEigenvalueRadius_of_positive_eigenvector	NumStability.Analysis.HighamChapter7	NumStability.Source.Higham.Chapter07.LinearSystemsConditioning.Problem10Bauer.Part01	move_candidate	theorem	public	NumStability.problem7_10b_abs_product_isComplexEigenvalueRadius_of_positive_eigenvector	17114
NumStability.problem7_10b_abs_product_isMaxComplexMatrixEigenvalueModulus_of_positive_eigenvector	NumStability.Analysis.HighamChapter7	NumStability.Source.Higham.Chapter07.LinearSystemsConditioning.Problem10Bauer.Part01	move_candidate	theorem	public	NumStability.problem7_10b_abs_product_isMaxComplexMatrixEigenvalueModulus_of_positive_eigenvector	17148
NumStability.problem7_10b_abs_product_toLin_exists_spectralRadius_attaining_eigenpair	NumStability.Analysis.HighamChapter7	NumStability.Source.Higham.Chapter07.LinearSystemsConditioning.Problem10OneNorm	move_candidate	theorem	public	NumStability.problem7_10b_abs_product_toLin_exists_spectralRadius_attaining_eigenpair	21355
NumStability.problem7_10b_abs_product_toLin_spectralRadius_eq_of_irreducible_nonzero_nonneg_eigenvector	NumStability.Analysis.HighamChapter7	NumStability.Source.Higham.Chapter07.LinearSystemsConditioning.Problem10Bauer.Part02	move_candidate	theorem	public	NumStability.problem7_10b_abs_product_toLin_spectralRadius_eq_of_irreducible_nonzero_nonneg_eigenvector	19229
NumStability.problem7_10b_abs_product_toLin_spectralRadius_eq_of_positive_eigenvector	NumStability.Analysis.HighamChapter7	NumStability.Source.Higham.Chapter07.LinearSystemsConditioning.Problem10Bauer.Part01	move_candidate	theorem	public	NumStability.problem7_10b_abs_product_toLin_spectralRadius_eq_of_positive_eigenvector	17220
NumStability.problem7_10b_abs_product_toLin_spectrum_modulusSet_sSup_eq_of_positive_eigenvector	NumStability.Analysis.HighamChapter7	NumStability.Source.Higham.Chapter07.LinearSystemsConditioning.Problem10Bauer.Part01	move_candidate	theorem	public	NumStability.problem7_10b_abs_product_toLin_spectrum_modulusSet_sSup_eq_of_positive_eigenvector	17200
NumStability.problem7_10b_canonical_scaled_infKappa_eq_perron_of_abs_inverse_positive_eigenvector	NumStability.Analysis.HighamChapter7	NumStability.Source.Higham.Chapter07.LinearSystemsConditioning.Problem10Bauer.Part03	move_candidate	theorem	public	NumStability.problem7_10b_canonical_scaled_infKappa_eq_perron_of_abs_inverse_positive_eigenvector	20110
NumStability.problem7_10b_irreducible_abs_product_scaledInfKappaSet_sInf_ge_spectralRadius	NumStability.Analysis.HighamChapter7	NumStability.Source.Higham.Chapter07.LinearSystemsConditioning.Problem10OneNorm	move_candidate	theorem	public	NumStability.problem7_10b_irreducible_abs_product_scaledInfKappaSet_sInf_ge_spectralRadius	21858
NumStability.problem7_10b_irreducible_products_canonical_scaled_infKappa_eq_perron	NumStability.Analysis.HighamChapter7	NumStability.Source.Higham.Chapter07.LinearSystemsConditioning.Problem10Bauer.Part03	move_candidate	theorem	public	NumStability.problem7_10b_irreducible_products_canonical_scaled_infKappa_eq_perron	20165
NumStability.problem7_10b_irreducible_products_canonical_scaled_infKappa_eq_perron_of_nonzero_nonneg_eigenvector	NumStability.Analysis.HighamChapter7	NumStability.Source.Higham.Chapter07.LinearSystemsConditioning.Problem10Bauer.Part03	move_candidate	theorem	public	NumStability.problem7_10b_irreducible_products_canonical_scaled_infKappa_eq_perron_of_nonzero_nonneg_eigenvector	20369
NumStability.problem7_10b_irreducible_products_scaledInfKappaSet_isLeast_perron	NumStability.Analysis.HighamChapter7	NumStability.Source.Higham.Chapter07.LinearSystemsConditioning.Problem10Bauer.Part03	move_candidate	theorem	public	NumStability.problem7_10b_irreducible_products_scaledInfKappaSet_isLeast_perron	20346
NumStability.problem7_10b_irreducible_products_scaledInfKappaSet_isLeast_perron_of_nonzero_nonneg_eigenvector	NumStability.Analysis.HighamChapter7	NumStability.Source.Higham.Chapter07.LinearSystemsConditioning.Problem10Bauer.Part03	move_candidate	theorem	public	NumStability.problem7_10b_irreducible_products_scaledInfKappaSet_isLeast_perron_of_nonzero_nonneg_eigenvector	20425
NumStability.problem7_10b_irreducible_products_scaledInfKappaSet_isLeast_spectralRadius	NumStability.Analysis.HighamChapter7	NumStability.Source.Higham.Chapter07.LinearSystemsConditioning.Problem10OneNorm	move_candidate	theorem	public	NumStability.problem7_10b_irreducible_products_scaledInfKappaSet_isLeast_spectralRadius	21645
NumStability.problem7_10b_irreducible_products_scaledInfKappaSet_sInf_eq_perron	NumStability.Analysis.HighamChapter7	NumStability.Source.Higham.Chapter07.LinearSystemsConditioning.Problem10Bauer.Part03	move_candidate	theorem	public	NumStability.problem7_10b_irreducible_products_scaledInfKappaSet_sInf_eq_perron	20321
NumStability.problem7_10b_irreducible_products_scaledInfKappaSet_sInf_eq_perron_of_nonzero_nonneg_eigenvector	NumStability.Analysis.HighamChapter7	NumStability.Source.Higham.Chapter07.LinearSystemsConditioning.Problem10Bauer.Part03	move_candidate	theorem	public	NumStability.problem7_10b_irreducible_products_scaledInfKappaSet_sInf_eq_perron_of_nonzero_nonneg_eigenvector	20399
NumStability.problem7_10b_irreducible_products_scaledInfKappaSet_sInf_eq_spectralRadius	NumStability.Analysis.HighamChapter7	NumStability.Source.Higham.Chapter07.LinearSystemsConditioning.Problem10OneNorm	move_candidate	theorem	public	NumStability.problem7_10b_irreducible_products_scaledInfKappaSet_sInf_eq_spectralRadius	21602
NumStability.problem7_10b_positive_abs_entries_canonical_scaled_infKappa_eq_perron	NumStability.Analysis.HighamChapter7	NumStability.Source.Higham.Chapter07.LinearSystemsConditioning.Problem10Bauer.Part03	move_candidate	theorem	public	NumStability.problem7_10b_positive_abs_entries_canonical_scaled_infKappa_eq_perron	20194
NumStability.problem7_10b_positive_abs_entries_products_irreducible	NumStability.Analysis.HighamChapter7	NumStability.Source.Higham.Chapter07.LinearSystemsConditioning.Problem10Bauer.Part03	move_candidate	theorem	public	NumStability.problem7_10b_positive_abs_entries_products_irreducible	20485
NumStability.problem7_10b_positive_abs_entries_scaledInfKappaSet_isLeast_perron	NumStability.Analysis.HighamChapter7	NumStability.Source.Higham.Chapter07.LinearSystemsConditioning.Problem10Bauer.Part03	move_candidate	theorem	public	NumStability.problem7_10b_positive_abs_entries_scaledInfKappaSet_isLeast_perron	20469
NumStability.problem7_10b_positive_abs_entries_scaledInfKappaSet_sInf_eq_perron	NumStability.Analysis.HighamChapter7	NumStability.Source.Higham.Chapter07.LinearSystemsConditioning.Problem10Bauer.Part03	move_candidate	theorem	public	NumStability.problem7_10b_positive_abs_entries_scaledInfKappaSet_sInf_eq_perron	20451
NumStability.problem7_10b_scaledInfKappaSet_isLeast_perron_of_abs_inverse_positive_eigenvector	NumStability.Analysis.HighamChapter7	NumStability.Source.Higham.Chapter07.LinearSystemsConditioning.Problem10Bauer.Part03	move_candidate	theorem	public	NumStability.problem7_10b_scaledInfKappaSet_isLeast_perron_of_abs_inverse_positive_eigenvector	20275
NumStability.problem7_10b_scaledInfKappaSet_sInf_eq_perron_of_abs_inverse_positive_eigenvector	NumStability.Analysis.HighamChapter7	NumStability.Source.Higham.Chapter07.LinearSystemsConditioning.Problem10Bauer.Part03	move_candidate	theorem	public	NumStability.problem7_10b_scaledInfKappaSet_sInf_eq_perron_of_abs_inverse_positive_eigenvector	20224
NumStability.problem7_10b_scaledInfKappaSet_sInf_ge_perron_of_abs_inverse_positive_subeigenvector	NumStability.Analysis.HighamChapter7	NumStability.Source.Higham.Chapter07.LinearSystemsConditioning.Problem10Bauer.Part03	move_candidate	theorem	public	NumStability.problem7_10b_scaledInfKappaSet_sInf_ge_perron_of_abs_inverse_positive_subeigenvector	20086
NumStability.problem7_10b_scaled_infKappa_ge_perron_of_abs_inverse_positive_eigenvector	NumStability.Analysis.HighamChapter7	NumStability.Source.Higham.Chapter07.LinearSystemsConditioning.Problem10Bauer.Part03	move_candidate	theorem	public	NumStability.problem7_10b_scaled_infKappa_ge_perron_of_abs_inverse_positive_eigenvector	20029
NumStability.problem7_10b_scaled_infKappa_ge_perron_of_abs_inverse_positive_subeigenvector	NumStability.Analysis.HighamChapter7	NumStability.Source.Higham.Chapter07.LinearSystemsConditioning.Problem10Bauer.Part03	move_candidate	theorem	public	NumStability.problem7_10b_scaled_infKappa_ge_perron_of_abs_inverse_positive_subeigenvector	20058
NumStability.problem7_10d_Cx_pos_of_irreducible_BC_CB	NumStability.Analysis.HighamChapter7	NumStability.Source.Higham.Chapter07.LinearSystemsConditioning.Problem10Bauer.Part02	move_candidate	theorem	public	NumStability.problem7_10d_Cx_pos_of_irreducible_BC_CB	19346
NumStability.problem7_10d_Cx_pos_of_irreducible_CB	NumStability.Analysis.HighamChapter7	NumStability.Source.Higham.Chapter07.LinearSystemsConditioning.Problem10Bauer.Part02	move_candidate	theorem	public	NumStability.problem7_10d_Cx_pos_of_irreducible_CB	19291
NumStability.problem7_10d_Cx_pos_of_irreducible_CB_of_positive_BC_entry	NumStability.Analysis.HighamChapter7	NumStability.Source.Higham.Chapter07.LinearSystemsConditioning.Problem10Bauer.Part02	move_candidate	theorem	public	NumStability.problem7_10d_Cx_pos_of_irreducible_CB_of_positive_BC_entry	19322
NumStability.problem7_10d_abs_inverse_Cx_pos_of_irreducible_products	NumStability.Analysis.HighamChapter7	NumStability.Source.Higham.Chapter07.LinearSystemsConditioning.Problem10Bauer.Part03	move_candidate	theorem	public	NumStability.problem7_10d_abs_inverse_Cx_pos_of_irreducible_products	20140
NumStability.problem7_10e_abs_products_toLin_spectralRadius_mul_comm_eq	NumStability.Analysis.HighamChapter7	NumStability.Source.Higham.Chapter07.LinearSystemsConditioning.Problem10OneNorm	move_candidate	theorem	public	NumStability.problem7_10e_abs_products_toLin_spectralRadius_mul_comm_eq	21271
NumStability.problem7_10e_abs_transpose_product_exists_spectralRadius_attaining_nonneg_subeigenvector	NumStability.Analysis.HighamChapter7	NumStability.Source.Higham.Chapter07.LinearSystemsConditioning.Problem10OneNorm	move_candidate	theorem	public	NumStability.problem7_10e_abs_transpose_product_exists_spectralRadius_attaining_nonneg_subeigenvector	21451
NumStability.problem7_10e_abs_transpose_product_exists_spectralRadius_attaining_positive_eigenvector	NumStability.Analysis.HighamChapter7	NumStability.Source.Higham.Chapter07.LinearSystemsConditioning.Problem10OneNorm	move_candidate	theorem	public	NumStability.problem7_10e_abs_transpose_product_exists_spectralRadius_attaining_positive_eigenvector	21691
NumStability.problem7_10e_abs_transpose_product_exists_spectralRadius_attaining_positive_subeigenvector	NumStability.Analysis.HighamChapter7	NumStability.Source.Higham.Chapter07.LinearSystemsConditioning.Problem10OneNorm	move_candidate	theorem	public	NumStability.problem7_10e_abs_transpose_product_exists_spectralRadius_attaining_positive_subeigenvector	21900
NumStability.problem7_10e_abs_transpose_product_toLin_exists_spectralRadius_attaining_eigenpair	NumStability.Analysis.HighamChapter7	NumStability.Source.Higham.Chapter07.LinearSystemsConditioning.Problem10OneNorm	move_candidate	theorem	public	NumStability.problem7_10e_abs_transpose_product_toLin_exists_spectralRadius_attaining_eigenpair	21376
NumStability.problem7_10e_abs_transpose_product_toLin_spectralRadius_eq_abs_product	NumStability.Analysis.HighamChapter7	NumStability.Source.Higham.Chapter07.LinearSystemsConditioning.Problem10OneNorm	move_candidate	theorem	public	NumStability.problem7_10e_abs_transpose_product_toLin_spectralRadius_eq_abs_product	21307
NumStability.problem7_10e_abs_transpose_product_toLin_spectralRadius_eq_of_irreducible_nonzero_nonneg_eigenvector	NumStability.Analysis.HighamChapter7	NumStability.Source.Higham.Chapter07.LinearSystemsConditioning.Problem10OneNorm	move_candidate	theorem	public	NumStability.problem7_10e_abs_transpose_product_toLin_spectralRadius_eq_of_irreducible_nonzero_nonneg_eigenvector	21993
NumStability.problem7_10e_abs_transpose_product_toLin_spectralRadius_eq_reverse_abs_product	NumStability.Analysis.HighamChapter7	NumStability.Source.Higham.Chapter07.LinearSystemsConditioning.Problem10OneNorm	move_candidate	theorem	public	NumStability.problem7_10e_abs_transpose_product_toLin_spectralRadius_eq_reverse_abs_product	21246
NumStability.problem7_10e_canonical_scaled_oneCond_eq_perron_of_transpose_positive_eigenvector	NumStability.Analysis.HighamChapter7	NumStability.Source.Higham.Chapter07.LinearSystemsConditioning.Problem10OneNorm	move_candidate	theorem	public	NumStability.problem7_10e_canonical_scaled_oneCond_eq_perron_of_transpose_positive_eigenvector	20585
NumStability.problem7_10e_canonical_scaled_oneKappa_eq_perron_of_abs_inverse_transpose_positive_eigenvector	NumStability.Analysis.HighamChapter7	NumStability.Source.Higham.Chapter07.LinearSystemsConditioning.Problem10OneNorm	move_candidate	theorem	public	NumStability.problem7_10e_canonical_scaled_oneKappa_eq_perron_of_abs_inverse_transpose_positive_eigenvector	20847
NumStability.problem7_10e_complexMatrixOp2_realRectToCMatrix_le_sqrt_one_mul_inf	NumStability.Analysis.HighamChapter7	NumStability.Source.Higham.Chapter07.LinearSystemsConditioning.Problem10OneNorm	move_candidate	theorem	public	NumStability.problem7_10e_complexMatrixOp2_realRectToCMatrix_le_sqrt_one_mul_inf	22178
NumStability.problem7_10e_irreducible_abs_transpose_product_scaledOneKappaSet_sInf_ge_spectralRadius	NumStability.Analysis.HighamChapter7	NumStability.Source.Higham.Chapter07.LinearSystemsConditioning.Problem10OneNorm	move_candidate	theorem	public	NumStability.problem7_10e_irreducible_abs_transpose_product_scaledOneKappaSet_sInf_ge_spectralRadius	21944
NumStability.problem7_10e_irreducible_products_canonical_scaled_oneCond_eq_perron_of_nonzero_nonneg_eigenvector	NumStability.Analysis.HighamChapter7	NumStability.Source.Higham.Chapter07.LinearSystemsConditioning.Problem10OneNorm	move_candidate	theorem	public	NumStability.problem7_10e_irreducible_products_canonical_scaled_oneCond_eq_perron_of_nonzero_nonneg_eigenvector	22036
NumStability.problem7_10e_irreducible_products_canonical_scaled_oneKappa_eq_perron_of_nonzero_nonneg_eigenvector	NumStability.Analysis.HighamChapter7	NumStability.Source.Higham.Chapter07.LinearSystemsConditioning.Problem10OneNorm	move_candidate	theorem	public	NumStability.problem7_10e_irreducible_products_canonical_scaled_oneKappa_eq_perron_of_nonzero_nonneg_eigenvector	22062
NumStability.problem7_10e_irreducible_products_scaledOneKappaSet_isLeast_perron_of_nonzero_nonneg_eigenvector	NumStability.Analysis.HighamChapter7	NumStability.Source.Higham.Chapter07.LinearSystemsConditioning.Problem10OneNorm	move_candidate	theorem	public	NumStability.problem7_10e_irreducible_products_scaledOneKappaSet_isLeast_perron_of_nonzero_nonneg_eigenvector	22120
NumStability.problem7_10e_irreducible_products_scaledOneKappaSet_sInf_eq_perron_of_nonzero_nonneg_eigenvector	NumStability.Analysis.HighamChapter7	NumStability.Source.Higham.Chapter07.LinearSystemsConditioning.Problem10OneNorm	move_candidate	theorem	public	NumStability.problem7_10e_irreducible_products_scaledOneKappaSet_sInf_eq_perron_of_nonzero_nonneg_eigenvector	22093
NumStability.problem7_10e_irreducible_products_scaledOneKappaSet_sInf_eq_spectralRadius	NumStability.Analysis.HighamChapter7	NumStability.Source.Higham.Chapter07.LinearSystemsConditioning.Problem10OneNorm	move_candidate	theorem	public	NumStability.problem7_10e_irreducible_products_scaledOneKappaSet_sInf_eq_spectralRadius	21734
NumStability.problem7_10e_irreducible_products_twoSidedScaledOp2KappaSet_sInf_le_spectralRadius	NumStability.Analysis.HighamChapter7	NumStability.Source.Higham.Chapter07.LinearSystemsConditioning.Problem15Hadamard	move_candidate	theorem	public	NumStability.problem7_10e_irreducible_products_twoSidedScaledOp2KappaSet_sInf_le_spectralRadius	23128
NumStability.problem7_10e_irreducible_transpose_products_canonical_scaled_oneCond_eq_perron_of_nonzero_nonneg_eigenvector	NumStability.Analysis.HighamChapter7	NumStability.Source.Higham.Chapter07.LinearSystemsConditioning.Problem10OneNorm	move_candidate	theorem	public	NumStability.problem7_10e_irreducible_transpose_products_canonical_scaled_oneCond_eq_perron_of_nonzero_nonneg_eigenvector	21052
NumStability.problem7_10e_irreducible_transpose_products_canonical_scaled_oneKappa_eq_perron_of_nonzero_nonneg_eigenvector	NumStability.Analysis.HighamChapter7	NumStability.Source.Higham.Chapter07.LinearSystemsConditioning.Problem10OneNorm	move_candidate	theorem	public	NumStability.problem7_10e_irreducible_transpose_products_canonical_scaled_oneKappa_eq_perron_of_nonzero_nonneg_eigenvector	21088
NumStability.problem7_10e_irreducible_transpose_products_scaledOneKappaSet_isLeast_perron_of_nonzero_nonneg_eigenvector	NumStability.Analysis.HighamChapter7	NumStability.Source.Higham.Chapter07.LinearSystemsConditioning.Problem10OneNorm	move_candidate	theorem	public	NumStability.problem7_10e_irreducible_transpose_products_scaledOneKappaSet_isLeast_perron_of_nonzero_nonneg_eigenvector	21177
NumStability.problem7_10e_irreducible_transpose_products_scaledOneKappaSet_sInf_eq_perron_of_nonzero_nonneg_eigenvector	NumStability.Analysis.HighamChapter7	NumStability.Source.Higham.Chapter07.LinearSystemsConditioning.Problem10OneNorm	move_candidate	theorem	public	NumStability.problem7_10e_irreducible_transpose_products_scaledOneKappaSet_sInf_eq_perron_of_nonzero_nonneg_eigenvector	21134
NumStability.problem7_10e_positive_abs_entries_canonical_scaled_oneKappa_eq_perron_of_transpose	NumStability.Analysis.HighamChapter7	NumStability.Source.Higham.Chapter07.LinearSystemsConditioning.Problem10OneNorm	move_candidate	theorem	public	NumStability.problem7_10e_positive_abs_entries_canonical_scaled_oneKappa_eq_perron_of_transpose	20877
NumStability.problem7_10e_positive_abs_entries_scaledOneKappaSet_isLeast_perron_of_transpose	NumStability.Analysis.HighamChapter7	NumStability.Source.Higham.Chapter07.LinearSystemsConditioning.Problem10OneNorm	move_candidate	theorem	public	NumStability.problem7_10e_positive_abs_entries_scaledOneKappaSet_isLeast_perron_of_transpose	21033
NumStability.problem7_10e_positive_abs_entries_scaledOneKappaSet_sInf_eq_perron_of_transpose	NumStability.Analysis.HighamChapter7	NumStability.Source.Higham.Chapter07.LinearSystemsConditioning.Problem10OneNorm	move_candidate	theorem	public	NumStability.problem7_10e_positive_abs_entries_scaledOneKappaSet_sInf_eq_perron_of_transpose	21014
NumStability.problem7_10e_positive_entries_canonical_scaled_oneCond_eq_perron_of_transpose	NumStability.Analysis.HighamChapter7	NumStability.Source.Higham.Chapter07.LinearSystemsConditioning.Problem10OneNorm	move_candidate	theorem	public	NumStability.problem7_10e_positive_entries_canonical_scaled_oneCond_eq_perron_of_transpose	20608
NumStability.problem7_10e_scaledOneKappaSet_isLeast_perron_of_abs_inverse_transpose_positive_eigenvector	NumStability.Analysis.HighamChapter7	NumStability.Source.Higham.Chapter07.LinearSystemsConditioning.Problem10OneNorm	move_candidate	theorem	public	NumStability.problem7_10e_scaledOneKappaSet_isLeast_perron_of_abs_inverse_transpose_positive_eigenvector	20964
NumStability.problem7_10e_scaledOneKappaSet_sInf_eq_perron_of_abs_inverse_transpose_positive_eigenvector	NumStability.Analysis.HighamChapter7	NumStability.Source.Higham.Chapter07.LinearSystemsConditioning.Problem10OneNorm	move_candidate	theorem	public	NumStability.problem7_10e_scaledOneKappaSet_sInf_eq_perron_of_abs_inverse_transpose_positive_eigenvector	20907
NumStability.problem7_10e_scaledOneKappaSet_sInf_ge_perron_of_abs_inverse_transpose_positive_subeigenvector	NumStability.Analysis.HighamChapter7	NumStability.Source.Higham.Chapter07.LinearSystemsConditioning.Problem10OneNorm	move_candidate	theorem	public	NumStability.problem7_10e_scaledOneKappaSet_sInf_ge_perron_of_abs_inverse_transpose_positive_subeigenvector	20820
NumStability.problem7_10e_scaled_oneCond_ge_perron_of_transpose_positive_eigenvector	NumStability.Analysis.HighamChapter7	NumStability.Source.Higham.Chapter07.LinearSystemsConditioning.Problem10OneNorm	move_candidate	theorem	public	NumStability.problem7_10e_scaled_oneCond_ge_perron_of_transpose_positive_eigenvector	20534
NumStability.problem7_10e_scaled_oneCond_ge_perron_of_transpose_positive_subeigenvector	NumStability.Analysis.HighamChapter7	NumStability.Source.Higham.Chapter07.LinearSystemsConditioning.Problem10OneNorm	move_candidate	theorem	public	NumStability.problem7_10e_scaled_oneCond_ge_perron_of_transpose_positive_subeigenvector	20561
NumStability.problem7_10e_scaled_oneKappa_ge_perron_of_abs_inverse_transpose_positive_eigenvector	NumStability.Analysis.HighamChapter7	NumStability.Source.Higham.Chapter07.LinearSystemsConditioning.Problem10OneNorm	move_candidate	theorem	public	NumStability.problem7_10e_scaled_oneKappa_ge_perron_of_abs_inverse_transpose_positive_eigenvector	20762
NumStability.problem7_10e_scaled_oneKappa_ge_perron_of_abs_inverse_transpose_positive_subeigenvector	NumStability.Analysis.HighamChapter7	NumStability.Source.Higham.Chapter07.LinearSystemsConditioning.Problem10OneNorm	move_candidate	theorem	public	NumStability.problem7_10e_scaled_oneKappa_ge_perron_of_abs_inverse_transpose_positive_subeigenvector	20791
NumStability.problem7_10e_scaled_op2Kappa_le_of_one_inf_bounds	NumStability.Analysis.HighamChapter7	NumStability.Source.Higham.Chapter07.LinearSystemsConditioning.Problem10OneNorm	move_candidate	theorem	public	NumStability.problem7_10e_scaled_op2Kappa_le_of_one_inf_bounds	22741
NumStability.problem7_10e_scaled_op2Kappa_le_of_one_inf_product_bound	NumStability.Analysis.HighamChapter7	NumStability.Source.Higham.Chapter07.LinearSystemsConditioning.Problem10OneNorm	move_candidate	theorem	public	NumStability.problem7_10e_scaled_op2Kappa_le_of_one_inf_product_bound	22777
NumStability.problem7_10e_scaled_op2Kappa_le_perron_of_abs_left_right_vectors	NumStability.Analysis.HighamChapter7	NumStability.Source.Higham.Chapter07.LinearSystemsConditioning.Problem10OneNorm	move_candidate	theorem	public	NumStability.problem7_10e_scaled_op2Kappa_le_perron_of_abs_left_right_vectors	22604
NumStability.problem7_10e_scaled_op2Kappa_le_sqrt_oneKappa_mul_infKappa	NumStability.Analysis.HighamChapter7	NumStability.Source.Higham.Chapter07.LinearSystemsConditioning.Problem10OneNorm	move_candidate	theorem	public	NumStability.problem7_10e_scaled_op2Kappa_le_sqrt_oneKappa_mul_infKappa	22705
NumStability.problem7_10e_twoSidedScaledOp2Kappa_sInf_le_of_one_inf_bounds	NumStability.Analysis.HighamChapter7	NumStability.Source.Higham.Chapter07.LinearSystemsConditioning.Problem15Hadamard	move_candidate	theorem	public	NumStability.problem7_10e_twoSidedScaledOp2Kappa_sInf_le_of_one_inf_bounds	22998
NumStability.problem7_10e_twoSidedScaledOp2Kappa_sInf_le_of_one_inf_product_bound	NumStability.Analysis.HighamChapter7	NumStability.Source.Higham.Chapter07.LinearSystemsConditioning.Problem15Hadamard	move_candidate	theorem	public	NumStability.problem7_10e_twoSidedScaledOp2Kappa_sInf_le_of_one_inf_product_bound	23034
NumStability.problem7_10e_twoSidedScaledOp2Kappa_sInf_le_perron_of_abs_left_right_vectors	NumStability.Analysis.HighamChapter7	NumStability.Source.Higham.Chapter07.LinearSystemsConditioning.Problem15Hadamard	move_candidate	theorem	public	NumStability.problem7_10e_twoSidedScaledOp2Kappa_sInf_le_perron_of_abs_left_right_vectors	23068
NumStability.problem7_11_eventually_abs_left_product_infNormBound_half_of_componentwise_tendsto_zero	NumStability.Analysis.HighamChapter7	NumStability.Source.Higham.Chapter07.Equation25.InverseConditioning.ExactPerturbation	move_candidate	theorem	public	NumStability.problem7_11_eventually_abs_left_product_infNormBound_half_of_componentwise_tendsto_zero	4730
NumStability.problem7_11_exact_inverse_firstOrder_remainder_identity	NumStability.Analysis.HighamChapter7	NumStability.Analysis.Conditioning.LinearSystems.InversePerturbation	move_candidate	theorem	public	NumStability.problem7_11_exact_inverse_firstOrder_remainder_identity	3577
NumStability.problem7_11_exact_inverse_relative_change_max_div_tendsto_linearized_of_componentwise_tendsto_zero	NumStability.Analysis.HighamChapter7	NumStability.Source.Higham.Chapter07.Equation25.InverseConditioning.ExactPerturbation	move_candidate	theorem	public	NumStability.problem7_11_exact_inverse_relative_change_max_div_tendsto_linearized_of_componentwise_tendsto_zero	5059
NumStability.problem7_11_exact_inverse_relative_change_max_div_tendsto_linearized_of_eventually_abs_left_product_bound	NumStability.Analysis.HighamChapter7	NumStability.Source.Higham.Chapter07.Equation25.InverseConditioning.ExactPerturbation	move_candidate	theorem	public	NumStability.problem7_11_exact_inverse_relative_change_max_div_tendsto_linearized_of_eventually_abs_left_product_bound	5006
NumStability.problem7_11_exact_inverse_relative_change_max_div_tendsto_linearized_of_eventually_entry_bound	NumStability.Analysis.HighamChapter7	NumStability.Source.Higham.Chapter07.Equation25.InverseConditioning.ExactPerturbation	move_candidate	theorem	public	NumStability.problem7_11_exact_inverse_relative_change_max_div_tendsto_linearized_of_eventually_entry_bound	4923
NumStability.problem7_11_exact_inverse_relative_change_max_div_tendsto_linearized_of_eventually_infNorm_bound	NumStability.Analysis.HighamChapter7	NumStability.Source.Higham.Chapter07.Equation25.InverseConditioning.ExactPerturbation	move_candidate	theorem	public	NumStability.problem7_11_exact_inverse_relative_change_max_div_tendsto_linearized_of_eventually_infNorm_bound	4969
NumStability.problem7_11_exact_inverse_relative_change_max_div_tendsto_linearized_of_quadratic_bound	NumStability.Analysis.HighamChapter7	NumStability.Source.Higham.Chapter07.Equation25.InverseConditioning.ExactPerturbation	move_candidate	theorem	public	NumStability.problem7_11_exact_inverse_relative_change_max_div_tendsto_linearized_of_quadratic_bound	4831
NumStability.problem7_11_exact_inverse_relative_change_max_ge_condition_minus_quadratic_of_linearized_attainer	NumStability.Analysis.HighamChapter7	NumStability.Source.Higham.Chapter07.Equation25.InverseConditioning.ExactPerturbation	move_candidate	theorem	public	NumStability.problem7_11_exact_inverse_relative_change_max_ge_condition_minus_quadratic_of_linearized_attainer	3979
NumStability.problem7_11_exact_inverse_relative_change_max_ge_linearized_entry_minus_quadratic	NumStability.Analysis.HighamChapter7	NumStability.Source.Higham.Chapter07.Equation25.InverseConditioning.ExactPerturbation	move_candidate	theorem	public	NumStability.problem7_11_exact_inverse_relative_change_max_ge_linearized_entry_minus_quadratic	3951
NumStability.problem7_11_exact_inverse_relative_change_max_ge_linearized_max_minus_quadratic	NumStability.Analysis.HighamChapter7	NumStability.Source.Higham.Chapter07.Equation25.InverseConditioning.ExactPerturbation	move_candidate	theorem	public	NumStability.problem7_11_exact_inverse_relative_change_max_ge_linearized_max_minus_quadratic	4187
NumStability.problem7_11_exact_inverse_relative_change_max_le_condition_plus_quadratic	NumStability.Analysis.HighamChapter7	NumStability.Source.Higham.Chapter07.Equation25.InverseConditioning.ExactPerturbation	move_candidate	theorem	public	NumStability.problem7_11_exact_inverse_relative_change_max_le_condition_plus_quadratic	4073
NumStability.problem7_11_exact_inverse_relative_change_max_le_condition_plus_radius_bound	NumStability.Analysis.HighamChapter7	NumStability.Source.Higham.Chapter07.Equation25.InverseConditioning.ExactPerturbation	move_candidate	theorem	public	NumStability.problem7_11_exact_inverse_relative_change_max_le_condition_plus_radius_bound	4762
NumStability.problem7_11_exact_inverse_relative_change_max_le_linearized_max_plus_quadratic	NumStability.Analysis.HighamChapter7	NumStability.Source.Higham.Chapter07.Equation25.InverseConditioning.ExactPerturbation	move_candidate	theorem	public	NumStability.problem7_11_exact_inverse_relative_change_max_le_linearized_max_plus_quadratic	4135
NumStability.problem7_11_exact_inverse_relative_entry_ge_linearized_minus_quadratic	NumStability.Analysis.HighamChapter7	NumStability.Source.Higham.Chapter07.Equation25.InverseConditioning.ExactPerturbation	move_candidate	theorem	public	NumStability.problem7_11_exact_inverse_relative_entry_ge_linearized_minus_quadratic	3893
NumStability.problem7_11_exact_inverse_relative_entry_le_linearized_plus_quadratic	NumStability.Analysis.HighamChapter7	NumStability.Source.Higham.Chapter07.Equation25.InverseConditioning.ExactPerturbation	move_candidate	theorem	public	NumStability.problem7_11_exact_inverse_relative_entry_le_linearized_plus_quadratic	3839
NumStability.problem7_11_exists_exact_inverse_relative_change_max_lower_witness	NumStability.Analysis.HighamChapter7	NumStability.Source.Higham.Chapter07.Equation25.InverseConditioning.ExactPerturbation	move_candidate	theorem	public	NumStability.problem7_11_exists_exact_inverse_relative_change_max_lower_witness	4025
NumStability.problem7_11_inverse_componentwise_condition_of_positive_radii	NumStability.Analysis.HighamChapter7	NumStability.Source.Higham.Chapter07.Equation25.InverseConditioning.ExactPerturbation	move_candidate	theorem	public	NumStability.problem7_11_inverse_componentwise_condition_of_positive_radii	5402
NumStability.problem7_11_inverse_componentwise_radiusSup_tendsto_linearized	NumStability.Analysis.HighamChapter7	NumStability.Source.Higham.Chapter07.Equation25.InverseConditioning.ExactPerturbation	move_candidate	theorem	public	NumStability.problem7_11_inverse_componentwise_radiusSup_tendsto_linearized	5334
NumStability.problem7_11_linearized_inverse_componentwise_formula	NumStability.Analysis.HighamChapter7	NumStability.Source.Higham.Chapter07.Equation25.InverseConditioning.ExactPerturbation	move_candidate	theorem	public	NumStability.problem7_11_linearized_inverse_componentwise_formula	3411
NumStability.problem7_11_linearized_inverse_componentwise_upper_and_sign_attainment	NumStability.Analysis.HighamChapter7	NumStability.Source.Higham.Chapter07.Equation25.InverseConditioning.ExactPerturbation	move_candidate	theorem	public	NumStability.problem7_11_linearized_inverse_componentwise_upper_and_sign_attainment	3382
NumStability.problem7_11_perturbed_inverse_candidate_infNorm_bound_of_abs_left_product_bound	NumStability.Analysis.HighamChapter7	NumStability.Analysis.Conditioning.LinearSystems.InversePerturbation	move_candidate	theorem	public	NumStability.problem7_11_perturbed_inverse_candidate_infNorm_bound_of_abs_left_product_bound	4658
NumStability.problem7_11_perturbed_inverse_candidate_right_inverse_of_abs_left_product_bound	NumStability.Analysis.HighamChapter7	NumStability.Analysis.Conditioning.LinearSystems.InversePerturbation	move_candidate	theorem	public	NumStability.problem7_11_perturbed_inverse_candidate_right_inverse_of_abs_left_product_bound	4582
NumStability.problem7_11_quadratic_remainder_relative_scaled_tendsto_zero_of_eventually_bounded	NumStability.Analysis.HighamChapter7	NumStability.Source.Higham.Chapter07.Equation25.InverseConditioning.ExactPerturbation	move_candidate	theorem	public	NumStability.problem7_11_quadratic_remainder_relative_scaled_tendsto_zero_of_eventually_bounded	4806
NumStability.problem7_13_componentwise_bound	NumStability.Analysis.HighamChapter7	NumStability.Source.Higham.Chapter07.LinearSystemsConditioning.Problem13SparseResidual	move_candidate	theorem	public	NumStability.problem7_13_componentwise_bound	25937
NumStability.problem7_13_relative_infNorm_bound	NumStability.Analysis.HighamChapter7	NumStability.Source.Higham.Chapter07.LinearSystemsConditioning.Problem13SparseResidual	move_candidate	theorem	public	NumStability.problem7_13_relative_infNorm_bound	25981
NumStability.problem7_13_sparse_residual_error	NumStability.Analysis.HighamChapter7	NumStability.Source.Higham.Chapter07.LinearSystemsConditioning.Problem13SparseResidual	move_candidate	theorem	public	NumStability.problem7_13_sparse_residual_error	25811
NumStability.problem7_15_abs_inv_mul_sq_eq_one	NumStability.Analysis.HighamChapter7	NumStability.Source.Higham.Chapter07.LinearSystemsConditioning.Problem15Hadamard	move_candidate	theorem	public	NumStability.problem7_15_abs_inv_mul_sq_eq_one	23461
NumStability.problem7_15_ch7TwoSidedScale_diagMatrix_eq	NumStability.Analysis.HighamChapter7	NumStability.Source.Higham.Chapter07.LinearSystemsConditioning.Problem15Hadamard	move_candidate	theorem	public	NumStability.problem7_15_ch7TwoSidedScale_diagMatrix_eq	23439
NumStability.problem7_15_complexMatrixOp2_realRectToCMatrix_orthogonal_eq_one	NumStability.Analysis.HighamChapter7	NumStability.Source.Higham.Chapter07.LinearSystemsConditioning.Problem15Hadamard	move_candidate	theorem	public	NumStability.problem7_15_complexMatrixOp2_realRectToCMatrix_orthogonal_eq_one	23419
NumStability.problem7_15_diagonal_attaining_scaling_eq_hadamard_op2	NumStability.Analysis.HighamChapter7	NumStability.Source.Higham.Chapter07.LinearSystemsConditioning.Problem15Hadamard	move_candidate	theorem	public	NumStability.problem7_15_diagonal_attaining_scaling_eq_hadamard_op2	23485
NumStability.problem7_15_diagonal_hadamard_op2_eq_one	NumStability.Analysis.HighamChapter7	NumStability.Source.Higham.Chapter07.LinearSystemsConditioning.Problem15Hadamard	move_candidate	theorem	public	NumStability.problem7_15_diagonal_hadamard_op2_eq_one	23472
NumStability.problem7_15_diagonal_twoSidedScaledOp2Kappa_isLeast_one	NumStability.Analysis.HighamChapter7	NumStability.Source.Higham.Chapter07.LinearSystemsConditioning.Problem15Hadamard	move_candidate	theorem	public	NumStability.problem7_15_diagonal_twoSidedScaledOp2Kappa_isLeast_one	23576
NumStability.problem7_15_diagonal_twoSidedScaledOp2Kappa_sInf_eq_one	NumStability.Analysis.HighamChapter7	NumStability.Source.Higham.Chapter07.LinearSystemsConditioning.Problem15Hadamard	move_candidate	theorem	public	NumStability.problem7_15_diagonal_twoSidedScaledOp2Kappa_sInf_eq_one	23553
NumStability.problem7_15_hadamard_diag_inverse_transpose_eq_idMatrix	NumStability.Analysis.HighamChapter7	NumStability.Source.Higham.Chapter07.LinearSystemsConditioning.Problem15Hadamard	move_candidate	theorem	public	NumStability.problem7_15_hadamard_diag_inverse_transpose_eq_idMatrix	23449
NumStability.problem7_15_hadamard_op2_le_twoSidedScaledOp2Kappa_mem	NumStability.Analysis.HighamChapter7	NumStability.Source.Higham.Chapter07.LinearSystemsConditioning.Problem15Hadamard	move_candidate	theorem	public	NumStability.problem7_15_hadamard_op2_le_twoSidedScaledOp2Kappa_mem	23263
NumStability.problem7_15_hornJohnson_hadamard_opNorm2Le	NumStability.Analysis.HighamChapter7	NumStability.Source.Higham.Chapter07.LinearSystemsConditioning.Problem15Hadamard	move_candidate	theorem	public	NumStability.problem7_15_hornJohnson_hadamard_opNorm2Le	22859
NumStability.problem7_15_inv_mul_abs_sq_eq_one	NumStability.Analysis.HighamChapter7	NumStability.Source.Higham.Chapter07.LinearSystemsConditioning.Problem15Hadamard	move_candidate	theorem	public	NumStability.problem7_15_inv_mul_abs_sq_eq_one	23467
NumStability.problem7_15_scaled_inverse_hadamard_opNorm2Le	NumStability.Analysis.HighamChapter7	NumStability.Source.Higham.Chapter07.LinearSystemsConditioning.Problem15Hadamard	move_candidate	theorem	public	NumStability.problem7_15_scaled_inverse_hadamard_opNorm2Le	22870
NumStability.problem7_15_transpose_inverse_partner_opNorm2Le	NumStability.Analysis.HighamChapter7	NumStability.Source.Higham.Chapter07.LinearSystemsConditioning.Problem15Hadamard	move_candidate	theorem	public	NumStability.problem7_15_transpose_inverse_partner_opNorm2Le	22844
NumStability.problem7_15_twoSidedScale_hadamard_transpose_inverse_invariant	NumStability.Analysis.HighamChapter7	NumStability.Source.Higham.Chapter07.LinearSystemsConditioning.Problem15Hadamard	move_candidate	theorem	public	NumStability.problem7_15_twoSidedScale_hadamard_transpose_inverse_invariant	22828
NumStability.problem7_15_twoSidedScaledOp2Kappa_isLeast_hadamard_op2_of_attaining_scaling	NumStability.Analysis.HighamChapter7	NumStability.Source.Higham.Chapter07.LinearSystemsConditioning.Problem15Hadamard	move_candidate	theorem	public	NumStability.problem7_15_twoSidedScaledOp2Kappa_isLeast_hadamard_op2_of_attaining_scaling	23393
NumStability.problem7_15_twoSidedScaledOp2Kappa_isLeast_hadamard_op2_of_mem	NumStability.Analysis.HighamChapter7	NumStability.Source.Higham.Chapter07.LinearSystemsConditioning.Problem15Hadamard	move_candidate	theorem	public	NumStability.problem7_15_twoSidedScaledOp2Kappa_isLeast_hadamard_op2_of_mem	23350
NumStability.problem7_15_twoSidedScaledOp2Kappa_sInf_eq_hadamard_op2_of_attaining_scaling	NumStability.Analysis.HighamChapter7	NumStability.Source.Higham.Chapter07.LinearSystemsConditioning.Problem15Hadamard	move_candidate	theorem	public	NumStability.problem7_15_twoSidedScaledOp2Kappa_sInf_eq_hadamard_op2_of_attaining_scaling	23367
NumStability.problem7_15_twoSidedScaledOp2Kappa_sInf_eq_hadamard_op2_of_mem	NumStability.Analysis.HighamChapter7	NumStability.Source.Higham.Chapter07.LinearSystemsConditioning.Problem15Hadamard	move_candidate	theorem	public	NumStability.problem7_15_twoSidedScaledOp2Kappa_sInf_eq_hadamard_op2_of_mem	23323
NumStability.problem7_15_twoSidedScaledOp2Kappa_sInf_ge_hadamard_op2	NumStability.Analysis.HighamChapter7	NumStability.Source.Higham.Chapter07.LinearSystemsConditioning.Problem15Hadamard	move_candidate	theorem	public	NumStability.problem7_15_twoSidedScaledOp2Kappa_sInf_ge_hadamard_op2	23292
NumStability.problem7_15_twoSidedScaledOp2Kappa_sInf_ge_hadamard_op2_of_inverse	NumStability.Analysis.HighamChapter7	NumStability.Source.Higham.Chapter07.LinearSystemsConditioning.Problem15Hadamard	move_candidate	theorem	public	NumStability.problem7_15_twoSidedScaledOp2Kappa_sInf_ge_hadamard_op2_of_inverse	23312
NumStability.problem7_1_componentwise_contraction_ineq	NumStability.Analysis.HighamChapter7	NumStability.Source.Higham.Chapter07.LinearSystemsConditioning.Problem01	move_candidate	theorem	public	NumStability.problem7_1_componentwise_contraction_ineq	191
NumStability.problem7_1_componentwise_neumann_scalar_bound	NumStability.Analysis.HighamChapter7	NumStability.Source.Higham.Chapter07.LinearSystemsConditioning.Problem01	move_candidate	theorem	public	NumStability.problem7_1_componentwise_neumann_scalar_bound	304
NumStability.problem7_1_componentwise_nonsingInv_resolvent_bound	NumStability.Analysis.HighamChapter7	NumStability.Source.Higham.Chapter07.LinearSystemsConditioning.Problem01	move_candidate	theorem	public	NumStability.problem7_1_componentwise_nonsingInv_resolvent_bound	531
NumStability.problem7_1_componentwise_resolvent_bound	NumStability.Analysis.HighamChapter7	NumStability.Source.Higham.Chapter07.LinearSystemsConditioning.Problem01	move_candidate	theorem	public	NumStability.problem7_1_componentwise_resolvent_bound	499
NumStability.problem7_1_neumann_componentwise_inequality_bound	NumStability.Analysis.HighamChapter7	NumStability.Analysis.Conditioning.LinearSystems.InversePerturbation	move_candidate	theorem	public	NumStability.problem7_1_neumann_componentwise_inequality_bound	131
NumStability.problem7_1_resolvent_componentwise_inequality_bound	NumStability.Analysis.HighamChapter7	NumStability.Source.Higham.Chapter07.LinearSystemsConditioning.Problem01	move_candidate	theorem	public	NumStability.problem7_1_resolvent_componentwise_inequality_bound	104
NumStability.problem7_2_infNorm_residual_lower	NumStability.Analysis.HighamChapter7	NumStability.Source.Higham.Chapter07.LinearSystemsConditioning.Problem02	move_candidate	theorem	public	NumStability.problem7_2_infNorm_residual_lower	23969
NumStability.problem7_2_infNorm_residual_upper	NumStability.Analysis.HighamChapter7	NumStability.Source.Higham.Chapter07.LinearSystemsConditioning.Problem02	move_candidate	theorem	public	NumStability.problem7_2_infNorm_residual_upper	23985
NumStability.problem7_2_infNorm_scaled_lower	NumStability.Analysis.HighamChapter7	NumStability.Source.Higham.Chapter07.LinearSystemsConditioning.Problem02	move_candidate	theorem	public	NumStability.problem7_2_infNorm_scaled_lower	24021
NumStability.problem7_2_infNorm_scaled_upper	NumStability.Analysis.HighamChapter7	NumStability.Source.Higham.Chapter07.LinearSystemsConditioning.Problem02	move_candidate	theorem	public	NumStability.problem7_2_infNorm_scaled_upper	24041
NumStability.problem7_2_subordinate_residual_lower	NumStability.Analysis.HighamChapter7	NumStability.Source.Higham.Chapter07.LinearSystemsConditioning.Problem02	move_candidate	theorem	public	NumStability.problem7_2_subordinate_residual_lower	24065
NumStability.problem7_2_subordinate_residual_upper	NumStability.Analysis.HighamChapter7	NumStability.Source.Higham.Chapter07.LinearSystemsConditioning.Problem02	move_candidate	theorem	public	NumStability.problem7_2_subordinate_residual_upper	24085
NumStability.problem7_2_subordinate_scaled_lower	NumStability.Analysis.HighamChapter7	NumStability.Source.Higham.Chapter07.LinearSystemsConditioning.Problem02	move_candidate	theorem	public	NumStability.problem7_2_subordinate_scaled_lower	24117
NumStability.problem7_2_subordinate_scaled_upper	NumStability.Analysis.HighamChapter7	NumStability.Source.Higham.Chapter07.LinearSystemsConditioning.Problem02	move_candidate	theorem	public	NumStability.problem7_2_subordinate_scaled_upper	24139
NumStability.problem7_3_rowEquilibrated_kappaInf_le_diagKappa_mul_condSkeel	NumStability.Analysis.HighamChapter7	NumStability.Source.Higham.Chapter07.LinearSystemsConditioning.RowScaling	move_candidate	theorem	public	NumStability.problem7_3_rowEquilibrated_kappaInf_le_diagKappa_mul_condSkeel	6986
NumStability.problem7_3_rowEquilibrated_lower_bound	NumStability.Analysis.HighamChapter7	NumStability.Source.Higham.Chapter07.LinearSystemsConditioning.RowScaling	move_candidate	theorem	public	NumStability.problem7_3_rowEquilibrated_lower_bound	7031
NumStability.problem7_3_rowEquilibrated_scaling_condition_eq	NumStability.Analysis.HighamChapter7	NumStability.Source.Higham.Chapter07.LinearSystemsConditioning.RowScaling	move_candidate	theorem	public	NumStability.problem7_3_rowEquilibrated_scaling_condition_eq	6873
NumStability.problem7_4_abs_entry_le_one_of_finitePSD_diag_one	NumStability.Analysis.HighamChapter7	NumStability.Source.Higham.Chapter07.LinearSystemsConditioning.Problem04	move_candidate	theorem	public	NumStability.problem7_4_abs_entry_le_one_of_finitePSD_diag_one	7552
NumStability.problem7_4_condSkeel_ge_infNorm_inv_of_rowAbsSum_ge_one	NumStability.Analysis.HighamChapter7	NumStability.Source.Higham.Chapter07.LinearSystemsConditioning.Problem04	move_candidate	theorem	public	NumStability.problem7_4_condSkeel_ge_infNorm_inv_of_rowAbsSum_ge_one	7509
NumStability.problem7_4_finiteQuadraticForm_basis_add_basis	NumStability.Analysis.HighamChapter7	NumStability.Source.Higham.Chapter07.LinearSystemsConditioning.Problem04	move_candidate	theorem	public	NumStability.problem7_4_finiteQuadraticForm_basis_add_basis	7532
NumStability.problem7_4_finiteQuadraticForm_basis_sub_basis	NumStability.Analysis.HighamChapter7	NumStability.Source.Higham.Chapter07.LinearSystemsConditioning.Problem04	move_candidate	theorem	public	NumStability.problem7_4_finiteQuadraticForm_basis_sub_basis	7542
NumStability.problem7_4_infNorm_le_card_of_abs_entry_le_one	NumStability.Analysis.HighamChapter7	NumStability.Source.Higham.Chapter07.LinearSystemsConditioning.Problem04	move_candidate	theorem	public	NumStability.problem7_4_infNorm_le_card_of_abs_entry_le_one	7501
NumStability.problem7_4_one_le_rowAbsSum_of_diag_one	NumStability.Analysis.HighamChapter7	NumStability.Source.Higham.Chapter07.LinearSystemsConditioning.Problem04	move_candidate	theorem	public	NumStability.problem7_4_one_le_rowAbsSum_of_diag_one	7487
NumStability.problem7_4_rowAbsSum_le_card_of_abs_entry_le_one	NumStability.Analysis.HighamChapter7	NumStability.Source.Higham.Chapter07.LinearSystemsConditioning.Problem04	move_candidate	theorem	public	NumStability.problem7_4_rowAbsSum_le_card_of_abs_entry_le_one	7476
NumStability.problem7_4_unitDiagonal_entryBound_condition_bounds	NumStability.Analysis.HighamChapter7	NumStability.Source.Higham.Chapter07.LinearSystemsConditioning.Problem04	move_candidate	theorem	public	NumStability.problem7_4_unitDiagonal_entryBound_condition_bounds	7582
NumStability.problem7_4_unitDiagonal_finitePSD_condition_bounds	NumStability.Analysis.HighamChapter7	NumStability.Source.Higham.Chapter07.LinearSystemsConditioning.Problem04	move_candidate	theorem	public	NumStability.problem7_4_unitDiagonal_finitePSD_condition_bounds	7609
NumStability.problem7_5_norm_le_inv_sigmaMin_mul_image_norm	NumStability.Analysis.HighamChapter7	NumStability.Source.Higham.Chapter07.LinearSystemsConditioning.Problem05	move_candidate	theorem	public	NumStability.problem7_5_norm_le_inv_sigmaMin_mul_image_norm	1431
NumStability.problem7_5_projection_norm_le_sigmaTail_mul_norm	NumStability.Analysis.HighamChapter7	NumStability.Source.Higham.Chapter07.LinearSystemsConditioning.Problem05	move_candidate	theorem	public	NumStability.problem7_5_projection_norm_le_sigmaTail_mul_norm	1312
NumStability.problem7_5_relative_error_algebra	NumStability.Analysis.HighamChapter7	NumStability.Source.Higham.Chapter07.LinearSystemsConditioning.Problem05	move_candidate	theorem	public	NumStability.problem7_5_relative_error_algebra	1450
NumStability.problem7_5_sigmaMin_mul_norm_le_image_norm	NumStability.Analysis.HighamChapter7	NumStability.Source.Higham.Chapter07.LinearSystemsConditioning.Problem05	move_candidate	theorem	public	NumStability.problem7_5_sigmaMin_mul_norm_le_image_norm	1374
NumStability.problem7_5_svd_projection_relative_error_bound	NumStability.Analysis.HighamChapter7	NumStability.Source.Higham.Chapter07.LinearSystemsConditioning.Problem05	move_candidate	theorem	public	NumStability.problem7_5_svd_projection_relative_error_bound	1484
NumStability.problem7_5_svd_projection_relative_error_bound_source_indices	NumStability.Analysis.HighamChapter7	NumStability.Source.Higham.Chapter07.LinearSystemsConditioning.Problem05	move_candidate	theorem	public	NumStability.problem7_5_svd_projection_relative_error_bound_source_indices	1527
NumStability.problem7_6a_rowwise_data_condition_bounds	NumStability.Analysis.HighamChapter7	NumStability.Source.Higham.Chapter07.LinearSystemsConditioning.Problem06Rowwise	move_candidate	theorem	public	NumStability.problem7_6a_rowwise_data_condition_bounds	1748
NumStability.problem7_6b_columnwise_data_condition_bounds	NumStability.Analysis.HighamChapter7	NumStability.Source.Higham.Chapter07.LinearSystemsConditioning.Problem06Columnwise	move_candidate	theorem	public	NumStability.problem7_6b_columnwise_data_condition_bounds	1986
NumStability.problem7_7_componentwise_abs_rhs_to_zero_rhs_residual_bound	NumStability.Analysis.HighamChapter7	NumStability.Source.Higham.Chapter07.LinearSystemsConditioning.Problem07	move_candidate	theorem	public	NumStability.problem7_7_componentwise_abs_rhs_to_zero_rhs_residual_bound	24902
NumStability.problem7_7_componentwise_zero_rhs_feasible_of_abs_rhs_feasible	NumStability.Analysis.HighamChapter7	NumStability.Source.Higham.Chapter07.LinearSystemsConditioning.Problem07	move_candidate	theorem	public	NumStability.problem7_7_componentwise_zero_rhs_feasible_of_abs_rhs_feasible	24973
NumStability.problem7_7_normwise_inf_residual_bound	NumStability.Analysis.HighamChapter7	NumStability.Source.Higham.Chapter07.LinearSystemsConditioning.Problem07	move_candidate	theorem	public	NumStability.problem7_7_normwise_inf_residual_bound	25004
NumStability.problem7_7_normwise_zero_rhs_feasible_of_abs_rhs_feasible	NumStability.Analysis.HighamChapter7	NumStability.Source.Higham.Chapter07.LinearSystemsConditioning.Problem07	move_candidate	theorem	public	NumStability.problem7_7_normwise_zero_rhs_feasible_of_abs_rhs_feasible	25109
NumStability.problem7_7_subordinate_abs_rhs_feasible_of_zero_rhs_feasible	NumStability.Analysis.HighamChapter7	NumStability.Source.Higham.Chapter07.LinearSystemsConditioning.Problem07	move_candidate	theorem	public	NumStability.problem7_7_subordinate_abs_rhs_feasible_of_zero_rhs_feasible	24770
NumStability.problem7_7_subordinate_abs_rhs_to_zero_rhs_residual_bound	NumStability.Analysis.HighamChapter7	NumStability.Source.Higham.Chapter07.LinearSystemsConditioning.Problem07	move_candidate	theorem	public	NumStability.problem7_7_subordinate_abs_rhs_to_zero_rhs_residual_bound	24796
NumStability.problem7_7_subordinate_zero_rhs_feasible_of_abs_rhs_feasible	NumStability.Analysis.HighamChapter7	NumStability.Source.Higham.Chapter07.LinearSystemsConditioning.Problem07	move_candidate	theorem	public	NumStability.problem7_7_subordinate_zero_rhs_feasible_of_abs_rhs_feasible	24850
NumStability.problem7_8_frobenius_characterization_pos	NumStability.Analysis.HighamChapter7	NumStability.Source.Higham.Chapter07.LinearSystemsConditioning.Problem08RectangularBackwardError	move_candidate	theorem	public	NumStability.problem7_8_frobenius_characterization_pos	25446
NumStability.problem7_8_frobenius_lower_bound_core	NumStability.Analysis.HighamChapter7	NumStability.Source.Higham.Chapter07.LinearSystemsConditioning.Problem08RectangularBackwardError	move_candidate	theorem	public	NumStability.problem7_8_frobenius_lower_bound_core	25280
NumStability.problem7_8_frobenius_lower_bound_pos	NumStability.Analysis.HighamChapter7	NumStability.Source.Higham.Chapter07.LinearSystemsConditioning.Problem08RectangularBackwardError	move_candidate	theorem	public	NumStability.problem7_8_frobenius_lower_bound_pos	25295
NumStability.problem7_8_rankOne_attains_pos	NumStability.Analysis.HighamChapter7	NumStability.Source.Higham.Chapter07.LinearSystemsConditioning.Problem08RectangularBackwardError	move_candidate	theorem	public	NumStability.problem7_8_rankOne_attains_pos	25411
NumStability.problem7_8_source_value_eq_augmented_value	NumStability.Analysis.HighamChapter7	NumStability.Source.Higham.Chapter07.LinearSystemsConditioning.Problem08RectangularBackwardError	move_candidate	theorem	public	NumStability.problem7_8_source_value_eq_augmented_value	25211
NumStability.problem7_8_zero_parameter_attains	NumStability.Analysis.HighamChapter7	NumStability.Source.Higham.Chapter07.LinearSystemsConditioning.Problem08RectangularBackwardError	move_candidate	theorem	public	NumStability.problem7_8_zero_parameter_attains	25466
NumStability.problem7_9_componentwise_exact_condition_of_positive_radii	NumStability.Analysis.HighamChapter7	NumStability.Source.Higham.Chapter07.LinearSystemsConditioning.Problem09Exact	move_candidate	theorem	public	NumStability.problem7_9_componentwise_exact_condition_of_positive_radii	6135
NumStability.problem7_9_componentwise_exact_radiusSup_tendsto_linearized	NumStability.Analysis.HighamChapter7	NumStability.Source.Higham.Chapter07.LinearSystemsConditioning.Problem09Exact	move_candidate	theorem	public	NumStability.problem7_9_componentwise_exact_radiusSup_tendsto_linearized	6064
NumStability.problem7_9_componentwise_linearized_condition_of_positive_radii	NumStability.Analysis.HighamChapter7	NumStability.Source.Higham.Chapter07.LinearSystemsConditioning.Problem09Linearized	move_candidate	theorem	public	NumStability.problem7_9_componentwise_linearized_condition_of_positive_radii	3014
NumStability.problem7_9_componentwise_linearized_radiusSup_tendsto_formula	NumStability.Analysis.HighamChapter7	NumStability.Source.Higham.Chapter07.LinearSystemsConditioning.Problem09Linearized	move_candidate	theorem	public	NumStability.problem7_9_componentwise_linearized_radiusSup_tendsto_formula	2990
NumStability.problem7_9_exact_componentwise_relative_change_ge_linearized_minus_quadratic	NumStability.Analysis.HighamChapter7	NumStability.Source.Higham.Chapter07.LinearSystemsConditioning.Problem09Exact	move_candidate	theorem	public	NumStability.problem7_9_exact_componentwise_relative_change_ge_linearized_minus_quadratic	5826
NumStability.problem7_9_exact_componentwise_relative_change_le_linearized_plus_quadratic	NumStability.Analysis.HighamChapter7	NumStability.Source.Higham.Chapter07.LinearSystemsConditioning.Problem09Exact	move_candidate	theorem	public	NumStability.problem7_9_exact_componentwise_relative_change_le_linearized_plus_quadratic	5760
NumStability.problem7_9_exact_normwise_relative_change_ge_linearized_minus_quadratic	NumStability.Analysis.HighamChapter7	NumStability.Source.Higham.Chapter07.LinearSystemsConditioning.Problem09Exact	move_candidate	theorem	public	NumStability.problem7_9_exact_normwise_relative_change_ge_linearized_minus_quadratic	6269
NumStability.problem7_9_exact_normwise_relative_change_le_linearized_plus_quadratic	NumStability.Analysis.HighamChapter7	NumStability.Source.Higham.Chapter07.LinearSystemsConditioning.Problem09Exact	move_candidate	theorem	public	NumStability.problem7_9_exact_normwise_relative_change_le_linearized_plus_quadratic	6185
NumStability.problem7_9_linearized_componentwise_functional_formula	NumStability.Analysis.HighamChapter7	NumStability.Source.Higham.Chapter07.LinearSystemsConditioning.Problem09Linearized	move_candidate	theorem	public	NumStability.problem7_9_linearized_componentwise_functional_formula	2305
NumStability.problem7_9_linearized_componentwise_functional_ge_one_of_abs_matrix	NumStability.Analysis.HighamChapter7	NumStability.Source.Higham.Chapter07.LinearSystemsConditioning.Problem09Linearized	move_candidate	theorem	public	NumStability.problem7_9_linearized_componentwise_functional_ge_one_of_abs_matrix	2475
NumStability.problem7_9_linearized_componentwise_functional_ge_one_of_abs_rhs	NumStability.Analysis.HighamChapter7	NumStability.Source.Higham.Chapter07.LinearSystemsConditioning.Problem09Linearized	move_candidate	theorem	public	NumStability.problem7_9_linearized_componentwise_functional_ge_one_of_abs_rhs	2494
NumStability.problem7_9_linearized_normwise_functional_formula	NumStability.Analysis.HighamChapter7	NumStability.Source.Higham.Chapter07.LinearSystemsConditioning.Problem09Linearized	move_candidate	theorem	public	NumStability.problem7_9_linearized_normwise_functional_formula	2825
NumStability.problem7_9_normwise_exact_condition_of_positive_radii	NumStability.Analysis.HighamChapter7	NumStability.Source.Higham.Chapter07.LinearSystemsConditioning.Problem09Exact	move_candidate	theorem	public	NumStability.problem7_9_normwise_exact_condition_of_positive_radii	6658
NumStability.problem7_9_normwise_exact_radiusSup_tendsto_linearized	NumStability.Analysis.HighamChapter7	NumStability.Source.Higham.Chapter07.LinearSystemsConditioning.Problem09Exact	move_candidate	theorem	public	NumStability.problem7_9_normwise_exact_radiusSup_tendsto_linearized	6574
NumStability.problem7_9_normwise_linearized_condition_of_positive_radii	NumStability.Analysis.HighamChapter7	NumStability.Source.Higham.Chapter07.LinearSystemsConditioning.Problem09Linearized	move_candidate	theorem	public	NumStability.problem7_9_normwise_linearized_condition_of_positive_radii	3173
NumStability.problem7_9_normwise_linearized_radiusSup_tendsto_formula	NumStability.Analysis.HighamChapter7	NumStability.Source.Higham.Chapter07.LinearSystemsConditioning.Problem09Linearized	move_candidate	theorem	public	NumStability.problem7_9_normwise_linearized_radiusSup_tendsto_formula	3145
NumStability.problem_1_1_relError_bounds	NumStability.Analysis.Error	NumStability.Source.Higham.Chapter01.Problem01.RelativeError.Bounds	move_candidate	theorem	public	NumStability.problem_1_1_relError_bounds	490
NumStability.problem_1_3_lawOfCosines_radicand_halfAngle	NumStability.Analysis.TrigCancellation	NumStability.Source.Higham.Chapter01.Problem03.CancellationRewrites.Algebra	move_candidate	theorem	public	NumStability.problem_1_3_lawOfCosines_radicand_halfAngle	385
NumStability.problem_1_3_lawOfCosines_radicand_sub_rewrite	NumStability.Analysis.TrigCancellation	NumStability.Source.Higham.Chapter01.Problem03.CancellationRewrites.Algebra	move_candidate	theorem	public	NumStability.problem_1_3_lawOfCosines_radicand_sub_rewrite	378
NumStability.problem_1_3_lawOfCosines_sqrt_halfAngle	NumStability.Analysis.TrigCancellation	NumStability.Source.Higham.Chapter01.Problem03.CancellationRewrites.Algebra	move_candidate	theorem	public	NumStability.problem_1_3_lawOfCosines_sqrt_halfAngle	398
NumStability.problem_1_3_one_sub_cos_div_sin	NumStability.Analysis.TrigCancellation	NumStability.Source.Higham.Chapter01.Problem03.CancellationRewrites.Algebra	move_candidate	theorem	public	NumStability.problem_1_3_one_sub_cos_div_sin	367
NumStability.problem_1_3_sin_sub_sin	NumStability.Analysis.TrigCancellation	NumStability.Source.Higham.Chapter01.Problem03.CancellationRewrites.Algebra	move_candidate	theorem	public	NumStability.problem_1_3_sin_sub_sin	355
NumStability.problem_1_3_sq_sub_sq	NumStability.Analysis.TrigCancellation	NumStability.Source.Higham.Chapter01.Problem03.CancellationRewrites.Algebra	move_candidate	theorem	public	NumStability.problem_1_3_sq_sub_sq	362
NumStability.problem_1_3_sqrt_one_add_sub_one	NumStability.Analysis.TrigCancellation	NumStability.Analysis.FloatingPointArithmetic.TrigonometricCancellation.Core	move_candidate	theorem	public	NumStability.problem_1_3_sqrt_one_add_sub_one	340
NumStability.prod_one_add_delta_abs_sub_one_le_exp_sub_one	NumStability.Analysis.RoundingProductBounds	NumStability.Analysis.Error.RoundingProducts.Core	move_candidate	theorem	public	NumStability.prod_one_add_delta_abs_sub_one_le_exp_sub_one	84
NumStability.prod_one_add_delta_abs_sub_one_le_gamma_radius	NumStability.Analysis.RoundingProductBounds	NumStability.Analysis.Error.RoundingProducts.Core	move_candidate	theorem	public	NumStability.prod_one_add_delta_abs_sub_one_le_gamma_radius	190
NumStability.prod_one_add_delta_bounds	NumStability.Analysis.RoundingProductBounds	NumStability.Analysis.Error.RoundingProducts.Core	move_candidate	theorem	public	NumStability.prod_one_add_delta_bounds	49
NumStability.prod_one_add_delta_eq_one_add_eta_bound_101	NumStability.Analysis.RoundingProductBounds	NumStability.Analysis.Error.RoundingProducts.Core	move_candidate	theorem	public	NumStability.prod_one_add_delta_eq_one_add_eta_bound_101	247
NumStability.prod_one_add_delta_eq_one_add_eta_bound_101_le	NumStability.Analysis.RoundingProductBounds	NumStability.Analysis.Error.RoundingProducts.Core	move_candidate	theorem	public	NumStability.prod_one_add_delta_eq_one_add_eta_bound_101_le	282
NumStability.prod_one_add_delta_eq_one_add_eta_bound_106	NumStability.Analysis.RoundingProductBounds	NumStability.Analysis.Error.RoundingProducts.Core	move_candidate	theorem	public	NumStability.prod_one_add_delta_eq_one_add_eta_bound_106	335
NumStability.prod_one_add_delta_eq_one_add_phi_bound_problem32	NumStability.Analysis.RoundingProductBounds	NumStability.Source.Higham.Chapter03.Problem02.ProductBounds.PositiveFactors	move_candidate	theorem	public	NumStability.prod_one_add_delta_eq_one_add_phi_bound_problem32	382
NumStability.pryceOne	NumStability.Analysis.RelativePrecision	NumStability.Analysis.RelativePrecision	canonical_in_place	definition	public	-	-
NumStability.pryceOne_iff	NumStability.Analysis.RelativePrecision	NumStability.Analysis.RelativePrecision	canonical_in_place	theorem	public	-	-
NumStability.quadraticDiscriminant	NumStability.Analysis.Quadratic	NumStability.Analysis.Quadratic	canonical_in_place	definition	public	-	-
NumStability.quadraticEval	NumStability.Analysis.Quadratic	NumStability.Analysis.Quadratic	canonical_in_place	definition	public	-	-
NumStability.quadraticOverflowExample_b_square_doubleRounded	NumStability.Analysis.Quadratic	NumStability.Analysis.Quadratic	canonical_in_place	definition	public	-	-
NumStability.quadraticOverflowExample_b_square_double_finiteNormalRange	NumStability.Analysis.Quadratic	NumStability.Analysis.Quadratic	canonical_in_place	theorem	public	-	-
NumStability.quadraticOverflowExample_b_square_double_ieeeRoundToNearestEvenOpResult_noFlags	NumStability.Analysis.Quadratic	NumStability.Analysis.Quadratic	canonical_in_place	theorem	public	-	-
NumStability.quadraticOverflowExample_b_square_double_roundToEvenOp_standardModel	NumStability.Analysis.Quadratic	NumStability.Analysis.Quadratic	canonical_in_place	theorem	public	-	-
NumStability.quadraticOverflowExample_b_square_single_finiteOverflowRange	NumStability.Analysis.Quadratic	NumStability.Analysis.Quadratic	canonical_in_place	theorem	public	-	-
NumStability.quadraticOverflowExample_discriminant_doubleRounded	NumStability.Analysis.Quadratic	NumStability.Analysis.Quadratic	canonical_in_place	definition	public	-	-
NumStability.quadraticOverflowExample_discriminant_double_finiteNormalRange	NumStability.Analysis.Quadratic	NumStability.Analysis.Quadratic	canonical_in_place	theorem	public	-	-
NumStability.quadraticOverflowExample_discriminant_path_doubleRounded_finiteNormalRange	NumStability.Analysis.Quadratic	NumStability.Analysis.Quadratic	canonical_in_place	theorem	public	-	-
NumStability.quadraticOverflowExample_discriminant_path_doubleRounded_ieeeRoundToNearestEvenOpResult_noFlags	NumStability.Analysis.Quadratic	NumStability.Analysis.Quadratic	canonical_in_place	theorem	public	-	-
NumStability.quadraticOverflowExample_discriminant_path_doubleRounded_ieeeRoundToNearestEvenOpResult_toReal	NumStability.Analysis.Quadratic	NumStability.Analysis.Quadratic	canonical_in_place	theorem	public	-	-
NumStability.quadraticOverflowExample_discriminant_path_doubleRounded_roundToEvenOp_standardModel	NumStability.Analysis.Quadratic	NumStability.Analysis.Quadratic	canonical_in_place	theorem	public	-	-
NumStability.quadraticOverflowExample_discriminant_path_double_finiteNormalRange	NumStability.Analysis.Quadratic	NumStability.Analysis.Quadratic	canonical_in_place	theorem	public	-	-
NumStability.quadraticOverflowExample_discriminant_sub_doubleRounded_finiteNormalRange	NumStability.Analysis.Quadratic	NumStability.Analysis.Quadratic	canonical_in_place	theorem	public	-	-
NumStability.quadraticOverflowExample_discriminant_sub_doubleRounded_ieeeRoundToNearestEvenOpResult_noFlags	NumStability.Analysis.Quadratic	NumStability.Analysis.Quadratic	canonical_in_place	theorem	public	-	-
NumStability.quadraticOverflowExample_discriminant_sub_doubleRounded_roundToEvenOp_standardModel	NumStability.Analysis.Quadratic	NumStability.Analysis.Quadratic	canonical_in_place	theorem	public	-	-
NumStability.quadraticOverflowExample_discriminant_sub_double_ieeeRoundToNearestEvenOpResult_noFlags	NumStability.Analysis.Quadratic	NumStability.Analysis.Quadratic	canonical_in_place	theorem	public	-	-
NumStability.quadraticOverflowExample_discriminant_sub_double_roundToEvenOp_standardModel	NumStability.Analysis.Quadratic	NumStability.Analysis.Quadratic	canonical_in_place	theorem	public	-	-
NumStability.quadraticOverflowExample_exact_discriminant_path_double_ieeeRoundToNearestEvenOpResult_noFlags	NumStability.Analysis.Quadratic	NumStability.Analysis.Quadratic	canonical_in_place	theorem	public	-	-
NumStability.quadraticOverflowExample_four_a_doubleRounded	NumStability.Analysis.Quadratic	NumStability.Analysis.Quadratic	canonical_in_place	definition	public	-	-
NumStability.quadraticOverflowExample_four_a_double_finiteNormalRange	NumStability.Analysis.Quadratic	NumStability.Analysis.Quadratic	canonical_in_place	theorem	public	-	-
NumStability.quadraticOverflowExample_four_a_double_ieeeRoundToNearestEvenOpResult_noFlags	NumStability.Analysis.Quadratic	NumStability.Analysis.Quadratic	canonical_in_place	theorem	public	-	-
NumStability.quadraticOverflowExample_four_a_double_roundToEvenOp_standardModel	NumStability.Analysis.Quadratic	NumStability.Analysis.Quadratic	canonical_in_place	theorem	public	-	-
NumStability.quadraticOverflowExample_four_ac_doubleRounded	NumStability.Analysis.Quadratic	NumStability.Analysis.Quadratic	canonical_in_place	definition	public	-	-
NumStability.quadraticOverflowExample_four_ac_doubleRounded_finiteNormalRange	NumStability.Analysis.Quadratic	NumStability.Analysis.Quadratic	canonical_in_place	theorem	public	-	-
NumStability.quadraticOverflowExample_four_ac_doubleRounded_ieeeRoundToNearestEvenOpResult_noFlags	NumStability.Analysis.Quadratic	NumStability.Analysis.Quadratic	canonical_in_place	theorem	public	-	-
NumStability.quadraticOverflowExample_four_ac_doubleRounded_roundToEvenOp_standardModel	NumStability.Analysis.Quadratic	NumStability.Analysis.Quadratic	canonical_in_place	theorem	public	-	-
NumStability.quadraticOverflowExample_four_ac_double_finiteNormalRange	NumStability.Analysis.Quadratic	NumStability.Analysis.Quadratic	canonical_in_place	theorem	public	-	-
NumStability.quadraticOverflowExample_four_ac_double_ieeeRoundToNearestEvenOpResult_noFlags	NumStability.Analysis.Quadratic	NumStability.Analysis.Quadratic	canonical_in_place	theorem	public	-	-
NumStability.quadraticOverflowExample_four_ac_double_roundToEvenOp_standardModel	NumStability.Analysis.Quadratic	NumStability.Analysis.Quadratic	canonical_in_place	theorem	public	-	-
NumStability.quadraticOverflowExample_roots	NumStability.Analysis.Quadratic	NumStability.Analysis.Quadratic	canonical_in_place	theorem	public	-	-
NumStability.quadraticOverflowExample_scaled_b_square_single_finiteNormalRange	NumStability.Analysis.Quadratic	NumStability.Analysis.Quadratic	canonical_in_place	theorem	public	-	-
NumStability.quadraticOverflowExample_scaled_discriminant_single_finiteNormalRange	NumStability.Analysis.Quadratic	NumStability.Analysis.Quadratic	canonical_in_place	theorem	public	-	-
NumStability.quadraticOverflowExample_scaled_four_ac_single_finiteNormalRange	NumStability.Analysis.Quadratic	NumStability.Analysis.Quadratic	canonical_in_place	theorem	public	-	-
NumStability.quadraticOverflowExample_singleOverflow_doubleRoundedDiscriminantTrace	NumStability.Analysis.Quadratic	NumStability.Analysis.Quadratic	canonical_in_place	theorem	public	-	-
NumStability.quadraticOverflowScale	NumStability.Analysis.Quadratic	NumStability.Analysis.Quadratic	canonical_in_place	definition	public	-	-
NumStability.quadraticRootLargeByBSign	NumStability.Analysis.Quadratic	NumStability.Analysis.Quadratic	canonical_in_place	definition	public	-	-
NumStability.quadraticRootMidpoint	NumStability.Analysis.Quadratic	NumStability.Analysis.Quadratic	canonical_in_place	definition	public	-	-
NumStability.quadraticRootMinus	NumStability.Analysis.Quadratic	NumStability.Analysis.Quadratic	canonical_in_place	definition	public	-	-
NumStability.quadraticRootMinusNumerator	NumStability.Analysis.Quadratic	NumStability.Analysis.Quadratic	canonical_in_place	definition	public	-	-
NumStability.quadraticRootMinusNumerator_abs_eq_abs_b_add_s_of_b_nonneg	NumStability.Analysis.Quadratic	NumStability.Analysis.Quadratic	canonical_in_place	theorem	public	-	-
NumStability.quadraticRootMinusNumerator_abs_le_of_b_nonpos_s_close	NumStability.Analysis.Quadratic	NumStability.Analysis.Quadratic	canonical_in_place	theorem	public	-	-
NumStability.quadraticRootMinus_abs_le_rootPlus_of_b_nonpos	NumStability.Analysis.Quadratic	NumStability.Analysis.Quadratic	canonical_in_place	theorem	public	-	-
NumStability.quadraticRootMinus_eq_c_div_a_mul_rootPlus	NumStability.Analysis.Quadratic	NumStability.Analysis.Quadratic	canonical_in_place	theorem	public	-	-
NumStability.quadraticRootMinus_is_root	NumStability.Analysis.Quadratic	NumStability.Analysis.Quadratic	canonical_in_place	theorem	public	-	-
NumStability.quadraticRootMinus_real_sqrt_is_root	NumStability.Analysis.Quadratic	NumStability.Analysis.Quadratic	canonical_in_place	theorem	public	-	-
NumStability.quadraticRootMinus_sqrt_abs_perturb_abs_le_of_abs_sub_le	NumStability.Analysis.Quadratic	NumStability.Analysis.Quadratic	canonical_in_place	theorem	public	-	-
NumStability.quadraticRootMinus_sqrt_abs_perturb_eq	NumStability.Analysis.Quadratic	NumStability.Analysis.Quadratic	canonical_in_place	theorem	public	-	-
NumStability.quadraticRootMinus_sqrt_perturb_abs_le_of_abs_eps_le	NumStability.Analysis.Quadratic	NumStability.Analysis.Quadratic	canonical_in_place	theorem	public	-	-
NumStability.quadraticRootMinus_sqrt_perturb_eq	NumStability.Analysis.Quadratic	NumStability.Analysis.Quadratic	canonical_in_place	theorem	public	-	-
NumStability.quadraticRootMinus_sub_midpoint_abs_eq	NumStability.Analysis.Quadratic	NumStability.Analysis.Quadratic	canonical_in_place	theorem	public	-	-
NumStability.quadraticRootPlus	NumStability.Analysis.Quadratic	NumStability.Analysis.Quadratic	canonical_in_place	definition	public	-	-
NumStability.quadraticRootPlusNumerator	NumStability.Analysis.Quadratic	NumStability.Analysis.Quadratic	canonical_in_place	definition	public	-	-
NumStability.quadraticRootPlusNumerator_abs_eq_abs_b_add_s_of_b_nonpos	NumStability.Analysis.Quadratic	NumStability.Analysis.Quadratic	canonical_in_place	theorem	public	-	-
NumStability.quadraticRootPlusNumerator_abs_le_of_b_nonneg_s_close	NumStability.Analysis.Quadratic	NumStability.Analysis.Quadratic	canonical_in_place	theorem	public	-	-
NumStability.quadraticRootPlus_abs_le_rootMinus_of_b_nonneg	NumStability.Analysis.Quadratic	NumStability.Analysis.Quadratic	canonical_in_place	theorem	public	-	-
NumStability.quadraticRootPlus_eq_c_div_a_mul_rootMinus	NumStability.Analysis.Quadratic	NumStability.Analysis.Quadratic	canonical_in_place	theorem	public	-	-
NumStability.quadraticRootPlus_is_root	NumStability.Analysis.Quadratic	NumStability.Analysis.Quadratic	canonical_in_place	theorem	public	-	-
NumStability.quadraticRootPlus_real_sqrt_is_root	NumStability.Analysis.Quadratic	NumStability.Analysis.Quadratic	canonical_in_place	theorem	public	-	-
NumStability.quadraticRootPlus_sqrt_abs_perturb_abs_le_of_abs_sub_le	NumStability.Analysis.Quadratic	NumStability.Analysis.Quadratic	canonical_in_place	theorem	public	-	-
NumStability.quadraticRootPlus_sqrt_abs_perturb_eq	NumStability.Analysis.Quadratic	NumStability.Analysis.Quadratic	canonical_in_place	theorem	public	-	-
NumStability.quadraticRootPlus_sqrt_perturb_abs_le_of_abs_eps_le	NumStability.Analysis.Quadratic	NumStability.Analysis.Quadratic	canonical_in_place	theorem	public	-	-
NumStability.quadraticRootPlus_sqrt_perturb_eq	NumStability.Analysis.Quadratic	NumStability.Analysis.Quadratic	canonical_in_place	theorem	public	-	-
NumStability.quadraticRootPlus_sub_midpoint_abs_eq	NumStability.Analysis.Quadratic	NumStability.Analysis.Quadratic	canonical_in_place	theorem	public	-	-
NumStability.quadraticRootSeparation_abs_eq	NumStability.Analysis.Quadratic	NumStability.Analysis.Quadratic	canonical_in_place	theorem	public	-	-
NumStability.quadraticRootSmallByBSign	NumStability.Analysis.Quadratic	NumStability.Analysis.Quadratic	canonical_in_place	definition	public	-	-
NumStability.quadraticRootSmallByBSign_abs_le_largeByBSign	NumStability.Analysis.Quadratic	NumStability.Analysis.Quadratic	canonical_in_place	theorem	public	-	-
NumStability.quadraticRoots_near_midpoint_of_discriminant_guard_failure	NumStability.Analysis.Quadratic	NumStability.Analysis.Quadratic	canonical_in_place	theorem	public	-	-
NumStability.quadraticRoots_near_midpoint_of_discriminant_le	NumStability.Analysis.Quadratic	NumStability.Analysis.Quadratic	canonical_in_place	theorem	public	-	-
NumStability.quadraticScaledOverflowExample_roots	NumStability.Analysis.Quadratic	NumStability.Analysis.Quadratic	canonical_in_place	theorem	public	-	-
NumStability.quadraticScaledOverflowExample_variable_scaling	NumStability.Analysis.Quadratic	NumStability.Analysis.Quadratic	canonical_in_place	theorem	public	-	-
NumStability.quadraticSqrt_abs_error_le_of_discriminant_abs_error	NumStability.Analysis.Quadratic	NumStability.Analysis.Quadratic	canonical_in_place	theorem	public	-	-
NumStability.quadratic_roots_product	NumStability.Analysis.Quadratic	NumStability.Analysis.Quadratic	canonical_in_place	theorem	public	-	-
NumStability.quadratic_roots_sum	NumStability.Analysis.Quadratic	NumStability.Analysis.Quadratic	canonical_in_place	theorem	public	-	-
NumStability.quadratureRule	NumStability.Algorithms.Quadrature	NumStability.Algorithms.Quadrature	canonical_in_place	definition	public	-	-
NumStability.quotient_abs_error_le_gamma4_of_gamma2	NumStability.Analysis.ComplexArithmetic	NumStability.Analysis.ComplexArithmetic	canonical_in_place	theorem	public	-	-
NumStability.quotient_abs_error_le_gamma6_of_gamma3	NumStability.Analysis.ComplexArithmetic	NumStability.Analysis.ComplexArithmetic	canonical_in_place	theorem	public	-	-
NumStability.quotient_abs_error_le_gamma6_of_gamma3_absDen	NumStability.Analysis.ComplexArithmetic	NumStability.Analysis.ComplexArithmetic	canonical_in_place	theorem	public	-	-
NumStability.r_hat_abs_bound	NumStability.Algorithms.IterativeRefinement	NumStability.Algorithms.LinearSystems.IterativeRefinement.Core	move_candidate	theorem	public	NumStability.r_hat_abs_bound	701
NumStability.rankOneUpdateAbsBudget	NumStability.Algorithms.RankOneUpdate	NumStability.Algorithms.RankOneUpdate	canonical_in_place	definition	public	-	-
NumStability.rankOneUpdateAbsBudget_norm2_le	NumStability.Algorithms.RankOneUpdate	NumStability.Algorithms.RankOneUpdate	canonical_in_place	theorem	public	-	-
NumStability.rankOneUpdateExact	NumStability.Algorithms.RankOneUpdate	NumStability.Algorithms.RankOneUpdate	canonical_in_place	definition	public	-	-
NumStability.rankOneUpdate_scalar_coeff_le_gamma	NumStability.Algorithms.RankOneUpdate	NumStability.Algorithms.RankOneUpdate	canonical_in_place	theorem	public	-	-
NumStability.rankOneUpdate_u_le_gamma	NumStability.Algorithms.RankOneUpdate	NumStability.Algorithms.RankOneUpdate	canonical_in_place	theorem	public	-	-
NumStability.rankOne_outerProduct2x2_det_zero	NumStability.Algorithms.OuterProduct	NumStability.Algorithms.OuterProduct	canonical_in_place	theorem	public	-	-
NumStability.real_abs_exp_sub_exp_le_abs_sub_mul_exp_add_exp	NumStability.Analysis.FiniteProbability	NumStability.Analysis.FiniteProbability	canonical_in_place	theorem	public	-	-
NumStability.real_bennett_budget_of_quadratic_denominator_two_add	NumStability.Analysis.MatrixConcentration	NumStability.Analysis.MatrixConcentration	canonical_in_place	theorem	public	-	-
NumStability.real_bennett_budget_of_quadratic_denominator_two_add_two_thirds	NumStability.Analysis.MatrixConcentration	NumStability.Analysis.MatrixConcentration	canonical_in_place	theorem	public	-	-
NumStability.real_bennett_transform_lower_bound_two_add	NumStability.Analysis.MatrixConcentration	NumStability.Analysis.MatrixConcentration	canonical_in_place	theorem	public	-	-
NumStability.real_bennett_transform_lower_bound_two_add_two_thirds	NumStability.Analysis.MatrixConcentration	NumStability.Analysis.MatrixConcentration	canonical_in_place	theorem	public	-	-
NumStability.real_bernstein_exact_radius_le_of_log_le	NumStability.Analysis.MatrixConcentration	NumStability.Analysis.MatrixConcentration	canonical_in_place	theorem	public	-	-
NumStability.real_bernstein_tail_le_half_delta_of_quadratic_budget	NumStability.Analysis.MatrixConcentration	NumStability.Analysis.MatrixConcentration	canonical_in_place	theorem	public	-	-
NumStability.real_exp_half_sub_sq_le_lam_sq_quarter_pair_pos	NumStability.Analysis.FiniteProbability	NumStability.Analysis.FiniteProbability	canonical_in_place	theorem	public	-	-
NumStability.real_exp_half_sub_sq_le_quarter_mul_sq_mul_exp_of_le	NumStability.Analysis.FiniteProbability	NumStability.Analysis.FiniteProbability	canonical_in_place	theorem	public	-	-
NumStability.real_exp_half_sub_sq_le_two_mul_half_diff_sq	NumStability.Analysis.FiniteProbability	NumStability.Analysis.FiniteProbability	canonical_in_place	theorem	public	-	-
NumStability.real_exp_neg_log_two_mul_div_mul_self_add	NumStability.Analysis.MatrixConcentration	NumStability.Analysis.MatrixConcentration	canonical_in_place	theorem	public	-	-
NumStability.real_exp_sub_one_le_mul_exp	NumStability.Analysis.FiniteProbability	NumStability.Analysis.FiniteProbability	canonical_in_place	theorem	public	-	-
NumStability.real_exp_sub_one_lt_101_mul_of_pos_of_lt_cent	NumStability.Analysis.RoundingProductBounds	NumStability.Analysis.Error.RoundingProducts.Core	move_candidate	theorem	public	NumStability.real_exp_sub_one_lt_101_mul_of_pos_of_lt_cent	127
NumStability.real_exp_sub_one_lt_106_mul_of_pos_of_lt_tenth	NumStability.Analysis.RoundingProductBounds	NumStability.Analysis.Error.RoundingProducts.Core	move_candidate	theorem	public	NumStability.real_exp_sub_one_lt_106_mul_of_pos_of_lt_tenth	318
NumStability.real_exp_sub_one_lt_div_one_sub_half_of_pos_of_lt_two	NumStability.Analysis.RoundingProductBounds	NumStability.Analysis.Error.RoundingProducts.Core	move_candidate	theorem	public	NumStability.real_exp_sub_one_lt_div_one_sub_half_of_pos_of_lt_two	154
NumStability.real_matrix_spectrum_mul_comm_iff	NumStability.Analysis.MatrixSpectral	NumStability.Analysis.MatrixSpectral	canonical_in_place	theorem	public	-	-
NumStability.real_mul_exp_neg_mul_sqrt_eight_log_div_sq_div_eight_eq	NumStability.Analysis.MatrixConcentration	NumStability.Analysis.MatrixConcentration	canonical_in_place	theorem	public	-	-
NumStability.real_sqrt_eight_log_div_pos_of_pos_lt	NumStability.Analysis.MatrixConcentration	NumStability.Analysis.MatrixConcentration	canonical_in_place	theorem	public	-	-
NumStability.real_toLin_spectrum_mul_comm_iff	NumStability.Analysis.MatrixSpectral	NumStability.Analysis.MatrixSpectral	canonical_in_place	theorem	public	-	-
NumStability.recursiveSumCorrectionExactPrefixes_abs_sum_le_five_ninth	NumStability.Algorithms.NeumaierCompensatedFiniteFormat	NumStability.Algorithms.NeumaierCompensatedFiniteFormat	retain_historical	theorem	public	NumStability.recursiveSumCorrectionExactPrefixes_abs_sum_le_five_ninth	175
NumStability.recursiveSumLocalCorrection	NumStability.Algorithms.NeumaierCompensatedFiniteFormat	NumStability.Algorithms.Summation.Compensated.Neumaier.ExactResidual	move_candidate	definition	public	NumStability.recursiveSumLocalCorrection	26
NumStability.recursiveSumLocalCorrection_add_rounded	NumStability.Algorithms.NeumaierCompensatedFiniteFormat	NumStability.Algorithms.Summation.Compensated.Neumaier.ExactResidual	move_candidate	theorem	public	NumStability.recursiveSumLocalCorrection_add_rounded	41
NumStability.recursiveSumLocalCorrections_runningErrorBudget	NumStability.Algorithms.NeumaierCompensatedFiniteFormat	NumStability.Algorithms.NeumaierCompensatedFiniteFormat	retain_historical	theorem	public	NumStability.recursiveSumLocalCorrections_runningErrorBudget	407
NumStability.recursiveSumPrefixCorrection	NumStability.Algorithms.NeumaierCompensatedFiniteFormat	NumStability.Algorithms.Summation.Compensated.Neumaier.ExactResidual	move_candidate	definition	public	NumStability.recursiveSumPrefixCorrection	34
NumStability.recursiveSumPrefixCorrections_abs_le_forward	NumStability.Algorithms.NeumaierCompensatedFiniteFormat	NumStability.Algorithms.Summation.Compensated.Neumaier.ExactResidual	move_candidate	theorem	public	NumStability.recursiveSumPrefixCorrections_abs_le_forward	103
NumStability.refinement_backward_error_sigma	NumStability.Algorithms.IterativeRefinement	NumStability.Algorithms.LinearSystems.IterativeRefinement.Core	move_candidate	theorem	public	NumStability.refinement_backward_error_sigma	720
NumStability.refinement_d_hat_abs_le	NumStability.Algorithms.IterativeRefinement	NumStability.Algorithms.LinearSystems.IterativeRefinement.Core	move_candidate	theorem	public	NumStability.refinement_d_hat_abs_le	502
NumStability.refinement_forward_error_bound	NumStability.Algorithms.IterativeRefinement	NumStability.Algorithms.LinearSystems.IterativeRefinement.Core	move_candidate	theorem	public	NumStability.refinement_forward_error_bound	577
NumStability.refinement_residual_in_terms_of_x1	NumStability.Algorithms.IterativeRefinement	NumStability.Algorithms.LinearSystems.IterativeRefinement.Core	move_candidate	theorem	public	NumStability.refinement_residual_in_terms_of_x1	516
NumStability.refinement_two_gamma_bound	NumStability.Algorithms.IterativeRefinement	NumStability.Algorithms.LinearSystems.IterativeRefinement.Core	move_candidate	theorem	public	NumStability.refinement_two_gamma_bound	775
NumStability.relBackwardErrorBounded2	NumStability.Analysis.Stability	NumStability.Analysis.Stability	canonical_in_place	definition	public	-	-
NumStability.relError	NumStability.Analysis.Error	NumStability.Analysis.Error.Measures.ScalarDefinitions	move_candidate	definition	public	NumStability.relError	30
NumStability.relErrorComputedDenom	NumStability.Analysis.Error	NumStability.Analysis.Error.Measures.ScalarProperties	move_candidate	definition	public	NumStability.relErrorComputedDenom	399
NumStability.relErrorComputedDenom_eq_relError_swap	NumStability.Analysis.Error	NumStability.Analysis.Error.Measures.ScalarProperties	move_candidate	theorem	public	NumStability.relErrorComputedDenom_eq_relError_swap	404
NumStability.relErrorComputedDenom_lower_bound_from_relError	NumStability.Analysis.Error	NumStability.Analysis.Error.Measures.ScalarProperties	move_candidate	theorem	public	NumStability.relErrorComputedDenom_lower_bound_from_relError	411
NumStability.relErrorComputedDenom_upper_bound_from_relError	NumStability.Analysis.Error	NumStability.Analysis.Error.Measures.ScalarProperties	move_candidate	theorem	public	NumStability.relErrorComputedDenom_upper_bound_from_relError	433
NumStability.relErrorDefined	NumStability.Analysis.Error	NumStability.Analysis.Error.Measures.ScalarDefinitions	move_candidate	definition	public	NumStability.relErrorDefined	36
NumStability.relError_eq_abs_of_signedRelErrorWitness	NumStability.Analysis.Error	NumStability.Analysis.Error.Measures.ScalarWitnesses	move_candidate	theorem	public	NumStability.relError_eq_abs_of_signedRelErrorWitness	534
NumStability.relError_le_compRelError	NumStability.Analysis.Error	NumStability.Analysis.Error.Measures.Componentwise	move_candidate	theorem	public	NumStability.relError_le_compRelError	665
NumStability.relError_lower_bound_from_computedDenom	NumStability.Analysis.Error	NumStability.Analysis.Error.Measures.ScalarProperties	move_candidate	theorem	public	NumStability.relError_lower_bound_from_computedDenom	464
NumStability.relError_nonneg	NumStability.Analysis.Error	NumStability.Analysis.Error.Measures.ScalarProperties	move_candidate	theorem	public	NumStability.relError_nonneg	393
NumStability.relError_smul	NumStability.Analysis.Error	NumStability.Analysis.Error.Measures.ScalarWitnesses	move_candidate	theorem	public	NumStability.relError_smul	522
NumStability.relError_subtract_perturbed_le_eps_amp	NumStability.Analysis.Error	NumStability.Source.Higham.Chapter01.Section07.Cancellation.Basic	move_candidate	theorem	public	NumStability.relError_subtract_perturbed_le_eps_amp	846
NumStability.relError_upper_bound_from_computedDenom	NumStability.Analysis.Error	NumStability.Analysis.Error.Measures.ScalarProperties	move_candidate	theorem	public	NumStability.relError_upper_bound_from_computedDenom	475
NumStability.relPrecision	NumStability.Analysis.RelativePrecision	NumStability.Analysis.RelativePrecision	canonical_in_place	definition	public	-	-
NumStability.relPrecision_refl	NumStability.Analysis.RelativePrecision	NumStability.Analysis.RelativePrecision	canonical_in_place	theorem	public	-	-
NumStability.relPrecision_same_sign_of_nonzero	NumStability.Analysis.RelativePrecision	NumStability.Analysis.RelativePrecision	canonical_in_place	theorem	public	-	-
NumStability.relPrecision_symm	NumStability.Analysis.RelativePrecision	NumStability.Analysis.RelativePrecision	canonical_in_place	theorem	public	-	-
NumStability.relPrecision_trans	NumStability.Analysis.RelativePrecision	NumStability.Analysis.RelativePrecision	canonical_in_place	theorem	public	-	-
NumStability.replaceCol2x2	NumStability.Analysis.CramersRule	NumStability.Algorithms.LinearSystems.CramersRule.Core	move_candidate	definition	public	NumStability.replaceCol2x2	88
NumStability.restrict_upperTri_diag_abs_lt_one	NumStability.Analysis.SemiconvergentRealSpectrumComplete	NumStability.Analysis.SemiconvergentRealSpectrumComplete	canonical_in_place	theorem	public	-	-
NumStability.rotationScaling_rowSum_eq	NumStability.Analysis.SemiconvergentExistenceComplete	NumStability.Analysis.SemiconvergentExistenceComplete	canonical_in_place	theorem	public	-	-
NumStability.runningErrorMu	NumStability.Algorithms.DotProduct	NumStability.Algorithms.DotProduct	canonical_in_place	definition	public	-	-
NumStability.runningError_bound_from_local_errors	NumStability.Algorithms.DotProduct	NumStability.Algorithms.DotProduct	canonical_in_place	theorem	public	-	-
NumStability.sampleMean	NumStability.Analysis.SampleVariance	NumStability.Analysis.Statistics.SampleVariance.Core	move_candidate	definition	public	NumStability.sampleMean	34
NumStability.sampleMean_add_scaled	NumStability.Analysis.SampleVariance	NumStability.Source.Higham.Chapter01.Problem07.SampleVarianceConditioning.ConditionNumbers	move_candidate	theorem	public	NumStability.sampleMean_add_scaled	3249
NumStability.sampleMean_deviation_sum_eq_zero	NumStability.Analysis.SampleVariance	NumStability.Analysis.Statistics.SampleVariance.Core	move_candidate	theorem	public	NumStability.sampleMean_deviation_sum_eq_zero	131
NumStability.sampleMean_shift	NumStability.Analysis.SampleVariance	NumStability.Analysis.Statistics.SampleVariance.Updating	move_candidate	theorem	public	NumStability.sampleMean_shift	1039
NumStability.sampleVarianceConditionDen	NumStability.Analysis.SampleVariance	NumStability.Source.Higham.Chapter01.Problem07.SampleVarianceConditioning.ConditionNumbers	move_candidate	definition	public	NumStability.sampleVarianceConditionDen	3221
NumStability.sampleVarianceConditionDen_eq_sum_sq_deviation	NumStability.Analysis.SampleVariance	NumStability.Source.Higham.Chapter01.Problem07.SampleVarianceConditioning.ConditionNumbers	move_candidate	theorem	public	NumStability.sampleVarianceConditionDen_eq_sum_sq_deviation	3475
NumStability.sampleVarianceDirectionalCoeff	NumStability.Analysis.SampleVariance	NumStability.Source.Higham.Chapter01.Problem07.SampleVarianceConditioning.ConditionNumbers	move_candidate	definition	public	NumStability.sampleVarianceDirectionalCoeff	3241
NumStability.sampleVarianceDirectionalCoeff_componentwise_le	NumStability.Analysis.SampleVariance	NumStability.Source.Higham.Chapter01.Problem07.SampleVarianceConditioning.ConditionNumbers	move_candidate	theorem	public	NumStability.sampleVarianceDirectionalCoeff_componentwise_le	3384
NumStability.sampleVarianceDirectionalCoeff_normwise_le	NumStability.Analysis.SampleVariance	NumStability.Source.Higham.Chapter01.Problem07.SampleVarianceConditioning.ConditionNumbers	move_candidate	theorem	public	NumStability.sampleVarianceDirectionalCoeff_normwise_le	3419
NumStability.sampleVarianceKappaCClosed	NumStability.Analysis.SampleVariance	NumStability.Source.Higham.Chapter01.Problem07.SampleVarianceConditioning.ConditionNumbers	move_candidate	definition	public	NumStability.sampleVarianceKappaCClosed	3226
NumStability.sampleVarianceKappaCClosed_le_KappaNClosed	NumStability.Analysis.SampleVariance	NumStability.Source.Higham.Chapter01.Problem07.SampleVarianceConditioning.ConditionNumbers	move_candidate	theorem	public	NumStability.sampleVarianceKappaCClosed_le_KappaNClosed	3524
NumStability.sampleVarianceKappaNClosed	NumStability.Analysis.SampleVariance	NumStability.Source.Higham.Chapter01.Problem07.SampleVarianceConditioning.ConditionNumbers	move_candidate	definition	public	NumStability.sampleVarianceKappaNClosed	3231
NumStability.sampleVarianceKappaNClosed_eq_expanded	NumStability.Analysis.SampleVariance	NumStability.Source.Higham.Chapter01.Problem07.SampleVarianceConditioning.ConditionNumbers	move_candidate	theorem	public	NumStability.sampleVarianceKappaNClosed_eq_expanded	3502
NumStability.sampleVarianceKappaNExpanded	NumStability.Analysis.SampleVariance	NumStability.Source.Higham.Chapter01.Problem07.SampleVarianceConditioning.ConditionNumbers	move_candidate	definition	public	NumStability.sampleVarianceKappaNExpanded	3235
NumStability.sampleVarianceOnePass	NumStability.Analysis.SampleVariance	NumStability.Analysis.Statistics.SampleVariance.Core	move_candidate	definition	public	NumStability.sampleVarianceOnePass	74
NumStability.sampleVarianceOnePassAggregates	NumStability.Analysis.SampleVariance	NumStability.Analysis.Statistics.SampleVariance.Core	move_candidate	definition	public	NumStability.sampleVarianceOnePassAggregates	79
NumStability.sampleVarianceOnePassAggregates_cancelled_example_10000_10001_10002	NumStability.Analysis.SampleVariance	NumStability.Source.Higham.Chapter01.Section09.SampleVariance.Examples	move_candidate	theorem	public	NumStability.sampleVarianceOnePassAggregates_cancelled_example_10000_10001_10002	1968
NumStability.sampleVarianceOnePassAggregates_cancelled_relError_example_10000_10001_10002	NumStability.Analysis.SampleVariance	NumStability.Source.Higham.Chapter01.Section09.SampleVariance.Examples	move_candidate	theorem	public	NumStability.sampleVarianceOnePassAggregates_cancelled_relError_example_10000_10001_10002	1978
NumStability.sampleVarianceOnePassAggregates_exact_example_10000_10001_10002	NumStability.Analysis.SampleVariance	NumStability.Source.Higham.Chapter01.Section09.SampleVariance.Examples	move_candidate	theorem	public	NumStability.sampleVarianceOnePassAggregates_exact_example_10000_10001_10002	1961
NumStability.sampleVarianceOnePassAggregates_neg_of_sumSq_lt	NumStability.Analysis.SampleVariance	NumStability.Source.Higham.Chapter01.Section09.SampleVariance.Examples	move_candidate	theorem	public	NumStability.sampleVarianceOnePassAggregates_neg_of_sumSq_lt	1988
NumStability.sampleVarianceOnePassAggregates_negative_absError_example_10000_10001_10002	NumStability.Analysis.SampleVariance	NumStability.Source.Higham.Chapter01.Section09.SampleVariance.Examples	move_candidate	theorem	public	NumStability.sampleVarianceOnePassAggregates_negative_absError_example_10000_10001_10002	2017
NumStability.sampleVarianceOnePassAggregates_negative_example_10000_10001_10002	NumStability.Analysis.SampleVariance	NumStability.Source.Higham.Chapter01.Section09.SampleVariance.Examples	move_candidate	theorem	public	NumStability.sampleVarianceOnePassAggregates_negative_example_10000_10001_10002	2004
NumStability.sampleVarianceOnePassAggregates_negative_lt_zero_example_10000_10001_10002	NumStability.Analysis.SampleVariance	NumStability.Source.Higham.Chapter01.Section09.SampleVariance.Examples	move_candidate	theorem	public	NumStability.sampleVarianceOnePassAggregates_negative_lt_zero_example_10000_10001_10002	2011
NumStability.sampleVarianceOnePassAggregates_negative_relError_example_10000_10001_10002	NumStability.Analysis.SampleVariance	NumStability.Source.Higham.Chapter01.Section09.SampleVariance.Examples	move_candidate	theorem	public	NumStability.sampleVarianceOnePassAggregates_negative_relError_example_10000_10001_10002	2027
NumStability.sampleVarianceOnePassIeeeSingleNegativeAggregateTrace	NumStability.Analysis.SampleVariance	NumStability.Analysis.SampleVariance	retain_historical	definition	public	NumStability.sampleVarianceOnePassIeeeSingleNegativeAggregateTrace	3139
NumStability.sampleVarianceOnePassIeeeSingleNegativeAggregateTrace_eq_neg_sixteen	NumStability.Analysis.SampleVariance	NumStability.Analysis.SampleVariance	retain_historical	theorem	public	NumStability.sampleVarianceOnePassIeeeSingleNegativeAggregateTrace_eq_neg_sixteen	3180
NumStability.sampleVarianceOnePassIeeeSingleNegativeAggregateTrace_lt_zero	NumStability.Analysis.SampleVariance	NumStability.Analysis.SampleVariance	retain_historical	theorem	public	NumStability.sampleVarianceOnePassIeeeSingleNegativeAggregateTrace_lt_zero	3200
NumStability.sampleVarianceOnePassIeeeSingleNegativeAggregateTrace_relError	NumStability.Analysis.SampleVariance	NumStability.Analysis.SampleVariance	retain_historical	theorem	public	NumStability.sampleVarianceOnePassIeeeSingleNegativeAggregateTrace_relError	3206
NumStability.sampleVarianceOnePassIeeeSingleNegativeAggregate_inputs_finiteSystem	NumStability.Analysis.SampleVariance	NumStability.Analysis.SampleVariance	retain_historical	theorem	public	NumStability.sampleVarianceOnePassIeeeSingleNegativeAggregate_inputs_finiteSystem	3145
NumStability.sampleVarianceOnePassIeeeSingleNegativeAggregate_meanSquareTerm	NumStability.Analysis.SampleVariance	NumStability.Source.Higham.Chapter01.Section09.SampleVariance.Examples	move_candidate	definition	public	NumStability.sampleVarianceOnePassIeeeSingleNegativeAggregate_meanSquareTerm	3125
NumStability.sampleVarianceOnePassIeeeSingleNegativeAggregate_numerator	NumStability.Analysis.SampleVariance	NumStability.Analysis.SampleVariance	retain_historical	definition	public	NumStability.sampleVarianceOnePassIeeeSingleNegativeAggregate_numerator	3131
NumStability.sampleVarianceOnePassIeeeSingleNegativeAggregate_numerator_eq	NumStability.Analysis.SampleVariance	NumStability.Analysis.SampleVariance	retain_historical	theorem	public	NumStability.sampleVarianceOnePassIeeeSingleNegativeAggregate_numerator_eq	3158
NumStability.sampleVarianceOnePassIeeeSingleNegativeAggregate_sumSq	NumStability.Analysis.SampleVariance	NumStability.Source.Higham.Chapter01.Section09.SampleVariance.Examples	move_candidate	definition	public	NumStability.sampleVarianceOnePassIeeeSingleNegativeAggregate_sumSq	3117
NumStability.sampleVarianceOnePassIeeeSingleRoundingCertificate	NumStability.Analysis.SampleVariance	NumStability.Analysis.SampleVariance	retain_historical	definition	public	NumStability.sampleVarianceOnePassIeeeSingleRoundingCertificate	2285
NumStability.sampleVarianceOnePassIeeeSingleRoundingCertificate_closed	NumStability.Analysis.SampleVariance	NumStability.Analysis.SampleVariance	retain_historical	theorem	public	NumStability.sampleVarianceOnePassIeeeSingleRoundingCertificate_closed	2974
NumStability.sampleVarianceOnePassIeeeSingleRoundingCertificate_of_sq2_eq	NumStability.Analysis.SampleVariance	NumStability.Analysis.SampleVariance	retain_historical	theorem	public	NumStability.sampleVarianceOnePassIeeeSingleRoundingCertificate_of_sq2_eq	2965
NumStability.sampleVarianceOnePassIeeeSingleTrace	NumStability.Analysis.SampleVariance	NumStability.Analysis.SampleVariance	retain_historical	definition	public	NumStability.sampleVarianceOnePassIeeeSingleTrace	2280
NumStability.sampleVarianceOnePassIeeeSingleTrace_relError_one	NumStability.Analysis.SampleVariance	NumStability.Analysis.SampleVariance	retain_historical	theorem	public	NumStability.sampleVarianceOnePassIeeeSingleTrace_relError_one	3104
NumStability.sampleVarianceOnePassIeeeSingleTrace_relError_one_of_roundingCertificate	NumStability.Analysis.SampleVariance	NumStability.Analysis.SampleVariance	retain_historical	theorem	public	NumStability.sampleVarianceOnePassIeeeSingleTrace_relError_one_of_roundingCertificate	3067
NumStability.sampleVarianceOnePassIeeeSingleTrace_relError_one_of_sq2_eq	NumStability.Analysis.SampleVariance	NumStability.Analysis.SampleVariance	retain_historical	theorem	public	NumStability.sampleVarianceOnePassIeeeSingleTrace_relError_one_of_sq2_eq	3094
NumStability.sampleVarianceOnePassIeeeSingleTrace_zero	NumStability.Analysis.SampleVariance	NumStability.Analysis.SampleVariance	retain_historical	theorem	public	NumStability.sampleVarianceOnePassIeeeSingleTrace_zero	3088
NumStability.sampleVarianceOnePassIeeeSingleTrace_zero_of_roundingCertificate	NumStability.Analysis.SampleVariance	NumStability.Analysis.SampleVariance	retain_historical	theorem	public	NumStability.sampleVarianceOnePassIeeeSingleTrace_zero_of_roundingCertificate	3047
NumStability.sampleVarianceOnePassIeeeSingleTrace_zero_of_sq2_eq	NumStability.Analysis.SampleVariance	NumStability.Analysis.SampleVariance	retain_historical	theorem	public	NumStability.sampleVarianceOnePassIeeeSingleTrace_zero_of_sq2_eq	3080
NumStability.sampleVarianceOnePassIeeeSingle_meanSquareTerm	NumStability.Analysis.SampleVariance	NumStability.Analysis.SampleVariance	retain_historical	definition	public	NumStability.sampleVarianceOnePassIeeeSingle_meanSquareTerm	2269
NumStability.sampleVarianceOnePassIeeeSingle_meanSquareTerm_eq	NumStability.Analysis.SampleVariance	NumStability.Analysis.SampleVariance	retain_historical	theorem	public	NumStability.sampleVarianceOnePassIeeeSingle_meanSquareTerm_eq	2933
NumStability.sampleVarianceOnePassIeeeSingle_meanSquareTerm_exact_sourceRoundToEvenEvidence	NumStability.Analysis.SampleVariance	NumStability.Analysis.SampleVariance	retain_historical	theorem	public	NumStability.sampleVarianceOnePassIeeeSingle_meanSquareTerm_exact_sourceRoundToEvenEvidence	2722
NumStability.sampleVarianceOnePassIeeeSingle_meanSquareTerm_sourceRoundToEvenEvidence_of_sumSquare	NumStability.Analysis.SampleVariance	NumStability.Analysis.SampleVariance	retain_historical	theorem	public	NumStability.sampleVarianceOnePassIeeeSingle_meanSquareTerm_sourceRoundToEvenEvidence_of_sumSquare	2854
NumStability.sampleVarianceOnePassIeeeSingle_numerator	NumStability.Analysis.SampleVariance	NumStability.Analysis.SampleVariance	retain_historical	definition	public	NumStability.sampleVarianceOnePassIeeeSingle_numerator	2274
NumStability.sampleVarianceOnePassIeeeSingle_sourceRoundingEvidenceCertificate	NumStability.Analysis.SampleVariance	NumStability.Analysis.SampleVariance	retain_historical	theorem	public	NumStability.sampleVarianceOnePassIeeeSingle_sourceRoundingEvidenceCertificate	2944
NumStability.sampleVarianceOnePassIeeeSingle_sq0	NumStability.Analysis.SampleVariance	NumStability.Analysis.SampleVariance	retain_historical	definition	public	NumStability.sampleVarianceOnePassIeeeSingle_sq0	2221
NumStability.sampleVarianceOnePassIeeeSingle_sq0_eq	NumStability.Analysis.SampleVariance	NumStability.Analysis.SampleVariance	retain_historical	theorem	public	NumStability.sampleVarianceOnePassIeeeSingle_sq0_eq	2864
NumStability.sampleVarianceOnePassIeeeSingle_sq1	NumStability.Analysis.SampleVariance	NumStability.Analysis.SampleVariance	retain_historical	definition	public	NumStability.sampleVarianceOnePassIeeeSingle_sq1	2227
NumStability.sampleVarianceOnePassIeeeSingle_sq1_eq	NumStability.Analysis.SampleVariance	NumStability.Analysis.SampleVariance	retain_historical	theorem	public	NumStability.sampleVarianceOnePassIeeeSingle_sq1_eq	2382
NumStability.sampleVarianceOnePassIeeeSingle_sq1_sourceRoundToEvenEvidence	NumStability.Analysis.SampleVariance	NumStability.Analysis.SampleVariance	retain_historical	theorem	public	NumStability.sampleVarianceOnePassIeeeSingle_sq1_sourceRoundToEvenEvidence	2295
NumStability.sampleVarianceOnePassIeeeSingle_sq2	NumStability.Analysis.SampleVariance	NumStability.Analysis.SampleVariance	retain_historical	definition	public	NumStability.sampleVarianceOnePassIeeeSingle_sq2	2233
NumStability.sampleVarianceOnePassIeeeSingle_sq2_eq	NumStability.Analysis.SampleVariance	NumStability.Analysis.SampleVariance	retain_historical	theorem	public	NumStability.sampleVarianceOnePassIeeeSingle_sq2_eq	2527
NumStability.sampleVarianceOnePassIeeeSingle_sq2_sourceRoundToEvenEvidence	NumStability.Analysis.SampleVariance	NumStability.Analysis.SampleVariance	retain_historical	theorem	public	NumStability.sampleVarianceOnePassIeeeSingle_sq2_sourceRoundToEvenEvidence	2438
NumStability.sampleVarianceOnePassIeeeSingle_sum	NumStability.Analysis.SampleVariance	NumStability.Analysis.SampleVariance	retain_historical	definition	public	NumStability.sampleVarianceOnePassIeeeSingle_sum	2257
NumStability.sampleVarianceOnePassIeeeSingle_sum01	NumStability.Analysis.SampleVariance	NumStability.Analysis.SampleVariance	retain_historical	definition	public	NumStability.sampleVarianceOnePassIeeeSingle_sum01	2251
NumStability.sampleVarianceOnePassIeeeSingle_sum01_eq	NumStability.Analysis.SampleVariance	NumStability.Analysis.SampleVariance	retain_historical	theorem	public	NumStability.sampleVarianceOnePassIeeeSingle_sum01_eq	2877
NumStability.sampleVarianceOnePassIeeeSingle_sumSq	NumStability.Analysis.SampleVariance	NumStability.Analysis.SampleVariance	retain_historical	definition	public	NumStability.sampleVarianceOnePassIeeeSingle_sumSq	2245
NumStability.sampleVarianceOnePassIeeeSingle_sumSq01	NumStability.Analysis.SampleVariance	NumStability.Analysis.SampleVariance	retain_historical	definition	public	NumStability.sampleVarianceOnePassIeeeSingle_sumSq01	2239
NumStability.sampleVarianceOnePassIeeeSingle_sumSq_eq	NumStability.Analysis.SampleVariance	NumStability.Analysis.SampleVariance	retain_historical	theorem	public	NumStability.sampleVarianceOnePassIeeeSingle_sumSq_eq	3023
NumStability.sampleVarianceOnePassIeeeSingle_sumSq_eq_of_sq1_sq2	NumStability.Analysis.SampleVariance	NumStability.Analysis.SampleVariance	retain_historical	theorem	public	NumStability.sampleVarianceOnePassIeeeSingle_sumSq_eq_of_sq1_sq2	2996
NumStability.sampleVarianceOnePassIeeeSingle_sumSq_eq_of_sq2	NumStability.Analysis.SampleVariance	NumStability.Analysis.SampleVariance	retain_historical	theorem	public	NumStability.sampleVarianceOnePassIeeeSingle_sumSq_eq_of_sq2	3015
NumStability.sampleVarianceOnePassIeeeSingle_sumSquare	NumStability.Analysis.SampleVariance	NumStability.Analysis.SampleVariance	retain_historical	definition	public	NumStability.sampleVarianceOnePassIeeeSingle_sumSquare	2263
NumStability.sampleVarianceOnePassIeeeSingle_sumSquare_eq	NumStability.Analysis.SampleVariance	NumStability.Analysis.SampleVariance	retain_historical	theorem	public	NumStability.sampleVarianceOnePassIeeeSingle_sumSquare_eq	2922
NumStability.sampleVarianceOnePassIeeeSingle_sumSquare_exact_sourceRoundToEvenEvidence	NumStability.Analysis.SampleVariance	NumStability.Analysis.SampleVariance	retain_historical	theorem	public	NumStability.sampleVarianceOnePassIeeeSingle_sumSquare_exact_sourceRoundToEvenEvidence	2593
NumStability.sampleVarianceOnePassIeeeSingle_sumSquare_sourceRoundToEvenEvidence	NumStability.Analysis.SampleVariance	NumStability.Analysis.SampleVariance	retain_historical	theorem	public	NumStability.sampleVarianceOnePassIeeeSingle_sumSquare_sourceRoundToEvenEvidence	2908
NumStability.sampleVarianceOnePassIeeeSingle_sum_eq	NumStability.Analysis.SampleVariance	NumStability.Analysis.SampleVariance	retain_historical	theorem	public	NumStability.sampleVarianceOnePassIeeeSingle_sum_eq	2892
NumStability.sampleVarianceOnePassIeeeSingle_x0	NumStability.Analysis.SampleVariance	NumStability.Source.Higham.Chapter01.Section09.SampleVariance.Examples	move_candidate	definition	public	NumStability.sampleVarianceOnePassIeeeSingle_x0	2209
NumStability.sampleVarianceOnePassIeeeSingle_x1	NumStability.Analysis.SampleVariance	NumStability.Source.Higham.Chapter01.Section09.SampleVariance.Examples	move_candidate	definition	public	NumStability.sampleVarianceOnePassIeeeSingle_x1	2213
NumStability.sampleVarianceOnePassIeeeSingle_x2	NumStability.Analysis.SampleVariance	NumStability.Source.Higham.Chapter01.Section09.SampleVariance.Examples	move_candidate	definition	public	NumStability.sampleVarianceOnePassIeeeSingle_x2	2217
NumStability.sampleVarianceOnePass_eq_fromAggregates	NumStability.Analysis.SampleVariance	NumStability.Analysis.Statistics.SampleVariance.Core	move_candidate	theorem	public	NumStability.sampleVarianceOnePass_eq_fromAggregates	86
NumStability.sampleVarianceOnePass_nonneg_exact	NumStability.Analysis.SampleVariance	NumStability.Source.Higham.Chapter01.Section09.SampleVariance.Examples	move_candidate	theorem	public	NumStability.sampleVarianceOnePass_nonneg_exact	1942
NumStability.sampleVariancePrefix	NumStability.Analysis.SampleVariance	NumStability.Analysis.Statistics.SampleVariance.Updating	move_candidate	definition	public	NumStability.sampleVariancePrefix	1787
NumStability.sampleVarianceProblem17RelativeRemainderCoeff	NumStability.Analysis.SampleVariance	NumStability.Source.Higham.Chapter01.Problem07.SampleVarianceConditioning.ConditionNumbers	move_candidate	definition	public	NumStability.sampleVarianceProblem17RelativeRemainderCoeff	3340
NumStability.sampleVarianceProblem17RelativeRemainderEnvelope	NumStability.Analysis.SampleVariance	NumStability.Source.Higham.Chapter01.Problem07.SampleVarianceConditioning.ConditionNumbers	move_candidate	definition	public	NumStability.sampleVarianceProblem17RelativeRemainderEnvelope	3347
NumStability.sampleVarianceProblem17RelativeRemainderEnvelope_isBigO	NumStability.Analysis.SampleVariance	NumStability.Source.Higham.Chapter01.Problem07.SampleVarianceConditioning.ConditionNumbers	move_candidate	theorem	public	NumStability.sampleVarianceProblem17RelativeRemainderEnvelope_isBigO	3372
NumStability.sampleVarianceShiftedOnePass	NumStability.Analysis.SampleVariance	NumStability.Analysis.Statistics.SampleVariance.Core	move_candidate	definition	public	NumStability.sampleVarianceShiftedOnePass	93
NumStability.sampleVarianceShiftedOnePass_eq_twoPass	NumStability.Analysis.SampleVariance	NumStability.Analysis.Statistics.SampleVariance.Updating	move_candidate	theorem	public	NumStability.sampleVarianceShiftedOnePass_eq_twoPass	1057
NumStability.sampleVarianceTwoPass	NumStability.Analysis.SampleVariance	NumStability.Analysis.Statistics.SampleVariance.Core	move_candidate	definition	public	NumStability.sampleVarianceTwoPass	43
NumStability.sampleVarianceTwoPassWithMean	NumStability.Analysis.SampleVariance	NumStability.Analysis.Statistics.SampleVariance.Core	move_candidate	definition	public	NumStability.sampleVarianceTwoPassWithMean	47
NumStability.sampleVarianceTwoPassWithMean_eq_twoPass_add	NumStability.Analysis.SampleVariance	NumStability.Analysis.Statistics.SampleVariance.TwoPass	move_candidate	theorem	public	NumStability.sampleVarianceTwoPassWithMean_eq_twoPass_add	182
NumStability.sampleVarianceTwoPassWithMean_mul_one_add_relError_le	NumStability.Analysis.SampleVariance	NumStability.Analysis.Statistics.SampleVariance.TwoPass	move_candidate	theorem	public	NumStability.sampleVarianceTwoPassWithMean_mul_one_add_relError_le	249
NumStability.sampleVarianceTwoPassWithMean_relError_eq_quadratic	NumStability.Analysis.SampleVariance	NumStability.Analysis.Statistics.SampleVariance.TwoPass	move_candidate	theorem	public	NumStability.sampleVarianceTwoPassWithMean_relError_eq_quadratic	215
NumStability.sampleVarianceTwoPass_add_scaled_sub_eq	NumStability.Analysis.SampleVariance	NumStability.Source.Higham.Chapter01.Problem07.SampleVarianceConditioning.ConditionNumbers	move_candidate	theorem	public	NumStability.sampleVarianceTwoPass_add_scaled_sub_eq	3261
NumStability.sampleVarianceTwoPass_eq_onePass	NumStability.Analysis.SampleVariance	NumStability.Analysis.Statistics.SampleVariance.Updating	move_candidate	theorem	public	NumStability.sampleVarianceTwoPass_eq_onePass	1031
NumStability.sampleVarianceTwoPass_example_10000_10001_10002	NumStability.Analysis.SampleVariance	NumStability.Source.Higham.Chapter01.Section09.SampleVariance.Examples	move_candidate	theorem	public	NumStability.sampleVarianceTwoPass_example_10000_10001_10002	1953
NumStability.sampleVarianceTwoPass_le_twoPassWithMean	NumStability.Analysis.SampleVariance	NumStability.Analysis.Statistics.SampleVariance.TwoPass	move_candidate	theorem	public	NumStability.sampleVarianceTwoPass_le_twoPassWithMean	194
NumStability.sampleVarianceTwoPass_nonneg	NumStability.Analysis.SampleVariance	NumStability.Source.Higham.Chapter01.Section09.SampleVariance.Examples	move_candidate	theorem	public	NumStability.sampleVarianceTwoPass_nonneg	1931
NumStability.sampleVarianceTwoPass_relative_add_scaled_sub_linear_eq_remainder	NumStability.Analysis.SampleVariance	NumStability.Source.Higham.Chapter01.Problem07.SampleVarianceConditioning.ConditionNumbers	move_candidate	theorem	public	NumStability.sampleVarianceTwoPass_relative_add_scaled_sub_linear_eq_remainder	3353
NumStability.sampleVarianceTwoPass_shift_eq	NumStability.Analysis.SampleVariance	NumStability.Analysis.Statistics.SampleVariance.Updating	move_candidate	theorem	public	NumStability.sampleVarianceTwoPass_shift_eq	1046
NumStability.sampleVarianceUpdate_example_10000_10001_10002	NumStability.Analysis.SampleVariance	NumStability.Source.Higham.Chapter01.Section09.SampleVariance.Examples	move_candidate	theorem	public	NumStability.sampleVarianceUpdate_example_10000_10001_10002	1923
NumStability.sampleVariance_vecNorm2Sq_eq_conditionDen_add_mean_sq	NumStability.Analysis.SampleVariance	NumStability.Source.Higham.Chapter01.Problem07.SampleVarianceConditioning.ConditionNumbers	move_candidate	theorem	public	NumStability.sampleVariance_vecNorm2Sq_eq_conditionDen_add_mean_sq	3484
NumStability.scalarPrefixProd	NumStability.Algorithms.MatSeqProduct	NumStability.Algorithms.MatSeqProduct	canonical_in_place	definition	public	-	-
NumStability.scalarPrefixProd_nonneg	NumStability.Algorithms.MatSeqProduct	NumStability.Algorithms.MatSeqProduct	canonical_in_place	theorem	public	-	-
NumStability.scalar_pow_tendsto_dichotomy	NumStability.Analysis.SemiconvergentExistenceGaps	NumStability.Analysis.SemiconvergentExistenceGaps	canonical_in_place	theorem	public	-	-
NumStability.scaleVec	NumStability.Analysis.SemiconvergentBlockFormExists	NumStability.Analysis.SemiconvergentBlockFormExists	canonical_in_place	definition	public	-	-
NumStability.scaleVec_bot	NumStability.Analysis.SemiconvergentBlockFormExists	NumStability.Analysis.SemiconvergentBlockFormExists	canonical_in_place	theorem	public	-	-
NumStability.scaleVec_inv	NumStability.Analysis.SemiconvergentBlockFormExists	NumStability.Analysis.SemiconvergentBlockFormExists	canonical_in_place	theorem	public	-	-
NumStability.scaleVec_pos	NumStability.Analysis.SemiconvergentBlockFormExists	NumStability.Analysis.SemiconvergentBlockFormExists	canonical_in_place	theorem	public	-	-
NumStability.scaleVec_top	NumStability.Analysis.SemiconvergentBlockFormExists	NumStability.Analysis.SemiconvergentBlockFormExists	canonical_in_place	theorem	public	-	-
NumStability.scaled_colBot	NumStability.Analysis.SemiconvergentBlockFormExists	NumStability.Analysis.SemiconvergentBlockFormExists	canonical_in_place	theorem	public	-	-
NumStability.scaled_colTop	NumStability.Analysis.SemiconvergentBlockFormExists	NumStability.Analysis.SemiconvergentBlockFormExists	canonical_in_place	theorem	public	-	-
NumStability.scaled_estimate_le_condOneNumber	NumStability.Analysis.ConditionEstimatorLowerBound	NumStability.Analysis.ConditionEstimatorLowerBound	canonical_in_place	theorem	public	-	-
NumStability.semiconvergent_block_form_exists_of_adapted_basis	NumStability.Analysis.SemiconvergentExistenceComplete	NumStability.Analysis.SemiconvergentExistenceComplete	canonical_in_place	theorem	public	-	-
NumStability.semiconvergent_block_form_exists_of_convergence_and_complement_normal_form	NumStability.Analysis.SemiconvergentExistenceComplete	NumStability.Analysis.SemiconvergentExistenceComplete	canonical_in_place	theorem	public	-	-
NumStability.semiconvergent_block_form_exists_of_convergence_real_spectrum	NumStability.Analysis.SemiconvergentRealSpectrumComplete	NumStability.Analysis.SemiconvergentRealSpectrumComplete	canonical_in_place	theorem	public	-	-
NumStability.semiconvergent_block_form_exists_of_quasiTriangular_complement	NumStability.Analysis.SemiconvergentExistenceFull	NumStability.Analysis.SemiconvergentExistenceFull	canonical_in_place	theorem	public	-	-
NumStability.semiconvergent_block_form_exists_of_triangular_complement	NumStability.Analysis.SemiconvergentBlockFormExists	NumStability.Analysis.SemiconvergentBlockFormExists	canonical_in_place	theorem	public	-	-
NumStability.semiconvergent_block_form_exists_of_triangular_complement_diag_conv	NumStability.Analysis.SemiconvergentBlockFormExists	NumStability.Analysis.SemiconvergentBlockFormExists	canonical_in_place	theorem	public	-	-
NumStability.seven_not_dvd_two_pow_nat	NumStability.Analysis.BeneficialRounding	NumStability.Analysis.BeneficialRounding	canonical_in_place	theorem	public	-	-
NumStability.signDiag_entry_abs	NumStability.Algorithms.LU.SpecialMatrices	NumStability.Algorithms.LU.SpecialMatrices	canonical_in_place	theorem	public	-	-
NumStability.sign_equiv_growth_preservation	NumStability.Algorithms.LU.SpecialMatrices	NumStability.Algorithms.LU.SpecialMatrices	canonical_in_place	theorem	public	-	-
NumStability.sign_equiv_optimal_growth	NumStability.Algorithms.LU.SpecialMatrices	NumStability.Algorithms.LU.SpecialMatrices	canonical_in_place	theorem	public	-	-
NumStability.signedMagnitudeForPivot	NumStability.Algorithms.MatMul	NumStability.Algorithms.MatMul	canonical_in_place	definition	public	-	-
NumStability.signedMagnitudeForPivot_mul_pivot_eq	NumStability.Algorithms.MatMul	NumStability.Algorithms.MatMul	canonical_in_place	theorem	public	-	-
NumStability.signedRelErrorWitness	NumStability.Analysis.Error	NumStability.Analysis.Error.Measures.ScalarDefinitions	move_candidate	definition	public	NumStability.signedRelErrorWitness	40
NumStability.skewnessRatio	NumStability.Algorithms.IterativeRefinement	NumStability.Source.Higham.Chapter12.IterativeRefinement.LegacyChapter11Surface	move_candidate	definition	public	NumStability.skewnessRatio	1064
NumStability.skewnessRatio_ge_one	NumStability.Algorithms.IterativeRefinement	NumStability.Source.Higham.Chapter12.IterativeRefinement.LegacyChapter11Surface	move_candidate	theorem	public	NumStability.skewnessRatio_ge_one	1079
NumStability.smithComplexDivBranchCDen_abs_eq	NumStability.Analysis.ComplexArithmetic	NumStability.Analysis.ComplexArithmetic	canonical_in_place	theorem	public	-	-
NumStability.smithComplexDivBranchCDen_ne_zero	NumStability.Analysis.ComplexArithmetic	NumStability.Analysis.ComplexArithmetic	canonical_in_place	theorem	public	-	-
NumStability.smithComplexDivBranchCExact	NumStability.Analysis.ComplexArithmetic	NumStability.Analysis.ComplexArithmetic	canonical_in_place	definition	public	-	-
NumStability.smithComplexDivBranchCExact_eq_div	NumStability.Analysis.ComplexArithmetic	NumStability.Analysis.ComplexArithmetic	canonical_in_place	theorem	public	-	-
NumStability.smithComplexDivBranchC_im_majorant_eq	NumStability.Analysis.ComplexArithmetic	NumStability.Analysis.ComplexArithmetic	canonical_in_place	theorem	public	-	-
NumStability.smithComplexDivBranchC_re_majorant_eq	NumStability.Analysis.ComplexArithmetic	NumStability.Analysis.ComplexArithmetic	canonical_in_place	theorem	public	-	-
NumStability.smithComplexDivBranchDDen_abs_eq	NumStability.Analysis.ComplexArithmetic	NumStability.Analysis.ComplexArithmetic	canonical_in_place	theorem	public	-	-
NumStability.smithComplexDivBranchDDen_ne_zero	NumStability.Analysis.ComplexArithmetic	NumStability.Analysis.ComplexArithmetic	canonical_in_place	theorem	public	-	-
NumStability.smithComplexDivBranchDExact	NumStability.Analysis.ComplexArithmetic	NumStability.Analysis.ComplexArithmetic	canonical_in_place	definition	public	-	-
NumStability.smithComplexDivBranchDExact_eq_div	NumStability.Analysis.ComplexArithmetic	NumStability.Analysis.ComplexArithmetic	canonical_in_place	theorem	public	-	-
NumStability.smithComplexDivBranchD_im_majorant_eq	NumStability.Analysis.ComplexArithmetic	NumStability.Analysis.ComplexArithmetic	canonical_in_place	theorem	public	-	-
NumStability.smithComplexDivBranchD_re_majorant_eq	NumStability.Analysis.ComplexArithmetic	NumStability.Analysis.ComplexArithmetic	canonical_in_place	theorem	public	-	-
NumStability.smulFiniteIdMatrix_symmetric	NumStability.Analysis.MatrixSpectral	NumStability.Analysis.MatrixSpectral	canonical_in_place	theorem	public	-	-
NumStability.solver_Ad_bound	NumStability.Algorithms.IterativeRefinement	NumStability.Source.Higham.Chapter12.IterativeRefinement.LegacyChapter11Surface	move_candidate	theorem	public	NumStability.solver_Ad_bound	1250
NumStability.solver_perturbation_to_residual	NumStability.Algorithms.IterativeRefinement	NumStability.Source.Higham.Chapter12.IterativeRefinement.LegacyChapter11Surface	move_candidate	theorem	public	NumStability.solver_perturbation_to_residual	921
NumStability.spd_lu_backward_error	NumStability.Algorithms.LU.SpecialMatrices	NumStability.Algorithms.LU.SpecialMatrices	canonical_in_place	theorem	public	-	-
NumStability.spd_nonneg_lu_backward_stable	NumStability.Algorithms.LU.SpecialMatrices	NumStability.Algorithms.LU.SpecialMatrices	canonical_in_place	theorem	public	-	-
NumStability.sq_abs_error_le_of_abs_sub_le	NumStability.Analysis.TrigCancellation	NumStability.Analysis.FloatingPointArithmetic.TrigonometricCancellation.Core	move_candidate	theorem	public	NumStability.sq_abs_error_le_of_abs_sub_le	123
NumStability.sqrt_one_add_mul_relative_gamma	NumStability.Algorithms.Norm2	NumStability.Algorithms.Norm2	canonical_in_place	theorem	public	-	-
NumStability.sqrt_one_add_mul_roundoff_gamma	NumStability.Algorithms.Norm2	NumStability.Algorithms.Norm2	canonical_in_place	theorem	public	-	-
NumStability.sqrt_one_add_sub_one_abs_le_abs	NumStability.Analysis.Heron	NumStability.Analysis.Heron	canonical_in_place	theorem	public	-	-
NumStability.sqrt_one_add_sub_one_abs_le_abs_of_neg_one_le	NumStability.Algorithms.Norm2	NumStability.Algorithms.Norm2	canonical_in_place	theorem	public	-	-
NumStability.squareDiff_factor_identity	NumStability.Algorithms.SquareDifference	NumStability.Algorithms.SquareDifference	canonical_in_place	theorem	public	-	-
NumStability.statisticalRoundingErrorSum	NumStability.Analysis.StatisticalRounding	NumStability.Analysis.StatisticalRounding	canonical_in_place	definition	public	-	-
NumStability.statisticalWeightedRoundingErrorSum	NumStability.Analysis.StatisticalRounding	NumStability.Analysis.StatisticalRounding	canonical_in_place	definition	public	-	-
NumStability.stochasticMatrix_mul_ones	NumStability.Analysis.HighamChapter7	NumStability.Source.Higham.Chapter07.LinearSystemsConditioning.Equation33	move_candidate	theorem	public	NumStability.stochasticMatrix_mul_ones	26179
NumStability.strictAdditiveUnderflowModelWitness	NumStability.Analysis.Error	NumStability.Analysis.FloatingPointArithmetic.ErrorModels.Additive	move_candidate	definition	public	NumStability.strictAdditiveUnderflowModelWitness	63
NumStability.strictAdditiveUnderflowModelWitness_normal_branch	NumStability.Analysis.Error	NumStability.Analysis.FloatingPointArithmetic.ErrorModels.AdditiveProperties	move_candidate	theorem	public	NumStability.strictAdditiveUnderflowModelWitness_normal_branch	592
NumStability.strictAdditiveUnderflowModelWitness_underflow_branch_of_absError_lt	NumStability.Analysis.Error	NumStability.Analysis.FloatingPointArithmetic.ErrorModels.AdditiveProperties	move_candidate	theorem	public	NumStability.strictAdditiveUnderflowModelWitness_underflow_branch_of_absError_lt	623
NumStability.subtract_perturbed_error_eq	NumStability.Analysis.Error	NumStability.Source.Higham.Chapter01.Section07.Cancellation.Basic	move_candidate	theorem	public	NumStability.subtract_perturbed_error_eq	812
NumStability.sumTreeDotProduct_backward_error	NumStability.Algorithms.TreeDotProduct	NumStability.Algorithms.TreeDotProduct	canonical_in_place	theorem	public	-	-
NumStability.sumTreeDotProduct_backward_stable_any_order	NumStability.Algorithms.TreeDotProduct	NumStability.Algorithms.TreeDotProduct	canonical_in_place	theorem	public	-	-
NumStability.sumTreeDotProduct_backward_stable_any_permuted_order	NumStability.Algorithms.TreeDotProduct	NumStability.Algorithms.TreeDotProduct	canonical_in_place	theorem	public	-	-
NumStability.sumTreeDotProduct_error_bound	NumStability.Algorithms.TreeDotProduct	NumStability.Algorithms.TreeDotProduct	canonical_in_place	theorem	public	-	-
NumStability.sum_sq_sub_perturbedMean_eq_sum_sq_sub_sampleMean_add	NumStability.Analysis.SampleVariance	NumStability.Analysis.Statistics.SampleVariance.TwoPass	move_candidate	theorem	public	NumStability.sum_sq_sub_perturbedMean_eq_sum_sq_sub_sampleMean_add	141
NumStability.sum_sq_sub_sampleMean_eq	NumStability.Analysis.SampleVariance	NumStability.Analysis.Statistics.SampleVariance.Core	move_candidate	theorem	public	NumStability.sum_sq_sub_sampleMean_eq	108
NumStability.table41MeanSquareConstant	NumStability.Analysis.StatisticalRounding	NumStability.Analysis.StatisticalRounding	canonical_in_place	definition	public	-	-
NumStability.table41MeanSquareEstimate	NumStability.Analysis.StatisticalRounding	NumStability.Analysis.StatisticalRounding	canonical_in_place	definition	public	-	-
NumStability.table41MeanSquareScale_pos	NumStability.Analysis.StatisticalRounding	NumStability.Analysis.StatisticalRounding	canonical_in_place	theorem	public	-	-
NumStability.table41NExponent	NumStability.Analysis.StatisticalRounding	NumStability.Analysis.StatisticalRounding	canonical_in_place	definition	public	-	-
NumStability.table41_insertion_constant_lt_pairwise_exponential	NumStability.Analysis.StatisticalRounding	NumStability.Analysis.StatisticalRounding	canonical_in_place	theorem	public	-	-
NumStability.table41_insertion_constant_lt_pairwise_uniform	NumStability.Analysis.StatisticalRounding	NumStability.Analysis.StatisticalRounding	canonical_in_place	theorem	public	-	-
NumStability.table41_insertion_estimate_lt_pairwise_exponential	NumStability.Analysis.StatisticalRounding	NumStability.Analysis.StatisticalRounding	canonical_in_place	theorem	public	-	-
NumStability.table41_insertion_estimate_lt_pairwise_uniform	NumStability.Analysis.StatisticalRounding	NumStability.Analysis.StatisticalRounding	canonical_in_place	theorem	public	-	-
NumStability.table41_insertion_pairwise_exponents_eq_two	NumStability.Analysis.StatisticalRounding	NumStability.Analysis.StatisticalRounding	canonical_in_place	theorem	public	-	-
NumStability.table41_recursive_constants_rank_exponential	NumStability.Analysis.StatisticalRounding	NumStability.Analysis.StatisticalRounding	canonical_in_place	theorem	public	-	-
NumStability.table41_recursive_constants_rank_uniform	NumStability.Analysis.StatisticalRounding	NumStability.Analysis.StatisticalRounding	canonical_in_place	theorem	public	-	-
NumStability.table41_recursive_estimates_rank_exponential	NumStability.Analysis.StatisticalRounding	NumStability.Analysis.StatisticalRounding	canonical_in_place	theorem	public	-	-
NumStability.table41_recursive_estimates_rank_uniform	NumStability.Analysis.StatisticalRounding	NumStability.Analysis.StatisticalRounding	canonical_in_place	theorem	public	-	-
NumStability.table41_recursive_exponents_eq_three	NumStability.Analysis.StatisticalRounding	NumStability.Analysis.StatisticalRounding	canonical_in_place	theorem	public	-	-
NumStability.theorem7_1_subordinate	NumStability.Analysis.HighamChapter7	NumStability.Analysis.Conditioning.LinearSystems.SubordinatePerturbation	move_candidate	theorem	public	NumStability.theorem7_1_subordinate	830
NumStability.theorem7_1_subordinate_necessary	NumStability.Analysis.HighamChapter7	NumStability.Analysis.Conditioning.LinearSystems.SubordinatePerturbation	move_candidate	theorem	public	NumStability.theorem7_1_subordinate_necessary	566
NumStability.theorem7_1_subordinate_sufficient	NumStability.Analysis.HighamChapter7	NumStability.Analysis.Conditioning.LinearSystems.SubordinatePerturbation	move_candidate	theorem	public	NumStability.theorem7_1_subordinate_sufficient	743
NumStability.theorem7_2_subordinate_forward_error_bound	NumStability.Analysis.HighamChapter7	NumStability.Source.Higham.Chapter07.LinearSystemsConditioning.Theorem02	move_candidate	theorem	public	NumStability.theorem7_2_subordinate_forward_error_bound	24165
NumStability.theorem7_4_absolute_forward_error_bound	NumStability.Analysis.HighamChapter7	NumStability.Source.Higham.Chapter07.LinearSystemsConditioning.Theorem04	move_candidate	theorem	public	NumStability.theorem7_4_absolute_forward_error_bound	23602
NumStability.theorem7_5_exists_rect_left_inverse_symmetric_range_of_matrix_rank_eq_width	NumStability.Analysis.HighamChapter7	NumStability.Source.Higham.Chapter07.LinearSystemsConditioning.Theorem05.Part01	move_candidate	theorem	public	NumStability.theorem7_5_exists_rect_left_inverse_symmetric_range_of_matrix_rank_eq_width	8146
NumStability.theorem7_5_exists_rect_left_inverse_symmetric_range_of_rectMatMulVec_injective	NumStability.Analysis.HighamChapter7	NumStability.Source.Higham.Chapter07.LinearSystemsConditioning.Theorem05.Part01	move_candidate	theorem	public	NumStability.theorem7_5_exists_rect_left_inverse_symmetric_range_of_rectMatMulVec_injective	8081
NumStability.theorem7_5_exists_rect_penrose_equations_of_matrix_rank_eq_height	NumStability.Analysis.HighamChapter7	NumStability.Source.Higham.Chapter07.LinearSystemsConditioning.Theorem05.Part06	move_candidate	theorem	public	NumStability.theorem7_5_exists_rect_penrose_equations_of_matrix_rank_eq_height	14510
NumStability.theorem7_5_exists_rect_penrose_equations_of_matrix_rank_eq_width	NumStability.Analysis.HighamChapter7	NumStability.Source.Higham.Chapter07.LinearSystemsConditioning.Theorem05.Part06	move_candidate	theorem	public	NumStability.theorem7_5_exists_rect_penrose_equations_of_matrix_rank_eq_width	14496
NumStability.theorem7_5_exists_rect_penrose_equations_of_rectMatMulVec_injective	NumStability.Analysis.HighamChapter7	NumStability.Source.Higham.Chapter07.LinearSystemsConditioning.Theorem05.Part06	move_candidate	theorem	public	NumStability.theorem7_5_exists_rect_penrose_equations_of_rectMatMulVec_injective	14479
NumStability.theorem7_5_exists_rect_right_inverse_symmetric_domain_of_matrix_rank_eq_height	NumStability.Analysis.HighamChapter7	NumStability.Source.Higham.Chapter07.LinearSystemsConditioning.Theorem05.Part01	move_candidate	theorem	public	NumStability.theorem7_5_exists_rect_right_inverse_symmetric_domain_of_matrix_rank_eq_height	8160
NumStability.theorem7_5_literalRowInfCounterexampleA	NumStability.Analysis.HighamChapter7	NumStability.Source.Higham.Chapter07.LinearSystemsConditioning.Theorem05.Part05	move_candidate	definition	public	NumStability.theorem7_5_literalRowInfCounterexampleA	13610
NumStability.theorem7_5_literalRowInfCounterexampleAplus	NumStability.Analysis.HighamChapter7	NumStability.Source.Higham.Chapter07.LinearSystemsConditioning.Theorem05.Part05	move_candidate	definition	public	NumStability.theorem7_5_literalRowInfCounterexampleAplus	13616
NumStability.theorem7_5_literalRowInfCounterexampleBetterInvScale	NumStability.Analysis.HighamChapter7	NumStability.Source.Higham.Chapter07.LinearSystemsConditioning.Theorem05.Part05	move_candidate	definition	public	NumStability.theorem7_5_literalRowInfCounterexampleBetterInvScale	13633
NumStability.theorem7_5_literalRowInfCounterexampleBetterScale	NumStability.Analysis.HighamChapter7	NumStability.Source.Higham.Chapter07.LinearSystemsConditioning.Theorem05.Part05	move_candidate	definition	public	NumStability.theorem7_5_literalRowInfCounterexampleBetterScale	13628
NumStability.theorem7_5_literalRowInfCounterexampleIdentityScale	NumStability.Analysis.HighamChapter7	NumStability.Source.Higham.Chapter07.LinearSystemsConditioning.Theorem05.Part05	move_candidate	definition	public	NumStability.theorem7_5_literalRowInfCounterexampleIdentityScale	13623
NumStability.theorem7_5_literal_printed_row_inf_scale_counterexample	NumStability.Analysis.HighamChapter7	NumStability.Analysis.HighamChapter7	retain_historical	theorem	public	NumStability.theorem7_5_literal_printed_row_inf_scale_counterexample	13784
NumStability.theorem7_5_lp_column_equilibration_exists_left_inverse_of_matrix_rank_eq_width	NumStability.Analysis.HighamChapter7	NumStability.Source.Higham.Chapter07.LinearSystemsConditioning.Theorem05.Part05	move_candidate	theorem	public	NumStability.theorem7_5_lp_column_equilibration_exists_left_inverse_of_matrix_rank_eq_width	14002
NumStability.theorem7_5_lp_column_equilibration_exists_left_inverse_of_rectMatMulVec_injective	NumStability.Analysis.HighamChapter7	NumStability.Source.Higham.Chapter07.LinearSystemsConditioning.Theorem05.Part05	move_candidate	theorem	public	NumStability.theorem7_5_lp_column_equilibration_exists_left_inverse_of_rectMatMulVec_injective	13889
NumStability.theorem7_5_lp_column_equilibration_exists_min_right_scalings_of_rect_left_inverse	NumStability.Analysis.HighamChapter7	NumStability.Source.Higham.Chapter07.LinearSystemsConditioning.Theorem05.Part03	move_candidate	theorem	public	NumStability.theorem7_5_lp_column_equilibration_exists_min_right_scalings_of_rect_left_inverse	10577
NumStability.theorem7_5_lp_column_equilibration_exists_min_right_scalings_of_rect_left_inverse_of_normalized	NumStability.Analysis.HighamChapter7	NumStability.Source.Higham.Chapter07.LinearSystemsConditioning.Theorem05.Part03	move_candidate	theorem	public	NumStability.theorem7_5_lp_column_equilibration_exists_min_right_scalings_of_rect_left_inverse_of_normalized	10603
NumStability.theorem7_5_lp_column_equilibration_exists_penrose_min_imp_of_matrix_rank_eq_width	NumStability.Analysis.HighamChapter7	NumStability.Source.Higham.Chapter07.LinearSystemsConditioning.Theorem05.Part06	move_candidate	theorem	public	NumStability.theorem7_5_lp_column_equilibration_exists_penrose_min_imp_of_matrix_rank_eq_width	14697
NumStability.theorem7_5_lp_column_equilibration_exists_penrose_min_normalized_of_matrix_rank_eq_width	NumStability.Analysis.HighamChapter7	NumStability.Source.Higham.Chapter07.LinearSystemsConditioning.Theorem05.Part06	move_candidate	theorem	public	NumStability.theorem7_5_lp_column_equilibration_exists_penrose_min_normalized_of_matrix_rank_eq_width	14753
NumStability.theorem7_5_lp_column_equilibration_exists_penrose_min_of_matrix_rank_eq_width	NumStability.Analysis.HighamChapter7	NumStability.Source.Higham.Chapter07.LinearSystemsConditioning.Theorem05.Part06	move_candidate	theorem	public	NumStability.theorem7_5_lp_column_equilibration_exists_penrose_min_of_matrix_rank_eq_width	14725
NumStability.theorem7_5_lp_column_equilibration_exists_penrose_of_matrix_rank_eq_width	NumStability.Analysis.HighamChapter7	NumStability.Source.Higham.Chapter07.LinearSystemsConditioning.Theorem05.Part06	move_candidate	theorem	public	NumStability.theorem7_5_lp_column_equilibration_exists_penrose_of_matrix_rank_eq_width	14572
NumStability.theorem7_5_lp_column_equilibration_le_card_rpow_min_right_scalings	NumStability.Analysis.HighamChapter7	NumStability.Source.Higham.Chapter07.LinearSystemsConditioning.Theorem05.Part02	move_candidate	theorem	public	NumStability.theorem7_5_lp_column_equilibration_le_card_rpow_min_right_scalings	9969
NumStability.theorem7_5_lp_column_equilibration_le_card_rpow_min_right_scalings_of_normalized	NumStability.Analysis.HighamChapter7	NumStability.Source.Higham.Chapter07.LinearSystemsConditioning.Theorem05.Part02	move_candidate	theorem	public	NumStability.theorem7_5_lp_column_equilibration_le_card_rpow_min_right_scalings_of_normalized	9986
NumStability.theorem7_5_lp_column_equilibration_le_card_rpow_min_right_scalings_of_penrose1_matrix_rank_eq_width	NumStability.Analysis.HighamChapter7	NumStability.Source.Higham.Chapter07.LinearSystemsConditioning.Theorem05.Part06	move_candidate	theorem	public	NumStability.theorem7_5_lp_column_equilibration_le_card_rpow_min_right_scalings_of_penrose1_matrix_rank_eq_width	14221
NumStability.theorem7_5_lp_column_equilibration_le_card_rpow_min_right_scalings_of_rect_left_inverse	NumStability.Analysis.HighamChapter7	NumStability.Source.Higham.Chapter07.LinearSystemsConditioning.Theorem05.Part02	move_candidate	theorem	public	NumStability.theorem7_5_lp_column_equilibration_le_card_rpow_min_right_scalings_of_rect_left_inverse	10022
NumStability.theorem7_5_lp_column_equilibration_le_card_rpow_min_right_scalings_of_rect_left_inverse_of_normalized	NumStability.Analysis.HighamChapter7	NumStability.Source.Higham.Chapter07.LinearSystemsConditioning.Theorem05.Part02	move_candidate	theorem	public	NumStability.theorem7_5_lp_column_equilibration_le_card_rpow_min_right_scalings_of_rect_left_inverse_of_normalized	10041
NumStability.theorem7_5_lp_column_equilibration_le_card_rpow_right_scaling	NumStability.Analysis.HighamChapter7	NumStability.Source.Higham.Chapter07.LinearSystemsConditioning.Theorem05.Part02	move_candidate	theorem	public	NumStability.theorem7_5_lp_column_equilibration_le_card_rpow_right_scaling	9876
NumStability.theorem7_5_lp_column_equilibration_le_card_rpow_sInf_right_scalings	NumStability.Analysis.HighamChapter7	NumStability.Source.Higham.Chapter07.LinearSystemsConditioning.Theorem05.Part02	move_candidate	theorem	public	NumStability.theorem7_5_lp_column_equilibration_le_card_rpow_sInf_right_scalings	9927
NumStability.theorem7_5_lp_column_equilibration_le_card_rpow_sInf_right_scalings_of_penrose1_matrix_rank_eq_width	NumStability.Analysis.HighamChapter7	NumStability.Source.Higham.Chapter07.LinearSystemsConditioning.Theorem05.Part06	move_candidate	theorem	public	NumStability.theorem7_5_lp_column_equilibration_le_card_rpow_sInf_right_scalings_of_penrose1_matrix_rank_eq_width	14204
NumStability.theorem7_5_lp_column_equilibration_le_card_rpow_sInf_right_scalings_of_rect_left_inverse	NumStability.Analysis.HighamChapter7	NumStability.Source.Higham.Chapter07.LinearSystemsConditioning.Theorem05.Part02	move_candidate	theorem	public	NumStability.theorem7_5_lp_column_equilibration_le_card_rpow_sInf_right_scalings_of_rect_left_inverse	10005
NumStability.theorem7_5_lp_dual_row_equilibration_exists_min_left_scalings_of_rect_right_inverse	NumStability.Analysis.HighamChapter7	NumStability.Source.Higham.Chapter07.LinearSystemsConditioning.Theorem05.Part03	move_candidate	theorem	public	NumStability.theorem7_5_lp_dual_row_equilibration_exists_min_left_scalings_of_rect_right_inverse	11730
NumStability.theorem7_5_lp_dual_row_equilibration_exists_min_left_scalings_of_rect_right_inverse_of_normalized	NumStability.Analysis.HighamChapter7	NumStability.Source.Higham.Chapter07.LinearSystemsConditioning.Theorem05.Part03	move_candidate	theorem	public	NumStability.theorem7_5_lp_dual_row_equilibration_exists_min_left_scalings_of_rect_right_inverse_of_normalized	11758
NumStability.theorem7_5_lp_dual_row_equilibration_exists_penrose_min_imp_of_matrix_rank_eq_height	NumStability.Analysis.HighamChapter7	NumStability.Source.Higham.Chapter07.LinearSystemsConditioning.Theorem05.Part06	move_candidate	theorem	public	NumStability.theorem7_5_lp_dual_row_equilibration_exists_penrose_min_imp_of_matrix_rank_eq_height	14806
NumStability.theorem7_5_lp_dual_row_equilibration_exists_penrose_min_normalized_of_matrix_rank_eq_height	NumStability.Analysis.HighamChapter7	NumStability.Source.Higham.Chapter07.LinearSystemsConditioning.Theorem05.Part06	move_candidate	theorem	public	NumStability.theorem7_5_lp_dual_row_equilibration_exists_penrose_min_normalized_of_matrix_rank_eq_height	14863
NumStability.theorem7_5_lp_dual_row_equilibration_exists_penrose_min_of_matrix_rank_eq_height	NumStability.Analysis.HighamChapter7	NumStability.Source.Higham.Chapter07.LinearSystemsConditioning.Theorem05.Part06	move_candidate	theorem	public	NumStability.theorem7_5_lp_dual_row_equilibration_exists_penrose_min_of_matrix_rank_eq_height	14835
NumStability.theorem7_5_lp_dual_row_equilibration_exists_penrose_of_matrix_rank_eq_height	NumStability.Analysis.HighamChapter7	NumStability.Source.Higham.Chapter07.LinearSystemsConditioning.Theorem05.Part06	move_candidate	theorem	public	NumStability.theorem7_5_lp_dual_row_equilibration_exists_penrose_of_matrix_rank_eq_height	14781
NumStability.theorem7_5_lp_dual_row_equilibration_exists_right_inverse_of_matrix_rank_eq_height	NumStability.Analysis.HighamChapter7	NumStability.Source.Higham.Chapter07.LinearSystemsConditioning.Theorem05.Part05	move_candidate	theorem	public	NumStability.theorem7_5_lp_dual_row_equilibration_exists_right_inverse_of_matrix_rank_eq_height	14020
NumStability.theorem7_5_lp_dual_row_equilibration_exists_right_inverse_of_rectMatMulVec_surjective	NumStability.Analysis.HighamChapter7	NumStability.Source.Higham.Chapter07.LinearSystemsConditioning.Theorem05.Part05	move_candidate	theorem	public	NumStability.theorem7_5_lp_dual_row_equilibration_exists_right_inverse_of_rectMatMulVec_surjective	13909
NumStability.theorem7_5_lp_dual_row_equilibration_le_card_rpow_left_scaling	NumStability.Analysis.HighamChapter7	NumStability.Source.Higham.Chapter07.LinearSystemsConditioning.Theorem05.Part03	move_candidate	theorem	public	NumStability.theorem7_5_lp_dual_row_equilibration_le_card_rpow_left_scaling	11511
NumStability.theorem7_5_lp_dual_row_equilibration_le_card_rpow_min_left_scalings	NumStability.Analysis.HighamChapter7	NumStability.Source.Higham.Chapter07.LinearSystemsConditioning.Theorem05.Part03	move_candidate	theorem	public	NumStability.theorem7_5_lp_dual_row_equilibration_le_card_rpow_min_left_scalings	11618
NumStability.theorem7_5_lp_dual_row_equilibration_le_card_rpow_min_left_scalings_of_normalized	NumStability.Analysis.HighamChapter7	NumStability.Source.Higham.Chapter07.LinearSystemsConditioning.Theorem05.Part03	move_candidate	theorem	public	NumStability.theorem7_5_lp_dual_row_equilibration_le_card_rpow_min_left_scalings_of_normalized	11639
NumStability.theorem7_5_lp_dual_row_equilibration_le_card_rpow_min_left_scalings_of_penrose1_matrix_rank_eq_height	NumStability.Analysis.HighamChapter7	NumStability.Source.Higham.Chapter07.LinearSystemsConditioning.Theorem05.Part06	move_candidate	theorem	public	NumStability.theorem7_5_lp_dual_row_equilibration_le_card_rpow_min_left_scalings_of_penrose1_matrix_rank_eq_height	14261
NumStability.theorem7_5_lp_dual_row_equilibration_le_card_rpow_min_left_scalings_of_rect_right_inverse	NumStability.Analysis.HighamChapter7	NumStability.Source.Higham.Chapter07.LinearSystemsConditioning.Theorem05.Part03	move_candidate	theorem	public	NumStability.theorem7_5_lp_dual_row_equilibration_le_card_rpow_min_left_scalings_of_rect_right_inverse	11681
NumStability.theorem7_5_lp_dual_row_equilibration_le_card_rpow_min_left_scalings_of_rect_right_inverse_of_normalized	NumStability.Analysis.HighamChapter7	NumStability.Source.Higham.Chapter07.LinearSystemsConditioning.Theorem05.Part03	move_candidate	theorem	public	NumStability.theorem7_5_lp_dual_row_equilibration_le_card_rpow_min_left_scalings_of_rect_right_inverse_of_normalized	11705
NumStability.theorem7_5_lp_dual_row_equilibration_le_card_rpow_sInf_left_scalings	NumStability.Analysis.HighamChapter7	NumStability.Source.Higham.Chapter07.LinearSystemsConditioning.Theorem05.Part03	move_candidate	theorem	public	NumStability.theorem7_5_lp_dual_row_equilibration_le_card_rpow_sInf_left_scalings	11573
NumStability.theorem7_5_lp_dual_row_equilibration_le_card_rpow_sInf_left_scalings_of_penrose1_matrix_rank_eq_height	NumStability.Analysis.HighamChapter7	NumStability.Source.Higham.Chapter07.LinearSystemsConditioning.Theorem05.Part06	move_candidate	theorem	public	NumStability.theorem7_5_lp_dual_row_equilibration_le_card_rpow_sInf_left_scalings_of_penrose1_matrix_rank_eq_height	14242
NumStability.theorem7_5_lp_dual_row_equilibration_le_card_rpow_sInf_left_scalings_of_rect_right_inverse	NumStability.Analysis.HighamChapter7	NumStability.Source.Higham.Chapter07.LinearSystemsConditioning.Theorem05.Part03	move_candidate	theorem	public	NumStability.theorem7_5_lp_dual_row_equilibration_le_card_rpow_sInf_left_scalings_of_rect_right_inverse	11661
NumStability.theorem7_5_p1_column_equilibration_exists_left_inverse_of_matrix_rank_eq_width	NumStability.Analysis.HighamChapter7	NumStability.Source.Higham.Chapter07.LinearSystemsConditioning.Theorem05.Part05	move_candidate	theorem	public	NumStability.theorem7_5_p1_column_equilibration_exists_left_inverse_of_matrix_rank_eq_width	13968
NumStability.theorem7_5_p1_column_equilibration_exists_left_inverse_of_rectMatMulVec_injective	NumStability.Analysis.HighamChapter7	NumStability.Source.Higham.Chapter07.LinearSystemsConditioning.Theorem05.Part05	move_candidate	theorem	public	NumStability.theorem7_5_p1_column_equilibration_exists_left_inverse_of_rectMatMulVec_injective	13849
NumStability.theorem7_5_p1_column_equilibration_exists_penrose_of_matrix_rank_eq_width	NumStability.Analysis.HighamChapter7	NumStability.Source.Higham.Chapter07.LinearSystemsConditioning.Theorem05.Part06	move_candidate	theorem	public	NumStability.theorem7_5_p1_column_equilibration_exists_penrose_of_matrix_rank_eq_width	14526
NumStability.theorem7_5_p1_column_equilibration_isLeast_right_scalings	NumStability.Analysis.HighamChapter7	NumStability.Source.Higham.Chapter07.LinearSystemsConditioning.Theorem05.Part02	move_candidate	theorem	public	NumStability.theorem7_5_p1_column_equilibration_isLeast_right_scalings	8622
NumStability.theorem7_5_p1_column_equilibration_isLeast_right_scalings_of_penrose1_matrix_rank_eq_width	NumStability.Analysis.HighamChapter7	NumStability.Source.Higham.Chapter07.LinearSystemsConditioning.Theorem05.Part06	move_candidate	theorem	public	NumStability.theorem7_5_p1_column_equilibration_isLeast_right_scalings_of_penrose1_matrix_rank_eq_width	14152
NumStability.theorem7_5_p1_column_equilibration_isLeast_right_scalings_of_rect_left_inverse	NumStability.Analysis.HighamChapter7	NumStability.Source.Higham.Chapter07.LinearSystemsConditioning.Theorem05.Part02	move_candidate	theorem	public	NumStability.theorem7_5_p1_column_equilibration_isLeast_right_scalings_of_rect_left_inverse	8645
NumStability.theorem7_5_p1_column_equilibration_le_right_scaling	NumStability.Analysis.HighamChapter7	NumStability.Source.Higham.Chapter07.LinearSystemsConditioning.Theorem05.Part02	move_candidate	theorem	public	NumStability.theorem7_5_p1_column_equilibration_le_right_scaling	8547
NumStability.theorem7_5_p1_column_equilibration_sInf_eq_right_scalings	NumStability.Analysis.HighamChapter7	NumStability.Source.Higham.Chapter07.LinearSystemsConditioning.Theorem05.Part02	move_candidate	theorem	public	NumStability.theorem7_5_p1_column_equilibration_sInf_eq_right_scalings	8584
NumStability.theorem7_5_p2_column_equilibration_exists_left_inverse_of_matrix_rank_eq_width	NumStability.Analysis.HighamChapter7	NumStability.Source.Higham.Chapter07.LinearSystemsConditioning.Theorem05.Part05	move_candidate	theorem	public	NumStability.theorem7_5_p2_column_equilibration_exists_left_inverse_of_matrix_rank_eq_width	13985
NumStability.theorem7_5_p2_column_equilibration_exists_left_inverse_of_rectMatMulVec_injective	NumStability.Analysis.HighamChapter7	NumStability.Source.Higham.Chapter07.LinearSystemsConditioning.Theorem05.Part05	move_candidate	theorem	public	NumStability.theorem7_5_p2_column_equilibration_exists_left_inverse_of_rectMatMulVec_injective	13870
NumStability.theorem7_5_p2_column_equilibration_exists_min_right_scalings_of_rect_left_inverse	NumStability.Analysis.HighamChapter7	NumStability.Source.Higham.Chapter07.LinearSystemsConditioning.Theorem05.Part04	move_candidate	theorem	public	NumStability.theorem7_5_p2_column_equilibration_exists_min_right_scalings_of_rect_left_inverse	12264
NumStability.theorem7_5_p2_column_equilibration_exists_min_right_scalings_of_rect_left_inverse_of_normalized	NumStability.Analysis.HighamChapter7	NumStability.Source.Higham.Chapter07.LinearSystemsConditioning.Theorem05.Part04	move_candidate	theorem	public	NumStability.theorem7_5_p2_column_equilibration_exists_min_right_scalings_of_rect_left_inverse_of_normalized	12288
NumStability.theorem7_5_p2_column_equilibration_exists_penrose_min_imp_of_matrix_rank_eq_width	NumStability.Analysis.HighamChapter7	NumStability.Source.Higham.Chapter07.LinearSystemsConditioning.Theorem05.Part06	move_candidate	theorem	public	NumStability.theorem7_5_p2_column_equilibration_exists_penrose_min_imp_of_matrix_rank_eq_width	14596
NumStability.theorem7_5_p2_column_equilibration_exists_penrose_min_normalized_imp_of_matrix_rank_eq_width	NumStability.Analysis.HighamChapter7	NumStability.Source.Higham.Chapter07.LinearSystemsConditioning.Theorem05.Part06	move_candidate	theorem	public	NumStability.theorem7_5_p2_column_equilibration_exists_penrose_min_normalized_imp_of_matrix_rank_eq_width	14623
NumStability.theorem7_5_p2_column_equilibration_exists_penrose_min_normalized_of_matrix_rank_eq_width	NumStability.Analysis.HighamChapter7	NumStability.Source.Higham.Chapter07.LinearSystemsConditioning.Theorem05.Part06	move_candidate	theorem	public	NumStability.theorem7_5_p2_column_equilibration_exists_penrose_min_normalized_of_matrix_rank_eq_width	14673
NumStability.theorem7_5_p2_column_equilibration_exists_penrose_min_of_matrix_rank_eq_width	NumStability.Analysis.HighamChapter7	NumStability.Source.Higham.Chapter07.LinearSystemsConditioning.Theorem05.Part06	move_candidate	theorem	public	NumStability.theorem7_5_p2_column_equilibration_exists_penrose_min_of_matrix_rank_eq_width	14648
NumStability.theorem7_5_p2_column_equilibration_exists_penrose_of_matrix_rank_eq_width	NumStability.Analysis.HighamChapter7	NumStability.Source.Higham.Chapter07.LinearSystemsConditioning.Theorem05.Part06	move_candidate	theorem	public	NumStability.theorem7_5_p2_column_equilibration_exists_penrose_of_matrix_rank_eq_width	14549
NumStability.theorem7_5_p2_column_equilibration_le_sqrt_card_min_right_scalings	NumStability.Analysis.HighamChapter7	NumStability.Source.Higham.Chapter07.LinearSystemsConditioning.Theorem05.Part02	move_candidate	theorem	public	NumStability.theorem7_5_p2_column_equilibration_le_sqrt_card_min_right_scalings	9226
NumStability.theorem7_5_p2_column_equilibration_le_sqrt_card_min_right_scalings_of_normalized	NumStability.Analysis.HighamChapter7	NumStability.Source.Higham.Chapter07.LinearSystemsConditioning.Theorem05.Part02	move_candidate	theorem	public	NumStability.theorem7_5_p2_column_equilibration_le_sqrt_card_min_right_scalings_of_normalized	9243
NumStability.theorem7_5_p2_column_equilibration_le_sqrt_card_min_right_scalings_of_penrose1_matrix_rank_eq_width	NumStability.Analysis.HighamChapter7	NumStability.Source.Higham.Chapter07.LinearSystemsConditioning.Theorem05.Part06	move_candidate	theorem	public	NumStability.theorem7_5_p2_column_equilibration_le_sqrt_card_min_right_scalings_of_penrose1_matrix_rank_eq_width	14186
NumStability.theorem7_5_p2_column_equilibration_le_sqrt_card_min_right_scalings_of_rect_left_inverse	NumStability.Analysis.HighamChapter7	NumStability.Source.Higham.Chapter07.LinearSystemsConditioning.Theorem05.Part02	move_candidate	theorem	public	NumStability.theorem7_5_p2_column_equilibration_le_sqrt_card_min_right_scalings_of_rect_left_inverse	9275
NumStability.theorem7_5_p2_column_equilibration_le_sqrt_card_min_right_scalings_of_rect_left_inverse_of_normalized	NumStability.Analysis.HighamChapter7	NumStability.Source.Higham.Chapter07.LinearSystemsConditioning.Theorem05.Part02	move_candidate	theorem	public	NumStability.theorem7_5_p2_column_equilibration_le_sqrt_card_min_right_scalings_of_rect_left_inverse_of_normalized	9292
NumStability.theorem7_5_p2_column_equilibration_le_sqrt_card_right_scaling	NumStability.Analysis.HighamChapter7	NumStability.Source.Higham.Chapter07.LinearSystemsConditioning.Theorem05.Part02	move_candidate	theorem	public	NumStability.theorem7_5_p2_column_equilibration_le_sqrt_card_right_scaling	9132
NumStability.theorem7_5_p2_column_equilibration_le_sqrt_card_sInf_right_scalings	NumStability.Analysis.HighamChapter7	NumStability.Source.Higham.Chapter07.LinearSystemsConditioning.Theorem05.Part02	move_candidate	theorem	public	NumStability.theorem7_5_p2_column_equilibration_le_sqrt_card_sInf_right_scalings	9182
NumStability.theorem7_5_p2_column_equilibration_le_sqrt_card_sInf_right_scalings_of_penrose1_matrix_rank_eq_width	NumStability.Analysis.HighamChapter7	NumStability.Source.Higham.Chapter07.LinearSystemsConditioning.Theorem05.Part06	move_candidate	theorem	public	NumStability.theorem7_5_p2_column_equilibration_le_sqrt_card_sInf_right_scalings_of_penrose1_matrix_rank_eq_width	14170
NumStability.theorem7_5_p2_column_equilibration_le_sqrt_card_sInf_right_scalings_of_rect_left_inverse	NumStability.Analysis.HighamChapter7	NumStability.Source.Higham.Chapter07.LinearSystemsConditioning.Theorem05.Part02	move_candidate	theorem	public	NumStability.theorem7_5_p2_column_equilibration_le_sqrt_card_sInf_right_scalings_of_rect_left_inverse	9260
NumStability.theorem7_5_p2_row_equilibration_exists_min_left_scalings_of_rect_right_inverse	NumStability.Analysis.HighamChapter7	NumStability.Source.Higham.Chapter07.LinearSystemsConditioning.Theorem05.Part04	move_candidate	theorem	public	NumStability.theorem7_5_p2_row_equilibration_exists_min_left_scalings_of_rect_right_inverse	13275
NumStability.theorem7_5_p2_row_equilibration_exists_min_left_scalings_of_rect_right_inverse_of_normalized	NumStability.Analysis.HighamChapter7	NumStability.Source.Higham.Chapter07.LinearSystemsConditioning.Theorem05.Part04	move_candidate	theorem	public	NumStability.theorem7_5_p2_row_equilibration_exists_min_left_scalings_of_rect_right_inverse_of_normalized	13299
NumStability.theorem7_5_p2_row_equilibration_exists_penrose_min_imp_of_matrix_rank_eq_height	NumStability.Analysis.HighamChapter7	NumStability.Source.Higham.Chapter07.LinearSystemsConditioning.Theorem05.Part06	move_candidate	theorem	public	NumStability.theorem7_5_p2_row_equilibration_exists_penrose_min_imp_of_matrix_rank_eq_height	14914
NumStability.theorem7_5_p2_row_equilibration_exists_penrose_min_normalized_imp_of_matrix_rank_eq_height	NumStability.Analysis.HighamChapter7	NumStability.Source.Higham.Chapter07.LinearSystemsConditioning.Theorem05.Part06	move_candidate	theorem	public	NumStability.theorem7_5_p2_row_equilibration_exists_penrose_min_normalized_imp_of_matrix_rank_eq_height	14941
NumStability.theorem7_5_p2_row_equilibration_exists_penrose_min_normalized_of_matrix_rank_eq_height	NumStability.Analysis.HighamChapter7	NumStability.Source.Higham.Chapter07.LinearSystemsConditioning.Theorem05.Part06	move_candidate	theorem	public	NumStability.theorem7_5_p2_row_equilibration_exists_penrose_min_normalized_of_matrix_rank_eq_height	14991
NumStability.theorem7_5_p2_row_equilibration_exists_penrose_min_of_matrix_rank_eq_height	NumStability.Analysis.HighamChapter7	NumStability.Source.Higham.Chapter07.LinearSystemsConditioning.Theorem05.Part06	move_candidate	theorem	public	NumStability.theorem7_5_p2_row_equilibration_exists_penrose_min_of_matrix_rank_eq_height	14966
NumStability.theorem7_5_p2_row_equilibration_exists_penrose_of_matrix_rank_eq_height	NumStability.Analysis.HighamChapter7	NumStability.Source.Higham.Chapter07.LinearSystemsConditioning.Theorem05.Part06	move_candidate	theorem	public	NumStability.theorem7_5_p2_row_equilibration_exists_penrose_of_matrix_rank_eq_height	14891
NumStability.theorem7_5_p2_row_equilibration_exists_right_inverse_of_matrix_rank_eq_height	NumStability.Analysis.HighamChapter7	NumStability.Source.Higham.Chapter07.LinearSystemsConditioning.Theorem05.Part05	move_candidate	theorem	public	NumStability.theorem7_5_p2_row_equilibration_exists_right_inverse_of_matrix_rank_eq_height	14039
NumStability.theorem7_5_p2_row_equilibration_exists_right_inverse_of_rectMatMulVec_surjective	NumStability.Analysis.HighamChapter7	NumStability.Source.Higham.Chapter07.LinearSystemsConditioning.Theorem05.Part05	move_candidate	theorem	public	NumStability.theorem7_5_p2_row_equilibration_exists_right_inverse_of_rectMatMulVec_surjective	13930
NumStability.theorem7_5_p2_row_equilibration_le_sqrt_card_left_scaling	NumStability.Analysis.HighamChapter7	NumStability.Source.Higham.Chapter07.LinearSystemsConditioning.Theorem05.Part04	move_candidate	theorem	public	NumStability.theorem7_5_p2_row_equilibration_le_sqrt_card_left_scaling	13100
NumStability.theorem7_5_p2_row_equilibration_le_sqrt_card_min_left_scalings	NumStability.Analysis.HighamChapter7	NumStability.Source.Higham.Chapter07.LinearSystemsConditioning.Theorem05.Part04	move_candidate	theorem	public	NumStability.theorem7_5_p2_row_equilibration_le_sqrt_card_min_left_scalings	13194
NumStability.theorem7_5_p2_row_equilibration_le_sqrt_card_min_left_scalings_of_normalized	NumStability.Analysis.HighamChapter7	NumStability.Source.Higham.Chapter07.LinearSystemsConditioning.Theorem05.Part04	move_candidate	theorem	public	NumStability.theorem7_5_p2_row_equilibration_le_sqrt_card_min_left_scalings_of_normalized	13210
NumStability.theorem7_5_p2_row_equilibration_le_sqrt_card_min_left_scalings_of_penrose1_matrix_rank_eq_height	NumStability.Analysis.HighamChapter7	NumStability.Source.Higham.Chapter07.LinearSystemsConditioning.Theorem05.Part06	move_candidate	theorem	public	NumStability.theorem7_5_p2_row_equilibration_le_sqrt_card_min_left_scalings_of_penrose1_matrix_rank_eq_height	14299
NumStability.theorem7_5_p2_row_equilibration_le_sqrt_card_min_left_scalings_of_rect_right_inverse	NumStability.Analysis.HighamChapter7	NumStability.Source.Higham.Chapter07.LinearSystemsConditioning.Theorem05.Part04	move_candidate	theorem	public	NumStability.theorem7_5_p2_row_equilibration_le_sqrt_card_min_left_scalings_of_rect_right_inverse	13241
NumStability.theorem7_5_p2_row_equilibration_le_sqrt_card_min_left_scalings_of_rect_right_inverse_of_normalized	NumStability.Analysis.HighamChapter7	NumStability.Source.Higham.Chapter07.LinearSystemsConditioning.Theorem05.Part04	move_candidate	theorem	public	NumStability.theorem7_5_p2_row_equilibration_le_sqrt_card_min_left_scalings_of_rect_right_inverse_of_normalized	13258
NumStability.theorem7_5_p2_row_equilibration_le_sqrt_card_sInf_left_scalings	NumStability.Analysis.HighamChapter7	NumStability.Source.Higham.Chapter07.LinearSystemsConditioning.Theorem05.Part04	move_candidate	theorem	public	NumStability.theorem7_5_p2_row_equilibration_le_sqrt_card_sInf_left_scalings	13150
NumStability.theorem7_5_p2_row_equilibration_le_sqrt_card_sInf_left_scalings_of_penrose1_matrix_rank_eq_height	NumStability.Analysis.HighamChapter7	NumStability.Source.Higham.Chapter07.LinearSystemsConditioning.Theorem05.Part06	move_candidate	theorem	public	NumStability.theorem7_5_p2_row_equilibration_le_sqrt_card_sInf_left_scalings_of_penrose1_matrix_rank_eq_height	14283
NumStability.theorem7_5_p2_row_equilibration_le_sqrt_card_sInf_left_scalings_of_rect_right_inverse	NumStability.Analysis.HighamChapter7	NumStability.Source.Higham.Chapter07.LinearSystemsConditioning.Theorem05.Part04	move_candidate	theorem	public	NumStability.theorem7_5_p2_row_equilibration_le_sqrt_card_sInf_left_scalings_of_rect_right_inverse	13226
NumStability.theorem7_5_pinf_row_equilibration_exists_penrose_of_matrix_rank_eq_height	NumStability.Analysis.HighamChapter7	NumStability.Source.Higham.Chapter07.LinearSystemsConditioning.Theorem05.Part06	move_candidate	theorem	public	NumStability.theorem7_5_pinf_row_equilibration_exists_penrose_of_matrix_rank_eq_height	15015
NumStability.theorem7_5_pinf_row_equilibration_exists_right_inverse_of_matrix_rank_eq_height	NumStability.Analysis.HighamChapter7	NumStability.Source.Higham.Chapter07.LinearSystemsConditioning.Theorem05.Part05	move_candidate	theorem	public	NumStability.theorem7_5_pinf_row_equilibration_exists_right_inverse_of_matrix_rank_eq_height	14056
NumStability.theorem7_5_pinf_row_equilibration_exists_right_inverse_of_rectMatMulVec_surjective	NumStability.Analysis.HighamChapter7	NumStability.Source.Higham.Chapter07.LinearSystemsConditioning.Theorem05.Part05	move_candidate	theorem	public	NumStability.theorem7_5_pinf_row_equilibration_exists_right_inverse_of_rectMatMulVec_surjective	13949
NumStability.theorem7_5_pinf_row_equilibration_isLeast_left_scalings	NumStability.Analysis.HighamChapter7	NumStability.Source.Higham.Chapter07.LinearSystemsConditioning.Theorem05.Part05	move_candidate	theorem	public	NumStability.theorem7_5_pinf_row_equilibration_isLeast_left_scalings	13572
NumStability.theorem7_5_pinf_row_equilibration_isLeast_left_scalings_of_penrose1_matrix_rank_eq_height	NumStability.Analysis.HighamChapter7	NumStability.Source.Higham.Chapter07.LinearSystemsConditioning.Theorem05.Part06	move_candidate	theorem	public	NumStability.theorem7_5_pinf_row_equilibration_isLeast_left_scalings_of_penrose1_matrix_rank_eq_height	14317
NumStability.theorem7_5_pinf_row_equilibration_isLeast_left_scalings_of_rect_right_inverse	NumStability.Analysis.HighamChapter7	NumStability.Source.Higham.Chapter07.LinearSystemsConditioning.Theorem05.Part05	move_candidate	theorem	public	NumStability.theorem7_5_pinf_row_equilibration_isLeast_left_scalings_of_rect_right_inverse	13595
NumStability.theorem7_5_pinf_row_equilibration_le_left_scaling	NumStability.Analysis.HighamChapter7	NumStability.Source.Higham.Chapter07.LinearSystemsConditioning.Theorem05.Part05	move_candidate	theorem	public	NumStability.theorem7_5_pinf_row_equilibration_le_left_scaling	13497
NumStability.theorem7_5_pinf_row_equilibration_sInf_eq_left_scalings	NumStability.Analysis.HighamChapter7	NumStability.Source.Higham.Chapter07.LinearSystemsConditioning.Theorem05.Part05	move_candidate	theorem	public	NumStability.theorem7_5_pinf_row_equilibration_sInf_eq_left_scalings	13534
NumStability.theorem7_5_rect_left_inverse_of_penrose1_matrix_rank_eq_width	NumStability.Analysis.HighamChapter7	NumStability.Source.Higham.Chapter07.LinearSystemsConditioning.Theorem05.Part06	move_candidate	theorem	public	NumStability.theorem7_5_rect_left_inverse_of_penrose1_matrix_rank_eq_width	14130
NumStability.theorem7_5_rect_left_inverse_of_penrose1_rectMatMulVec_injective	NumStability.Analysis.HighamChapter7	NumStability.Source.Higham.Chapter07.LinearSystemsConditioning.Theorem05.Part06	move_candidate	theorem	public	NumStability.theorem7_5_rect_left_inverse_of_penrose1_rectMatMulVec_injective	14073
NumStability.theorem7_5_rect_left_inverse_range_projection_fixes_range	NumStability.Analysis.HighamChapter7	NumStability.Source.Higham.Chapter07.LinearSystemsConditioning.Theorem05.Part06	move_candidate	theorem	public	NumStability.theorem7_5_rect_left_inverse_range_projection_fixes_range	15103
NumStability.theorem7_5_rect_left_inverse_range_projection_idempotent	NumStability.Analysis.HighamChapter7	NumStability.Source.Higham.Chapter07.LinearSystemsConditioning.Theorem05.Part06	move_candidate	theorem	public	NumStability.theorem7_5_rect_left_inverse_range_projection_idempotent	15038
NumStability.theorem7_5_rect_left_inverse_symmetric_penrose_equations	NumStability.Analysis.HighamChapter7	NumStability.Source.Higham.Chapter07.LinearSystemsConditioning.Theorem05.Part06	move_candidate	theorem	public	NumStability.theorem7_5_rect_left_inverse_symmetric_penrose_equations	14345
NumStability.theorem7_5_rect_left_inverse_symmetric_range_projection_op2Le_one	NumStability.Analysis.HighamChapter7	NumStability.Source.Higham.Chapter07.LinearSystemsConditioning.Theorem05.Part06	move_candidate	theorem	public	NumStability.theorem7_5_rect_left_inverse_symmetric_range_projection_op2Le_one	15070
NumStability.theorem7_5_rect_left_inverse_symmetric_range_projection_residual_normSq_isLeast	NumStability.Analysis.HighamChapter7	NumStability.Source.Higham.Chapter07.LinearSystemsConditioning.Theorem05.Part06	move_candidate	theorem	public	NumStability.theorem7_5_rect_left_inverse_symmetric_range_projection_residual_normSq_isLeast	15261
NumStability.theorem7_5_rect_left_inverse_symmetric_range_projection_residual_normSq_le_range_residual	NumStability.Analysis.HighamChapter7	NumStability.Source.Higham.Chapter07.LinearSystemsConditioning.Theorem05.Part06	move_candidate	theorem	public	NumStability.theorem7_5_rect_left_inverse_symmetric_range_projection_residual_normSq_le_range_residual	15179
NumStability.theorem7_5_rect_left_inverse_symmetric_range_projection_residual_norm_isLeast	NumStability.Analysis.HighamChapter7	NumStability.Source.Higham.Chapter07.LinearSystemsConditioning.Theorem05.Part06	move_candidate	theorem	public	NumStability.theorem7_5_rect_left_inverse_symmetric_range_projection_residual_norm_isLeast	15309
NumStability.theorem7_5_rect_left_inverse_symmetric_range_projection_residual_norm_le_range_residual	NumStability.Analysis.HighamChapter7	NumStability.Source.Higham.Chapter07.LinearSystemsConditioning.Theorem05.Part06	move_candidate	theorem	public	NumStability.theorem7_5_rect_left_inverse_symmetric_range_projection_residual_norm_le_range_residual	15223
NumStability.theorem7_5_rect_left_inverse_symmetric_range_projection_residual_orthogonal_range	NumStability.Analysis.HighamChapter7	NumStability.Source.Higham.Chapter07.LinearSystemsConditioning.Theorem05.Part06	move_candidate	theorem	public	NumStability.theorem7_5_rect_left_inverse_symmetric_range_projection_residual_orthogonal_range	15135
NumStability.theorem7_5_rect_penrose_injective_symmetric_range_penrose_equations	NumStability.Analysis.HighamChapter7	NumStability.Source.Higham.Chapter07.LinearSystemsConditioning.Theorem05.Part06	move_candidate	theorem	public	NumStability.theorem7_5_rect_penrose_injective_symmetric_range_penrose_equations	14411
NumStability.theorem7_5_rect_penrose_injective_symmetric_range_projection_op2Le_one	NumStability.Analysis.HighamChapter7	NumStability.Source.Higham.Chapter07.LinearSystemsConditioning.Theorem05.Part06	move_candidate	theorem	public	NumStability.theorem7_5_rect_penrose_injective_symmetric_range_projection_op2Le_one	15357
NumStability.theorem7_5_rect_penrose_injective_symmetric_range_projection_residual_normSq_isLeast	NumStability.Analysis.HighamChapter7	NumStability.Source.Higham.Chapter07.LinearSystemsConditioning.Theorem05.Part06	move_candidate	theorem	public	NumStability.theorem7_5_rect_penrose_injective_symmetric_range_projection_residual_normSq_isLeast	15425
NumStability.theorem7_5_rect_penrose_injective_symmetric_range_projection_residual_norm_isLeast	NumStability.Analysis.HighamChapter7	NumStability.Source.Higham.Chapter07.LinearSystemsConditioning.Theorem05.Part06	move_candidate	theorem	public	NumStability.theorem7_5_rect_penrose_injective_symmetric_range_projection_residual_norm_isLeast	15467
NumStability.theorem7_5_rect_penrose_injective_symmetric_range_projection_residual_orthogonal_range	NumStability.Analysis.HighamChapter7	NumStability.Source.Higham.Chapter07.LinearSystemsConditioning.Theorem05.Part06	move_candidate	theorem	public	NumStability.theorem7_5_rect_penrose_injective_symmetric_range_projection_residual_orthogonal_range	15387
NumStability.theorem7_5_rect_penrose_matrix_rank_eq_height_symmetric_domain_penrose_equations	NumStability.Analysis.HighamChapter7	NumStability.Source.Higham.Chapter07.LinearSystemsConditioning.Theorem05.Part06	move_candidate	theorem	public	NumStability.theorem7_5_rect_penrose_matrix_rank_eq_height_symmetric_domain_penrose_equations	14463
NumStability.theorem7_5_rect_penrose_matrix_rank_eq_height_symmetric_domain_projection_residual_normSq_isLeast	NumStability.Analysis.HighamChapter7	NumStability.Source.Higham.Chapter07.LinearSystemsConditioning.Theorem05.Part06	move_candidate	theorem	public	NumStability.theorem7_5_rect_penrose_matrix_rank_eq_height_symmetric_domain_projection_residual_normSq_isLeast	15524
NumStability.theorem7_5_rect_penrose_matrix_rank_eq_width_symmetric_range_penrose_equations	NumStability.Analysis.HighamChapter7	NumStability.Source.Higham.Chapter07.LinearSystemsConditioning.Theorem05.Part06	move_candidate	theorem	public	NumStability.theorem7_5_rect_penrose_matrix_rank_eq_width_symmetric_range_penrose_equations	14447
NumStability.theorem7_5_rect_penrose_matrix_rank_eq_width_symmetric_range_projection_residual_normSq_isLeast	NumStability.Analysis.HighamChapter7	NumStability.Source.Higham.Chapter07.LinearSystemsConditioning.Theorem05.Part06	move_candidate	theorem	public	NumStability.theorem7_5_rect_penrose_matrix_rank_eq_width_symmetric_range_projection_residual_normSq_isLeast	15505
NumStability.theorem7_5_rect_penrose_surjective_symmetric_domain_penrose_equations	NumStability.Analysis.HighamChapter7	NumStability.Source.Higham.Chapter07.LinearSystemsConditioning.Theorem05.Part06	move_candidate	theorem	public	NumStability.theorem7_5_rect_penrose_surjective_symmetric_domain_penrose_equations	14429
NumStability.theorem7_5_rect_penrose_surjective_symmetric_domain_projection_op2Le_one	NumStability.Analysis.HighamChapter7	NumStability.Source.Higham.Chapter07.LinearSystemsConditioning.Theorem05.Part06	move_candidate	theorem	public	NumStability.theorem7_5_rect_penrose_surjective_symmetric_domain_projection_op2Le_one	15372
NumStability.theorem7_5_rect_penrose_surjective_symmetric_domain_projection_residual_normSq_isLeast	NumStability.Analysis.HighamChapter7	NumStability.Source.Higham.Chapter07.LinearSystemsConditioning.Theorem05.Part06	move_candidate	theorem	public	NumStability.theorem7_5_rect_penrose_surjective_symmetric_domain_projection_residual_normSq_isLeast	15446
NumStability.theorem7_5_rect_penrose_surjective_symmetric_domain_projection_residual_norm_isLeast	NumStability.Analysis.HighamChapter7	NumStability.Source.Higham.Chapter07.LinearSystemsConditioning.Theorem05.Part06	move_candidate	theorem	public	NumStability.theorem7_5_rect_penrose_surjective_symmetric_domain_projection_residual_norm_isLeast	15486
NumStability.theorem7_5_rect_penrose_surjective_symmetric_domain_projection_residual_orthogonal_range	NumStability.Analysis.HighamChapter7	NumStability.Source.Higham.Chapter07.LinearSystemsConditioning.Theorem05.Part06	move_candidate	theorem	public	NumStability.theorem7_5_rect_penrose_surjective_symmetric_domain_projection_residual_orthogonal_range	15406
NumStability.theorem7_5_rect_right_inverse_domain_projection_fixes_range	NumStability.Analysis.HighamChapter7	NumStability.Source.Higham.Chapter07.LinearSystemsConditioning.Theorem05.Part06	move_candidate	theorem	public	NumStability.theorem7_5_rect_right_inverse_domain_projection_fixes_range	15119
NumStability.theorem7_5_rect_right_inverse_domain_projection_idempotent	NumStability.Analysis.HighamChapter7	NumStability.Source.Higham.Chapter07.LinearSystemsConditioning.Theorem05.Part06	move_candidate	theorem	public	NumStability.theorem7_5_rect_right_inverse_domain_projection_idempotent	15054
NumStability.theorem7_5_rect_right_inverse_of_penrose1_matrix_rank_eq_height	NumStability.Analysis.HighamChapter7	NumStability.Source.Higham.Chapter07.LinearSystemsConditioning.Theorem05.Part06	move_candidate	theorem	public	NumStability.theorem7_5_rect_right_inverse_of_penrose1_matrix_rank_eq_height	14141
NumStability.theorem7_5_rect_right_inverse_of_penrose1_rectMatMulVec_surjective	NumStability.Analysis.HighamChapter7	NumStability.Source.Higham.Chapter07.LinearSystemsConditioning.Theorem05.Part06	move_candidate	theorem	public	NumStability.theorem7_5_rect_right_inverse_of_penrose1_rectMatMulVec_surjective	14102
NumStability.theorem7_5_rect_right_inverse_symmetric_domain_projection_op2Le_one	NumStability.Analysis.HighamChapter7	NumStability.Source.Higham.Chapter07.LinearSystemsConditioning.Theorem05.Part06	move_candidate	theorem	public	NumStability.theorem7_5_rect_right_inverse_symmetric_domain_projection_op2Le_one	15086
NumStability.theorem7_5_rect_right_inverse_symmetric_domain_projection_residual_normSq_isLeast	NumStability.Analysis.HighamChapter7	NumStability.Source.Higham.Chapter07.LinearSystemsConditioning.Theorem05.Part06	move_candidate	theorem	public	NumStability.theorem7_5_rect_right_inverse_symmetric_domain_projection_residual_normSq_isLeast	15285
NumStability.theorem7_5_rect_right_inverse_symmetric_domain_projection_residual_normSq_le_range_residual	NumStability.Analysis.HighamChapter7	NumStability.Source.Higham.Chapter07.LinearSystemsConditioning.Theorem05.Part06	move_candidate	theorem	public	NumStability.theorem7_5_rect_right_inverse_symmetric_domain_projection_residual_normSq_le_range_residual	15201
NumStability.theorem7_5_rect_right_inverse_symmetric_domain_projection_residual_norm_isLeast	NumStability.Analysis.HighamChapter7	NumStability.Source.Higham.Chapter07.LinearSystemsConditioning.Theorem05.Part06	move_candidate	theorem	public	NumStability.theorem7_5_rect_right_inverse_symmetric_domain_projection_residual_norm_isLeast	15333
NumStability.theorem7_5_rect_right_inverse_symmetric_domain_projection_residual_norm_le_range_residual	NumStability.Analysis.HighamChapter7	NumStability.Source.Higham.Chapter07.LinearSystemsConditioning.Theorem05.Part06	move_candidate	theorem	public	NumStability.theorem7_5_rect_right_inverse_symmetric_domain_projection_residual_norm_le_range_residual	15242
NumStability.theorem7_5_rect_right_inverse_symmetric_domain_projection_residual_orthogonal_range	NumStability.Analysis.HighamChapter7	NumStability.Source.Higham.Chapter07.LinearSystemsConditioning.Theorem05.Part06	move_candidate	theorem	public	NumStability.theorem7_5_rect_right_inverse_symmetric_domain_projection_residual_orthogonal_range	15157
NumStability.theorem7_5_rect_right_inverse_symmetric_penrose_equations	NumStability.Analysis.HighamChapter7	NumStability.Source.Higham.Chapter07.LinearSystemsConditioning.Theorem05.Part06	move_candidate	theorem	public	NumStability.theorem7_5_rect_right_inverse_symmetric_penrose_equations	14378
NumStability.theorem7_7_frobenius_right_scaling_lower_bound	NumStability.Analysis.HighamChapter7	NumStability.Source.Higham.Chapter07.LinearSystemsConditioning.Theorem07FrobeniusScaling	move_candidate	theorem	public	NumStability.theorem7_7_frobenius_right_scaling_lower_bound	15820
NumStability.theorem7_7_stewart_sun_frobenius_scaling	NumStability.Analysis.HighamChapter7	NumStability.Source.Higham.Chapter07.LinearSystemsConditioning.Theorem07FrobeniusScaling	move_candidate	theorem	public	NumStability.theorem7_7_stewart_sun_frobenius_scaling	15880
NumStability.theorem7_7_stewart_sun_frobenius_scaling_of_left_inverse	NumStability.Analysis.HighamChapter7	NumStability.Source.Higham.Chapter07.LinearSystemsConditioning.Theorem07FrobeniusScaling	move_candidate	theorem	public	NumStability.theorem7_7_stewart_sun_frobenius_scaling_of_left_inverse	15934
NumStability.theorem7_8_bauer_scaledInfCondSet_sInf_eq_spectralRadius	NumStability.Analysis.HighamChapter7	NumStability.Source.Higham.Chapter07.LinearSystemsConditioning.Theorem08Aliases	move_candidate	theorem	public	NumStability.theorem7_8_bauer_scaledInfCondSet_sInf_eq_spectralRadius	26201
NumStability.theorem7_8_bauer_scaledInfKappaSet_isLeast_spectralRadius	NumStability.Analysis.HighamChapter7	NumStability.Source.Higham.Chapter07.LinearSystemsConditioning.Theorem08Aliases	move_candidate	theorem	public	NumStability.theorem7_8_bauer_scaledInfKappaSet_isLeast_spectralRadius	26213
NumStability.theorem7_8_bauer_scaledInfKappaSet_sInf_eq_spectralRadius	NumStability.Analysis.HighamChapter7	NumStability.Source.Higham.Chapter07.LinearSystemsConditioning.Theorem08Aliases	move_candidate	theorem	public	NumStability.theorem7_8_bauer_scaledInfKappaSet_sInf_eq_spectralRadius	26207
NumStability.theta_le_card_of_inverse_row_identity	NumStability.Algorithms.LU.GrowthFactor	NumStability.Algorithms.LU.GrowthFactor	canonical_in_place	theorem	public	-	-
NumStability.thm_11_3_bound	NumStability.Algorithms.IterativeRefinement	NumStability.Source.Higham.Chapter12.IterativeRefinement.LegacyChapter11Surface	move_candidate	theorem	public	NumStability.thm_11_3_bound	888
NumStability.thm_11_3_ge_conventional	NumStability.Algorithms.IterativeRefinement	NumStability.Source.Higham.Chapter12.IterativeRefinement.LegacyChapter11Surface	move_candidate	theorem	public	NumStability.thm_11_3_ge_conventional	989
NumStability.thm_11_3_identity	NumStability.Algorithms.IterativeRefinement	NumStability.Source.Higham.Chapter12.IterativeRefinement.LegacyChapter11Surface	move_candidate	theorem	public	NumStability.thm_11_3_identity	862
NumStability.thm_11_3_specialized	NumStability.Algorithms.IterativeRefinement	NumStability.Source.Higham.Chapter12.IterativeRefinement.LegacyChapter11Surface	move_candidate	theorem	public	NumStability.thm_11_3_specialized	955
NumStability.thm_11_4_assembled	NumStability.Algorithms.IterativeRefinement	NumStability.Source.Higham.Chapter12.IterativeRefinement.LegacyChapter11Surface	move_candidate	theorem	public	NumStability.thm_11_4_assembled	1355
NumStability.thm_11_4_residual_bound	NumStability.Algorithms.IterativeRefinement	NumStability.Source.Higham.Chapter12.IterativeRefinement.LegacyChapter11Surface	move_candidate	theorem	public	NumStability.thm_11_4_residual_bound	1034
NumStability.thm_11_4_self_contained	NumStability.Algorithms.IterativeRefinement	NumStability.Source.Higham.Chapter12.IterativeRefinement.LegacyChapter11Surface	move_candidate	theorem	public	NumStability.thm_11_4_self_contained	1422
NumStability.threeColumnMatrix	NumStability.Analysis.BeneficialRounding	NumStability.Analysis.BeneficialRounding	canonical_in_place	definition	public	-	-
NumStability.threeColumnMatrix_decompose_coeff_two_ne_zero_of_replacement_det_ne_zero	NumStability.Analysis.BeneficialRounding	NumStability.Analysis.BeneficialRounding	canonical_in_place	theorem	public	-	-
NumStability.threeColumnMatrix_decompose_of_rightInverse	NumStability.Analysis.BeneficialRounding	NumStability.Analysis.BeneficialRounding	canonical_in_place	theorem	public	-	-
NumStability.threeColumnMatrix_det_ne_zero_of_linear_combo_eq_zero_coeffs_zero	NumStability.Analysis.BeneficialRounding	NumStability.Analysis.BeneficialRounding	canonical_in_place	theorem	public	-	-
NumStability.three_local_factors_abs_sub_one_le	NumStability.Analysis.Heron	NumStability.Analysis.Heron	canonical_in_place	theorem	public	-	-
NumStability.three_not_dvd_two_pow_nat	NumStability.Analysis.BeneficialRounding	NumStability.Analysis.BeneficialRounding	canonical_in_place	theorem	public	-	-
NumStability.three_rightEigenvectors_pairwise_distinct_linear_combo_eq_zero_coeffs_zero	NumStability.Analysis.BeneficialRounding	NumStability.Analysis.BeneficialRounding	canonical_in_place	theorem	public	-	-
NumStability.three_rightEigenvectors_pairwise_distinct_threeColumnMatrix_det_ne_zero	NumStability.Analysis.BeneficialRounding	NumStability.Analysis.BeneficialRounding	canonical_in_place	theorem	public	-	-
NumStability.three_rightEigenvectors_pairwise_distinct_threeColumnMatrix_isRightInverse	NumStability.Analysis.BeneficialRounding	NumStability.Analysis.BeneficialRounding	canonical_in_place	theorem	public	-	-
NumStability.toMatrix_orthogonalChangeOfBasis	NumStability.Analysis.SemiconvergentRealSpectrumComplete	NumStability.Analysis.SemiconvergentRealSpectrumComplete	canonical_in_place	theorem	public	-	-
NumStability.topProjector_mul_compBlock	NumStability.Analysis.SemiconvergentLimitGeneral	NumStability.Analysis.SemiconvergentLimitGeneral	canonical_in_place	theorem	public	-	-
NumStability.tridiag_L_diag	NumStability.Algorithms.LU.TridiagonalRecurrence	NumStability.Algorithms.LU.TridiagonalRecurrence	canonical_in_place	theorem	public	-	-
NumStability.tridiag_L_entries_bounded	NumStability.Algorithms.LU.TridiagonalRecurrence	NumStability.Algorithms.LU.TridiagonalRecurrence	canonical_in_place	theorem	public	-	-
NumStability.tridiag_L_lower_bidiag	NumStability.Algorithms.LU.TridiagonalRecurrence	NumStability.Algorithms.LU.TridiagonalRecurrence	canonical_in_place	theorem	public	-	-
NumStability.tridiag_L_matrix	NumStability.Algorithms.LU.TridiagonalRecurrence	NumStability.Algorithms.LU.TridiagonalRecurrence	canonical_in_place	definition	public	-	-
NumStability.tridiag_L_matrix_entries_bounded	NumStability.Algorithms.LU.TridiagonalRecurrence	NumStability.Algorithms.LU.TridiagonalRecurrence	canonical_in_place	theorem	public	-	-
NumStability.tridiag_L_upper_zero	NumStability.Algorithms.LU.TridiagonalRecurrence	NumStability.Algorithms.LU.TridiagonalRecurrence	canonical_in_place	theorem	public	-	-
NumStability.tridiag_U_lower_zero	NumStability.Algorithms.LU.TridiagonalRecurrence	NumStability.Algorithms.LU.TridiagonalRecurrence	canonical_in_place	theorem	public	-	-
NumStability.tridiag_U_matrix	NumStability.Algorithms.LU.TridiagonalRecurrence	NumStability.Algorithms.LU.TridiagonalRecurrence	canonical_in_place	definition	public	-	-
NumStability.tridiag_U_upper_bidiag	NumStability.Algorithms.LU.TridiagonalRecurrence	NumStability.Algorithms.LU.TridiagonalRecurrence	canonical_in_place	theorem	public	-	-
NumStability.tridiag_bidiag_absLU_sparse	NumStability.Algorithms.LU.TridiagonalRecurrence	NumStability.Algorithms.LU.TridiagonalRecurrence	canonical_in_place	theorem	public	-	-
NumStability.tridiag_bidiag_growth_offdiag	NumStability.Algorithms.LU.TridiagonalRecurrence	NumStability.Algorithms.LU.TridiagonalRecurrence	canonical_in_place	theorem	public	-	-
NumStability.tridiag_bidiag_growth_offdiag_sub	NumStability.Algorithms.LU.TridiagonalRecurrence	NumStability.Algorithms.LU.TridiagonalRecurrence	canonical_in_place	theorem	public	-	-
NumStability.tridiag_bidiag_growth_offdiag_super	NumStability.Algorithms.LU.TridiagonalRecurrence	NumStability.Algorithms.LU.TridiagonalRecurrence	canonical_in_place	theorem	public	-	-
NumStability.tridiag_colDom_L_entries_bounded	NumStability.Algorithms.LU.TridiagonalRecurrence	NumStability.Algorithms.LU.TridiagonalRecurrence	canonical_in_place	theorem	public	-	-
NumStability.tridiag_diagDom_fu_bound	NumStability.Algorithms.LU.Tridiagonal	NumStability.Algorithms.LU.Tridiagonal	canonical_in_place	theorem	public	-	-
NumStability.tridiag_diagDom_fu_bound_tight	NumStability.Algorithms.LU.Tridiagonal	NumStability.Algorithms.LU.Tridiagonal	canonical_in_place	theorem	public	-	-
NumStability.tridiag_diagDom_lu_backward_error	NumStability.Algorithms.LU.Tridiagonal	NumStability.Algorithms.LU.Tridiagonal	canonical_in_place	theorem	public	-	-
NumStability.tridiag_diagDom_lu_solve_backward_stable	NumStability.Algorithms.LU.Tridiagonal	NumStability.Algorithms.LU.Tridiagonal	canonical_in_place	theorem	public	-	-
NumStability.tridiag_diagDom_lu_solve_backward_stable_tight	NumStability.Algorithms.LU.Tridiagonal	NumStability.Algorithms.LU.Tridiagonal	canonical_in_place	theorem	public	-	-
NumStability.tridiag_diagdom_cond_bound	NumStability.Algorithms.LU.TridiagonalCond	NumStability.Algorithms.LU.TridiagonalCond	canonical_in_place	theorem	public	-	-
NumStability.tridiag_exact_inv_abs	NumStability.Algorithms.LU.TridiagonalCond	NumStability.Algorithms.LU.TridiagonalCond	canonical_in_place	theorem	public	-	-
NumStability.tridiag_exact_product_of_recurrence	NumStability.Algorithms.LU.TridiagonalRecurrence	NumStability.Algorithms.LU.TridiagonalRecurrence	canonical_in_place	theorem	public	-	-
NumStability.tridiag_growth_bound_3	NumStability.Algorithms.LU.TridiagonalRecurrence	NumStability.Algorithms.LU.TridiagonalRecurrence	canonical_in_place	theorem	public	-	-
NumStability.tridiag_lu	NumStability.Algorithms.LU.TridiagonalRecurrence	NumStability.Algorithms.LU.TridiagonalRecurrence	canonical_in_place	definition	public	-	-
NumStability.tridiag_lu_aux	NumStability.Algorithms.LU.TridiagonalRecurrence	NumStability.Algorithms.LU.TridiagonalRecurrence	canonical_in_place	definition	public	-	-
NumStability.tridiag_lu_backward_error	NumStability.Algorithms.LU.Tridiagonal	NumStability.Algorithms.LU.Tridiagonal	canonical_in_place	theorem	public	-	-
NumStability.tridiag_matrices_isTridiagLU	NumStability.Algorithms.LU.TridiagonalRecurrence	NumStability.Algorithms.LU.TridiagonalRecurrence	canonical_in_place	theorem	public	-	-
NumStability.tridiag_prevIndex	NumStability.Algorithms.LU.TridiagonalRecurrence	NumStability.Algorithms.LU.TridiagonalRecurrence	canonical_in_place	definition	public	-	-
NumStability.tridiag_rowDom_growth_bound_3	NumStability.Algorithms.LU.TridiagonalRecurrence	NumStability.Algorithms.LU.TridiagonalRecurrence	canonical_in_place	theorem	public	-	-
NumStability.tridiag_spd_shape_absLU_eq_absA	NumStability.Algorithms.LU.TridiagonalRecurrence	NumStability.Algorithms.LU.TridiagonalRecurrence	canonical_in_place	theorem	public	-	-
NumStability.tridiag_to_matrix	NumStability.Algorithms.LU.TridiagonalRecurrence	NumStability.Algorithms.LU.TridiagonalRecurrence	canonical_in_place	definition	public	-	-
NumStability.tridiag_to_matrix_isTridiagonal	NumStability.Algorithms.LU.TridiagonalRecurrence	NumStability.Algorithms.LU.TridiagonalRecurrence	canonical_in_place	theorem	public	-	-
NumStability.trigCancellationDirectScaled	NumStability.Analysis.TrigCancellation	NumStability.Source.Higham.Chapter01.Section07.TrigonometricCancellation.Example	move_candidate	definition	public	NumStability.trigCancellationDirectScaled	423
NumStability.trigCancellationDirectScaledFiniteRoundToEvenCos	NumStability.Analysis.TrigCancellation	NumStability.Analysis.FloatingPointArithmetic.TrigonometricCancellation.Core	move_candidate	definition	public	NumStability.trigCancellationDirectScaledFiniteRoundToEvenCos	212
NumStability.trigCancellationDirectScaledFiniteRoundToEvenCos_abs_error_le	NumStability.Analysis.TrigCancellation	NumStability.Analysis.FloatingPointArithmetic.TrigonometricCancellation.Core	move_candidate	theorem	public	NumStability.trigCancellationDirectScaledFiniteRoundToEvenCos_abs_error_le	283
NumStability.trigCancellationDirectScaledFromCos	NumStability.Analysis.TrigCancellation	NumStability.Analysis.FloatingPointArithmetic.TrigonometricCancellation.Core	move_candidate	definition	public	NumStability.trigCancellationDirectScaledFromCos	50
NumStability.trigCancellationDirectScaledFromCos_abs_error_le	NumStability.Analysis.TrigCancellation	NumStability.Analysis.FloatingPointArithmetic.TrigonometricCancellation.Core	move_candidate	theorem	public	NumStability.trigCancellationDirectScaledFromCos_abs_error_le	102
NumStability.trigCancellationDirectScaled_eq	NumStability.Analysis.TrigCancellation	NumStability.Source.Higham.Chapter01.Section07.TrigonometricCancellation.Example	move_candidate	theorem	public	NumStability.trigCancellationDirectScaled_eq	431
NumStability.trigCancellationDirectScaled_ne_half	NumStability.Analysis.TrigCancellation	NumStability.Source.Higham.Chapter01.Section07.TrigonometricCancellation.Example	move_candidate	theorem	public	NumStability.trigCancellationDirectScaled_ne_half	437
NumStability.trigCancellationExactScaled	NumStability.Analysis.TrigCancellation	NumStability.Analysis.FloatingPointArithmetic.TrigonometricCancellation.Core	move_candidate	definition	public	NumStability.trigCancellationExactScaled	44
NumStability.trigCancellationExactScaled_le_half	NumStability.Analysis.TrigCancellation	NumStability.Analysis.FloatingPointArithmetic.TrigonometricCancellation.Core	move_candidate	theorem	public	NumStability.trigCancellationExactScaled_le_half	65
NumStability.trigCancellationExactScaled_lt_half	NumStability.Analysis.TrigCancellation	NumStability.Analysis.FloatingPointArithmetic.TrigonometricCancellation.Core	move_candidate	theorem	public	NumStability.trigCancellationExactScaled_lt_half	80
NumStability.trigCancellationExactScaled_nonneg	NumStability.Analysis.TrigCancellation	NumStability.Analysis.FloatingPointArithmetic.TrigonometricCancellation.Core	move_candidate	theorem	public	NumStability.trigCancellationExactScaled_nonneg	60
NumStability.trigCancellationExactScaled_pos_of_cos_ne_one	NumStability.Analysis.TrigCancellation	NumStability.Analysis.FloatingPointArithmetic.TrigonometricCancellation.Core	move_candidate	theorem	public	NumStability.trigCancellationExactScaled_pos_of_cos_ne_one	92
NumStability.trigCancellationExampleCos10	NumStability.Analysis.TrigCancellation	NumStability.Source.Higham.Chapter01.Section07.TrigonometricCancellation.Example	move_candidate	definition	public	NumStability.trigCancellationExampleCos10	413
NumStability.trigCancellationExampleSinHalf10	NumStability.Analysis.TrigCancellation	NumStability.Source.Higham.Chapter01.Section07.TrigonometricCancellation.Example	move_candidate	definition	public	NumStability.trigCancellationExampleSinHalf10	418
NumStability.trigCancellationExampleX	NumStability.Analysis.TrigCancellation	NumStability.Source.Higham.Chapter01.Problem03.CancellationRewrites.Algebra	move_candidate	definition	public	NumStability.trigCancellationExampleX	409
NumStability.trigCancellationFiniteRoundToEvenCos	NumStability.Analysis.TrigCancellation	NumStability.Analysis.FloatingPointArithmetic.TrigonometricCancellation.Core	move_candidate	definition	public	NumStability.trigCancellationFiniteRoundToEvenCos	202
NumStability.trigCancellationFiniteRoundToEvenCos_abs_error_le	NumStability.Analysis.TrigCancellation	NumStability.Analysis.FloatingPointArithmetic.TrigonometricCancellation.Core	move_candidate	theorem	public	NumStability.trigCancellationFiniteRoundToEvenCos_abs_error_le	225
NumStability.trigCancellationFiniteRoundToEvenSinHalf	NumStability.Analysis.TrigCancellation	NumStability.Analysis.FloatingPointArithmetic.TrigonometricCancellation.Core	move_candidate	definition	public	NumStability.trigCancellationFiniteRoundToEvenSinHalf	207
NumStability.trigCancellationFiniteRoundToEvenSinHalf_abs_error_le	NumStability.Analysis.TrigCancellation	NumStability.Analysis.FloatingPointArithmetic.TrigonometricCancellation.Core	move_candidate	theorem	public	NumStability.trigCancellationFiniteRoundToEvenSinHalf_abs_error_le	254
NumStability.trigCancellationRewriteScaled	NumStability.Analysis.TrigCancellation	NumStability.Source.Higham.Chapter01.Section07.TrigonometricCancellation.Example	move_candidate	definition	public	NumStability.trigCancellationRewriteScaled	427
NumStability.trigCancellationRewriteScaledFiniteRoundToEvenSinHalf	NumStability.Analysis.TrigCancellation	NumStability.Analysis.FloatingPointArithmetic.TrigonometricCancellation.Core	move_candidate	definition	public	NumStability.trigCancellationRewriteScaledFiniteRoundToEvenSinHalf	218
NumStability.trigCancellationRewriteScaledFiniteRoundToEvenSinHalf_abs_error_le	NumStability.Analysis.TrigCancellation	NumStability.Analysis.FloatingPointArithmetic.TrigonometricCancellation.Core	move_candidate	theorem	public	NumStability.trigCancellationRewriteScaledFiniteRoundToEvenSinHalf_abs_error_le	297
NumStability.trigCancellationRewriteScaledFiniteRoundToEvenSinHalf_abs_error_le_direct_cos_bound	NumStability.Analysis.TrigCancellation	NumStability.Analysis.FloatingPointArithmetic.TrigonometricCancellation.Core	move_candidate	theorem	public	NumStability.trigCancellationRewriteScaledFiniteRoundToEvenSinHalf_abs_error_le_direct_cos_bound	314
NumStability.trigCancellationRewriteScaledFromSinHalf	NumStability.Analysis.TrigCancellation	NumStability.Analysis.FloatingPointArithmetic.TrigonometricCancellation.Core	move_candidate	definition	public	NumStability.trigCancellationRewriteScaledFromSinHalf	55
NumStability.trigCancellationRewriteScaledFromSinHalf_abs_error_le	NumStability.Analysis.TrigCancellation	NumStability.Analysis.FloatingPointArithmetic.TrigonometricCancellation.Core	move_candidate	theorem	public	NumStability.trigCancellationRewriteScaledFromSinHalf_abs_error_le	149
NumStability.trigCancellationRewriteScaledFromSinHalf_abs_error_le_direct_cos_bound	NumStability.Analysis.TrigCancellation	NumStability.Analysis.FloatingPointArithmetic.TrigonometricCancellation.Core	move_candidate	theorem	public	NumStability.trigCancellationRewriteScaledFromSinHalf_abs_error_le_direct_cos_bound	180
NumStability.trigCancellationRewriteScaled_eq_half	NumStability.Analysis.TrigCancellation	NumStability.Source.Higham.Chapter01.Section07.TrigonometricCancellation.Example	move_candidate	theorem	public	NumStability.trigCancellationRewriteScaled_eq_half	443
NumStability.twoByTwo_infNorm_reducible_iff	NumStability.Analysis.SemiconvergentExistenceComplete	NumStability.Analysis.SemiconvergentExistenceComplete	canonical_in_place	theorem	public	-	-
NumStability.twoByTwo_max_rowSum_ge_of_trace_det	NumStability.Analysis.SemiconvergentExistenceComplete	NumStability.Analysis.SemiconvergentExistenceComplete	canonical_in_place	theorem	public	-	-
NumStability.twoPieceDotProduct_error_bound	NumStability.Algorithms.BlockDotProduct	NumStability.Algorithms.BlockDotProduct	canonical_in_place	theorem	public	-	-
NumStability.two_thirds_not_binaryTerminating	NumStability.Analysis.BeneficialRounding	NumStability.Analysis.BeneficialRounding	canonical_in_place	theorem	public	-	-
NumStability.two_thirds_not_ieeeDoubleFiniteSystem	NumStability.Analysis.BeneficialRounding	NumStability.Analysis.BeneficialRounding	canonical_in_place	theorem	public	-	-
NumStability.two_thirds_not_ieeeSingleFiniteSystem	NumStability.Analysis.BeneficialRounding	NumStability.Analysis.BeneficialRounding	canonical_in_place	theorem	public	-	-
NumStability.uniform_modulus_bound_lt_one	NumStability.Analysis.SemiconvergentBlockFormExists	NumStability.Analysis.SemiconvergentBlockFormExists	canonical_in_place	theorem	public	-	-
NumStability.unit_bidiag_row_sum_bound	NumStability.Algorithms.LU.TridiagonalCond	NumStability.Algorithms.LU.TridiagonalCond	canonical_in_place	theorem	public	-	-
NumStability.upperBidiagInvEntry	NumStability.Algorithms.LU.TridiagonalCond	NumStability.Algorithms.LU.TridiagonalCond	canonical_in_place	definition	public	-	-
NumStability.upperBidiagInvEntry_diag	NumStability.Algorithms.LU.TridiagonalCond	NumStability.Algorithms.LU.TridiagonalCond	canonical_in_place	theorem	public	-	-
NumStability.vecLe	NumStability.Algorithms.IterativeRefinement	NumStability.Algorithms.LinearSystems.IterativeRefinement.Core	move_candidate	definition	public	NumStability.vecLe	38
NumStability.vecNorm2_fin_sum_le	NumStability.Analysis.BeneficialRounding	NumStability.Analysis.BeneficialRounding	canonical_in_place	theorem	public	-	-
NumStability.vecNorm2_finset_sum_le	NumStability.Analysis.BeneficialRounding	NumStability.Analysis.BeneficialRounding	canonical_in_place	theorem	public	-	-
NumStability.vecNorm2_pos_of_exists_ne	NumStability.Analysis.BeneficialRounding	NumStability.Analysis.BeneficialRounding	canonical_in_place	theorem	public	-	-
NumStability.weighted_sum_relative_error_nonneg	NumStability.Algorithms.Norm2	NumStability.Algorithms.Norm2	canonical_in_place	theorem	public	-	-
NumStability.wilkinson_normwise_infNorm	NumStability.Algorithms.LU.GrowthFactor	NumStability.Algorithms.LU.GrowthFactor	canonical_in_place	theorem	public	-	-
NumStability.wilkinson_normwise_infNorm_tight	NumStability.Algorithms.LU.GrowthFactor	NumStability.Algorithms.LU.GrowthFactor	canonical_in_place	theorem	public	-	-
NumStability.wilkinson_normwise_row_bound	NumStability.Algorithms.LU.GrowthFactor	NumStability.Algorithms.LU.GrowthFactor	canonical_in_place	theorem	public	-	-
_private.NumStability.Algorithms.HighamChapter8.0.NumStability.comparisonMatrix_abs_apply	NumStability.Algorithms.HighamChapter8	NumStability.Algorithms.HighamChapter8	retain_historical	theorem	private	_private.NumStability.Algorithms.HighamChapter8.0.NumStability.comparisonMatrix_abs_apply	2762
_private.NumStability.Algorithms.HighamChapter8.0.NumStability.comparisonMatrix_abs_eq_two_diag_sub	NumStability.Algorithms.HighamChapter8	NumStability.Algorithms.HighamChapter8	retain_historical	theorem	private	_private.NumStability.Algorithms.HighamChapter8.0.NumStability.comparisonMatrix_abs_eq_two_diag_sub	2771
_private.NumStability.Algorithms.HighamChapter8.0.NumStability.higham8_12_WInv_nonneg	NumStability.Algorithms.HighamChapter8	NumStability.Algorithms.HighamChapter8	retain_historical	theorem	private	_private.NumStability.Algorithms.HighamChapter8.0.NumStability.higham8_12_WInv_nonneg	4254
_private.NumStability.Algorithms.HighamChapter8.0.NumStability.higham8_12_WMatrix_offdiag_nonpos	NumStability.Algorithms.HighamChapter8	NumStability.Algorithms.HighamChapter8	retain_historical	theorem	private	_private.NumStability.Algorithms.HighamChapter8.0.NumStability.higham8_12_WMatrix_offdiag_nonpos	3881
_private.NumStability.Algorithms.HighamChapter8.0.NumStability.higham8_12_ZInvFormula_diag	NumStability.Algorithms.HighamChapter8	NumStability.Algorithms.HighamChapter8	retain_historical	theorem	private	_private.NumStability.Algorithms.HighamChapter8.0.NumStability.higham8_12_ZInvFormula_diag	3902
_private.NumStability.Algorithms.HighamChapter8.0.NumStability.higham8_12_ZInvFormula_upper	NumStability.Algorithms.HighamChapter8	NumStability.Algorithms.HighamChapter8	retain_historical	theorem	private	_private.NumStability.Algorithms.HighamChapter8.0.NumStability.higham8_12_ZInvFormula_upper	3895
_private.NumStability.Algorithms.HighamChapter8.0.NumStability.higham8_12_ZMatrix_upper	NumStability.Algorithms.HighamChapter8	NumStability.Algorithms.HighamChapter8	retain_historical	theorem	private	_private.NumStability.Algorithms.HighamChapter8.0.NumStability.higham8_12_ZMatrix_upper	3888
_private.NumStability.Algorithms.HighamChapter8.0.NumStability.higham8_12_comparisonInv_nonneg	NumStability.Algorithms.HighamChapter8	NumStability.Algorithms.HighamChapter8	retain_historical	theorem	private	_private.NumStability.Algorithms.HighamChapter8.0.NumStability.higham8_12_comparisonInv_nonneg	4231
_private.NumStability.Algorithms.HighamChapter8.0.NumStability.higham8_14_cancellationDelta	NumStability.Algorithms.HighamChapter8	NumStability.Algorithms.HighamChapter8	retain_historical	definition	private	_private.NumStability.Algorithms.HighamChapter8.0.NumStability.higham8_14_cancellationDelta	6584
_private.NumStability.Algorithms.HighamChapter8.0.NumStability.higham8_14_cancellationLeft	NumStability.Algorithms.HighamChapter8	NumStability.Algorithms.HighamChapter8	retain_historical	definition	private	_private.NumStability.Algorithms.HighamChapter8.0.NumStability.higham8_14_cancellationLeft	6578
_private.NumStability.Algorithms.HighamChapter8.0.NumStability.higham8_14_cancellationRight	NumStability.Algorithms.HighamChapter8	NumStability.Algorithms.HighamChapter8	retain_historical	definition	private	_private.NumStability.Algorithms.HighamChapter8.0.NumStability.higham8_14_cancellationRight	6581
_private.NumStability.Algorithms.HighamChapter8.0.NumStability.higham8_2_ratioWitnessComparisonInv_col2_abs_sum	NumStability.Algorithms.HighamChapter8	NumStability.Algorithms.HighamChapter8	retain_historical	theorem	private	_private.NumStability.Algorithms.HighamChapter8.0.NumStability.higham8_2_ratioWitnessComparisonInv_col2_abs_sum	2406
_private.NumStability.Algorithms.HighamChapter8.0.NumStability.higham8_2_ratioWitnessComparisonInv_row0_abs_sum	NumStability.Algorithms.HighamChapter8	NumStability.Algorithms.HighamChapter8	retain_historical	theorem	private	_private.NumStability.Algorithms.HighamChapter8.0.NumStability.higham8_2_ratioWitnessComparisonInv_row0_abs_sum	2395
_private.NumStability.Algorithms.HighamChapter8.0.NumStability.higham8_2_ratioWitnessInv_infNorm_le	NumStability.Algorithms.HighamChapter8	NumStability.Algorithms.HighamChapter8	retain_historical	theorem	private	_private.NumStability.Algorithms.HighamChapter8.0.NumStability.higham8_2_ratioWitnessInv_infNorm_le	2418
_private.NumStability.Algorithms.HighamChapter8.0.NumStability.higham8_2_ratioWitnessInv_oneNorm_le	NumStability.Algorithms.HighamChapter8	NumStability.Algorithms.HighamChapter8	retain_historical	theorem	private	_private.NumStability.Algorithms.HighamChapter8.0.NumStability.higham8_2_ratioWitnessInv_oneNorm_le	2435
_private.NumStability.Algorithms.HighamChapter8.0.NumStability.higham8_2_ratioWitnessInv_row0_abs_sum	NumStability.Algorithms.HighamChapter8	NumStability.Algorithms.HighamChapter8	retain_historical	theorem	private	_private.NumStability.Algorithms.HighamChapter8.0.NumStability.higham8_2_ratioWitnessInv_row0_abs_sum	2390
_private.NumStability.Algorithms.HighamChapter8.0.NumStability.higham8_6_WInverseAbsVec_nonneg	NumStability.Algorithms.HighamChapter8	NumStability.Algorithms.HighamChapter8	retain_historical	theorem	private	_private.NumStability.Algorithms.HighamChapter8.0.NumStability.higham8_6_WInverseAbsVec_nonneg	4959
_private.NumStability.Algorithms.HighamChapter8.0.NumStability.higham8_6_comparisonInverseAbsVec_nonneg	NumStability.Algorithms.HighamChapter8	NumStability.Algorithms.HighamChapter8	retain_historical	theorem	private	_private.NumStability.Algorithms.HighamChapter8.0.NumStability.higham8_6_comparisonInverseAbsVec_nonneg	4947
_private.NumStability.Algorithms.HighamChapter8.0.NumStability.higham8_7_nonneg_sup_eq_infNormVec	NumStability.Algorithms.HighamChapter8	NumStability.Algorithms.HighamChapter8	retain_historical	theorem	private	_private.NumStability.Algorithms.HighamChapter8.0.NumStability.higham8_7_nonneg_sup_eq_infNormVec	7165
_private.NumStability.Algorithms.HighamChapter8.0.NumStability.higham8_7_scaled_vector_bound	NumStability.Algorithms.HighamChapter8	NumStability.Algorithms.HighamChapter8	retain_historical	theorem	private	_private.NumStability.Algorithms.HighamChapter8.0.NumStability.higham8_7_scaled_vector_bound	7182
_private.NumStability.Algorithms.HighamChapter8.0.NumStability.higham8_8_matMulVec_scaledBasis	NumStability.Algorithms.HighamChapter8	NumStability.Algorithms.HighamChapter8	retain_historical	theorem	private	_private.NumStability.Algorithms.HighamChapter8.0.NumStability.higham8_8_matMulVec_scaledBasis	7573
_private.NumStability.Algorithms.HighamChapter8.0.NumStability.higham8_8_maxEntryNorm_pos_of_inverse	NumStability.Algorithms.HighamChapter8	NumStability.Algorithms.HighamChapter8	retain_historical	theorem	private	_private.NumStability.Algorithms.HighamChapter8.0.NumStability.higham8_8_maxEntryNorm_pos_of_inverse	7586
_private.NumStability.Algorithms.HighamChapter8.0.NumStability.higham8_absolute_norm_vec_le_of_nonneg_le	NumStability.Algorithms.HighamChapter8	NumStability.Algorithms.HighamChapter8	retain_historical	theorem	private	_private.NumStability.Algorithms.HighamChapter8.0.NumStability.higham8_absolute_norm_vec_le_of_nonneg_le	4383
_private.NumStability.Algorithms.HighamChapter8.0.NumStability.higham8_comparisonMatrix_eq_self_upper	NumStability.Algorithms.HighamChapter8	NumStability.Algorithms.HighamChapter8	retain_historical	theorem	private	_private.NumStability.Algorithms.HighamChapter8.0.NumStability.higham8_comparisonMatrix_eq_self_upper	3234
_private.NumStability.Algorithms.HighamChapter8.0.NumStability.higham8_complexMatrixGramEigenvalues_eq_of_gramLin_eq_smul_id	NumStability.Algorithms.HighamChapter8	NumStability.Algorithms.HighamChapter8	retain_historical	theorem	private	_private.NumStability.Algorithms.HighamChapter8.0.NumStability.higham8_complexMatrixGramEigenvalues_eq_of_gramLin_eq_smul_id	1101
_private.NumStability.Algorithms.HighamChapter8.0.NumStability.higham8_complexMatrixGramEigenvalues_eq_zero_of_rank_le_one	NumStability.Algorithms.HighamChapter8	NumStability.Algorithms.HighamChapter8	retain_historical	theorem	private	_private.NumStability.Algorithms.HighamChapter8.0.NumStability.higham8_complexMatrixGramEigenvalues_eq_zero_of_rank_le_one	1817
_private.NumStability.Algorithms.HighamChapter8.0.NumStability.higham8_complexMatrixGramEigenvalues_top_eq_of_rank_le_one_of_mem_nonzero	NumStability.Algorithms.HighamChapter8	NumStability.Algorithms.HighamChapter8	retain_historical	theorem	private	_private.NumStability.Algorithms.HighamChapter8.0.NumStability.higham8_complexMatrixGramEigenvalues_top_eq_of_rank_le_one_of_mem_nonzero	1850
_private.NumStability.Algorithms.HighamChapter8.0.NumStability.higham8_complexMatrixGramLin_eq_smul_id_of_conjTranspose_mul_self_scalar	NumStability.Algorithms.HighamChapter8	NumStability.Algorithms.HighamChapter8	retain_historical	theorem	private	_private.NumStability.Algorithms.HighamChapter8.0.NumStability.higham8_complexMatrixGramLin_eq_smul_id_of_conjTranspose_mul_self_scalar	1081
_private.NumStability.Algorithms.HighamChapter8.0.NumStability.higham8_complexMatrixRank_rankOne_standard_le_one	NumStability.Algorithms.HighamChapter8	NumStability.Algorithms.HighamChapter8	retain_historical	theorem	private	_private.NumStability.Algorithms.HighamChapter8.0.NumStability.higham8_complexMatrixRank_rankOne_standard_le_one	1755
_private.NumStability.Algorithms.HighamChapter8.0.NumStability.higham8_infNorm_le_of_abs_le_nonneg	NumStability.Algorithms.HighamChapter8	NumStability.Algorithms.HighamChapter8	retain_historical	theorem	private	_private.NumStability.Algorithms.HighamChapter8.0.NumStability.higham8_infNorm_le_of_abs_le_nonneg	4272
_private.NumStability.Algorithms.HighamChapter8.0.NumStability.higham8_infNorm_le_of_nonneg_le	NumStability.Algorithms.HighamChapter8	NumStability.Algorithms.HighamChapter8	retain_historical	theorem	private	_private.NumStability.Algorithms.HighamChapter8.0.NumStability.higham8_infNorm_le_of_nonneg_le	4310
_private.NumStability.Algorithms.HighamChapter8.0.NumStability.higham8_nonneg_real_matrix_absVec_mul_norm	NumStability.Algorithms.HighamChapter8	NumStability.Algorithms.HighamChapter8	retain_historical	theorem	private	_private.NumStability.Algorithms.HighamChapter8.0.NumStability.higham8_nonneg_real_matrix_absVec_mul_norm	4357
_private.NumStability.Algorithms.HighamChapter8.0.NumStability.higham8_oneNorm_le_of_abs_le_nonneg	NumStability.Algorithms.HighamChapter8	NumStability.Algorithms.HighamChapter8	retain_historical	theorem	private	_private.NumStability.Algorithms.HighamChapter8.0.NumStability.higham8_oneNorm_le_of_abs_le_nonneg	4291
_private.NumStability.Algorithms.HighamChapter8.0.NumStability.higham8_oneNorm_le_of_nonneg_le	NumStability.Algorithms.HighamChapter8	NumStability.Algorithms.HighamChapter8	retain_historical	theorem	private	_private.NumStability.Algorithms.HighamChapter8.0.NumStability.higham8_oneNorm_le_of_nonneg_le	4321
_private.NumStability.Algorithms.HighamChapter8.0.NumStability.higham8_opNorm2_le_of_abs_le	NumStability.Algorithms.HighamChapter8	NumStability.Algorithms.HighamChapter8	retain_historical	theorem	private	_private.NumStability.Algorithms.HighamChapter8.0.NumStability.higham8_opNorm2_le_of_abs_le	4332
_private.NumStability.Algorithms.HighamChapter8.0.NumStability.higham8_opNorm2_le_of_nonneg_le	NumStability.Algorithms.HighamChapter8	NumStability.Algorithms.HighamChapter8	retain_historical	theorem	private	_private.NumStability.Algorithms.HighamChapter8.0.NumStability.higham8_opNorm2_le_of_nonneg_le	4346
_private.NumStability.Algorithms.HighamChapter8.0.NumStability.higham8_problem8_4_comparisonImage_nonneg_bound	NumStability.Algorithms.HighamChapter8	NumStability.Algorithms.HighamChapter8	retain_historical	theorem	private	_private.NumStability.Algorithms.HighamChapter8.0.NumStability.higham8_problem8_4_comparisonImage_nonneg_bound	3417
_private.NumStability.Algorithms.HighamChapter8.0.NumStability.higham8_problem8_4_comparisonImage_row_eq	NumStability.Algorithms.HighamChapter8	NumStability.Algorithms.HighamChapter8	retain_historical	theorem	private	_private.NumStability.Algorithms.HighamChapter8.0.NumStability.higham8_problem8_4_comparisonImage_row_eq	3293
_private.NumStability.Algorithms.HighamChapter8.0.NumStability.higham8_problem8_9_embedLastZero	NumStability.Algorithms.HighamChapter8	NumStability.Algorithms.HighamChapter8	retain_historical	definition	private	_private.NumStability.Algorithms.HighamChapter8.0.NumStability.higham8_problem8_9_embedLastZero	845
_private.NumStability.Algorithms.HighamChapter8.0.NumStability.higham8_problem8_9_embedLastZero_apply_castSucc	NumStability.Algorithms.HighamChapter8	NumStability.Algorithms.HighamChapter8	retain_historical	theorem	private	_private.NumStability.Algorithms.HighamChapter8.0.NumStability.higham8_problem8_9_embedLastZero_apply_castSucc	858
_private.NumStability.Algorithms.HighamChapter8.0.NumStability.higham8_problem8_9_embedLastZero_apply_last	NumStability.Algorithms.HighamChapter8	NumStability.Algorithms.HighamChapter8	retain_historical	theorem	private	_private.NumStability.Algorithms.HighamChapter8.0.NumStability.higham8_problem8_9_embedLastZero_apply_last	863
_private.NumStability.Algorithms.HighamChapter8.0.NumStability.higham8_problem8_9_embedLastZero_injective	NumStability.Algorithms.HighamChapter8	NumStability.Algorithms.HighamChapter8	retain_historical	theorem	private	_private.NumStability.Algorithms.HighamChapter8.0.NumStability.higham8_problem8_9_embedLastZero_injective	876
_private.NumStability.Algorithms.HighamChapter8.0.NumStability.higham8_problem8_9_embedLastZero_norm	NumStability.Algorithms.HighamChapter8	NumStability.Algorithms.HighamChapter8	retain_historical	theorem	private	_private.NumStability.Algorithms.HighamChapter8.0.NumStability.higham8_problem8_9_embedLastZero_norm	868
_private.NumStability.Algorithms.HighamChapter8.0.NumStability.higham8_problem8_9_embeddedTopSpan	NumStability.Algorithms.HighamChapter8	NumStability.Algorithms.HighamChapter8	retain_historical	definition	private	_private.NumStability.Algorithms.HighamChapter8.0.NumStability.higham8_problem8_9_embeddedTopSpan	927
_private.NumStability.Algorithms.HighamChapter8.0.NumStability.higham8_problem8_9_embeddedTopSpan_finrank	NumStability.Algorithms.HighamChapter8	NumStability.Algorithms.HighamChapter8	retain_historical	theorem	private	_private.NumStability.Algorithms.HighamChapter8.0.NumStability.higham8_problem8_9_embeddedTopSpan_finrank	934
_private.NumStability.Algorithms.HighamChapter8.0.NumStability.higham8_problem8_9_kahanGram_interlace_succ	NumStability.Algorithms.HighamChapter8	NumStability.Algorithms.HighamChapter8	retain_historical	theorem	private	_private.NumStability.Algorithms.HighamChapter8.0.NumStability.higham8_problem8_9_kahanGram_interlace_succ	1038
_private.NumStability.Algorithms.HighamChapter8.0.NumStability.higham8_problem8_9_kahanSingularValue_interlace_succ	NumStability.Algorithms.HighamChapter8	NumStability.Algorithms.HighamChapter8	retain_historical	theorem	private	_private.NumStability.Algorithms.HighamChapter8.0.NumStability.higham8_problem8_9_kahanSingularValue_interlace_succ	970
_private.NumStability.Algorithms.HighamChapter8.0.NumStability.higham8_problem8_9_kahan_euclideanLin_embed	NumStability.Algorithms.HighamChapter8	NumStability.Algorithms.HighamChapter8	retain_historical	theorem	private	_private.NumStability.Algorithms.HighamChapter8.0.NumStability.higham8_problem8_9_kahan_euclideanLin_embed	885
_private.NumStability.Algorithms.HighamChapter8.0.NumStability.higham8_problem8_9_kahan_zero_eq_rankOne	NumStability.Algorithms.HighamChapter8	NumStability.Algorithms.HighamChapter8	retain_historical	theorem	private	_private.NumStability.Algorithms.HighamChapter8.0.NumStability.higham8_problem8_9_kahan_zero_eq_rankOne	1789
_private.NumStability.Algorithms.HighamChapter8.0.NumStability.higham8_problem8_9_kahan_zero_rank_le_one	NumStability.Algorithms.HighamChapter8	NumStability.Algorithms.HighamChapter8	retain_historical	theorem	private	_private.NumStability.Algorithms.HighamChapter8.0.NumStability.higham8_problem8_9_kahan_zero_rank_le_one	1810
_private.NumStability.Algorithms.HighamChapter8.0.NumStability.higham8_problem8_9_matrix_toEuclideanLin_ofLp	NumStability.Algorithms.HighamChapter8	NumStability.Algorithms.HighamChapter8	retain_historical	theorem	private	_private.NumStability.Algorithms.HighamChapter8.0.NumStability.higham8_problem8_9_matrix_toEuclideanLin_ofLp	739
_private.NumStability.Algorithms.HighamChapter8.0.NumStability.higham8_problem8_9_norm_sq_eq_sum	NumStability.Algorithms.HighamChapter8	NumStability.Algorithms.HighamChapter8	retain_historical	theorem	private	_private.NumStability.Algorithms.HighamChapter8.0.NumStability.higham8_problem8_9_norm_sq_eq_sum	748
_private.NumStability.Algorithms.HighamChapter8.0.NumStability.higham8_problem8_9_subspace_intersection_nonzero	NumStability.Algorithms.HighamChapter8	NumStability.Algorithms.HighamChapter8	retain_historical	theorem	private	_private.NumStability.Algorithms.HighamChapter8.0.NumStability.higham8_problem8_9_subspace_intersection_nonzero	944
_private.NumStability.Algorithms.HighamChapter8.0.NumStability.higham8_problem8_9_svdTailSpan	NumStability.Algorithms.HighamChapter8	NumStability.Algorithms.HighamChapter8	retain_historical	definition	private	_private.NumStability.Algorithms.HighamChapter8.0.NumStability.higham8_problem8_9_svdTailSpan	668
_private.NumStability.Algorithms.HighamChapter8.0.NumStability.higham8_problem8_9_svdTailSpan_finrank	NumStability.Algorithms.HighamChapter8	NumStability.Algorithms.HighamChapter8	retain_historical	theorem	private	_private.NumStability.Algorithms.HighamChapter8.0.NumStability.higham8_problem8_9_svdTailSpan_finrank	685
_private.NumStability.Algorithms.HighamChapter8.0.NumStability.higham8_problem8_9_svdTailSpan_repr_eq_zero_of_lt	NumStability.Algorithms.HighamChapter8	NumStability.Algorithms.HighamChapter8	retain_historical	theorem	private	_private.NumStability.Algorithms.HighamChapter8.0.NumStability.higham8_problem8_9_svdTailSpan_repr_eq_zero_of_lt	717
_private.NumStability.Algorithms.HighamChapter8.0.NumStability.higham8_problem8_9_svdTopSpan	NumStability.Algorithms.HighamChapter8	NumStability.Algorithms.HighamChapter8	retain_historical	definition	private	_private.NumStability.Algorithms.HighamChapter8.0.NumStability.higham8_problem8_9_svdTopSpan	661
_private.NumStability.Algorithms.HighamChapter8.0.NumStability.higham8_problem8_9_svdTopSpan_finrank	NumStability.Algorithms.HighamChapter8	NumStability.Algorithms.HighamChapter8	retain_historical	theorem	private	_private.NumStability.Algorithms.HighamChapter8.0.NumStability.higham8_problem8_9_svdTopSpan_finrank	675
_private.NumStability.Algorithms.HighamChapter8.0.NumStability.higham8_problem8_9_svdTopSpan_repr_eq_zero_of_lt	NumStability.Algorithms.HighamChapter8	NumStability.Algorithms.HighamChapter8	retain_historical	theorem	private	_private.NumStability.Algorithms.HighamChapter8.0.NumStability.higham8_problem8_9_svdTopSpan_repr_eq_zero_of_lt	695
_private.NumStability.Algorithms.HighamChapter8.0.NumStability.higham8_problem8_9_tailSpan_norm_image_le_sigma_mul_norm	NumStability.Algorithms.HighamChapter8	NumStability.Algorithms.HighamChapter8	retain_historical	theorem	private	_private.NumStability.Algorithms.HighamChapter8.0.NumStability.higham8_problem8_9_tailSpan_norm_image_le_sigma_mul_norm	814
_private.NumStability.Algorithms.HighamChapter8.0.NumStability.higham8_problem8_9_topSpan_sigma_mul_norm_le	NumStability.Algorithms.HighamChapter8	NumStability.Algorithms.HighamChapter8	retain_historical	theorem	private	_private.NumStability.Algorithms.HighamChapter8.0.NumStability.higham8_problem8_9_topSpan_sigma_mul_norm_le	782
_private.NumStability.Algorithms.HighamChapter8.0.NumStability.higham8_realRectToCMatrix_euclideanLin_realVec	NumStability.Algorithms.HighamChapter8	NumStability.Algorithms.HighamChapter8	retain_historical	theorem	private	_private.NumStability.Algorithms.HighamChapter8.0.NumStability.higham8_realRectToCMatrix_euclideanLin_realVec	1645
_private.NumStability.Algorithms.HighamChapter8.0.NumStability.higham8_realRectToCMatrix_euclideanLin_realVec_square	NumStability.Algorithms.HighamChapter8	NumStability.Algorithms.HighamChapter8	retain_historical	theorem	private	_private.NumStability.Algorithms.HighamChapter8.0.NumStability.higham8_realRectToCMatrix_euclideanLin_realVec_square	1654
_private.NumStability.Algorithms.HighamChapter8.0.NumStability.higham8_relative_infNorm_bound_of_componentwise_backward_error	NumStability.Algorithms.HighamChapter8	NumStability.Algorithms.HighamChapter8	retain_historical	theorem	private	_private.NumStability.Algorithms.HighamChapter8.0.NumStability.higham8_relative_infNorm_bound_of_componentwise_backward_error	141
_private.NumStability.Algorithms.HighamChapter8.0.NumStability.higham8_sum_two_support	NumStability.Algorithms.HighamChapter8	NumStability.Algorithms.HighamChapter8	retain_historical	theorem	private	_private.NumStability.Algorithms.HighamChapter8.0.NumStability.higham8_sum_two_support	1434
_private.NumStability.Algorithms.HighamChapter8.0.NumStability.higham8_upperTriangularMMatrix_solution_nonneg	NumStability.Algorithms.HighamChapter8	NumStability.Algorithms.HighamChapter8	retain_historical	theorem	private	_private.NumStability.Algorithms.HighamChapter8.0.NumStability.higham8_upperTriangularMMatrix_solution_nonneg	3253
_private.NumStability.Algorithms.HighamChapter8.0.NumStability.higham8_upperTriangular_erase_sum_eq_strictUpper	NumStability.Algorithms.HighamChapter8	NumStability.Algorithms.HighamChapter8	retain_historical	theorem	private	_private.NumStability.Algorithms.HighamChapter8.0.NumStability.higham8_upperTriangular_erase_sum_eq_strictUpper	3210
_private.NumStability.Algorithms.LU.Doolittle.0.NumStability.doolittle_product_eq_L	NumStability.Algorithms.LU.Doolittle	NumStability.Algorithms.LU.Doolittle	retain_historical	theorem	private	_private.NumStability.Algorithms.LU.Doolittle.0.NumStability.doolittle_product_eq_L	1962
_private.NumStability.Algorithms.LU.Doolittle.0.NumStability.doolittle_product_eq_U	NumStability.Algorithms.LU.Doolittle	NumStability.Algorithms.LU.Doolittle	retain_historical	theorem	private	_private.NumStability.Algorithms.LU.Doolittle.0.NumStability.doolittle_product_eq_U	1936
_private.NumStability.Algorithms.LU.Doolittle.0.NumStability.exists_relative_error_of_abs_sub_le_mul_abs	NumStability.Algorithms.LU.Doolittle	NumStability.Algorithms.LU.Doolittle	retain_historical	theorem	private	_private.NumStability.Algorithms.LU.Doolittle.0.NumStability.exists_relative_error_of_abs_sub_le_mul_abs	1883
_private.NumStability.Algorithms.LU.Doolittle.0.NumStability.le_abs_rounded_of_gap	NumStability.Algorithms.LU.Doolittle	NumStability.Algorithms.LU.Doolittle	retain_historical	theorem	private	_private.NumStability.Algorithms.LU.Doolittle.0.NumStability.le_abs_rounded_of_gap	870
_private.NumStability.Algorithms.LU.TridiagonalRecurrence.0.NumStability.abs_LU_le_abs_U_col	NumStability.Algorithms.LU.TridiagonalRecurrence	NumStability.Algorithms.LU.TridiagonalRecurrence	canonical_in_place	theorem	private	-	-
_private.NumStability.Algorithms.LU.TridiagonalRecurrence.0.NumStability.bidiag_U_col_sum	NumStability.Algorithms.LU.TridiagonalRecurrence	NumStability.Algorithms.LU.TridiagonalRecurrence	canonical_in_place	theorem	private	-	-
_private.NumStability.Algorithms.LU.TridiagonalRecurrence.0.NumStability.col_diag_dom_offdiag_le	NumStability.Algorithms.LU.TridiagonalRecurrence	NumStability.Algorithms.LU.TridiagonalRecurrence	canonical_in_place	theorem	private	-	-
_private.NumStability.Algorithms.LU.TridiagonalRecurrence.0.NumStability.col_diag_dom_two_offdiag_le	NumStability.Algorithms.LU.TridiagonalRecurrence	NumStability.Algorithms.LU.TridiagonalRecurrence	canonical_in_place	theorem	private	-	-
_private.NumStability.Algorithms.LU.TridiagonalRecurrence.0.NumStability.row_diag_dom_offdiag_le	NumStability.Algorithms.LU.TridiagonalRecurrence	NumStability.Algorithms.LU.TridiagonalRecurrence	canonical_in_place	theorem	private	-	-
_private.NumStability.Algorithms.LU.TridiagonalRecurrence.0.NumStability.row_diag_dom_two_offdiag_le	NumStability.Algorithms.LU.TridiagonalRecurrence	NumStability.Algorithms.LU.TridiagonalRecurrence	canonical_in_place	theorem	private	-	-
_private.NumStability.Algorithms.LU.TridiagonalRecurrence.0.NumStability.tridiag_LU_diag_rel	NumStability.Algorithms.LU.TridiagonalRecurrence	NumStability.Algorithms.LU.TridiagonalRecurrence	canonical_in_place	theorem	private	-	-
_private.NumStability.Algorithms.LU.TridiagonalRecurrence.0.NumStability.tridiag_LU_sub_eq	NumStability.Algorithms.LU.TridiagonalRecurrence	NumStability.Algorithms.LU.TridiagonalRecurrence	canonical_in_place	theorem	private	-	-
_private.NumStability.Algorithms.LU.TridiagonalRecurrence.0.NumStability.tridiag_LU_super_eq	NumStability.Algorithms.LU.TridiagonalRecurrence	NumStability.Algorithms.LU.TridiagonalRecurrence	canonical_in_place	theorem	private	-	-
_private.NumStability.Algorithms.LU.TridiagonalRecurrence.0.NumStability.tridiag_absLU_diag_sum	NumStability.Algorithms.LU.TridiagonalRecurrence	NumStability.Algorithms.LU.TridiagonalRecurrence	canonical_in_place	theorem	private	-	-
_private.NumStability.Algorithms.LU.TridiagonalRecurrence.0.NumStability.tridiag_bidiag_LU_sparse	NumStability.Algorithms.LU.TridiagonalRecurrence	NumStability.Algorithms.LU.TridiagonalRecurrence	canonical_in_place	theorem	private	-	-
_private.NumStability.Algorithms.LU.TridiagonalRecurrence.0.NumStability.tridiag_bidiag_absLU_sub_eq	NumStability.Algorithms.LU.TridiagonalRecurrence	NumStability.Algorithms.LU.TridiagonalRecurrence	canonical_in_place	theorem	private	-	-
_private.NumStability.Algorithms.LU.TridiagonalRecurrence.0.NumStability.tridiag_bidiag_absLU_super_eq	NumStability.Algorithms.LU.TridiagonalRecurrence	NumStability.Algorithms.LU.TridiagonalRecurrence	canonical_in_place	theorem	private	-	-
_private.NumStability.Algorithms.LU.TridiagonalRecurrence.0.NumStability.tridiag_rowDom_U_super_le_diag	NumStability.Algorithms.LU.TridiagonalRecurrence	NumStability.Algorithms.LU.TridiagonalRecurrence	canonical_in_place	theorem	private	-	-
_private.NumStability.Algorithms.NeumaierCompensatedFiniteFormat.0.NumStability.neumaier_fl_partialSums_restrict_eq	NumStability.Algorithms.NeumaierCompensatedFiniteFormat	NumStability.Algorithms.NeumaierCompensatedFiniteFormat	retain_historical	theorem	private	_private.NumStability.Algorithms.NeumaierCompensatedFiniteFormat.0.NumStability.neumaier_fl_partialSums_restrict_eq	251
_private.NumStability.Algorithms.NeumaierCompensatedFiniteFormat.0.NumStability.neumaier_gamma_le_ten_ninth_mul_of_nu_le_tenth	NumStability.Algorithms.NeumaierCompensatedFiniteFormat	NumStability.Algorithms.NeumaierCompensatedFiniteFormat	retain_historical	theorem	private	_private.NumStability.Algorithms.NeumaierCompensatedFiniteFormat.0.NumStability.neumaier_gamma_le_ten_ninth_mul_of_nu_le_tenth	129
_private.NumStability.Algorithms.NeumaierCompensatedFiniteFormat.0.NumStability.neumaier_partialSums_prefix_abs_le_total	NumStability.Algorithms.NeumaierCompensatedFiniteFormat	NumStability.Algorithms.NeumaierCompensatedFiniteFormat	retain_historical	theorem	private	_private.NumStability.Algorithms.NeumaierCompensatedFiniteFormat.0.NumStability.neumaier_partialSums_prefix_abs_le_total	261
_private.NumStability.Algorithms.NeumaierCompensatedFiniteFormat.0.NumStability.neumaier_prefix_abs_le_total	NumStability.Algorithms.NeumaierCompensatedFiniteFormat	NumStability.Algorithms.NeumaierCompensatedFiniteFormat	retain_historical	theorem	private	_private.NumStability.Algorithms.NeumaierCompensatedFiniteFormat.0.NumStability.neumaier_prefix_abs_le_total	151
_private.NumStability.Algorithms.NeumaierCompensatedFiniteFormat.0.NumStability.neumaier_two_mul_sum_fin_val_cast_le_sq	NumStability.Algorithms.NeumaierCompensatedFiniteFormat	NumStability.Algorithms.NeumaierCompensatedFiniteFormat	retain_historical	theorem	private	_private.NumStability.Algorithms.NeumaierCompensatedFiniteFormat.0.NumStability.neumaier_two_mul_sum_fin_val_cast_le_sq	142
_private.NumStability.Algorithms.TreeDotProduct.0.NumStability.sum_finZeroPad_abs_mul_eq	NumStability.Algorithms.TreeDotProduct	NumStability.Algorithms.TreeDotProduct	canonical_in_place	theorem	private	-	-
_private.NumStability.Algorithms.TreeDotProduct.0.NumStability.sum_finZeroPad_eq	NumStability.Algorithms.TreeDotProduct	NumStability.Algorithms.TreeDotProduct	canonical_in_place	theorem	private	-	-
_private.NumStability.Algorithms.TreeDotProduct.0.NumStability.sum_finZeroPad_mul_eq	NumStability.Algorithms.TreeDotProduct	NumStability.Algorithms.TreeDotProduct	canonical_in_place	theorem	private	-	-
_private.NumStability.Analysis.BeneficialRounding.0.NumStability.beneficialPowerMatrixIeeeDoubleRounded_leftToRight_row_two_first_add_eq	NumStability.Analysis.BeneficialRounding	NumStability.Analysis.BeneficialRounding	canonical_in_place	theorem	private	-	-
_private.NumStability.Analysis.BeneficialRounding.0.NumStability.beneficialPowerMatrixIeeeDoubleRounded_rightToLeft_row_one_first_add_eq	NumStability.Analysis.BeneficialRounding	NumStability.Analysis.BeneficialRounding	canonical_in_place	theorem	private	-	-
_private.NumStability.Analysis.BeneficialRounding.0.NumStability.beneficialPowerMatrixIeeeDoubleRounded_rightToLeft_row_two_first_add_eq	NumStability.Analysis.BeneficialRounding	NumStability.Analysis.BeneficialRounding	canonical_in_place	theorem	private	-	-
_private.NumStability.Analysis.BeneficialRounding.0.NumStability.beneficialPowerMatrixIeeeDoubleRounded_rightToLeft_row_zero_first_add_eq	NumStability.Analysis.BeneficialRounding	NumStability.Analysis.BeneficialRounding	canonical_in_place	theorem	private	-	-
_private.NumStability.Analysis.BeneficialRounding.0.NumStability.ieeeDoubleFormat_5404319552844594_two_pow_neg54_finiteSystem	NumStability.Analysis.BeneficialRounding	NumStability.Analysis.BeneficialRounding	canonical_in_place	theorem	private	-	-
_private.NumStability.Analysis.BeneficialRounding.0.NumStability.ieeeDoubleFormat_7205759403792792_two_pow_neg56_finiteSystem	NumStability.Analysis.BeneficialRounding	NumStability.Analysis.BeneficialRounding	canonical_in_place	theorem	private	-	-
_private.NumStability.Analysis.BeneficialRounding.0.NumStability.ieeeDoubleFormat_minNormalMagnitude_le_one_fifth	NumStability.Analysis.BeneficialRounding	NumStability.Analysis.BeneficialRounding	canonical_in_place	theorem	private	-	-
_private.NumStability.Analysis.BeneficialRounding.0.NumStability.ieeeDoubleFormat_minNormalMagnitude_le_one_tenth	NumStability.Analysis.BeneficialRounding	NumStability.Analysis.BeneficialRounding	canonical_in_place	theorem	private	-	-
_private.NumStability.Analysis.BeneficialRounding.0.NumStability.ieeeDoubleFormat_neg_7205759403792793_two_pow_neg54_finiteSystem	NumStability.Analysis.BeneficialRounding	NumStability.Analysis.BeneficialRounding	canonical_in_place	theorem	private	-	-
_private.NumStability.Analysis.BeneficialRounding.0.NumStability.ieeeDoubleFormat_normalizedValue_finiteSystem	NumStability.Analysis.BeneficialRounding	NumStability.Analysis.BeneficialRounding	canonical_in_place	theorem	private	-	-
_private.NumStability.Analysis.BeneficialRounding.0.NumStability.ieeeDoubleFormat_one_le_maxFiniteMagnitude	NumStability.Analysis.BeneficialRounding	NumStability.Analysis.BeneficialRounding	canonical_in_place	theorem	private	-	-
_private.NumStability.Analysis.BrentBaseOptimality.0.NumStability.brent_three_mul_succ_cube_add_four_le_four_pow	NumStability.Analysis.BrentBaseOptimality	NumStability.Analysis.BrentBaseOptimality	canonical_in_place	theorem	private	-	-
_private.NumStability.Analysis.DoubleRounding.0.NumStability.FloatingPointFormat.ieeeDoubleFormat_minNormalMagnitude_le_half	NumStability.Analysis.DoubleRounding	NumStability.Analysis.DoubleRounding	retain_historical	theorem	private	_private.NumStability.Analysis.DoubleRounding.0.NumStability.FloatingPointFormat.ieeeDoubleFormat_minNormalMagnitude_le_half	324
_private.NumStability.Analysis.DoubleRounding.0.NumStability.FloatingPointFormat.one_le_ieeeDoubleFormat_maxFiniteMagnitude	NumStability.Analysis.DoubleRounding	NumStability.Analysis.DoubleRounding	retain_historical	theorem	private	_private.NumStability.Analysis.DoubleRounding.0.NumStability.FloatingPointFormat.one_le_ieeeDoubleFormat_maxFiniteMagnitude	334
_private.NumStability.Analysis.DoubleRounding.0.NumStability.FloatingPointFormat.problem2_9DoubleMidpoint_ieeeDoubleFormat_finiteNormalRange	NumStability.Analysis.DoubleRounding	NumStability.Analysis.DoubleRounding	retain_historical	theorem	private	_private.NumStability.Analysis.DoubleRounding.0.NumStability.FloatingPointFormat.problem2_9DoubleMidpoint_ieeeDoubleFormat_finiteNormalRange	373
_private.NumStability.Analysis.DoubleRounding.0.NumStability.FloatingPointFormat.problem2_9Source_binary64MantissaExtendedLocalFormat_finiteNormalRange	NumStability.Analysis.DoubleRounding	NumStability.Analysis.DoubleRounding	retain_historical	theorem	private	_private.NumStability.Analysis.DoubleRounding.0.NumStability.FloatingPointFormat.problem2_9Source_binary64MantissaExtendedLocalFormat_finiteNormalRange	388
_private.NumStability.Analysis.DoubleRounding.0.NumStability.FloatingPointFormat.problem2_9Source_ieeeDoubleFormat_finiteNormalRange	NumStability.Analysis.DoubleRounding	NumStability.Analysis.DoubleRounding	retain_historical	theorem	private	_private.NumStability.Analysis.DoubleRounding.0.NumStability.FloatingPointFormat.problem2_9Source_ieeeDoubleFormat_finiteNormalRange	357
_private.NumStability.Analysis.DoubleRounding.0.NumStability.FloatingPointFormat.problem2_9_double_predecessor_lt_source	NumStability.Analysis.DoubleRounding	NumStability.Analysis.DoubleRounding	retain_historical	theorem	private	_private.NumStability.Analysis.DoubleRounding.0.NumStability.FloatingPointFormat.problem2_9_double_predecessor_lt_source	287
_private.NumStability.Analysis.DoubleRounding.0.NumStability.FloatingPointFormat.problem2_9_extended_half_ulp_below_midpoint_lt_source	NumStability.Analysis.DoubleRounding	NumStability.Analysis.DoubleRounding	retain_historical	theorem	private	_private.NumStability.Analysis.DoubleRounding.0.NumStability.FloatingPointFormat.problem2_9_extended_half_ulp_below_midpoint_lt_source	314
_private.NumStability.Analysis.DoubleRounding.0.NumStability.FloatingPointFormat.problem2_9_source_lt_double_midpoint	NumStability.Analysis.DoubleRounding	NumStability.Analysis.DoubleRounding	retain_historical	theorem	private	_private.NumStability.Analysis.DoubleRounding.0.NumStability.FloatingPointFormat.problem2_9_source_lt_double_midpoint	304
_private.NumStability.Analysis.DoubleRounding.0.NumStability.FloatingPointFormat.problem2_9_source_lt_one	NumStability.Analysis.DoubleRounding	NumStability.Analysis.DoubleRounding	retain_historical	theorem	private	_private.NumStability.Analysis.DoubleRounding.0.NumStability.FloatingPointFormat.problem2_9_source_lt_one	295
_private.NumStability.Analysis.HighamChapter7.0.NumStability.ch7_kahan_abs_inverse_mul_abs_matrix	NumStability.Analysis.HighamChapter7	NumStability.Analysis.HighamChapter7	retain_historical	theorem	private	_private.NumStability.Analysis.HighamChapter7.0.NumStability.ch7_kahan_abs_inverse_mul_abs_matrix	7129
_private.NumStability.Analysis.HighamChapter7.0.NumStability.ch7_kahan_condSkeel	NumStability.Analysis.HighamChapter7	NumStability.Analysis.HighamChapter7	retain_historical	theorem	private	_private.NumStability.Analysis.HighamChapter7.0.NumStability.ch7_kahan_condSkeel	7195
_private.NumStability.Analysis.HighamChapter7.0.NumStability.ch7_kahan_cond_at_solution	NumStability.Analysis.HighamChapter7	NumStability.Analysis.HighamChapter7	retain_historical	theorem	private	_private.NumStability.Analysis.HighamChapter7.0.NumStability.ch7_kahan_cond_at_solution	7242
_private.NumStability.Analysis.HighamChapter7.0.NumStability.ch7_kahan_inverse	NumStability.Analysis.HighamChapter7	NumStability.Analysis.HighamChapter7	retain_historical	theorem	private	_private.NumStability.Analysis.HighamChapter7.0.NumStability.ch7_kahan_inverse	7122
_private.NumStability.Analysis.HighamChapter7.0.NumStability.ch7_kahan_inverse_infNorm	NumStability.Analysis.HighamChapter7	NumStability.Analysis.HighamChapter7	retain_historical	theorem	private	_private.NumStability.Analysis.HighamChapter7.0.NumStability.ch7_kahan_inverse_infNorm	7163
_private.NumStability.Analysis.HighamChapter7.0.NumStability.ch7_kahan_kappaInf	NumStability.Analysis.HighamChapter7	NumStability.Analysis.HighamChapter7	retain_historical	theorem	private	_private.NumStability.Analysis.HighamChapter7.0.NumStability.ch7_kahan_kappaInf	7185
_private.NumStability.Analysis.HighamChapter7.0.NumStability.ch7_kahan_matrix_infNorm	NumStability.Analysis.HighamChapter7	NumStability.Analysis.HighamChapter7	retain_historical	theorem	private	_private.NumStability.Analysis.HighamChapter7.0.NumStability.ch7_kahan_matrix_infNorm	7145
_private.NumStability.Analysis.HighamChapter7.0.NumStability.ch7_kahan_solution	NumStability.Analysis.HighamChapter7	NumStability.Analysis.HighamChapter7	retain_historical	theorem	private	_private.NumStability.Analysis.HighamChapter7.0.NumStability.ch7_kahan_solution	7115
_private.NumStability.Analysis.HighamChapter7.0.NumStability.ch7_kahan_solution_infNorm	NumStability.Analysis.HighamChapter7	NumStability.Analysis.HighamChapter7	retain_historical	theorem	private	_private.NumStability.Analysis.HighamChapter7.0.NumStability.ch7_kahan_solution_infNorm	7229
_private.NumStability.Analysis.HighamChapter7.0.NumStability.theorem7_5_literalRowInfCounterexample_cond_better	NumStability.Analysis.HighamChapter7	NumStability.Analysis.HighamChapter7	retain_historical	theorem	private	_private.NumStability.Analysis.HighamChapter7.0.NumStability.theorem7_5_literalRowInfCounterexample_cond_better	13774
_private.NumStability.Analysis.HighamChapter7.0.NumStability.theorem7_5_literalRowInfCounterexample_cond_identity	NumStability.Analysis.HighamChapter7	NumStability.Analysis.HighamChapter7	retain_historical	theorem	private	_private.NumStability.Analysis.HighamChapter7.0.NumStability.theorem7_5_literalRowInfCounterexample_cond_identity	13764
_private.NumStability.Analysis.HighamChapter7.0.NumStability.theorem7_5_literalRowInfCounterexample_infNorm_A_better	NumStability.Analysis.HighamChapter7	NumStability.Analysis.HighamChapter7	retain_historical	theorem	private	_private.NumStability.Analysis.HighamChapter7.0.NumStability.theorem7_5_literalRowInfCounterexample_infNorm_A_better	13701
_private.NumStability.Analysis.HighamChapter7.0.NumStability.theorem7_5_literalRowInfCounterexample_infNorm_A_identity	NumStability.Analysis.HighamChapter7	NumStability.Analysis.HighamChapter7	retain_historical	theorem	private	_private.NumStability.Analysis.HighamChapter7.0.NumStability.theorem7_5_literalRowInfCounterexample_infNorm_A_identity	13639
_private.NumStability.Analysis.HighamChapter7.0.NumStability.theorem7_5_literalRowInfCounterexample_infNorm_Aplus_better	NumStability.Analysis.HighamChapter7	NumStability.Analysis.HighamChapter7	retain_historical	theorem	private	_private.NumStability.Analysis.HighamChapter7.0.NumStability.theorem7_5_literalRowInfCounterexample_infNorm_Aplus_better	13733
_private.NumStability.Analysis.HighamChapter7.0.NumStability.theorem7_5_literalRowInfCounterexample_infNorm_Aplus_identity	NumStability.Analysis.HighamChapter7	NumStability.Analysis.HighamChapter7	retain_historical	theorem	private	_private.NumStability.Analysis.HighamChapter7.0.NumStability.theorem7_5_literalRowInfCounterexample_infNorm_Aplus_identity	13670
_private.NumStability.Analysis.HighamChapter7Rectangular.0.NumStability.higham7_rect_div_abs_le_of_bound	NumStability.Analysis.HighamChapter7Rectangular	NumStability.Analysis.HighamChapter7Rectangular	retain_historical	theorem	private	_private.NumStability.Analysis.HighamChapter7Rectangular.0.NumStability.higham7_rect_div_abs_le_of_bound	20
_private.NumStability.Analysis.Quadratic.0.NumStability.finiteNormalRange_not_finiteOverflowRange	NumStability.Analysis.Quadratic	NumStability.Analysis.Quadratic	canonical_in_place	theorem	private	-	-
_private.NumStability.Analysis.Quadratic.0.NumStability.finiteNormalRange_not_finiteUnderflowRange	NumStability.Analysis.Quadratic	NumStability.Analysis.Quadratic	canonical_in_place	theorem	private	-	-
_private.NumStability.Analysis.Quadratic.0.NumStability.ieeeDoubleFormat_finiteNormalRange_of_one_le_abs_le_two_pow_137	NumStability.Analysis.Quadratic	NumStability.Analysis.Quadratic	canonical_in_place	theorem	private	-	-
_private.NumStability.Analysis.Quadratic.0.NumStability.ieeeDoubleFormat_minNormalMagnitude_le_one	NumStability.Analysis.Quadratic	NumStability.Analysis.Quadratic	canonical_in_place	theorem	private	-	-
_private.NumStability.Analysis.Quadratic.0.NumStability.ieeeDoubleFormat_unitRoundoff_lt_one_eighth	NumStability.Analysis.Quadratic	NumStability.Analysis.Quadratic	canonical_in_place	theorem	private	-	-
_private.NumStability.Analysis.Quadratic.0.NumStability.ieeeDoubleFormat_unitRoundoff_lt_one_over_1024	NumStability.Analysis.Quadratic	NumStability.Analysis.Quadratic	canonical_in_place	theorem	private	-	-
_private.NumStability.Analysis.Quadratic.0.NumStability.one_add_delta_abs_bounds_of_abs_lt_one_eighth	NumStability.Analysis.Quadratic	NumStability.Analysis.Quadratic	canonical_in_place	theorem	private	-	-
_private.NumStability.Analysis.Quadratic.0.NumStability.one_add_delta_bounds_of_abs_lt_one_over_1024	NumStability.Analysis.Quadratic	NumStability.Analysis.Quadratic	canonical_in_place	theorem	private	-	-
_private.NumStability.Analysis.Quadratic.0.NumStability.two_pow_137_le_ieeeDoubleFormat_maxFiniteMagnitude	NumStability.Analysis.Quadratic	NumStability.Analysis.Quadratic	canonical_in_place	theorem	private	-	-
_private.NumStability.Analysis.SampleVariance.0.NumStability.abs_error_add_perturbed_term_rounding	NumStability.Analysis.SampleVariance	NumStability.Analysis.SampleVariance	retain_historical	theorem	private	_private.NumStability.Analysis.SampleVariance.0.NumStability.abs_error_add_perturbed_term_rounding	1167
_private.NumStability.Analysis.SampleVariance.0.NumStability.gamma_le_two_mul_nu_of_mul_u_le_half	NumStability.Analysis.SampleVariance	NumStability.Analysis.SampleVariance	retain_historical	theorem	private	_private.NumStability.Analysis.SampleVariance.0.NumStability.gamma_le_two_mul_nu_of_mul_u_le_half	793
_private.NumStability.Analysis.SampleVariance.0.NumStability.ieeeSingleFiniteSystem_of_normalizedExponentRepresentation	NumStability.Analysis.SampleVariance	NumStability.Analysis.SampleVariance	retain_historical	theorem	private	_private.NumStability.Analysis.SampleVariance.0.NumStability.ieeeSingleFiniteSystem_of_normalizedExponentRepresentation	2044
_private.NumStability.Analysis.SampleVariance.0.NumStability.ieeeSingle_finiteSystem_10000	NumStability.Analysis.SampleVariance	NumStability.Analysis.SampleVariance	retain_historical	theorem	private	_private.NumStability.Analysis.SampleVariance.0.NumStability.ieeeSingle_finiteSystem_10000	2055
_private.NumStability.Analysis.SampleVariance.0.NumStability.ieeeSingle_finiteSystem_100000000	NumStability.Analysis.SampleVariance	NumStability.Analysis.SampleVariance	retain_historical	theorem	private	_private.NumStability.Analysis.SampleVariance.0.NumStability.ieeeSingle_finiteSystem_100000000	2125
_private.NumStability.Analysis.SampleVariance.0.NumStability.ieeeSingle_finiteSystem_10001	NumStability.Analysis.SampleVariance	NumStability.Analysis.SampleVariance	retain_historical	theorem	private	_private.NumStability.Analysis.SampleVariance.0.NumStability.ieeeSingle_finiteSystem_10001	2069
_private.NumStability.Analysis.SampleVariance.0.NumStability.ieeeSingle_finiteSystem_10002	NumStability.Analysis.SampleVariance	NumStability.Analysis.SampleVariance	retain_historical	theorem	private	_private.NumStability.Analysis.SampleVariance.0.NumStability.ieeeSingle_finiteSystem_10002	2083
_private.NumStability.Analysis.SampleVariance.0.NumStability.ieeeSingle_finiteSystem_20001	NumStability.Analysis.SampleVariance	NumStability.Analysis.SampleVariance	retain_historical	theorem	private	_private.NumStability.Analysis.SampleVariance.0.NumStability.ieeeSingle_finiteSystem_20001	2097
_private.NumStability.Analysis.SampleVariance.0.NumStability.ieeeSingle_finiteSystem_200020000	NumStability.Analysis.SampleVariance	NumStability.Analysis.SampleVariance	retain_historical	theorem	private	_private.NumStability.Analysis.SampleVariance.0.NumStability.ieeeSingle_finiteSystem_200020000	2139
_private.NumStability.Analysis.SampleVariance.0.NumStability.ieeeSingle_finiteSystem_30003	NumStability.Analysis.SampleVariance	NumStability.Analysis.SampleVariance	retain_historical	theorem	private	_private.NumStability.Analysis.SampleVariance.0.NumStability.ieeeSingle_finiteSystem_30003	2111
_private.NumStability.Analysis.SampleVariance.0.NumStability.ieeeSingle_finiteSystem_300059968	NumStability.Analysis.SampleVariance	NumStability.Analysis.SampleVariance	retain_historical	theorem	private	_private.NumStability.Analysis.SampleVariance.0.NumStability.ieeeSingle_finiteSystem_300059968	2167
_private.NumStability.Analysis.SampleVariance.0.NumStability.ieeeSingle_finiteSystem_300060000	NumStability.Analysis.SampleVariance	NumStability.Analysis.SampleVariance	retain_historical	theorem	private	_private.NumStability.Analysis.SampleVariance.0.NumStability.ieeeSingle_finiteSystem_300060000	2153
_private.NumStability.Analysis.SampleVariance.0.NumStability.ieeeSingle_finiteSystem_neg16	NumStability.Analysis.SampleVariance	NumStability.Analysis.SampleVariance	retain_historical	theorem	private	_private.NumStability.Analysis.SampleVariance.0.NumStability.ieeeSingle_finiteSystem_neg16	2195
_private.NumStability.Analysis.SampleVariance.0.NumStability.ieeeSingle_finiteSystem_neg32	NumStability.Analysis.SampleVariance	NumStability.Analysis.SampleVariance	retain_historical	theorem	private	_private.NumStability.Analysis.SampleVariance.0.NumStability.ieeeSingle_finiteSystem_neg32	2181
_private.NumStability.Analysis.SampleVariance.0.NumStability.ieeeSingle_finiteSystem_zero	NumStability.Analysis.SampleVariance	NumStability.Analysis.SampleVariance	retain_historical	theorem	private	_private.NumStability.Analysis.SampleVariance.0.NumStability.ieeeSingle_finiteSystem_zero	2051
_private.NumStability.Analysis.SampleVariance.0.NumStability.sampleVarianceIeeeSingleFormat	NumStability.Analysis.SampleVariance	NumStability.Analysis.SampleVariance	retain_historical	definition	private	_private.NumStability.Analysis.SampleVariance.0.NumStability.sampleVarianceIeeeSingleFormat	2041
_private.NumStability.Analysis.SampleVariance.0.NumStability.sampleVarianceOnePassIeeeSingle_meanSquareTerm_exact_finiteNormalRange	NumStability.Analysis.SampleVariance	NumStability.Analysis.SampleVariance	retain_historical	theorem	private	_private.NumStability.Analysis.SampleVariance.0.NumStability.sampleVarianceOnePassIeeeSingle_meanSquareTerm_exact_finiteNormalRange	2775
_private.NumStability.Analysis.SampleVariance.0.NumStability.sampleVarianceOnePassIeeeSingle_meanSquareTerm_exact_round_eq	NumStability.Analysis.SampleVariance	NumStability.Analysis.SampleVariance	retain_historical	theorem	private	_private.NumStability.Analysis.SampleVariance.0.NumStability.sampleVarianceOnePassIeeeSingle_meanSquareTerm_exact_round_eq	2808
_private.NumStability.Analysis.SampleVariance.0.NumStability.sampleVarianceOnePassIeeeSingle_numerator_eq_zero_of_roundingCertificate	NumStability.Analysis.SampleVariance	NumStability.Analysis.SampleVariance	retain_historical	theorem	private	_private.NumStability.Analysis.SampleVariance.0.NumStability.sampleVarianceOnePassIeeeSingle_numerator_eq_zero_of_roundingCertificate	3030
_private.NumStability.Analysis.SampleVariance.0.NumStability.sampleVarianceOnePassIeeeSingle_sq1_finiteNormalRange	NumStability.Analysis.SampleVariance	NumStability.Analysis.SampleVariance	retain_historical	theorem	private	_private.NumStability.Analysis.SampleVariance.0.NumStability.sampleVarianceOnePassIeeeSingle_sq1_finiteNormalRange	2352
_private.NumStability.Analysis.SampleVariance.0.NumStability.sampleVarianceOnePassIeeeSingle_sq2_finiteNormalRange	NumStability.Analysis.SampleVariance	NumStability.Analysis.SampleVariance	retain_historical	theorem	private	_private.NumStability.Analysis.SampleVariance.0.NumStability.sampleVarianceOnePassIeeeSingle_sq2_finiteNormalRange	2497
_private.NumStability.Analysis.SampleVariance.0.NumStability.sampleVarianceOnePassIeeeSingle_sumSq01_eq_of_sq1	NumStability.Analysis.SampleVariance	NumStability.Analysis.SampleVariance	retain_historical	theorem	private	_private.NumStability.Analysis.SampleVariance.0.NumStability.sampleVarianceOnePassIeeeSingle_sumSq01_eq_of_sq1	2981
_private.NumStability.Analysis.SampleVariance.0.NumStability.sampleVarianceOnePassIeeeSingle_sumSquare_exact_finiteNormalRange	NumStability.Analysis.SampleVariance	NumStability.Analysis.SampleVariance	retain_historical	theorem	private	_private.NumStability.Analysis.SampleVariance.0.NumStability.sampleVarianceOnePassIeeeSingle_sumSquare_exact_finiteNormalRange	2646
_private.NumStability.Analysis.SampleVariance.0.NumStability.sampleVarianceOnePassIeeeSingle_sumSquare_exact_round_eq	NumStability.Analysis.SampleVariance	NumStability.Analysis.SampleVariance	retain_historical	theorem	private	_private.NumStability.Analysis.SampleVariance.0.NumStability.sampleVarianceOnePassIeeeSingle_sumSquare_exact_round_eq	2676
_private.NumStability.Analysis.SemiconvergentBlockFormExists.0.NumStability.commute_self_sub_one	NumStability.Analysis.SemiconvergentBlockFormExists	NumStability.Analysis.SemiconvergentBlockFormExists	canonical_in_place	theorem	private	-	-
_private.NumStability.Analysis.SemiconvergentBlockFormExists.0.NumStability.pow_apply_sub_one_pow	NumStability.Analysis.SemiconvergentBlockFormExists	NumStability.Analysis.SemiconvergentBlockFormExists	canonical_in_place	theorem	private	-	-
_private.NumStability.Analysis.SemiconvergentExistenceGaps.0.NumStability.geom_conj_entry	NumStability.Analysis.SemiconvergentExistenceGaps	NumStability.Analysis.SemiconvergentExistenceGaps	canonical_in_place	theorem	private	-	-
