declaration	kind	visibility	historical_owner	destination_code	destination_module	tier	disposition
NumStability.BlockMethod1BSpec	inductive	public	NumStability.Algorithms.MatrixInversion	D06	NumStability.Algorithms.MatrixInversion.Triangular.Specifications.MatrixInversion	reusable	relocated
NumStability.BlockMethod1BSpec.block_count_le_dim	theorem	public	NumStability.Algorithms.MatrixInversion	D06	NumStability.Algorithms.MatrixInversion.Triangular.Specifications.MatrixInversion	reusable	relocated
NumStability.BlockMethod1BSpec.casesOn	definition	public	NumStability.Algorithms.MatrixInversion	D06	NumStability.Algorithms.MatrixInversion.Triangular.Specifications.MatrixInversion	reusable	relocated
NumStability.BlockMethod1BSpec.column_backward_error	theorem	public	NumStability.Algorithms.MatrixInversion	D06	NumStability.Algorithms.MatrixInversion.Triangular.Specifications.MatrixInversion	reusable	relocated
NumStability.BlockMethod1BSpec.lower_triangular_inverse	theorem	public	NumStability.Algorithms.MatrixInversion	D06	NumStability.Algorithms.MatrixInversion.Triangular.Specifications.MatrixInversion	reusable	relocated
NumStability.BlockMethod1BSpec.mk	constructor	public	NumStability.Algorithms.MatrixInversion	D06	NumStability.Algorithms.MatrixInversion.Triangular.Specifications.MatrixInversion	reusable	relocated
NumStability.BlockMethod1BSpec.rec	recursor	public	NumStability.Algorithms.MatrixInversion	D06	NumStability.Algorithms.MatrixInversion.Triangular.Specifications.MatrixInversion	reusable	relocated
NumStability.BlockMethod1BSpec.recOn	definition	public	NumStability.Algorithms.MatrixInversion	D06	NumStability.Algorithms.MatrixInversion.Triangular.Specifications.MatrixInversion	reusable	relocated
NumStability.Ch14Ext.Ch14Cor146ClosureMatrixFamilyIsBigOOne	definition	public	NumStability.Algorithms.Ch14Corollary146Closure	D14	NumStability.Source.Higham.Chapter14.Corollary06.SPD.Closure	source	relocated
NumStability.Ch14Ext.Ch14Cor146ClosureVectorFamilyIsBigOOne	definition	public	NumStability.Algorithms.Ch14Corollary146Closure	D14	NumStability.Source.Higham.Chapter14.Corollary06.SPD.Closure	source	relocated
NumStability.Ch14Ext.Ch14Cor146FinalizedRunFamily	inductive	public	NumStability.Algorithms.Ch14GJEFinalDivisionClosure	D11	NumStability.Source.Higham.Chapter14.Algorithm04.Execution.GJEFinalDivisionClosure	source	relocated
NumStability.Ch14Ext.Ch14Cor146FinalizedRunFamily.R_inv	definition	public	NumStability.Algorithms.Ch14GJEFinalDivisionClosure	D11	NumStability.Source.Higham.Chapter14.Algorithm04.Execution.GJEFinalDivisionClosure	source	relocated
NumStability.Ch14Ext.Ch14Cor146FinalizedRunFamily.casesOn	definition	public	NumStability.Algorithms.Ch14GJEFinalDivisionClosure	D11	NumStability.Source.Higham.Chapter14.Algorithm04.Execution.GJEFinalDivisionClosure	source	relocated
NumStability.Ch14Ext.Ch14Cor146FinalizedRunFamily.computed_pivots_pos	theorem	public	NumStability.Algorithms.Ch14GJEFinalDivisionClosure	D11	NumStability.Source.Higham.Chapter14.Algorithm04.Execution.GJEFinalDivisionClosure	source	relocated
NumStability.Ch14Ext.Ch14Cor146FinalizedRunFamily.ctorIdx	definition	public	NumStability.Algorithms.Ch14GJEFinalDivisionClosure	D11	NumStability.Source.Higham.Chapter14.Algorithm04.Execution.GJEFinalDivisionClosure	source	relocated
NumStability.Ch14Ext.Ch14Cor146FinalizedRunFamily.exact_solution	theorem	public	NumStability.Algorithms.Ch14GJEFinalDivisionClosure	D11	NumStability.Source.Higham.Chapter14.Algorithm04.Execution.GJEFinalDivisionClosure	source	relocated
NumStability.Ch14Ext.Ch14Cor146FinalizedRunFamily.exact_solution_nonzero	theorem	public	NumStability.Algorithms.Ch14GJEFinalDivisionClosure	D11	NumStability.Source.Higham.Chapter14.Algorithm04.Execution.GJEFinalDivisionClosure	source	relocated
NumStability.Ch14Ext.Ch14Cor146FinalizedRunFamily.gamma_small	theorem	public	NumStability.Algorithms.Ch14GJEFinalDivisionClosure	D11	NumStability.Source.Higham.Chapter14.Algorithm04.Execution.GJEFinalDivisionClosure	source	relocated
NumStability.Ch14Ext.Ch14Cor146FinalizedRunFamily.gje	definition	public	NumStability.Algorithms.Ch14GJEFinalDivisionClosure	D11	NumStability.Source.Higham.Chapter14.Algorithm04.Execution.GJEFinalDivisionClosure	source	relocated
NumStability.Ch14Ext.Ch14Cor146FinalizedRunFamily.mk	constructor	public	NumStability.Algorithms.Ch14GJEFinalDivisionClosure	D11	NumStability.Source.Higham.Chapter14.Algorithm04.Execution.GJEFinalDivisionClosure	source	relocated
NumStability.Ch14Ext.Ch14Cor146FinalizedRunFamily.mk.inj	theorem	public	NumStability.Algorithms.Ch14GJEFinalDivisionClosure	D11	NumStability.Source.Higham.Chapter14.Algorithm04.Execution.GJEFinalDivisionClosure	source	relocated
NumStability.Ch14Ext.Ch14Cor146FinalizedRunFamily.mk.injEq	theorem	public	NumStability.Algorithms.Ch14GJEFinalDivisionClosure	D11	NumStability.Source.Higham.Chapter14.Algorithm04.Execution.GJEFinalDivisionClosure	source	relocated
NumStability.Ch14Ext.Ch14Cor146FinalizedRunFamily.mk.noConfusion	definition	public	NumStability.Algorithms.Ch14GJEFinalDivisionClosure	D11	NumStability.Source.Higham.Chapter14.Algorithm04.Execution.GJEFinalDivisionClosure	source	relocated
NumStability.Ch14Ext.Ch14Cor146FinalizedRunFamily.mk.sizeOf_spec	theorem	public	NumStability.Algorithms.Ch14GJEFinalDivisionClosure	D11	NumStability.Source.Higham.Chapter14.Algorithm04.Execution.GJEFinalDivisionClosure	source	relocated
NumStability.Ch14Ext.Ch14Cor146FinalizedRunFamily.noConfusion	definition	public	NumStability.Algorithms.Ch14GJEFinalDivisionClosure	D11	NumStability.Source.Higham.Chapter14.Algorithm04.Execution.GJEFinalDivisionClosure	source	relocated
NumStability.Ch14Ext.Ch14Cor146FinalizedRunFamily.noConfusionType	definition	public	NumStability.Algorithms.Ch14GJEFinalDivisionClosure	D11	NumStability.Source.Higham.Chapter14.Algorithm04.Execution.GJEFinalDivisionClosure	source	relocated
NumStability.Ch14Ext.Ch14Cor146FinalizedRunFamily.rec	recursor	public	NumStability.Algorithms.Ch14GJEFinalDivisionClosure	D11	NumStability.Source.Higham.Chapter14.Algorithm04.Execution.GJEFinalDivisionClosure	source	relocated
NumStability.Ch14Ext.Ch14Cor146FinalizedRunFamily.recOn	definition	public	NumStability.Algorithms.Ch14GJEFinalDivisionClosure	D11	NumStability.Source.Higham.Chapter14.Algorithm04.Execution.GJEFinalDivisionClosure	source	relocated
NumStability.Ch14Ext.Ch14Cor146FinalizedRunFamily.scaled_upper_inverse	theorem	public	NumStability.Algorithms.Ch14GJEFinalDivisionClosure	D11	NumStability.Source.Higham.Chapter14.Algorithm04.Execution.GJEFinalDivisionClosure	source	relocated
NumStability.Ch14Ext.Ch14Cor146FinalizedRunFamily.spd	theorem	public	NumStability.Algorithms.Ch14GJEFinalDivisionClosure	D11	NumStability.Source.Higham.Chapter14.Algorithm04.Execution.GJEFinalDivisionClosure	source	relocated
NumStability.Ch14Ext.Ch14Cor146FinalizedRunFamily.symmetric_factor_relation	theorem	public	NumStability.Algorithms.Ch14GJEFinalDivisionClosure	D11	NumStability.Source.Higham.Chapter14.Algorithm04.Execution.GJEFinalDivisionClosure	source	relocated
NumStability.Ch14Ext.Ch14Cor146FinalizedRunFamily.uniform_inverse	theorem	public	NumStability.Algorithms.Ch14GJEFinalDivisionClosure	D11	NumStability.Source.Higham.Chapter14.Algorithm04.Execution.GJEFinalDivisionClosure	source	relocated
NumStability.Ch14Ext.Ch14Cor146SourceRunFamily	inductive	public	NumStability.Algorithms.Ch14Corollary146SourceClosure	D14	NumStability.Source.Higham.Chapter14.Corollary06.SPD.SourceClosure	source	relocated
NumStability.Ch14Ext.Ch14Cor146SourceRunFamily.R_inv	definition	public	NumStability.Algorithms.Ch14Corollary146SourceClosure	D14	NumStability.Source.Higham.Chapter14.Corollary06.SPD.SourceClosure	source	relocated
NumStability.Ch14Ext.Ch14Cor146SourceRunFamily.U_inv	definition	public	NumStability.Algorithms.Ch14Corollary146SourceClosure	D14	NumStability.Source.Higham.Chapter14.Corollary06.SPD.SourceClosure	source	relocated
NumStability.Ch14Ext.Ch14Cor146SourceRunFamily.U_inv_isBigO_one	theorem	public	NumStability.Algorithms.Ch14Corollary146SourceClosure	D14	NumStability.Source.Higham.Chapter14.Corollary06.SPD.SourceClosure	source	relocated
NumStability.Ch14Ext.Ch14Cor146SourceRunFamily.casesOn	definition	public	NumStability.Algorithms.Ch14Corollary146SourceClosure	D14	NumStability.Source.Higham.Chapter14.Corollary06.SPD.SourceClosure	source	relocated
NumStability.Ch14Ext.Ch14Cor146SourceRunFamily.computed_pivots_pos	theorem	public	NumStability.Algorithms.Ch14Corollary146SourceClosure	D14	NumStability.Source.Higham.Chapter14.Corollary06.SPD.SourceClosure	source	relocated
NumStability.Ch14Ext.Ch14Cor146SourceRunFamily.ctorIdx	definition	public	NumStability.Algorithms.Ch14Corollary146SourceClosure	D14	NumStability.Source.Higham.Chapter14.Corollary06.SPD.SourceClosure	source	relocated
NumStability.Ch14Ext.Ch14Cor146SourceRunFamily.exact_solution	theorem	public	NumStability.Algorithms.Ch14Corollary146SourceClosure	D14	NumStability.Source.Higham.Chapter14.Corollary06.SPD.SourceClosure	source	relocated
NumStability.Ch14Ext.Ch14Cor146SourceRunFamily.exact_solution_nonzero	theorem	public	NumStability.Algorithms.Ch14Corollary146SourceClosure	D14	NumStability.Source.Higham.Chapter14.Corollary06.SPD.SourceClosure	source	relocated
NumStability.Ch14Ext.Ch14Cor146SourceRunFamily.exact_upper_solve	theorem	public	NumStability.Algorithms.Ch14Corollary146SourceClosure	D14	NumStability.Source.Higham.Chapter14.Corollary06.SPD.SourceClosure	source	relocated
NumStability.Ch14Ext.Ch14Cor146SourceRunFamily.gamma_small	theorem	public	NumStability.Algorithms.Ch14Corollary146SourceClosure	D14	NumStability.Source.Higham.Chapter14.Corollary06.SPD.SourceClosure	source	relocated
NumStability.Ch14Ext.Ch14Cor146SourceRunFamily.gje	definition	public	NumStability.Algorithms.Ch14Corollary146SourceClosure	D14	NumStability.Source.Higham.Chapter14.Corollary06.SPD.SourceClosure	source	relocated
NumStability.Ch14Ext.Ch14Cor146SourceRunFamily.mk	constructor	public	NumStability.Algorithms.Ch14Corollary146SourceClosure	D14	NumStability.Source.Higham.Chapter14.Corollary06.SPD.SourceClosure	source	relocated
NumStability.Ch14Ext.Ch14Cor146SourceRunFamily.mk.inj	theorem	public	NumStability.Algorithms.Ch14Corollary146SourceClosure	D14	NumStability.Source.Higham.Chapter14.Corollary06.SPD.SourceClosure	source	relocated
NumStability.Ch14Ext.Ch14Cor146SourceRunFamily.mk.injEq	theorem	public	NumStability.Algorithms.Ch14Corollary146SourceClosure	D14	NumStability.Source.Higham.Chapter14.Corollary06.SPD.SourceClosure	source	relocated
NumStability.Ch14Ext.Ch14Cor146SourceRunFamily.mk.noConfusion	definition	public	NumStability.Algorithms.Ch14Corollary146SourceClosure	D14	NumStability.Source.Higham.Chapter14.Corollary06.SPD.SourceClosure	source	relocated
NumStability.Ch14Ext.Ch14Cor146SourceRunFamily.mk.sizeOf_spec	theorem	public	NumStability.Algorithms.Ch14Corollary146SourceClosure	D14	NumStability.Source.Higham.Chapter14.Corollary06.SPD.SourceClosure	source	relocated
NumStability.Ch14Ext.Ch14Cor146SourceRunFamily.noConfusion	definition	public	NumStability.Algorithms.Ch14Corollary146SourceClosure	D14	NumStability.Source.Higham.Chapter14.Corollary06.SPD.SourceClosure	source	relocated
NumStability.Ch14Ext.Ch14Cor146SourceRunFamily.noConfusionType	definition	public	NumStability.Algorithms.Ch14Corollary146SourceClosure	D14	NumStability.Source.Higham.Chapter14.Corollary06.SPD.SourceClosure	source	relocated
NumStability.Ch14Ext.Ch14Cor146SourceRunFamily.rec	recursor	public	NumStability.Algorithms.Ch14Corollary146SourceClosure	D14	NumStability.Source.Higham.Chapter14.Corollary06.SPD.SourceClosure	source	relocated
NumStability.Ch14Ext.Ch14Cor146SourceRunFamily.recOn	definition	public	NumStability.Algorithms.Ch14Corollary146SourceClosure	D14	NumStability.Source.Higham.Chapter14.Corollary06.SPD.SourceClosure	source	relocated
NumStability.Ch14Ext.Ch14Cor146SourceRunFamily.scaled_upper_inverse	theorem	public	NumStability.Algorithms.Ch14Corollary146SourceClosure	D14	NumStability.Source.Higham.Chapter14.Corollary06.SPD.SourceClosure	source	relocated
NumStability.Ch14Ext.Ch14Cor146SourceRunFamily.spd	theorem	public	NumStability.Algorithms.Ch14Corollary146SourceClosure	D14	NumStability.Source.Higham.Chapter14.Corollary06.SPD.SourceClosure	source	relocated
NumStability.Ch14Ext.Ch14Cor146SourceRunFamily.symmetric_factor_relation	theorem	public	NumStability.Algorithms.Ch14Corollary146SourceClosure	D14	NumStability.Source.Higham.Chapter14.Corollary06.SPD.SourceClosure	source	relocated
NumStability.Ch14Ext.Ch14Cor146SourceRunFamily.uniform_inverse	theorem	public	NumStability.Algorithms.Ch14Corollary146SourceClosure	D14	NumStability.Source.Higham.Chapter14.Corollary06.SPD.SourceClosure	source	relocated
NumStability.Ch14Ext.Ch14Cor146SourceRunFamily.upper_inverse	theorem	public	NumStability.Algorithms.Ch14Corollary146SourceClosure	D14	NumStability.Source.Higham.Chapter14.Corollary06.SPD.SourceClosure	source	relocated
NumStability.Ch14Ext.Ch14Cor146SourceRunFamily.z	definition	public	NumStability.Algorithms.Ch14Corollary146SourceClosure	D14	NumStability.Source.Higham.Chapter14.Corollary06.SPD.SourceClosure	source	relocated
NumStability.Ch14Ext.Ch14Cor146SourceRunFamily.z_isBigO_one	theorem	public	NumStability.Algorithms.Ch14Corollary146SourceClosure	D14	NumStability.Source.Higham.Chapter14.Corollary06.SPD.SourceClosure	source	relocated
NumStability.Ch14Ext.Ch14Cor146SuccessfulRunFamily	inductive	public	NumStability.Algorithms.Ch14Corollary146Closure	D14	NumStability.Source.Higham.Chapter14.Corollary06.SPD.Closure	source	relocated
NumStability.Ch14Ext.Ch14Cor146SuccessfulRunFamily.L_hat	definition	public	NumStability.Algorithms.Ch14Corollary146Closure	D14	NumStability.Source.Higham.Chapter14.Corollary06.SPD.Closure	source	relocated
NumStability.Ch14Ext.Ch14Cor146SuccessfulRunFamily.L_hat_isBigO_one	theorem	public	NumStability.Algorithms.Ch14Corollary146Closure	D14	NumStability.Source.Higham.Chapter14.Corollary06.SPD.Closure	source	relocated
NumStability.Ch14Ext.Ch14Cor146SuccessfulRunFamily.P_isBigO_one	theorem	public	NumStability.Algorithms.Ch14Corollary146Closure	D14	NumStability.Source.Higham.Chapter14.Corollary06.SPD.Closure	source	relocated
NumStability.Ch14Ext.Ch14Cor146SuccessfulRunFamily.R_inv	definition	public	NumStability.Algorithms.Ch14Corollary146Closure	D14	NumStability.Source.Higham.Chapter14.Corollary06.SPD.Closure	source	relocated
NumStability.Ch14Ext.Ch14Cor146SuccessfulRunFamily.U_hat_isBigO_one	theorem	public	NumStability.Algorithms.Ch14Corollary146Closure	D14	NumStability.Source.Higham.Chapter14.Corollary06.SPD.Closure	source	relocated
NumStability.Ch14Ext.Ch14Cor146SuccessfulRunFamily.U_inv	definition	public	NumStability.Algorithms.Ch14Corollary146Closure	D14	NumStability.Source.Higham.Chapter14.Corollary06.SPD.Closure	source	relocated
NumStability.Ch14Ext.Ch14Cor146SuccessfulRunFamily.U_inv_isBigO_one	theorem	public	NumStability.Algorithms.Ch14Corollary146Closure	D14	NumStability.Source.Higham.Chapter14.Corollary06.SPD.Closure	source	relocated
NumStability.Ch14Ext.Ch14Cor146SuccessfulRunFamily.V	definition	public	NumStability.Algorithms.Ch14Corollary146Closure	D14	NumStability.Source.Higham.Chapter14.Corollary06.SPD.Closure	source	relocated
NumStability.Ch14Ext.Ch14Cor146SuccessfulRunFamily.X_isBigO_one	theorem	public	NumStability.Algorithms.Ch14Corollary146Closure	D14	NumStability.Source.Higham.Chapter14.Corollary06.SPD.Closure	source	relocated
NumStability.Ch14Ext.Ch14Cor146SuccessfulRunFamily.casesOn	definition	public	NumStability.Algorithms.Ch14Corollary146Closure	D14	NumStability.Source.Higham.Chapter14.Corollary06.SPD.Closure	source	relocated
NumStability.Ch14Ext.Ch14Cor146SuccessfulRunFamily.computed_pivots_pos	theorem	public	NumStability.Algorithms.Ch14Corollary146Closure	D14	NumStability.Source.Higham.Chapter14.Corollary06.SPD.Closure	source	relocated
NumStability.Ch14Ext.Ch14Cor146SuccessfulRunFamily.ctorIdx	definition	public	NumStability.Algorithms.Ch14Corollary146Closure	D14	NumStability.Source.Higham.Chapter14.Corollary06.SPD.Closure	source	relocated
NumStability.Ch14Ext.Ch14Cor146SuccessfulRunFamily.dimension_pos	theorem	public	NumStability.Algorithms.Ch14Corollary146Closure	D14	NumStability.Source.Higham.Chapter14.Corollary06.SPD.Closure	source	relocated
NumStability.Ch14Ext.Ch14Cor146SuccessfulRunFamily.exact_solution	theorem	public	NumStability.Algorithms.Ch14Corollary146Closure	D14	NumStability.Source.Higham.Chapter14.Corollary06.SPD.Closure	source	relocated
NumStability.Ch14Ext.Ch14Cor146SuccessfulRunFamily.exact_solution_nonzero	theorem	public	NumStability.Algorithms.Ch14Corollary146Closure	D14	NumStability.Source.Higham.Chapter14.Corollary06.SPD.Closure	source	relocated
NumStability.Ch14Ext.Ch14Cor146SuccessfulRunFamily.exact_upper_solve	theorem	public	NumStability.Algorithms.Ch14Corollary146Closure	D14	NumStability.Source.Higham.Chapter14.Corollary06.SPD.Closure	source	relocated
NumStability.Ch14Ext.Ch14Cor146SuccessfulRunFamily.final_matrix	theorem	public	NumStability.Algorithms.Ch14Corollary146Closure	D14	NumStability.Source.Higham.Chapter14.Corollary06.SPD.Closure	source	relocated
NumStability.Ch14Ext.Ch14Cor146SuccessfulRunFamily.final_vector	theorem	public	NumStability.Algorithms.Ch14Corollary146Closure	D14	NumStability.Source.Higham.Chapter14.Corollary06.SPD.Closure	source	relocated
NumStability.Ch14Ext.Ch14Cor146SuccessfulRunFamily.forward_substitution	theorem	public	NumStability.Algorithms.Ch14Corollary146Closure	D14	NumStability.Source.Higham.Chapter14.Corollary06.SPD.Closure	source	relocated
NumStability.Ch14Ext.Ch14Cor146SuccessfulRunFamily.gamma_n_valid	theorem	public	NumStability.Algorithms.Ch14Corollary146Closure	D14	NumStability.Source.Higham.Chapter14.Corollary06.SPD.Closure	source	relocated
NumStability.Ch14Ext.Ch14Cor146SuccessfulRunFamily.gamma_small	theorem	public	NumStability.Algorithms.Ch14Corollary146Closure	D14	NumStability.Source.Higham.Chapter14.Corollary06.SPD.Closure	source	relocated
NumStability.Ch14Ext.Ch14Cor146SuccessfulRunFamily.gamma_three_valid	theorem	public	NumStability.Algorithms.Ch14Corollary146Closure	D14	NumStability.Source.Higham.Chapter14.Corollary06.SPD.Closure	source	relocated
NumStability.Ch14Ext.Ch14Cor146SuccessfulRunFamily.index_valid	theorem	public	NumStability.Algorithms.Ch14Corollary146Closure	D14	NumStability.Source.Higham.Chapter14.Corollary06.SPD.Closure	source	relocated
NumStability.Ch14Ext.Ch14Cor146SuccessfulRunFamily.loop_pivots_nonzero	theorem	public	NumStability.Algorithms.Ch14Corollary146Closure	D14	NumStability.Source.Higham.Chapter14.Corollary06.SPD.Closure	source	relocated
NumStability.Ch14Ext.Ch14Cor146SuccessfulRunFamily.lu_backward	theorem	public	NumStability.Algorithms.Ch14Corollary146Closure	D14	NumStability.Source.Higham.Chapter14.Corollary06.SPD.Closure	source	relocated
NumStability.Ch14Ext.Ch14Cor146SuccessfulRunFamily.matrix_recurrence	theorem	public	NumStability.Algorithms.Ch14Corollary146Closure	D14	NumStability.Source.Higham.Chapter14.Corollary06.SPD.Closure	source	relocated
NumStability.Ch14Ext.Ch14Cor146SuccessfulRunFamily.mk	constructor	public	NumStability.Algorithms.Ch14Corollary146Closure	D14	NumStability.Source.Higham.Chapter14.Corollary06.SPD.Closure	source	relocated
NumStability.Ch14Ext.Ch14Cor146SuccessfulRunFamily.mk.inj	theorem	public	NumStability.Algorithms.Ch14Corollary146Closure	D14	NumStability.Source.Higham.Chapter14.Corollary06.SPD.Closure	source	relocated
NumStability.Ch14Ext.Ch14Cor146SuccessfulRunFamily.mk.injEq	theorem	public	NumStability.Algorithms.Ch14Corollary146Closure	D14	NumStability.Source.Higham.Chapter14.Corollary06.SPD.Closure	source	relocated
NumStability.Ch14Ext.Ch14Cor146SuccessfulRunFamily.mk.noConfusion	definition	public	NumStability.Algorithms.Ch14Corollary146Closure	D14	NumStability.Source.Higham.Chapter14.Corollary06.SPD.Closure	source	relocated
NumStability.Ch14Ext.Ch14Cor146SuccessfulRunFamily.mk.sizeOf_spec	theorem	public	NumStability.Algorithms.Ch14Corollary146Closure	D14	NumStability.Source.Higham.Chapter14.Corollary06.SPD.Closure	source	relocated
NumStability.Ch14Ext.Ch14Cor146SuccessfulRunFamily.model	definition	public	NumStability.Algorithms.Ch14Corollary146Closure	D14	NumStability.Source.Higham.Chapter14.Corollary06.SPD.Closure	source	relocated
NumStability.Ch14Ext.Ch14Cor146SuccessfulRunFamily.noConfusion	definition	public	NumStability.Algorithms.Ch14Corollary146Closure	D14	NumStability.Source.Higham.Chapter14.Corollary06.SPD.Closure	source	relocated
NumStability.Ch14Ext.Ch14Cor146SuccessfulRunFamily.noConfusionType	definition	public	NumStability.Algorithms.Ch14Corollary146Closure	D14	NumStability.Source.Higham.Chapter14.Corollary06.SPD.Closure	source	relocated
NumStability.Ch14Ext.Ch14Cor146SuccessfulRunFamily.rec	recursor	public	NumStability.Algorithms.Ch14Corollary146Closure	D14	NumStability.Source.Higham.Chapter14.Corollary06.SPD.Closure	source	relocated
NumStability.Ch14Ext.Ch14Cor146SuccessfulRunFamily.recOn	definition	public	NumStability.Algorithms.Ch14Corollary146Closure	D14	NumStability.Source.Higham.Chapter14.Corollary06.SPD.Closure	source	relocated
NumStability.Ch14Ext.Ch14Cor146SuccessfulRunFamily.scaled_upper_inverse	theorem	public	NumStability.Algorithms.Ch14Corollary146Closure	D14	NumStability.Source.Higham.Chapter14.Corollary06.SPD.Closure	source	relocated
NumStability.Ch14Ext.Ch14Cor146SuccessfulRunFamily.spd	theorem	public	NumStability.Algorithms.Ch14Corollary146Closure	D14	NumStability.Source.Higham.Chapter14.Corollary06.SPD.Closure	source	relocated
NumStability.Ch14Ext.Ch14Cor146SuccessfulRunFamily.symmetric_factor_relation	theorem	public	NumStability.Algorithms.Ch14Corollary146Closure	D14	NumStability.Source.Higham.Chapter14.Corollary06.SPD.Closure	source	relocated
NumStability.Ch14Ext.Ch14Cor146SuccessfulRunFamily.uniform_inverse	theorem	public	NumStability.Algorithms.Ch14Corollary146Closure	D14	NumStability.Source.Higham.Chapter14.Corollary06.SPD.Closure	source	relocated
NumStability.Ch14Ext.Ch14Cor146SuccessfulRunFamily.unit_tendsto_zero	theorem	public	NumStability.Algorithms.Ch14Corollary146Closure	D14	NumStability.Source.Higham.Chapter14.Corollary06.SPD.Closure	source	relocated
NumStability.Ch14Ext.Ch14Cor146SuccessfulRunFamily.upper_inverse	theorem	public	NumStability.Algorithms.Ch14Corollary146Closure	D14	NumStability.Source.Higham.Chapter14.Corollary06.SPD.Closure	source	relocated
NumStability.Ch14Ext.Ch14Cor146SuccessfulRunFamily.vector_recurrence	theorem	public	NumStability.Algorithms.Ch14Corollary146Closure	D14	NumStability.Source.Higham.Chapter14.Corollary06.SPD.Closure	source	relocated
NumStability.Ch14Ext.Ch14Cor146SuccessfulRunFamily.x_hat	definition	public	NumStability.Algorithms.Ch14Corollary146Closure	D14	NumStability.Source.Higham.Chapter14.Corollary06.SPD.Closure	source	relocated
NumStability.Ch14Ext.Ch14Cor146SuccessfulRunFamily.x_hat_isBigO_one	theorem	public	NumStability.Algorithms.Ch14Corollary146Closure	D14	NumStability.Source.Higham.Chapter14.Corollary06.SPD.Closure	source	relocated
NumStability.Ch14Ext.Ch14Cor146SuccessfulRunFamily.xseq	definition	public	NumStability.Algorithms.Ch14Corollary146Closure	D14	NumStability.Source.Higham.Chapter14.Corollary06.SPD.Closure	source	relocated
NumStability.Ch14Ext.Ch14Cor146SuccessfulRunFamily.y_isBigO_one	theorem	public	NumStability.Algorithms.Ch14Corollary146Closure	D14	NumStability.Source.Higham.Chapter14.Corollary06.SPD.Closure	source	relocated
NumStability.Ch14Ext.Ch14Cor146SuccessfulRunFamily.z	definition	public	NumStability.Algorithms.Ch14Corollary146Closure	D14	NumStability.Source.Higham.Chapter14.Corollary06.SPD.Closure	source	relocated
NumStability.Ch14Ext.Ch14Cor146SuccessfulRunFamily.z_isBigO_one	theorem	public	NumStability.Algorithms.Ch14Corollary146Closure	D14	NumStability.Source.Higham.Chapter14.Corollary06.SPD.Closure	source	relocated
NumStability.Ch14Ext.Ch14Cor146UniformInverseRegularity	inductive	public	NumStability.Algorithms.Ch14Corollary146Closure	D14	NumStability.Source.Higham.Chapter14.Corollary06.SPD.Closure	source	relocated
NumStability.Ch14Ext.Ch14Cor146UniformInverseRegularity.casesOn	definition	public	NumStability.Algorithms.Ch14Corollary146Closure	D14	NumStability.Source.Higham.Chapter14.Corollary06.SPD.Closure	source	relocated
NumStability.Ch14Ext.Ch14Cor146UniformInverseRegularity.mk	constructor	public	NumStability.Algorithms.Ch14Corollary146Closure	D14	NumStability.Source.Higham.Chapter14.Corollary06.SPD.Closure	source	relocated
NumStability.Ch14Ext.Ch14Cor146UniformInverseRegularity.perturbation_family_isBigO_u	theorem	public	NumStability.Algorithms.Ch14Corollary146Closure	D14	NumStability.Source.Higham.Chapter14.Corollary06.SPD.Closure	source	relocated
NumStability.Ch14Ext.Ch14Cor146UniformInverseRegularity.perturbed_inverse	theorem	public	NumStability.Algorithms.Ch14Corollary146Closure	D14	NumStability.Source.Higham.Chapter14.Corollary06.SPD.Closure	source	relocated
NumStability.Ch14Ext.Ch14Cor146UniformInverseRegularity.perturbed_inverse_family_isBigO_one	theorem	public	NumStability.Algorithms.Ch14Corollary146Closure	D14	NumStability.Source.Higham.Chapter14.Corollary06.SPD.Closure	source	relocated
NumStability.Ch14Ext.Ch14Cor146UniformInverseRegularity.rec	recursor	public	NumStability.Algorithms.Ch14Corollary146Closure	D14	NumStability.Source.Higham.Chapter14.Corollary06.SPD.Closure	source	relocated
NumStability.Ch14Ext.Ch14Cor146UniformInverseRegularity.recOn	definition	public	NumStability.Algorithms.Ch14Corollary146Closure	D14	NumStability.Source.Higham.Chapter14.Corollary06.SPD.Closure	source	relocated
NumStability.Ch14Ext.Ch14Cor146UniformInverseRegularity.source_inverse	theorem	public	NumStability.Algorithms.Ch14Corollary146Closure	D14	NumStability.Source.Higham.Chapter14.Corollary06.SPD.Closure	source	relocated
NumStability.Ch14Ext.Ch14Cor147ConcreteInverseEnvelopeBridge	inductive	public	NumStability.Algorithms.Ch14Corollary147Closure	D15	NumStability.Source.Higham.Chapter14.Corollary07.DiagonalDominance.Closure	source	relocated
NumStability.Ch14Ext.Ch14Cor147ConcreteInverseEnvelopeBridge.casesOn	definition	public	NumStability.Algorithms.Ch14Corollary147Closure	D15	NumStability.Source.Higham.Chapter14.Corollary07.DiagonalDominance.Closure	source	relocated
NumStability.Ch14Ext.Ch14Cor147ConcreteInverseEnvelopeBridge.ctorIdx	definition	public	NumStability.Algorithms.Ch14Corollary147Closure	D15	NumStability.Source.Higham.Chapter14.Corollary07.DiagonalDominance.Closure	source	relocated
NumStability.Ch14Ext.Ch14Cor147ConcreteInverseEnvelopeBridge.forwardEnvelope	theorem	public	NumStability.Algorithms.Ch14Corollary147Closure	D15	NumStability.Source.Higham.Chapter14.Corollary07.DiagonalDominance.Closure	source	relocated
NumStability.Ch14Ext.Ch14Cor147ConcreteInverseEnvelopeBridge.forwardRemainder	definition	public	NumStability.Algorithms.Ch14Corollary147Closure	D15	NumStability.Source.Higham.Chapter14.Corollary07.DiagonalDominance.Closure	source	relocated
NumStability.Ch14Ext.Ch14Cor147ConcreteInverseEnvelopeBridge.forwardRemainder_nonneg	theorem	public	NumStability.Algorithms.Ch14Corollary147Closure	D15	NumStability.Source.Higham.Chapter14.Corollary07.DiagonalDominance.Closure	source	relocated
NumStability.Ch14Ext.Ch14Cor147ConcreteInverseEnvelopeBridge.mk	constructor	public	NumStability.Algorithms.Ch14Corollary147Closure	D15	NumStability.Source.Higham.Chapter14.Corollary07.DiagonalDominance.Closure	source	relocated
NumStability.Ch14Ext.Ch14Cor147ConcreteInverseEnvelopeBridge.mk.inj	theorem	public	NumStability.Algorithms.Ch14Corollary147Closure	D15	NumStability.Source.Higham.Chapter14.Corollary07.DiagonalDominance.Closure	source	relocated
NumStability.Ch14Ext.Ch14Cor147ConcreteInverseEnvelopeBridge.mk.injEq	theorem	public	NumStability.Algorithms.Ch14Corollary147Closure	D15	NumStability.Source.Higham.Chapter14.Corollary07.DiagonalDominance.Closure	source	relocated
NumStability.Ch14Ext.Ch14Cor147ConcreteInverseEnvelopeBridge.mk.noConfusion	definition	public	NumStability.Algorithms.Ch14Corollary147Closure	D15	NumStability.Source.Higham.Chapter14.Corollary07.DiagonalDominance.Closure	source	relocated
NumStability.Ch14Ext.Ch14Cor147ConcreteInverseEnvelopeBridge.mk.sizeOf_spec	theorem	public	NumStability.Algorithms.Ch14Corollary147Closure	D15	NumStability.Source.Higham.Chapter14.Corollary07.DiagonalDominance.Closure	source	relocated
NumStability.Ch14Ext.Ch14Cor147ConcreteInverseEnvelopeBridge.noConfusion	definition	public	NumStability.Algorithms.Ch14Corollary147Closure	D15	NumStability.Source.Higham.Chapter14.Corollary07.DiagonalDominance.Closure	source	relocated
NumStability.Ch14Ext.Ch14Cor147ConcreteInverseEnvelopeBridge.noConfusionType	definition	public	NumStability.Algorithms.Ch14Corollary147Closure	D15	NumStability.Source.Higham.Chapter14.Corollary07.DiagonalDominance.Closure	source	relocated
NumStability.Ch14Ext.Ch14Cor147ConcreteInverseEnvelopeBridge.rec	recursor	public	NumStability.Algorithms.Ch14Corollary147Closure	D15	NumStability.Source.Higham.Chapter14.Corollary07.DiagonalDominance.Closure	source	relocated
NumStability.Ch14Ext.Ch14Cor147ConcreteInverseEnvelopeBridge.recOn	definition	public	NumStability.Algorithms.Ch14Corollary147Closure	D15	NumStability.Source.Higham.Chapter14.Corollary07.DiagonalDominance.Closure	source	relocated
NumStability.Ch14Ext.Ch14Cor147ConcreteInverseEnvelopeBridge.residualEnvelope	theorem	public	NumStability.Algorithms.Ch14Corollary147Closure	D15	NumStability.Source.Higham.Chapter14.Corollary07.DiagonalDominance.Closure	source	relocated
NumStability.Ch14Ext.Ch14Cor147ConcreteInverseEnvelopeBridge.residualRemainder	definition	public	NumStability.Algorithms.Ch14Corollary147Closure	D15	NumStability.Source.Higham.Chapter14.Corollary07.DiagonalDominance.Closure	source	relocated
NumStability.Ch14Ext.Ch14Cor147ConcreteInverseEnvelopeBridge.residualRemainder_nonneg	theorem	public	NumStability.Algorithms.Ch14Corollary147Closure	D15	NumStability.Source.Higham.Chapter14.Corollary07.DiagonalDominance.Closure	source	relocated
NumStability.Ch14Ext.Ch14Cor147FinalizedRunFamily	inductive	public	NumStability.Algorithms.Ch14Cor147FinalDivisionFamilyClosure	D15	NumStability.Source.Higham.Chapter14.Corollary07.DiagonalDominance.FinalDivisionFamilyClosure	source	relocated
NumStability.Ch14Ext.Ch14Cor147FinalizedRunFamily.L	definition	public	NumStability.Algorithms.Ch14Cor147FinalDivisionFamilyClosure	D15	NumStability.Source.Higham.Chapter14.Corollary07.DiagonalDominance.FinalDivisionFamilyClosure	source	relocated
NumStability.Ch14Ext.Ch14Cor147FinalizedRunFamily.U	definition	public	NumStability.Algorithms.Ch14Cor147FinalDivisionFamilyClosure	D15	NumStability.Source.Higham.Chapter14.Corollary07.DiagonalDominance.FinalDivisionFamilyClosure	source	relocated
NumStability.Ch14Ext.Ch14Cor147FinalizedRunFamily.U_inv	definition	public	NumStability.Algorithms.Ch14Cor147FinalDivisionFamilyClosure	D15	NumStability.Source.Higham.Chapter14.Corollary07.DiagonalDominance.FinalDivisionFamilyClosure	source	relocated
NumStability.Ch14Ext.Ch14Cor147FinalizedRunFamily.casesOn	definition	public	NumStability.Algorithms.Ch14Cor147FinalDivisionFamilyClosure	D15	NumStability.Source.Higham.Chapter14.Corollary07.DiagonalDominance.FinalDivisionFamilyClosure	source	relocated
NumStability.Ch14Ext.Ch14Cor147FinalizedRunFamily.ctorIdx	definition	public	NumStability.Algorithms.Ch14Cor147FinalDivisionFamilyClosure	D15	NumStability.Source.Higham.Chapter14.Corollary07.DiagonalDominance.FinalDivisionFamilyClosure	source	relocated
NumStability.Ch14Ext.Ch14Cor147FinalizedRunFamily.determinant_ne_zero	theorem	public	NumStability.Algorithms.Ch14Cor147FinalDivisionFamilyClosure	D15	NumStability.Source.Higham.Chapter14.Corollary07.DiagonalDominance.FinalDivisionFamilyClosure	source	relocated
NumStability.Ch14Ext.Ch14Cor147FinalizedRunFamily.exact_lu	theorem	public	NumStability.Algorithms.Ch14Cor147FinalDivisionFamilyClosure	D15	NumStability.Source.Higham.Chapter14.Corollary07.DiagonalDominance.FinalDivisionFamilyClosure	source	relocated
NumStability.Ch14Ext.Ch14Cor147FinalizedRunFamily.exact_solution	theorem	public	NumStability.Algorithms.Ch14Cor147FinalDivisionFamilyClosure	D15	NumStability.Source.Higham.Chapter14.Corollary07.DiagonalDominance.FinalDivisionFamilyClosure	source	relocated
NumStability.Ch14Ext.Ch14Cor147FinalizedRunFamily.exact_solution_nonzero	theorem	public	NumStability.Algorithms.Ch14Cor147FinalDivisionFamilyClosure	D15	NumStability.Source.Higham.Chapter14.Corollary07.DiagonalDominance.FinalDivisionFamilyClosure	source	relocated
NumStability.Ch14Ext.Ch14Cor147FinalizedRunFamily.exact_upper_inverse	theorem	public	NumStability.Algorithms.Ch14Cor147FinalDivisionFamilyClosure	D15	NumStability.Source.Higham.Chapter14.Corollary07.DiagonalDominance.FinalDivisionFamilyClosure	source	relocated
NumStability.Ch14Ext.Ch14Cor147FinalizedRunFamily.gje	definition	public	NumStability.Algorithms.Ch14Cor147FinalDivisionFamilyClosure	D15	NumStability.Source.Higham.Chapter14.Corollary07.DiagonalDominance.FinalDivisionFamilyClosure	source	relocated
NumStability.Ch14Ext.Ch14Cor147FinalizedRunFamily.mk	constructor	public	NumStability.Algorithms.Ch14Cor147FinalDivisionFamilyClosure	D15	NumStability.Source.Higham.Chapter14.Corollary07.DiagonalDominance.FinalDivisionFamilyClosure	source	relocated
NumStability.Ch14Ext.Ch14Cor147FinalizedRunFamily.mk.inj	theorem	public	NumStability.Algorithms.Ch14Cor147FinalDivisionFamilyClosure	D15	NumStability.Source.Higham.Chapter14.Corollary07.DiagonalDominance.FinalDivisionFamilyClosure	source	relocated
NumStability.Ch14Ext.Ch14Cor147FinalizedRunFamily.mk.injEq	theorem	public	NumStability.Algorithms.Ch14Cor147FinalDivisionFamilyClosure	D15	NumStability.Source.Higham.Chapter14.Corollary07.DiagonalDominance.FinalDivisionFamilyClosure	source	relocated
NumStability.Ch14Ext.Ch14Cor147FinalizedRunFamily.mk.noConfusion	definition	public	NumStability.Algorithms.Ch14Cor147FinalDivisionFamilyClosure	D15	NumStability.Source.Higham.Chapter14.Corollary07.DiagonalDominance.FinalDivisionFamilyClosure	source	relocated
NumStability.Ch14Ext.Ch14Cor147FinalizedRunFamily.mk.sizeOf_spec	theorem	public	NumStability.Algorithms.Ch14Cor147FinalDivisionFamilyClosure	D15	NumStability.Source.Higham.Chapter14.Corollary07.DiagonalDominance.FinalDivisionFamilyClosure	source	relocated
NumStability.Ch14Ext.Ch14Cor147FinalizedRunFamily.noConfusion	definition	public	NumStability.Algorithms.Ch14Cor147FinalDivisionFamilyClosure	D15	NumStability.Source.Higham.Chapter14.Corollary07.DiagonalDominance.FinalDivisionFamilyClosure	source	relocated
NumStability.Ch14Ext.Ch14Cor147FinalizedRunFamily.noConfusionType	definition	public	NumStability.Algorithms.Ch14Cor147FinalDivisionFamilyClosure	D15	NumStability.Source.Higham.Chapter14.Corollary07.DiagonalDominance.FinalDivisionFamilyClosure	source	relocated
NumStability.Ch14Ext.Ch14Cor147FinalizedRunFamily.rec	recursor	public	NumStability.Algorithms.Ch14Cor147FinalDivisionFamilyClosure	D15	NumStability.Source.Higham.Chapter14.Corollary07.DiagonalDominance.FinalDivisionFamilyClosure	source	relocated
NumStability.Ch14Ext.Ch14Cor147FinalizedRunFamily.recOn	definition	public	NumStability.Algorithms.Ch14Cor147FinalDivisionFamilyClosure	D15	NumStability.Source.Higham.Chapter14.Corollary07.DiagonalDominance.FinalDivisionFamilyClosure	source	relocated
NumStability.Ch14Ext.Ch14Cor147FinalizedRunFamily.row_diag_dominant	theorem	public	NumStability.Algorithms.Ch14Cor147FinalDivisionFamilyClosure	D15	NumStability.Source.Higham.Chapter14.Corollary07.DiagonalDominance.FinalDivisionFamilyClosure	source	relocated
NumStability.Ch14Ext.Ch14Cor147FinalizedRunFamily.source_inverse	theorem	public	NumStability.Algorithms.Ch14Cor147FinalDivisionFamilyClosure	D15	NumStability.Source.Higham.Chapter14.Corollary07.DiagonalDominance.FinalDivisionFamilyClosure	source	relocated
NumStability.Ch14Ext.Ch14Cor147RoundedUpperWithinMargin	definition	public	NumStability.Algorithms.Ch14Corollary147Closure	D15	NumStability.Source.Higham.Chapter14.Corollary07.DiagonalDominance.Closure	source	relocated
NumStability.Ch14Ext.Ch14Cor147SourceFamily	inductive	public	NumStability.Algorithms.Ch14Corollary147SourceClosure	D15	NumStability.Source.Higham.Chapter14.Corollary07.DiagonalDominance.SourceClosure	source	relocated
NumStability.Ch14Ext.Ch14Cor147SourceFamily.L_hat	definition	public	NumStability.Algorithms.Ch14Corollary147SourceClosure	D15	NumStability.Source.Higham.Chapter14.Corollary07.DiagonalDominance.SourceClosure	source	relocated
NumStability.Ch14Ext.Ch14Cor147SourceFamily.L_hat_isBigO_one	theorem	public	NumStability.Algorithms.Ch14Corollary147SourceClosure	D15	NumStability.Source.Higham.Chapter14.Corollary07.DiagonalDominance.SourceClosure	source	relocated
NumStability.Ch14Ext.Ch14Cor147SourceFamily.P_abs_isBigO_one	theorem	public	NumStability.Algorithms.Ch14Corollary147SourceClosure	D15	NumStability.Source.Higham.Chapter14.Corollary07.DiagonalDominance.SourceClosure	source	relocated
NumStability.Ch14Ext.Ch14Cor147SourceFamily.U_hat_inv	definition	public	NumStability.Algorithms.Ch14Corollary147SourceClosure	D15	NumStability.Source.Higham.Chapter14.Corollary07.DiagonalDominance.SourceClosure	source	relocated
NumStability.Ch14Ext.Ch14Cor147SourceFamily.U_hat_inv_isBigO_one	theorem	public	NumStability.Algorithms.Ch14Corollary147SourceClosure	D15	NumStability.Source.Higham.Chapter14.Corollary07.DiagonalDominance.SourceClosure	source	relocated
NumStability.Ch14Ext.Ch14Cor147SourceFamily.U_hat_isBigO_one	theorem	public	NumStability.Algorithms.Ch14Corollary147SourceClosure	D15	NumStability.Source.Higham.Chapter14.Corollary07.DiagonalDominance.SourceClosure	source	relocated
NumStability.Ch14Ext.Ch14Cor147SourceFamily.X_abs_isBigO_one	theorem	public	NumStability.Algorithms.Ch14Corollary147SourceClosure	D15	NumStability.Source.Higham.Chapter14.Corollary07.DiagonalDominance.SourceClosure	source	relocated
NumStability.Ch14Ext.Ch14Cor147SourceFamily.casesOn	definition	public	NumStability.Algorithms.Ch14Corollary147SourceClosure	D15	NumStability.Source.Higham.Chapter14.Corollary07.DiagonalDominance.SourceClosure	source	relocated
NumStability.Ch14Ext.Ch14Cor147SourceFamily.computed_upper_inverse	theorem	public	NumStability.Algorithms.Ch14Corollary147SourceClosure	D15	NumStability.Source.Higham.Chapter14.Corollary07.DiagonalDominance.SourceClosure	source	relocated
NumStability.Ch14Ext.Ch14Cor147SourceFamily.ctorIdx	definition	public	NumStability.Algorithms.Ch14Corollary147SourceClosure	D15	NumStability.Source.Higham.Chapter14.Corollary07.DiagonalDominance.SourceClosure	source	relocated
NumStability.Ch14Ext.Ch14Cor147SourceFamily.dimension_pos	theorem	public	NumStability.Algorithms.Ch14Corollary147SourceClosure	D15	NumStability.Source.Higham.Chapter14.Corollary07.DiagonalDominance.SourceClosure	source	relocated
NumStability.Ch14Ext.Ch14Cor147SourceFamily.final_matrix	theorem	public	NumStability.Algorithms.Ch14Corollary147SourceClosure	D15	NumStability.Source.Higham.Chapter14.Corollary07.DiagonalDominance.SourceClosure	source	relocated
NumStability.Ch14Ext.Ch14Cor147SourceFamily.final_vector	theorem	public	NumStability.Algorithms.Ch14Corollary147SourceClosure	D15	NumStability.Source.Higham.Chapter14.Corollary07.DiagonalDominance.SourceClosure	source	relocated
NumStability.Ch14Ext.Ch14Cor147SourceFamily.forward_start	theorem	public	NumStability.Algorithms.Ch14Corollary147SourceClosure	D15	NumStability.Source.Higham.Chapter14.Corollary07.DiagonalDominance.SourceClosure	source	relocated
NumStability.Ch14Ext.Ch14Cor147SourceFamily.initial	definition	public	NumStability.Algorithms.Ch14Corollary147SourceClosure	D15	NumStability.Source.Higham.Chapter14.Corollary07.DiagonalDominance.SourceClosure	source	relocated
NumStability.Ch14Ext.Ch14Cor147SourceFamily.lu_certificate	theorem	public	NumStability.Algorithms.Ch14Corollary147SourceClosure	D15	NumStability.Source.Higham.Chapter14.Corollary07.DiagonalDominance.SourceClosure	source	relocated
NumStability.Ch14Ext.Ch14Cor147SourceFamily.mk	constructor	public	NumStability.Algorithms.Ch14Corollary147SourceClosure	D15	NumStability.Source.Higham.Chapter14.Corollary07.DiagonalDominance.SourceClosure	source	relocated
NumStability.Ch14Ext.Ch14Cor147SourceFamily.mk.inj	theorem	public	NumStability.Algorithms.Ch14Corollary147SourceClosure	D15	NumStability.Source.Higham.Chapter14.Corollary07.DiagonalDominance.SourceClosure	source	relocated
NumStability.Ch14Ext.Ch14Cor147SourceFamily.mk.injEq	theorem	public	NumStability.Algorithms.Ch14Corollary147SourceClosure	D15	NumStability.Source.Higham.Chapter14.Corollary07.DiagonalDominance.SourceClosure	source	relocated
NumStability.Ch14Ext.Ch14Cor147SourceFamily.mk.noConfusion	definition	public	NumStability.Algorithms.Ch14Corollary147SourceClosure	D15	NumStability.Source.Higham.Chapter14.Corollary07.DiagonalDominance.SourceClosure	source	relocated
NumStability.Ch14Ext.Ch14Cor147SourceFamily.mk.sizeOf_spec	theorem	public	NumStability.Algorithms.Ch14Corollary147SourceClosure	D15	NumStability.Source.Higham.Chapter14.Corollary07.DiagonalDominance.SourceClosure	source	relocated
NumStability.Ch14Ext.Ch14Cor147SourceFamily.model	definition	public	NumStability.Algorithms.Ch14Corollary147SourceClosure	D15	NumStability.Source.Higham.Chapter14.Corollary07.DiagonalDominance.SourceClosure	source	relocated
NumStability.Ch14Ext.Ch14Cor147SourceFamily.noConfusion	definition	public	NumStability.Algorithms.Ch14Corollary147SourceClosure	D15	NumStability.Source.Higham.Chapter14.Corollary07.DiagonalDominance.SourceClosure	source	relocated
NumStability.Ch14Ext.Ch14Cor147SourceFamily.noConfusionType	definition	public	NumStability.Algorithms.Ch14Corollary147SourceClosure	D15	NumStability.Source.Higham.Chapter14.Corollary07.DiagonalDominance.SourceClosure	source	relocated
NumStability.Ch14Ext.Ch14Cor147SourceFamily.pivots_nonzero	theorem	public	NumStability.Algorithms.Ch14Corollary147SourceClosure	D15	NumStability.Source.Higham.Chapter14.Corollary07.DiagonalDominance.SourceClosure	source	relocated
NumStability.Ch14Ext.Ch14Cor147SourceFamily.rec	recursor	public	NumStability.Algorithms.Ch14Corollary147SourceClosure	D15	NumStability.Source.Higham.Chapter14.Corollary07.DiagonalDominance.SourceClosure	source	relocated
NumStability.Ch14Ext.Ch14Cor147SourceFamily.recOn	definition	public	NumStability.Algorithms.Ch14Corollary147SourceClosure	D15	NumStability.Source.Higham.Chapter14.Corollary07.DiagonalDominance.SourceClosure	source	relocated
NumStability.Ch14Ext.Ch14Cor147SourceFamily.unit_tendsto_zero	theorem	public	NumStability.Algorithms.Ch14Corollary147SourceClosure	D15	NumStability.Source.Higham.Chapter14.Corollary07.DiagonalDominance.SourceClosure	source	relocated
NumStability.Ch14Ext.Ch14Cor147SourceFamily.upper_solve	theorem	public	NumStability.Algorithms.Ch14Corollary147SourceClosure	D15	NumStability.Source.Higham.Chapter14.Corollary07.DiagonalDominance.SourceClosure	source	relocated
NumStability.Ch14Ext.Ch14Cor147SourceFamily.valid_n	theorem	public	NumStability.Algorithms.Ch14Corollary147SourceClosure	D15	NumStability.Source.Higham.Chapter14.Corollary07.DiagonalDominance.SourceClosure	source	relocated
NumStability.Ch14Ext.Ch14Cor147SourceFamily.valid_three	theorem	public	NumStability.Algorithms.Ch14Corollary147SourceClosure	D15	NumStability.Source.Higham.Chapter14.Corollary07.DiagonalDominance.SourceClosure	source	relocated
NumStability.Ch14Ext.Ch14Cor147SourceFamily.x_hat	definition	public	NumStability.Algorithms.Ch14Corollary147SourceClosure	D15	NumStability.Source.Higham.Chapter14.Corollary07.DiagonalDominance.SourceClosure	source	relocated
NumStability.Ch14Ext.Ch14Cor147SourceFamily.x_hat_isBigO_one	theorem	public	NumStability.Algorithms.Ch14Corollary147SourceClosure	D15	NumStability.Source.Higham.Chapter14.Corollary07.DiagonalDominance.SourceClosure	source	relocated
NumStability.Ch14Ext.Ch14Cor147SourceFamily.y_isBigO_one	theorem	public	NumStability.Algorithms.Ch14Corollary147SourceClosure	D15	NumStability.Source.Higham.Chapter14.Corollary07.DiagonalDominance.SourceClosure	source	relocated
NumStability.Ch14Ext.Ch14Cor147SourceFamily.z	definition	public	NumStability.Algorithms.Ch14Corollary147SourceClosure	D15	NumStability.Source.Higham.Chapter14.Corollary07.DiagonalDominance.SourceClosure	source	relocated
NumStability.Ch14Ext.Ch14Cor147SourceFamily.z_isBigO_one	theorem	public	NumStability.Algorithms.Ch14Corollary147SourceClosure	D15	NumStability.Source.Higham.Chapter14.Corollary07.DiagonalDominance.SourceClosure	source	relocated
NumStability.Ch14Ext.Ch14Cor147WeakFamily	inductive	public	NumStability.Algorithms.Ch14Corollary147WeakFamily	D15	NumStability.Source.Higham.Chapter14.Corollary07.DiagonalDominance.WeakFamily	source	relocated
NumStability.Ch14Ext.Ch14Cor147WeakFamily.U_hat_inv	definition	public	NumStability.Algorithms.Ch14Corollary147WeakFamily	D15	NumStability.Source.Higham.Chapter14.Corollary07.DiagonalDominance.WeakFamily	source	relocated
NumStability.Ch14Ext.Ch14Cor147WeakFamily.U_hat_inv_isBigO_one	theorem	public	NumStability.Algorithms.Ch14Corollary147WeakFamily	D15	NumStability.Source.Higham.Chapter14.Corollary07.DiagonalDominance.WeakFamily	source	relocated
NumStability.Ch14Ext.Ch14Cor147WeakFamily.casesOn	definition	public	NumStability.Algorithms.Ch14Corollary147WeakFamily	D15	NumStability.Source.Higham.Chapter14.Corollary07.DiagonalDominance.WeakFamily	source	relocated
NumStability.Ch14Ext.Ch14Cor147WeakFamily.computed_upper_inverse	theorem	public	NumStability.Algorithms.Ch14Corollary147WeakFamily	D15	NumStability.Source.Higham.Chapter14.Corollary07.DiagonalDominance.WeakFamily	source	relocated
NumStability.Ch14Ext.Ch14Cor147WeakFamily.ctorIdx	definition	public	NumStability.Algorithms.Ch14Corollary147WeakFamily	D15	NumStability.Source.Higham.Chapter14.Corollary07.DiagonalDominance.WeakFamily	source	relocated
NumStability.Ch14Ext.Ch14Cor147WeakFamily.exact_lower_proximity	theorem	public	NumStability.Algorithms.Ch14Corollary147WeakFamily	D15	NumStability.Source.Higham.Chapter14.Corollary07.DiagonalDominance.WeakFamily	source	relocated
NumStability.Ch14Ext.Ch14Cor147WeakFamily.exact_upper_proximity	theorem	public	NumStability.Algorithms.Ch14Corollary147WeakFamily	D15	NumStability.Source.Higham.Chapter14.Corollary07.DiagonalDominance.WeakFamily	source	relocated
NumStability.Ch14Ext.Ch14Cor147WeakFamily.mk	constructor	public	NumStability.Algorithms.Ch14Corollary147WeakFamily	D15	NumStability.Source.Higham.Chapter14.Corollary07.DiagonalDominance.WeakFamily	source	relocated
NumStability.Ch14Ext.Ch14Cor147WeakFamily.mk.inj	theorem	public	NumStability.Algorithms.Ch14Corollary147WeakFamily	D15	NumStability.Source.Higham.Chapter14.Corollary07.DiagonalDominance.WeakFamily	source	relocated
NumStability.Ch14Ext.Ch14Cor147WeakFamily.mk.injEq	theorem	public	NumStability.Algorithms.Ch14Corollary147WeakFamily	D15	NumStability.Source.Higham.Chapter14.Corollary07.DiagonalDominance.WeakFamily	source	relocated
NumStability.Ch14Ext.Ch14Cor147WeakFamily.mk.noConfusion	definition	public	NumStability.Algorithms.Ch14Corollary147WeakFamily	D15	NumStability.Source.Higham.Chapter14.Corollary07.DiagonalDominance.WeakFamily	source	relocated
NumStability.Ch14Ext.Ch14Cor147WeakFamily.mk.sizeOf_spec	theorem	public	NumStability.Algorithms.Ch14Corollary147WeakFamily	D15	NumStability.Source.Higham.Chapter14.Corollary07.DiagonalDominance.WeakFamily	source	relocated
NumStability.Ch14Ext.Ch14Cor147WeakFamily.noConfusion	definition	public	NumStability.Algorithms.Ch14Corollary147WeakFamily	D15	NumStability.Source.Higham.Chapter14.Corollary07.DiagonalDominance.WeakFamily	source	relocated
NumStability.Ch14Ext.Ch14Cor147WeakFamily.noConfusionType	definition	public	NumStability.Algorithms.Ch14Corollary147WeakFamily	D15	NumStability.Source.Higham.Chapter14.Corollary07.DiagonalDominance.WeakFamily	source	relocated
NumStability.Ch14Ext.Ch14Cor147WeakFamily.pabs_isBigO_one	theorem	public	NumStability.Algorithms.Ch14Corollary147WeakFamily	D15	NumStability.Source.Higham.Chapter14.Corollary07.DiagonalDominance.WeakFamily	source	relocated
NumStability.Ch14Ext.Ch14Cor147WeakFamily.rec	recursor	public	NumStability.Algorithms.Ch14Corollary147WeakFamily	D15	NumStability.Source.Higham.Chapter14.Corollary07.DiagonalDominance.WeakFamily	source	relocated
NumStability.Ch14Ext.Ch14Cor147WeakFamily.recOn	definition	public	NumStability.Algorithms.Ch14Corollary147WeakFamily	D15	NumStability.Source.Higham.Chapter14.Corollary07.DiagonalDominance.WeakFamily	source	relocated
NumStability.Ch14Ext.Ch14Cor147WeakFamily.run	definition	public	NumStability.Algorithms.Ch14Corollary147WeakFamily	D15	NumStability.Source.Higham.Chapter14.Corollary07.DiagonalDominance.WeakFamily	source	relocated
NumStability.Ch14Ext.Ch14Cor147WeakFamily.upper_solve	theorem	public	NumStability.Algorithms.Ch14Corollary147WeakFamily	D15	NumStability.Source.Higham.Chapter14.Corollary07.DiagonalDominance.WeakFamily	source	relocated
NumStability.Ch14Ext.Ch14Cor147WeakFamily.xabs_consistency	theorem	public	NumStability.Algorithms.Ch14Corollary147WeakFamily	D15	NumStability.Source.Higham.Chapter14.Corollary07.DiagonalDominance.WeakFamily	source	relocated
NumStability.Ch14Ext.Ch14Cor147WeakFamily.z	definition	public	NumStability.Algorithms.Ch14Corollary147WeakFamily	D15	NumStability.Source.Higham.Chapter14.Corollary07.DiagonalDominance.WeakFamily	source	relocated
NumStability.Ch14Ext.Ch14Cor147WeakFamily.z_isBigO_one	theorem	public	NumStability.Algorithms.Ch14Corollary147WeakFamily	D15	NumStability.Source.Higham.Chapter14.Corollary07.DiagonalDominance.WeakFamily	source	relocated
NumStability.Ch14Ext.Ch14Eq143Family	inductive	public	NumStability.Algorithms.Ch14AsymptoticFamilies	D31	NumStability.Source.Higham.Chapter14.Section01.InverseErrorAnalysis.AsymptoticFamilies	source	relocated
NumStability.Ch14Ext.Ch14Eq143Family.approxInverse	definition	public	NumStability.Algorithms.Ch14AsymptoticFamilies	D31	NumStability.Source.Higham.Chapter14.Section01.InverseErrorAnalysis.AsymptoticFamilies	source	relocated
NumStability.Ch14Ext.Ch14Eq143Family.approxInverse_isBigO_one	theorem	public	NumStability.Algorithms.Ch14AsymptoticFamilies	D31	NumStability.Source.Higham.Chapter14.Section01.InverseErrorAnalysis.AsymptoticFamilies	source	relocated
NumStability.Ch14Ext.Ch14Eq143Family.casesOn	definition	public	NumStability.Algorithms.Ch14AsymptoticFamilies	D31	NumStability.Source.Higham.Chapter14.Section01.InverseErrorAnalysis.AsymptoticFamilies	source	relocated
NumStability.Ch14Ext.Ch14Eq143Family.ctorIdx	definition	public	NumStability.Algorithms.Ch14AsymptoticFamilies	D31	NumStability.Source.Higham.Chapter14.Section01.InverseErrorAnalysis.AsymptoticFamilies	source	relocated
NumStability.Ch14Ext.Ch14Eq143Family.mk	constructor	public	NumStability.Algorithms.Ch14AsymptoticFamilies	D31	NumStability.Source.Higham.Chapter14.Section01.InverseErrorAnalysis.AsymptoticFamilies	source	relocated
NumStability.Ch14Ext.Ch14Eq143Family.mk.inj	theorem	public	NumStability.Algorithms.Ch14AsymptoticFamilies	D31	NumStability.Source.Higham.Chapter14.Section01.InverseErrorAnalysis.AsymptoticFamilies	source	relocated
NumStability.Ch14Ext.Ch14Eq143Family.mk.injEq	theorem	public	NumStability.Algorithms.Ch14AsymptoticFamilies	D31	NumStability.Source.Higham.Chapter14.Section01.InverseErrorAnalysis.AsymptoticFamilies	source	relocated
NumStability.Ch14Ext.Ch14Eq143Family.mk.noConfusion	definition	public	NumStability.Algorithms.Ch14AsymptoticFamilies	D31	NumStability.Source.Higham.Chapter14.Section01.InverseErrorAnalysis.AsymptoticFamilies	source	relocated
NumStability.Ch14Ext.Ch14Eq143Family.mk.sizeOf_spec	theorem	public	NumStability.Algorithms.Ch14AsymptoticFamilies	D31	NumStability.Source.Higham.Chapter14.Section01.InverseErrorAnalysis.AsymptoticFamilies	source	relocated
NumStability.Ch14Ext.Ch14Eq143Family.noConfusion	definition	public	NumStability.Algorithms.Ch14AsymptoticFamilies	D31	NumStability.Source.Higham.Chapter14.Section01.InverseErrorAnalysis.AsymptoticFamilies	source	relocated
NumStability.Ch14Ext.Ch14Eq143Family.noConfusionType	definition	public	NumStability.Algorithms.Ch14AsymptoticFamilies	D31	NumStability.Source.Higham.Chapter14.Section01.InverseErrorAnalysis.AsymptoticFamilies	source	relocated
NumStability.Ch14Ext.Ch14Eq143Family.perturbation	definition	public	NumStability.Algorithms.Ch14AsymptoticFamilies	D31	NumStability.Source.Higham.Chapter14.Section01.InverseErrorAnalysis.AsymptoticFamilies	source	relocated
NumStability.Ch14Ext.Ch14Eq143Family.perturbation_bound	theorem	public	NumStability.Algorithms.Ch14AsymptoticFamilies	D31	NumStability.Source.Higham.Chapter14.Section01.InverseErrorAnalysis.AsymptoticFamilies	source	relocated
NumStability.Ch14Ext.Ch14Eq143Family.perturbed_inverse_equation	theorem	public	NumStability.Algorithms.Ch14AsymptoticFamilies	D31	NumStability.Source.Higham.Chapter14.Section01.InverseErrorAnalysis.AsymptoticFamilies	source	relocated
NumStability.Ch14Ext.Ch14Eq143Family.rec	recursor	public	NumStability.Algorithms.Ch14AsymptoticFamilies	D31	NumStability.Source.Higham.Chapter14.Section01.InverseErrorAnalysis.AsymptoticFamilies	source	relocated
NumStability.Ch14Ext.Ch14Eq143Family.recOn	definition	public	NumStability.Algorithms.Ch14AsymptoticFamilies	D31	NumStability.Source.Higham.Chapter14.Section01.InverseErrorAnalysis.AsymptoticFamilies	source	relocated
NumStability.Ch14Ext.Ch14Eq143Family.scale	definition	public	NumStability.Algorithms.Ch14AsymptoticFamilies	D31	NumStability.Source.Higham.Chapter14.Section01.InverseErrorAnalysis.AsymptoticFamilies	source	relocated
NumStability.Ch14Ext.Ch14Eq143Family.scale_nonneg	theorem	public	NumStability.Algorithms.Ch14AsymptoticFamilies	D31	NumStability.Source.Higham.Chapter14.Section01.InverseErrorAnalysis.AsymptoticFamilies	source	relocated
NumStability.Ch14Ext.Ch14Eq143Family.scale_tendsto_zero	theorem	public	NumStability.Algorithms.Ch14AsymptoticFamilies	D31	NumStability.Source.Higham.Chapter14.Section01.InverseErrorAnalysis.AsymptoticFamilies	source	relocated
NumStability.Ch14Ext.Ch14Eq146Family	inductive	public	NumStability.Algorithms.Ch14AsymptoticFamilies	D31	NumStability.Source.Higham.Chapter14.Section01.InverseErrorAnalysis.AsymptoticFamilies	source	relocated
NumStability.Ch14Ext.Ch14Eq146Family.casesOn	definition	public	NumStability.Algorithms.Ch14AsymptoticFamilies	D31	NumStability.Source.Higham.Chapter14.Section01.InverseErrorAnalysis.AsymptoticFamilies	source	relocated
NumStability.Ch14Ext.Ch14Eq146Family.computedInverse_isBigO_one	theorem	public	NumStability.Algorithms.Ch14AsymptoticFamilies	D31	NumStability.Source.Higham.Chapter14.Section01.InverseErrorAnalysis.AsymptoticFamilies	source	relocated
NumStability.Ch14Ext.Ch14Eq146Family.ctorIdx	definition	public	NumStability.Algorithms.Ch14AsymptoticFamilies	D31	NumStability.Source.Higham.Chapter14.Section01.InverseErrorAnalysis.AsymptoticFamilies	source	relocated
NumStability.Ch14Ext.Ch14Eq146Family.mk	constructor	public	NumStability.Algorithms.Ch14AsymptoticFamilies	D31	NumStability.Source.Higham.Chapter14.Section01.InverseErrorAnalysis.AsymptoticFamilies	source	relocated
NumStability.Ch14Ext.Ch14Eq146Family.mk.inj	theorem	public	NumStability.Algorithms.Ch14AsymptoticFamilies	D31	NumStability.Source.Higham.Chapter14.Section01.InverseErrorAnalysis.AsymptoticFamilies	source	relocated
NumStability.Ch14Ext.Ch14Eq146Family.mk.injEq	theorem	public	NumStability.Algorithms.Ch14AsymptoticFamilies	D31	NumStability.Source.Higham.Chapter14.Section01.InverseErrorAnalysis.AsymptoticFamilies	source	relocated
NumStability.Ch14Ext.Ch14Eq146Family.mk.noConfusion	definition	public	NumStability.Algorithms.Ch14AsymptoticFamilies	D31	NumStability.Source.Higham.Chapter14.Section01.InverseErrorAnalysis.AsymptoticFamilies	source	relocated
NumStability.Ch14Ext.Ch14Eq146Family.mk.sizeOf_spec	theorem	public	NumStability.Algorithms.Ch14AsymptoticFamilies	D31	NumStability.Source.Higham.Chapter14.Section01.InverseErrorAnalysis.AsymptoticFamilies	source	relocated
NumStability.Ch14Ext.Ch14Eq146Family.model	definition	public	NumStability.Algorithms.Ch14AsymptoticFamilies	D31	NumStability.Source.Higham.Chapter14.Section01.InverseErrorAnalysis.AsymptoticFamilies	source	relocated
NumStability.Ch14Ext.Ch14Eq146Family.noConfusion	definition	public	NumStability.Algorithms.Ch14AsymptoticFamilies	D31	NumStability.Source.Higham.Chapter14.Section01.InverseErrorAnalysis.AsymptoticFamilies	source	relocated
NumStability.Ch14Ext.Ch14Eq146Family.noConfusionType	definition	public	NumStability.Algorithms.Ch14AsymptoticFamilies	D31	NumStability.Source.Higham.Chapter14.Section01.InverseErrorAnalysis.AsymptoticFamilies	source	relocated
NumStability.Ch14Ext.Ch14Eq146Family.rec	recursor	public	NumStability.Algorithms.Ch14AsymptoticFamilies	D31	NumStability.Source.Higham.Chapter14.Section01.InverseErrorAnalysis.AsymptoticFamilies	source	relocated
NumStability.Ch14Ext.Ch14Eq146Family.recOn	definition	public	NumStability.Algorithms.Ch14AsymptoticFamilies	D31	NumStability.Source.Higham.Chapter14.Section01.InverseErrorAnalysis.AsymptoticFamilies	source	relocated
NumStability.Ch14Ext.Ch14Eq146Family.unit_tendsto_zero	theorem	public	NumStability.Algorithms.Ch14AsymptoticFamilies	D31	NumStability.Source.Higham.Chapter14.Section01.InverseErrorAnalysis.AsymptoticFamilies	source	relocated
NumStability.Ch14Ext.Ch14Eq146Family.valid	theorem	public	NumStability.Algorithms.Ch14AsymptoticFamilies	D31	NumStability.Source.Higham.Chapter14.Section01.InverseErrorAnalysis.AsymptoticFamilies	source	relocated
NumStability.Ch14Ext.Ch14FamilyFirstOrderLe	definition	public	NumStability.Algorithms.Ch14Problem142Families	D19	NumStability.Source.Higham.Chapter14.Problem02.TriangularInversion.Families	source	relocated
NumStability.Ch14Ext.Ch14FamilyFirstOrderLe.add	theorem	public	NumStability.Algorithms.Ch14Problem142Families	D19	NumStability.Source.Higham.Chapter14.Problem02.TriangularInversion.Families	source	relocated
NumStability.Ch14Ext.Ch14FamilyFirstOrderLe.combineMax	theorem	public	NumStability.Algorithms.Ch14Problem142Families	D19	NumStability.Source.Higham.Chapter14.Problem02.TriangularInversion.Families	source	relocated
NumStability.Ch14Ext.Ch14FamilyFirstOrderLe.mono_leading	theorem	public	NumStability.Algorithms.Ch14Problem142Families	D19	NumStability.Source.Higham.Chapter14.Problem02.TriangularInversion.Families	source	relocated
NumStability.Ch14Ext.Ch14FamilyFirstOrderLe.mono_value	theorem	public	NumStability.Algorithms.Ch14Problem142Families	D19	NumStability.Source.Higham.Chapter14.Problem02.TriangularInversion.Families	source	relocated
NumStability.Ch14Ext.Ch14FamilyFirstOrderLe.mul_bounded	theorem	public	NumStability.Algorithms.Ch14Problem142Families	D19	NumStability.Source.Higham.Chapter14.Problem02.TriangularInversion.Families	source	relocated
NumStability.Ch14Ext.Ch14GJEConcreteFamily	inductive	public	NumStability.Algorithms.Ch14GJEAsymptoticFamilies	D42	NumStability.Source.Higham.Chapter14.Theorem05.ForwardError.GJEAsymptoticFamilies	source	relocated
NumStability.Ch14Ext.Ch14GJEConcreteFamily.L_hat	definition	public	NumStability.Algorithms.Ch14GJEAsymptoticFamilies	D42	NumStability.Source.Higham.Chapter14.Theorem05.ForwardError.GJEAsymptoticFamilies	source	relocated
NumStability.Ch14Ext.Ch14GJEConcreteFamily.L_hat_isBigO_one	theorem	public	NumStability.Algorithms.Ch14GJEAsymptoticFamilies	D42	NumStability.Source.Higham.Chapter14.Theorem05.ForwardError.GJEAsymptoticFamilies	source	relocated
NumStability.Ch14Ext.Ch14GJEConcreteFamily.U_hat_isBigO_one	theorem	public	NumStability.Algorithms.Ch14GJEAsymptoticFamilies	D42	NumStability.Source.Higham.Chapter14.Theorem05.ForwardError.GJEAsymptoticFamilies	source	relocated
NumStability.Ch14Ext.Ch14GJEConcreteFamily.V	definition	public	NumStability.Algorithms.Ch14GJEAsymptoticFamilies	D42	NumStability.Source.Higham.Chapter14.Theorem05.ForwardError.GJEAsymptoticFamilies	source	relocated
NumStability.Ch14Ext.Ch14GJEConcreteFamily.X_abs_isBigO_one	theorem	public	NumStability.Algorithms.Ch14GJEAsymptoticFamilies	D42	NumStability.Source.Higham.Chapter14.Theorem05.ForwardError.GJEAsymptoticFamilies	source	relocated
NumStability.Ch14Ext.Ch14GJEConcreteFamily.casesOn	definition	public	NumStability.Algorithms.Ch14GJEAsymptoticFamilies	D42	NumStability.Source.Higham.Chapter14.Theorem05.ForwardError.GJEAsymptoticFamilies	source	relocated
NumStability.Ch14Ext.Ch14GJEConcreteFamily.ctorIdx	definition	public	NumStability.Algorithms.Ch14GJEAsymptoticFamilies	D42	NumStability.Source.Higham.Chapter14.Theorem05.ForwardError.GJEAsymptoticFamilies	source	relocated
NumStability.Ch14Ext.Ch14GJEConcreteFamily.dimension_pos	theorem	public	NumStability.Algorithms.Ch14GJEAsymptoticFamilies	D42	NumStability.Source.Higham.Chapter14.Theorem05.ForwardError.GJEAsymptoticFamilies	source	relocated
NumStability.Ch14Ext.Ch14GJEConcreteFamily.final_matrix	theorem	public	NumStability.Algorithms.Ch14GJEAsymptoticFamilies	D42	NumStability.Source.Higham.Chapter14.Theorem05.ForwardError.GJEAsymptoticFamilies	source	relocated
NumStability.Ch14Ext.Ch14GJEConcreteFamily.final_vector	theorem	public	NumStability.Algorithms.Ch14GJEAsymptoticFamilies	D42	NumStability.Source.Higham.Chapter14.Theorem05.ForwardError.GJEAsymptoticFamilies	source	relocated
NumStability.Ch14Ext.Ch14GJEConcreteFamily.forward_start	theorem	public	NumStability.Algorithms.Ch14GJEAsymptoticFamilies	D42	NumStability.Source.Higham.Chapter14.Theorem05.ForwardError.GJEAsymptoticFamilies	source	relocated
NumStability.Ch14Ext.Ch14GJEConcreteFamily.index_valid	theorem	public	NumStability.Algorithms.Ch14GJEAsymptoticFamilies	D42	NumStability.Source.Higham.Chapter14.Theorem05.ForwardError.GJEAsymptoticFamilies	source	relocated
NumStability.Ch14Ext.Ch14GJEConcreteFamily.lu_certificate	theorem	public	NumStability.Algorithms.Ch14GJEAsymptoticFamilies	D42	NumStability.Source.Higham.Chapter14.Theorem05.ForwardError.GJEAsymptoticFamilies	source	relocated
NumStability.Ch14Ext.Ch14GJEConcreteFamily.matrix_recurrence	theorem	public	NumStability.Algorithms.Ch14GJEAsymptoticFamilies	D42	NumStability.Source.Higham.Chapter14.Theorem05.ForwardError.GJEAsymptoticFamilies	source	relocated
NumStability.Ch14Ext.Ch14GJEConcreteFamily.mk	constructor	public	NumStability.Algorithms.Ch14GJEAsymptoticFamilies	D42	NumStability.Source.Higham.Chapter14.Theorem05.ForwardError.GJEAsymptoticFamilies	source	relocated
NumStability.Ch14Ext.Ch14GJEConcreteFamily.mk.inj	theorem	public	NumStability.Algorithms.Ch14GJEAsymptoticFamilies	D42	NumStability.Source.Higham.Chapter14.Theorem05.ForwardError.GJEAsymptoticFamilies	source	relocated
NumStability.Ch14Ext.Ch14GJEConcreteFamily.mk.injEq	theorem	public	NumStability.Algorithms.Ch14GJEAsymptoticFamilies	D42	NumStability.Source.Higham.Chapter14.Theorem05.ForwardError.GJEAsymptoticFamilies	source	relocated
NumStability.Ch14Ext.Ch14GJEConcreteFamily.mk.noConfusion	definition	public	NumStability.Algorithms.Ch14GJEAsymptoticFamilies	D42	NumStability.Source.Higham.Chapter14.Theorem05.ForwardError.GJEAsymptoticFamilies	source	relocated
NumStability.Ch14Ext.Ch14GJEConcreteFamily.mk.sizeOf_spec	theorem	public	NumStability.Algorithms.Ch14GJEAsymptoticFamilies	D42	NumStability.Source.Higham.Chapter14.Theorem05.ForwardError.GJEAsymptoticFamilies	source	relocated
NumStability.Ch14Ext.Ch14GJEConcreteFamily.model	definition	public	NumStability.Algorithms.Ch14GJEAsymptoticFamilies	D42	NumStability.Source.Higham.Chapter14.Theorem05.ForwardError.GJEAsymptoticFamilies	source	relocated
NumStability.Ch14Ext.Ch14GJEConcreteFamily.noConfusion	definition	public	NumStability.Algorithms.Ch14GJEAsymptoticFamilies	D42	NumStability.Source.Higham.Chapter14.Theorem05.ForwardError.GJEAsymptoticFamilies	source	relocated
NumStability.Ch14Ext.Ch14GJEConcreteFamily.noConfusionType	definition	public	NumStability.Algorithms.Ch14GJEAsymptoticFamilies	D42	NumStability.Source.Higham.Chapter14.Theorem05.ForwardError.GJEAsymptoticFamilies	source	relocated
NumStability.Ch14Ext.Ch14GJEConcreteFamily.pivots_nonzero	theorem	public	NumStability.Algorithms.Ch14GJEAsymptoticFamilies	D42	NumStability.Source.Higham.Chapter14.Theorem05.ForwardError.GJEAsymptoticFamilies	source	relocated
NumStability.Ch14Ext.Ch14GJEConcreteFamily.rec	recursor	public	NumStability.Algorithms.Ch14GJEAsymptoticFamilies	D42	NumStability.Source.Higham.Chapter14.Theorem05.ForwardError.GJEAsymptoticFamilies	source	relocated
NumStability.Ch14Ext.Ch14GJEConcreteFamily.recOn	definition	public	NumStability.Algorithms.Ch14GJEAsymptoticFamilies	D42	NumStability.Source.Higham.Chapter14.Theorem05.ForwardError.GJEAsymptoticFamilies	source	relocated
NumStability.Ch14Ext.Ch14GJEConcreteFamily.unit_tendsto_zero	theorem	public	NumStability.Algorithms.Ch14GJEAsymptoticFamilies	D42	NumStability.Source.Higham.Chapter14.Theorem05.ForwardError.GJEAsymptoticFamilies	source	relocated
NumStability.Ch14Ext.Ch14GJEConcreteFamily.valid_n	theorem	public	NumStability.Algorithms.Ch14GJEAsymptoticFamilies	D42	NumStability.Source.Higham.Chapter14.Theorem05.ForwardError.GJEAsymptoticFamilies	source	relocated
NumStability.Ch14Ext.Ch14GJEConcreteFamily.valid_three	theorem	public	NumStability.Algorithms.Ch14GJEAsymptoticFamilies	D42	NumStability.Source.Higham.Chapter14.Theorem05.ForwardError.GJEAsymptoticFamilies	source	relocated
NumStability.Ch14Ext.Ch14GJEConcreteFamily.vector_recurrence	theorem	public	NumStability.Algorithms.Ch14GJEAsymptoticFamilies	D42	NumStability.Source.Higham.Chapter14.Theorem05.ForwardError.GJEAsymptoticFamilies	source	relocated
NumStability.Ch14Ext.Ch14GJEConcreteFamily.x_hat	definition	public	NumStability.Algorithms.Ch14GJEAsymptoticFamilies	D42	NumStability.Source.Higham.Chapter14.Theorem05.ForwardError.GJEAsymptoticFamilies	source	relocated
NumStability.Ch14Ext.Ch14GJEConcreteFamily.x_hat_isBigO_one	theorem	public	NumStability.Algorithms.Ch14GJEAsymptoticFamilies	D42	NumStability.Source.Higham.Chapter14.Theorem05.ForwardError.GJEAsymptoticFamilies	source	relocated
NumStability.Ch14Ext.Ch14GJEConcreteFamily.xseq	definition	public	NumStability.Algorithms.Ch14GJEAsymptoticFamilies	D42	NumStability.Source.Higham.Chapter14.Theorem05.ForwardError.GJEAsymptoticFamilies	source	relocated
NumStability.Ch14Ext.Ch14GJEConcreteFamily.y_isBigO_one	theorem	public	NumStability.Algorithms.Ch14GJEAsymptoticFamilies	D42	NumStability.Source.Higham.Chapter14.Theorem05.ForwardError.GJEAsymptoticFamilies	source	relocated
NumStability.Ch14Ext.Ch14GJEFinalizedFamily	inductive	public	NumStability.Algorithms.Ch14GJEFinalDivisionClosure	D11	NumStability.Source.Higham.Chapter14.Algorithm04.Execution.GJEFinalDivisionClosure	source	relocated
NumStability.Ch14Ext.Ch14GJEFinalizedFamily.L_hat	definition	public	NumStability.Algorithms.Ch14GJEFinalDivisionClosure	D11	NumStability.Source.Higham.Chapter14.Algorithm04.Execution.GJEFinalDivisionClosure	source	relocated
NumStability.Ch14Ext.Ch14GJEFinalizedFamily.L_hat_isBigO_one	theorem	public	NumStability.Algorithms.Ch14GJEFinalDivisionClosure	D11	NumStability.Source.Higham.Chapter14.Algorithm04.Execution.GJEFinalDivisionClosure	source	relocated
NumStability.Ch14Ext.Ch14GJEFinalizedFamily.U_hat_isBigO_one	theorem	public	NumStability.Algorithms.Ch14GJEFinalDivisionClosure	D11	NumStability.Source.Higham.Chapter14.Algorithm04.Execution.GJEFinalDivisionClosure	source	relocated
NumStability.Ch14Ext.Ch14GJEFinalizedFamily.U_inv	definition	public	NumStability.Algorithms.Ch14GJEFinalDivisionClosure	D11	NumStability.Source.Higham.Chapter14.Algorithm04.Execution.GJEFinalDivisionClosure	source	relocated
NumStability.Ch14Ext.Ch14GJEFinalizedFamily.U_inv_isBigO_one	theorem	public	NumStability.Algorithms.Ch14GJEFinalDivisionClosure	D11	NumStability.Source.Higham.Chapter14.Algorithm04.Execution.GJEFinalDivisionClosure	source	relocated
NumStability.Ch14Ext.Ch14GJEFinalizedFamily.casesOn	definition	public	NumStability.Algorithms.Ch14GJEFinalDivisionClosure	D11	NumStability.Source.Higham.Chapter14.Algorithm04.Execution.GJEFinalDivisionClosure	source	relocated
NumStability.Ch14Ext.Ch14GJEFinalizedFamily.computed_upper_inverse	theorem	public	NumStability.Algorithms.Ch14GJEFinalDivisionClosure	D11	NumStability.Source.Higham.Chapter14.Algorithm04.Execution.GJEFinalDivisionClosure	source	relocated
NumStability.Ch14Ext.Ch14GJEFinalizedFamily.ctorIdx	definition	public	NumStability.Algorithms.Ch14GJEFinalDivisionClosure	D11	NumStability.Source.Higham.Chapter14.Algorithm04.Execution.GJEFinalDivisionClosure	source	relocated
NumStability.Ch14Ext.Ch14GJEFinalizedFamily.diagonal_nonzero	theorem	public	NumStability.Algorithms.Ch14GJEFinalDivisionClosure	D11	NumStability.Source.Higham.Chapter14.Algorithm04.Execution.GJEFinalDivisionClosure	source	relocated
NumStability.Ch14Ext.Ch14GJEFinalizedFamily.dimension_pos	theorem	public	NumStability.Algorithms.Ch14GJEFinalDivisionClosure	D11	NumStability.Source.Higham.Chapter14.Algorithm04.Execution.GJEFinalDivisionClosure	source	relocated
NumStability.Ch14Ext.Ch14GJEFinalizedFamily.forward_start	theorem	public	NumStability.Algorithms.Ch14GJEFinalDivisionClosure	D11	NumStability.Source.Higham.Chapter14.Algorithm04.Execution.GJEFinalDivisionClosure	source	relocated
NumStability.Ch14Ext.Ch14GJEFinalizedFamily.initial	definition	public	NumStability.Algorithms.Ch14GJEFinalDivisionClosure	D11	NumStability.Source.Higham.Chapter14.Algorithm04.Execution.GJEFinalDivisionClosure	source	relocated
NumStability.Ch14Ext.Ch14GJEFinalizedFamily.lu_certificate	theorem	public	NumStability.Algorithms.Ch14GJEFinalDivisionClosure	D11	NumStability.Source.Higham.Chapter14.Algorithm04.Execution.GJEFinalDivisionClosure	source	relocated
NumStability.Ch14Ext.Ch14GJEFinalizedFamily.mk	constructor	public	NumStability.Algorithms.Ch14GJEFinalDivisionClosure	D11	NumStability.Source.Higham.Chapter14.Algorithm04.Execution.GJEFinalDivisionClosure	source	relocated
NumStability.Ch14Ext.Ch14GJEFinalizedFamily.mk.inj	theorem	public	NumStability.Algorithms.Ch14GJEFinalDivisionClosure	D11	NumStability.Source.Higham.Chapter14.Algorithm04.Execution.GJEFinalDivisionClosure	source	relocated
NumStability.Ch14Ext.Ch14GJEFinalizedFamily.mk.injEq	theorem	public	NumStability.Algorithms.Ch14GJEFinalDivisionClosure	D11	NumStability.Source.Higham.Chapter14.Algorithm04.Execution.GJEFinalDivisionClosure	source	relocated
NumStability.Ch14Ext.Ch14GJEFinalizedFamily.mk.noConfusion	definition	public	NumStability.Algorithms.Ch14GJEFinalDivisionClosure	D11	NumStability.Source.Higham.Chapter14.Algorithm04.Execution.GJEFinalDivisionClosure	source	relocated
NumStability.Ch14Ext.Ch14GJEFinalizedFamily.mk.sizeOf_spec	theorem	public	NumStability.Algorithms.Ch14GJEFinalDivisionClosure	D11	NumStability.Source.Higham.Chapter14.Algorithm04.Execution.GJEFinalDivisionClosure	source	relocated
NumStability.Ch14Ext.Ch14GJEFinalizedFamily.model	definition	public	NumStability.Algorithms.Ch14GJEFinalDivisionClosure	D11	NumStability.Source.Higham.Chapter14.Algorithm04.Execution.GJEFinalDivisionClosure	source	relocated
NumStability.Ch14Ext.Ch14GJEFinalizedFamily.noConfusion	definition	public	NumStability.Algorithms.Ch14GJEFinalDivisionClosure	D11	NumStability.Source.Higham.Chapter14.Algorithm04.Execution.GJEFinalDivisionClosure	source	relocated
NumStability.Ch14Ext.Ch14GJEFinalizedFamily.noConfusionType	definition	public	NumStability.Algorithms.Ch14GJEFinalDivisionClosure	D11	NumStability.Source.Higham.Chapter14.Algorithm04.Execution.GJEFinalDivisionClosure	source	relocated
NumStability.Ch14Ext.Ch14GJEFinalizedFamily.normalized_Pabs_isBigO_one	theorem	public	NumStability.Algorithms.Ch14GJEFinalDivisionClosure	D11	NumStability.Source.Higham.Chapter14.Algorithm04.Execution.GJEFinalDivisionClosure	source	relocated
NumStability.Ch14Ext.Ch14GJEFinalizedFamily.output_isBigO_one	theorem	public	NumStability.Algorithms.Ch14GJEFinalDivisionClosure	D11	NumStability.Source.Higham.Chapter14.Algorithm04.Execution.GJEFinalDivisionClosure	source	relocated
NumStability.Ch14Ext.Ch14GJEFinalizedFamily.pivots_nonzero	theorem	public	NumStability.Algorithms.Ch14GJEFinalDivisionClosure	D11	NumStability.Source.Higham.Chapter14.Algorithm04.Execution.GJEFinalDivisionClosure	source	relocated
NumStability.Ch14Ext.Ch14GJEFinalizedFamily.rec	recursor	public	NumStability.Algorithms.Ch14GJEFinalDivisionClosure	D11	NumStability.Source.Higham.Chapter14.Algorithm04.Execution.GJEFinalDivisionClosure	source	relocated
NumStability.Ch14Ext.Ch14GJEFinalizedFamily.recOn	definition	public	NumStability.Algorithms.Ch14GJEFinalDivisionClosure	D11	NumStability.Source.Higham.Chapter14.Algorithm04.Execution.GJEFinalDivisionClosure	source	relocated
NumStability.Ch14Ext.Ch14GJEFinalizedFamily.source_Xabs_isBigO_one	theorem	public	NumStability.Algorithms.Ch14GJEFinalDivisionClosure	D11	NumStability.Source.Higham.Chapter14.Algorithm04.Execution.GJEFinalDivisionClosure	source	relocated
NumStability.Ch14Ext.Ch14GJEFinalizedFamily.unit_tendsto_zero	theorem	public	NumStability.Algorithms.Ch14GJEFinalDivisionClosure	D11	NumStability.Source.Higham.Chapter14.Algorithm04.Execution.GJEFinalDivisionClosure	source	relocated
NumStability.Ch14Ext.Ch14GJEFinalizedFamily.upper_solve	theorem	public	NumStability.Algorithms.Ch14GJEFinalDivisionClosure	D11	NumStability.Source.Higham.Chapter14.Algorithm04.Execution.GJEFinalDivisionClosure	source	relocated
NumStability.Ch14Ext.Ch14GJEFinalizedFamily.valid_n	theorem	public	NumStability.Algorithms.Ch14GJEFinalDivisionClosure	D11	NumStability.Source.Higham.Chapter14.Algorithm04.Execution.GJEFinalDivisionClosure	source	relocated
NumStability.Ch14Ext.Ch14GJEFinalizedFamily.valid_one	theorem	public	NumStability.Algorithms.Ch14GJEFinalDivisionClosure	D11	NumStability.Source.Higham.Chapter14.Algorithm04.Execution.GJEFinalDivisionClosure	source	relocated
NumStability.Ch14Ext.Ch14GJEFinalizedFamily.valid_three	theorem	public	NumStability.Algorithms.Ch14GJEFinalDivisionClosure	D11	NumStability.Source.Higham.Chapter14.Algorithm04.Execution.GJEFinalDivisionClosure	source	relocated
NumStability.Ch14Ext.Ch14GJEFinalizedFamily.y_isBigO_one	theorem	public	NumStability.Algorithms.Ch14GJEFinalDivisionClosure	D11	NumStability.Source.Higham.Chapter14.Algorithm04.Execution.GJEFinalDivisionClosure	source	relocated
NumStability.Ch14Ext.Ch14GJEFinalizedFamily.z	definition	public	NumStability.Algorithms.Ch14GJEFinalDivisionClosure	D11	NumStability.Source.Higham.Chapter14.Algorithm04.Execution.GJEFinalDivisionClosure	source	relocated
NumStability.Ch14Ext.Ch14GJEFinalizedFamily.z_isBigO_one	theorem	public	NumStability.Algorithms.Ch14GJEFinalDivisionClosure	D11	NumStability.Source.Higham.Chapter14.Algorithm04.Execution.GJEFinalDivisionClosure	source	relocated
NumStability.Ch14Ext.Ch14GJEPrintedEnvelopeFamily	inductive	public	NumStability.Algorithms.Ch14GJEPrintedEnvelopeClosure	D42	NumStability.Source.Higham.Chapter14.Theorem05.ForwardError.GJEPrintedEnvelopeClosure	source	relocated
NumStability.Ch14Ext.Ch14GJEPrintedEnvelopeFamily.P_error	definition	public	NumStability.Algorithms.Ch14GJEPrintedEnvelopeClosure	D42	NumStability.Source.Higham.Chapter14.Theorem05.ForwardError.GJEPrintedEnvelopeClosure	source	relocated
NumStability.Ch14Ext.Ch14GJEPrintedEnvelopeFamily.P_error_isBigO_one	theorem	public	NumStability.Algorithms.Ch14GJEPrintedEnvelopeClosure	D42	NumStability.Source.Higham.Chapter14.Theorem05.ForwardError.GJEPrintedEnvelopeClosure	source	relocated
NumStability.Ch14Ext.Ch14GJEPrintedEnvelopeFamily.P_error_nonneg	theorem	public	NumStability.Algorithms.Ch14GJEPrintedEnvelopeClosure	D42	NumStability.Source.Higham.Chapter14.Theorem05.ForwardError.GJEPrintedEnvelopeClosure	source	relocated
NumStability.Ch14Ext.Ch14GJEPrintedEnvelopeFamily.P_upper	theorem	public	NumStability.Algorithms.Ch14GJEPrintedEnvelopeClosure	D42	NumStability.Source.Higham.Chapter14.Theorem05.ForwardError.GJEPrintedEnvelopeClosure	source	relocated
NumStability.Ch14Ext.Ch14GJEPrintedEnvelopeFamily.Pabs	definition	public	NumStability.Algorithms.Ch14GJEPrintedEnvelopeClosure	D42	NumStability.Source.Higham.Chapter14.Theorem05.ForwardError.GJEPrintedEnvelopeClosure	source	relocated
NumStability.Ch14Ext.Ch14GJEPrintedEnvelopeFamily.Pabs_nonneg	theorem	public	NumStability.Algorithms.Ch14GJEPrintedEnvelopeClosure	D42	NumStability.Source.Higham.Chapter14.Theorem05.ForwardError.GJEPrintedEnvelopeClosure	source	relocated
NumStability.Ch14Ext.Ch14GJEPrintedEnvelopeFamily.Q	definition	public	NumStability.Algorithms.Ch14GJEPrintedEnvelopeClosure	D42	NumStability.Source.Higham.Chapter14.Theorem05.ForwardError.GJEPrintedEnvelopeClosure	source	relocated
NumStability.Ch14Ext.Ch14GJEPrintedEnvelopeFamily.Q_error	definition	public	NumStability.Algorithms.Ch14GJEPrintedEnvelopeClosure	D42	NumStability.Source.Higham.Chapter14.Theorem05.ForwardError.GJEPrintedEnvelopeClosure	source	relocated
NumStability.Ch14Ext.Ch14GJEPrintedEnvelopeFamily.Q_error_isBigO_one	theorem	public	NumStability.Algorithms.Ch14GJEPrintedEnvelopeClosure	D42	NumStability.Source.Higham.Chapter14.Theorem05.ForwardError.GJEPrintedEnvelopeClosure	source	relocated
NumStability.Ch14Ext.Ch14GJEPrintedEnvelopeFamily.Q_error_nonneg	theorem	public	NumStability.Algorithms.Ch14GJEPrintedEnvelopeClosure	D42	NumStability.Source.Higham.Chapter14.Theorem05.ForwardError.GJEPrintedEnvelopeClosure	source	relocated
NumStability.Ch14Ext.Ch14GJEPrintedEnvelopeFamily.Q_proximity	theorem	public	NumStability.Algorithms.Ch14GJEPrintedEnvelopeClosure	D42	NumStability.Source.Higham.Chapter14.Theorem05.ForwardError.GJEPrintedEnvelopeClosure	source	relocated
NumStability.Ch14Ext.Ch14GJEPrintedEnvelopeFamily.U_hat	definition	public	NumStability.Algorithms.Ch14GJEPrintedEnvelopeClosure	D42	NumStability.Source.Higham.Chapter14.Theorem05.ForwardError.GJEPrintedEnvelopeClosure	source	relocated
NumStability.Ch14Ext.Ch14GJEPrintedEnvelopeFamily.U_hat_isBigO_one	theorem	public	NumStability.Algorithms.Ch14GJEPrintedEnvelopeClosure	D42	NumStability.Source.Higham.Chapter14.Theorem05.ForwardError.GJEPrintedEnvelopeClosure	source	relocated
NumStability.Ch14Ext.Ch14GJEPrintedEnvelopeFamily.U_inv	definition	public	NumStability.Algorithms.Ch14GJEPrintedEnvelopeClosure	D42	NumStability.Source.Higham.Chapter14.Theorem05.ForwardError.GJEPrintedEnvelopeClosure	source	relocated
NumStability.Ch14Ext.Ch14GJEPrintedEnvelopeFamily.U_inv_isBigO_one	theorem	public	NumStability.Algorithms.Ch14GJEPrintedEnvelopeClosure	D42	NumStability.Source.Higham.Chapter14.Theorem05.ForwardError.GJEPrintedEnvelopeClosure	source	relocated
NumStability.Ch14Ext.Ch14GJEPrintedEnvelopeFamily.casesOn	definition	public	NumStability.Algorithms.Ch14GJEPrintedEnvelopeClosure	D42	NumStability.Source.Higham.Chapter14.Theorem05.ForwardError.GJEPrintedEnvelopeClosure	source	relocated
NumStability.Ch14Ext.Ch14GJEPrintedEnvelopeFamily.ctorIdx	definition	public	NumStability.Algorithms.Ch14GJEPrintedEnvelopeClosure	D42	NumStability.Source.Higham.Chapter14.Theorem05.ForwardError.GJEPrintedEnvelopeClosure	source	relocated
NumStability.Ch14Ext.Ch14GJEPrintedEnvelopeFamily.dimension_pos	theorem	public	NumStability.Algorithms.Ch14GJEPrintedEnvelopeClosure	D42	NumStability.Source.Higham.Chapter14.Theorem05.ForwardError.GJEPrintedEnvelopeClosure	source	relocated
NumStability.Ch14Ext.Ch14GJEPrintedEnvelopeFamily.exact_envelope_isBigO_one	theorem	public	NumStability.Algorithms.Ch14GJEPrintedEnvelopeClosure	D42	NumStability.Source.Higham.Chapter14.Theorem05.ForwardError.GJEPrintedEnvelopeClosure	source	relocated
NumStability.Ch14Ext.Ch14GJEPrintedEnvelopeFamily.inverse_certificate	theorem	public	NumStability.Algorithms.Ch14GJEPrintedEnvelopeClosure	D42	NumStability.Source.Higham.Chapter14.Theorem05.ForwardError.GJEPrintedEnvelopeClosure	source	relocated
NumStability.Ch14Ext.Ch14GJEPrintedEnvelopeFamily.mk	constructor	public	NumStability.Algorithms.Ch14GJEPrintedEnvelopeClosure	D42	NumStability.Source.Higham.Chapter14.Theorem05.ForwardError.GJEPrintedEnvelopeClosure	source	relocated
NumStability.Ch14Ext.Ch14GJEPrintedEnvelopeFamily.mk.inj	theorem	public	NumStability.Algorithms.Ch14GJEPrintedEnvelopeClosure	D42	NumStability.Source.Higham.Chapter14.Theorem05.ForwardError.GJEPrintedEnvelopeClosure	source	relocated
NumStability.Ch14Ext.Ch14GJEPrintedEnvelopeFamily.mk.injEq	theorem	public	NumStability.Algorithms.Ch14GJEPrintedEnvelopeClosure	D42	NumStability.Source.Higham.Chapter14.Theorem05.ForwardError.GJEPrintedEnvelopeClosure	source	relocated
NumStability.Ch14Ext.Ch14GJEPrintedEnvelopeFamily.mk.noConfusion	definition	public	NumStability.Algorithms.Ch14GJEPrintedEnvelopeClosure	D42	NumStability.Source.Higham.Chapter14.Theorem05.ForwardError.GJEPrintedEnvelopeClosure	source	relocated
NumStability.Ch14Ext.Ch14GJEPrintedEnvelopeFamily.mk.sizeOf_spec	theorem	public	NumStability.Algorithms.Ch14GJEPrintedEnvelopeClosure	D42	NumStability.Source.Higham.Chapter14.Theorem05.ForwardError.GJEPrintedEnvelopeClosure	source	relocated
NumStability.Ch14Ext.Ch14GJEPrintedEnvelopeFamily.model	definition	public	NumStability.Algorithms.Ch14GJEPrintedEnvelopeClosure	D42	NumStability.Source.Higham.Chapter14.Theorem05.ForwardError.GJEPrintedEnvelopeClosure	source	relocated
NumStability.Ch14Ext.Ch14GJEPrintedEnvelopeFamily.noConfusion	definition	public	NumStability.Algorithms.Ch14GJEPrintedEnvelopeClosure	D42	NumStability.Source.Higham.Chapter14.Theorem05.ForwardError.GJEPrintedEnvelopeClosure	source	relocated
NumStability.Ch14Ext.Ch14GJEPrintedEnvelopeFamily.noConfusionType	definition	public	NumStability.Algorithms.Ch14GJEPrintedEnvelopeClosure	D42	NumStability.Source.Higham.Chapter14.Theorem05.ForwardError.GJEPrintedEnvelopeClosure	source	relocated
NumStability.Ch14Ext.Ch14GJEPrintedEnvelopeFamily.rec	recursor	public	NumStability.Algorithms.Ch14GJEPrintedEnvelopeClosure	D42	NumStability.Source.Higham.Chapter14.Theorem05.ForwardError.GJEPrintedEnvelopeClosure	source	relocated
NumStability.Ch14Ext.Ch14GJEPrintedEnvelopeFamily.recOn	definition	public	NumStability.Algorithms.Ch14GJEPrintedEnvelopeClosure	D42	NumStability.Source.Higham.Chapter14.Theorem05.ForwardError.GJEPrintedEnvelopeClosure	source	relocated
NumStability.Ch14Ext.Ch14GJEPrintedEnvelopeFamily.unit_tendsto_zero	theorem	public	NumStability.Algorithms.Ch14GJEPrintedEnvelopeClosure	D42	NumStability.Source.Higham.Chapter14.Theorem05.ForwardError.GJEPrintedEnvelopeClosure	source	relocated
NumStability.Ch14Ext.Ch14GJEPrintedEnvelopeFamily.valid_three	theorem	public	NumStability.Algorithms.Ch14GJEPrintedEnvelopeClosure	D42	NumStability.Source.Higham.Chapter14.Theorem05.ForwardError.GJEPrintedEnvelopeClosure	source	relocated
NumStability.Ch14Ext.Ch14GJEState	inductive	public	NumStability.Algorithms.GaussJordanPivoting	D12	NumStability.Source.Higham.Chapter14.Algorithm04.Pivoting.GaussJordanPivoting	source	relocated
NumStability.Ch14Ext.Ch14GJEState.casesOn	definition	public	NumStability.Algorithms.GaussJordanPivoting	D12	NumStability.Source.Higham.Chapter14.Algorithm04.Pivoting.GaussJordanPivoting	source	relocated
NumStability.Ch14Ext.Ch14GJEState.ctorIdx	definition	public	NumStability.Algorithms.GaussJordanPivoting	D12	NumStability.Source.Higham.Chapter14.Algorithm04.Pivoting.GaussJordanPivoting	source	relocated
NumStability.Ch14Ext.Ch14GJEState.matrix	definition	public	NumStability.Algorithms.GaussJordanPivoting	D12	NumStability.Source.Higham.Chapter14.Algorithm04.Pivoting.GaussJordanPivoting	source	relocated
NumStability.Ch14Ext.Ch14GJEState.mk	constructor	public	NumStability.Algorithms.GaussJordanPivoting	D12	NumStability.Source.Higham.Chapter14.Algorithm04.Pivoting.GaussJordanPivoting	source	relocated
NumStability.Ch14Ext.Ch14GJEState.mk.inj	theorem	public	NumStability.Algorithms.GaussJordanPivoting	D12	NumStability.Source.Higham.Chapter14.Algorithm04.Pivoting.GaussJordanPivoting	source	relocated
NumStability.Ch14Ext.Ch14GJEState.mk.injEq	theorem	public	NumStability.Algorithms.GaussJordanPivoting	D12	NumStability.Source.Higham.Chapter14.Algorithm04.Pivoting.GaussJordanPivoting	source	relocated
NumStability.Ch14Ext.Ch14GJEState.mk.noConfusion	definition	public	NumStability.Algorithms.GaussJordanPivoting	D12	NumStability.Source.Higham.Chapter14.Algorithm04.Pivoting.GaussJordanPivoting	source	relocated
NumStability.Ch14Ext.Ch14GJEState.mk.sizeOf_spec	theorem	public	NumStability.Algorithms.GaussJordanPivoting	D12	NumStability.Source.Higham.Chapter14.Algorithm04.Pivoting.GaussJordanPivoting	source	relocated
NumStability.Ch14Ext.Ch14GJEState.noConfusion	definition	public	NumStability.Algorithms.GaussJordanPivoting	D12	NumStability.Source.Higham.Chapter14.Algorithm04.Pivoting.GaussJordanPivoting	source	relocated
NumStability.Ch14Ext.Ch14GJEState.noConfusionType	definition	public	NumStability.Algorithms.GaussJordanPivoting	D12	NumStability.Source.Higham.Chapter14.Algorithm04.Pivoting.GaussJordanPivoting	source	relocated
NumStability.Ch14Ext.Ch14GJEState.rec	recursor	public	NumStability.Algorithms.GaussJordanPivoting	D12	NumStability.Source.Higham.Chapter14.Algorithm04.Pivoting.GaussJordanPivoting	source	relocated
NumStability.Ch14Ext.Ch14GJEState.recOn	definition	public	NumStability.Algorithms.GaussJordanPivoting	D12	NumStability.Source.Higham.Chapter14.Algorithm04.Pivoting.GaussJordanPivoting	source	relocated
NumStability.Ch14Ext.Ch14GJEState.rhs	definition	public	NumStability.Algorithms.GaussJordanPivoting	D12	NumStability.Source.Higham.Chapter14.Algorithm04.Pivoting.GaussJordanPivoting	source	relocated
NumStability.Ch14Ext.Ch14GJETheorem145SourceFamily	inductive	public	NumStability.Algorithms.Ch14GJETheorem145SourceClosure	D42	NumStability.Source.Higham.Chapter14.Theorem05.ForwardError.GJETheorem145SourceClosure	source	relocated
NumStability.Ch14Ext.Ch14GJETheorem145SourceFamily.L_hat	definition	public	NumStability.Algorithms.Ch14GJETheorem145SourceClosure	D42	NumStability.Source.Higham.Chapter14.Theorem05.ForwardError.GJETheorem145SourceClosure	source	relocated
NumStability.Ch14Ext.Ch14GJETheorem145SourceFamily.L_hat_isBigO_one	theorem	public	NumStability.Algorithms.Ch14GJETheorem145SourceClosure	D42	NumStability.Source.Higham.Chapter14.Theorem05.ForwardError.GJETheorem145SourceClosure	source	relocated
NumStability.Ch14Ext.Ch14GJETheorem145SourceFamily.U_hat_isBigO_one	theorem	public	NumStability.Algorithms.Ch14GJETheorem145SourceClosure	D42	NumStability.Source.Higham.Chapter14.Theorem05.ForwardError.GJETheorem145SourceClosure	source	relocated
NumStability.Ch14Ext.Ch14GJETheorem145SourceFamily.casesOn	definition	public	NumStability.Algorithms.Ch14GJETheorem145SourceClosure	D42	NumStability.Source.Higham.Chapter14.Theorem05.ForwardError.GJETheorem145SourceClosure	source	relocated
NumStability.Ch14Ext.Ch14GJETheorem145SourceFamily.ctorIdx	definition	public	NumStability.Algorithms.Ch14GJETheorem145SourceClosure	D42	NumStability.Source.Higham.Chapter14.Theorem05.ForwardError.GJETheorem145SourceClosure	source	relocated
NumStability.Ch14Ext.Ch14GJETheorem145SourceFamily.dimension_pos	theorem	public	NumStability.Algorithms.Ch14GJETheorem145SourceClosure	D42	NumStability.Source.Higham.Chapter14.Theorem05.ForwardError.GJETheorem145SourceClosure	source	relocated
NumStability.Ch14Ext.Ch14GJETheorem145SourceFamily.final_matrix	theorem	public	NumStability.Algorithms.Ch14GJETheorem145SourceClosure	D42	NumStability.Source.Higham.Chapter14.Theorem05.ForwardError.GJETheorem145SourceClosure	source	relocated
NumStability.Ch14Ext.Ch14GJETheorem145SourceFamily.final_vector	theorem	public	NumStability.Algorithms.Ch14GJETheorem145SourceClosure	D42	NumStability.Source.Higham.Chapter14.Theorem05.ForwardError.GJETheorem145SourceClosure	source	relocated
NumStability.Ch14Ext.Ch14GJETheorem145SourceFamily.forward_start	theorem	public	NumStability.Algorithms.Ch14GJETheorem145SourceClosure	D42	NumStability.Source.Higham.Chapter14.Theorem05.ForwardError.GJETheorem145SourceClosure	source	relocated
NumStability.Ch14Ext.Ch14GJETheorem145SourceFamily.inverse_stage_isBigO_one	theorem	public	NumStability.Algorithms.Ch14GJETheorem145SourceClosure	D42	NumStability.Source.Higham.Chapter14.Theorem05.ForwardError.GJETheorem145SourceClosure	source	relocated
NumStability.Ch14Ext.Ch14GJETheorem145SourceFamily.lu_certificate	theorem	public	NumStability.Algorithms.Ch14GJETheorem145SourceClosure	D42	NumStability.Source.Higham.Chapter14.Theorem05.ForwardError.GJETheorem145SourceClosure	source	relocated
NumStability.Ch14Ext.Ch14GJETheorem145SourceFamily.mk	constructor	public	NumStability.Algorithms.Ch14GJETheorem145SourceClosure	D42	NumStability.Source.Higham.Chapter14.Theorem05.ForwardError.GJETheorem145SourceClosure	source	relocated
NumStability.Ch14Ext.Ch14GJETheorem145SourceFamily.mk.inj	theorem	public	NumStability.Algorithms.Ch14GJETheorem145SourceClosure	D42	NumStability.Source.Higham.Chapter14.Theorem05.ForwardError.GJETheorem145SourceClosure	source	relocated
NumStability.Ch14Ext.Ch14GJETheorem145SourceFamily.mk.injEq	theorem	public	NumStability.Algorithms.Ch14GJETheorem145SourceClosure	D42	NumStability.Source.Higham.Chapter14.Theorem05.ForwardError.GJETheorem145SourceClosure	source	relocated
NumStability.Ch14Ext.Ch14GJETheorem145SourceFamily.mk.noConfusion	definition	public	NumStability.Algorithms.Ch14GJETheorem145SourceClosure	D42	NumStability.Source.Higham.Chapter14.Theorem05.ForwardError.GJETheorem145SourceClosure	source	relocated
NumStability.Ch14Ext.Ch14GJETheorem145SourceFamily.mk.sizeOf_spec	theorem	public	NumStability.Algorithms.Ch14GJETheorem145SourceClosure	D42	NumStability.Source.Higham.Chapter14.Theorem05.ForwardError.GJETheorem145SourceClosure	source	relocated
NumStability.Ch14Ext.Ch14GJETheorem145SourceFamily.model	definition	public	NumStability.Algorithms.Ch14GJETheorem145SourceClosure	D42	NumStability.Source.Higham.Chapter14.Theorem05.ForwardError.GJETheorem145SourceClosure	source	relocated
NumStability.Ch14Ext.Ch14GJETheorem145SourceFamily.noConfusion	definition	public	NumStability.Algorithms.Ch14GJETheorem145SourceClosure	D42	NumStability.Source.Higham.Chapter14.Theorem05.ForwardError.GJETheorem145SourceClosure	source	relocated
NumStability.Ch14Ext.Ch14GJETheorem145SourceFamily.noConfusionType	definition	public	NumStability.Algorithms.Ch14GJETheorem145SourceClosure	D42	NumStability.Source.Higham.Chapter14.Theorem05.ForwardError.GJETheorem145SourceClosure	source	relocated
NumStability.Ch14Ext.Ch14GJETheorem145SourceFamily.pivots_nonzero	theorem	public	NumStability.Algorithms.Ch14GJETheorem145SourceClosure	D42	NumStability.Source.Higham.Chapter14.Theorem05.ForwardError.GJETheorem145SourceClosure	source	relocated
NumStability.Ch14Ext.Ch14GJETheorem145SourceFamily.rec	recursor	public	NumStability.Algorithms.Ch14GJETheorem145SourceClosure	D42	NumStability.Source.Higham.Chapter14.Theorem05.ForwardError.GJETheorem145SourceClosure	source	relocated
NumStability.Ch14Ext.Ch14GJETheorem145SourceFamily.recOn	definition	public	NumStability.Algorithms.Ch14GJETheorem145SourceClosure	D42	NumStability.Source.Higham.Chapter14.Theorem05.ForwardError.GJETheorem145SourceClosure	source	relocated
NumStability.Ch14Ext.Ch14GJETheorem145SourceFamily.stage_isBigO_one	theorem	public	NumStability.Algorithms.Ch14GJETheorem145SourceClosure	D42	NumStability.Source.Higham.Chapter14.Theorem05.ForwardError.GJETheorem145SourceClosure	source	relocated
NumStability.Ch14Ext.Ch14GJETheorem145SourceFamily.state	definition	public	NumStability.Algorithms.Ch14GJETheorem145SourceClosure	D42	NumStability.Source.Higham.Chapter14.Theorem05.ForwardError.GJETheorem145SourceClosure	source	relocated
NumStability.Ch14Ext.Ch14GJETheorem145SourceFamily.unit_tendsto_zero	theorem	public	NumStability.Algorithms.Ch14GJETheorem145SourceClosure	D42	NumStability.Source.Higham.Chapter14.Theorem05.ForwardError.GJETheorem145SourceClosure	source	relocated
NumStability.Ch14Ext.Ch14GJETheorem145SourceFamily.valid_n	theorem	public	NumStability.Algorithms.Ch14GJETheorem145SourceClosure	D42	NumStability.Source.Higham.Chapter14.Theorem05.ForwardError.GJETheorem145SourceClosure	source	relocated
NumStability.Ch14Ext.Ch14GJETheorem145SourceFamily.valid_three	theorem	public	NumStability.Algorithms.Ch14GJETheorem145SourceClosure	D42	NumStability.Source.Higham.Chapter14.Theorem05.ForwardError.GJETheorem145SourceClosure	source	relocated
NumStability.Ch14Ext.Ch14GJETheorem145SourceFamily.x_hat	definition	public	NumStability.Algorithms.Ch14GJETheorem145SourceClosure	D42	NumStability.Source.Higham.Chapter14.Theorem05.ForwardError.GJETheorem145SourceClosure	source	relocated
NumStability.Ch14Ext.Ch14GJETheorem145SourceFamily.x_hat_isBigO_one	theorem	public	NumStability.Algorithms.Ch14GJETheorem145SourceClosure	D42	NumStability.Source.Higham.Chapter14.Theorem05.ForwardError.GJETheorem145SourceClosure	source	relocated
NumStability.Ch14Ext.Ch14GJETheorem145SourceFamily.y_isBigO_one	theorem	public	NumStability.Algorithms.Ch14GJETheorem145SourceClosure	D42	NumStability.Source.Higham.Chapter14.Theorem05.ForwardError.GJETheorem145SourceClosure	source	relocated
NumStability.Ch14Ext.Ch14MatMulFamilySpec	inductive	public	NumStability.Algorithms.Ch14Problem142Families	D19	NumStability.Source.Higham.Chapter14.Problem02.TriangularInversion.Families	source	relocated
NumStability.Ch14Ext.Ch14MatMulFamilySpec.casesOn	definition	public	NumStability.Algorithms.Ch14Problem142Families	D19	NumStability.Source.Higham.Chapter14.Problem02.TriangularInversion.Families	source	relocated
NumStability.Ch14Ext.Ch14MatMulFamilySpec.equation	theorem	public	NumStability.Algorithms.Ch14Problem142Families	D19	NumStability.Source.Higham.Chapter14.Problem02.TriangularInversion.Families	source	relocated
NumStability.Ch14Ext.Ch14MatMulFamilySpec.left_norm_isBigO_one	theorem	public	NumStability.Algorithms.Ch14Problem142Families	D19	NumStability.Source.Higham.Chapter14.Problem02.TriangularInversion.Families	source	relocated
NumStability.Ch14Ext.Ch14MatMulFamilySpec.mk	constructor	public	NumStability.Algorithms.Ch14Problem142Families	D19	NumStability.Source.Higham.Chapter14.Problem02.TriangularInversion.Families	source	relocated
NumStability.Ch14Ext.Ch14MatMulFamilySpec.norm_bound	theorem	public	NumStability.Algorithms.Ch14Problem142Families	D19	NumStability.Source.Higham.Chapter14.Problem02.TriangularInversion.Families	source	relocated
NumStability.Ch14Ext.Ch14MatMulFamilySpec.rec	recursor	public	NumStability.Algorithms.Ch14Problem142Families	D19	NumStability.Source.Higham.Chapter14.Problem02.TriangularInversion.Families	source	relocated
NumStability.Ch14Ext.Ch14MatMulFamilySpec.recOn	definition	public	NumStability.Algorithms.Ch14Problem142Families	D19	NumStability.Source.Higham.Chapter14.Problem02.TriangularInversion.Families	source	relocated
NumStability.Ch14Ext.Ch14MatMulFamilySpec.right_norm_isBigO_one	theorem	public	NumStability.Algorithms.Ch14Problem142Families	D19	NumStability.Source.Higham.Chapter14.Problem02.TriangularInversion.Families	source	relocated
NumStability.Ch14Ext.Ch14MatrixFamilyIsBigO	definition	public	NumStability.Algorithms.Ch14Corollary147WeakFamily	D15	NumStability.Source.Higham.Chapter14.Corollary07.DiagonalDominance.WeakFamily	source	relocated
NumStability.Ch14Ext.Ch14Problem142Method1BFamilyDerivation	inductive	public	NumStability.Algorithms.Ch14Problem142Families	D19	NumStability.Source.Higham.Chapter14.Problem02.TriangularInversion.Families	source	relocated
NumStability.Ch14Ext.Ch14Problem142Method1BFamilyDerivation.below	inductive	public	NumStability.Algorithms.Ch14Problem142Families	D19	NumStability.Source.Higham.Chapter14.Problem02.TriangularInversion.Families	source	relocated
NumStability.Ch14Ext.Ch14Problem142Method1BFamilyDerivation.below.casesOn	definition	public	NumStability.Algorithms.Ch14Problem142Families	D19	NumStability.Source.Higham.Chapter14.Problem02.TriangularInversion.Families	source	relocated
NumStability.Ch14Ext.Ch14Problem142Method1BFamilyDerivation.below.leaf	constructor	public	NumStability.Algorithms.Ch14Problem142Families	D19	NumStability.Source.Higham.Chapter14.Problem02.TriangularInversion.Families	source	relocated
NumStability.Ch14Ext.Ch14Problem142Method1BFamilyDerivation.below.rec	recursor	public	NumStability.Algorithms.Ch14Problem142Families	D19	NumStability.Source.Higham.Chapter14.Problem02.TriangularInversion.Families	source	relocated
NumStability.Ch14Ext.Ch14Problem142Method1BFamilyDerivation.below.split	constructor	public	NumStability.Algorithms.Ch14Problem142Families	D19	NumStability.Source.Higham.Chapter14.Problem02.TriangularInversion.Families	source	relocated
NumStability.Ch14Ext.Ch14Problem142Method1BFamilyDerivation.brecOn	theorem	public	NumStability.Algorithms.Ch14Problem142Families	D19	NumStability.Source.Higham.Chapter14.Problem02.TriangularInversion.Families	source	relocated
NumStability.Ch14Ext.Ch14Problem142Method1BFamilyDerivation.casesOn	definition	public	NumStability.Algorithms.Ch14Problem142Families	D19	NumStability.Source.Higham.Chapter14.Problem02.TriangularInversion.Families	source	relocated
NumStability.Ch14Ext.Ch14Problem142Method1BFamilyDerivation.leaf	constructor	public	NumStability.Algorithms.Ch14Problem142Families	D19	NumStability.Source.Higham.Chapter14.Problem02.TriangularInversion.Families	source	relocated
NumStability.Ch14Ext.Ch14Problem142Method1BFamilyDerivation.rec	recursor	public	NumStability.Algorithms.Ch14Problem142Families	D19	NumStability.Source.Higham.Chapter14.Problem02.TriangularInversion.Families	source	relocated
NumStability.Ch14Ext.Ch14Problem142Method1BFamilyDerivation.recOn	definition	public	NumStability.Algorithms.Ch14Problem142Families	D19	NumStability.Source.Higham.Chapter14.Problem02.TriangularInversion.Families	source	relocated
NumStability.Ch14Ext.Ch14Problem142Method1BFamilyDerivation.right_residual_family	theorem	public	NumStability.Algorithms.Ch14Problem142Families	D19	NumStability.Algorithms.Ch14Problem142Families	source	retained
NumStability.Ch14Ext.Ch14Problem142Method1BFamilyDerivation.split	constructor	public	NumStability.Algorithms.Ch14Problem142Families	D19	NumStability.Source.Higham.Chapter14.Problem02.TriangularInversion.Families	source	relocated
NumStability.Ch14Ext.Ch14Problem142Method1BStepFamily	inductive	public	NumStability.Algorithms.Ch14Problem142Families	D19	NumStability.Source.Higham.Chapter14.Problem02.TriangularInversion.Families	source	relocated
NumStability.Ch14Ext.Ch14Problem142Method1BStepFamily.casesOn	definition	public	NumStability.Algorithms.Ch14Problem142Families	D19	NumStability.Source.Higham.Chapter14.Problem02.TriangularInversion.Families	source	relocated
NumStability.Ch14Ext.Ch14Problem142Method1BStepFamily.mk	constructor	public	NumStability.Algorithms.Ch14Problem142Families	D19	NumStability.Source.Higham.Chapter14.Problem02.TriangularInversion.Families	source	relocated
NumStability.Ch14Ext.Ch14Problem142Method1BStepFamily.offdiag_equation	theorem	public	NumStability.Algorithms.Ch14Problem142Families	D19	NumStability.Source.Higham.Chapter14.Problem02.TriangularInversion.Families	source	relocated
NumStability.Ch14Ext.Ch14Problem142Method1BStepFamily.offdiag_family	theorem	public	NumStability.Algorithms.Ch14Problem142Families	D19	NumStability.Source.Higham.Chapter14.Problem02.TriangularInversion.Families	source	relocated
NumStability.Ch14Ext.Ch14Problem142Method1BStepFamily.product	theorem	public	NumStability.Algorithms.Ch14Problem142Families	D19	NumStability.Source.Higham.Chapter14.Problem02.TriangularInversion.Families	source	relocated
NumStability.Ch14Ext.Ch14Problem142Method1BStepFamily.rec	recursor	public	NumStability.Algorithms.Ch14Problem142Families	D19	NumStability.Source.Higham.Chapter14.Problem02.TriangularInversion.Families	source	relocated
NumStability.Ch14Ext.Ch14Problem142Method1BStepFamily.recOn	definition	public	NumStability.Algorithms.Ch14Problem142Families	D19	NumStability.Source.Higham.Chapter14.Problem02.TriangularInversion.Families	source	relocated
NumStability.Ch14Ext.Ch14Problem142Method1BStepFamily.solve	theorem	public	NumStability.Algorithms.Ch14Problem142Families	D19	NumStability.Source.Higham.Chapter14.Problem02.TriangularInversion.Families	source	relocated
NumStability.Ch14Ext.Ch14Problem142Method2BStepFamily	inductive	public	NumStability.Algorithms.Ch14Problem142Families	D19	NumStability.Source.Higham.Chapter14.Problem02.TriangularInversion.Families	source	relocated
NumStability.Ch14Ext.Ch14Problem142Method2BStepFamily.casesOn	definition	public	NumStability.Algorithms.Ch14Problem142Families	D19	NumStability.Source.Higham.Chapter14.Problem02.TriangularInversion.Families	source	relocated
NumStability.Ch14Ext.Ch14Problem142Method2BStepFamily.first_product	theorem	public	NumStability.Algorithms.Ch14Problem142Families	D19	NumStability.Source.Higham.Chapter14.Problem02.TriangularInversion.Families	source	relocated
NumStability.Ch14Ext.Ch14Problem142Method2BStepFamily.mk	constructor	public	NumStability.Algorithms.Ch14Problem142Families	D19	NumStability.Source.Higham.Chapter14.Problem02.TriangularInversion.Families	source	relocated
NumStability.Ch14Ext.Ch14Problem142Method2BStepFamily.offdiag_residual_equation	theorem	public	NumStability.Algorithms.Ch14Problem142Families	D19	NumStability.Source.Higham.Chapter14.Problem02.TriangularInversion.Families	source	relocated
NumStability.Ch14Ext.Ch14Problem142Method2BStepFamily.offdiag_residual_family	theorem	public	NumStability.Algorithms.Ch14Problem142Families	D19	NumStability.Source.Higham.Chapter14.Problem02.TriangularInversion.Families	source	relocated
NumStability.Ch14Ext.Ch14Problem142Method2BStepFamily.rec	recursor	public	NumStability.Algorithms.Ch14Problem142Families	D19	NumStability.Source.Higham.Chapter14.Problem02.TriangularInversion.Families	source	relocated
NumStability.Ch14Ext.Ch14Problem142Method2BStepFamily.recOn	definition	public	NumStability.Algorithms.Ch14Problem142Families	D19	NumStability.Source.Higham.Chapter14.Problem02.TriangularInversion.Families	source	relocated
NumStability.Ch14Ext.Ch14Problem142Method2BStepFamily.second_product	theorem	public	NumStability.Algorithms.Ch14Problem142Families	D19	NumStability.Source.Higham.Chapter14.Problem02.TriangularInversion.Families	source	relocated
NumStability.Ch14Ext.Ch14Problem142Method2BStepFamily.update	theorem	public	NumStability.Algorithms.Ch14Problem142Families	D19	NumStability.Source.Higham.Chapter14.Problem02.TriangularInversion.Families	source	relocated
NumStability.Ch14Ext.Ch14Problem142Method2BStepFamily.updateDelta_family	theorem	public	NumStability.Algorithms.Ch14Problem142Families	D19	NumStability.Source.Higham.Chapter14.Problem02.TriangularInversion.Families	source	relocated
NumStability.Ch14Ext.Ch14Problem142Method2BStepFamily.update_equation	theorem	public	NumStability.Algorithms.Ch14Problem142Families	D19	NumStability.Source.Higham.Chapter14.Problem02.TriangularInversion.Families	source	relocated
NumStability.Ch14Ext.Ch14Problem142Method2CFamilyDerivation	inductive	public	NumStability.Algorithms.Ch14Problem142Families	D19	NumStability.Source.Higham.Chapter14.Problem02.TriangularInversion.Families	source	relocated
NumStability.Ch14Ext.Ch14Problem142Method2CFamilyDerivation.below	inductive	public	NumStability.Algorithms.Ch14Problem142Families	D19	NumStability.Source.Higham.Chapter14.Problem02.TriangularInversion.Families	source	relocated
NumStability.Ch14Ext.Ch14Problem142Method2CFamilyDerivation.below.casesOn	definition	public	NumStability.Algorithms.Ch14Problem142Families	D19	NumStability.Source.Higham.Chapter14.Problem02.TriangularInversion.Families	source	relocated
NumStability.Ch14Ext.Ch14Problem142Method2CFamilyDerivation.below.leaf	constructor	public	NumStability.Algorithms.Ch14Problem142Families	D19	NumStability.Source.Higham.Chapter14.Problem02.TriangularInversion.Families	source	relocated
NumStability.Ch14Ext.Ch14Problem142Method2CFamilyDerivation.below.rec	recursor	public	NumStability.Algorithms.Ch14Problem142Families	D19	NumStability.Source.Higham.Chapter14.Problem02.TriangularInversion.Families	source	relocated
NumStability.Ch14Ext.Ch14Problem142Method2CFamilyDerivation.below.split	constructor	public	NumStability.Algorithms.Ch14Problem142Families	D19	NumStability.Source.Higham.Chapter14.Problem02.TriangularInversion.Families	source	relocated
NumStability.Ch14Ext.Ch14Problem142Method2CFamilyDerivation.brecOn	theorem	public	NumStability.Algorithms.Ch14Problem142Families	D19	NumStability.Source.Higham.Chapter14.Problem02.TriangularInversion.Families	source	relocated
NumStability.Ch14Ext.Ch14Problem142Method2CFamilyDerivation.casesOn	definition	public	NumStability.Algorithms.Ch14Problem142Families	D19	NumStability.Source.Higham.Chapter14.Problem02.TriangularInversion.Families	source	relocated
NumStability.Ch14Ext.Ch14Problem142Method2CFamilyDerivation.leaf	constructor	public	NumStability.Algorithms.Ch14Problem142Families	D19	NumStability.Source.Higham.Chapter14.Problem02.TriangularInversion.Families	source	relocated
NumStability.Ch14Ext.Ch14Problem142Method2CFamilyDerivation.left_residual_family	theorem	public	NumStability.Algorithms.Ch14Problem142Families	D19	NumStability.Algorithms.Ch14Problem142Families	source	retained
NumStability.Ch14Ext.Ch14Problem142Method2CFamilyDerivation.rec	recursor	public	NumStability.Algorithms.Ch14Problem142Families	D19	NumStability.Source.Higham.Chapter14.Problem02.TriangularInversion.Families	source	relocated
NumStability.Ch14Ext.Ch14Problem142Method2CFamilyDerivation.recOn	definition	public	NumStability.Algorithms.Ch14Problem142Families	D19	NumStability.Source.Higham.Chapter14.Problem02.TriangularInversion.Families	source	relocated
NumStability.Ch14Ext.Ch14Problem142Method2CFamilyDerivation.split	constructor	public	NumStability.Algorithms.Ch14Problem142Families	D19	NumStability.Source.Higham.Chapter14.Problem02.TriangularInversion.Families	source	relocated
NumStability.Ch14Ext.Ch14Problem142Method2CStepFamily	inductive	public	NumStability.Algorithms.Ch14Problem142Families	D19	NumStability.Source.Higham.Chapter14.Problem02.TriangularInversion.Families	source	relocated
NumStability.Ch14Ext.Ch14Problem142Method2CStepFamily.casesOn	definition	public	NumStability.Algorithms.Ch14Problem142Families	D19	NumStability.Source.Higham.Chapter14.Problem02.TriangularInversion.Families	source	relocated
NumStability.Ch14Ext.Ch14Problem142Method2CStepFamily.mk	constructor	public	NumStability.Algorithms.Ch14Problem142Families	D19	NumStability.Source.Higham.Chapter14.Problem02.TriangularInversion.Families	source	relocated
NumStability.Ch14Ext.Ch14Problem142Method2CStepFamily.offdiag_equation	theorem	public	NumStability.Algorithms.Ch14Problem142Families	D19	NumStability.Source.Higham.Chapter14.Problem02.TriangularInversion.Families	source	relocated
NumStability.Ch14Ext.Ch14Problem142Method2CStepFamily.offdiag_family	theorem	public	NumStability.Algorithms.Ch14Problem142Families	D19	NumStability.Source.Higham.Chapter14.Problem02.TriangularInversion.Families	source	relocated
NumStability.Ch14Ext.Ch14Problem142Method2CStepFamily.product	theorem	public	NumStability.Algorithms.Ch14Problem142Families	D19	NumStability.Source.Higham.Chapter14.Problem02.TriangularInversion.Families	source	relocated
NumStability.Ch14Ext.Ch14Problem142Method2CStepFamily.rec	recursor	public	NumStability.Algorithms.Ch14Problem142Families	D19	NumStability.Source.Higham.Chapter14.Problem02.TriangularInversion.Families	source	relocated
NumStability.Ch14Ext.Ch14Problem142Method2CStepFamily.recOn	definition	public	NumStability.Algorithms.Ch14Problem142Families	D19	NumStability.Source.Higham.Chapter14.Problem02.TriangularInversion.Families	source	relocated
NumStability.Ch14Ext.Ch14Problem142Method2CStepFamily.solve	theorem	public	NumStability.Algorithms.Ch14Problem142Families	D19	NumStability.Source.Higham.Chapter14.Problem02.TriangularInversion.Families	source	relocated
NumStability.Ch14Ext.Ch14Problem145LeftFamily	inductive	public	NumStability.Algorithms.Ch14AsymptoticFamilies	D31	NumStability.Source.Higham.Chapter14.Section01.InverseErrorAnalysis.AsymptoticFamilies	source	relocated
NumStability.Ch14Ext.Ch14Problem145LeftFamily.casesOn	definition	public	NumStability.Algorithms.Ch14AsymptoticFamilies	D31	NumStability.Source.Higham.Chapter14.Section01.InverseErrorAnalysis.AsymptoticFamilies	source	relocated
NumStability.Ch14Ext.Ch14Problem145LeftFamily.ctorIdx	definition	public	NumStability.Algorithms.Ch14AsymptoticFamilies	D31	NumStability.Source.Higham.Chapter14.Section01.InverseErrorAnalysis.AsymptoticFamilies	source	relocated
NumStability.Ch14Ext.Ch14Problem145LeftFamily.inverse	definition	public	NumStability.Algorithms.Ch14AsymptoticFamilies	D31	NumStability.Source.Higham.Chapter14.Section01.InverseErrorAnalysis.AsymptoticFamilies	source	relocated
NumStability.Ch14Ext.Ch14Problem145LeftFamily.inverse_isBigO_one	theorem	public	NumStability.Algorithms.Ch14AsymptoticFamilies	D31	NumStability.Source.Higham.Chapter14.Section01.InverseErrorAnalysis.AsymptoticFamilies	source	relocated
NumStability.Ch14Ext.Ch14Problem145LeftFamily.mk	constructor	public	NumStability.Algorithms.Ch14AsymptoticFamilies	D31	NumStability.Source.Higham.Chapter14.Section01.InverseErrorAnalysis.AsymptoticFamilies	source	relocated
NumStability.Ch14Ext.Ch14Problem145LeftFamily.mk.inj	theorem	public	NumStability.Algorithms.Ch14AsymptoticFamilies	D31	NumStability.Source.Higham.Chapter14.Section01.InverseErrorAnalysis.AsymptoticFamilies	source	relocated
NumStability.Ch14Ext.Ch14Problem145LeftFamily.mk.injEq	theorem	public	NumStability.Algorithms.Ch14AsymptoticFamilies	D31	NumStability.Source.Higham.Chapter14.Section01.InverseErrorAnalysis.AsymptoticFamilies	source	relocated
NumStability.Ch14Ext.Ch14Problem145LeftFamily.mk.noConfusion	definition	public	NumStability.Algorithms.Ch14AsymptoticFamilies	D31	NumStability.Source.Higham.Chapter14.Section01.InverseErrorAnalysis.AsymptoticFamilies	source	relocated
NumStability.Ch14Ext.Ch14Problem145LeftFamily.mk.sizeOf_spec	theorem	public	NumStability.Algorithms.Ch14AsymptoticFamilies	D31	NumStability.Source.Higham.Chapter14.Section01.InverseErrorAnalysis.AsymptoticFamilies	source	relocated
NumStability.Ch14Ext.Ch14Problem145LeftFamily.model	definition	public	NumStability.Algorithms.Ch14AsymptoticFamilies	D31	NumStability.Source.Higham.Chapter14.Section01.InverseErrorAnalysis.AsymptoticFamilies	source	relocated
NumStability.Ch14Ext.Ch14Problem145LeftFamily.noConfusion	definition	public	NumStability.Algorithms.Ch14AsymptoticFamilies	D31	NumStability.Source.Higham.Chapter14.Section01.InverseErrorAnalysis.AsymptoticFamilies	source	relocated
NumStability.Ch14Ext.Ch14Problem145LeftFamily.noConfusionType	definition	public	NumStability.Algorithms.Ch14AsymptoticFamilies	D31	NumStability.Source.Higham.Chapter14.Section01.InverseErrorAnalysis.AsymptoticFamilies	source	relocated
NumStability.Ch14Ext.Ch14Problem145LeftFamily.rec	recursor	public	NumStability.Algorithms.Ch14AsymptoticFamilies	D31	NumStability.Source.Higham.Chapter14.Section01.InverseErrorAnalysis.AsymptoticFamilies	source	relocated
NumStability.Ch14Ext.Ch14Problem145LeftFamily.recOn	definition	public	NumStability.Algorithms.Ch14AsymptoticFamilies	D31	NumStability.Source.Higham.Chapter14.Section01.InverseErrorAnalysis.AsymptoticFamilies	source	relocated
NumStability.Ch14Ext.Ch14Problem145LeftFamily.residual	theorem	public	NumStability.Algorithms.Ch14AsymptoticFamilies	D31	NumStability.Source.Higham.Chapter14.Section01.InverseErrorAnalysis.AsymptoticFamilies	source	relocated
NumStability.Ch14Ext.Ch14Problem145LeftFamily.unit_tendsto_zero	theorem	public	NumStability.Algorithms.Ch14AsymptoticFamilies	D31	NumStability.Source.Higham.Chapter14.Section01.InverseErrorAnalysis.AsymptoticFamilies	source	relocated
NumStability.Ch14Ext.Ch14Problem145LeftFamily.valid	theorem	public	NumStability.Algorithms.Ch14AsymptoticFamilies	D31	NumStability.Source.Higham.Chapter14.Section01.InverseErrorAnalysis.AsymptoticFamilies	source	relocated
NumStability.Ch14Ext.Ch14Problem145RightFamily	inductive	public	NumStability.Algorithms.Ch14AsymptoticFamilies	D31	NumStability.Source.Higham.Chapter14.Section01.InverseErrorAnalysis.AsymptoticFamilies	source	relocated
NumStability.Ch14Ext.Ch14Problem145RightFamily.casesOn	definition	public	NumStability.Algorithms.Ch14AsymptoticFamilies	D31	NumStability.Source.Higham.Chapter14.Section01.InverseErrorAnalysis.AsymptoticFamilies	source	relocated
NumStability.Ch14Ext.Ch14Problem145RightFamily.ctorIdx	definition	public	NumStability.Algorithms.Ch14AsymptoticFamilies	D31	NumStability.Source.Higham.Chapter14.Section01.InverseErrorAnalysis.AsymptoticFamilies	source	relocated
NumStability.Ch14Ext.Ch14Problem145RightFamily.inverse	definition	public	NumStability.Algorithms.Ch14AsymptoticFamilies	D31	NumStability.Source.Higham.Chapter14.Section01.InverseErrorAnalysis.AsymptoticFamilies	source	relocated
NumStability.Ch14Ext.Ch14Problem145RightFamily.inverse_isBigO_one	theorem	public	NumStability.Algorithms.Ch14AsymptoticFamilies	D31	NumStability.Source.Higham.Chapter14.Section01.InverseErrorAnalysis.AsymptoticFamilies	source	relocated
NumStability.Ch14Ext.Ch14Problem145RightFamily.mk	constructor	public	NumStability.Algorithms.Ch14AsymptoticFamilies	D31	NumStability.Source.Higham.Chapter14.Section01.InverseErrorAnalysis.AsymptoticFamilies	source	relocated
NumStability.Ch14Ext.Ch14Problem145RightFamily.mk.inj	theorem	public	NumStability.Algorithms.Ch14AsymptoticFamilies	D31	NumStability.Source.Higham.Chapter14.Section01.InverseErrorAnalysis.AsymptoticFamilies	source	relocated
NumStability.Ch14Ext.Ch14Problem145RightFamily.mk.injEq	theorem	public	NumStability.Algorithms.Ch14AsymptoticFamilies	D31	NumStability.Source.Higham.Chapter14.Section01.InverseErrorAnalysis.AsymptoticFamilies	source	relocated
NumStability.Ch14Ext.Ch14Problem145RightFamily.mk.noConfusion	definition	public	NumStability.Algorithms.Ch14AsymptoticFamilies	D31	NumStability.Source.Higham.Chapter14.Section01.InverseErrorAnalysis.AsymptoticFamilies	source	relocated
NumStability.Ch14Ext.Ch14Problem145RightFamily.mk.sizeOf_spec	theorem	public	NumStability.Algorithms.Ch14AsymptoticFamilies	D31	NumStability.Source.Higham.Chapter14.Section01.InverseErrorAnalysis.AsymptoticFamilies	source	relocated
NumStability.Ch14Ext.Ch14Problem145RightFamily.model	definition	public	NumStability.Algorithms.Ch14AsymptoticFamilies	D31	NumStability.Source.Higham.Chapter14.Section01.InverseErrorAnalysis.AsymptoticFamilies	source	relocated
NumStability.Ch14Ext.Ch14Problem145RightFamily.noConfusion	definition	public	NumStability.Algorithms.Ch14AsymptoticFamilies	D31	NumStability.Source.Higham.Chapter14.Section01.InverseErrorAnalysis.AsymptoticFamilies	source	relocated
NumStability.Ch14Ext.Ch14Problem145RightFamily.noConfusionType	definition	public	NumStability.Algorithms.Ch14AsymptoticFamilies	D31	NumStability.Source.Higham.Chapter14.Section01.InverseErrorAnalysis.AsymptoticFamilies	source	relocated
NumStability.Ch14Ext.Ch14Problem145RightFamily.rec	recursor	public	NumStability.Algorithms.Ch14AsymptoticFamilies	D31	NumStability.Source.Higham.Chapter14.Section01.InverseErrorAnalysis.AsymptoticFamilies	source	relocated
NumStability.Ch14Ext.Ch14Problem145RightFamily.recOn	definition	public	NumStability.Algorithms.Ch14AsymptoticFamilies	D31	NumStability.Source.Higham.Chapter14.Section01.InverseErrorAnalysis.AsymptoticFamilies	source	relocated
NumStability.Ch14Ext.Ch14Problem145RightFamily.residual	theorem	public	NumStability.Algorithms.Ch14AsymptoticFamilies	D31	NumStability.Source.Higham.Chapter14.Section01.InverseErrorAnalysis.AsymptoticFamilies	source	relocated
NumStability.Ch14Ext.Ch14Problem145RightFamily.unit_tendsto_zero	theorem	public	NumStability.Algorithms.Ch14AsymptoticFamilies	D31	NumStability.Source.Higham.Chapter14.Section01.InverseErrorAnalysis.AsymptoticFamilies	source	relocated
NumStability.Ch14Ext.Ch14Problem145RightFamily.valid	theorem	public	NumStability.Algorithms.Ch14AsymptoticFamilies	D31	NumStability.Source.Higham.Chapter14.Section01.InverseErrorAnalysis.AsymptoticFamilies	source	relocated
NumStability.Ch14Ext.Ch14RightTriangularSolveFamilySpec	inductive	public	NumStability.Algorithms.Ch14Problem142Families	D19	NumStability.Source.Higham.Chapter14.Problem02.TriangularInversion.Families	source	relocated
NumStability.Ch14Ext.Ch14RightTriangularSolveFamilySpec.casesOn	definition	public	NumStability.Algorithms.Ch14Problem142Families	D19	NumStability.Source.Higham.Chapter14.Problem02.TriangularInversion.Families	source	relocated
NumStability.Ch14Ext.Ch14RightTriangularSolveFamilySpec.equation	theorem	public	NumStability.Algorithms.Ch14Problem142Families	D19	NumStability.Source.Higham.Chapter14.Problem02.TriangularInversion.Families	source	relocated
NumStability.Ch14Ext.Ch14RightTriangularSolveFamilySpec.mk	constructor	public	NumStability.Algorithms.Ch14Problem142Families	D19	NumStability.Source.Higham.Chapter14.Problem02.TriangularInversion.Families	source	relocated
NumStability.Ch14Ext.Ch14RightTriangularSolveFamilySpec.norm_bound	theorem	public	NumStability.Algorithms.Ch14Problem142Families	D19	NumStability.Source.Higham.Chapter14.Problem02.TriangularInversion.Families	source	relocated
NumStability.Ch14Ext.Ch14RightTriangularSolveFamilySpec.rec	recursor	public	NumStability.Algorithms.Ch14Problem142Families	D19	NumStability.Source.Higham.Chapter14.Problem02.TriangularInversion.Families	source	relocated
NumStability.Ch14Ext.Ch14RightTriangularSolveFamilySpec.recOn	definition	public	NumStability.Algorithms.Ch14Problem142Families	D19	NumStability.Source.Higham.Chapter14.Problem02.TriangularInversion.Families	source	relocated
NumStability.Ch14Ext.Ch14RightTriangularSolveFamilySpec.solution_norm_isBigO_one	theorem	public	NumStability.Algorithms.Ch14Problem142Families	D19	NumStability.Source.Higham.Chapter14.Problem02.TriangularInversion.Families	source	relocated
NumStability.Ch14Ext.Ch14RightTriangularSolveFamilySpec.triangular_norm_isBigO_one	theorem	public	NumStability.Algorithms.Ch14Problem142Families	D19	NumStability.Source.Higham.Chapter14.Problem02.TriangularInversion.Families	source	relocated
NumStability.Ch14Ext.Ch14RoundoffFamily	inductive	public	NumStability.Algorithms.Ch14Problem142Families	D19	NumStability.Source.Higham.Chapter14.Problem02.TriangularInversion.Families	source	relocated
NumStability.Ch14Ext.Ch14RoundoffFamily.casesOn	definition	public	NumStability.Algorithms.Ch14Problem142Families	D19	NumStability.Source.Higham.Chapter14.Problem02.TriangularInversion.Families	source	relocated
NumStability.Ch14Ext.Ch14RoundoffFamily.ctorIdx	definition	public	NumStability.Algorithms.Ch14Problem142Families	D19	NumStability.Source.Higham.Chapter14.Problem02.TriangularInversion.Families	source	relocated
NumStability.Ch14Ext.Ch14RoundoffFamily.mk	constructor	public	NumStability.Algorithms.Ch14Problem142Families	D19	NumStability.Source.Higham.Chapter14.Problem02.TriangularInversion.Families	source	relocated
NumStability.Ch14Ext.Ch14RoundoffFamily.mk.inj	theorem	public	NumStability.Algorithms.Ch14Problem142Families	D19	NumStability.Source.Higham.Chapter14.Problem02.TriangularInversion.Families	source	relocated
NumStability.Ch14Ext.Ch14RoundoffFamily.mk.injEq	theorem	public	NumStability.Algorithms.Ch14Problem142Families	D19	NumStability.Source.Higham.Chapter14.Problem02.TriangularInversion.Families	source	relocated
NumStability.Ch14Ext.Ch14RoundoffFamily.mk.noConfusion	definition	public	NumStability.Algorithms.Ch14Problem142Families	D19	NumStability.Source.Higham.Chapter14.Problem02.TriangularInversion.Families	source	relocated
NumStability.Ch14Ext.Ch14RoundoffFamily.mk.sizeOf_spec	theorem	public	NumStability.Algorithms.Ch14Problem142Families	D19	NumStability.Source.Higham.Chapter14.Problem02.TriangularInversion.Families	source	relocated
NumStability.Ch14Ext.Ch14RoundoffFamily.noConfusion	definition	public	NumStability.Algorithms.Ch14Problem142Families	D19	NumStability.Source.Higham.Chapter14.Problem02.TriangularInversion.Families	source	relocated
NumStability.Ch14Ext.Ch14RoundoffFamily.noConfusionType	definition	public	NumStability.Algorithms.Ch14Problem142Families	D19	NumStability.Source.Higham.Chapter14.Problem02.TriangularInversion.Families	source	relocated
NumStability.Ch14Ext.Ch14RoundoffFamily.rec	recursor	public	NumStability.Algorithms.Ch14Problem142Families	D19	NumStability.Source.Higham.Chapter14.Problem02.TriangularInversion.Families	source	relocated
NumStability.Ch14Ext.Ch14RoundoffFamily.recOn	definition	public	NumStability.Algorithms.Ch14Problem142Families	D19	NumStability.Source.Higham.Chapter14.Problem02.TriangularInversion.Families	source	relocated
NumStability.Ch14Ext.Ch14RoundoffFamily.unit	definition	public	NumStability.Algorithms.Ch14Problem142Families	D19	NumStability.Source.Higham.Chapter14.Problem02.TriangularInversion.Families	source	relocated
NumStability.Ch14Ext.Ch14RoundoffFamily.unit_le_one	theorem	public	NumStability.Algorithms.Ch14Problem142Families	D19	NumStability.Source.Higham.Chapter14.Problem02.TriangularInversion.Families	source	relocated
NumStability.Ch14Ext.Ch14RoundoffFamily.unit_nonneg	theorem	public	NumStability.Algorithms.Ch14Problem142Families	D19	NumStability.Source.Higham.Chapter14.Problem02.TriangularInversion.Families	source	relocated
NumStability.Ch14Ext.Ch14RoundoffFamily.unit_tendsto_zero	theorem	public	NumStability.Algorithms.Ch14Problem142Families	D19	NumStability.Source.Higham.Chapter14.Problem02.TriangularInversion.Families	source	relocated
NumStability.Ch14Ext.Ch14ScalarFamilyIsBigOOne	definition	public	NumStability.Algorithms.Ch14Problem142Families	D19	NumStability.Source.Higham.Chapter14.Problem02.TriangularInversion.Families	source	relocated
NumStability.Ch14Ext.Ch14TriangularSolveFamilySpec	inductive	public	NumStability.Algorithms.Ch14Problem142Families	D19	NumStability.Source.Higham.Chapter14.Problem02.TriangularInversion.Families	source	relocated
NumStability.Ch14Ext.Ch14TriangularSolveFamilySpec.casesOn	definition	public	NumStability.Algorithms.Ch14Problem142Families	D19	NumStability.Source.Higham.Chapter14.Problem02.TriangularInversion.Families	source	relocated
NumStability.Ch14Ext.Ch14TriangularSolveFamilySpec.equation	theorem	public	NumStability.Algorithms.Ch14Problem142Families	D19	NumStability.Source.Higham.Chapter14.Problem02.TriangularInversion.Families	source	relocated
NumStability.Ch14Ext.Ch14TriangularSolveFamilySpec.mk	constructor	public	NumStability.Algorithms.Ch14Problem142Families	D19	NumStability.Source.Higham.Chapter14.Problem02.TriangularInversion.Families	source	relocated
NumStability.Ch14Ext.Ch14TriangularSolveFamilySpec.norm_bound	theorem	public	NumStability.Algorithms.Ch14Problem142Families	D19	NumStability.Source.Higham.Chapter14.Problem02.TriangularInversion.Families	source	relocated
NumStability.Ch14Ext.Ch14TriangularSolveFamilySpec.rec	recursor	public	NumStability.Algorithms.Ch14Problem142Families	D19	NumStability.Source.Higham.Chapter14.Problem02.TriangularInversion.Families	source	relocated
NumStability.Ch14Ext.Ch14TriangularSolveFamilySpec.recOn	definition	public	NumStability.Algorithms.Ch14Problem142Families	D19	NumStability.Source.Higham.Chapter14.Problem02.TriangularInversion.Families	source	relocated
NumStability.Ch14Ext.Ch14TriangularSolveFamilySpec.solution_norm_isBigO_one	theorem	public	NumStability.Algorithms.Ch14Problem142Families	D19	NumStability.Source.Higham.Chapter14.Problem02.TriangularInversion.Families	source	relocated
NumStability.Ch14Ext.Ch14TriangularSolveFamilySpec.triangular_norm_isBigO_one	theorem	public	NumStability.Algorithms.Ch14Problem142Families	D19	NumStability.Source.Higham.Chapter14.Problem02.TriangularInversion.Families	source	relocated
NumStability.Ch14Ext.Ch14VectorFamilyIsBigO	definition	public	NumStability.Algorithms.Ch14Corollary147WeakFamily	D15	NumStability.Source.Higham.Chapter14.Corollary07.DiagonalDominance.WeakFamily	source	relocated
NumStability.Ch14Ext.Higham14Problem142Method1BDerivation	inductive	public	NumStability.Algorithms.Ch14Problem142	D19	NumStability.Source.Higham.Chapter14.Problem02.TriangularInversion.Basic	source	relocated
NumStability.Ch14Ext.Higham14Problem142Method1BDerivation.below	inductive	public	NumStability.Algorithms.Ch14Problem142	D19	NumStability.Source.Higham.Chapter14.Problem02.TriangularInversion.Basic	source	relocated
NumStability.Ch14Ext.Higham14Problem142Method1BDerivation.below.casesOn	definition	public	NumStability.Algorithms.Ch14Problem142	D19	NumStability.Source.Higham.Chapter14.Problem02.TriangularInversion.Basic	source	relocated
NumStability.Ch14Ext.Higham14Problem142Method1BDerivation.below.leaf	constructor	public	NumStability.Algorithms.Ch14Problem142	D19	NumStability.Source.Higham.Chapter14.Problem02.TriangularInversion.Basic	source	relocated
NumStability.Ch14Ext.Higham14Problem142Method1BDerivation.below.rec	recursor	public	NumStability.Algorithms.Ch14Problem142	D19	NumStability.Source.Higham.Chapter14.Problem02.TriangularInversion.Basic	source	relocated
NumStability.Ch14Ext.Higham14Problem142Method1BDerivation.below.split	constructor	public	NumStability.Algorithms.Ch14Problem142	D19	NumStability.Source.Higham.Chapter14.Problem02.TriangularInversion.Basic	source	relocated
NumStability.Ch14Ext.Higham14Problem142Method1BDerivation.brecOn	theorem	public	NumStability.Algorithms.Ch14Problem142	D19	NumStability.Source.Higham.Chapter14.Problem02.TriangularInversion.Basic	source	relocated
NumStability.Ch14Ext.Higham14Problem142Method1BDerivation.casesOn	definition	public	NumStability.Algorithms.Ch14Problem142	D19	NumStability.Source.Higham.Chapter14.Problem02.TriangularInversion.Basic	source	relocated
NumStability.Ch14Ext.Higham14Problem142Method1BDerivation.leaf	constructor	public	NumStability.Algorithms.Ch14Problem142	D19	NumStability.Source.Higham.Chapter14.Problem02.TriangularInversion.Basic	source	relocated
NumStability.Ch14Ext.Higham14Problem142Method1BDerivation.rec	recursor	public	NumStability.Algorithms.Ch14Problem142	D19	NumStability.Source.Higham.Chapter14.Problem02.TriangularInversion.Basic	source	relocated
NumStability.Ch14Ext.Higham14Problem142Method1BDerivation.recOn	definition	public	NumStability.Algorithms.Ch14Problem142	D19	NumStability.Source.Higham.Chapter14.Problem02.TriangularInversion.Basic	source	relocated
NumStability.Ch14Ext.Higham14Problem142Method1BDerivation.right_residual_firstOrder	theorem	public	NumStability.Algorithms.Ch14Problem142	D19	NumStability.Algorithms.Ch14Problem142	source	retained
NumStability.Ch14Ext.Higham14Problem142Method1BDerivation.split	constructor	public	NumStability.Algorithms.Ch14Problem142	D19	NumStability.Source.Higham.Chapter14.Problem02.TriangularInversion.Basic	source	relocated
NumStability.Ch14Ext.Higham14Problem142Method1BStepSpec	inductive	public	NumStability.Algorithms.Ch14Problem142	D19	NumStability.Source.Higham.Chapter14.Problem02.TriangularInversion.Basic	source	relocated
NumStability.Ch14Ext.Higham14Problem142Method1BStepSpec.casesOn	definition	public	NumStability.Algorithms.Ch14Problem142	D19	NumStability.Source.Higham.Chapter14.Problem02.TriangularInversion.Basic	source	relocated
NumStability.Ch14Ext.Higham14Problem142Method1BStepSpec.mk	constructor	public	NumStability.Algorithms.Ch14Problem142	D19	NumStability.Source.Higham.Chapter14.Problem02.TriangularInversion.Basic	source	relocated
NumStability.Ch14Ext.Higham14Problem142Method1BStepSpec.offdiag_equation	theorem	public	NumStability.Algorithms.Ch14Problem142	D19	NumStability.Source.Higham.Chapter14.Problem02.TriangularInversion.Basic	source	relocated
NumStability.Ch14Ext.Higham14Problem142Method1BStepSpec.offdiag_firstOrder	theorem	public	NumStability.Algorithms.Ch14Problem142	D19	NumStability.Source.Higham.Chapter14.Problem02.TriangularInversion.Basic	source	relocated
NumStability.Ch14Ext.Higham14Problem142Method1BStepSpec.product	theorem	public	NumStability.Algorithms.Ch14Problem142	D19	NumStability.Source.Higham.Chapter14.Problem02.TriangularInversion.Basic	source	relocated
NumStability.Ch14Ext.Higham14Problem142Method1BStepSpec.rec	recursor	public	NumStability.Algorithms.Ch14Problem142	D19	NumStability.Source.Higham.Chapter14.Problem02.TriangularInversion.Basic	source	relocated
NumStability.Ch14Ext.Higham14Problem142Method1BStepSpec.recOn	definition	public	NumStability.Algorithms.Ch14Problem142	D19	NumStability.Source.Higham.Chapter14.Problem02.TriangularInversion.Basic	source	relocated
NumStability.Ch14Ext.Higham14Problem142Method1BStepSpec.solve	theorem	public	NumStability.Algorithms.Ch14Problem142	D19	NumStability.Source.Higham.Chapter14.Problem02.TriangularInversion.Basic	source	relocated
NumStability.Ch14Ext.Higham14Problem142Method2BStepSpec	inductive	public	NumStability.Algorithms.Ch14Problem142Method2B	D19	NumStability.Source.Higham.Chapter14.Problem02.TriangularInversion.Method2B	source	relocated
NumStability.Ch14Ext.Higham14Problem142Method2BStepSpec.casesOn	definition	public	NumStability.Algorithms.Ch14Problem142Method2B	D19	NumStability.Source.Higham.Chapter14.Problem02.TriangularInversion.Method2B	source	relocated
NumStability.Ch14Ext.Higham14Problem142Method2BStepSpec.existing_updateDelta_eq	theorem	public	NumStability.Algorithms.Ch14Problem142Method2B	D19	NumStability.Source.Higham.Chapter14.Problem02.TriangularInversion.Method2B	source	relocated
NumStability.Ch14Ext.Higham14Problem142Method2BStepSpec.first_product	theorem	public	NumStability.Algorithms.Ch14Problem142Method2B	D19	NumStability.Source.Higham.Chapter14.Problem02.TriangularInversion.Method2B	source	relocated
NumStability.Ch14Ext.Higham14Problem142Method2BStepSpec.mk	constructor	public	NumStability.Algorithms.Ch14Problem142Method2B	D19	NumStability.Source.Higham.Chapter14.Problem02.TriangularInversion.Method2B	source	relocated
NumStability.Ch14Ext.Higham14Problem142Method2BStepSpec.offdiag_residual_equation	theorem	public	NumStability.Algorithms.Ch14Problem142Method2B	D19	NumStability.Source.Higham.Chapter14.Problem02.TriangularInversion.Method2B	source	relocated
NumStability.Ch14Ext.Higham14Problem142Method2BStepSpec.offdiag_residual_firstOrder	theorem	public	NumStability.Algorithms.Ch14Problem142Method2B	D19	NumStability.Source.Higham.Chapter14.Problem02.TriangularInversion.Method2B	source	relocated
NumStability.Ch14Ext.Higham14Problem142Method2BStepSpec.rec	recursor	public	NumStability.Algorithms.Ch14Problem142Method2B	D19	NumStability.Source.Higham.Chapter14.Problem02.TriangularInversion.Method2B	source	relocated
NumStability.Ch14Ext.Higham14Problem142Method2BStepSpec.recOn	definition	public	NumStability.Algorithms.Ch14Problem142Method2B	D19	NumStability.Source.Higham.Chapter14.Problem02.TriangularInversion.Method2B	source	relocated
NumStability.Ch14Ext.Higham14Problem142Method2BStepSpec.second_product	theorem	public	NumStability.Algorithms.Ch14Problem142Method2B	D19	NumStability.Source.Higham.Chapter14.Problem02.TriangularInversion.Method2B	source	relocated
NumStability.Ch14Ext.Higham14Problem142Method2BStepSpec.update	theorem	public	NumStability.Algorithms.Ch14Problem142Method2B	D19	NumStability.Source.Higham.Chapter14.Problem02.TriangularInversion.Method2B	source	relocated
NumStability.Ch14Ext.Higham14Problem142Method2BStepSpec.updateDelta_firstOrder	theorem	public	NumStability.Algorithms.Ch14Problem142Method2B	D19	NumStability.Source.Higham.Chapter14.Problem02.TriangularInversion.Method2B	source	relocated
NumStability.Ch14Ext.Higham14Problem142Method2BStepSpec.updateDelta_source_firstOrder	theorem	public	NumStability.Algorithms.Ch14Problem142Method2B	D19	NumStability.Source.Higham.Chapter14.Problem02.TriangularInversion.Method2B	source	relocated
NumStability.Ch14Ext.Higham14Problem142Method2BStepSpec.update_equation	theorem	public	NumStability.Algorithms.Ch14Problem142Method2B	D19	NumStability.Source.Higham.Chapter14.Problem02.TriangularInversion.Method2B	source	relocated
NumStability.Ch14Ext.Higham14Problem142Method2CDerivation	inductive	public	NumStability.Algorithms.Ch14Problem142	D19	NumStability.Source.Higham.Chapter14.Problem02.TriangularInversion.Basic	source	relocated
NumStability.Ch14Ext.Higham14Problem142Method2CDerivation.below	inductive	public	NumStability.Algorithms.Ch14Problem142	D19	NumStability.Source.Higham.Chapter14.Problem02.TriangularInversion.Basic	source	relocated
NumStability.Ch14Ext.Higham14Problem142Method2CDerivation.below.casesOn	definition	public	NumStability.Algorithms.Ch14Problem142	D19	NumStability.Source.Higham.Chapter14.Problem02.TriangularInversion.Basic	source	relocated
NumStability.Ch14Ext.Higham14Problem142Method2CDerivation.below.leaf	constructor	public	NumStability.Algorithms.Ch14Problem142	D19	NumStability.Source.Higham.Chapter14.Problem02.TriangularInversion.Basic	source	relocated
NumStability.Ch14Ext.Higham14Problem142Method2CDerivation.below.rec	recursor	public	NumStability.Algorithms.Ch14Problem142	D19	NumStability.Source.Higham.Chapter14.Problem02.TriangularInversion.Basic	source	relocated
NumStability.Ch14Ext.Higham14Problem142Method2CDerivation.below.split	constructor	public	NumStability.Algorithms.Ch14Problem142	D19	NumStability.Source.Higham.Chapter14.Problem02.TriangularInversion.Basic	source	relocated
NumStability.Ch14Ext.Higham14Problem142Method2CDerivation.brecOn	theorem	public	NumStability.Algorithms.Ch14Problem142	D19	NumStability.Source.Higham.Chapter14.Problem02.TriangularInversion.Basic	source	relocated
NumStability.Ch14Ext.Higham14Problem142Method2CDerivation.casesOn	definition	public	NumStability.Algorithms.Ch14Problem142	D19	NumStability.Source.Higham.Chapter14.Problem02.TriangularInversion.Basic	source	relocated
NumStability.Ch14Ext.Higham14Problem142Method2CDerivation.leaf	constructor	public	NumStability.Algorithms.Ch14Problem142	D19	NumStability.Source.Higham.Chapter14.Problem02.TriangularInversion.Basic	source	relocated
NumStability.Ch14Ext.Higham14Problem142Method2CDerivation.left_residual_firstOrder	theorem	public	NumStability.Algorithms.Ch14Problem142	D19	NumStability.Algorithms.Ch14Problem142	source	retained
NumStability.Ch14Ext.Higham14Problem142Method2CDerivation.rec	recursor	public	NumStability.Algorithms.Ch14Problem142	D19	NumStability.Source.Higham.Chapter14.Problem02.TriangularInversion.Basic	source	relocated
NumStability.Ch14Ext.Higham14Problem142Method2CDerivation.recOn	definition	public	NumStability.Algorithms.Ch14Problem142	D19	NumStability.Source.Higham.Chapter14.Problem02.TriangularInversion.Basic	source	relocated
NumStability.Ch14Ext.Higham14Problem142Method2CDerivation.split	constructor	public	NumStability.Algorithms.Ch14Problem142	D19	NumStability.Source.Higham.Chapter14.Problem02.TriangularInversion.Basic	source	relocated
NumStability.Ch14Ext.Higham14Problem142Method2CStepSpec	inductive	public	NumStability.Algorithms.Ch14Problem142	D19	NumStability.Source.Higham.Chapter14.Problem02.TriangularInversion.Basic	source	relocated
NumStability.Ch14Ext.Higham14Problem142Method2CStepSpec.casesOn	definition	public	NumStability.Algorithms.Ch14Problem142	D19	NumStability.Source.Higham.Chapter14.Problem02.TriangularInversion.Basic	source	relocated
NumStability.Ch14Ext.Higham14Problem142Method2CStepSpec.mk	constructor	public	NumStability.Algorithms.Ch14Problem142	D19	NumStability.Source.Higham.Chapter14.Problem02.TriangularInversion.Basic	source	relocated
NumStability.Ch14Ext.Higham14Problem142Method2CStepSpec.offdiag_equation	theorem	public	NumStability.Algorithms.Ch14Problem142	D19	NumStability.Source.Higham.Chapter14.Problem02.TriangularInversion.Basic	source	relocated
NumStability.Ch14Ext.Higham14Problem142Method2CStepSpec.offdiag_firstOrder	theorem	public	NumStability.Algorithms.Ch14Problem142	D19	NumStability.Source.Higham.Chapter14.Problem02.TriangularInversion.Basic	source	relocated
NumStability.Ch14Ext.Higham14Problem142Method2CStepSpec.product	theorem	public	NumStability.Algorithms.Ch14Problem142	D19	NumStability.Source.Higham.Chapter14.Problem02.TriangularInversion.Basic	source	relocated
NumStability.Ch14Ext.Higham14Problem142Method2CStepSpec.rec	recursor	public	NumStability.Algorithms.Ch14Problem142	D19	NumStability.Source.Higham.Chapter14.Problem02.TriangularInversion.Basic	source	relocated
NumStability.Ch14Ext.Higham14Problem142Method2CStepSpec.recOn	definition	public	NumStability.Algorithms.Ch14Problem142	D19	NumStability.Source.Higham.Chapter14.Problem02.TriangularInversion.Basic	source	relocated
NumStability.Ch14Ext.Higham14Problem142Method2CStepSpec.solve	theorem	public	NumStability.Algorithms.Ch14Problem142	D19	NumStability.Source.Higham.Chapter14.Problem02.TriangularInversion.Basic	source	relocated
NumStability.Ch14Ext.MatrixFamilyIsBigOOne	definition	public	NumStability.Algorithms.Ch14AsymptoticFamilies	D09	NumStability.Analysis.FirstOrder.MatrixFamilies.AsymptoticFamilies	reusable	relocated
NumStability.Ch14Ext.VectorFamilyIsBigOOne	definition	public	NumStability.Algorithms.Ch14AsymptoticFamilies	D09	NumStability.Analysis.FirstOrder.MatrixFamilies.AsymptoticFamilies	reusable	relocated
NumStability.Ch14Ext.ch14ext_FullReducedUpTo	definition	public	NumStability.Algorithms.GaussJordanPivoting	D12	NumStability.Source.Higham.Chapter14.Algorithm04.Pivoting.GaussJordanPivoting	source	relocated
NumStability.Ch14Ext.ch14ext_LUBackwardError_mono	theorem	public	NumStability.Algorithms.Ch14MethodsBC	D39	NumStability.Source.Higham.Chapter14.Section03.LUFactorInversion.MethodB.MethodsBC	source	relocated
NumStability.Ch14Ext.ch14ext_LXVx_reorder	theorem	public	NumStability.Algorithms.Ch14GaussJordanQConstruction	D13	NumStability.Source.Higham.Chapter14.Algorithm04.SecondStage.GaussJordanQConstruction	source	relocated
NumStability.Ch14Ext.ch14ext_ReducedUpTo	definition	public	NumStability.Algorithms.GaussJordanPivoting	D12	NumStability.Source.Higham.Chapter14.Algorithm04.Pivoting.GaussJordanPivoting	source	relocated
NumStability.Ch14Ext.ch14ext_S2_nonneg	theorem	public	NumStability.Algorithms.Ch14GaussJordanQConstruction	D13	NumStability.Source.Higham.Chapter14.Algorithm04.SecondStage.GaussJordanQConstruction	source	relocated
NumStability.Ch14Ext.ch14ext_SameSolutions	definition	public	NumStability.Algorithms.Ch14GaussJordanSourceClosure	D11	NumStability.Source.Higham.Chapter14.Algorithm04.Execution.GaussJordanSourceClosure	source	relocated
NumStability.Ch14Ext.ch14ext_StateSatisfies	definition	public	NumStability.Algorithms.Ch14GaussJordanSourceClosure	D11	NumStability.Source.Higham.Chapter14.Algorithm04.Execution.GaussJordanSourceClosure	source	relocated
NumStability.Ch14Ext.ch14ext_Tvec	definition	public	NumStability.Algorithms.Ch14BlockTriInverse	D34	NumStability.Source.Higham.Chapter14.Section02.TriangularInversion.Method1B.BlockTriInverse	source	relocated
NumStability.Ch14Ext.ch14ext_X11	definition	public	NumStability.Algorithms.Ch14BlockTriInverse	D34	NumStability.Source.Higham.Chapter14.Section02.TriangularInversion.Method1B.BlockTriInverse	source	relocated
NumStability.Ch14Ext.ch14ext_X21	definition	public	NumStability.Algorithms.Ch14BlockTriInverse	D34	NumStability.Source.Higham.Chapter14.Section02.TriangularInversion.Method1B.BlockTriInverse	source	relocated
NumStability.Ch14Ext.ch14ext_X22	definition	public	NumStability.Algorithms.Ch14BlockTriInverse	D34	NumStability.Source.Higham.Chapter14.Section02.TriangularInversion.Method1B.BlockTriInverse	source	relocated
NumStability.Ch14Ext.ch14ext_absCumProd	definition	public	NumStability.Algorithms.Ch14GaussJordanAccumulation	D10	NumStability.Source.Higham.Chapter14.Algorithm04.Accumulation.GaussJordanAccumulation	source	relocated
NumStability.Ch14Ext.ch14ext_absMatrix_action_nonneg	theorem	public	NumStability.Algorithms.Ch14GaussJordanQConstruction	D13	NumStability.Source.Higham.Chapter14.Algorithm04.SecondStage.GaussJordanQConstruction	source	relocated
NumStability.Ch14Ext.ch14ext_absVec_le_inverse_product	theorem	public	NumStability.Algorithms.Ch14GJEFinalDivisionClosure	D11	NumStability.Source.Higham.Chapter14.Algorithm04.Execution.GJEFinalDivisionClosure	source	relocated
NumStability.Ch14Ext.ch14ext_abs_X_le_abs_Ainv_plus_rightResidual_remainder	theorem	public	NumStability.Algorithms.Ch14ForwardErrorEndpoint	D31	NumStability.Source.Higham.Chapter14.Section01.InverseErrorAnalysis.ForwardErrorEndpoint	source	relocated
NumStability.Ch14Ext.ch14ext_abs_Y_le_abs_Ainv_plus_firstorder_remainder	theorem	public	NumStability.Algorithms.Ch14ForwardErrorEndpoint	D31	NumStability.Source.Higham.Chapter14.Section01.InverseErrorAnalysis.ForwardErrorEndpoint	source	relocated
NumStability.Ch14Ext.ch14ext_abs_Y_le_abs_Ainv_plus_leftResidual_remainder	theorem	public	NumStability.Algorithms.Ch14ForwardErrorEndpoint	D31	NumStability.Source.Higham.Chapter14.Section01.InverseErrorAnalysis.ForwardErrorEndpoint	source	relocated
NumStability.Ch14Ext.ch14ext_abs_gjeStageMatrix_mul	theorem	public	NumStability.Algorithms.Ch14GaussJordanQConstruction	D13	NumStability.Source.Higham.Chapter14.Algorithm04.SecondStage.GaussJordanQConstruction	source	relocated
NumStability.Ch14Ext.ch14ext_abs_leftInverse_le_abs_factor_add	theorem	public	NumStability.Algorithms.Ch14Corollary147Concrete	D15	NumStability.Source.Higham.Chapter14.Corollary07.DiagonalDominance.Concrete	source	relocated
NumStability.Ch14Ext.ch14ext_abs_matMulVec_le_of_vec_bound	theorem	public	NumStability.Algorithms.Ch14GaussJordanQConstruction	D13	NumStability.Source.Higham.Chapter14.Algorithm04.SecondStage.GaussJordanQConstruction	source	relocated
NumStability.Ch14Ext.ch14ext_abs_matMulVec_le_scaled	theorem	public	NumStability.Algorithms.Ch14GaussJordanQConstruction	D13	NumStability.Source.Higham.Chapter14.Algorithm04.SecondStage.GaussJordanQConstruction	source	relocated
NumStability.Ch14Ext.ch14ext_abs_signed_le_abs_rightInverse_add	theorem	public	NumStability.Algorithms.Ch14GaussJordanQConstruction	D13	NumStability.Source.Higham.Chapter14.Algorithm04.SecondStage.GaussJordanQConstruction	source	relocated
NumStability.Ch14Ext.ch14ext_algorithm14_4_correct	theorem	public	NumStability.Algorithms.Ch14GaussJordanSourceClosure	D11	NumStability.Source.Higham.Chapter14.Algorithm04.Execution.GaussJordanSourceClosure	source	relocated
NumStability.Ch14Ext.ch14ext_algorithm14_4_solves_original	theorem	public	NumStability.Algorithms.Ch14GaussJordanSourceClosure	D11	NumStability.Source.Higham.Chapter14.Algorithm04.Execution.GaussJordanSourceClosure	source	relocated
NumStability.Ch14Ext.ch14ext_blk11	definition	public	NumStability.Algorithms.Ch14BlockTriInverse	D34	NumStability.Source.Higham.Chapter14.Section02.TriangularInversion.Method1B.BlockTriInverse	source	relocated
NumStability.Ch14Ext.ch14ext_blk21	definition	public	NumStability.Algorithms.Ch14BlockTriInverse	D34	NumStability.Source.Higham.Chapter14.Section02.TriangularInversion.Method1B.BlockTriInverse	source	relocated
NumStability.Ch14Ext.ch14ext_blk22	definition	public	NumStability.Algorithms.Ch14BlockTriInverse	D34	NumStability.Source.Higham.Chapter14.Section02.TriangularInversion.Method1B.BlockTriInverse	source	relocated
NumStability.Ch14Ext.ch14ext_boundObj	definition	public	NumStability.Algorithms.Ch14GaussJordanAccumulation	D10	NumStability.Source.Higham.Chapter14.Algorithm04.Accumulation.GaussJordanAccumulation	source	relocated
NumStability.Ch14Ext.ch14ext_boundObj_nonneg	theorem	public	NumStability.Algorithms.Ch14GaussJordanAccumulation	D10	NumStability.Source.Higham.Chapter14.Algorithm04.Accumulation.GaussJordanAccumulation	source	relocated
NumStability.Ch14Ext.ch14ext_boundObj_succ	theorem	public	NumStability.Algorithms.Ch14GaussJordanAccumulation	D10	NumStability.Source.Higham.Chapter14.Algorithm04.Accumulation.GaussJordanAccumulation	source	relocated
NumStability.Ch14Ext.ch14ext_boundObj_zero	theorem	public	NumStability.Algorithms.Ch14GaussJordanAccumulation	D10	NumStability.Source.Higham.Chapter14.Algorithm04.Accumulation.GaussJordanAccumulation	source	relocated
NumStability.Ch14Ext.ch14ext_boundVec	definition	public	NumStability.Algorithms.Ch14GaussJordanAccumulation	D10	NumStability.Source.Higham.Chapter14.Algorithm04.Accumulation.GaussJordanAccumulation	source	relocated
NumStability.Ch14Ext.ch14ext_boundVec_nonneg	theorem	public	NumStability.Algorithms.Ch14GaussJordanAccumulation	D10	NumStability.Source.Higham.Chapter14.Algorithm04.Accumulation.GaussJordanAccumulation	source	relocated
NumStability.Ch14Ext.ch14ext_boundVec_succ	theorem	public	NumStability.Algorithms.Ch14GaussJordanAccumulation	D10	NumStability.Source.Higham.Chapter14.Algorithm04.Accumulation.GaussJordanAccumulation	source	relocated
NumStability.Ch14Ext.ch14ext_boundVec_zero	theorem	public	NumStability.Algorithms.Ch14GaussJordanAccumulation	D10	NumStability.Source.Higham.Chapter14.Algorithm04.Accumulation.GaussJordanAccumulation	source	relocated
NumStability.Ch14Ext.ch14ext_cor146ClosureAhat	definition	public	NumStability.Algorithms.Ch14Corollary146Closure	D14	NumStability.Source.Higham.Chapter14.Corollary06.SPD.Closure	source	relocated
NumStability.Ch14Ext.ch14ext_cor146ClosureC3GeomCoefficient	definition	public	NumStability.Algorithms.Ch14Corollary146Closure	D14	NumStability.Source.Higham.Chapter14.Corollary06.SPD.Closure	source	relocated
NumStability.Ch14Ext.ch14ext_cor146ClosureC3GeomCoefficient_continuousAt_zero	theorem	public	NumStability.Algorithms.Ch14Corollary146Closure	D14	NumStability.Source.Higham.Chapter14.Corollary06.SPD.Closure	source	relocated
NumStability.Ch14Ext.ch14ext_cor146ClosureC3PowerCoefficient	definition	public	NumStability.Algorithms.Ch14Corollary146Closure	D14	NumStability.Source.Higham.Chapter14.Corollary06.SPD.Closure	source	relocated
NumStability.Ch14Ext.ch14ext_cor146ClosureC3PowerCoefficient_continuousAt_zero	theorem	public	NumStability.Algorithms.Ch14Corollary146Closure	D14	NumStability.Source.Higham.Chapter14.Corollary06.SPD.Closure	source	relocated
NumStability.Ch14Ext.ch14ext_cor146ClosureGammaQuadraticCoefficient	definition	public	NumStability.Algorithms.Ch14Corollary146Closure	D14	NumStability.Source.Higham.Chapter14.Corollary06.SPD.Closure	source	relocated
NumStability.Ch14Ext.ch14ext_cor146ClosureGammaQuadraticCoefficient_continuousAt_zero	theorem	public	NumStability.Algorithms.Ch14Corollary146Closure	D14	NumStability.Source.Higham.Chapter14.Corollary06.SPD.Closure	source	relocated
NumStability.Ch14Ext.ch14ext_cor146ClosureGammaUnitCoefficient	definition	public	NumStability.Algorithms.Ch14Corollary146Closure	D14	NumStability.Source.Higham.Chapter14.Corollary06.SPD.Closure	source	relocated
NumStability.Ch14Ext.ch14ext_cor146ClosureGammaUnitCoefficient_continuousAt_zero	theorem	public	NumStability.Algorithms.Ch14Corollary146Closure	D14	NumStability.Source.Higham.Chapter14.Corollary06.SPD.Closure	source	relocated
NumStability.Ch14Ext.ch14ext_cor146ClosureP	definition	public	NumStability.Algorithms.Ch14Corollary146Closure	D14	NumStability.Source.Higham.Chapter14.Corollary06.SPD.Closure	source	relocated
NumStability.Ch14Ext.ch14ext_cor146ClosureSqrtKappa	definition	public	NumStability.Algorithms.Ch14Corollary146Closure	D14	NumStability.Source.Higham.Chapter14.Corollary06.SPD.Closure	source	relocated
NumStability.Ch14Ext.ch14ext_cor146ClosureX	definition	public	NumStability.Algorithms.Ch14Corollary146Closure	D14	NumStability.Source.Higham.Chapter14.Corollary06.SPD.Closure	source	relocated
NumStability.Ch14Ext.ch14ext_cor146Closure_bridgeCorrection_family_isBigO_one	theorem	public	NumStability.Algorithms.Ch14Corollary146Closure	D14	NumStability.Source.Higham.Chapter14.Corollary06.SPD.Closure	source	relocated
NumStability.Ch14Ext.ch14ext_cor146Closure_c3Geom_family_isBigO_one	theorem	public	NumStability.Algorithms.Ch14Corollary146Closure	D14	NumStability.Source.Higham.Chapter14.Corollary06.SPD.Closure	source	relocated
NumStability.Ch14Ext.ch14ext_cor146Closure_c3Power_family_isBigO_one	theorem	public	NumStability.Algorithms.Ch14Corollary146Closure	D14	NumStability.Source.Higham.Chapter14.Corollary06.SPD.Closure	source	relocated
NumStability.Ch14Ext.ch14ext_cor146Closure_c3_family_isBigO_u	theorem	public	NumStability.Algorithms.Ch14Corollary146Closure	D14	NumStability.Source.Higham.Chapter14.Corollary06.SPD.Closure	source	relocated
NumStability.Ch14Ext.ch14ext_cor146Closure_c3_quadratic_remainder_family_isBigO_u_sq	theorem	public	NumStability.Algorithms.Ch14Corollary146Closure	D14	NumStability.Source.Higham.Chapter14.Corollary06.SPD.Closure	source	relocated
NumStability.Ch14Ext.ch14ext_cor146Closure_constant_matrix_family_isBigO_one	theorem	public	NumStability.Algorithms.Ch14Corollary146Closure	D14	NumStability.Source.Higham.Chapter14.Corollary06.SPD.Closure	source	relocated
NumStability.Ch14Ext.ch14ext_cor146Closure_gammaRem_factor	theorem	public	NumStability.Algorithms.Ch14Corollary146Closure	D14	NumStability.Source.Higham.Chapter14.Corollary06.SPD.Closure	source	relocated
NumStability.Ch14Ext.ch14ext_cor146Closure_gammaRem_family_isBigO_u_sq	theorem	public	NumStability.Algorithms.Ch14Corollary146Closure	D14	NumStability.Source.Higham.Chapter14.Corollary06.SPD.Closure	source	relocated
NumStability.Ch14Ext.ch14ext_cor146Closure_gamma_factor	theorem	public	NumStability.Algorithms.Ch14Corollary146Closure	D14	NumStability.Source.Higham.Chapter14.Corollary06.SPD.Closure	source	relocated
NumStability.Ch14Ext.ch14ext_cor146Closure_gamma_family_isBigO_u	theorem	public	NumStability.Algorithms.Ch14Corollary146Closure	D14	NumStability.Source.Higham.Chapter14.Corollary06.SPD.Closure	source	relocated
NumStability.Ch14Ext.ch14ext_cor146Closure_matMulVec_family_isBigO_one	theorem	public	NumStability.Algorithms.Ch14Corollary146Closure	D14	NumStability.Source.Higham.Chapter14.Corollary06.SPD.Closure	source	relocated
NumStability.Ch14Ext.ch14ext_cor146Closure_matrix_abs_family_isBigO_one	theorem	public	NumStability.Algorithms.Ch14Corollary146Closure	D14	NumStability.Source.Higham.Chapter14.Corollary06.SPD.Closure	source	relocated
NumStability.Ch14Ext.ch14ext_cor146Closure_residualS22_family_isBigO_one	theorem	public	NumStability.Algorithms.Ch14Corollary146Closure	D14	NumStability.Source.Higham.Chapter14.Corollary06.SPD.Closure	source	relocated
NumStability.Ch14Ext.ch14ext_cor146Closure_residualS23_family_isBigO_one	theorem	public	NumStability.Algorithms.Ch14Corollary146Closure	D14	NumStability.Source.Higham.Chapter14.Corollary06.SPD.Closure	source	relocated
NumStability.Ch14Ext.ch14ext_cor146Closure_residualS2_family_isBigO_one	theorem	public	NumStability.Algorithms.Ch14Corollary146Closure	D14	NumStability.Source.Higham.Chapter14.Corollary06.SPD.Closure	source	relocated
NumStability.Ch14Ext.ch14ext_cor146Closure_sqrtKappa_family_isBigO_one	theorem	public	NumStability.Algorithms.Ch14Corollary146Closure	D14	NumStability.Source.Higham.Chapter14.Corollary06.SPD.Closure	source	relocated
NumStability.Ch14Ext.ch14ext_cor146Closure_vecNorm2_family_isBigO	theorem	public	NumStability.Algorithms.Ch14Corollary146Closure	D14	NumStability.Source.Higham.Chapter14.Corollary06.SPD.Closure	source	relocated
NumStability.Ch14Ext.ch14ext_cor146Closure_vector_abs_family_isBigO_one	theorem	public	NumStability.Algorithms.Ch14Corollary146Closure	D14	NumStability.Source.Higham.Chapter14.Corollary06.SPD.Closure	source	relocated
NumStability.Ch14Ext.ch14ext_cor146ConcreteForwardRemainder	definition	public	NumStability.Algorithms.Ch14Corollary146Concrete	D14	NumStability.Source.Higham.Chapter14.Corollary06.SPD.Concrete	source	relocated
NumStability.Ch14Ext.ch14ext_cor146ConcreteResidualEnvelope	definition	public	NumStability.Algorithms.Ch14Corollary146Concrete	D14	NumStability.Source.Higham.Chapter14.Corollary06.SPD.Concrete	source	relocated
NumStability.Ch14Ext.ch14ext_cor146ConcreteResidualRemainder	definition	public	NumStability.Algorithms.Ch14Corollary146Concrete	D14	NumStability.Source.Higham.Chapter14.Corollary06.SPD.Concrete	source	relocated
NumStability.Ch14Ext.ch14ext_cor146FinalizedForwardAbsoluteRemainder	definition	public	NumStability.Algorithms.Ch14GJEFinalDivisionClosure	D11	NumStability.Source.Higham.Chapter14.Algorithm04.Execution.GJEFinalDivisionClosure	source	relocated
NumStability.Ch14Ext.ch14ext_cor146FinalizedForwardAbsoluteRemainder_family_isBigO_u_sq	theorem	public	NumStability.Algorithms.Ch14GJEFinalDivisionClosure	D42	NumStability.Algorithms.Ch14GJEFinalDivisionClosure	source	retained
NumStability.Ch14Ext.ch14ext_cor146FinalizedForwardRelativeRemainder	definition	public	NumStability.Algorithms.Ch14GJEFinalDivisionClosure	D11	NumStability.Source.Higham.Chapter14.Algorithm04.Execution.GJEFinalDivisionClosure	source	relocated
NumStability.Ch14Ext.ch14ext_cor146FinalizedForwardRelativeRemainder_family_isBigO_u_sq	theorem	public	NumStability.Algorithms.Ch14GJEFinalDivisionClosure	D42	NumStability.Algorithms.Ch14GJEFinalDivisionClosure	source	retained
NumStability.Ch14Ext.ch14ext_cor146FinalizedForwardTerminal	definition	public	NumStability.Algorithms.Ch14GJEFinalDivisionClosure	D11	NumStability.Source.Higham.Chapter14.Algorithm04.Execution.GJEFinalDivisionClosure	source	relocated
NumStability.Ch14Ext.ch14ext_cor146FinalizedForwardTerminal_family_isBigO_u_sq	theorem	public	NumStability.Algorithms.Ch14GJEFinalDivisionClosure	D42	NumStability.Algorithms.Ch14GJEFinalDivisionClosure	source	retained
NumStability.Ch14Ext.ch14ext_cor146FinalizedResidualExactNormCorrection_family_isBigO_u_sq	theorem	public	NumStability.Algorithms.Ch14GJEFinalDivisionClosure	D42	NumStability.Algorithms.Ch14GJEFinalDivisionClosure	source	retained
NumStability.Ch14Ext.ch14ext_cor146FinalizedResidualPrintedRemainder	definition	public	NumStability.Algorithms.Ch14GJEFinalDivisionClosure	D11	NumStability.Source.Higham.Chapter14.Algorithm04.Execution.GJEFinalDivisionClosure	source	relocated
NumStability.Ch14Ext.ch14ext_cor146FinalizedResidualPrintedRemainder_family_isBigO_u_sq	theorem	public	NumStability.Algorithms.Ch14GJEFinalDivisionClosure	D42	NumStability.Algorithms.Ch14GJEFinalDivisionClosure	source	retained
NumStability.Ch14Ext.ch14ext_cor146FinalizedResidualRemainder	definition	public	NumStability.Algorithms.Ch14GJEFinalDivisionClosure	D11	NumStability.Source.Higham.Chapter14.Algorithm04.Execution.GJEFinalDivisionClosure	source	relocated
NumStability.Ch14Ext.ch14ext_cor146FinalizedResidualRemainder_family_isBigO_u_sq	theorem	public	NumStability.Algorithms.Ch14GJEFinalDivisionClosure	D42	NumStability.Algorithms.Ch14GJEFinalDivisionClosure	source	retained
NumStability.Ch14Ext.ch14ext_cor146FinalizedResidualTerminal	definition	public	NumStability.Algorithms.Ch14GJEFinalDivisionClosure	D11	NumStability.Source.Higham.Chapter14.Algorithm04.Execution.GJEFinalDivisionClosure	source	relocated
NumStability.Ch14Ext.ch14ext_cor146FinalizedResidualTerminal_family_isBigO_u_sq	theorem	public	NumStability.Algorithms.Ch14GJEFinalDivisionClosure	D42	NumStability.Algorithms.Ch14GJEFinalDivisionClosure	source	retained
NumStability.Ch14Ext.ch14ext_cor146FinalizedRunFamily_of_computedFactors	definition	public	NumStability.Algorithms.Ch14Cor146UniformInverseBridge	D14	NumStability.Algorithms.Ch14Cor146UniformInverseBridge	source	retained
NumStability.Ch14Ext.ch14ext_cor146Finalized_forward_absolute_source_literal	theorem	public	NumStability.Algorithms.Ch14GJEFinalDivisionClosure	D42	NumStability.Source.Higham.Chapter14.Theorem05.ForwardError.GJEFinalDivisionClosure	source	relocated
NumStability.Ch14Ext.ch14ext_cor146Finalized_forward_norm2	theorem	public	NumStability.Algorithms.Ch14GJEFinalDivisionClosure	D42	NumStability.Source.Higham.Chapter14.Theorem05.ForwardError.GJEFinalDivisionClosure	source	relocated
NumStability.Ch14Ext.ch14ext_cor146Finalized_forward_relative_source_literal	theorem	public	NumStability.Algorithms.Ch14GJEFinalDivisionClosure	D42	NumStability.Source.Higham.Chapter14.Theorem05.ForwardError.GJEFinalDivisionClosure	source	relocated
NumStability.Ch14Ext.ch14ext_cor146Finalized_output_error_family_isBigO_u	theorem	public	NumStability.Algorithms.Ch14GJEFinalDivisionClosure	D42	NumStability.Algorithms.Ch14GJEFinalDivisionClosure	source	retained
NumStability.Ch14Ext.ch14ext_cor146Finalized_residual_exact_solution_literal	theorem	public	NumStability.Algorithms.Ch14GJEFinalDivisionClosure	D11	NumStability.Source.Higham.Chapter14.Algorithm04.Execution.GJEFinalDivisionClosure	source	relocated
NumStability.Ch14Ext.ch14ext_cor146Finalized_residual_norm2	theorem	public	NumStability.Algorithms.Ch14GJEFinalDivisionClosure	D11	NumStability.Source.Higham.Chapter14.Algorithm04.Execution.GJEFinalDivisionClosure	source	relocated
NumStability.Ch14Ext.ch14ext_cor146Finalized_residual_source_literal	theorem	public	NumStability.Algorithms.Ch14GJEFinalDivisionClosure	D11	NumStability.Source.Higham.Chapter14.Algorithm04.Execution.GJEFinalDivisionClosure	source	relocated
NumStability.Ch14Ext.ch14ext_cor146Finalized_vanishing_family_endpoint	theorem	public	NumStability.Algorithms.Ch14GJEFinalDivisionClosure	D42	NumStability.Algorithms.Ch14GJEFinalDivisionClosure	source	retained
NumStability.Ch14Ext.ch14ext_cor146ForwardAbsoluteSourceRemainder	definition	public	NumStability.Algorithms.Ch14Corollary146Closure	D14	NumStability.Source.Higham.Chapter14.Corollary06.SPD.Closure	source	relocated
NumStability.Ch14Ext.ch14ext_cor146ForwardAbsoluteSourceRemainder_family_isBigO_u_sq	theorem	public	NumStability.Algorithms.Ch14Corollary146Closure	D14	NumStability.Source.Higham.Chapter14.Corollary06.SPD.Closure	source	relocated
NumStability.Ch14Ext.ch14ext_cor146ForwardCoefficientCorrection	definition	public	NumStability.Algorithms.Ch14Corollary146Closure	D14	NumStability.Source.Higham.Chapter14.Corollary06.SPD.Closure	source	relocated
NumStability.Ch14Ext.ch14ext_cor146ForwardCoefficientCorrection_family_isBigO_u	theorem	public	NumStability.Algorithms.Ch14Corollary146Closure	D14	NumStability.Source.Higham.Chapter14.Corollary06.SPD.Closure	source	relocated
NumStability.Ch14Ext.ch14ext_cor146ForwardLiteralHigherOrder_family_isBigO_u_sq	theorem	public	NumStability.Algorithms.Ch14Corollary146Closure	D14	NumStability.Source.Higham.Chapter14.Corollary06.SPD.Closure	source	relocated
NumStability.Ch14Ext.ch14ext_cor146ForwardLiteralHigherOrder_norm2_family_isBigO_u_sq	theorem	public	NumStability.Algorithms.Ch14Corollary146Closure	D14	NumStability.Source.Higham.Chapter14.Corollary06.SPD.Closure	source	relocated
NumStability.Ch14Ext.ch14ext_cor146ForwardPrintedCoefficient	definition	public	NumStability.Algorithms.Ch14Corollary146Closure	D14	NumStability.Source.Higham.Chapter14.Corollary06.SPD.Closure	source	relocated
NumStability.Ch14Ext.ch14ext_cor146ForwardRelativeSourceRemainder	definition	public	NumStability.Algorithms.Ch14Corollary146Closure	D14	NumStability.Source.Higham.Chapter14.Corollary06.SPD.Closure	source	relocated
NumStability.Ch14Ext.ch14ext_cor146ForwardRelativeSourceRemainder_family_isBigO_u_sq	theorem	public	NumStability.Algorithms.Ch14Corollary146Closure	D14	NumStability.Source.Higham.Chapter14.Corollary06.SPD.Closure	source	relocated
NumStability.Ch14Ext.ch14ext_cor146LUFactorQuadraticCoefficient	definition	public	NumStability.Algorithms.Ch14Corollary146Closure	D14	NumStability.Source.Higham.Chapter14.Corollary06.SPD.Closure	source	relocated
NumStability.Ch14Ext.ch14ext_cor146LUFactorQuadraticCoefficient_continuousAt_zero	theorem	public	NumStability.Algorithms.Ch14Corollary146Closure	D14	NumStability.Source.Higham.Chapter14.Corollary06.SPD.Closure	source	relocated
NumStability.Ch14Ext.ch14ext_cor146PrintedResidualObject	definition	public	NumStability.Algorithms.Ch14Corollary146Closure	D14	NumStability.Source.Higham.Chapter14.Corollary06.SPD.Closure	source	relocated
NumStability.Ch14Ext.ch14ext_cor146PrintedResidualObject_action	theorem	public	NumStability.Algorithms.Ch14Corollary146Closure	D14	NumStability.Source.Higham.Chapter14.Corollary06.SPD.Closure	source	relocated
NumStability.Ch14Ext.ch14ext_cor146PrintedResidualObject_nonneg	theorem	public	NumStability.Algorithms.Ch14Corollary146Closure	D14	NumStability.Source.Higham.Chapter14.Corollary06.SPD.Closure	source	relocated
NumStability.Ch14Ext.ch14ext_cor146ResidualBridgeCoefficient	definition	public	NumStability.Algorithms.Ch14Corollary146Closure	D14	NumStability.Source.Higham.Chapter14.Corollary06.SPD.Closure	source	relocated
NumStability.Ch14Ext.ch14ext_cor146ResidualBridgeCoefficient_family_isBigO_u_sq	theorem	public	NumStability.Algorithms.Ch14Corollary146Closure	D14	NumStability.Source.Higham.Chapter14.Corollary06.SPD.Closure	source	relocated
NumStability.Ch14Ext.ch14ext_cor146ResidualBridgeCorrection	definition	public	NumStability.Algorithms.Ch14Corollary146Closure	D14	NumStability.Source.Higham.Chapter14.Corollary06.SPD.Closure	source	relocated
NumStability.Ch14Ext.ch14ext_cor146ResidualBridgeCorrection_nonneg	theorem	public	NumStability.Algorithms.Ch14Corollary146Closure	D14	NumStability.Source.Higham.Chapter14.Corollary06.SPD.Closure	source	relocated
NumStability.Ch14Ext.ch14ext_cor146ResidualClosureRemainder	definition	public	NumStability.Algorithms.Ch14Corollary146Closure	D14	NumStability.Source.Higham.Chapter14.Corollary06.SPD.Closure	source	relocated
NumStability.Ch14Ext.ch14ext_cor146ResidualClosureRemainder_family_isBigO_u_sq	theorem	public	NumStability.Algorithms.Ch14Corollary146Closure	D14	NumStability.Source.Higham.Chapter14.Corollary06.SPD.Closure	source	relocated
NumStability.Ch14Ext.ch14ext_cor146ResidualClosureRemainder_nonneg	theorem	public	NumStability.Algorithms.Ch14Corollary146Closure	D14	NumStability.Source.Higham.Chapter14.Corollary06.SPD.Closure	source	relocated
NumStability.Ch14Ext.ch14ext_cor146ResidualClosureRemainder_norm2_family_isBigO_u_sq	theorem	public	NumStability.Algorithms.Ch14Corollary146Closure	D14	NumStability.Source.Higham.Chapter14.Corollary06.SPD.Closure	source	relocated
NumStability.Ch14Ext.ch14ext_cor146ResidualLinearRemainderCoefficient	definition	public	NumStability.Algorithms.Ch14Corollary146Closure	D14	NumStability.Source.Higham.Chapter14.Corollary06.SPD.Closure	source	relocated
NumStability.Ch14Ext.ch14ext_cor146ResidualLinearRemainderCoefficient_family_isBigO_u_sq	theorem	public	NumStability.Algorithms.Ch14Corollary146Closure	D14	NumStability.Source.Higham.Chapter14.Corollary06.SPD.Closure	source	relocated
NumStability.Ch14Ext.ch14ext_cor146ResidualSourceRemainder	definition	public	NumStability.Algorithms.Ch14Corollary146Closure	D14	NumStability.Source.Higham.Chapter14.Corollary06.SPD.Closure	source	relocated
NumStability.Ch14Ext.ch14ext_cor146ResidualSourceRemainder_family_isBigO_u_sq	theorem	public	NumStability.Algorithms.Ch14Corollary146Closure	D14	NumStability.Source.Higham.Chapter14.Corollary06.SPD.Closure	source	relocated
NumStability.Ch14Ext.ch14ext_cor146ResidualSpectralCorrection	definition	public	NumStability.Algorithms.Ch14Corollary146Closure	D14	NumStability.Source.Higham.Chapter14.Corollary06.SPD.Closure	source	relocated
NumStability.Ch14Ext.ch14ext_cor146ResidualSpectralCorrection_family_isBigO_u	theorem	public	NumStability.Algorithms.Ch14Corollary146Closure	D14	NumStability.Source.Higham.Chapter14.Corollary06.SPD.Closure	source	relocated
NumStability.Ch14Ext.ch14ext_cor146ResidualSquaredC3Coefficient	definition	public	NumStability.Algorithms.Ch14Corollary146Closure	D14	NumStability.Source.Higham.Chapter14.Corollary06.SPD.Closure	source	relocated
NumStability.Ch14Ext.ch14ext_cor146ResidualSquaredC3Coefficient_family_isBigO_u_sq	theorem	public	NumStability.Algorithms.Ch14Corollary146Closure	D14	NumStability.Source.Higham.Chapter14.Corollary06.SPD.Closure	source	relocated
NumStability.Ch14Ext.ch14ext_cor146SourceForwardAbsoluteRemainder	definition	public	NumStability.Algorithms.Ch14Corollary146SourceClosure	D14	NumStability.Source.Higham.Chapter14.Corollary06.SPD.SourceClosure	source	relocated
NumStability.Ch14Ext.ch14ext_cor146SourceForwardRelativeRemainder	definition	public	NumStability.Algorithms.Ch14Corollary146SourceClosure	D14	NumStability.Source.Higham.Chapter14.Corollary06.SPD.SourceClosure	source	relocated
NumStability.Ch14Ext.ch14ext_cor146SourceForwardRemainder	definition	public	NumStability.Algorithms.Ch14Corollary146SourceClosure	D14	NumStability.Source.Higham.Chapter14.Corollary06.SPD.SourceClosure	source	relocated
NumStability.Ch14Ext.ch14ext_cor146SourceResidualRemainder	definition	public	NumStability.Algorithms.Ch14Corollary146SourceClosure	D14	NumStability.Source.Higham.Chapter14.Corollary06.SPD.SourceClosure	source	relocated
NumStability.Ch14Ext.ch14ext_cor146SourceRunV	definition	public	NumStability.Algorithms.Ch14Corollary146SourceClosure	D14	NumStability.Source.Higham.Chapter14.Corollary06.SPD.SourceClosure	source	relocated
NumStability.Ch14Ext.ch14ext_cor146SourceRunV_one	theorem	public	NumStability.Algorithms.Ch14Corollary146SourceClosure	D14	NumStability.Source.Higham.Chapter14.Corollary06.SPD.SourceClosure	source	relocated
NumStability.Ch14Ext.ch14ext_cor146SourceRunXseq	definition	public	NumStability.Algorithms.Ch14Corollary146SourceClosure	D14	NumStability.Source.Higham.Chapter14.Corollary06.SPD.SourceClosure	source	relocated
NumStability.Ch14Ext.ch14ext_cor146SourceRunXseq_one	theorem	public	NumStability.Algorithms.Ch14Corollary146SourceClosure	D14	NumStability.Source.Higham.Chapter14.Corollary06.SPD.SourceClosure	source	relocated
NumStability.Ch14Ext.ch14ext_cor146Source_closureP_isBigO_one	theorem	public	NumStability.Algorithms.Ch14Corollary146SourceClosure	D14	NumStability.Source.Higham.Chapter14.Corollary06.SPD.SourceClosure	source	relocated
NumStability.Ch14Ext.ch14ext_cor146Source_closureX_isBigO_one	theorem	public	NumStability.Algorithms.Ch14Corollary146SourceClosure	D14	NumStability.Source.Higham.Chapter14.Corollary06.SPD.SourceClosure	source	relocated
NumStability.Ch14Ext.ch14ext_cor146Source_envelope_le_printed_add_correction	theorem	public	NumStability.Algorithms.Ch14Corollary146SourceClosure	D14	NumStability.Source.Higham.Chapter14.Corollary06.SPD.SourceClosure	source	relocated
NumStability.Ch14Ext.ch14ext_cor146Source_forwardRelativeRemainder_isBigO_u_sq	theorem	public	NumStability.Algorithms.Ch14Corollary146SourceClosure	D14	NumStability.Source.Higham.Chapter14.Corollary06.SPD.SourceClosure	source	relocated
NumStability.Ch14Ext.ch14ext_cor146Source_forward_absolute_source_literal	theorem	public	NumStability.Algorithms.Ch14Corollary146SourceClosure	D14	NumStability.Source.Higham.Chapter14.Corollary06.SPD.SourceClosure	source	relocated
NumStability.Ch14Ext.ch14ext_cor146Source_forward_norm2	theorem	public	NumStability.Algorithms.Ch14Corollary146SourceClosure	D14	NumStability.Source.Higham.Chapter14.Corollary06.SPD.SourceClosure	source	relocated
NumStability.Ch14Ext.ch14ext_cor146Source_forward_relative_source_literal	theorem	public	NumStability.Algorithms.Ch14Corollary146SourceClosure	D14	NumStability.Source.Higham.Chapter14.Corollary06.SPD.SourceClosure	source	relocated
NumStability.Ch14Ext.ch14ext_cor146Source_residualRemainder_isBigO_u_sq	theorem	public	NumStability.Algorithms.Ch14Corollary146SourceClosure	D14	NumStability.Source.Higham.Chapter14.Corollary06.SPD.SourceClosure	source	relocated
NumStability.Ch14Ext.ch14ext_cor146Source_residual_norm2_with_explicit_remainder	theorem	public	NumStability.Algorithms.Ch14Corollary146SourceClosure	D14	NumStability.Source.Higham.Chapter14.Corollary06.SPD.SourceClosure	source	relocated
NumStability.Ch14Ext.ch14ext_cor146Source_residual_printed_with_explicit_remainder	theorem	public	NumStability.Algorithms.Ch14Corollary146SourceClosure	D14	NumStability.Source.Higham.Chapter14.Corollary06.SPD.SourceClosure	source	relocated
NumStability.Ch14Ext.ch14ext_cor146Source_residual_source_literal	theorem	public	NumStability.Algorithms.Ch14Corollary146SourceClosure	D14	NumStability.Source.Higham.Chapter14.Corollary06.SPD.SourceClosure	source	relocated
NumStability.Ch14Ext.ch14ext_cor146Source_vanishing_family_endpoint	theorem	public	NumStability.Algorithms.Ch14Corollary146SourceClosure	D14	NumStability.Source.Higham.Chapter14.Corollary06.SPD.SourceClosure	source	relocated
NumStability.Ch14Ext.ch14ext_cor146Source_y_isBigO_one	theorem	public	NumStability.Algorithms.Ch14Corollary146SourceClosure	D14	NumStability.Source.Higham.Chapter14.Corollary06.SPD.SourceClosure	source	relocated
NumStability.Ch14Ext.ch14ext_cor146_absLU_budget	theorem	public	NumStability.Algorithms.Ch14Corollary146Concrete	D14	NumStability.Source.Higham.Chapter14.Corollary06.SPD.Concrete	source	relocated
NumStability.Ch14Ext.ch14ext_cor146_absLU_eq_absRT_absR	theorem	public	NumStability.Algorithms.Ch14Corollary146Concrete	D14	NumStability.Source.Higham.Chapter14.Corollary06.SPD.Concrete	source	relocated
NumStability.Ch14Ext.ch14ext_cor146_abs_constructedQ_le_abs_U_add	theorem	public	NumStability.Algorithms.Ch14Corollary146Closure	D14	NumStability.Source.Higham.Chapter14.Corollary06.SPD.Closure	source	relocated
NumStability.Ch14Ext.ch14ext_cor146_abs_diagonalScaling_cancel	theorem	public	NumStability.Algorithms.Ch14GaussJordanSPDCorollary	D14	NumStability.Source.Higham.Chapter14.Corollary06.SPD.GaussJordanSPDCorollary	source	relocated
NumStability.Ch14Ext.ch14ext_cor146_abs_inverseProduct_eq_of_diagonalScaling	theorem	public	NumStability.Algorithms.Ch14GaussJordanSPDCorollary	D14	NumStability.Source.Higham.Chapter14.Corollary06.SPD.GaussJordanSPDCorollary	source	relocated
NumStability.Ch14Ext.ch14ext_cor146_abs_opNorm2_sub_opNorm2_le	theorem	public	NumStability.Algorithms.Ch14Corollary146Closure	D14	NumStability.Source.Higham.Chapter14.Corollary06.SPD.Closure	source	relocated
NumStability.Ch14Ext.ch14ext_cor146_concrete_envelope_le_printed_add_correction	theorem	public	NumStability.Algorithms.Ch14Corollary146Closure	D14	NumStability.Source.Higham.Chapter14.Corollary06.SPD.Closure	source	relocated
NumStability.Ch14Ext.ch14ext_cor146_concrete_forward_absolute_source_literal	theorem	public	NumStability.Algorithms.Ch14Corollary146Closure	D14	NumStability.Source.Higham.Chapter14.Corollary06.SPD.Closure	source	relocated
NumStability.Ch14Ext.ch14ext_cor146_concrete_forward_norm2	theorem	public	NumStability.Algorithms.Ch14Corollary146Concrete	D14	NumStability.Source.Higham.Chapter14.Corollary06.SPD.Concrete	source	relocated
NumStability.Ch14Ext.ch14ext_cor146_concrete_forward_relative_norm2	theorem	public	NumStability.Algorithms.Ch14Corollary146Concrete	D14	NumStability.Source.Higham.Chapter14.Corollary06.SPD.Concrete	source	relocated
NumStability.Ch14Ext.ch14ext_cor146_concrete_forward_relative_source_literal	theorem	public	NumStability.Algorithms.Ch14Corollary146Closure	D14	NumStability.Source.Higham.Chapter14.Corollary06.SPD.Closure	source	relocated
NumStability.Ch14Ext.ch14ext_cor146_concrete_relative_residual_norm2	theorem	public	NumStability.Algorithms.Ch14Corollary146Concrete	D14	NumStability.Source.Higham.Chapter14.Corollary06.SPD.Concrete	source	relocated
NumStability.Ch14Ext.ch14ext_cor146_concrete_residual_norm2	theorem	public	NumStability.Algorithms.Ch14Corollary146Concrete	D14	NumStability.Source.Higham.Chapter14.Corollary06.SPD.Concrete	source	relocated
NumStability.Ch14Ext.ch14ext_cor146_concrete_residual_norm2_with_explicit_remainder	theorem	public	NumStability.Algorithms.Ch14Corollary146Closure	D14	NumStability.Source.Higham.Chapter14.Corollary06.SPD.Closure	source	relocated
NumStability.Ch14Ext.ch14ext_cor146_concrete_residual_printed_with_explicit_remainder	theorem	public	NumStability.Algorithms.Ch14Corollary146Closure	D14	NumStability.Source.Higham.Chapter14.Corollary06.SPD.Closure	source	relocated
NumStability.Ch14Ext.ch14ext_cor146_concrete_residual_source_literal	theorem	public	NumStability.Algorithms.Ch14Corollary146Closure	D14	NumStability.Source.Higham.Chapter14.Corollary06.SPD.Closure	source	relocated
NumStability.Ch14Ext.ch14ext_cor146_condU_opNorm2Le	theorem	public	NumStability.Algorithms.Ch14GaussJordanSPDCorollary	D14	NumStability.Source.Higham.Chapter14.Corollary06.SPD.GaussJordanSPDCorollary	source	relocated
NumStability.Ch14Ext.ch14ext_cor146_diagScaled_inverse	theorem	public	NumStability.Algorithms.Ch14GaussJordanSPDCorollary	D14	NumStability.Source.Higham.Chapter14.Corollary06.SPD.GaussJordanSPDCorollary	source	relocated
NumStability.Ch14Ext.ch14ext_cor146_diagScaled_lu_product_eq_cholesky	theorem	public	NumStability.Algorithms.Ch14GaussJordanSPDCorollary	D14	NumStability.Source.Higham.Chapter14.Corollary06.SPD.GaussJordanSPDCorollary	source	relocated
NumStability.Ch14Ext.ch14ext_cor146_envelope_le_printed_add_correction	theorem	public	NumStability.Algorithms.Ch14Corollary146Closure	D14	NumStability.Source.Higham.Chapter14.Corollary06.SPD.Closure	source	relocated
NumStability.Ch14Ext.ch14ext_cor146_forward_printed_leading_of_theorem14_5	theorem	public	NumStability.Algorithms.Ch14GaussJordanSPDCorollary	D14	NumStability.Source.Higham.Chapter14.Corollary06.SPD.GaussJordanSPDCorollary	source	relocated
NumStability.Ch14Ext.ch14ext_cor146_forward_relative_positivePivot_exactGram_of_theorem14_5	theorem	public	NumStability.Algorithms.Ch14GaussJordanSPDCorollary	D14	NumStability.Source.Higham.Chapter14.Corollary06.SPD.GaussJordanSPDCorollary	source	relocated
NumStability.Ch14Ext.ch14ext_cor146_forward_relative_printed_leading_of_theorem14_5	theorem	public	NumStability.Algorithms.Ch14GaussJordanSPDCorollary	D14	NumStability.Source.Higham.Chapter14.Corollary06.SPD.GaussJordanSPDCorollary	source	relocated
NumStability.Ch14Ext.ch14ext_cor146_forward_twoFactor_of_cond_bound	theorem	public	NumStability.Algorithms.Ch14GaussJordanSPDCorollary	D14	NumStability.Source.Higham.Chapter14.Corollary06.SPD.GaussJordanSPDCorollary	source	relocated
NumStability.Ch14Ext.ch14ext_cor146_forward_twoFactor_of_theorem14_5	theorem	public	NumStability.Algorithms.Ch14GaussJordanSPDCorollary	D14	NumStability.Source.Higham.Chapter14.Corollary06.SPD.GaussJordanSPDCorollary	source	relocated
NumStability.Ch14Ext.ch14ext_cor146_frobNorm_le_sum_abs_entries	theorem	public	NumStability.Algorithms.Ch14Corollary146Closure	D14	NumStability.Source.Higham.Chapter14.Corollary06.SPD.Closure	source	relocated
NumStability.Ch14Ext.ch14ext_cor146_full_source_literal_family_endpoint	theorem	public	NumStability.Algorithms.Ch14Corollary146Closure	D14	NumStability.Source.Higham.Chapter14.Corollary06.SPD.Closure	source	relocated
NumStability.Ch14Ext.ch14ext_cor146_gjeResidualS2_le_printed_add_correction	theorem	public	NumStability.Algorithms.Ch14Corollary146Closure	D14	NumStability.Source.Higham.Chapter14.Corollary06.SPD.Closure	source	relocated
NumStability.Ch14Ext.ch14ext_cor146_inverse_sub_family_isBigO_u	theorem	public	NumStability.Algorithms.Ch14Corollary146Closure	D14	NumStability.Source.Higham.Chapter14.Corollary06.SPD.Closure	source	relocated
NumStability.Ch14Ext.ch14ext_cor146_inverse_sub_identity	theorem	public	NumStability.Algorithms.Ch14Corollary146Closure	D14	NumStability.Source.Higham.Chapter14.Corollary06.SPD.Closure	source	relocated
NumStability.Ch14Ext.ch14ext_cor146_kappa2_add_le_of_opNorm2_lt_sigmaMin	theorem	public	NumStability.Algorithms.Ch14GaussJordanSPDCorollary	D14	NumStability.Source.Higham.Chapter14.Corollary06.SPD.GaussJordanSPDCorollary	source	relocated
NumStability.Ch14Ext.ch14ext_cor146_kappa2_eq_sqrt_kappa2_gram	theorem	public	NumStability.Algorithms.Ch14GaussJordanSPDCorollary	D14	NumStability.Source.Higham.Chapter14.Corollary06.SPD.GaussJordanSPDCorollary	source	relocated
NumStability.Ch14Ext.ch14ext_cor146_kappa2_factor_le_sqrt_perturbationEnvelope	theorem	public	NumStability.Algorithms.Ch14GaussJordanSPDCorollary	D14	NumStability.Source.Higham.Chapter14.Corollary06.SPD.GaussJordanSPDCorollary	source	relocated
NumStability.Ch14Ext.ch14ext_cor146_kappa2_sq_eq_kappa2_gram	theorem	public	NumStability.Algorithms.Ch14GaussJordanSPDCorollary	D14	NumStability.Source.Higham.Chapter14.Corollary06.SPD.GaussJordanSPDCorollary	source	relocated
NumStability.Ch14Ext.ch14ext_cor146_kappa2_sub_family_isBigO_u	theorem	public	NumStability.Algorithms.Ch14Corollary146Closure	D14	NumStability.Source.Higham.Chapter14.Corollary06.SPD.Closure	source	relocated
NumStability.Ch14Ext.ch14ext_cor146_luDelta_opNorm2Le	theorem	public	NumStability.Algorithms.Ch14Corollary146Concrete	D14	NumStability.Source.Higham.Chapter14.Corollary06.SPD.Concrete	source	relocated
NumStability.Ch14Ext.ch14ext_cor146_luFactor_correction_factor	theorem	public	NumStability.Algorithms.Ch14Corollary146Closure	D14	NumStability.Source.Higham.Chapter14.Corollary06.SPD.Closure	source	relocated
NumStability.Ch14Ext.ch14ext_cor146_luFactor_leading_correction_family_isBigO_u_sq	theorem	public	NumStability.Algorithms.Ch14Corollary146Closure	D14	NumStability.Source.Higham.Chapter14.Corollary06.SPD.Closure	source	relocated
NumStability.Ch14Ext.ch14ext_cor146_luFactor_sub_one_factor	theorem	public	NumStability.Algorithms.Ch14Corollary146Closure	D14	NumStability.Source.Higham.Chapter14.Corollary06.SPD.Closure	source	relocated
NumStability.Ch14Ext.ch14ext_cor146_luFactor_sub_one_family_isBigO_u	theorem	public	NumStability.Algorithms.Ch14Corollary146Closure	D14	NumStability.Source.Higham.Chapter14.Corollary06.SPD.Closure	source	relocated
NumStability.Ch14Ext.ch14ext_cor146_one_le_kappa2_of_isInverse	theorem	public	NumStability.Algorithms.Ch14Corollary146Closure	D14	NumStability.Source.Higham.Chapter14.Corollary06.SPD.Closure	source	relocated
NumStability.Ch14Ext.ch14ext_cor146_opNorm2_family_isBigO_of_entrywise	theorem	public	NumStability.Algorithms.Ch14Corollary146Closure	D14	NumStability.Source.Higham.Chapter14.Corollary06.SPD.Closure	source	relocated
NumStability.Ch14Ext.ch14ext_cor146_opNorm2_sub_family_isBigO	theorem	public	NumStability.Algorithms.Ch14Corollary146Closure	D14	NumStability.Source.Higham.Chapter14.Corollary06.SPD.Closure	source	relocated
NumStability.Ch14Ext.ch14ext_cor146_pivotScale	definition	public	NumStability.Algorithms.Ch14GaussJordanSPDCorollary	D14	NumStability.Source.Higham.Chapter14.Corollary06.SPD.GaussJordanSPDCorollary	source	relocated
NumStability.Ch14Ext.ch14ext_cor146_positivePivot_abs_inverseProduct_eq	theorem	public	NumStability.Algorithms.Ch14GaussJordanSPDCorollary	D14	NumStability.Source.Higham.Chapter14.Corollary06.SPD.GaussJordanSPDCorollary	source	relocated
NumStability.Ch14Ext.ch14ext_cor146_positivePivot_cholesky_backward_error	theorem	public	NumStability.Algorithms.Ch14GaussJordanSPDCorollary	D14	NumStability.Source.Higham.Chapter14.Corollary06.SPD.GaussJordanSPDCorollary	source	relocated
NumStability.Ch14Ext.ch14ext_cor146_positivePivot_condU_opNorm2Le	theorem	public	NumStability.Algorithms.Ch14GaussJordanSPDCorollary	D14	NumStability.Source.Higham.Chapter14.Corollary06.SPD.GaussJordanSPDCorollary	source	relocated
NumStability.Ch14Ext.ch14ext_cor146_positivePivot_scaledUpper_relations	theorem	public	NumStability.Algorithms.Ch14GaussJordanSPDCorollary	D14	NumStability.Source.Higham.Chapter14.Corollary06.SPD.GaussJordanSPDCorollary	source	relocated
NumStability.Ch14Ext.ch14ext_cor146_residual_positivePivot_exactGram_of_theorem14_5	theorem	public	NumStability.Algorithms.Ch14GaussJordanSPDCorollary	D14	NumStability.Source.Higham.Chapter14.Corollary06.SPD.GaussJordanSPDCorollary	source	relocated
NumStability.Ch14Ext.ch14ext_cor146_residual_twoFactor_of_cond_bound	theorem	public	NumStability.Algorithms.Ch14GaussJordanSPDCorollary	D14	NumStability.Source.Higham.Chapter14.Corollary06.SPD.GaussJordanSPDCorollary	source	relocated
NumStability.Ch14Ext.ch14ext_cor146_residual_twoFactor_of_theorem14_5	theorem	public	NumStability.Algorithms.Ch14GaussJordanSPDCorollary	D14	NumStability.Source.Higham.Chapter14.Corollary06.SPD.GaussJordanSPDCorollary	source	relocated
NumStability.Ch14Ext.ch14ext_cor146_scaledUpper	definition	public	NumStability.Algorithms.Ch14GaussJordanSPDCorollary	D14	NumStability.Source.Higham.Chapter14.Corollary06.SPD.GaussJordanSPDCorollary	source	relocated
NumStability.Ch14Ext.ch14ext_cor146_sqrtKappa_proximity_family_isBigO_u	theorem	public	NumStability.Algorithms.Ch14Corollary146Closure	D14	NumStability.Source.Higham.Chapter14.Corollary06.SPD.Closure	source	relocated
NumStability.Ch14Ext.ch14ext_cor146_sqrt_kappa2_le_kappa2_of_isInverse	theorem	public	NumStability.Algorithms.Ch14Corollary146Closure	D14	NumStability.Source.Higham.Chapter14.Corollary06.SPD.Closure	source	relocated
NumStability.Ch14Ext.ch14ext_cor146_symmetricGEDelta	definition	public	NumStability.Algorithms.Ch14GaussJordanSPDCorollary	D14	NumStability.Source.Higham.Chapter14.Corollary06.SPD.GaussJordanSPDCorollary	source	relocated
NumStability.Ch14Ext.ch14ext_cor146_uniformInverseRegularity_of_finalizedGJE	theorem	public	NumStability.Algorithms.Ch14Cor146UniformInverseBridge	D14	NumStability.Algorithms.Ch14Cor146UniformInverseBridge	source	retained
NumStability.Ch14Ext.ch14ext_cor147ComputedProduct	definition	public	NumStability.Algorithms.Ch14Corollary147Concrete	D15	NumStability.Source.Higham.Chapter14.Corollary07.DiagonalDominance.Concrete	source	relocated
NumStability.Ch14Ext.ch14ext_cor147ConcreteXResidualCorrection	definition	public	NumStability.Algorithms.Ch14Corollary147Concrete	D15	NumStability.Source.Higham.Chapter14.Corollary07.DiagonalDominance.Concrete	source	relocated
NumStability.Ch14Ext.ch14ext_cor147ConcreteXResidualCorrection_nonneg	theorem	public	NumStability.Algorithms.Ch14Corollary147Concrete	D15	NumStability.Source.Higham.Chapter14.Corollary07.DiagonalDominance.Concrete	source	relocated
NumStability.Ch14Ext.ch14ext_cor147FinalizedForwardLeadingCoefficient	definition	public	NumStability.Algorithms.Ch14Cor147FinalDivisionFamilyClosure	D15	NumStability.Source.Higham.Chapter14.Corollary07.DiagonalDominance.FinalDivisionFamilyClosure	source	relocated
NumStability.Ch14Ext.ch14ext_cor147FinalizedForwardLeadingCoefficient_nonneg	theorem	public	NumStability.Algorithms.Ch14Cor147FinalDivisionFamilyClosure	D15	NumStability.Source.Higham.Chapter14.Corollary07.DiagonalDominance.FinalDivisionFamilyClosure	source	relocated
NumStability.Ch14Ext.ch14ext_cor147FinalizedForwardLeadingCoefficient_tendsto_zero	theorem	public	NumStability.Algorithms.Ch14Cor147FinalDivisionFamilyClosure	D15	NumStability.Source.Higham.Chapter14.Corollary07.DiagonalDominance.FinalDivisionFamilyClosure	source	relocated
NumStability.Ch14Ext.ch14ext_cor147FinalizedForwardPrintedRemainder	definition	public	NumStability.Algorithms.Ch14Cor147FinalDivisionFamilyClosure	D15	NumStability.Source.Higham.Chapter14.Corollary07.DiagonalDominance.FinalDivisionFamilyClosure	source	relocated
NumStability.Ch14Ext.ch14ext_cor147FinalizedForwardPrintedRemainder_family_isBigO_u_sq	theorem	public	NumStability.Algorithms.Ch14Cor147FinalDivisionFamilyClosure	D15	NumStability.Algorithms.Ch14Cor147FinalDivisionFamilyClosure	source	retained
NumStability.Ch14Ext.ch14ext_cor147FinalizedForwardRelativeRemainder	definition	public	NumStability.Algorithms.Ch14Cor147FinalDivisionFamilyClosure	D15	NumStability.Source.Higham.Chapter14.Corollary07.DiagonalDominance.FinalDivisionFamilyClosure	source	relocated
NumStability.Ch14Ext.ch14ext_cor147FinalizedForwardRelativeRemainder_family_isBigO_u_sq	theorem	public	NumStability.Algorithms.Ch14Cor147FinalDivisionFamilyClosure	D15	NumStability.Algorithms.Ch14Cor147FinalDivisionFamilyClosure	source	retained
NumStability.Ch14Ext.ch14ext_cor147FinalizedForwardRelativeTerminal	definition	public	NumStability.Algorithms.Ch14Cor147FinalDivisionFamilyClosure	D15	NumStability.Source.Higham.Chapter14.Corollary07.DiagonalDominance.FinalDivisionFamilyClosure	source	relocated
NumStability.Ch14Ext.ch14ext_cor147FinalizedForwardRelativeTerminal_family_isBigO_u_sq	theorem	public	NumStability.Algorithms.Ch14Cor147FinalDivisionFamilyClosure	D15	NumStability.Algorithms.Ch14Cor147FinalDivisionFamilyClosure	source	retained
NumStability.Ch14Ext.ch14ext_cor147FinalizedForwardTerminalVector	definition	public	NumStability.Algorithms.Ch14Cor147FinalDivisionFamilyClosure	D15	NumStability.Source.Higham.Chapter14.Corollary07.DiagonalDominance.FinalDivisionFamilyClosure	source	relocated
NumStability.Ch14Ext.ch14ext_cor147FinalizedForwardVectorRemainder	definition	public	NumStability.Algorithms.Ch14Cor147FinalDivisionFamilyClosure	D15	NumStability.Source.Higham.Chapter14.Corollary07.DiagonalDominance.FinalDivisionFamilyClosure	source	relocated
NumStability.Ch14Ext.ch14ext_cor147FinalizedForwardVectorRemainder_family_isBigO_u_sq	theorem	public	NumStability.Algorithms.Ch14Cor147FinalDivisionFamilyClosure	D15	NumStability.Algorithms.Ch14Cor147FinalDivisionFamilyClosure	source	retained
NumStability.Ch14Ext.ch14ext_cor147FinalizedPrintedX	definition	public	NumStability.Algorithms.Ch14Cor147FinalDivisionFamilyClosure	D15	NumStability.Source.Higham.Chapter14.Corollary07.DiagonalDominance.FinalDivisionFamilyClosure	source	relocated
NumStability.Ch14Ext.ch14ext_cor147FinalizedResidualLeadingCorrection	definition	public	NumStability.Algorithms.Ch14Cor147FinalDivisionFamilyClosure	D15	NumStability.Source.Higham.Chapter14.Corollary07.DiagonalDominance.FinalDivisionFamilyClosure	source	relocated
NumStability.Ch14Ext.ch14ext_cor147FinalizedResidualLeadingCorrection_family_isBigO_u	theorem	public	NumStability.Algorithms.Ch14Cor147FinalDivisionFamilyClosure	D15	NumStability.Algorithms.Ch14Cor147FinalDivisionFamilyClosure	source	retained
NumStability.Ch14Ext.ch14ext_cor147FinalizedResidualRemainder	definition	public	NumStability.Algorithms.Ch14Cor147FinalDivisionFamilyClosure	D15	NumStability.Source.Higham.Chapter14.Corollary07.DiagonalDominance.FinalDivisionFamilyClosure	source	relocated
NumStability.Ch14Ext.ch14ext_cor147FinalizedResidualRemainder_family_isBigO_u_sq	theorem	public	NumStability.Algorithms.Ch14Cor147FinalDivisionFamilyClosure	D15	NumStability.Algorithms.Ch14Cor147FinalDivisionFamilyClosure	source	retained
NumStability.Ch14Ext.ch14ext_cor147FinalizedResidualTerminal	definition	public	NumStability.Algorithms.Ch14Cor147FinalDivisionFamilyClosure	D15	NumStability.Source.Higham.Chapter14.Corollary07.DiagonalDominance.FinalDivisionFamilyClosure	source	relocated
NumStability.Ch14Ext.ch14ext_cor147FinalizedRunFamily_exists_of_source_domain	theorem	public	NumStability.Algorithms.Ch14Cor147SourceDomainConstructor	D15	NumStability.Source.Higham.Chapter14.Corollary07.DiagonalDominance.SourceDomainConstructor	source	relocated
NumStability.Ch14Ext.ch14ext_cor147FinalizedRunFamily_of_source_domain	definition	public	NumStability.Algorithms.Ch14Cor147SourceDomainConstructor	D15	NumStability.Source.Higham.Chapter14.Corollary07.DiagonalDominance.SourceDomainConstructor	source	relocated
NumStability.Ch14Ext.ch14ext_cor147FinalizedRunFamily_of_source_domain_gje	theorem	public	NumStability.Algorithms.Ch14Cor147SourceDomainConstructor	D15	NumStability.Source.Higham.Chapter14.Corollary07.DiagonalDominance.SourceDomainConstructor	source	relocated
NumStability.Ch14Ext.ch14ext_cor147Finalized_factorProximity_isBigO	theorem	public	NumStability.Algorithms.Ch14Cor147FinalDivisionFamilyClosure	D15	NumStability.Algorithms.Ch14Cor147FinalDivisionFamilyClosure	source	retained
NumStability.Ch14Ext.ch14ext_cor147Finalized_forwardCore_difference_isBigO	theorem	public	NumStability.Algorithms.Ch14Cor147FinalDivisionFamilyClosure	D15	NumStability.Algorithms.Ch14Cor147FinalDivisionFamilyClosure	source	retained
NumStability.Ch14Ext.ch14ext_cor147Finalized_forwardT1_difference_isBigO	theorem	public	NumStability.Algorithms.Ch14Cor147FinalDivisionFamilyClosure	D15	NumStability.Algorithms.Ch14Cor147FinalDivisionFamilyClosure	source	retained
NumStability.Ch14Ext.ch14ext_cor147Finalized_forwardT2_difference_isBigO	theorem	public	NumStability.Algorithms.Ch14Cor147FinalDivisionFamilyClosure	D15	NumStability.Algorithms.Ch14Cor147FinalDivisionFamilyClosure	source	retained
NumStability.Ch14Ext.ch14ext_cor147Finalized_forward_bound	theorem	public	NumStability.Algorithms.Ch14Cor147FinalDivisionFamilyClosure	D15	NumStability.Algorithms.Ch14Cor147FinalDivisionFamilyClosure	source	retained
NumStability.Ch14Ext.ch14ext_cor147Finalized_forward_printed_bound_of_coefficient_lt_one	theorem	public	NumStability.Algorithms.Ch14Cor147FinalDivisionFamilyClosure	D15	NumStability.Algorithms.Ch14Cor147FinalDivisionFamilyClosure	source	retained
NumStability.Ch14Ext.ch14ext_cor147Finalized_forward_printed_eventually	theorem	public	NumStability.Algorithms.Ch14Cor147FinalDivisionFamilyClosure	D15	NumStability.Algorithms.Ch14Cor147FinalDivisionFamilyClosure	source	retained
NumStability.Ch14Ext.ch14ext_cor147Finalized_forward_relative_infNorm	theorem	public	NumStability.Algorithms.Ch14GJEFinalDivisionClosure	D42	NumStability.Source.Higham.Chapter14.Theorem05.ForwardError.GJEFinalDivisionClosure	source	relocated
NumStability.Ch14Ext.ch14ext_cor147Finalized_forward_vanishing_family_endpoint	theorem	public	NumStability.Algorithms.Ch14Cor147FinalDivisionFamilyClosure	D15	NumStability.Algorithms.Ch14Cor147FinalDivisionFamilyClosure	source	retained
NumStability.Ch14Ext.ch14ext_cor147Finalized_inverseProximity_isBigO	theorem	public	NumStability.Algorithms.Ch14Cor147FinalDivisionFamilyClosure	D15	NumStability.Algorithms.Ch14Cor147FinalDivisionFamilyClosure	source	retained
NumStability.Ch14Ext.ch14ext_cor147Finalized_printedResidualLeading_difference_isBigO	theorem	public	NumStability.Algorithms.Ch14Cor147FinalDivisionFamilyClosure	D15	NumStability.Algorithms.Ch14Cor147FinalDivisionFamilyClosure	source	retained
NumStability.Ch14Ext.ch14ext_cor147Finalized_printedX_difference_isBigO	theorem	public	NumStability.Algorithms.Ch14Cor147FinalDivisionFamilyClosure	D15	NumStability.Algorithms.Ch14Cor147FinalDivisionFamilyClosure	source	retained
NumStability.Ch14Ext.ch14ext_cor147Finalized_residual_bound	theorem	public	NumStability.Algorithms.Ch14Cor147FinalDivisionFamilyClosure	D15	NumStability.Algorithms.Ch14Cor147FinalDivisionFamilyClosure	source	retained
NumStability.Ch14Ext.ch14ext_cor147Finalized_residual_vanishing_family_endpoint	theorem	public	NumStability.Algorithms.Ch14Cor147FinalDivisionFamilyClosure	D15	NumStability.Algorithms.Ch14Cor147FinalDivisionFamilyClosure	source	retained
NumStability.Ch14Ext.ch14ext_cor147Finalized_rowwise_residual_printed	theorem	public	NumStability.Algorithms.Ch14GJEFinalDivisionClosure	D11	NumStability.Source.Higham.Chapter14.Algorithm04.Execution.GJEFinalDivisionClosure	source	relocated
NumStability.Ch14Ext.ch14ext_cor147Finalized_vanishing_family_endpoint	theorem	public	NumStability.Algorithms.Ch14Cor147FinalDivisionFamilyClosure	D15	NumStability.Algorithms.Ch14Cor147FinalDivisionFamilyClosure	source	retained
NumStability.Ch14Ext.ch14ext_cor147ResidualBridgeTerm	definition	public	NumStability.Algorithms.Ch14Corollary147Concrete	D15	NumStability.Source.Higham.Chapter14.Corollary07.DiagonalDominance.Concrete	source	relocated
NumStability.Ch14Ext.ch14ext_cor147ResidualBridgeTerm_nonneg	theorem	public	NumStability.Algorithms.Ch14Corollary147Concrete	D15	NumStability.Source.Higham.Chapter14.Corollary07.DiagonalDominance.Concrete	source	relocated
NumStability.Ch14Ext.ch14ext_cor147SourceForwardLeadingCoefficient	definition	public	NumStability.Algorithms.Ch14Corollary147SourceClosure	D15	NumStability.Source.Higham.Chapter14.Corollary07.DiagonalDominance.SourceClosure	source	relocated
NumStability.Ch14Ext.ch14ext_cor147SourceForwardLeadingCoefficient_nonneg	theorem	public	NumStability.Algorithms.Ch14Corollary147SourceClosure	D15	NumStability.Source.Higham.Chapter14.Corollary07.DiagonalDominance.SourceClosure	source	relocated
NumStability.Ch14Ext.ch14ext_cor147SourceForwardLeadingCoefficient_tendsto_zero	theorem	public	NumStability.Algorithms.Ch14Corollary147SourceClosure	D15	NumStability.Source.Higham.Chapter14.Corollary07.DiagonalDominance.SourceClosure	source	relocated
NumStability.Ch14Ext.ch14ext_cor147SourceForwardPrintedRemainder	definition	public	NumStability.Algorithms.Ch14Corollary147SourceClosure	D15	NumStability.Source.Higham.Chapter14.Corollary07.DiagonalDominance.SourceClosure	source	relocated
NumStability.Ch14Ext.ch14ext_cor147SourceForwardPrintedRemainder_isBigO	theorem	public	NumStability.Algorithms.Ch14Corollary147SourceClosure	D15	NumStability.Algorithms.Ch14Corollary147SourceClosure	source	retained
NumStability.Ch14Ext.ch14ext_cor147SourceForwardRelativeRemainder	definition	public	NumStability.Algorithms.Ch14Corollary147SourceClosure	D15	NumStability.Source.Higham.Chapter14.Corollary07.DiagonalDominance.SourceClosure	source	relocated
NumStability.Ch14Ext.ch14ext_cor147SourceForwardRelativeRemainder_isBigO	theorem	public	NumStability.Algorithms.Ch14Corollary147SourceClosure	D15	NumStability.Algorithms.Ch14Corollary147SourceClosure	source	retained
NumStability.Ch14Ext.ch14ext_cor147SourceForwardVectorRemainder	definition	public	NumStability.Algorithms.Ch14Corollary147SourceClosure	D15	NumStability.Source.Higham.Chapter14.Corollary07.DiagonalDominance.SourceClosure	source	relocated
NumStability.Ch14Ext.ch14ext_cor147SourceForwardVectorRemainder_isBigO	theorem	public	NumStability.Algorithms.Ch14Corollary147SourceClosure	D15	NumStability.Algorithms.Ch14Corollary147SourceClosure	source	retained
NumStability.Ch14Ext.ch14ext_cor147SourcePabs	definition	public	NumStability.Algorithms.Ch14Corollary147SourceClosure	D15	NumStability.Source.Higham.Chapter14.Corollary07.DiagonalDominance.SourceClosure	source	relocated
NumStability.Ch14Ext.ch14ext_cor147SourcePrintedX	definition	public	NumStability.Algorithms.Ch14Corollary147SourceClosure	D15	NumStability.Source.Higham.Chapter14.Corollary07.DiagonalDominance.SourceClosure	source	relocated
NumStability.Ch14Ext.ch14ext_cor147SourceQ	definition	public	NumStability.Algorithms.Ch14Corollary147SourceClosure	D15	NumStability.Source.Higham.Chapter14.Corollary07.DiagonalDominance.SourceClosure	source	relocated
NumStability.Ch14Ext.ch14ext_cor147SourceResidualEnvelopeCorrection	definition	public	NumStability.Algorithms.Ch14Corollary147SourceClosure	D15	NumStability.Source.Higham.Chapter14.Corollary07.DiagonalDominance.SourceClosure	source	relocated
NumStability.Ch14Ext.ch14ext_cor147SourceResidualEnvelopeCorrection_isBigOOne	theorem	public	NumStability.Algorithms.Ch14Corollary147SourceClosure	D15	NumStability.Source.Higham.Chapter14.Corollary07.DiagonalDominance.SourceClosure	source	relocated
NumStability.Ch14Ext.ch14ext_cor147SourceResidualLeadingCorrection	definition	public	NumStability.Algorithms.Ch14Corollary147SourceClosure	D15	NumStability.Source.Higham.Chapter14.Corollary07.DiagonalDominance.SourceClosure	source	relocated
NumStability.Ch14Ext.ch14ext_cor147SourceResidualLeadingCorrection_isBigO	theorem	public	NumStability.Algorithms.Ch14Corollary147SourceClosure	D15	NumStability.Algorithms.Ch14Corollary147SourceClosure	source	retained
NumStability.Ch14Ext.ch14ext_cor147SourceResidualRemainder	definition	public	NumStability.Algorithms.Ch14Corollary147SourceClosure	D15	NumStability.Source.Higham.Chapter14.Corollary07.DiagonalDominance.SourceClosure	source	relocated
NumStability.Ch14Ext.ch14ext_cor147SourceResidualRemainder_isBigO	theorem	public	NumStability.Algorithms.Ch14Corollary147SourceClosure	D15	NumStability.Algorithms.Ch14Corollary147SourceClosure	source	retained
NumStability.Ch14Ext.ch14ext_cor147SourceV	definition	public	NumStability.Algorithms.Ch14Corollary147SourceClosure	D15	NumStability.Source.Higham.Chapter14.Corollary07.DiagonalDominance.SourceClosure	source	relocated
NumStability.Ch14Ext.ch14ext_cor147SourceV_one	theorem	public	NumStability.Algorithms.Ch14Corollary147SourceClosure	D15	NumStability.Source.Higham.Chapter14.Corollary07.DiagonalDominance.SourceClosure	source	relocated
NumStability.Ch14Ext.ch14ext_cor147SourceXCorrection	definition	public	NumStability.Algorithms.Ch14Corollary147SourceClosure	D15	NumStability.Source.Higham.Chapter14.Corollary07.DiagonalDominance.SourceClosure	source	relocated
NumStability.Ch14Ext.ch14ext_cor147SourceXCorrection_isBigOOne	theorem	public	NumStability.Algorithms.Ch14Corollary147SourceClosure	D15	NumStability.Source.Higham.Chapter14.Corollary07.DiagonalDominance.SourceClosure	source	relocated
NumStability.Ch14Ext.ch14ext_cor147SourceXCorrection_nonneg	theorem	public	NumStability.Algorithms.Ch14Corollary147SourceClosure	D15	NumStability.Source.Higham.Chapter14.Corollary07.DiagonalDominance.SourceClosure	source	relocated
NumStability.Ch14Ext.ch14ext_cor147SourceXabs	definition	public	NumStability.Algorithms.Ch14Corollary147SourceClosure	D15	NumStability.Source.Higham.Chapter14.Corollary07.DiagonalDominance.SourceClosure	source	relocated
NumStability.Ch14Ext.ch14ext_cor147SourceXseq	definition	public	NumStability.Algorithms.Ch14Corollary147SourceClosure	D15	NumStability.Source.Higham.Chapter14.Corollary07.DiagonalDominance.SourceClosure	source	relocated
NumStability.Ch14Ext.ch14ext_cor147SourceXseq_one	theorem	public	NumStability.Algorithms.Ch14Corollary147SourceClosure	D15	NumStability.Source.Higham.Chapter14.Corollary07.DiagonalDominance.SourceClosure	source	relocated
NumStability.Ch14Ext.ch14ext_cor147Source_Pabs_le_abs_Uinv_add	theorem	public	NumStability.Algorithms.Ch14Corollary147SourceClosure	D15	NumStability.Source.Higham.Chapter14.Corollary07.DiagonalDominance.SourceClosure	source	relocated
NumStability.Ch14Ext.ch14ext_cor147Source_Q_sub_U_bound	theorem	public	NumStability.Algorithms.Ch14Corollary147SourceClosure	D15	NumStability.Source.Higham.Chapter14.Corollary07.DiagonalDominance.SourceClosure	source	relocated
NumStability.Ch14Ext.ch14ext_cor147Source_Xabs_le_printed_add_correction	theorem	public	NumStability.Algorithms.Ch14Corollary147SourceClosure	D15	NumStability.Source.Higham.Chapter14.Corollary07.DiagonalDominance.SourceClosure	source	relocated
NumStability.Ch14Ext.ch14ext_cor147Source_factorProximity_isBigO	theorem	public	NumStability.Algorithms.Ch14Corollary147SourceClosure	D15	NumStability.Algorithms.Ch14Corollary147SourceClosure	source	retained
NumStability.Ch14Ext.ch14ext_cor147Source_forwardCore_difference_isBigO	theorem	public	NumStability.Algorithms.Ch14Corollary147SourceClosure	D15	NumStability.Algorithms.Ch14Corollary147SourceClosure	source	retained
NumStability.Ch14Ext.ch14ext_cor147Source_forwardT1_difference_isBigO	theorem	public	NumStability.Algorithms.Ch14Corollary147SourceClosure	D15	NumStability.Algorithms.Ch14Corollary147SourceClosure	source	retained
NumStability.Ch14Ext.ch14ext_cor147Source_forwardT2_difference_isBigO	theorem	public	NumStability.Algorithms.Ch14Corollary147SourceClosure	D15	NumStability.Algorithms.Ch14Corollary147SourceClosure	source	retained
NumStability.Ch14Ext.ch14ext_cor147Source_forward_14_32_family_endpoint	theorem	public	NumStability.Algorithms.Ch14Corollary147SourceClosure	D15	NumStability.Algorithms.Ch14Corollary147SourceClosure	source	retained
NumStability.Ch14Ext.ch14ext_cor147Source_forward_bound	theorem	public	NumStability.Algorithms.Ch14Corollary147SourceClosure	D15	NumStability.Source.Higham.Chapter14.Corollary07.DiagonalDominance.SourceClosure	source	relocated
NumStability.Ch14Ext.ch14ext_cor147Source_forward_printed_bound_of_coefficient_lt_one	theorem	public	NumStability.Algorithms.Ch14Corollary147SourceClosure	D15	NumStability.Source.Higham.Chapter14.Corollary07.DiagonalDominance.SourceClosure	source	relocated
NumStability.Ch14Ext.ch14ext_cor147Source_forward_printed_eventually	theorem	public	NumStability.Algorithms.Ch14Corollary147SourceClosure	D15	NumStability.Source.Higham.Chapter14.Corollary07.DiagonalDominance.SourceClosure	source	relocated
NumStability.Ch14Ext.ch14ext_cor147Source_forward_vanishing_family_endpoint	theorem	public	NumStability.Algorithms.Ch14Corollary147SourceClosure	D15	NumStability.Algorithms.Ch14Corollary147SourceClosure	source	retained
NumStability.Ch14Ext.ch14ext_cor147Source_index_valid	theorem	public	NumStability.Algorithms.Ch14Corollary147SourceClosure	D15	NumStability.Source.Higham.Chapter14.Corollary07.DiagonalDominance.SourceClosure	source	relocated
NumStability.Ch14Ext.ch14ext_cor147Source_inverseProximity_isBigO	theorem	public	NumStability.Algorithms.Ch14Corollary147SourceClosure	D15	NumStability.Source.Higham.Chapter14.Corollary07.DiagonalDominance.SourceClosure	source	relocated
NumStability.Ch14Ext.ch14ext_cor147Source_overall_forward_14_32	theorem	public	NumStability.Algorithms.Ch14Corollary147SourceClosure	D15	NumStability.Source.Higham.Chapter14.Corollary07.DiagonalDominance.SourceClosure	source	relocated
NumStability.Ch14Ext.ch14ext_cor147Source_overall_forward_stage_envelope	theorem	public	NumStability.Algorithms.Ch14Corollary147SourceClosure	D15	NumStability.Source.Higham.Chapter14.Corollary07.DiagonalDominance.SourceClosure	source	relocated
NumStability.Ch14Ext.ch14ext_cor147Source_overall_residual_14_31	theorem	public	NumStability.Algorithms.Ch14Corollary147SourceClosure	D15	NumStability.Source.Higham.Chapter14.Corollary07.DiagonalDominance.SourceClosure	source	relocated
NumStability.Ch14Ext.ch14ext_cor147Source_printedResidualLeading_difference_isBigO	theorem	public	NumStability.Algorithms.Ch14Corollary147SourceClosure	D15	NumStability.Algorithms.Ch14Corollary147SourceClosure	source	retained
NumStability.Ch14Ext.ch14ext_cor147Source_printedX_difference_isBigO	theorem	public	NumStability.Algorithms.Ch14Corollary147SourceClosure	D15	NumStability.Algorithms.Ch14Corollary147SourceClosure	source	retained
NumStability.Ch14Ext.ch14ext_cor147Source_residualS2_le_exact_add_correction	theorem	public	NumStability.Algorithms.Ch14Corollary147SourceClosure	D15	NumStability.Source.Higham.Chapter14.Corollary07.DiagonalDominance.SourceClosure	source	relocated
NumStability.Ch14Ext.ch14ext_cor147Source_residualS2_le_printed_add_correction	theorem	public	NumStability.Algorithms.Ch14Corollary147SourceClosure	D15	NumStability.Source.Higham.Chapter14.Corollary07.DiagonalDominance.SourceClosure	source	relocated
NumStability.Ch14Ext.ch14ext_cor147Source_residual_14_31_family_endpoint	theorem	public	NumStability.Algorithms.Ch14Corollary147SourceClosure	D15	NumStability.Algorithms.Ch14Corollary147SourceClosure	source	retained
NumStability.Ch14Ext.ch14ext_cor147Source_residual_bound	theorem	public	NumStability.Algorithms.Ch14Corollary147SourceClosure	D15	NumStability.Source.Higham.Chapter14.Corollary07.DiagonalDominance.SourceClosure	source	relocated
NumStability.Ch14Ext.ch14ext_cor147Source_residual_vanishing_family_endpoint	theorem	public	NumStability.Algorithms.Ch14Corollary147SourceClosure	D15	NumStability.Algorithms.Ch14Corollary147SourceClosure	source	retained
NumStability.Ch14Ext.ch14ext_cor147Source_stage2_backward_error	theorem	public	NumStability.Algorithms.Ch14Corollary147SourceClosure	D15	NumStability.Source.Higham.Chapter14.Corollary07.DiagonalDominance.SourceClosure	source	relocated
NumStability.Ch14Ext.ch14ext_cor147Source_upper	theorem	public	NumStability.Algorithms.Ch14Corollary147SourceClosure	D15	NumStability.Source.Higham.Chapter14.Corollary07.DiagonalDominance.SourceClosure	source	relocated
NumStability.Ch14Ext.ch14ext_cor147Source_vanishing_family_endpoint	theorem	public	NumStability.Algorithms.Ch14Corollary147SourceClosure	D15	NumStability.Algorithms.Ch14Corollary147SourceClosure	source	retained
NumStability.Ch14Ext.ch14ext_cor147WeakExactX	definition	public	NumStability.Algorithms.Ch14Corollary147WeakFamily	D15	NumStability.Source.Higham.Chapter14.Corollary07.DiagonalDominance.WeakFamily	source	relocated
NumStability.Ch14Ext.ch14ext_cor147WeakForwardLeadingCoefficient	definition	public	NumStability.Algorithms.Ch14Corollary147WeakFamily	D15	NumStability.Source.Higham.Chapter14.Corollary07.DiagonalDominance.WeakFamily	source	relocated
NumStability.Ch14Ext.ch14ext_cor147WeakForwardLeadingCoefficient_nonneg	theorem	public	NumStability.Algorithms.Ch14Corollary147WeakFamily	D15	NumStability.Source.Higham.Chapter14.Corollary07.DiagonalDominance.WeakFamily	source	relocated
NumStability.Ch14Ext.ch14ext_cor147WeakForwardLeadingCoefficient_tendsto_zero	theorem	public	NumStability.Algorithms.Ch14Corollary147WeakFamily	D15	NumStability.Source.Higham.Chapter14.Corollary07.DiagonalDominance.WeakFamily	source	relocated
NumStability.Ch14Ext.ch14ext_cor147WeakForwardPrintedRemainder	definition	public	NumStability.Algorithms.Ch14Corollary147WeakFamily	D15	NumStability.Source.Higham.Chapter14.Corollary07.DiagonalDominance.WeakFamily	source	relocated
NumStability.Ch14Ext.ch14ext_cor147WeakForwardPrintedRemainder_isBigO	theorem	public	NumStability.Algorithms.Ch14Corollary147WeakFamily	D15	NumStability.Algorithms.Ch14Corollary147WeakFamily	source	retained
NumStability.Ch14Ext.ch14ext_cor147WeakForwardRelativeRemainder	definition	public	NumStability.Algorithms.Ch14Corollary147WeakFamily	D15	NumStability.Source.Higham.Chapter14.Corollary07.DiagonalDominance.WeakFamily	source	relocated
NumStability.Ch14Ext.ch14ext_cor147WeakForwardRelativeRemainder_isBigO	theorem	public	NumStability.Algorithms.Ch14Corollary147WeakFamily	D15	NumStability.Algorithms.Ch14Corollary147WeakFamily	source	retained
NumStability.Ch14Ext.ch14ext_cor147WeakForwardVectorRemainder	definition	public	NumStability.Algorithms.Ch14Corollary147WeakFamily	D15	NumStability.Source.Higham.Chapter14.Corollary07.DiagonalDominance.WeakFamily	source	relocated
NumStability.Ch14Ext.ch14ext_cor147WeakForwardVectorRemainder_isBigO	theorem	public	NumStability.Algorithms.Ch14Corollary147WeakFamily	D15	NumStability.Algorithms.Ch14Corollary147WeakFamily	source	retained
NumStability.Ch14Ext.ch14ext_cor147WeakResidualRemainder	definition	public	NumStability.Algorithms.Ch14Corollary147WeakFamily	D15	NumStability.Source.Higham.Chapter14.Corollary07.DiagonalDominance.WeakFamily	source	relocated
NumStability.Ch14Ext.ch14ext_cor147WeakResidualRemainder_isBigO	theorem	public	NumStability.Algorithms.Ch14Corollary147WeakFamily	D15	NumStability.Algorithms.Ch14Corollary147WeakFamily	source	retained
NumStability.Ch14Ext.ch14ext_cor147Weak_forwardCore_difference_isBigO	theorem	public	NumStability.Algorithms.Ch14Corollary147WeakFamily	D15	NumStability.Source.Higham.Chapter14.Corollary07.DiagonalDominance.WeakFamily	source	relocated
NumStability.Ch14Ext.ch14ext_cor147Weak_forwardT1_difference_isBigO	theorem	public	NumStability.Algorithms.Ch14Corollary147WeakFamily	D15	NumStability.Source.Higham.Chapter14.Corollary07.DiagonalDominance.WeakFamily	source	relocated
NumStability.Ch14Ext.ch14ext_cor147Weak_forwardT2_difference_isBigO	theorem	public	NumStability.Algorithms.Ch14Corollary147WeakFamily	D15	NumStability.Source.Higham.Chapter14.Corollary07.DiagonalDominance.WeakFamily	source	relocated
NumStability.Ch14Ext.ch14ext_cor147Weak_forward_bound	theorem	public	NumStability.Algorithms.Ch14Corollary147WeakFamily	D15	NumStability.Algorithms.Ch14Corollary147WeakFamily	source	retained
NumStability.Ch14Ext.ch14ext_cor147Weak_forward_printed_bound_of_coefficient_lt_one	theorem	public	NumStability.Algorithms.Ch14Corollary147WeakFamily	D15	NumStability.Algorithms.Ch14Corollary147WeakFamily	source	retained
NumStability.Ch14Ext.ch14ext_cor147Weak_forward_printed_eventually	theorem	public	NumStability.Algorithms.Ch14Corollary147WeakFamily	D15	NumStability.Algorithms.Ch14Corollary147WeakFamily	source	retained
NumStability.Ch14Ext.ch14ext_cor147Weak_forward_vanishing_family_endpoint	theorem	public	NumStability.Algorithms.Ch14Corollary147WeakFamily	D15	NumStability.Algorithms.Ch14Corollary147WeakFamily	source	retained
NumStability.Ch14Ext.ch14ext_cor147Weak_inverse_proximity_isBigO	theorem	public	NumStability.Algorithms.Ch14Corollary147WeakFamily	D15	NumStability.Source.Higham.Chapter14.Corollary07.DiagonalDominance.WeakFamily	source	relocated
NumStability.Ch14Ext.ch14ext_cor147Weak_residualLeading_difference_isBigO	theorem	public	NumStability.Algorithms.Ch14Corollary147WeakFamily	D15	NumStability.Source.Higham.Chapter14.Corollary07.DiagonalDominance.WeakFamily	source	relocated
NumStability.Ch14Ext.ch14ext_cor147Weak_residual_bound	theorem	public	NumStability.Algorithms.Ch14Corollary147WeakFamily	D15	NumStability.Algorithms.Ch14Corollary147WeakFamily	source	retained
NumStability.Ch14Ext.ch14ext_cor147Weak_residual_vanishing_family_endpoint	theorem	public	NumStability.Algorithms.Ch14Corollary147WeakFamily	D15	NumStability.Algorithms.Ch14Corollary147WeakFamily	source	retained
NumStability.Ch14Ext.ch14ext_cor147Weak_vanishing_family_endpoint	theorem	public	NumStability.Algorithms.Ch14Corollary147WeakFamily	D15	NumStability.Algorithms.Ch14Corollary147WeakFamily	source	retained
NumStability.Ch14Ext.ch14ext_cor147_absLU_infNorm_le	theorem	public	NumStability.Algorithms.Ch14Corollary147	D15	NumStability.Source.Higham.Chapter14.Corollary07.DiagonalDominance.Basic	source	relocated
NumStability.Ch14Ext.ch14ext_cor147_absLU_rowSum_le	theorem	public	NumStability.Algorithms.Ch14Corollary147	D15	NumStability.Source.Higham.Chapter14.Corollary07.DiagonalDominance.Basic	source	relocated
NumStability.Ch14Ext.ch14ext_cor147_absProduct_nonneg	theorem	public	NumStability.Algorithms.Ch14Corollary147Concrete	D15	NumStability.Source.Higham.Chapter14.Corollary07.DiagonalDominance.Concrete	source	relocated
NumStability.Ch14Ext.ch14ext_cor147_computedProduct_infNorm_le_source	theorem	public	NumStability.Algorithms.Ch14Corollary147Concrete	D15	NumStability.Source.Higham.Chapter14.Corollary07.DiagonalDominance.Concrete	source	relocated
NumStability.Ch14Ext.ch14ext_cor147_computedProduct_luFact	theorem	public	NumStability.Algorithms.Ch14Corollary147Concrete	D15	NumStability.Source.Higham.Chapter14.Corollary07.DiagonalDominance.Concrete	source	relocated
NumStability.Ch14Ext.ch14ext_cor147_computedProduct_rowSum_le_source	theorem	public	NumStability.Algorithms.Ch14Corollary147Concrete	D15	NumStability.Source.Higham.Chapter14.Corollary07.DiagonalDominance.Concrete	source	relocated
NumStability.Ch14Ext.ch14ext_cor147_concrete_forward	theorem	public	NumStability.Algorithms.Ch14Corollary147Concrete	D15	NumStability.Source.Higham.Chapter14.Corollary07.DiagonalDominance.Concrete	source	relocated
NumStability.Ch14Ext.ch14ext_cor147_concrete_residual	theorem	public	NumStability.Algorithms.Ch14Corollary147Concrete	D15	NumStability.Source.Higham.Chapter14.Corollary07.DiagonalDominance.Concrete	source	relocated
NumStability.Ch14Ext.ch14ext_cor147_concrete_upper_factors_row_dominant	theorem	public	NumStability.Algorithms.Ch14Corollary147Concrete	D15	NumStability.Source.Higham.Chapter14.Corollary07.DiagonalDominance.Concrete	source	relocated
NumStability.Ch14Ext.ch14ext_cor147_condU_entry_le_two	theorem	public	NumStability.Algorithms.Ch14Corollary147	D15	NumStability.Source.Higham.Chapter14.Corollary07.DiagonalDominance.Basic	source	relocated
NumStability.Ch14Ext.ch14ext_cor147_condU_infNorm_le	theorem	public	NumStability.Algorithms.Ch14Corollary147	D15	NumStability.Source.Higham.Chapter14.Corollary07.DiagonalDominance.Basic	source	relocated
NumStability.Ch14Ext.ch14ext_cor147_forward_error_relative_infNorm	theorem	public	NumStability.Algorithms.Ch14Corollary147	D15	NumStability.Source.Higham.Chapter14.Corollary07.DiagonalDominance.Basic	source	relocated
NumStability.Ch14Ext.ch14ext_cor147_forward_leading_infNorm_le	theorem	public	NumStability.Algorithms.Ch14Corollary147Concrete	D15	NumStability.Source.Higham.Chapter14.Corollary07.DiagonalDominance.Concrete	source	relocated
NumStability.Ch14Ext.ch14ext_cor147_forward_printed_of_exactGE_and_theorem14_5	theorem	public	NumStability.Algorithms.Ch14Corollary147Closure	D15	NumStability.Source.Higham.Chapter14.Corollary07.DiagonalDominance.Closure	source	relocated
NumStability.Ch14Ext.ch14ext_cor147_gjeResidualS2_le_printed_add_concrete	theorem	public	NumStability.Algorithms.Ch14Corollary147Concrete	D15	NumStability.Source.Higham.Chapter14.Corollary07.DiagonalDominance.Concrete	source	relocated
NumStability.Ch14Ext.ch14ext_cor147_gjeXabs_le_printed_add_correction	theorem	public	NumStability.Algorithms.Ch14Corollary147Concrete	D15	NumStability.Source.Higham.Chapter14.Corollary07.DiagonalDominance.Concrete	source	relocated
NumStability.Ch14Ext.ch14ext_cor147_residualS2_printed_eq	theorem	public	NumStability.Algorithms.Ch14Corollary147Concrete	D15	NumStability.Source.Higham.Chapter14.Corollary07.DiagonalDominance.Concrete	source	relocated
NumStability.Ch14Ext.ch14ext_cor147_residual_leading_object_le	theorem	public	NumStability.Algorithms.Ch14Corollary147Concrete	D15	NumStability.Source.Higham.Chapter14.Corollary07.DiagonalDominance.Concrete	source	relocated
NumStability.Ch14Ext.ch14ext_cor147_residual_relative_infNorm	theorem	public	NumStability.Algorithms.Ch14Corollary147	D15	NumStability.Source.Higham.Chapter14.Corollary07.DiagonalDominance.Basic	source	relocated
NumStability.Ch14Ext.ch14ext_cor147_rowwise_residual_of_theorem14_5	theorem	public	NumStability.Algorithms.Ch14Corollary147	D15	NumStability.Source.Higham.Chapter14.Corollary07.DiagonalDominance.Basic	source	relocated
NumStability.Ch14Ext.ch14ext_cor147_rowwise_residual_printed_of_condEntry_le_two	theorem	public	NumStability.Algorithms.Ch14Corollary147	D15	NumStability.Source.Higham.Chapter14.Corollary07.DiagonalDominance.Basic	source	relocated
NumStability.Ch14Ext.ch14ext_cor147_rowwise_residual_printed_of_exactGE_and_theorem14_5	theorem	public	NumStability.Algorithms.Ch14Corollary147Closure	D15	NumStability.Source.Higham.Chapter14.Corollary07.DiagonalDominance.Closure	source	relocated
NumStability.Ch14Ext.ch14ext_cor147_rowwise_residual_printed_of_rowDiagDominantUpper	theorem	public	NumStability.Algorithms.Ch14Corollary147	D15	NumStability.Source.Higham.Chapter14.Corollary07.DiagonalDominance.Basic	source	relocated
NumStability.Ch14Ext.ch14ext_cumProd_abs_dom	theorem	public	NumStability.Algorithms.Ch14GaussJordanQConstruction	D13	NumStability.Source.Higham.Chapter14.Algorithm04.SecondStage.GaussJordanQConstruction	source	relocated
NumStability.Ch14Ext.ch14ext_elimMatrix	definition	public	NumStability.Algorithms.GaussJordanPivoting	D12	NumStability.Source.Higham.Chapter14.Algorithm04.Pivoting.GaussJordanPivoting	source	relocated
NumStability.Ch14Ext.ch14ext_eliminate	definition	public	NumStability.Algorithms.GaussJordanPivoting	D12	NumStability.Source.Higham.Chapter14.Algorithm04.Pivoting.GaussJordanPivoting	source	relocated
NumStability.Ch14Ext.ch14ext_eliminate_column_zero	theorem	public	NumStability.Algorithms.GaussJordanPivoting	D12	NumStability.Source.Higham.Chapter14.Algorithm04.Pivoting.GaussJordanPivoting	source	relocated
NumStability.Ch14Ext.ch14ext_eliminate_eq_matMul	theorem	public	NumStability.Algorithms.GaussJordanPivoting	D12	NumStability.Source.Higham.Chapter14.Algorithm04.Pivoting.GaussJordanPivoting	source	relocated
NumStability.Ch14Ext.ch14ext_eliminate_pivot_row	theorem	public	NumStability.Algorithms.GaussJordanPivoting	D12	NumStability.Source.Higham.Chapter14.Algorithm04.Pivoting.GaussJordanPivoting	source	relocated
NumStability.Ch14Ext.ch14ext_eliminate_preserves_zero_column	theorem	public	NumStability.Algorithms.GaussJordanPivoting	D12	NumStability.Source.Higham.Chapter14.Algorithm04.Pivoting.GaussJordanPivoting	source	relocated
NumStability.Ch14Ext.ch14ext_eq14_3_familyRemainder	definition	public	NumStability.Algorithms.Ch14AsymptoticFamilies	D31	NumStability.Source.Higham.Chapter14.Section01.InverseErrorAnalysis.AsymptoticFamilies	source	relocated
NumStability.Ch14Ext.ch14ext_eq14_3_familyRemainder_isBigO	theorem	public	NumStability.Algorithms.Ch14AsymptoticFamilies	D31	NumStability.Source.Higham.Chapter14.Section01.InverseErrorAnalysis.AsymptoticFamilies	source	relocated
NumStability.Ch14Ext.ch14ext_eq14_3_family_bound	theorem	public	NumStability.Algorithms.Ch14AsymptoticFamilies	D31	NumStability.Source.Higham.Chapter14.Section01.InverseErrorAnalysis.AsymptoticFamilies	source	relocated
NumStability.Ch14Ext.ch14ext_eq14_3_forward_error_endpoint	theorem	public	NumStability.Algorithms.Ch14ForwardErrorEndpoint	D31	NumStability.Source.Higham.Chapter14.Section01.InverseErrorAnalysis.ForwardErrorEndpoint	source	relocated
NumStability.Ch14Ext.ch14ext_eq14_3_quadraticRemainder	definition	public	NumStability.Algorithms.Ch14ForwardErrorEndpoint	D31	NumStability.Source.Higham.Chapter14.Section01.InverseErrorAnalysis.ForwardErrorEndpoint	source	relocated
NumStability.Ch14Ext.ch14ext_eq14_3_quadraticRemainder_isBigO	theorem	public	NumStability.Algorithms.Ch14ForwardErrorEndpoint	D31	NumStability.Algorithms.Ch14ForwardErrorEndpoint	source	retained
NumStability.Ch14Ext.ch14ext_eq14_3_vanishing_family_endpoint	theorem	public	NumStability.Algorithms.Ch14AsymptoticFamilies	D31	NumStability.Source.Higham.Chapter14.Section01.InverseErrorAnalysis.AsymptoticFamilies	source	relocated
NumStability.Ch14Ext.ch14ext_eq14_6_familyRemainder	definition	public	NumStability.Algorithms.Ch14AsymptoticFamilies	D33	NumStability.Source.Higham.Chapter14.Section02.TriangularInversion.Method1.AsymptoticFamilies	source	relocated
NumStability.Ch14Ext.ch14ext_eq14_6_familyRemainder_isBigO	theorem	public	NumStability.Algorithms.Ch14AsymptoticFamilies	D33	NumStability.Algorithms.Ch14AsymptoticFamilies	source	retained
NumStability.Ch14Ext.ch14ext_eq14_6_familyX	definition	public	NumStability.Algorithms.Ch14AsymptoticFamilies	D33	NumStability.Source.Higham.Chapter14.Section02.TriangularInversion.Method1.AsymptoticFamilies	source	relocated
NumStability.Ch14Ext.ch14ext_eq14_6_method1_abs_Xhat_envelope	theorem	public	NumStability.Algorithms.Ch14ForwardErrorEndpoint	D33	NumStability.Source.Higham.Chapter14.Section02.TriangularInversion.Method1.ForwardErrorEndpoint	source	relocated
NumStability.Ch14Ext.ch14ext_eq14_6_method1_forward_error_endpoint	theorem	public	NumStability.Algorithms.Ch14ForwardErrorEndpoint	D33	NumStability.Algorithms.Ch14ForwardErrorEndpoint	source	retained
NumStability.Ch14Ext.ch14ext_eq14_6_method1_quadraticRemainder	definition	public	NumStability.Algorithms.Ch14ForwardErrorEndpoint	D33	NumStability.Source.Higham.Chapter14.Section02.TriangularInversion.Method1.ForwardErrorEndpoint	source	relocated
NumStability.Ch14Ext.ch14ext_eq14_6_method1_quadraticRemainder_at_fp	theorem	public	NumStability.Algorithms.Ch14ForwardErrorEndpoint	D33	NumStability.Source.Higham.Chapter14.Section02.TriangularInversion.Method1.ForwardErrorEndpoint	source	relocated
NumStability.Ch14Ext.ch14ext_eq14_6_method1_quadraticRemainder_isBigO	theorem	public	NumStability.Algorithms.Ch14ForwardErrorEndpoint	D33	NumStability.Algorithms.Ch14ForwardErrorEndpoint	source	retained
NumStability.Ch14Ext.ch14ext_eq14_6_vanishing_family_endpoint	theorem	public	NumStability.Algorithms.Ch14AsymptoticFamilies	D33	NumStability.Algorithms.Ch14AsymptoticFamilies	source	retained
NumStability.Ch14Ext.ch14ext_eq14_7_familyRemainder	definition	public	NumStability.Algorithms.Ch14AsymptoticFamilies	D33	NumStability.Source.Higham.Chapter14.Section02.TriangularInversion.Method1.AsymptoticFamilies	source	relocated
NumStability.Ch14Ext.ch14ext_eq14_7_familyRemainderMatrix	definition	public	NumStability.Algorithms.Ch14AsymptoticFamilies	D33	NumStability.Source.Higham.Chapter14.Section02.TriangularInversion.Method1.AsymptoticFamilies	source	relocated
NumStability.Ch14Ext.ch14ext_eq14_7_familyRemainder_isBigO	theorem	public	NumStability.Algorithms.Ch14AsymptoticFamilies	D33	NumStability.Algorithms.Ch14AsymptoticFamilies	source	retained
NumStability.Ch14Ext.ch14ext_eq14_7_inverseProduct_infNorm_le_condSkeel	theorem	public	NumStability.Algorithms.Ch14AsymptoticFamilies	D33	NumStability.Source.Higham.Chapter14.Section02.TriangularInversion.Method1.AsymptoticFamilies	source	relocated
NumStability.Ch14Ext.ch14ext_eq14_7_leading_infNorm_le	theorem	public	NumStability.Algorithms.Ch14AsymptoticFamilies	D33	NumStability.Source.Higham.Chapter14.Section02.TriangularInversion.Method1.AsymptoticFamilies	source	relocated
NumStability.Ch14Ext.ch14ext_eq14_7_vanishing_family_endpoint	theorem	public	NumStability.Algorithms.Ch14AsymptoticFamilies	D33	NumStability.Algorithms.Ch14AsymptoticFamilies	source	retained
NumStability.Ch14Ext.ch14ext_exactNoPivotLU_upper_higham8_8	theorem	public	NumStability.Algorithms.Ch14Corollary147Closure	D15	NumStability.Source.Higham.Chapter14.Corollary07.DiagonalDominance.Closure	source	relocated
NumStability.Ch14Ext.ch14ext_exactNoPivotLU_upper_rowDiagDominant	theorem	public	NumStability.Algorithms.Ch14Corollary147Closure	D15	NumStability.Source.Higham.Chapter14.Corollary07.DiagonalDominance.Closure	source	relocated
NumStability.Ch14Ext.ch14ext_finRev	definition	public	NumStability.Algorithms.Ch14MethodDUpperCertificate	D41	NumStability.Source.Higham.Chapter14.Section03.LUFactorInversion.MethodD.MethodDUpperCertificate	source	relocated
NumStability.Ch14Ext.ch14ext_finRev_apply	theorem	public	NumStability.Algorithms.Ch14MethodDUpperCertificate	D41	NumStability.Source.Higham.Chapter14.Section03.LUFactorInversion.MethodD.MethodDUpperCertificate	source	relocated
NumStability.Ch14Ext.ch14ext_finalizationCounterMatrix	definition	public	NumStability.Algorithms.Ch14GJEOperationalBridge	D11	NumStability.Source.Higham.Chapter14.Algorithm04.Execution.GJEOperationalBridge	source	relocated
NumStability.Ch14Ext.ch14ext_finalizationCounterState	definition	public	NumStability.Algorithms.Ch14GJEOperationalBridge	D11	NumStability.Source.Higham.Chapter14.Algorithm04.Execution.GJEOperationalBridge	source	relocated
NumStability.Ch14Ext.ch14ext_finalizationCounter_all_local_guards_but_not_identity	theorem	public	NumStability.Algorithms.Ch14GJEOperationalBridge	D11	NumStability.Source.Higham.Chapter14.Algorithm04.Execution.GJEOperationalBridge	source	relocated
NumStability.Ch14Ext.ch14ext_finalizationCounter_entry	theorem	public	NumStability.Algorithms.Ch14GJEOperationalBridge	D11	NumStability.Source.Higham.Chapter14.Algorithm04.Execution.GJEOperationalBridge	source	relocated
NumStability.Ch14Ext.ch14ext_finalizationCounter_not_identity	theorem	public	NumStability.Algorithms.Ch14GJEOperationalBridge	D11	NumStability.Source.Higham.Chapter14.Algorithm04.Execution.GJEOperationalBridge	source	relocated
NumStability.Ch14Ext.ch14ext_finalizationCounter_pivot_nonzero	theorem	public	NumStability.Algorithms.Ch14GJEOperationalBridge	D11	NumStability.Source.Higham.Chapter14.Algorithm04.Execution.GJEOperationalBridge	source	relocated
NumStability.Ch14Ext.ch14ext_fixedMatrix_family_isBigOOne	theorem	public	NumStability.Algorithms.Ch14GJEAsymptoticFamilies	D42	NumStability.Source.Higham.Chapter14.Theorem05.ForwardError.GJEAsymptoticFamilies	source	relocated
NumStability.Ch14Ext.ch14ext_fixedMatrix_isBigOOne	theorem	public	NumStability.Algorithms.Ch14Corollary147WeakFamily	D15	NumStability.Source.Higham.Chapter14.Corollary07.DiagonalDominance.WeakFamily	source	relocated
NumStability.Ch14Ext.ch14ext_fixedMatrix_vectorDifference_isBigO	theorem	public	NumStability.Algorithms.Ch14Corollary147WeakFamily	D15	NumStability.Source.Higham.Chapter14.Corollary07.DiagonalDominance.WeakFamily	source	relocated
NumStability.Ch14Ext.ch14ext_fixedVector_isBigOOne	theorem	public	NumStability.Algorithms.Ch14Corollary147WeakFamily	D15	NumStability.Source.Higham.Chapter14.Corollary07.DiagonalDominance.WeakFamily	source	relocated
NumStability.Ch14Ext.ch14ext_fl_div_zero_left	theorem	public	NumStability.Algorithms.Ch14GaussJordanQConstruction	D13	NumStability.Source.Higham.Chapter14.Algorithm04.SecondStage.GaussJordanQConstruction	source	relocated
NumStability.Ch14Ext.ch14ext_fl_forwardSub_unit_zero_below	theorem	public	NumStability.Algorithms.Ch14BlockTriInverse	D34	NumStability.Source.Higham.Chapter14.Section02.TriangularInversion.Method1B.BlockTriInverse	source	relocated
NumStability.Ch14Ext.ch14ext_fl_mul_zero_left	theorem	public	NumStability.Algorithms.Ch14GaussJordanQConstruction	D13	NumStability.Source.Higham.Chapter14.Algorithm04.SecondStage.GaussJordanQConstruction	source	relocated
NumStability.Ch14Ext.ch14ext_fl_mul_zero_right	theorem	public	NumStability.Algorithms.Ch14GaussJordanQConstruction	D13	NumStability.Source.Higham.Chapter14.Algorithm04.SecondStage.GaussJordanQConstruction	source	relocated
NumStability.Ch14Ext.ch14ext_fl_sub_zero_zero	theorem	public	NumStability.Algorithms.Ch14GaussJordanQConstruction	D13	NumStability.Source.Higham.Chapter14.Algorithm04.SecondStage.GaussJordanQConstruction	source	relocated
NumStability.Ch14Ext.ch14ext_fold_arith	theorem	public	NumStability.Algorithms.Ch14GaussJordanQConstruction	D13	NumStability.Source.Higham.Chapter14.Algorithm04.SecondStage.GaussJordanQConstruction	source	relocated
NumStability.Ch14Ext.ch14ext_forward_transfer	theorem	public	NumStability.Algorithms.Ch14GaussJordanQConstruction	D13	NumStability.Source.Higham.Chapter14.Algorithm04.SecondStage.GaussJordanQConstruction	source	relocated
NumStability.Ch14Ext.ch14ext_fullMultiplier	definition	public	NumStability.Algorithms.GaussJordanPivoting	D12	NumStability.Source.Higham.Chapter14.Algorithm04.Pivoting.GaussJordanPivoting	source	relocated
NumStability.Ch14Ext.ch14ext_fullReduce	definition	public	NumStability.Algorithms.GaussJordanPivoting	D12	NumStability.Source.Higham.Chapter14.Algorithm04.Pivoting.GaussJordanPivoting	source	relocated
NumStability.Ch14Ext.ch14ext_fullReduce_ReducedUpTo	theorem	public	NumStability.Algorithms.GaussJordanPivoting	D12	NumStability.Source.Higham.Chapter14.Algorithm04.Pivoting.GaussJordanPivoting	source	relocated
NumStability.Ch14Ext.ch14ext_fullReduce_diag_after_step_eq_pivot	theorem	public	NumStability.Algorithms.Ch14GaussJordanSourceClosure	D11	NumStability.Source.Higham.Chapter14.Algorithm04.Execution.GaussJordanSourceClosure	source	relocated
NumStability.Ch14Ext.ch14ext_fullReduce_diagonal	theorem	public	NumStability.Algorithms.GaussJordanPivoting	D12	NumStability.Source.Higham.Chapter14.Algorithm04.Pivoting.GaussJordanPivoting	source	relocated
NumStability.Ch14Ext.ch14ext_fullReduce_final_diag_ne_zero	theorem	public	NumStability.Algorithms.Ch14GaussJordanSourceClosure	D11	NumStability.Source.Higham.Chapter14.Algorithm04.Execution.GaussJordanSourceClosure	source	relocated
NumStability.Ch14Ext.ch14ext_fullReduce_processed_column_stable	theorem	public	NumStability.Algorithms.Ch14GaussJordanSourceClosure	D11	NumStability.Source.Higham.Chapter14.Algorithm04.Execution.GaussJordanSourceClosure	source	relocated
NumStability.Ch14Ext.ch14ext_fullReduce_sameSolutions	theorem	public	NumStability.Algorithms.Ch14GaussJordanSourceClosure	D11	NumStability.Source.Higham.Chapter14.Algorithm04.Execution.GaussJordanSourceClosure	source	relocated
NumStability.Ch14Ext.ch14ext_fullSolution	definition	public	NumStability.Algorithms.GaussJordanPivoting	D12	NumStability.Source.Higham.Chapter14.Algorithm04.Pivoting.GaussJordanPivoting	source	relocated
NumStability.Ch14Ext.ch14ext_fullSolution_diag_equation	theorem	public	NumStability.Algorithms.GaussJordanPivoting	D12	NumStability.Source.Higham.Chapter14.Algorithm04.Pivoting.GaussJordanPivoting	source	relocated
NumStability.Ch14Ext.ch14ext_fullSolution_satisfies_final	theorem	public	NumStability.Algorithms.Ch14GaussJordanSourceClosure	D11	NumStability.Source.Higham.Chapter14.Algorithm04.Execution.GaussJordanSourceClosure	source	relocated
NumStability.Ch14Ext.ch14ext_fullStep	definition	public	NumStability.Algorithms.GaussJordanPivoting	D12	NumStability.Source.Higham.Chapter14.Algorithm04.Pivoting.GaussJordanPivoting	source	relocated
NumStability.Ch14Ext.ch14ext_fullStep_current_column_zero	theorem	public	NumStability.Algorithms.GaussJordanPivoting	D12	NumStability.Source.Higham.Chapter14.Algorithm04.Pivoting.GaussJordanPivoting	source	relocated
NumStability.Ch14Ext.ch14ext_fullStep_matrix_before	theorem	public	NumStability.Algorithms.GaussJordanPivoting	D12	NumStability.Source.Higham.Chapter14.Algorithm04.Pivoting.GaussJordanPivoting	source	relocated
NumStability.Ch14Ext.ch14ext_fullStep_rhs_offpivot	theorem	public	NumStability.Algorithms.GaussJordanPivoting	D12	NumStability.Source.Higham.Chapter14.Algorithm04.Pivoting.GaussJordanPivoting	source	relocated
NumStability.Ch14Ext.ch14ext_fullStep_sameSolutions	theorem	public	NumStability.Algorithms.Ch14GaussJordanSourceClosure	D11	NumStability.Source.Higham.Chapter14.Algorithm04.Execution.GaussJordanSourceClosure	source	relocated
NumStability.Ch14Ext.ch14ext_fullStep_sameSolutions_tailPivot	theorem	public	NumStability.Algorithms.Ch14GaussJordanSourceClosure	D11	NumStability.Source.Higham.Chapter14.Algorithm04.Execution.GaussJordanSourceClosure	source	relocated
NumStability.Ch14Ext.ch14ext_fused_axpy_error	theorem	public	NumStability.Algorithms.Ch14GaussJordanStep	D13	NumStability.Source.Higham.Chapter14.Algorithm04.SecondStage.GaussJordanStep	source	relocated
NumStability.Ch14Ext.ch14ext_gammaQuadraticCoefficient	definition	public	NumStability.Algorithms.Ch14ForwardErrorEndpoint	D31	NumStability.Source.Higham.Chapter14.Section01.InverseErrorAnalysis.ForwardErrorEndpoint	source	relocated
NumStability.Ch14Ext.ch14ext_gammaQuadraticCoefficientScalar	definition	public	NumStability.Algorithms.Ch14ForwardErrorEndpoint	D31	NumStability.Source.Higham.Chapter14.Section01.InverseErrorAnalysis.ForwardErrorEndpoint	source	relocated
NumStability.Ch14Ext.ch14ext_gammaQuadraticCoefficientScalar_at_fp	theorem	public	NumStability.Algorithms.Ch14ForwardErrorEndpoint	D31	NumStability.Source.Higham.Chapter14.Section01.InverseErrorAnalysis.ForwardErrorEndpoint	source	relocated
NumStability.Ch14Ext.ch14ext_gammaQuadraticCoefficientScalar_continuousAt_zero	theorem	public	NumStability.Algorithms.Ch14ForwardErrorEndpoint	D31	NumStability.Source.Higham.Chapter14.Section01.InverseErrorAnalysis.ForwardErrorEndpoint	source	relocated
NumStability.Ch14Ext.ch14ext_gammaQuadraticCoefficientScalar_isBigO_one	theorem	public	NumStability.Algorithms.Ch14ForwardErrorEndpoint	D31	NumStability.Source.Higham.Chapter14.Section01.InverseErrorAnalysis.ForwardErrorEndpoint	source	relocated
NumStability.Ch14Ext.ch14ext_gammaQuadraticRemainder	definition	public	NumStability.Algorithms.Ch14ForwardErrorEndpoint	D31	NumStability.Source.Higham.Chapter14.Section01.InverseErrorAnalysis.ForwardErrorEndpoint	source	relocated
NumStability.Ch14Ext.ch14ext_gammaQuadraticRemainder_eq_u_sq_mul_coefficient	theorem	public	NumStability.Algorithms.Ch14ForwardErrorEndpoint	D31	NumStability.Source.Higham.Chapter14.Section01.InverseErrorAnalysis.ForwardErrorEndpoint	source	relocated
NumStability.Ch14Ext.ch14ext_gammaQuadraticRemainder_nonneg	theorem	public	NumStability.Algorithms.Ch14ForwardErrorEndpoint	D31	NumStability.Source.Higham.Chapter14.Section01.InverseErrorAnalysis.ForwardErrorEndpoint	source	relocated
NumStability.Ch14Ext.ch14ext_gammaRem	definition	public	NumStability.Algorithms.Ch14GaussJordanQConstruction	D13	NumStability.Source.Higham.Chapter14.Algorithm04.SecondStage.GaussJordanQConstruction	source	relocated
NumStability.Ch14Ext.ch14ext_gammaRem_family_isBigO_unit_sq	theorem	public	NumStability.Algorithms.Ch14GJEAsymptoticFamilies	D42	NumStability.Algorithms.Ch14GJEAsymptoticFamilies	source	retained
NumStability.Ch14Ext.ch14ext_gammaRem_nonneg	theorem	public	NumStability.Algorithms.Ch14GaussJordanQConstruction	D13	NumStability.Source.Higham.Chapter14.Algorithm04.SecondStage.GaussJordanQConstruction	source	relocated
NumStability.Ch14Ext.ch14ext_gammaUnitCoefficient	definition	public	NumStability.Algorithms.Ch14ForwardErrorEndpoint	D31	NumStability.Source.Higham.Chapter14.Section01.InverseErrorAnalysis.ForwardErrorEndpoint	source	relocated
NumStability.Ch14Ext.ch14ext_gammaUnitCoefficientScalar	definition	public	NumStability.Algorithms.Ch14ForwardErrorEndpoint	D31	NumStability.Source.Higham.Chapter14.Section01.InverseErrorAnalysis.ForwardErrorEndpoint	source	relocated
NumStability.Ch14Ext.ch14ext_gammaUnitCoefficientScalar_at_fp	theorem	public	NumStability.Algorithms.Ch14ForwardErrorEndpoint	D31	NumStability.Source.Higham.Chapter14.Section01.InverseErrorAnalysis.ForwardErrorEndpoint	source	relocated
NumStability.Ch14Ext.ch14ext_gammaUnitCoefficientScalar_continuousAt_zero	theorem	public	NumStability.Algorithms.Ch14ForwardErrorEndpoint	D31	NumStability.Source.Higham.Chapter14.Section01.InverseErrorAnalysis.ForwardErrorEndpoint	source	relocated
NumStability.Ch14Ext.ch14ext_gammaUnitCoefficientScalar_isBigO_one	theorem	public	NumStability.Algorithms.Ch14ForwardErrorEndpoint	D31	NumStability.Source.Higham.Chapter14.Section01.InverseErrorAnalysis.ForwardErrorEndpoint	source	relocated
NumStability.Ch14Ext.ch14ext_gamma_eq_linear_plus_quadraticRemainder	theorem	public	NumStability.Algorithms.Ch14ForwardErrorEndpoint	D31	NumStability.Source.Higham.Chapter14.Section01.InverseErrorAnalysis.ForwardErrorEndpoint	source	relocated
NumStability.Ch14Ext.ch14ext_gamma_eq_u_mul_unitCoefficient	theorem	public	NumStability.Algorithms.Ch14ForwardErrorEndpoint	D31	NumStability.Source.Higham.Chapter14.Section01.InverseErrorAnalysis.ForwardErrorEndpoint	source	relocated
NumStability.Ch14Ext.ch14ext_gamma_family_isBigO_unit	theorem	public	NumStability.Algorithms.Ch14GJEAsymptoticFamilies	D42	NumStability.Algorithms.Ch14GJEAsymptoticFamilies	source	retained
NumStability.Ch14Ext.ch14ext_gamma_split	theorem	public	NumStability.Algorithms.Ch14GaussJordanQConstruction	D13	NumStability.Source.Higham.Chapter14.Algorithm04.SecondStage.GaussJordanQConstruction	source	relocated
NumStability.Ch14Ext.ch14ext_gje1430bPrintedRemainder	definition	public	NumStability.Algorithms.Ch14GJEPrintedEnvelopeClosure	D42	NumStability.Source.Higham.Chapter14.Theorem05.ForwardError.GJEPrintedEnvelopeClosure	source	relocated
NumStability.Ch14Ext.ch14ext_gje1430bPrintedRemainder_isBigO_unit_sq	theorem	public	NumStability.Algorithms.Ch14GJEPrintedEnvelopeClosure	D42	NumStability.Algorithms.Ch14GJEPrintedEnvelopeClosure	source	retained
NumStability.Ch14Ext.ch14ext_gje1430cPrintedRemainder	definition	public	NumStability.Algorithms.Ch14GJEPrintedEnvelopeClosure	D42	NumStability.Source.Higham.Chapter14.Theorem05.ForwardError.GJEPrintedEnvelopeClosure	source	relocated
NumStability.Ch14Ext.ch14ext_gje1430cPrintedRemainder_isBigO_unit_sq	theorem	public	NumStability.Algorithms.Ch14GJEPrintedEnvelopeClosure	D42	NumStability.Algorithms.Ch14GJEPrintedEnvelopeClosure	source	retained
NumStability.Ch14Ext.ch14ext_gje1431EnvelopeCorrectionAction	definition	public	NumStability.Algorithms.Ch14GJEPrintedEnvelopeClosure	D42	NumStability.Source.Higham.Chapter14.Theorem05.ForwardError.GJEPrintedEnvelopeClosure	source	relocated
NumStability.Ch14Ext.ch14ext_gje1431EnvelopeCorrectionAction_isBigOOne	theorem	public	NumStability.Algorithms.Ch14GJEPrintedEnvelopeClosure	D42	NumStability.Algorithms.Ch14GJEPrintedEnvelopeClosure	source	retained
NumStability.Ch14Ext.ch14ext_gje1431PrintedLeading	definition	public	NumStability.Algorithms.Ch14GJEPrintedEnvelopeClosure	D42	NumStability.Source.Higham.Chapter14.Theorem05.ForwardError.GJEPrintedEnvelopeClosure	source	relocated
NumStability.Ch14Ext.ch14ext_gje1431PrintedRemainder	definition	public	NumStability.Algorithms.Ch14GJEPrintedEnvelopeClosure	D42	NumStability.Source.Higham.Chapter14.Theorem05.ForwardError.GJEPrintedEnvelopeClosure	source	relocated
NumStability.Ch14Ext.ch14ext_gje1431PrintedRemainder_isBigO_unit_sq	theorem	public	NumStability.Algorithms.Ch14GJEPrintedEnvelopeClosure	D42	NumStability.Algorithms.Ch14GJEPrintedEnvelopeClosure	source	retained
NumStability.Ch14Ext.ch14ext_gjeActualDoolittleInitial	definition	public	NumStability.Algorithms.Ch14GJEActualDoolittleAdapter	D11	NumStability.Source.Higham.Chapter14.Algorithm04.Execution.GJEActualDoolittleAdapter	source	relocated
NumStability.Ch14Ext.ch14ext_gjeActualDoolittleInitial_matrix	theorem	public	NumStability.Algorithms.Ch14GJEActualDoolittleAdapter	D11	NumStability.Source.Higham.Chapter14.Algorithm04.Execution.GJEActualDoolittleAdapter	source	relocated
NumStability.Ch14Ext.ch14ext_gjeActualDoolittleInitial_rhs	theorem	public	NumStability.Algorithms.Ch14GJEActualDoolittleAdapter	D11	NumStability.Source.Higham.Chapter14.Algorithm04.Execution.GJEActualDoolittleAdapter	source	relocated
NumStability.Ch14Ext.ch14ext_gjeActualDoolittleL	definition	public	NumStability.Algorithms.Ch14GJEActualDoolittleAdapter	D11	NumStability.Source.Higham.Chapter14.Algorithm04.Execution.GJEActualDoolittleAdapter	source	relocated
NumStability.Ch14Ext.ch14ext_gjeActualDoolittleU	definition	public	NumStability.Algorithms.Ch14GJEActualDoolittleAdapter	D11	NumStability.Source.Higham.Chapter14.Algorithm04.Execution.GJEActualDoolittleAdapter	source	relocated
NumStability.Ch14Ext.ch14ext_gjeAfterFinalDivision	definition	public	NumStability.Algorithms.Ch14GJEFinalDivisionClosure	D11	NumStability.Source.Higham.Chapter14.Algorithm04.Execution.GJEFinalDivisionClosure	source	relocated
NumStability.Ch14Ext.ch14ext_gjeAfterFinalDivision_matrix	theorem	public	NumStability.Algorithms.Ch14GJEFinalDivisionClosure	D11	NumStability.Source.Higham.Chapter14.Algorithm04.Execution.GJEFinalDivisionClosure	source	relocated
NumStability.Ch14Ext.ch14ext_gjeAfterFinalDivision_rhs	theorem	public	NumStability.Algorithms.Ch14GJEFinalDivisionClosure	D11	NumStability.Source.Higham.Chapter14.Algorithm04.Execution.GJEFinalDivisionClosure	source	relocated
NumStability.Ch14Ext.ch14ext_gjeBeforeFinalDivision	definition	public	NumStability.Algorithms.Ch14GJEFinalDivisionClosure	D11	NumStability.Source.Higham.Chapter14.Algorithm04.Execution.GJEFinalDivisionClosure	source	relocated
NumStability.Ch14Ext.ch14ext_gjeBeforeFinalDivision_diag_ne_zero	theorem	public	NumStability.Algorithms.Ch14GJEFinalDivisionClosure	D11	NumStability.Source.Higham.Chapter14.Algorithm04.Execution.GJEFinalDivisionClosure	source	relocated
NumStability.Ch14Ext.ch14ext_gjeC3Rem_nonneg	theorem	public	NumStability.Algorithms.Ch14GaussJordanQConstruction	D13	NumStability.Source.Higham.Chapter14.Algorithm04.SecondStage.GaussJordanQConstruction	source	relocated
NumStability.Ch14Ext.ch14ext_gjeCanonicalUpperInverse	definition	public	NumStability.Algorithms.Ch14GJEOperationalBridge	D11	NumStability.Source.Higham.Chapter14.Algorithm04.Execution.GJEOperationalBridge	source	relocated
NumStability.Ch14Ext.ch14ext_gjeCanonicalUpperInverse_isInverse	theorem	public	NumStability.Algorithms.Ch14GJEOperationalBridge	D11	NumStability.Source.Higham.Chapter14.Algorithm04.Execution.GJEOperationalBridge	source	relocated
NumStability.Ch14Ext.ch14ext_gjeCanonicalUpperSolve	definition	public	NumStability.Algorithms.Ch14GJEOperationalBridge	D11	NumStability.Source.Higham.Chapter14.Algorithm04.Execution.GJEOperationalBridge	source	relocated
NumStability.Ch14Ext.ch14ext_gjeCanonicalUpperSolve_exact	theorem	public	NumStability.Algorithms.Ch14GJEOperationalBridge	D11	NumStability.Source.Higham.Chapter14.Algorithm04.Execution.GJEOperationalBridge	source	relocated
NumStability.Ch14Ext.ch14ext_gjeCanonicalUpperSolve_family_isBigOOne	theorem	public	NumStability.Algorithms.Ch14GJEOperationalBridge	D11	NumStability.Source.Higham.Chapter14.Algorithm04.Execution.GJEOperationalBridge	source	relocated
NumStability.Ch14Ext.ch14ext_gjeConcreteFamilyPabs	definition	public	NumStability.Algorithms.Ch14GJEAsymptoticFamilies	D42	NumStability.Source.Higham.Chapter14.Theorem05.ForwardError.GJEAsymptoticFamilies	source	relocated
NumStability.Ch14Ext.ch14ext_gjeConcreteFamilyPabs_isBigOOne	theorem	public	NumStability.Algorithms.Ch14GJEPrintedEnvelopeClosure	D42	NumStability.Algorithms.Ch14GJEPrintedEnvelopeClosure	source	retained
NumStability.Ch14Ext.ch14ext_gjeConcreteFamilyPabs_le_Xabs	theorem	public	NumStability.Algorithms.Ch14GJEPrintedEnvelopeClosure	D42	NumStability.Algorithms.Ch14GJEPrintedEnvelopeClosure	source	retained
NumStability.Ch14Ext.ch14ext_gjeConcreteFamilyXabs	definition	public	NumStability.Algorithms.Ch14GJEAsymptoticFamilies	D42	NumStability.Source.Higham.Chapter14.Theorem05.ForwardError.GJEAsymptoticFamilies	source	relocated
NumStability.Ch14Ext.ch14ext_gjeConcretePrintedEnvelopeFamily	definition	public	NumStability.Algorithms.Ch14GJEPrintedEnvelopeClosure	D42	NumStability.Algorithms.Ch14GJEPrintedEnvelopeClosure	source	retained
NumStability.Ch14Ext.ch14ext_gjeConcrete_14_30bc_printed_vanishing_family_endpoint	theorem	public	NumStability.Algorithms.Ch14GJEPrintedEnvelopeClosure	D42	NumStability.Algorithms.Ch14GJEPrintedEnvelopeClosure	source	retained
NumStability.Ch14Ext.ch14ext_gjeConcrete_14_31_printed_vanishing_family_endpoint	theorem	public	NumStability.Algorithms.Ch14GJEPrintedEnvelopeClosure	D42	NumStability.Algorithms.Ch14GJEPrintedEnvelopeClosure	source	retained
NumStability.Ch14Ext.ch14ext_gjeConcrete_Pabs_le_abs_Uinv_add	theorem	public	NumStability.Algorithms.Ch14GJEPrintedEnvelopeClosure	D42	NumStability.Source.Higham.Chapter14.Theorem05.ForwardError.GJEPrintedEnvelopeClosure	source	relocated
NumStability.Ch14Ext.ch14ext_gjeConcrete_constructedQ_diag_one	theorem	public	NumStability.Algorithms.Ch14GJEPrintedEnvelopeClosure	D42	NumStability.Algorithms.Ch14GJEPrintedEnvelopeClosure	source	retained
NumStability.Ch14Ext.ch14ext_gjeConcrete_constructedQ_sub_U_bound	theorem	public	NumStability.Algorithms.Ch14GJEPrintedEnvelopeClosure	D42	NumStability.Source.Higham.Chapter14.Theorem05.ForwardError.GJEPrintedEnvelopeClosure	source	relocated
NumStability.Ch14Ext.ch14ext_gjeConcrete_forward_14_32_vanishing_family_endpoint	theorem	public	NumStability.Algorithms.Ch14GJEAsymptoticFamilies	D42	NumStability.Algorithms.Ch14GJEAsymptoticFamilies	source	retained
NumStability.Ch14Ext.ch14ext_gjeConcrete_hrecM	theorem	public	NumStability.Algorithms.Ch14GaussJordanAccumulation	D10	NumStability.Source.Higham.Chapter14.Algorithm04.Accumulation.GaussJordanAccumulation	source	relocated
NumStability.Ch14Ext.ch14ext_gjeConcrete_hrecX	theorem	public	NumStability.Algorithms.Ch14GaussJordanAccumulation	D10	NumStability.Source.Higham.Chapter14.Algorithm04.Accumulation.GaussJordanAccumulation	source	relocated
NumStability.Ch14Ext.ch14ext_gjeConcrete_matrixAccumulation	theorem	public	NumStability.Algorithms.Ch14GaussJordanAccumulation	D10	NumStability.Source.Higham.Chapter14.Algorithm04.Accumulation.GaussJordanAccumulation	source	relocated
NumStability.Ch14Ext.ch14ext_gjeConcrete_overall_forward_error_14_32	theorem	public	NumStability.Algorithms.Ch14GaussJordanQConstruction	D42	NumStability.Source.Higham.Chapter14.Theorem05.ForwardError.GaussJordanQConstruction	source	relocated
NumStability.Ch14Ext.ch14ext_gjeConcrete_overall_forward_error_stage_envelope	theorem	public	NumStability.Algorithms.Ch14GaussJordanQConstruction	D42	NumStability.Source.Higham.Chapter14.Theorem05.ForwardError.GaussJordanQConstruction	source	relocated
NumStability.Ch14Ext.ch14ext_gjeConcrete_overall_residual	theorem	public	NumStability.Algorithms.Ch14GaussJordanAccumulation	D10	NumStability.Source.Higham.Chapter14.Algorithm04.Accumulation.GaussJordanAccumulation	source	relocated
NumStability.Ch14Ext.ch14ext_gjeConcrete_overall_residual_14_31	theorem	public	NumStability.Algorithms.Ch14GaussJordanQConstruction	D13	NumStability.Source.Higham.Chapter14.Algorithm04.SecondStage.GaussJordanQConstruction	source	relocated
NumStability.Ch14Ext.ch14ext_gjeConcrete_residual_14_31_vanishing_family_endpoint	theorem	public	NumStability.Algorithms.Ch14GJEAsymptoticFamilies	D42	NumStability.Algorithms.Ch14GJEAsymptoticFamilies	source	retained
NumStability.Ch14Ext.ch14ext_gjeConcrete_residual_decomposition_14_33	theorem	public	NumStability.Algorithms.Ch14GaussJordanQConstruction	D13	NumStability.Source.Higham.Chapter14.Algorithm04.SecondStage.GaussJordanQConstruction	source	relocated
NumStability.Ch14Ext.ch14ext_gjeConcrete_rhsAccumulation	theorem	public	NumStability.Algorithms.Ch14GaussJordanAccumulation	D10	NumStability.Source.Higham.Chapter14.Algorithm04.Accumulation.GaussJordanAccumulation	source	relocated
NumStability.Ch14Ext.ch14ext_gjeConcrete_stage2_backward_error	theorem	public	NumStability.Algorithms.Ch14GaussJordanQConstruction	D13	NumStability.Source.Higham.Chapter14.Algorithm04.SecondStage.GaussJordanQConstruction	source	relocated
NumStability.Ch14Ext.ch14ext_gjeConcrete_stage2_forward_error	theorem	public	NumStability.Algorithms.Ch14GaussJordanAccumulation	D10	NumStability.Source.Higham.Chapter14.Algorithm04.Accumulation.GaussJordanAccumulation	source	relocated
NumStability.Ch14Ext.ch14ext_gjeConstructedQ	definition	public	NumStability.Algorithms.Ch14GaussJordanQConstruction	D13	NumStability.Source.Higham.Chapter14.Algorithm04.SecondStage.GaussJordanQConstruction	source	relocated
NumStability.Ch14Ext.ch14ext_gjeConstructedQ_forward_error_8nu	theorem	public	NumStability.Algorithms.Ch14GaussJordanQConstruction	D42	NumStability.Source.Higham.Chapter14.Theorem05.ForwardError.GaussJordanQConstruction	source	relocated
NumStability.Ch14Ext.ch14ext_gjeConstructedQ_isLeftInverse	theorem	public	NumStability.Algorithms.Ch14GaussJordanQConstruction	D13	NumStability.Source.Higham.Chapter14.Algorithm04.SecondStage.GaussJordanQConstruction	source	relocated
NumStability.Ch14Ext.ch14ext_gjeConstructedQ_overall_forward_error	theorem	public	NumStability.Algorithms.Ch14GaussJordanQConstruction	D42	NumStability.Source.Higham.Chapter14.Theorem05.ForwardError.GaussJordanQConstruction	source	relocated
NumStability.Ch14Ext.ch14ext_gjeConstructedQ_overall_residual	theorem	public	NumStability.Algorithms.Ch14GaussJordanQConstruction	D13	NumStability.Source.Higham.Chapter14.Algorithm04.SecondStage.GaussJordanQConstruction	source	relocated
NumStability.Ch14Ext.ch14ext_gjeConstructedQ_residual_8nu	theorem	public	NumStability.Algorithms.Ch14GaussJordanQConstruction	D13	NumStability.Source.Higham.Chapter14.Algorithm04.SecondStage.GaussJordanQConstruction	source	relocated
NumStability.Ch14Ext.ch14ext_gjeConstructedQ_residual_folded	theorem	public	NumStability.Algorithms.Ch14GaussJordanQConstruction	D13	NumStability.Source.Higham.Chapter14.Algorithm04.SecondStage.GaussJordanQConstruction	source	relocated
NumStability.Ch14Ext.ch14ext_gjeCumulativeProduct_family_isBigOOne	theorem	public	NumStability.Algorithms.Ch14GJETheorem145SourceClosure	D42	NumStability.Source.Higham.Chapter14.Theorem05.ForwardError.GJETheorem145SourceClosure	source	relocated
NumStability.Ch14Ext.ch14ext_gjeDiagonalInv	definition	public	NumStability.Algorithms.Ch14GJEFinalDivisionClosure	D11	NumStability.Source.Higham.Chapter14.Algorithm04.Execution.GJEFinalDivisionClosure	source	relocated
NumStability.Ch14Ext.ch14ext_gjeDiagonalInv_delta_action	theorem	public	NumStability.Algorithms.Ch14GJEFinalDivisionClosure	D11	NumStability.Source.Higham.Chapter14.Algorithm04.Execution.GJEFinalDivisionClosure	source	relocated
NumStability.Ch14Ext.ch14ext_gjeDiagonalInv_mul_diagonal	theorem	public	NumStability.Algorithms.Ch14GJEFinalDivisionClosure	D11	NumStability.Source.Higham.Chapter14.Algorithm04.Execution.GJEFinalDivisionClosure	source	relocated
NumStability.Ch14Ext.ch14ext_gjeExactQPEnvelope	definition	public	NumStability.Algorithms.Ch14GJEPrintedEnvelopeClosure	D42	NumStability.Source.Higham.Chapter14.Theorem05.ForwardError.GJEPrintedEnvelopeClosure	source	relocated
NumStability.Ch14Ext.ch14ext_gjeExactQPEnvelope_le_printed_add_correction	theorem	public	NumStability.Algorithms.Ch14GJEPrintedEnvelopeClosure	D42	NumStability.Algorithms.Ch14GJEPrintedEnvelopeClosure	source	retained
NumStability.Ch14Ext.ch14ext_gjeExactQPEnvelope_matMulVec_le_printed_add_correction	theorem	public	NumStability.Algorithms.Ch14GJEPrintedEnvelopeClosure	D42	NumStability.Algorithms.Ch14GJEPrintedEnvelopeClosure	source	retained
NumStability.Ch14Ext.ch14ext_gjeExactQPEnvelope_matMul_le_printed_add_correction	theorem	public	NumStability.Algorithms.Ch14GJEPrintedEnvelopeClosure	D42	NumStability.Algorithms.Ch14GJEPrintedEnvelopeClosure	source	retained
NumStability.Ch14Ext.ch14ext_gjeExactQPEnvelope_nonneg	theorem	public	NumStability.Algorithms.Ch14GJEPrintedEnvelopeClosure	D42	NumStability.Source.Higham.Chapter14.Theorem05.ForwardError.GJEPrintedEnvelopeClosure	source	relocated
NumStability.Ch14Ext.ch14ext_gjeFinalDiagonal	definition	public	NumStability.Algorithms.Ch14GJEOperationalBridge	D11	NumStability.Source.Higham.Chapter14.Algorithm04.Execution.GJEOperationalBridge	source	relocated
NumStability.Ch14Ext.ch14ext_gjeFinalDivisionEnvelope	definition	public	NumStability.Algorithms.Ch14GJEFinalDivisionClosure	D11	NumStability.Source.Higham.Chapter14.Algorithm04.Execution.GJEFinalDivisionClosure	source	relocated
NumStability.Ch14Ext.ch14ext_gjeFinalDivisionEnvelope_le_stage_objects	theorem	public	NumStability.Algorithms.Ch14GJEFinalDivisionClosure	D11	NumStability.Source.Higham.Chapter14.Algorithm04.Execution.GJEFinalDivisionClosure	source	relocated
NumStability.Ch14Ext.ch14ext_gjeFinalDivisionEnvelope_nonneg	theorem	public	NumStability.Algorithms.Ch14GJEFinalDivisionClosure	D11	NumStability.Source.Higham.Chapter14.Algorithm04.Execution.GJEFinalDivisionClosure	source	relocated
NumStability.Ch14Ext.ch14ext_gjeFinalDivisionLAction	definition	public	NumStability.Algorithms.Ch14GJEFinalDivisionClosure	D11	NumStability.Source.Higham.Chapter14.Algorithm04.Execution.GJEFinalDivisionClosure	source	relocated
NumStability.Ch14Ext.ch14ext_gjeFinalDivisionLXAction	definition	public	NumStability.Algorithms.Ch14GJEFinalDivisionClosure	D11	NumStability.Source.Higham.Chapter14.Algorithm04.Execution.GJEFinalDivisionClosure	source	relocated
NumStability.Ch14Ext.ch14ext_gjeFinalDivision_scalar_backward_error	theorem	public	NumStability.Algorithms.Ch14GJEFinalDivisionClosure	D11	NumStability.Source.Higham.Chapter14.Algorithm04.Execution.GJEFinalDivisionClosure	source	relocated
NumStability.Ch14Ext.ch14ext_gjeFinalizedDivOutput	definition	public	NumStability.Algorithms.Ch14GJEFinalDivisionClosure	D11	NumStability.Source.Higham.Chapter14.Algorithm04.Execution.GJEFinalDivisionClosure	source	relocated
NumStability.Ch14Ext.ch14ext_gjeFinalizedDivOutput_diagonal_backward_error_of_upper	theorem	public	NumStability.Algorithms.Ch14GJEFinalDivisionClosure	D11	NumStability.Source.Higham.Chapter14.Algorithm04.Execution.GJEFinalDivisionClosure	source	relocated
NumStability.Ch14Ext.ch14ext_gjeFinalizedFamilyNormalizedPabs	definition	public	NumStability.Algorithms.Ch14GJEFinalDivisionClosure	D11	NumStability.Source.Higham.Chapter14.Algorithm04.Execution.GJEFinalDivisionClosure	source	relocated
NumStability.Ch14Ext.ch14ext_gjeFinalizedFamilyOutput	definition	public	NumStability.Algorithms.Ch14GJEFinalDivisionClosure	D11	NumStability.Source.Higham.Chapter14.Algorithm04.Execution.GJEFinalDivisionClosure	source	relocated
NumStability.Ch14Ext.ch14ext_gjeFinalizedFamilyXabs	definition	public	NumStability.Algorithms.Ch14GJEFinalDivisionClosure	D11	NumStability.Source.Higham.Chapter14.Algorithm04.Execution.GJEFinalDivisionClosure	source	relocated
NumStability.Ch14Ext.ch14ext_gjeFinalizedFamily_of_actualDoolittle	definition	public	NumStability.Algorithms.Ch14GJEActualDoolittleAdapter	D11	NumStability.Source.Higham.Chapter14.Algorithm04.Execution.GJEActualDoolittleAdapter	source	relocated
NumStability.Ch14Ext.ch14ext_gjeFinalizedFamily_stage2_error_isBigO_unit	theorem	public	NumStability.Algorithms.Ch14GJEFinalDivisionClosure	D42	NumStability.Algorithms.Ch14GJEFinalDivisionClosure	source	retained
NumStability.Ch14Ext.ch14ext_gjeFinalizedFamily_theorem14_5_endpoint	theorem	public	NumStability.Algorithms.Ch14GJEFinalDivisionClosure	D42	NumStability.Algorithms.Ch14GJEFinalDivisionClosure	source	retained
NumStability.Ch14Ext.ch14ext_gjeFinalizedNormalizedPabs_le_abs_Uinv_add	theorem	public	NumStability.Algorithms.Ch14GJEFinalDivisionClosure	D11	NumStability.Source.Higham.Chapter14.Algorithm04.Execution.GJEFinalDivisionClosure	source	relocated
NumStability.Ch14Ext.ch14ext_gjeFinalizedResidualEnvelopeCorrection	definition	public	NumStability.Algorithms.Ch14GJEFinalDivisionClosure	D11	NumStability.Source.Higham.Chapter14.Algorithm04.Execution.GJEFinalDivisionClosure	source	relocated
NumStability.Ch14Ext.ch14ext_gjeFinalizedResidualPrintedCorrection	definition	public	NumStability.Algorithms.Ch14GJEFinalDivisionClosure	D11	NumStability.Source.Higham.Chapter14.Algorithm04.Execution.GJEFinalDivisionClosure	source	relocated
NumStability.Ch14Ext.ch14ext_gjeFinalizedSourcePabs	definition	public	NumStability.Algorithms.Ch14GJEOperationalBridge	D11	NumStability.Source.Higham.Chapter14.Algorithm04.Execution.GJEOperationalBridge	source	relocated
NumStability.Ch14Ext.ch14ext_gjeFinalizedSourceQ	definition	public	NumStability.Algorithms.Ch14GJEOperationalBridge	D11	NumStability.Source.Higham.Chapter14.Algorithm04.Execution.GJEOperationalBridge	source	relocated
NumStability.Ch14Ext.ch14ext_gjeFinalizedSourceStages	definition	public	NumStability.Algorithms.Ch14GJEOperationalBridge	D11	NumStability.Source.Higham.Chapter14.Algorithm04.Execution.GJEOperationalBridge	source	relocated
NumStability.Ch14Ext.ch14ext_gjeFinalizedSourceStepMatrix	definition	public	NumStability.Algorithms.Ch14GJEOperationalBridge	D11	NumStability.Source.Higham.Chapter14.Algorithm04.Execution.GJEOperationalBridge	source	relocated
NumStability.Ch14Ext.ch14ext_gjeFinalizedSourceStepMatrix_diag	theorem	public	NumStability.Algorithms.Ch14GJEOperationalBridge	D11	NumStability.Source.Higham.Chapter14.Algorithm04.Execution.GJEOperationalBridge	source	relocated
NumStability.Ch14Ext.ch14ext_gjeFinalizedSourceStepMatrix_local_14_25	theorem	public	NumStability.Algorithms.Ch14GJEOperationalBridge	D11	NumStability.Source.Higham.Chapter14.Algorithm04.Execution.GJEOperationalBridge	source	relocated
NumStability.Ch14Ext.ch14ext_gjeFinalizedSourceStepMatrix_pivot_column	theorem	public	NumStability.Algorithms.Ch14GJEOperationalBridge	D11	NumStability.Source.Higham.Chapter14.Algorithm04.Execution.GJEOperationalBridge	source	relocated
NumStability.Ch14Ext.ch14ext_gjeFinalizedSourceStepMatrix_preserves_left	theorem	public	NumStability.Algorithms.Ch14GJEOperationalBridge	D11	NumStability.Source.Higham.Chapter14.Algorithm04.Execution.GJEOperationalBridge	source	relocated
NumStability.Ch14Ext.ch14ext_gjeFinalizedSourceStepMatrix_upper	theorem	public	NumStability.Algorithms.Ch14GJEOperationalBridge	D11	NumStability.Source.Higham.Chapter14.Algorithm04.Execution.GJEOperationalBridge	source	relocated
NumStability.Ch14Ext.ch14ext_gjeFinalizedSourceStepState	definition	public	NumStability.Algorithms.Ch14GJEOperationalBridge	D11	NumStability.Source.Higham.Chapter14.Algorithm04.Execution.GJEOperationalBridge	source	relocated
NumStability.Ch14Ext.ch14ext_gjeFinalizedSourceTrace	definition	public	NumStability.Algorithms.Ch14GJEOperationalBridge	D11	NumStability.Source.Higham.Chapter14.Algorithm04.Execution.GJEOperationalBridge	source	relocated
NumStability.Ch14Ext.ch14ext_gjeFinalizedSourceTraceMatrix	definition	public	NumStability.Algorithms.Ch14GJEOperationalBridge	D11	NumStability.Source.Higham.Chapter14.Algorithm04.Execution.GJEOperationalBridge	source	relocated
NumStability.Ch14Ext.ch14ext_gjeFinalizedSourceTraceMatrix_rec	theorem	public	NumStability.Algorithms.Ch14GJEOperationalBridge	D11	NumStability.Source.Higham.Chapter14.Algorithm04.Execution.GJEOperationalBridge	source	relocated
NumStability.Ch14Ext.ch14ext_gjeFinalizedSourceTraceRhs	definition	public	NumStability.Algorithms.Ch14GJEOperationalBridge	D11	NumStability.Source.Higham.Chapter14.Algorithm04.Execution.GJEOperationalBridge	source	relocated
NumStability.Ch14Ext.ch14ext_gjeFinalizedSourceTraceRhs_rec	theorem	public	NumStability.Algorithms.Ch14GJEOperationalBridge	D11	NumStability.Source.Higham.Chapter14.Algorithm04.Execution.GJEOperationalBridge	source	relocated
NumStability.Ch14Ext.ch14ext_gjeFinalizedSourceTrace_diag	theorem	public	NumStability.Algorithms.Ch14GJEOperationalBridge	D11	NumStability.Source.Higham.Chapter14.Algorithm04.Execution.GJEOperationalBridge	source	relocated
NumStability.Ch14Ext.ch14ext_gjeFinalizedSourceTrace_final_diagonal	theorem	public	NumStability.Algorithms.Ch14GJEOperationalBridge	D11	NumStability.Source.Higham.Chapter14.Algorithm04.Execution.GJEOperationalBridge	source	relocated
NumStability.Ch14Ext.ch14ext_gjeFinalizedSourceTrace_final_matrix	theorem	public	NumStability.Algorithms.Ch14GJEOperationalBridge	D11	NumStability.Source.Higham.Chapter14.Algorithm04.Execution.GJEOperationalBridge	source	relocated
NumStability.Ch14Ext.ch14ext_gjeFinalizedSourceTrace_overall_forward_14_32	theorem	public	NumStability.Algorithms.Ch14GJEFinalDivisionClosure	D42	NumStability.Source.Higham.Chapter14.Theorem05.ForwardError.GJEFinalDivisionClosure	source	relocated
NumStability.Ch14Ext.ch14ext_gjeFinalizedSourceTrace_overall_residual_14_31	theorem	public	NumStability.Algorithms.Ch14GJEFinalDivisionClosure	D11	NumStability.Source.Higham.Chapter14.Algorithm04.Execution.GJEFinalDivisionClosure	source	relocated
NumStability.Ch14Ext.ch14ext_gjeFinalizedSourceTrace_overall_residual_14_31_printed	theorem	public	NumStability.Algorithms.Ch14GJEFinalDivisionClosure	D11	NumStability.Source.Higham.Chapter14.Algorithm04.Execution.GJEFinalDivisionClosure	source	relocated
NumStability.Ch14Ext.ch14ext_gjeFinalizedSourceTrace_processed_zero	theorem	public	NumStability.Algorithms.Ch14GJEOperationalBridge	D11	NumStability.Source.Higham.Chapter14.Algorithm04.Execution.GJEOperationalBridge	source	relocated
NumStability.Ch14Ext.ch14ext_gjeFinalizedSourceTrace_recurrence_bounds_14_25b_14_26	theorem	public	NumStability.Algorithms.Ch14GJEOperationalBridge	D11	NumStability.Source.Higham.Chapter14.Algorithm04.Execution.GJEOperationalBridge	source	relocated
NumStability.Ch14Ext.ch14ext_gjeFinalizedSourceTrace_stage2_backward_error_14_30abc	theorem	public	NumStability.Algorithms.Ch14GJEOperationalBridge	D11	NumStability.Source.Higham.Chapter14.Algorithm04.Execution.GJEOperationalBridge	source	relocated
NumStability.Ch14Ext.ch14ext_gjeFinalizedSourceTrace_stage2_backward_error_14_30abc_with_final_division	theorem	public	NumStability.Algorithms.Ch14GJEFinalDivisionClosure	D11	NumStability.Source.Higham.Chapter14.Algorithm04.Execution.GJEFinalDivisionClosure	source	relocated
NumStability.Ch14Ext.ch14ext_gjeFinalizedSourceTrace_stage2_forward_error_14_29	theorem	public	NumStability.Algorithms.Ch14GJEOperationalBridge	D11	NumStability.Source.Higham.Chapter14.Algorithm04.Execution.GJEOperationalBridge	source	relocated
NumStability.Ch14Ext.ch14ext_gjeFinalizedSourceTrace_stage2_forward_error_14_29_with_final_division	theorem	public	NumStability.Algorithms.Ch14GJEFinalDivisionClosure	D42	NumStability.Source.Higham.Chapter14.Theorem05.ForwardError.GJEFinalDivisionClosure	source	relocated
NumStability.Ch14Ext.ch14ext_gjeFinalizedSourceTrace_theorem14_5	theorem	public	NumStability.Algorithms.Ch14GJEFinalDivisionClosure	D42	NumStability.Source.Higham.Chapter14.Theorem05.ForwardError.GJEFinalDivisionClosure	source	relocated
NumStability.Ch14Ext.ch14ext_gjeFinalizedSourceTrace_theorem14_5_printed	theorem	public	NumStability.Algorithms.Ch14GJEFinalDivisionClosure	D42	NumStability.Source.Higham.Chapter14.Theorem05.ForwardError.GJEFinalDivisionClosure	source	relocated
NumStability.Ch14Ext.ch14ext_gjeFinalizedSourceTrace_upper	theorem	public	NumStability.Algorithms.Ch14GJEOperationalBridge	D11	NumStability.Source.Higham.Chapter14.Algorithm04.Execution.GJEOperationalBridge	source	relocated
NumStability.Ch14Ext.ch14ext_gjeFinalizedSourceXabs	definition	public	NumStability.Algorithms.Ch14GJEOperationalBridge	D11	NumStability.Source.Higham.Chapter14.Algorithm04.Execution.GJEOperationalBridge	source	relocated
NumStability.Ch14Ext.ch14ext_gjeFinalizedSourceXabs_le_printed_add_correction	theorem	public	NumStability.Algorithms.Ch14GJEFinalDivisionClosure	D11	NumStability.Source.Higham.Chapter14.Algorithm04.Execution.GJEFinalDivisionClosure	source	relocated
NumStability.Ch14Ext.ch14ext_gjeFinalizedSource_residualS2_le_printed_add_correction	theorem	public	NumStability.Algorithms.Ch14GJEFinalDivisionClosure	D11	NumStability.Source.Higham.Chapter14.Algorithm04.Execution.GJEFinalDivisionClosure	source	relocated
NumStability.Ch14Ext.ch14ext_gjeForwardEnvelope	definition	public	NumStability.Algorithms.Ch14GaussJordanAccumulation	D10	NumStability.Source.Higham.Chapter14.Algorithm04.Accumulation.GaussJordanAccumulation	source	relocated
NumStability.Ch14Ext.ch14ext_gjeForwardFinalDivisionHigherOrder	definition	public	NumStability.Algorithms.Ch14GJEFinalDivisionClosure	D11	NumStability.Source.Higham.Chapter14.Algorithm04.Execution.GJEFinalDivisionClosure	source	relocated
NumStability.Ch14Ext.ch14ext_gjeForwardFinalDivisionHigherOrder_family_isBigO	theorem	public	NumStability.Algorithms.Ch14GJEFinalDivisionClosure	D11	NumStability.Algorithms.Ch14GJEFinalDivisionClosure	source	retained
NumStability.Ch14Ext.ch14ext_gjeForwardFirstStageErrorAction	definition	public	NumStability.Algorithms.Ch14GJEFinalDivisionClosure	D11	NumStability.Source.Higham.Chapter14.Algorithm04.Execution.GJEFinalDivisionClosure	source	relocated
NumStability.Ch14Ext.ch14ext_gjeForwardFirstStageErrorAction_family_isBigO_unit	theorem	public	NumStability.Algorithms.Ch14GJEFinalDivisionClosure	D11	NumStability.Source.Higham.Chapter14.Algorithm04.Execution.GJEFinalDivisionClosure	source	relocated
NumStability.Ch14Ext.ch14ext_gjeForwardHigherOrder	definition	public	NumStability.Algorithms.Ch14GaussJordanQConstruction	D13	NumStability.Source.Higham.Chapter14.Algorithm04.SecondStage.GaussJordanQConstruction	source	relocated
NumStability.Ch14Ext.ch14ext_gjeForwardHigherOrder_nonneg	theorem	public	NumStability.Algorithms.Ch14GaussJordanQConstruction	D13	NumStability.Source.Higham.Chapter14.Algorithm04.SecondStage.GaussJordanQConstruction	source	relocated
NumStability.Ch14Ext.ch14ext_gjeForwardLiteralHigherOrder	definition	public	NumStability.Algorithms.Ch14GaussJordanQConstruction	D13	NumStability.Source.Higham.Chapter14.Algorithm04.SecondStage.GaussJordanQConstruction	source	relocated
NumStability.Ch14Ext.ch14ext_gjeForwardLiteralHigherOrder_family_isBigO	theorem	public	NumStability.Algorithms.Ch14GJEAsymptoticFamilies	D42	NumStability.Algorithms.Ch14GJEAsymptoticFamilies	source	retained
NumStability.Ch14Ext.ch14ext_gjeForwardLiteralHigherOrder_nonneg	theorem	public	NumStability.Algorithms.Ch14GaussJordanQConstruction	D13	NumStability.Source.Higham.Chapter14.Algorithm04.SecondStage.GaussJordanQConstruction	source	relocated
NumStability.Ch14Ext.ch14ext_gjeForwardQ1	definition	public	NumStability.Algorithms.Ch14GaussJordanQConstruction	D13	NumStability.Source.Higham.Chapter14.Algorithm04.SecondStage.GaussJordanQConstruction	source	relocated
NumStability.Ch14Ext.ch14ext_gjeForwardQ1_nonneg	theorem	public	NumStability.Algorithms.Ch14GaussJordanQConstruction	D13	NumStability.Source.Higham.Chapter14.Algorithm04.SecondStage.GaussJordanQConstruction	source	relocated
NumStability.Ch14Ext.ch14ext_gjeForwardQ2	definition	public	NumStability.Algorithms.Ch14GaussJordanQConstruction	D13	NumStability.Source.Higham.Chapter14.Algorithm04.SecondStage.GaussJordanQConstruction	source	relocated
NumStability.Ch14Ext.ch14ext_gjeForwardQ2_nonneg	theorem	public	NumStability.Algorithms.Ch14GaussJordanQConstruction	D13	NumStability.Source.Higham.Chapter14.Algorithm04.SecondStage.GaussJordanQConstruction	source	relocated
NumStability.Ch14Ext.ch14ext_gjeForwardRaw	definition	public	NumStability.Algorithms.Ch14GaussJordanQConstruction	D13	NumStability.Source.Higham.Chapter14.Algorithm04.SecondStage.GaussJordanQConstruction	source	relocated
NumStability.Ch14Ext.ch14ext_gjeForwardRaw_nonneg	theorem	public	NumStability.Algorithms.Ch14GaussJordanQConstruction	D13	NumStability.Source.Higham.Chapter14.Algorithm04.SecondStage.GaussJordanQConstruction	source	relocated
NumStability.Ch14Ext.ch14ext_gjeForwardT1	definition	public	NumStability.Algorithms.Ch14GaussJordanQConstruction	D13	NumStability.Source.Higham.Chapter14.Algorithm04.SecondStage.GaussJordanQConstruction	source	relocated
NumStability.Ch14Ext.ch14ext_gjeForwardT1_nonneg	theorem	public	NumStability.Algorithms.Ch14GaussJordanQConstruction	D13	NumStability.Source.Higham.Chapter14.Algorithm04.SecondStage.GaussJordanQConstruction	source	relocated
NumStability.Ch14Ext.ch14ext_gjeForwardT2	definition	public	NumStability.Algorithms.Ch14GaussJordanQConstruction	D13	NumStability.Source.Higham.Chapter14.Algorithm04.SecondStage.GaussJordanQConstruction	source	relocated
NumStability.Ch14Ext.ch14ext_gjeForwardT2_le_printed_add_correction	theorem	public	NumStability.Algorithms.Ch14GaussJordanQConstruction	D13	NumStability.Source.Higham.Chapter14.Algorithm04.SecondStage.GaussJordanQConstruction	source	relocated
NumStability.Ch14Ext.ch14ext_gjeForwardT2_nonneg	theorem	public	NumStability.Algorithms.Ch14GaussJordanQConstruction	D13	NumStability.Source.Higham.Chapter14.Algorithm04.SecondStage.GaussJordanQConstruction	source	relocated
NumStability.Ch14Ext.ch14ext_gjeForwardUinvCorrection	definition	public	NumStability.Algorithms.Ch14GaussJordanQConstruction	D13	NumStability.Source.Higham.Chapter14.Algorithm04.SecondStage.GaussJordanQConstruction	source	relocated
NumStability.Ch14Ext.ch14ext_gjeForwardUinvCorrection_nonneg	theorem	public	NumStability.Algorithms.Ch14GaussJordanQConstruction	D13	NumStability.Source.Higham.Chapter14.Algorithm04.SecondStage.GaussJordanQConstruction	source	relocated
NumStability.Ch14Ext.ch14ext_gjeInvCumProd	definition	public	NumStability.Algorithms.Ch14GaussJordanQConstruction	D13	NumStability.Source.Higham.Chapter14.Algorithm04.SecondStage.GaussJordanQConstruction	source	relocated
NumStability.Ch14Ext.ch14ext_gjeInvCumProd_base	theorem	public	NumStability.Algorithms.Ch14GaussJordanQConstruction	D13	NumStability.Source.Higham.Chapter14.Algorithm04.SecondStage.GaussJordanQConstruction	source	relocated
NumStability.Ch14Ext.ch14ext_gjeInvCumProd_family_isBigOOne	theorem	public	NumStability.Algorithms.Ch14GJETheorem145SourceClosure	D42	NumStability.Source.Higham.Chapter14.Theorem05.ForwardError.GJETheorem145SourceClosure	source	relocated
NumStability.Ch14Ext.ch14ext_gjeInvCumProd_mul_cumProd	theorem	public	NumStability.Algorithms.Ch14GaussJordanQConstruction	D13	NumStability.Source.Higham.Chapter14.Algorithm04.SecondStage.GaussJordanQConstruction	source	relocated
NumStability.Ch14Ext.ch14ext_gjeInvCumProd_step	theorem	public	NumStability.Algorithms.Ch14GaussJordanQConstruction	D13	NumStability.Source.Higham.Chapter14.Algorithm04.SecondStage.GaussJordanQConstruction	source	relocated
NumStability.Ch14Ext.ch14ext_gjeInvStageMatrix	definition	public	NumStability.Algorithms.Ch14GaussJordanQConstruction	D13	NumStability.Source.Higham.Chapter14.Algorithm04.SecondStage.GaussJordanQConstruction	source	relocated
NumStability.Ch14Ext.ch14ext_gjeInvStageMatrix_apply	theorem	public	NumStability.Algorithms.Ch14GaussJordanQConstruction	D13	NumStability.Source.Higham.Chapter14.Algorithm04.SecondStage.GaussJordanQConstruction	source	relocated
NumStability.Ch14Ext.ch14ext_gjeInvStageMatrix_mul_stage	theorem	public	NumStability.Algorithms.Ch14GaussJordanQConstruction	D13	NumStability.Source.Higham.Chapter14.Algorithm04.SecondStage.GaussJordanQConstruction	source	relocated
NumStability.Ch14Ext.ch14ext_gjeMultVec	definition	public	NumStability.Algorithms.Ch14GaussJordanStep	D13	NumStability.Source.Higham.Chapter14.Algorithm04.SecondStage.GaussJordanStep	source	relocated
NumStability.Ch14Ext.ch14ext_gjeMultVec_self	theorem	public	NumStability.Algorithms.Ch14GaussJordanQConstruction	D13	NumStability.Source.Higham.Chapter14.Algorithm04.SecondStage.GaussJordanQConstruction	source	relocated
NumStability.Ch14Ext.ch14ext_gjeMultVec_zero_of_upper	theorem	public	NumStability.Algorithms.Ch14GaussJordanQConstruction	D13	NumStability.Source.Higham.Chapter14.Algorithm04.SecondStage.GaussJordanQConstruction	source	relocated
NumStability.Ch14Ext.ch14ext_gjeNormalizedPabs	definition	public	NumStability.Algorithms.Ch14GJEFinalDivisionClosure	D11	NumStability.Source.Higham.Chapter14.Algorithm04.Execution.GJEFinalDivisionClosure	source	relocated
NumStability.Ch14Ext.ch14ext_gjeNormalizedPabs_nonneg	theorem	public	NumStability.Algorithms.Ch14GJEFinalDivisionClosure	D11	NumStability.Source.Higham.Chapter14.Algorithm04.Execution.GJEFinalDivisionClosure	source	relocated
NumStability.Ch14Ext.ch14ext_gjePrintedEnvelopeCorrection	definition	public	NumStability.Algorithms.Ch14GJEPrintedEnvelopeClosure	D42	NumStability.Source.Higham.Chapter14.Theorem05.ForwardError.GJEPrintedEnvelopeClosure	source	relocated
NumStability.Ch14Ext.ch14ext_gjePrintedEnvelopeCorrection_isBigOOne	theorem	public	NumStability.Algorithms.Ch14GJEPrintedEnvelopeClosure	D42	NumStability.Algorithms.Ch14GJEPrintedEnvelopeClosure	source	retained
NumStability.Ch14Ext.ch14ext_gjePrintedEnvelopeCorrection_nonneg	theorem	public	NumStability.Algorithms.Ch14GJEPrintedEnvelopeClosure	D42	NumStability.Source.Higham.Chapter14.Theorem05.ForwardError.GJEPrintedEnvelopeClosure	source	relocated
NumStability.Ch14Ext.ch14ext_gjePrintedForwardT1_eq_matrix_action	theorem	public	NumStability.Algorithms.Ch14GJEFinalDivisionClosure	D11	NumStability.Source.Higham.Chapter14.Algorithm04.Execution.GJEFinalDivisionClosure	source	relocated
NumStability.Ch14Ext.ch14ext_gjePrintedForwardT2_eq_matrix_action	theorem	public	NumStability.Algorithms.Ch14GJEFinalDivisionClosure	D11	NumStability.Source.Higham.Chapter14.Algorithm04.Execution.GJEFinalDivisionClosure	source	relocated
NumStability.Ch14Ext.ch14ext_gjePrintedResidualS2_eq_matrix_action	theorem	public	NumStability.Algorithms.Ch14GJEFinalDivisionClosure	D11	NumStability.Source.Higham.Chapter14.Algorithm04.Execution.GJEFinalDivisionClosure	source	relocated
NumStability.Ch14Ext.ch14ext_gjePrintedUinvEnvelope	definition	public	NumStability.Algorithms.Ch14GJEPrintedEnvelopeClosure	D42	NumStability.Source.Higham.Chapter14.Theorem05.ForwardError.GJEPrintedEnvelopeClosure	source	relocated
NumStability.Ch14Ext.ch14ext_gjePrintedUinvEnvelope_nonneg	theorem	public	NumStability.Algorithms.Ch14GJEPrintedEnvelopeClosure	D42	NumStability.Source.Higham.Chapter14.Theorem05.ForwardError.GJEPrintedEnvelopeClosure	source	relocated
NumStability.Ch14Ext.ch14ext_gjeResidual1431PrintedRemainder	definition	public	NumStability.Algorithms.Ch14GJETheorem145SourceClosure	D42	NumStability.Source.Higham.Chapter14.Theorem05.ForwardError.GJETheorem145SourceClosure	source	relocated
NumStability.Ch14Ext.ch14ext_gjeResidual1433	definition	public	NumStability.Algorithms.Ch14GaussJordanQConstruction	D13	NumStability.Source.Higham.Chapter14.Algorithm04.SecondStage.GaussJordanQConstruction	source	relocated
NumStability.Ch14Ext.ch14ext_gjeResidual1433_bound_corrected	theorem	public	NumStability.Algorithms.Ch14GaussJordanQConstruction	D13	NumStability.Source.Higham.Chapter14.Algorithm04.SecondStage.GaussJordanQConstruction	source	relocated
NumStability.Ch14Ext.ch14ext_gjeResidual1433_bound_with_extra_rhs	theorem	public	NumStability.Algorithms.Ch14GJEFinalDivisionClosure	D11	NumStability.Source.Higham.Chapter14.Algorithm04.Execution.GJEFinalDivisionClosure	source	relocated
NumStability.Ch14Ext.ch14ext_gjeResidualFinalDivisionHigherOrder	definition	public	NumStability.Algorithms.Ch14GJEFinalDivisionClosure	D11	NumStability.Source.Higham.Chapter14.Algorithm04.Execution.GJEFinalDivisionClosure	source	relocated
NumStability.Ch14Ext.ch14ext_gjeResidualFinalDivisionHigherOrder_family_isBigO	theorem	public	NumStability.Algorithms.Ch14GJEFinalDivisionClosure	D11	NumStability.Algorithms.Ch14GJEFinalDivisionClosure	source	retained
NumStability.Ch14Ext.ch14ext_gjeResidualFinalDivisionHigherOrder_nonneg	theorem	public	NumStability.Algorithms.Ch14GJEFinalDivisionClosure	D11	NumStability.Source.Higham.Chapter14.Algorithm04.Execution.GJEFinalDivisionClosure	source	relocated
NumStability.Ch14Ext.ch14ext_gjeResidualFinalizedPrintedHigherOrder	definition	public	NumStability.Algorithms.Ch14GJEFinalDivisionClosure	D11	NumStability.Source.Higham.Chapter14.Algorithm04.Execution.GJEFinalDivisionClosure	source	relocated
NumStability.Ch14Ext.ch14ext_gjeResidualFinalizedPrintedHigherOrder_family_isBigO	theorem	public	NumStability.Algorithms.Ch14GJEFinalDivisionClosure	D11	NumStability.Algorithms.Ch14GJEFinalDivisionClosure	source	retained
NumStability.Ch14Ext.ch14ext_gjeResidualHigherOrder	definition	public	NumStability.Algorithms.Ch14GaussJordanQConstruction	D13	NumStability.Source.Higham.Chapter14.Algorithm04.SecondStage.GaussJordanQConstruction	source	relocated
NumStability.Ch14Ext.ch14ext_gjeResidualHigherOrder_family_isBigO	theorem	public	NumStability.Algorithms.Ch14GJEAsymptoticFamilies	D42	NumStability.Algorithms.Ch14GJEAsymptoticFamilies	source	retained
NumStability.Ch14Ext.ch14ext_gjeResidualHigherOrder_nonneg	theorem	public	NumStability.Algorithms.Ch14GaussJordanQConstruction	D13	NumStability.Source.Higham.Chapter14.Algorithm04.SecondStage.GaussJordanQConstruction	source	relocated
NumStability.Ch14Ext.ch14ext_gjeResidualPrintedEnvelopeCorrection	definition	public	NumStability.Algorithms.Ch14GJETheorem145SourceClosure	D42	NumStability.Source.Higham.Chapter14.Theorem05.ForwardError.GJETheorem145SourceClosure	source	relocated
NumStability.Ch14Ext.ch14ext_gjeResidualPrintedEnvelopeCorrection_isBigOOne	theorem	public	NumStability.Algorithms.Ch14GJETheorem145SourceClosure	D42	NumStability.Algorithms.Ch14GJETheorem145SourceClosure	source	retained
NumStability.Ch14Ext.ch14ext_gjeResidualS1	definition	public	NumStability.Algorithms.Ch14GaussJordanQConstruction	D13	NumStability.Source.Higham.Chapter14.Algorithm04.SecondStage.GaussJordanQConstruction	source	relocated
NumStability.Ch14Ext.ch14ext_gjeResidualS1_le_S2	theorem	public	NumStability.Algorithms.Ch14GaussJordanQConstruction	D13	NumStability.Source.Higham.Chapter14.Algorithm04.SecondStage.GaussJordanQConstruction	source	relocated
NumStability.Ch14Ext.ch14ext_gjeResidualS1_nonneg	theorem	public	NumStability.Algorithms.Ch14GaussJordanQConstruction	D13	NumStability.Source.Higham.Chapter14.Algorithm04.SecondStage.GaussJordanQConstruction	source	relocated
NumStability.Ch14Ext.ch14ext_gjeResidualS2	definition	public	NumStability.Algorithms.Ch14GaussJordanQConstruction	D13	NumStability.Source.Higham.Chapter14.Algorithm04.SecondStage.GaussJordanQConstruction	source	relocated
NumStability.Ch14Ext.ch14ext_gjeResidualS22	definition	public	NumStability.Algorithms.Ch14GaussJordanQConstruction	D13	NumStability.Source.Higham.Chapter14.Algorithm04.SecondStage.GaussJordanQConstruction	source	relocated
NumStability.Ch14Ext.ch14ext_gjeResidualS22_nonneg	theorem	public	NumStability.Algorithms.Ch14GaussJordanQConstruction	D13	NumStability.Source.Higham.Chapter14.Algorithm04.SecondStage.GaussJordanQConstruction	source	relocated
NumStability.Ch14Ext.ch14ext_gjeResidualS23	definition	public	NumStability.Algorithms.Ch14GaussJordanQConstruction	D13	NumStability.Source.Higham.Chapter14.Algorithm04.SecondStage.GaussJordanQConstruction	source	relocated
NumStability.Ch14Ext.ch14ext_gjeResidualS23_nonneg	theorem	public	NumStability.Algorithms.Ch14GaussJordanQConstruction	D13	NumStability.Source.Higham.Chapter14.Algorithm04.SecondStage.GaussJordanQConstruction	source	relocated
NumStability.Ch14Ext.ch14ext_gjeResidualS2_exact_le_printed_add_correction	theorem	public	NumStability.Algorithms.Ch14GJETheorem145SourceClosure	D42	NumStability.Algorithms.Ch14GJETheorem145SourceClosure	source	retained
NumStability.Ch14Ext.ch14ext_gjeResidualS2_le_1431PrintedLeading_add_correction	theorem	public	NumStability.Algorithms.Ch14GJEPrintedEnvelopeClosure	D42	NumStability.Algorithms.Ch14GJEPrintedEnvelopeClosure	source	retained
NumStability.Ch14Ext.ch14ext_gjeResidualS2_nonneg	theorem	public	NumStability.Algorithms.Ch14GaussJordanQConstruction	D13	NumStability.Source.Higham.Chapter14.Algorithm04.SecondStage.GaussJordanQConstruction	source	relocated
NumStability.Ch14Ext.ch14ext_gjeResidualS3_le_corrected	theorem	public	NumStability.Algorithms.Ch14GaussJordanQConstruction	D13	NumStability.Source.Higham.Chapter14.Algorithm04.SecondStage.GaussJordanQConstruction	source	relocated
NumStability.Ch14Ext.ch14ext_gjeS2row	definition	public	NumStability.Algorithms.Ch14GaussJordanQConstruction	D13	NumStability.Source.Higham.Chapter14.Algorithm04.SecondStage.GaussJordanQConstruction	source	relocated
NumStability.Ch14Ext.ch14ext_gjeSeqStages	definition	public	NumStability.Algorithms.Ch14GaussJordanAccumulation	D10	NumStability.Source.Higham.Chapter14.Algorithm04.Accumulation.GaussJordanAccumulation	source	relocated
NumStability.Ch14Ext.ch14ext_gjeSeqStagesInv	definition	public	NumStability.Algorithms.Ch14GaussJordanQConstruction	D13	NumStability.Source.Higham.Chapter14.Algorithm04.SecondStage.GaussJordanQConstruction	source	relocated
NumStability.Ch14Ext.ch14ext_gjeSeqStagesInv_mul_stages	theorem	public	NumStability.Algorithms.Ch14GaussJordanQConstruction	D13	NumStability.Source.Higham.Chapter14.Algorithm04.SecondStage.GaussJordanQConstruction	source	relocated
NumStability.Ch14Ext.ch14ext_gjeSeq_upper_triangular	theorem	public	NumStability.Algorithms.Ch14GaussJordanQConstruction	D13	NumStability.Source.Higham.Chapter14.Algorithm04.SecondStage.GaussJordanQConstruction	source	relocated
NumStability.Ch14Ext.ch14ext_gjeSourceActive	definition	public	NumStability.Algorithms.Ch14GaussJordanSourceClosure	D11	NumStability.Source.Higham.Chapter14.Algorithm04.Execution.GaussJordanSourceClosure	source	relocated
NumStability.Ch14Ext.ch14ext_gjeSourceComputedOutput	definition	public	NumStability.Algorithms.Ch14GJEOperationalBridge	D11	NumStability.Source.Higham.Chapter14.Algorithm04.Execution.GJEOperationalBridge	source	relocated
NumStability.Ch14Ext.ch14ext_gjeSourceComputedOutput_eq	theorem	public	NumStability.Algorithms.Ch14GJEOperationalBridge	D11	NumStability.Source.Higham.Chapter14.Algorithm04.Execution.GJEOperationalBridge	source	relocated
NumStability.Ch14Ext.ch14ext_gjeSourceDelta	definition	public	NumStability.Algorithms.Ch14GaussJordanSourceClosure	D11	NumStability.Source.Higham.Chapter14.Algorithm04.Execution.GaussJordanSourceClosure	source	relocated
NumStability.Ch14Ext.ch14ext_gjeSourceDeltaSeq	definition	public	NumStability.Algorithms.Ch14GaussJordanSourceClosure	D11	NumStability.Source.Higham.Chapter14.Algorithm04.Execution.GaussJordanSourceClosure	source	relocated
NumStability.Ch14Ext.ch14ext_gjeSourceDeltaSeq_of_lt	theorem	public	NumStability.Algorithms.Ch14GaussJordanSourceClosure	D11	NumStability.Source.Higham.Chapter14.Algorithm04.Execution.GaussJordanSourceClosure	source	relocated
NumStability.Ch14Ext.ch14ext_gjeSourceDelta_zero_of_inactive	theorem	public	NumStability.Algorithms.Ch14GaussJordanSourceClosure	D11	NumStability.Source.Higham.Chapter14.Algorithm04.Execution.GaussJordanSourceClosure	source	relocated
NumStability.Ch14Ext.ch14ext_gjeSourceF	definition	public	NumStability.Algorithms.Ch14GaussJordanSourceClosure	D11	NumStability.Source.Higham.Chapter14.Algorithm04.Execution.GaussJordanSourceClosure	source	relocated
NumStability.Ch14Ext.ch14ext_gjeSourceFSeq	definition	public	NumStability.Algorithms.Ch14GaussJordanSourceClosure	D11	NumStability.Source.Higham.Chapter14.Algorithm04.Execution.GaussJordanSourceClosure	source	relocated
NumStability.Ch14Ext.ch14ext_gjeSourceFSeq_of_lt	theorem	public	NumStability.Algorithms.Ch14GaussJordanSourceClosure	D11	NumStability.Source.Higham.Chapter14.Algorithm04.Execution.GaussJordanSourceClosure	source	relocated
NumStability.Ch14Ext.ch14ext_gjeSourceF_zero_of_inactive	theorem	public	NumStability.Algorithms.Ch14GaussJordanSourceClosure	D11	NumStability.Source.Higham.Chapter14.Algorithm04.Execution.GaussJordanSourceClosure	source	relocated
NumStability.Ch14Ext.ch14ext_gjeSourceFamilyPabs	definition	public	NumStability.Algorithms.Ch14GJETheorem145SourceClosure	D42	NumStability.Source.Higham.Chapter14.Theorem05.ForwardError.GJETheorem145SourceClosure	source	relocated
NumStability.Ch14Ext.ch14ext_gjeSourceFamilyPabs_isBigOOne	theorem	public	NumStability.Algorithms.Ch14GJETheorem145SourceClosure	D42	NumStability.Source.Higham.Chapter14.Theorem05.ForwardError.GJETheorem145SourceClosure	source	relocated
NumStability.Ch14Ext.ch14ext_gjeSourceFamilyQ	definition	public	NumStability.Algorithms.Ch14GJETheorem145SourceClosure	D42	NumStability.Source.Higham.Chapter14.Theorem05.ForwardError.GJETheorem145SourceClosure	source	relocated
NumStability.Ch14Ext.ch14ext_gjeSourceFamilyQ_isBigOOne	theorem	public	NumStability.Algorithms.Ch14GJETheorem145SourceClosure	D42	NumStability.Source.Higham.Chapter14.Theorem05.ForwardError.GJETheorem145SourceClosure	source	relocated
NumStability.Ch14Ext.ch14ext_gjeSourceFamilyXabs	definition	public	NumStability.Algorithms.Ch14GJETheorem145SourceClosure	D42	NumStability.Source.Higham.Chapter14.Theorem05.ForwardError.GJETheorem145SourceClosure	source	relocated
NumStability.Ch14Ext.ch14ext_gjeSourceFamilyXabs_isBigOOne	theorem	public	NumStability.Algorithms.Ch14GJETheorem145SourceClosure	D42	NumStability.Source.Higham.Chapter14.Theorem05.ForwardError.GJETheorem145SourceClosure	source	relocated
NumStability.Ch14Ext.ch14ext_gjeSourceInvStages	definition	public	NumStability.Algorithms.Ch14GJETheorem145SourceClosure	D42	NumStability.Source.Higham.Chapter14.Theorem05.ForwardError.GJETheorem145SourceClosure	source	relocated
NumStability.Ch14Ext.ch14ext_gjeSourcePabs	definition	public	NumStability.Algorithms.Ch14GJETheorem145SourceClosure	D42	NumStability.Source.Higham.Chapter14.Theorem05.ForwardError.GJETheorem145SourceClosure	source	relocated
NumStability.Ch14Ext.ch14ext_gjeSourcePrintedEnvelopeFamily	definition	public	NumStability.Algorithms.Ch14GJETheorem145SourceClosure	D42	NumStability.Source.Higham.Chapter14.Theorem05.ForwardError.GJETheorem145SourceClosure	source	relocated
NumStability.Ch14Ext.ch14ext_gjeSourceQ	definition	public	NumStability.Algorithms.Ch14GJETheorem145SourceClosure	D42	NumStability.Source.Higham.Chapter14.Theorem05.ForwardError.GJETheorem145SourceClosure	source	relocated
NumStability.Ch14Ext.ch14ext_gjeSourceResidual1431PrintedRemainder_isBigO_unit_sq	theorem	public	NumStability.Algorithms.Ch14GJETheorem145SourceClosure	D42	NumStability.Algorithms.Ch14GJETheorem145SourceClosure	source	retained
NumStability.Ch14Ext.ch14ext_gjeSourceSeq_upper	theorem	public	NumStability.Algorithms.Ch14GaussJordanSourceClosure	D11	NumStability.Source.Higham.Chapter14.Algorithm04.Execution.GaussJordanSourceClosure	source	relocated
NumStability.Ch14Ext.ch14ext_gjeSourceStages	definition	public	NumStability.Algorithms.Ch14GJETheorem145SourceClosure	D42	NumStability.Source.Higham.Chapter14.Theorem05.ForwardError.GJETheorem145SourceClosure	source	relocated
NumStability.Ch14Ext.ch14ext_gjeSourceStepMatrix	definition	public	NumStability.Algorithms.Ch14GaussJordanSourceClosure	D11	NumStability.Source.Higham.Chapter14.Algorithm04.Execution.GaussJordanSourceClosure	source	relocated
NumStability.Ch14Ext.ch14ext_gjeSourceStepMatrix_upper	theorem	public	NumStability.Algorithms.Ch14GaussJordanSourceClosure	D11	NumStability.Source.Higham.Chapter14.Algorithm04.Execution.GaussJordanSourceClosure	source	relocated
NumStability.Ch14Ext.ch14ext_gjeSourceStepState	definition	public	NumStability.Algorithms.Ch14GaussJordanSourceClosure	D11	NumStability.Source.Higham.Chapter14.Algorithm04.Execution.GaussJordanSourceClosure	source	relocated
NumStability.Ch14Ext.ch14ext_gjeSourceStepVec	definition	public	NumStability.Algorithms.Ch14GaussJordanSourceClosure	D11	NumStability.Source.Higham.Chapter14.Algorithm04.Execution.GaussJordanSourceClosure	source	relocated
NumStability.Ch14Ext.ch14ext_gjeSourceTrace	definition	public	NumStability.Algorithms.Ch14GaussJordanSourceClosure	D11	NumStability.Source.Higham.Chapter14.Algorithm04.Execution.GaussJordanSourceClosure	source	relocated
NumStability.Ch14Ext.ch14ext_gjeSourceTraceMatrix	definition	public	NumStability.Algorithms.Ch14GaussJordanSourceClosure	D11	NumStability.Source.Higham.Chapter14.Algorithm04.Execution.GaussJordanSourceClosure	source	relocated
NumStability.Ch14Ext.ch14ext_gjeSourceTraceMatrix_rec	theorem	public	NumStability.Algorithms.Ch14GaussJordanSourceClosure	D11	NumStability.Source.Higham.Chapter14.Algorithm04.Execution.GaussJordanSourceClosure	source	relocated
NumStability.Ch14Ext.ch14ext_gjeSourceTraceRhs	definition	public	NumStability.Algorithms.Ch14GaussJordanSourceClosure	D11	NumStability.Source.Higham.Chapter14.Algorithm04.Execution.GaussJordanSourceClosure	source	relocated
NumStability.Ch14Ext.ch14ext_gjeSourceTraceRhs_rec	theorem	public	NumStability.Algorithms.Ch14GaussJordanSourceClosure	D11	NumStability.Source.Higham.Chapter14.Algorithm04.Execution.GaussJordanSourceClosure	source	relocated
NumStability.Ch14Ext.ch14ext_gjeSourceTrace_14_30abc_printed_vanishing_family_endpoint	theorem	public	NumStability.Algorithms.Ch14GJETheorem145SourceClosure	D42	NumStability.Algorithms.Ch14GJETheorem145SourceClosure	source	retained
NumStability.Ch14Ext.ch14ext_gjeSourceTrace_forward_14_32_printed_vanishing_family_endpoint	theorem	public	NumStability.Algorithms.Ch14GJETheorem145SourceClosure	D42	NumStability.Algorithms.Ch14GJETheorem145SourceClosure	source	retained
NumStability.Ch14Ext.ch14ext_gjeSourceTrace_literal_14_27_14_28	theorem	public	NumStability.Algorithms.Ch14GaussJordanSourceClosure	D11	NumStability.Source.Higham.Chapter14.Algorithm04.Execution.GaussJordanSourceClosure	source	relocated
NumStability.Ch14Ext.ch14ext_gjeSourceTrace_overall_forward_14_32	theorem	public	NumStability.Algorithms.Ch14GJETheorem145SourceClosure	D42	NumStability.Source.Higham.Chapter14.Theorem05.ForwardError.GJETheorem145SourceClosure	source	relocated
NumStability.Ch14Ext.ch14ext_gjeSourceTrace_overall_forward_stage_envelope	theorem	public	NumStability.Algorithms.Ch14GJETheorem145SourceClosure	D42	NumStability.Source.Higham.Chapter14.Theorem05.ForwardError.GJETheorem145SourceClosure	source	relocated
NumStability.Ch14Ext.ch14ext_gjeSourceTrace_overall_residual_14_31	theorem	public	NumStability.Algorithms.Ch14GJETheorem145SourceClosure	D42	NumStability.Source.Higham.Chapter14.Theorem05.ForwardError.GJETheorem145SourceClosure	source	relocated
NumStability.Ch14Ext.ch14ext_gjeSourceTrace_recurrence_bounds_14_25b_14_26	theorem	public	NumStability.Algorithms.Ch14GJESourceAccumulationBridge	D10	NumStability.Source.Higham.Chapter14.Algorithm04.Accumulation.GJESourceAccumulationBridge	source	relocated
NumStability.Ch14Ext.ch14ext_gjeSourceTrace_residual_14_31_printed_vanishing_family_endpoint	theorem	public	NumStability.Algorithms.Ch14GJETheorem145SourceClosure	D42	NumStability.Algorithms.Ch14GJETheorem145SourceClosure	source	retained
NumStability.Ch14Ext.ch14ext_gjeSourceTrace_stage2_backward_error_14_30abc	theorem	public	NumStability.Algorithms.Ch14GJETheorem145SourceClosure	D42	NumStability.Source.Higham.Chapter14.Theorem05.ForwardError.GJETheorem145SourceClosure	source	relocated
NumStability.Ch14Ext.ch14ext_gjeSourceTrace_stage2_forward_error_14_29	theorem	public	NumStability.Algorithms.Ch14GJESourceAccumulationBridge	D10	NumStability.Source.Higham.Chapter14.Algorithm04.Accumulation.GJESourceAccumulationBridge	source	relocated
NumStability.Ch14Ext.ch14ext_gjeSourceTrace_theorem14_5_printed_vanishing_family_endpoint	theorem	public	NumStability.Algorithms.Ch14GJETheorem145SourceClosure	D42	NumStability.Algorithms.Ch14GJETheorem145SourceClosure	source	retained
NumStability.Ch14Ext.ch14ext_gjeSourceV	definition	public	NumStability.Algorithms.Ch14GJETheorem145SourceClosure	D42	NumStability.Source.Higham.Chapter14.Theorem05.ForwardError.GJETheorem145SourceClosure	source	relocated
NumStability.Ch14Ext.ch14ext_gjeSourceXabs	definition	public	NumStability.Algorithms.Ch14GJETheorem145SourceClosure	D42	NumStability.Source.Higham.Chapter14.Theorem05.ForwardError.GJETheorem145SourceClosure	source	relocated
NumStability.Ch14Ext.ch14ext_gjeSourceXseq	definition	public	NumStability.Algorithms.Ch14GJETheorem145SourceClosure	D42	NumStability.Source.Higham.Chapter14.Theorem05.ForwardError.GJETheorem145SourceClosure	source	relocated
NumStability.Ch14Ext.ch14ext_gjeSource_Pabs_le_abs_Uinv_add	theorem	public	NumStability.Algorithms.Ch14GJETheorem145SourceClosure	D42	NumStability.Source.Higham.Chapter14.Theorem05.ForwardError.GJETheorem145SourceClosure	source	relocated
NumStability.Ch14Ext.ch14ext_gjeSource_constructedQ_sub_U_bound	theorem	public	NumStability.Algorithms.Ch14GJETheorem145SourceClosure	D42	NumStability.Source.Higham.Chapter14.Theorem05.ForwardError.GJETheorem145SourceClosure	source	relocated
NumStability.Ch14Ext.ch14ext_gjeSource_literal_14_27_14_28	theorem	public	NumStability.Algorithms.Ch14GaussJordanSourceClosure	D11	NumStability.Source.Higham.Chapter14.Algorithm04.Execution.GaussJordanSourceClosure	source	relocated
NumStability.Ch14Ext.ch14ext_gjeSource_local_matrix_14_25	theorem	public	NumStability.Algorithms.Ch14GaussJordanSourceClosure	D11	NumStability.Source.Higham.Chapter14.Algorithm04.Execution.GaussJordanSourceClosure	source	relocated
NumStability.Ch14Ext.ch14ext_gjeSource_local_rhs_14_26	theorem	public	NumStability.Algorithms.Ch14GaussJordanSourceClosure	D11	NumStability.Source.Higham.Chapter14.Algorithm04.Execution.GaussJordanSourceClosure	source	relocated
NumStability.Ch14Ext.ch14ext_gjeSource_matrix_unpropagated_14_27	theorem	public	NumStability.Algorithms.Ch14GaussJordanSourceClosure	D11	NumStability.Source.Higham.Chapter14.Algorithm04.Execution.GaussJordanSourceClosure	source	relocated
NumStability.Ch14Ext.ch14ext_gjeSource_rhs_unpropagated_14_28	theorem	public	NumStability.Algorithms.Ch14GaussJordanSourceClosure	D11	NumStability.Source.Higham.Chapter14.Algorithm04.Execution.GaussJordanSourceClosure	source	relocated
NumStability.Ch14Ext.ch14ext_gjeSource_sequence_local_14_25b_14_26	theorem	public	NumStability.Algorithms.Ch14GaussJordanSourceClosure	D11	NumStability.Source.Higham.Chapter14.Algorithm04.Execution.GaussJordanSourceClosure	source	relocated
NumStability.Ch14Ext.ch14ext_gjeStageMatrix	definition	public	NumStability.Algorithms.Ch14GaussJordanStep	D13	NumStability.Source.Higham.Chapter14.Algorithm04.SecondStage.GaussJordanStep	source	relocated
NumStability.Ch14Ext.ch14ext_gjeStageMatrix_apply	theorem	public	NumStability.Algorithms.Ch14GaussJordanStep	D13	NumStability.Source.Higham.Chapter14.Algorithm04.SecondStage.GaussJordanStep	source	relocated
NumStability.Ch14Ext.ch14ext_gjeStageMatrix_mulVec_row	theorem	public	NumStability.Algorithms.Ch14GaussJordanStep	D13	NumStability.Source.Higham.Chapter14.Algorithm04.SecondStage.GaussJordanStep	source	relocated
NumStability.Ch14Ext.ch14ext_gjeStageMatrix_mul_eq_self_of_inactive	theorem	public	NumStability.Algorithms.Ch14GaussJordanSourceClosure	D11	NumStability.Source.Higham.Chapter14.Algorithm04.Execution.GaussJordanSourceClosure	source	relocated
NumStability.Ch14Ext.ch14ext_gjeStageMatrix_mul_pivot_column_eq_zero	theorem	public	NumStability.Algorithms.Ch14GJEOperationalBridge	D11	NumStability.Source.Higham.Chapter14.Algorithm04.Execution.GJEOperationalBridge	source	relocated
NumStability.Ch14Ext.ch14ext_gjeStageMatrix_mul_sourceDelta_of_ge	theorem	public	NumStability.Algorithms.Ch14GaussJordanSourceClosure	D11	NumStability.Source.Higham.Chapter14.Algorithm04.Execution.GaussJordanSourceClosure	source	relocated
NumStability.Ch14Ext.ch14ext_gjeStageMatrix_mul_sourceF_of_ge	theorem	public	NumStability.Algorithms.Ch14GaussJordanSourceClosure	D11	NumStability.Source.Higham.Chapter14.Algorithm04.Execution.GaussJordanSourceClosure	source	relocated
NumStability.Ch14Ext.ch14ext_gjeStageMatrix_vec_eq_self_of_inactive	theorem	public	NumStability.Algorithms.Ch14GaussJordanSourceClosure	D11	NumStability.Source.Higham.Chapter14.Algorithm04.Execution.GaussJordanSourceClosure	source	relocated
NumStability.Ch14Ext.ch14ext_gjeStepMatrix	definition	public	NumStability.Algorithms.Ch14GaussJordanStep	D13	NumStability.Source.Higham.Chapter14.Algorithm04.SecondStage.GaussJordanStep	source	relocated
NumStability.Ch14Ext.ch14ext_gjeStepMatrix_hComp	theorem	public	NumStability.Algorithms.Ch14GaussJordanStep	D13	NumStability.Source.Higham.Chapter14.Algorithm04.SecondStage.GaussJordanStep	source	relocated
NumStability.Ch14Ext.ch14ext_gjeStepMatrix_upper_triangular	theorem	public	NumStability.Algorithms.Ch14GaussJordanQConstruction	D13	NumStability.Source.Higham.Chapter14.Algorithm04.SecondStage.GaussJordanQConstruction	source	relocated
NumStability.Ch14Ext.ch14ext_gjeStepVec	definition	public	NumStability.Algorithms.Ch14GaussJordanStep	D13	NumStability.Source.Higham.Chapter14.Algorithm04.SecondStage.GaussJordanStep	source	relocated
NumStability.Ch14Ext.ch14ext_gjeStepVec_hComp	theorem	public	NumStability.Algorithms.Ch14GaussJordanStep	D13	NumStability.Source.Higham.Chapter14.Algorithm04.SecondStage.GaussJordanStep	source	relocated
NumStability.Ch14Ext.ch14ext_gjeXabs	definition	public	NumStability.Algorithms.Ch14GaussJordanAccumulation	D10	NumStability.Source.Higham.Chapter14.Algorithm04.Accumulation.GaussJordanAccumulation	source	relocated
NumStability.Ch14Ext.ch14ext_gjeXabs_diag_ge_one	theorem	public	NumStability.Algorithms.Ch14GaussJordanQConstruction	D13	NumStability.Source.Higham.Chapter14.Algorithm04.SecondStage.GaussJordanQConstruction	source	relocated
NumStability.Ch14Ext.ch14ext_gjeXabs_nonneg	theorem	public	NumStability.Algorithms.Ch14GaussJordanAccumulation	D10	NumStability.Source.Higham.Chapter14.Algorithm04.Accumulation.GaussJordanAccumulation	source	relocated
NumStability.Ch14Ext.ch14ext_gje_absCumProd_eq_abs_signed	theorem	public	NumStability.Algorithms.Ch14GaussJordanQConstruction	D13	NumStability.Source.Higham.Chapter14.Algorithm04.SecondStage.GaussJordanQConstruction	source	relocated
NumStability.Ch14Ext.ch14ext_gje_c3_family_isBigO_unit	theorem	public	NumStability.Algorithms.Ch14GJEAsymptoticFamilies	D42	NumStability.Algorithms.Ch14GJEAsymptoticFamilies	source	retained
NumStability.Ch14Ext.ch14ext_gje_c3_quadratic_remainder_family_isBigO_unit_sq	theorem	public	NumStability.Algorithms.Ch14GJEAsymptoticFamilies	D42	NumStability.Algorithms.Ch14GJEAsymptoticFamilies	source	retained
NumStability.Ch14Ext.ch14ext_gje_cumProd_abs_exact_and_future_identity	theorem	public	NumStability.Algorithms.Ch14GaussJordanQConstruction	D13	NumStability.Source.Higham.Chapter14.Algorithm04.SecondStage.GaussJordanQConstruction	source	relocated
NumStability.Ch14Ext.ch14ext_gje_first_stage_forward_split	theorem	public	NumStability.Algorithms.Ch14GaussJordanQConstruction	D13	NumStability.Source.Higham.Chapter14.Algorithm04.SecondStage.GaussJordanQConstruction	source	relocated
NumStability.Ch14Ext.ch14ext_gje_first_stage_forward_split_with_error	theorem	public	NumStability.Algorithms.Ch14GJEFinalDivisionClosure	D11	NumStability.Source.Higham.Chapter14.Algorithm04.Execution.GJEFinalDivisionClosure	source	relocated
NumStability.Ch14Ext.ch14ext_gje_forward_first_coeff	theorem	public	NumStability.Algorithms.Ch14GaussJordanQConstruction	D13	NumStability.Source.Higham.Chapter14.Algorithm04.SecondStage.GaussJordanQConstruction	source	relocated
NumStability.Ch14Ext.ch14ext_gje_forward_second_coeff	theorem	public	NumStability.Algorithms.Ch14GaussJordanQConstruction	D13	NumStability.Source.Higham.Chapter14.Algorithm04.SecondStage.GaussJordanQConstruction	source	relocated
NumStability.Ch14Ext.ch14ext_gje_forward_second_coeff_with_final_division	theorem	public	NumStability.Algorithms.Ch14GJEFinalDivisionClosure	D11	NumStability.Source.Higham.Chapter14.Algorithm04.Execution.GJEFinalDivisionClosure	source	relocated
NumStability.Ch14Ext.ch14ext_gje_overall_forward_error_of_accumulation	theorem	public	NumStability.Algorithms.Ch14GaussJordanAccumulation	D10	NumStability.Source.Higham.Chapter14.Algorithm04.Accumulation.GaussJordanAccumulation	source	relocated
NumStability.Ch14Ext.ch14ext_gje_overall_residual_of_accumulation	theorem	public	NumStability.Algorithms.Ch14GaussJordanAccumulation	D10	NumStability.Source.Higham.Chapter14.Algorithm04.Accumulation.GaussJordanAccumulation	source	relocated
NumStability.Ch14Ext.ch14ext_gje_residual_coeff_budget	theorem	public	NumStability.Algorithms.Ch14GaussJordanQConstruction	D13	NumStability.Source.Higham.Chapter14.Algorithm04.SecondStage.GaussJordanQConstruction	source	relocated
NumStability.Ch14Ext.ch14ext_gje_residual_coeff_budget_corrected	theorem	public	NumStability.Algorithms.Ch14GaussJordanQConstruction	D13	NumStability.Source.Higham.Chapter14.Algorithm04.SecondStage.GaussJordanQConstruction	source	relocated
NumStability.Ch14Ext.ch14ext_gje_residual_coeff_budget_with_final_division	theorem	public	NumStability.Algorithms.Ch14GJEFinalDivisionClosure	D11	NumStability.Source.Higham.Chapter14.Algorithm04.Execution.GJEFinalDivisionClosure	source	relocated
NumStability.Ch14Ext.ch14ext_gje_residual_decomposition_14_33	theorem	public	NumStability.Algorithms.Ch14GaussJordanQConstruction	D13	NumStability.Source.Higham.Chapter14.Algorithm04.SecondStage.GaussJordanQConstruction	source	relocated
NumStability.Ch14Ext.ch14ext_gje_spd_forward_error_relative_norm2_derived	theorem	public	NumStability.Algorithms.Ch14GaussJordanSPDCorollary	D14	NumStability.Source.Higham.Chapter14.Corollary06.SPD.GaussJordanSPDCorollary	source	relocated
NumStability.Ch14Ext.ch14ext_gje_spd_forward_stability_kappa2_leading	theorem	public	NumStability.Algorithms.Ch14GaussJordanSPDCorollary	D14	NumStability.Source.Higham.Chapter14.Corollary06.SPD.GaussJordanSPDCorollary	source	relocated
NumStability.Ch14Ext.ch14ext_gje_spd_residual_relative_norm2_derived	theorem	public	NumStability.Algorithms.Ch14GaussJordanSPDCorollary	D14	NumStability.Source.Higham.Chapter14.Corollary06.SPD.GaussJordanSPDCorollary	source	relocated
NumStability.Ch14Ext.ch14ext_gje_spd_residual_relative_norm2_exact_cholesky	theorem	public	NumStability.Algorithms.Ch14GaussJordanSPDCorollary	D14	NumStability.Source.Higham.Chapter14.Corollary06.SPD.GaussJordanSPDCorollary	source	relocated
NumStability.Ch14Ext.ch14ext_gje_stage2_backward_error_of_accumulation	theorem	public	NumStability.Algorithms.Ch14GaussJordanAccumulation	D10	NumStability.Source.Higham.Chapter14.Algorithm04.Accumulation.GaussJordanAccumulation	source	relocated
NumStability.Ch14Ext.ch14ext_gje_stage2_backward_error_of_accumulation_final_diagonal	theorem	public	NumStability.Algorithms.Ch14GJEFinalDivisionClosure	D11	NumStability.Source.Higham.Chapter14.Algorithm04.Execution.GJEFinalDivisionClosure	source	relocated
NumStability.Ch14Ext.ch14ext_gje_stage2_forward_error_of_accumulation_14_29	theorem	public	NumStability.Algorithms.Ch14GJESourceAccumulationBridge	D10	NumStability.Source.Higham.Chapter14.Algorithm04.Accumulation.GJESourceAccumulationBridge	source	relocated
NumStability.Ch14Ext.ch14ext_gje_stage2_forward_split	theorem	public	NumStability.Algorithms.Ch14GaussJordanQConstruction	D13	NumStability.Source.Higham.Chapter14.Algorithm04.SecondStage.GaussJordanQConstruction	source	relocated
NumStability.Ch14Ext.ch14ext_gje_stage2_forward_split_with_final_division	theorem	public	NumStability.Algorithms.Ch14GJEFinalDivisionClosure	D11	NumStability.Source.Higham.Chapter14.Algorithm04.Execution.GJEFinalDivisionClosure	source	relocated
NumStability.Ch14Ext.ch14ext_gje_stage2_matrix_backward_eq	theorem	public	NumStability.Algorithms.Ch14GaussJordanStep	D13	NumStability.Source.Higham.Chapter14.Algorithm04.SecondStage.GaussJordanStep	source	relocated
NumStability.Ch14Ext.ch14ext_gje_stage2_matrix_recurrence_derived	theorem	public	NumStability.Algorithms.Ch14GaussJordanStep	D13	NumStability.Source.Higham.Chapter14.Algorithm04.SecondStage.GaussJordanStep	source	relocated
NumStability.Ch14Ext.ch14ext_gje_stage2_rhs_backward_eq	theorem	public	NumStability.Algorithms.Ch14GaussJordanStep	D13	NumStability.Source.Higham.Chapter14.Algorithm04.SecondStage.GaussJordanStep	source	relocated
NumStability.Ch14Ext.ch14ext_gje_stage2_rhs_recurrence_derived	theorem	public	NumStability.Algorithms.Ch14GaussJordanStep	D13	NumStability.Source.Higham.Chapter14.Algorithm04.SecondStage.GaussJordanStep	source	relocated
NumStability.Ch14Ext.ch14ext_gje_unpropagated_matrix_recurrence	theorem	public	NumStability.Algorithms.Ch14GaussJordanSourceClosure	D11	NumStability.Source.Higham.Chapter14.Algorithm04.Execution.GaussJordanSourceClosure	source	relocated
NumStability.Ch14Ext.ch14ext_gje_unpropagated_rhs_recurrence	theorem	public	NumStability.Algorithms.Ch14GaussJordanSourceClosure	D11	NumStability.Source.Higham.Chapter14.Algorithm04.Execution.GaussJordanSourceClosure	source	relocated
NumStability.Ch14Ext.ch14ext_gje_y_abs_bound_from_stage	theorem	public	NumStability.Algorithms.Ch14GaussJordanQConstruction	D13	NumStability.Source.Higham.Chapter14.Algorithm04.SecondStage.GaussJordanQConstruction	source	relocated
NumStability.Ch14Ext.ch14ext_higham8_8_of_upper_rowDiagDominant	theorem	public	NumStability.Algorithms.Ch14Corollary147Closure	D15	NumStability.Source.Higham.Chapter14.Corollary07.DiagonalDominance.Closure	source	relocated
NumStability.Ch14Ext.ch14ext_infNormVec_approx_le_exact_add_error	theorem	public	NumStability.Algorithms.Ch14Corollary147WeakFamily	D15	NumStability.Source.Higham.Chapter14.Corollary07.DiagonalDominance.WeakFamily	source	relocated
NumStability.Ch14Ext.ch14ext_inv_bb	theorem	public	NumStability.Algorithms.Ch14BlockTriInverse	D34	NumStability.Source.Higham.Chapter14.Section02.TriangularInversion.Method1B.BlockTriInverse	source	relocated
NumStability.Ch14Ext.ch14ext_inv_bd	theorem	public	NumStability.Algorithms.Ch14BlockTriInverse	D34	NumStability.Source.Higham.Chapter14.Section02.TriangularInversion.Method1B.BlockTriInverse	source	relocated
NumStability.Ch14Ext.ch14ext_inv_cb	theorem	public	NumStability.Algorithms.Ch14BlockTriInverse	D34	NumStability.Source.Higham.Chapter14.Section02.TriangularInversion.Method1B.BlockTriInverse	source	relocated
NumStability.Ch14Ext.ch14ext_inv_cd	theorem	public	NumStability.Algorithms.Ch14BlockTriInverse	D34	NumStability.Source.Higham.Chapter14.Section02.TriangularInversion.Method1B.BlockTriInverse	source	relocated
NumStability.Ch14Ext.ch14ext_inverseDifference_identity	theorem	public	NumStability.Algorithms.Ch14Corollary147WeakFamily	D15	NumStability.Source.Higham.Chapter14.Corollary07.DiagonalDominance.WeakFamily	source	relocated
NumStability.Ch14Ext.ch14ext_isBigO_of_nonneg_le	theorem	public	NumStability.Algorithms.Ch14Problem142Families	D19	NumStability.Source.Higham.Chapter14.Problem02.TriangularInversion.Families	source	relocated
NumStability.Ch14Ext.ch14ext_leftResidualEnvelopeRemainder	definition	public	NumStability.Algorithms.Ch14ForwardErrorEndpoint	D31	NumStability.Source.Higham.Chapter14.Section01.InverseErrorAnalysis.ForwardErrorEndpoint	source	relocated
NumStability.Ch14Ext.ch14ext_luBackward_factorProximity_isBigO	theorem	public	NumStability.Algorithms.Ch14Corollary147SourceClosure	D15	NumStability.Algorithms.Ch14Corollary147SourceClosure	source	retained
NumStability.Ch14Ext.ch14ext_luBackward_productResidual_isBigO	theorem	public	NumStability.Algorithms.Ch14Corollary147SourceClosure	D15	NumStability.Algorithms.Ch14Corollary147SourceClosure	source	retained
NumStability.Ch14Ext.ch14ext_luFirstStepU_rowDiagDominant	theorem	public	NumStability.Algorithms.Ch14Corollary147Closure	D15	NumStability.Source.Higham.Chapter14.Corollary07.DiagonalDominance.Closure	source	relocated
NumStability.Ch14Ext.ch14ext_luPrefix_difference_isBigO	theorem	public	NumStability.Algorithms.Ch14Corollary147SourceClosure	D15	NumStability.Source.Higham.Chapter14.Corollary07.DiagonalDominance.SourceClosure	source	relocated
NumStability.Ch14Ext.ch14ext_m1bBlockInverse	definition	public	NumStability.Algorithms.Ch14Method1BWhole	D34	NumStability.Source.Higham.Chapter14.Section02.TriangularInversion.Method1B.Method1BWhole	source	relocated
NumStability.Ch14Ext.ch14ext_m1bInv	definition	public	NumStability.Algorithms.Ch14Method1BWhole	D34	NumStability.Source.Higham.Chapter14.Section02.TriangularInversion.Method1B.Method1BWhole	source	relocated
NumStability.Ch14Ext.ch14ext_m1bInv_cons	theorem	public	NumStability.Algorithms.Ch14Method1BWhole	D34	NumStability.Source.Higham.Chapter14.Section02.TriangularInversion.Method1B.Method1BWhole	source	relocated
NumStability.Ch14Ext.ch14ext_m1bInv_right_residual	theorem	public	NumStability.Algorithms.Ch14Method1BWhole	D34	NumStability.Algorithms.Ch14Method1BWhole	source	retained
NumStability.Ch14Ext.ch14ext_m1b_block_right_residual	theorem	public	NumStability.Algorithms.Ch14Method1BWhole	D34	NumStability.Algorithms.Ch14Method1BWhole	source	retained
NumStability.Ch14Ext.ch14ext_m1b_inv_bb	theorem	public	NumStability.Algorithms.Ch14Method1BWhole	D34	NumStability.Source.Higham.Chapter14.Section02.TriangularInversion.Method1B.Method1BWhole	source	relocated
NumStability.Ch14Ext.ch14ext_m1b_inv_bd	theorem	public	NumStability.Algorithms.Ch14Method1BWhole	D34	NumStability.Source.Higham.Chapter14.Section02.TriangularInversion.Method1B.Method1BWhole	source	relocated
NumStability.Ch14Ext.ch14ext_m1b_inv_cb	theorem	public	NumStability.Algorithms.Ch14Method1BWhole	D34	NumStability.Source.Higham.Chapter14.Section02.TriangularInversion.Method1B.Method1BWhole	source	relocated
NumStability.Ch14Ext.ch14ext_m1b_inv_cd	theorem	public	NumStability.Algorithms.Ch14Method1BWhole	D34	NumStability.Source.Higham.Chapter14.Section02.TriangularInversion.Method1B.Method1BWhole	source	relocated
NumStability.Ch14Ext.ch14ext_m1b_leading_right_residual	theorem	public	NumStability.Algorithms.Ch14Method1BWhole	D34	NumStability.Source.Higham.Chapter14.Section02.TriangularInversion.Method1B.Method1BWhole	source	relocated
NumStability.Ch14Ext.ch14ext_m1b_offdiag	definition	public	NumStability.Algorithms.Ch14Method1BWhole	D34	NumStability.Source.Higham.Chapter14.Section02.TriangularInversion.Method1B.Method1BWhole	source	relocated
NumStability.Ch14Ext.ch14ext_m1b_offdiag_residual	theorem	public	NumStability.Algorithms.Ch14Method1BWhole	D34	NumStability.Source.Higham.Chapter14.Section02.TriangularInversion.Method1B.Method1BWhole	source	relocated
NumStability.Ch14Ext.ch14ext_m1b_temp	definition	public	NumStability.Algorithms.Ch14Method1BWhole	D34	NumStability.Source.Higham.Chapter14.Section02.TriangularInversion.Method1B.Method1BWhole	source	relocated
NumStability.Ch14Ext.ch14ext_m2c_blk11_diag	theorem	public	NumStability.Algorithms.Ch14Method2CWhole	D37	NumStability.Source.Higham.Chapter14.Section02.TriangularInversion.Method2C.Method2CWhole	source	relocated
NumStability.Ch14Ext.ch14ext_m2c_blk11_lt	theorem	public	NumStability.Algorithms.Ch14Method2CWhole	D37	NumStability.Source.Higham.Chapter14.Section02.TriangularInversion.Method2C.Method2CWhole	source	relocated
NumStability.Ch14Ext.ch14ext_m2c_blk22_diag	theorem	public	NumStability.Algorithms.Ch14Method2CWhole	D37	NumStability.Source.Higham.Chapter14.Section02.TriangularInversion.Method2C.Method2CWhole	source	relocated
NumStability.Ch14Ext.ch14ext_m2c_blk22_lt	theorem	public	NumStability.Algorithms.Ch14Method2CWhole	D37	NumStability.Source.Higham.Chapter14.Section02.TriangularInversion.Method2C.Method2CWhole	source	relocated
NumStability.Ch14Ext.ch14ext_m2c_const	definition	public	NumStability.Algorithms.Ch14Method2CWhole	D37	NumStability.Source.Higham.Chapter14.Section02.TriangularInversion.Method2C.Method2CWhole	source	relocated
NumStability.Ch14Ext.ch14ext_m2c_const_nonneg	theorem	public	NumStability.Algorithms.Ch14Method2CWhole	D37	NumStability.Source.Higham.Chapter14.Section02.TriangularInversion.Method2C.Method2CWhole	source	relocated
NumStability.Ch14Ext.ch14ext_m2c_inv_bb	theorem	public	NumStability.Algorithms.Ch14Method2C	D37	NumStability.Source.Higham.Chapter14.Section02.TriangularInversion.Method2C.Method2C	source	relocated
NumStability.Ch14Ext.ch14ext_m2c_inv_bd	theorem	public	NumStability.Algorithms.Ch14Method2C	D37	NumStability.Source.Higham.Chapter14.Section02.TriangularInversion.Method2C.Method2C	source	relocated
NumStability.Ch14Ext.ch14ext_m2c_inv_cb	theorem	public	NumStability.Algorithms.Ch14Method2C	D37	NumStability.Source.Higham.Chapter14.Section02.TriangularInversion.Method2C.Method2C	source	relocated
NumStability.Ch14Ext.ch14ext_m2c_inv_cd	theorem	public	NumStability.Algorithms.Ch14Method2C	D37	NumStability.Source.Higham.Chapter14.Section02.TriangularInversion.Method2C.Method2C	source	relocated
NumStability.Ch14Ext.ch14ext_matMulVec_abs_bound	theorem	public	NumStability.Algorithms.Ch14GaussJordanAccumulation	D10	NumStability.Source.Higham.Chapter14.Algorithm04.Accumulation.GaussJordanAccumulation	source	relocated
NumStability.Ch14Ext.ch14ext_matMulVec_action_nonneg	theorem	public	NumStability.Algorithms.Ch14GaussJordanQConstruction	D13	NumStability.Source.Higham.Chapter14.Algorithm04.SecondStage.GaussJordanQConstruction	source	relocated
NumStability.Ch14Ext.ch14ext_matMulVec_add_scale_scale	theorem	public	NumStability.Algorithms.Ch14GaussJordanQConstruction	D13	NumStability.Source.Higham.Chapter14.Algorithm04.SecondStage.GaussJordanQConstruction	source	relocated
NumStability.Ch14Ext.ch14ext_matMulVec_add_three_scales	theorem	public	NumStability.Algorithms.Ch14GJEFinalDivisionClosure	D11	NumStability.Source.Higham.Chapter14.Algorithm04.Execution.GJEFinalDivisionClosure	source	relocated
NumStability.Ch14Ext.ch14ext_matMulVec_mono_nonneg	theorem	public	NumStability.Algorithms.Ch14GaussJordanQConstruction	D13	NumStability.Source.Higham.Chapter14.Algorithm04.SecondStage.GaussJordanQConstruction	source	relocated
NumStability.Ch14Ext.ch14ext_matMulVec_scale	theorem	public	NumStability.Algorithms.Ch14GaussJordanQConstruction	D13	NumStability.Source.Higham.Chapter14.Algorithm04.SecondStage.GaussJordanQConstruction	source	relocated
NumStability.Ch14Ext.ch14ext_matMulVec_two_scales	theorem	public	NumStability.Algorithms.Ch14GJEFinalDivisionClosure	D11	NumStability.Source.Higham.Chapter14.Algorithm04.Execution.GJEFinalDivisionClosure	source	relocated
NumStability.Ch14Ext.ch14ext_matMulVec_vecErrorSum_of_fixed	theorem	public	NumStability.Algorithms.Ch14GaussJordanSourceClosure	D11	NumStability.Source.Higham.Chapter14.Algorithm04.Execution.GaussJordanSourceClosure	source	relocated
NumStability.Ch14Ext.ch14ext_matMul_abs_bound	theorem	public	NumStability.Algorithms.Ch14GaussJordanAccumulation	D10	NumStability.Source.Higham.Chapter14.Algorithm04.Accumulation.GaussJordanAccumulation	source	relocated
NumStability.Ch14Ext.ch14ext_matMul_eq_prefix_add_lower	theorem	public	NumStability.Algorithms.Ch14Corollary147SourceClosure	D15	NumStability.Source.Higham.Chapter14.Corollary07.DiagonalDominance.SourceClosure	source	relocated
NumStability.Ch14Ext.ch14ext_matMul_eq_prefix_add_upper	theorem	public	NumStability.Algorithms.Ch14Corollary147SourceClosure	D15	NumStability.Source.Higham.Chapter14.Corollary07.DiagonalDominance.SourceClosure	source	relocated
NumStability.Ch14Ext.ch14ext_matMul_matrixErrorSum_of_fixed	theorem	public	NumStability.Algorithms.Ch14GaussJordanSourceClosure	D11	NumStability.Source.Higham.Chapter14.Algorithm04.Execution.GaussJordanSourceClosure	source	relocated
NumStability.Ch14Ext.ch14ext_matMul_sub_left	theorem	public	NumStability.Algorithms.Ch14Corollary147WeakFamily	D15	NumStability.Source.Higham.Chapter14.Corollary07.DiagonalDominance.WeakFamily	source	relocated
NumStability.Ch14Ext.ch14ext_matMul_sub_right	theorem	public	NumStability.Algorithms.Ch14Corollary147WeakFamily	D15	NumStability.Source.Higham.Chapter14.Corollary07.DiagonalDominance.WeakFamily	source	relocated
NumStability.Ch14Ext.ch14ext_matrixAccumulation	theorem	public	NumStability.Algorithms.Ch14GaussJordanAccumulation	D10	NumStability.Source.Higham.Chapter14.Algorithm04.Accumulation.GaussJordanAccumulation	source	relocated
NumStability.Ch14Ext.ch14ext_matrixAccumulation_c3	theorem	public	NumStability.Algorithms.Ch14GaussJordanAccumulation	D10	NumStability.Source.Higham.Chapter14.Algorithm04.Accumulation.GaussJordanAccumulation	source	relocated
NumStability.Ch14Ext.ch14ext_matrixErrorSum	definition	public	NumStability.Algorithms.Ch14GaussJordanSourceClosure	D11	NumStability.Source.Higham.Chapter14.Algorithm04.Execution.GaussJordanSourceClosure	source	relocated
NumStability.Ch14Ext.ch14ext_matrixErrorSum_succ	theorem	public	NumStability.Algorithms.Ch14GaussJordanSourceClosure	D11	NumStability.Source.Higham.Chapter14.Algorithm04.Execution.GaussJordanSourceClosure	source	relocated
NumStability.Ch14Ext.ch14ext_matrixErrorSum_zero	theorem	public	NumStability.Algorithms.Ch14GaussJordanSourceClosure	D11	NumStability.Source.Higham.Chapter14.Algorithm04.Execution.GaussJordanSourceClosure	source	relocated
NumStability.Ch14Ext.ch14ext_matrixFamily_absDifference_isBigO	theorem	public	NumStability.Algorithms.Ch14Corollary147WeakFamily	D15	NumStability.Source.Higham.Chapter14.Corollary07.DiagonalDominance.WeakFamily	source	relocated
NumStability.Ch14Ext.ch14ext_matrixFamily_mul_family_isBigOOne	theorem	public	NumStability.Algorithms.Ch14GJEAsymptoticFamilies	D42	NumStability.Source.Higham.Chapter14.Theorem05.ForwardError.GJEAsymptoticFamilies	source	relocated
NumStability.Ch14Ext.ch14ext_matrixFamily_mul_isBigO	theorem	public	NumStability.Algorithms.Ch14Corollary147WeakFamily	D15	NumStability.Source.Higham.Chapter14.Corollary07.DiagonalDominance.WeakFamily	source	relocated
NumStability.Ch14Ext.ch14ext_matrixFamily_mul_isBigOOne	theorem	public	NumStability.Algorithms.Ch14Corollary147WeakFamily	D15	NumStability.Source.Higham.Chapter14.Corollary07.DiagonalDominance.WeakFamily	source	relocated
NumStability.Ch14Ext.ch14ext_matrixFamily_mul_vectorFamily_isBigOOne	theorem	public	NumStability.Algorithms.Ch14GJEAsymptoticFamilies	D42	NumStability.Source.Higham.Chapter14.Theorem05.ForwardError.GJEAsymptoticFamilies	source	relocated
NumStability.Ch14Ext.ch14ext_matrixFamily_productDifference_isBigO	theorem	public	NumStability.Algorithms.Ch14Corollary147WeakFamily	D15	NumStability.Source.Higham.Chapter14.Corollary07.DiagonalDominance.WeakFamily	source	relocated
NumStability.Ch14Ext.ch14ext_matrixVectorFamily_actionDifference_isBigO	theorem	public	NumStability.Algorithms.Ch14Corollary147WeakFamily	D15	NumStability.Source.Higham.Chapter14.Corollary07.DiagonalDominance.WeakFamily	source	relocated
NumStability.Ch14Ext.ch14ext_matrixVectorFamily_mul_isBigO	theorem	public	NumStability.Algorithms.Ch14Corollary147WeakFamily	D15	NumStability.Source.Higham.Chapter14.Corollary07.DiagonalDominance.WeakFamily	source	relocated
NumStability.Ch14Ext.ch14ext_matrixVectorFamily_mul_isBigOOne	theorem	public	NumStability.Algorithms.Ch14Corollary147WeakFamily	D15	NumStability.Source.Higham.Chapter14.Corollary07.DiagonalDominance.WeakFamily	source	relocated
NumStability.Ch14Ext.ch14ext_matrixVectorFamily_productDifference_isBigO	theorem	public	NumStability.Algorithms.Ch14Corollary147WeakFamily	D15	NumStability.Source.Higham.Chapter14.Corollary07.DiagonalDominance.WeakFamily	source	relocated
NumStability.Ch14Ext.ch14ext_maxEntryNorm_mul_family_isBigO_one	theorem	public	NumStability.Algorithms.Ch14Problem142Families	D19	NumStability.Source.Higham.Chapter14.Problem02.TriangularInversion.Families	source	relocated
NumStability.Ch14Ext.ch14ext_mem_pivotCandidates	theorem	public	NumStability.Algorithms.GaussJordanPivoting	D12	NumStability.Source.Higham.Chapter14.Algorithm04.Pivoting.GaussJordanPivoting	source	relocated
NumStability.Ch14Ext.ch14ext_method1BBlockInverse	definition	public	NumStability.Algorithms.Ch14BlockTriInverse	D34	NumStability.Source.Higham.Chapter14.Section02.TriangularInversion.Method1B.BlockTriInverse	source	relocated
NumStability.Ch14Ext.ch14ext_method1B_block_lower	theorem	public	NumStability.Algorithms.Ch14BlockTriInverse	D34	NumStability.Source.Higham.Chapter14.Section02.TriangularInversion.Method1B.BlockTriInverse	source	relocated
NumStability.Ch14Ext.ch14ext_method1B_block_right_residual	theorem	public	NumStability.Algorithms.Ch14BlockTriInverse	D34	NumStability.Source.Higham.Chapter14.Section02.TriangularInversion.Method1B.BlockTriInverse	source	relocated
NumStability.Ch14Ext.ch14ext_method1B_block_right_residual_normwise	theorem	public	NumStability.Algorithms.Ch14BlockTriInverse	D34	NumStability.Source.Higham.Chapter14.Section02.TriangularInversion.Method1B.BlockTriInverse	source	relocated
NumStability.Ch14Ext.ch14ext_method1B_block_right_residual_via_spec	theorem	public	NumStability.Algorithms.Ch14BlockTriInverse	D34	NumStability.Source.Higham.Chapter14.Section02.TriangularInversion.Method1B.BlockTriInverse	source	relocated
NumStability.Ch14Ext.ch14ext_method1B_block_row_certificates	theorem	public	NumStability.Algorithms.Ch14BlockTriInverse	D34	NumStability.Source.Higham.Chapter14.Section02.TriangularInversion.Method1B.BlockTriInverse	source	relocated
NumStability.Ch14Ext.ch14ext_method1B_block_spec	theorem	public	NumStability.Algorithms.Ch14BlockTriInverse	D34	NumStability.Source.Higham.Chapter14.Section02.TriangularInversion.Method1B.BlockTriInverse	source	relocated
NumStability.Ch14Ext.ch14ext_method1B_whole_right_residual	theorem	public	NumStability.Algorithms.Ch14Method1BWhole	D34	NumStability.Algorithms.Ch14Method1BWhole	source	retained
NumStability.Ch14Ext.ch14ext_method1B_whole_right_residual_normwise	theorem	public	NumStability.Algorithms.Ch14Method1BWhole	D34	NumStability.Algorithms.Ch14Method1BWhole	source	retained
NumStability.Ch14Ext.ch14ext_method2B_L11	definition	public	NumStability.Algorithms.MatrixInversionMethod2BInstance	D36	NumStability.Source.Higham.Chapter14.Section02.TriangularInversion.Method2B.MatrixInversionMethod2BInstance	source	relocated
NumStability.Ch14Ext.ch14ext_method2B_L21	definition	public	NumStability.Algorithms.MatrixInversionMethod2BInstance	D36	NumStability.Source.Higham.Chapter14.Section02.TriangularInversion.Method2B.MatrixInversionMethod2BInstance	source	relocated
NumStability.Ch14Ext.ch14ext_method2B_X11	definition	public	NumStability.Algorithms.MatrixInversionMethod2BInstance	D36	NumStability.Source.Higham.Chapter14.Section02.TriangularInversion.Method2B.MatrixInversionMethod2BInstance	source	relocated
NumStability.Ch14Ext.ch14ext_method2B_X21hat	definition	public	NumStability.Algorithms.MatrixInversionMethod2BInstance	D36	NumStability.Source.Higham.Chapter14.Section02.TriangularInversion.Method2B.MatrixInversionMethod2BInstance	source	relocated
NumStability.Ch14Ext.ch14ext_method2B_X22	definition	public	NumStability.Algorithms.MatrixInversionMethod2BInstance	D36	NumStability.Source.Higham.Chapter14.Section02.TriangularInversion.Method2B.MatrixInversionMethod2BInstance	source	relocated
NumStability.Ch14Ext.ch14ext_method2B_absTripleBudget	definition	public	NumStability.Algorithms.MatrixInversionMethod2BInstance	D36	NumStability.Source.Higham.Chapter14.Section02.TriangularInversion.Method2B.MatrixInversionMethod2BInstance	source	relocated
NumStability.Ch14Ext.ch14ext_method2B_absTripleBudget_nonneg	theorem	public	NumStability.Algorithms.MatrixInversionMethod2BInstance	D36	NumStability.Source.Higham.Chapter14.Section02.TriangularInversion.Method2B.MatrixInversionMethod2BInstance	source	relocated
NumStability.Ch14Ext.ch14ext_method2B_absolute_residual_amplification_unbounded	theorem	public	NumStability.Algorithms.MatrixInversionMethod2BInstance	D36	NumStability.Source.Higham.Chapter14.Section02.TriangularInversion.Method2B.MatrixInversionMethod2BInstance	source	relocated
NumStability.Ch14Ext.ch14ext_method2B_delta	definition	public	NumStability.Algorithms.MatrixInversionMethod2BInstance	D36	NumStability.Source.Higham.Chapter14.Section02.TriangularInversion.Method2B.MatrixInversionMethod2BInstance	source	relocated
NumStability.Ch14Ext.ch14ext_method2B_delta_eq	theorem	public	NumStability.Algorithms.MatrixInversionMethod2BInstance	D36	NumStability.Source.Higham.Chapter14.Section02.TriangularInversion.Method2B.MatrixInversionMethod2BInstance	source	relocated
NumStability.Ch14Ext.ch14ext_method2B_exec_L21	definition	public	NumStability.Algorithms.MatrixInversionMethod2BInstance	D36	NumStability.Source.Higham.Chapter14.Section02.TriangularInversion.Method2B.MatrixInversionMethod2BInstance	source	relocated
NumStability.Ch14Ext.ch14ext_method2B_exec_L22	definition	public	NumStability.Algorithms.MatrixInversionMethod2BInstance	D36	NumStability.Source.Higham.Chapter14.Section02.TriangularInversion.Method2B.MatrixInversionMethod2BInstance	source	relocated
NumStability.Ch14Ext.ch14ext_method2B_exec_X11_from_method2	theorem	public	NumStability.Algorithms.MatrixInversionMethod2BInstance	D36	NumStability.Source.Higham.Chapter14.Section02.TriangularInversion.Method2B.MatrixInversionMethod2BInstance	source	relocated
NumStability.Ch14Ext.ch14ext_method2B_exec_X21hat	definition	public	NumStability.Algorithms.MatrixInversionMethod2BInstance	D36	NumStability.Source.Higham.Chapter14.Section02.TriangularInversion.Method2B.MatrixInversionMethod2BInstance	source	relocated
NumStability.Ch14Ext.ch14ext_method2B_exec_X21hat_eq	theorem	public	NumStability.Algorithms.MatrixInversionMethod2BInstance	D36	NumStability.Source.Higham.Chapter14.Section02.TriangularInversion.Method2B.MatrixInversionMethod2BInstance	source	relocated
NumStability.Ch14Ext.ch14ext_method2B_exec_X21hat_eq_flUpdate	theorem	public	NumStability.Algorithms.MatrixInversionMethod2BInstance	D36	NumStability.Source.Higham.Chapter14.Section02.TriangularInversion.Method2B.MatrixInversionMethod2BInstance	source	relocated
NumStability.Ch14Ext.ch14ext_method2B_exec_X22_from_method2	theorem	public	NumStability.Algorithms.MatrixInversionMethod2BInstance	D36	NumStability.Source.Higham.Chapter14.Section02.TriangularInversion.Method2B.MatrixInversionMethod2BInstance	source	relocated
NumStability.Ch14Ext.ch14ext_method2B_exec_delta_eq	theorem	public	NumStability.Algorithms.MatrixInversionMethod2BInstance	D36	NumStability.Source.Higham.Chapter14.Section02.TriangularInversion.Method2B.MatrixInversionMethod2BInstance	source	relocated
NumStability.Ch14Ext.ch14ext_method2B_exec_residual_value	theorem	public	NumStability.Algorithms.MatrixInversionMethod2BInstance	D36	NumStability.Source.Higham.Chapter14.Section02.TriangularInversion.Method2B.MatrixInversionMethod2BInstance	source	relocated
NumStability.Ch14Ext.ch14ext_method2B_exec_selected_entry_satisfies_source_bound	theorem	public	NumStability.Algorithms.MatrixInversionMethod2BInstance	D36	NumStability.Source.Higham.Chapter14.Section02.TriangularInversion.Method2B.MatrixInversionMethod2BInstance	source	relocated
NumStability.Ch14Ext.ch14ext_method2B_exec_source_scale_value	theorem	public	NumStability.Algorithms.MatrixInversionMethod2BInstance	D36	NumStability.Source.Higham.Chapter14.Section02.TriangularInversion.Method2B.MatrixInversionMethod2BInstance	source	relocated
NumStability.Ch14Ext.ch14ext_method2B_exec_spec	theorem	public	NumStability.Algorithms.MatrixInversionMethod2BInstance	D36	NumStability.Source.Higham.Chapter14.Section02.TriangularInversion.Method2B.MatrixInversionMethod2BInstance	source	relocated
NumStability.Ch14Ext.ch14ext_method2B_exec_temp	definition	public	NumStability.Algorithms.MatrixInversionMethod2BInstance	D36	NumStability.Source.Higham.Chapter14.Section02.TriangularInversion.Method2B.MatrixInversionMethod2BInstance	source	relocated
NumStability.Ch14Ext.ch14ext_method2B_exec_temp_eq	theorem	public	NumStability.Algorithms.MatrixInversionMethod2BInstance	D36	NumStability.Source.Higham.Chapter14.Section02.TriangularInversion.Method2B.MatrixInversionMethod2BInstance	source	relocated
NumStability.Ch14Ext.ch14ext_method2B_flFirstDelta	definition	public	NumStability.Algorithms.MatrixInversionMethod2BInstance	D36	NumStability.Source.Higham.Chapter14.Section02.TriangularInversion.Method2B.MatrixInversionMethod2BInstance	source	relocated
NumStability.Ch14Ext.ch14ext_method2B_flFirstDelta_firstOrderLe	theorem	public	NumStability.Algorithms.MatrixInversionMethod2BInstance	D36	NumStability.Source.Higham.Chapter14.Section02.TriangularInversion.Method2B.MatrixInversionMethod2BInstance	source	relocated
NumStability.Ch14Ext.ch14ext_method2B_flFirstProduct	definition	public	NumStability.Algorithms.MatrixInversionMethod2BInstance	D36	NumStability.Source.Higham.Chapter14.Section02.TriangularInversion.Method2B.MatrixInversionMethod2BInstance	source	relocated
NumStability.Ch14Ext.ch14ext_method2B_flFirstProduct_abs_bound	theorem	public	NumStability.Algorithms.MatrixInversionMethod2BInstance	D36	NumStability.Source.Higham.Chapter14.Section02.TriangularInversion.Method2B.MatrixInversionMethod2BInstance	source	relocated
NumStability.Ch14Ext.ch14ext_method2B_flFirstProduct_error_bound	theorem	public	NumStability.Algorithms.MatrixInversionMethod2BInstance	D36	NumStability.Source.Higham.Chapter14.Section02.TriangularInversion.Method2B.MatrixInversionMethod2BInstance	source	relocated
NumStability.Ch14Ext.ch14ext_method2B_flFirstProduct_firstOrderSpec	theorem	public	NumStability.Algorithms.MatrixInversionMethod2BInstance	D36	NumStability.Source.Higham.Chapter14.Section02.TriangularInversion.Method2B.MatrixInversionMethod2BInstance	source	relocated
NumStability.Ch14Ext.ch14ext_method2B_flSecondDelta	definition	public	NumStability.Algorithms.MatrixInversionMethod2BInstance	D36	NumStability.Source.Higham.Chapter14.Section02.TriangularInversion.Method2B.MatrixInversionMethod2BInstance	source	relocated
NumStability.Ch14Ext.ch14ext_method2B_flSecondDelta_firstOrderLe	theorem	public	NumStability.Algorithms.MatrixInversionMethod2BInstance	D36	NumStability.Source.Higham.Chapter14.Section02.TriangularInversion.Method2B.MatrixInversionMethod2BInstance	source	relocated
NumStability.Ch14Ext.ch14ext_method2B_flSecondProduct	definition	public	NumStability.Algorithms.MatrixInversionMethod2BInstance	D36	NumStability.Source.Higham.Chapter14.Section02.TriangularInversion.Method2B.MatrixInversionMethod2BInstance	source	relocated
NumStability.Ch14Ext.ch14ext_method2B_flSecondProduct_error_bound	theorem	public	NumStability.Algorithms.MatrixInversionMethod2BInstance	D36	NumStability.Source.Higham.Chapter14.Section02.TriangularInversion.Method2B.MatrixInversionMethod2BInstance	source	relocated
NumStability.Ch14Ext.ch14ext_method2B_flSecondProduct_firstOrderSpec	theorem	public	NumStability.Algorithms.MatrixInversionMethod2BInstance	D36	NumStability.Source.Higham.Chapter14.Section02.TriangularInversion.Method2B.MatrixInversionMethod2BInstance	source	relocated
NumStability.Ch14Ext.ch14ext_method2B_flUpdate	definition	public	NumStability.Algorithms.MatrixInversionMethod2BInstance	D36	NumStability.Source.Higham.Chapter14.Section02.TriangularInversion.Method2B.MatrixInversionMethod2BInstance	source	relocated
NumStability.Ch14Ext.ch14ext_method2B_flUpdate_decomposition	theorem	public	NumStability.Algorithms.MatrixInversionMethod2BInstance	D36	NumStability.Source.Higham.Chapter14.Section02.TriangularInversion.Method2B.MatrixInversionMethod2BInstance	source	relocated
NumStability.Ch14Ext.ch14ext_method2B_flUpdate_eq14_14_spec	theorem	public	NumStability.Algorithms.MatrixInversionMethod2BInstance	D36	NumStability.Source.Higham.Chapter14.Section02.TriangularInversion.Method2B.MatrixInversionMethod2BInstance	source	relocated
NumStability.Ch14Ext.ch14ext_method2B_flUpdate_error_bound	theorem	public	NumStability.Algorithms.MatrixInversionMethod2BInstance	D36	NumStability.Source.Higham.Chapter14.Section02.TriangularInversion.Method2B.MatrixInversionMethod2BInstance	source	relocated
NumStability.Ch14Ext.ch14ext_method2B_flUpdate_error_bound_explicit	theorem	public	NumStability.Algorithms.MatrixInversionMethod2BInstance	D36	NumStability.Source.Higham.Chapter14.Section02.TriangularInversion.Method2B.MatrixInversionMethod2BInstance	source	relocated
NumStability.Ch14Ext.ch14ext_method2B_fp_offdiag_residual_exceeds_absolute_u_budget	theorem	public	NumStability.Algorithms.MatrixInversionMethod2BInstance	D36	NumStability.Source.Higham.Chapter14.Section02.TriangularInversion.Method2B.MatrixInversionMethod2BInstance	source	relocated
NumStability.Ch14Ext.ch14ext_method2B_left_inverse	theorem	public	NumStability.Algorithms.MatrixInversionMethod2BInstance	D36	NumStability.Source.Higham.Chapter14.Section02.TriangularInversion.Method2B.MatrixInversionMethod2BInstance	source	relocated
NumStability.Ch14Ext.ch14ext_method2B_offdiag_residual_exceeds_absolute_epsilon_budget	theorem	public	NumStability.Algorithms.MatrixInversionMethod2BInstance	D36	NumStability.Source.Higham.Chapter14.Section02.TriangularInversion.Method2B.MatrixInversionMethod2BInstance	source	relocated
NumStability.Ch14Ext.ch14ext_method2B_residual_value	theorem	public	NumStability.Algorithms.MatrixInversionMethod2BInstance	D36	NumStability.Source.Higham.Chapter14.Section02.TriangularInversion.Method2B.MatrixInversionMethod2BInstance	source	relocated
NumStability.Ch14Ext.ch14ext_method2B_selectiveModel	definition	public	NumStability.Algorithms.MatrixInversionMethod2BInstance	D36	NumStability.Source.Higham.Chapter14.Section02.TriangularInversion.Method2B.MatrixInversionMethod2BInstance	source	relocated
NumStability.Ch14Ext.ch14ext_method2B_spec	theorem	public	NumStability.Algorithms.MatrixInversionMethod2BInstance	D36	NumStability.Source.Higham.Chapter14.Section02.TriangularInversion.Method2B.MatrixInversionMethod2BInstance	source	relocated
NumStability.Ch14Ext.ch14ext_method2CBlockInverse	definition	public	NumStability.Algorithms.Ch14Method2C	D37	NumStability.Source.Higham.Chapter14.Section02.TriangularInversion.Method2C.Method2C	source	relocated
NumStability.Ch14Ext.ch14ext_method2CInv	definition	public	NumStability.Algorithms.Ch14Method2CWhole	D37	NumStability.Source.Higham.Chapter14.Section02.TriangularInversion.Method2C.Method2CWhole	source	relocated
NumStability.Ch14Ext.ch14ext_method2CInv_cons	theorem	public	NumStability.Algorithms.Ch14Method2CWhole	D37	NumStability.Source.Higham.Chapter14.Section02.TriangularInversion.Method2C.Method2CWhole	source	relocated
NumStability.Ch14Ext.ch14ext_method2CInv_left_residual	theorem	public	NumStability.Algorithms.Ch14Method2CWhole	D37	NumStability.Algorithms.Ch14Method2CWhole	source	retained
NumStability.Ch14Ext.ch14ext_method2C_block_left_residual	theorem	public	NumStability.Algorithms.Ch14Method2C	D37	NumStability.Algorithms.Ch14Method2C	source	retained
NumStability.Ch14Ext.ch14ext_method2C_offdiag	definition	public	NumStability.Algorithms.Ch14Method2C	D37	NumStability.Source.Higham.Chapter14.Section02.TriangularInversion.Method2C.Method2C	source	relocated
NumStability.Ch14Ext.ch14ext_method2C_offdiag_residual	theorem	public	NumStability.Algorithms.Ch14Method2C	D37	NumStability.Source.Higham.Chapter14.Section02.TriangularInversion.Method2C.Method2C	source	relocated
NumStability.Ch14Ext.ch14ext_method2C_offdiag_residual_of_spec	theorem	public	NumStability.Algorithms.Ch14Method2C	D37	NumStability.Source.Higham.Chapter14.Section02.TriangularInversion.Method2C.Method2C	source	relocated
NumStability.Ch14Ext.ch14ext_method2C_offdiag_residual_of_spec_uniform	theorem	public	NumStability.Algorithms.Ch14Method2C	D37	NumStability.Source.Higham.Chapter14.Section02.TriangularInversion.Method2C.Method2C	source	relocated
NumStability.Ch14Ext.ch14ext_method2C_temp	definition	public	NumStability.Algorithms.Ch14Method2C	D37	NumStability.Source.Higham.Chapter14.Section02.TriangularInversion.Method2C.Method2C	source	relocated
NumStability.Ch14Ext.ch14ext_method2C_whole_left_residual	theorem	public	NumStability.Algorithms.Ch14Method2CWhole	D37	NumStability.Algorithms.Ch14Method2CWhole	source	retained
NumStability.Ch14Ext.ch14ext_method2C_whole_left_residual_normwise	theorem	public	NumStability.Algorithms.Ch14Method2CWhole	D37	NumStability.Algorithms.Ch14Method2CWhole	source	retained
NumStability.Ch14Ext.ch14ext_method2Inv	definition	public	NumStability.Algorithms.Ch14Method2Loop	D35	NumStability.Source.Higham.Chapter14.Section02.TriangularInversion.Method2.Method2Loop	source	relocated
NumStability.Ch14Ext.ch14ext_method2InvUpper	definition	public	NumStability.Algorithms.Ch14MethodDUpperCertificate	D41	NumStability.Source.Higham.Chapter14.Section03.LUFactorInversion.MethodD.MethodDUpperCertificate	source	relocated
NumStability.Ch14Ext.ch14ext_method2Inv_below	theorem	public	NumStability.Algorithms.Ch14Method2Loop	D35	NumStability.Source.Higham.Chapter14.Section02.TriangularInversion.Method2.Method2Loop	source	relocated
NumStability.Ch14Ext.ch14ext_method2Inv_diag_certificate	theorem	public	NumStability.Algorithms.Ch14Method2Loop	D35	NumStability.Source.Higham.Chapter14.Section02.TriangularInversion.Method2.Method2Loop	source	relocated
NumStability.Ch14Ext.ch14ext_method2Inv_diag_val	theorem	public	NumStability.Algorithms.Ch14Method2Loop	D35	NumStability.Source.Higham.Chapter14.Section02.TriangularInversion.Method2.Method2Loop	source	relocated
NumStability.Ch14Ext.ch14ext_method2Inv_store	theorem	public	NumStability.Algorithms.Ch14Method2Loop	D35	NumStability.Source.Higham.Chapter14.Section02.TriangularInversion.Method2.Method2Loop	source	relocated
NumStability.Ch14Ext.ch14ext_method2Inv_upper	theorem	public	NumStability.Algorithms.Ch14Method2Loop	D35	NumStability.Source.Higham.Chapter14.Section02.TriangularInversion.Method2.Method2Loop	source	relocated
NumStability.Ch14Ext.ch14ext_method2Inv_upper_zero	theorem	public	NumStability.Algorithms.Ch14Method2Loop	D35	NumStability.Source.Higham.Chapter14.Section02.TriangularInversion.Method2.Method2Loop	source	relocated
NumStability.Ch14Ext.ch14ext_method2Upper_left_residual	theorem	public	NumStability.Algorithms.Ch14MethodDUpperCertificate	D41	NumStability.Source.Higham.Chapter14.Section03.LUFactorInversion.MethodD.MethodDUpperCertificate	source	relocated
NumStability.Ch14Ext.ch14ext_method2Upper_left_residual_normwise	theorem	public	NumStability.Algorithms.Ch14MethodDUpperCertificate	D41	NumStability.Source.Higham.Chapter14.Section03.LUFactorInversion.MethodD.MethodDUpperCertificate	source	relocated
NumStability.Ch14Ext.ch14ext_method2_left_residual	theorem	public	NumStability.Algorithms.Ch14Method2Loop	D35	NumStability.Source.Higham.Chapter14.Section02.TriangularInversion.Method2.Method2Loop	source	relocated
NumStability.Ch14Ext.ch14ext_method2_left_residual_normwise	theorem	public	NumStability.Algorithms.Ch14Method2Loop	D35	NumStability.Source.Higham.Chapter14.Section02.TriangularInversion.Method2.Method2Loop	source	relocated
NumStability.Ch14Ext.ch14ext_methodBComputedInverse	definition	public	NumStability.Algorithms.Ch14MethodsBC	D39	NumStability.Source.Higham.Chapter14.Section03.LUFactorInversion.MethodB.MethodsBC	source	relocated
NumStability.Ch14Ext.ch14ext_methodBUpperInverse	definition	public	NumStability.Algorithms.Ch14MethodsBC	D39	NumStability.Source.Higham.Chapter14.Section03.LUFactorInversion.MethodB.MethodsBC	source	relocated
NumStability.Ch14Ext.ch14ext_methodB_eq14_18	theorem	public	NumStability.Algorithms.Ch14MethodsBC	D39	NumStability.Source.Higham.Chapter14.Section03.LUFactorInversion.MethodB.MethodsBC	source	relocated
NumStability.Ch14Ext.ch14ext_methodB_eq14_18_doolittle	theorem	public	NumStability.Algorithms.Ch14MethodsBC	D39	NumStability.Source.Higham.Chapter14.Section03.LUFactorInversion.MethodB.MethodsBC	source	relocated
NumStability.Ch14Ext.ch14ext_methodB_left_residual_eps	theorem	public	NumStability.Algorithms.Ch14MethodsBC	D39	NumStability.Source.Higham.Chapter14.Section03.LUFactorInversion.MethodB.MethodsBC	source	relocated
NumStability.Ch14Ext.ch14ext_methodB_right_solve_residual	theorem	public	NumStability.Algorithms.Ch14MethodsBC	D39	NumStability.Source.Higham.Chapter14.Section03.LUFactorInversion.MethodB.MethodsBC	source	relocated
NumStability.Ch14Ext.ch14ext_methodCDim	definition	public	NumStability.Algorithms.Ch14MethodsBC	D40	NumStability.Source.Higham.Chapter14.Section03.LUFactorInversion.MethodC.MethodsBC	source	relocated
NumStability.Ch14Ext.ch14ext_methodCDim_cons	theorem	public	NumStability.Algorithms.Ch14MethodsBC	D40	NumStability.Source.Higham.Chapter14.Section03.LUFactorInversion.MethodC.MethodsBC	source	relocated
NumStability.Ch14Ext.ch14ext_methodCDim_nil	theorem	public	NumStability.Algorithms.Ch14MethodsBC	D40	NumStability.Source.Higham.Chapter14.Section03.LUFactorInversion.MethodC.MethodsBC	source	relocated
NumStability.Ch14Ext.ch14ext_methodCDim_steps	theorem	public	NumStability.Algorithms.Ch14MethodsBC	D40	NumStability.Source.Higham.Chapter14.Section03.LUFactorInversion.MethodC.MethodsBC	source	relocated
NumStability.Ch14Ext.ch14ext_methodCInv	definition	public	NumStability.Algorithms.Ch14MethodsBC	D40	NumStability.Source.Higham.Chapter14.Section03.LUFactorInversion.MethodC.MethodsBC	source	relocated
NumStability.Ch14Ext.ch14ext_methodCInvNat	definition	public	NumStability.Algorithms.Ch14MethodsBC	D40	NumStability.Source.Higham.Chapter14.Section03.LUFactorInversion.MethodC.MethodsBC	source	relocated
NumStability.Ch14Ext.ch14ext_methodCInvReindex	definition	public	NumStability.Algorithms.Ch14MethodsBC	D40	NumStability.Source.Higham.Chapter14.Section03.LUFactorInversion.MethodC.MethodsBC	source	relocated
NumStability.Ch14Ext.ch14ext_methodCInv_cons	theorem	public	NumStability.Algorithms.Ch14MethodsBC	D40	NumStability.Source.Higham.Chapter14.Section03.LUFactorInversion.MethodC.MethodsBC	source	relocated
NumStability.Ch14Ext.ch14ext_methodCInv_mixed_residual	theorem	public	NumStability.Algorithms.Ch14MethodsBC	D40	NumStability.Source.Higham.Chapter14.Section03.LUFactorInversion.MethodC.MethodsBC	source	relocated
NumStability.Ch14Ext.ch14ext_methodCStageAbsProduct	definition	public	NumStability.Algorithms.Ch14MethodsBC	D40	NumStability.Source.Higham.Chapter14.Section03.LUFactorInversion.MethodC.MethodsBC	source	relocated
NumStability.Ch14Ext.ch14ext_methodCStageAbsProduct_lead_lead	theorem	public	NumStability.Algorithms.Ch14MethodsBC	D40	NumStability.Source.Higham.Chapter14.Section03.LUFactorInversion.MethodC.MethodsBC	source	relocated
NumStability.Ch14Ext.ch14ext_methodCStageAbsProduct_lead_trailing	theorem	public	NumStability.Algorithms.Ch14MethodsBC	D40	NumStability.Source.Higham.Chapter14.Section03.LUFactorInversion.MethodC.MethodsBC	source	relocated
NumStability.Ch14Ext.ch14ext_methodCStageAbsProduct_trailing_lead	theorem	public	NumStability.Algorithms.Ch14MethodsBC	D40	NumStability.Source.Higham.Chapter14.Section03.LUFactorInversion.MethodC.MethodsBC	source	relocated
NumStability.Ch14Ext.ch14ext_methodCStageAbsProduct_trailing_trailing	theorem	public	NumStability.Algorithms.Ch14MethodsBC	D40	NumStability.Source.Higham.Chapter14.Section03.LUFactorInversion.MethodC.MethodsBC	source	relocated
NumStability.Ch14Ext.ch14ext_methodCStageColumn	definition	public	NumStability.Algorithms.Ch14MethodsBC	D40	NumStability.Source.Higham.Chapter14.Section03.LUFactorInversion.MethodC.MethodsBC	source	relocated
NumStability.Ch14Ext.ch14ext_methodCStageColumnResidual	definition	public	NumStability.Algorithms.Ch14MethodsBC	D40	NumStability.Source.Higham.Chapter14.Section03.LUFactorInversion.MethodC.MethodsBC	source	relocated
NumStability.Ch14Ext.ch14ext_methodCStageColumn_residual_bound	theorem	public	NumStability.Algorithms.Ch14MethodsBC	D40	NumStability.Source.Higham.Chapter14.Section03.LUFactorInversion.MethodC.MethodsBC	source	relocated
NumStability.Ch14Ext.ch14ext_methodCStageDiag	definition	public	NumStability.Algorithms.Ch14MethodsBC	D40	NumStability.Source.Higham.Chapter14.Section03.LUFactorInversion.MethodC.MethodsBC	source	relocated
NumStability.Ch14Ext.ch14ext_methodCStageDiagBudget	definition	public	NumStability.Algorithms.Ch14MethodsBC	D40	NumStability.Source.Higham.Chapter14.Section03.LUFactorInversion.MethodC.MethodsBC	source	relocated
NumStability.Ch14Ext.ch14ext_methodCStageDiagDot	definition	public	NumStability.Algorithms.Ch14MethodsBC	D40	NumStability.Source.Higham.Chapter14.Section03.LUFactorInversion.MethodC.MethodsBC	source	relocated
NumStability.Ch14Ext.ch14ext_methodCStageDiagResidual	definition	public	NumStability.Algorithms.Ch14MethodsBC	D40	NumStability.Source.Higham.Chapter14.Section03.LUFactorInversion.MethodC.MethodsBC	source	relocated
NumStability.Ch14Ext.ch14ext_methodCStageDiag_residual_bound	theorem	public	NumStability.Algorithms.Ch14MethodsBC	D40	NumStability.Source.Higham.Chapter14.Section03.LUFactorInversion.MethodC.MethodsBC	source	relocated
NumStability.Ch14Ext.ch14ext_methodCStageDiag_residual_uniform	theorem	public	NumStability.Algorithms.Ch14MethodsBC	D40	NumStability.Source.Higham.Chapter14.Section03.LUFactorInversion.MethodC.MethodsBC	source	relocated
NumStability.Ch14Ext.ch14ext_methodCStageL	definition	public	NumStability.Algorithms.Ch14MethodsBC	D40	NumStability.Source.Higham.Chapter14.Section03.LUFactorInversion.MethodC.MethodsBC	source	relocated
NumStability.Ch14Ext.ch14ext_methodCStageL_eq_of_unit_lower	theorem	public	NumStability.Algorithms.Ch14MethodsBC	D40	NumStability.Source.Higham.Chapter14.Section03.LUFactorInversion.MethodC.MethodsBC	source	relocated
NumStability.Ch14Ext.ch14ext_methodCStageMixedResidual	definition	public	NumStability.Algorithms.Ch14MethodsBC	D40	NumStability.Source.Higham.Chapter14.Section03.LUFactorInversion.MethodC.MethodsBC	source	relocated
NumStability.Ch14Ext.ch14ext_methodCStageMixedResidual_lead_lead	theorem	public	NumStability.Algorithms.Ch14MethodsBC	D40	NumStability.Source.Higham.Chapter14.Section03.LUFactorInversion.MethodC.MethodsBC	source	relocated
NumStability.Ch14Ext.ch14ext_methodCStageMixedResidual_lead_trailing	theorem	public	NumStability.Algorithms.Ch14MethodsBC	D40	NumStability.Source.Higham.Chapter14.Section03.LUFactorInversion.MethodC.MethodsBC	source	relocated
NumStability.Ch14Ext.ch14ext_methodCStageMixedResidual_trailing_lead	theorem	public	NumStability.Algorithms.Ch14MethodsBC	D40	NumStability.Source.Higham.Chapter14.Section03.LUFactorInversion.MethodC.MethodsBC	source	relocated
NumStability.Ch14Ext.ch14ext_methodCStageMixedResidual_trailing_trailing	theorem	public	NumStability.Algorithms.Ch14MethodsBC	D40	NumStability.Source.Higham.Chapter14.Section03.LUFactorInversion.MethodC.MethodsBC	source	relocated
NumStability.Ch14Ext.ch14ext_methodCStageRow	definition	public	NumStability.Algorithms.Ch14MethodsBC	D40	NumStability.Source.Higham.Chapter14.Section03.LUFactorInversion.MethodC.MethodsBC	source	relocated
NumStability.Ch14Ext.ch14ext_methodCStageRowNumerator	definition	public	NumStability.Algorithms.Ch14MethodsBC	D40	NumStability.Source.Higham.Chapter14.Section03.LUFactorInversion.MethodC.MethodsBC	source	relocated
NumStability.Ch14Ext.ch14ext_methodCStageRowResidual	definition	public	NumStability.Algorithms.Ch14MethodsBC	D40	NumStability.Source.Higham.Chapter14.Section03.LUFactorInversion.MethodC.MethodsBC	source	relocated
NumStability.Ch14Ext.ch14ext_methodCStageRow_residual_bound	theorem	public	NumStability.Algorithms.Ch14MethodsBC	D40	NumStability.Source.Higham.Chapter14.Section03.LUFactorInversion.MethodC.MethodsBC	source	relocated
NumStability.Ch14Ext.ch14ext_methodCStageU	definition	public	NumStability.Algorithms.Ch14MethodsBC	D40	NumStability.Source.Higham.Chapter14.Section03.LUFactorInversion.MethodC.MethodsBC	source	relocated
NumStability.Ch14Ext.ch14ext_methodCStageU_eq_of_upper	theorem	public	NumStability.Algorithms.Ch14MethodsBC	D40	NumStability.Source.Higham.Chapter14.Section03.LUFactorInversion.MethodC.MethodsBC	source	relocated
NumStability.Ch14Ext.ch14ext_methodCStageX	definition	public	NumStability.Algorithms.Ch14MethodsBC	D40	NumStability.Source.Higham.Chapter14.Section03.LUFactorInversion.MethodC.MethodsBC	source	relocated
NumStability.Ch14Ext.ch14ext_methodCStage_bottomLeft_decomposition	theorem	public	NumStability.Algorithms.Ch14MethodsBC	D40	NumStability.Source.Higham.Chapter14.Section03.LUFactorInversion.MethodC.MethodsBC	source	relocated
NumStability.Ch14Ext.ch14ext_methodCStage_mixed_residual_bound	theorem	public	NumStability.Algorithms.Ch14MethodsBC	D40	NumStability.Source.Higham.Chapter14.Section03.LUFactorInversion.MethodC.MethodsBC	source	relocated
NumStability.Ch14Ext.ch14ext_methodCStage_residual_bounds	theorem	public	NumStability.Algorithms.Ch14MethodsBC	D40	NumStability.Source.Higham.Chapter14.Section03.LUFactorInversion.MethodC.MethodsBC	source	relocated
NumStability.Ch14Ext.ch14ext_methodCStage_topLeft_decomposition	theorem	public	NumStability.Algorithms.Ch14MethodsBC	D40	NumStability.Source.Higham.Chapter14.Section03.LUFactorInversion.MethodC.MethodsBC	source	relocated
NumStability.Ch14Ext.ch14ext_methodCStage_topRight_decomposition	theorem	public	NumStability.Algorithms.Ch14MethodsBC	D40	NumStability.Source.Higham.Chapter14.Section03.LUFactorInversion.MethodC.MethodsBC	source	relocated
NumStability.Ch14Ext.ch14ext_methodCSteps	definition	public	NumStability.Algorithms.Ch14MethodsBC	D40	NumStability.Source.Higham.Chapter14.Section03.LUFactorInversion.MethodC.MethodsBC	source	relocated
NumStability.Ch14Ext.ch14ext_methodC_eq14_19	theorem	public	NumStability.Algorithms.Ch14MethodsBC	D40	NumStability.Source.Higham.Chapter14.Section03.LUFactorInversion.MethodC.MethodsBC	source	relocated
NumStability.Ch14Ext.ch14ext_methodC_eq14_19_doolittle	theorem	public	NumStability.Algorithms.Ch14MethodsBC	D40	NumStability.Source.Higham.Chapter14.Section03.LUFactorInversion.MethodC.MethodsBC	source	relocated
NumStability.Ch14Ext.ch14ext_methodC_eq14_19_nat	theorem	public	NumStability.Algorithms.Ch14MethodsBC	D40	NumStability.Source.Higham.Chapter14.Section03.LUFactorInversion.MethodC.MethodsBC	source	relocated
NumStability.Ch14Ext.ch14ext_methodC_eq14_19_nat_doolittle	theorem	public	NumStability.Algorithms.Ch14MethodsBC	D40	NumStability.Source.Higham.Chapter14.Section03.LUFactorInversion.MethodC.MethodsBC	source	relocated
NumStability.Ch14Ext.ch14ext_methodC_eq14_19_reindex	theorem	public	NumStability.Algorithms.Ch14MethodsBC	D40	NumStability.Source.Higham.Chapter14.Section03.LUFactorInversion.MethodC.MethodsBC	source	relocated
NumStability.Ch14Ext.ch14ext_methodD_expanded_budget_eps	theorem	public	NumStability.Algorithms.Ch14MethodDLeftResidual	D41	NumStability.Source.Higham.Chapter14.Section03.LUFactorInversion.MethodD.MethodDLeftResidual	source	relocated
NumStability.Ch14Ext.ch14ext_methodD_left_residual_both	theorem	public	NumStability.Algorithms.Ch14MethodDUpperCertificate	D41	NumStability.Source.Higham.Chapter14.Section03.LUFactorInversion.MethodD.MethodDUpperCertificate	source	relocated
NumStability.Ch14Ext.ch14ext_methodD_left_residual_both_infNorm	theorem	public	NumStability.Algorithms.Ch14MethodDUpperCertificate	D41	NumStability.Source.Higham.Chapter14.Section03.LUFactorInversion.MethodD.MethodDUpperCertificate	source	relocated
NumStability.Ch14Ext.ch14ext_methodD_left_residual_bound_eps	theorem	public	NumStability.Algorithms.Ch14MethodDLeftResidual	D41	NumStability.Source.Higham.Chapter14.Section03.LUFactorInversion.MethodD.MethodDLeftResidual	source	relocated
NumStability.Ch14Ext.ch14ext_methodD_left_residual_doolittle	theorem	public	NumStability.Algorithms.Ch14MethodDProductDischarge	D41	NumStability.Source.Higham.Chapter14.Section03.LUFactorInversion.MethodD.MethodDProductDischarge	source	relocated
NumStability.Ch14Ext.ch14ext_methodD_left_residual_doolittle_infNorm	theorem	public	NumStability.Algorithms.Ch14MethodDProductDischarge	D41	NumStability.Source.Higham.Chapter14.Section03.LUFactorInversion.MethodD.MethodDProductDischarge	source	relocated
NumStability.Ch14Ext.ch14ext_methodD_left_residual_infNorm_eps	theorem	public	NumStability.Algorithms.Ch14MethodDLeftResidual	D41	NumStability.Source.Higham.Chapter14.Section03.LUFactorInversion.MethodD.MethodDLeftResidual	source	relocated
NumStability.Ch14Ext.ch14ext_methodD_left_residual_method2lower	theorem	public	NumStability.Algorithms.Ch14MethodDLeftResidual	D41	NumStability.Source.Higham.Chapter14.Section03.LUFactorInversion.MethodD.MethodDLeftResidual	source	relocated
NumStability.Ch14Ext.ch14ext_methodD_left_residual_method2lower_infNorm	theorem	public	NumStability.Algorithms.Ch14MethodDLeftResidual	D41	NumStability.Source.Higham.Chapter14.Section03.LUFactorInversion.MethodD.MethodDLeftResidual	source	relocated
NumStability.Ch14Ext.ch14ext_methodD_left_residual_prodFree	theorem	public	NumStability.Algorithms.Ch14MethodDProductDischarge	D41	NumStability.Source.Higham.Chapter14.Section03.LUFactorInversion.MethodD.MethodDProductDischarge	source	relocated
NumStability.Ch14Ext.ch14ext_methodD_left_residual_prodFree_infNorm	theorem	public	NumStability.Algorithms.Ch14MethodDProductDischarge	D41	NumStability.Source.Higham.Chapter14.Section03.LUFactorInversion.MethodD.MethodDProductDischarge	source	relocated
NumStability.Ch14Ext.ch14ext_methodD_prod_error_flMatMul	theorem	public	NumStability.Algorithms.Ch14MethodDProductDischarge	D41	NumStability.Source.Higham.Chapter14.Section03.LUFactorInversion.MethodD.MethodDProductDischarge	source	relocated
NumStability.Ch14Ext.ch14ext_mulBiasedModel	definition	public	NumStability.Algorithms.Ch14GJEOperationalBridge	D11	NumStability.Source.Higham.Chapter14.Algorithm04.Execution.GJEOperationalBridge	source	relocated
NumStability.Ch14Ext.ch14ext_mulBiasedModel_gammaValid_two_three	theorem	public	NumStability.Algorithms.Ch14GJEOperationalBridge	D11	NumStability.Source.Higham.Chapter14.Algorithm04.Execution.GJEOperationalBridge	source	relocated
NumStability.Ch14Ext.ch14ext_multiplier	definition	public	NumStability.Algorithms.GaussJordanPivoting	D12	NumStability.Source.Higham.Chapter14.Algorithm04.Pivoting.GaussJordanPivoting	source	relocated
NumStability.Ch14Ext.ch14ext_multiplier_abs_le_one	theorem	public	NumStability.Algorithms.GaussJordanPivoting	D12	NumStability.Source.Higham.Chapter14.Algorithm04.Pivoting.GaussJordanPivoting	source	relocated
NumStability.Ch14Ext.ch14ext_nonsingInv_family_isBigOOne_of_tendsto	theorem	public	NumStability.Algorithms.Ch14Cor146UniformInverseBridge	D14	NumStability.Source.Higham.Chapter14.Corollary06.SPD.UniformInverseBridge	source	relocated
NumStability.Ch14Ext.ch14ext_opNorm2_absMatrix_le	theorem	public	NumStability.Algorithms.Ch14GaussJordanSPDCorollary	D14	NumStability.Source.Higham.Chapter14.Corollary06.SPD.GaussJordanSPDCorollary	source	relocated
NumStability.Ch14Ext.ch14ext_opNorm2_mul_transpose_self_eq	theorem	public	NumStability.Algorithms.Ch14GaussJordanSPDCorollary	D14	NumStability.Source.Higham.Chapter14.Corollary06.SPD.GaussJordanSPDCorollary	source	relocated
NumStability.Ch14Ext.ch14ext_opNorm2_transpose_eq	theorem	public	NumStability.Algorithms.Ch14GaussJordanSPDCorollary	D14	NumStability.Source.Higham.Chapter14.Corollary06.SPD.GaussJordanSPDCorollary	source	relocated
NumStability.Ch14Ext.ch14ext_opNorm2_transpose_mul_self_eq	theorem	public	NumStability.Algorithms.Ch14GaussJordanSPDCorollary	D14	NumStability.Source.Higham.Chapter14.Corollary06.SPD.GaussJordanSPDCorollary	source	relocated
NumStability.Ch14Ext.ch14ext_permRows	definition	public	NumStability.Algorithms.GaussJordanPivoting	D12	NumStability.Source.Higham.Chapter14.Algorithm04.Pivoting.GaussJordanPivoting	source	relocated
NumStability.Ch14Ext.ch14ext_perm_isPermutation	theorem	public	NumStability.Algorithms.GaussJordanPivoting	D12	NumStability.Source.Higham.Chapter14.Algorithm04.Pivoting.GaussJordanPivoting	source	relocated
NumStability.Ch14Ext.ch14ext_pivotCandidates	definition	public	NumStability.Algorithms.GaussJordanPivoting	D12	NumStability.Source.Higham.Chapter14.Algorithm04.Pivoting.GaussJordanPivoting	source	relocated
NumStability.Ch14Ext.ch14ext_pivotCandidates_nonempty	theorem	public	NumStability.Algorithms.GaussJordanPivoting	D12	NumStability.Source.Higham.Chapter14.Algorithm04.Pivoting.GaussJordanPivoting	source	relocated
NumStability.Ch14Ext.ch14ext_pivotRow	definition	public	NumStability.Algorithms.GaussJordanPivoting	D12	NumStability.Source.Higham.Chapter14.Algorithm04.Pivoting.GaussJordanPivoting	source	relocated
NumStability.Ch14Ext.ch14ext_pivotRow_ge	theorem	public	NumStability.Algorithms.GaussJordanPivoting	D12	NumStability.Source.Higham.Chapter14.Algorithm04.Pivoting.GaussJordanPivoting	source	relocated
NumStability.Ch14Ext.ch14ext_pivotRow_max	theorem	public	NumStability.Algorithms.GaussJordanPivoting	D12	NumStability.Source.Higham.Chapter14.Algorithm04.Pivoting.GaussJordanPivoting	source	relocated
NumStability.Ch14Ext.ch14ext_pivotRow_mem	theorem	public	NumStability.Algorithms.GaussJordanPivoting	D12	NumStability.Source.Higham.Chapter14.Algorithm04.Pivoting.GaussJordanPivoting	source	relocated
NumStability.Ch14Ext.ch14ext_pivoted_colmax	theorem	public	NumStability.Algorithms.GaussJordanPivoting	D12	NumStability.Source.Higham.Chapter14.Algorithm04.Pivoting.GaussJordanPivoting	source	relocated
NumStability.Ch14Ext.ch14ext_pivoted_multiplier_abs_le_one	theorem	public	NumStability.Algorithms.GaussJordanPivoting	D12	NumStability.Source.Higham.Chapter14.Algorithm04.Pivoting.GaussJordanPivoting	source	relocated
NumStability.Ch14Ext.ch14ext_problem14_2_lowerBlock_residual_family	theorem	public	NumStability.Algorithms.Ch14Problem142Families	D19	NumStability.Source.Higham.Chapter14.Problem02.TriangularInversion.Families	source	relocated
NumStability.Ch14Ext.ch14ext_problem14_2_method1B_twoBlock_right_family	theorem	public	NumStability.Algorithms.Ch14Problem142Families	D19	NumStability.Algorithms.Ch14Problem142Families	source	retained
NumStability.Ch14Ext.ch14ext_problem14_2_method2B_familyUncontrolledLeading	definition	public	NumStability.Algorithms.Ch14Problem142Families	D19	NumStability.Source.Higham.Chapter14.Problem02.TriangularInversion.Families	source	relocated
NumStability.Ch14Ext.ch14ext_problem14_2_method2B_twoBlock_left_family	theorem	public	NumStability.Algorithms.Ch14Problem142Families	D19	NumStability.Algorithms.Ch14Problem142Families	source	retained
NumStability.Ch14Ext.ch14ext_problem14_2_method2C_twoBlock_left_family	theorem	public	NumStability.Algorithms.Ch14Problem142Families	D19	NumStability.Algorithms.Ch14Problem142Families	source	retained
NumStability.Ch14Ext.ch14ext_problem14_5_left_familyRemainder	definition	public	NumStability.Algorithms.Ch14AsymptoticFamilies	D22	NumStability.Source.Higham.Chapter14.Problem05.InverseBasedSolve.AsymptoticFamilies	source	relocated
NumStability.Ch14Ext.ch14ext_problem14_5_left_familyRemainder_isBigO	theorem	public	NumStability.Algorithms.Ch14AsymptoticFamilies	D22	NumStability.Algorithms.Ch14AsymptoticFamilies	source	retained
NumStability.Ch14Ext.ch14ext_problem14_5_left_inverse_solve_forward_error_endpoint	theorem	public	NumStability.Algorithms.Ch14ForwardErrorEndpoint	D22	NumStability.Algorithms.Ch14ForwardErrorEndpoint	source	retained
NumStability.Ch14Ext.ch14ext_problem14_5_left_quadraticRemainder	definition	public	NumStability.Algorithms.Ch14ForwardErrorEndpoint	D22	NumStability.Source.Higham.Chapter14.Problem05.InverseBasedSolve.ForwardErrorEndpoint	source	relocated
NumStability.Ch14Ext.ch14ext_problem14_5_left_quadraticRemainder_at_fp	theorem	public	NumStability.Algorithms.Ch14ForwardErrorEndpoint	D22	NumStability.Source.Higham.Chapter14.Problem05.InverseBasedSolve.ForwardErrorEndpoint	source	relocated
NumStability.Ch14Ext.ch14ext_problem14_5_left_quadraticRemainder_isBigO	theorem	public	NumStability.Algorithms.Ch14ForwardErrorEndpoint	D22	NumStability.Algorithms.Ch14ForwardErrorEndpoint	source	retained
NumStability.Ch14Ext.ch14ext_problem14_5_left_vanishing_family_endpoint	theorem	public	NumStability.Algorithms.Ch14AsymptoticFamilies	D22	NumStability.Algorithms.Ch14AsymptoticFamilies	source	retained
NumStability.Ch14Ext.ch14ext_problem14_5_right_familyRemainder	definition	public	NumStability.Algorithms.Ch14AsymptoticFamilies	D22	NumStability.Source.Higham.Chapter14.Problem05.InverseBasedSolve.AsymptoticFamilies	source	relocated
NumStability.Ch14Ext.ch14ext_problem14_5_right_familyRemainder_isBigO	theorem	public	NumStability.Algorithms.Ch14AsymptoticFamilies	D22	NumStability.Algorithms.Ch14AsymptoticFamilies	source	retained
NumStability.Ch14Ext.ch14ext_problem14_5_right_inverse_solve_forward_error_endpoint	theorem	public	NumStability.Algorithms.Ch14ForwardErrorEndpoint	D22	NumStability.Algorithms.Ch14ForwardErrorEndpoint	source	retained
NumStability.Ch14Ext.ch14ext_problem14_5_right_quadraticRemainder	definition	public	NumStability.Algorithms.Ch14ForwardErrorEndpoint	D22	NumStability.Source.Higham.Chapter14.Problem05.InverseBasedSolve.ForwardErrorEndpoint	source	relocated
NumStability.Ch14Ext.ch14ext_problem14_5_right_quadraticRemainder_at_fp	theorem	public	NumStability.Algorithms.Ch14ForwardErrorEndpoint	D22	NumStability.Source.Higham.Chapter14.Problem05.InverseBasedSolve.ForwardErrorEndpoint	source	relocated
NumStability.Ch14Ext.ch14ext_problem14_5_right_quadraticRemainder_isBigO	theorem	public	NumStability.Algorithms.Ch14ForwardErrorEndpoint	D22	NumStability.Algorithms.Ch14ForwardErrorEndpoint	source	retained
NumStability.Ch14Ext.ch14ext_problem14_5_right_vanishing_family_endpoint	theorem	public	NumStability.Algorithms.Ch14AsymptoticFamilies	D22	NumStability.Algorithms.Ch14AsymptoticFamilies	source	retained
NumStability.Ch14Ext.ch14ext_prod_three	theorem	public	NumStability.Algorithms.Ch14GaussJordanStep	D13	NumStability.Source.Higham.Chapter14.Algorithm04.SecondStage.GaussJordanStep	source	relocated
NumStability.Ch14Ext.ch14ext_pull_eps_double_sum	theorem	public	NumStability.Algorithms.Ch14ForwardErrorEndpoint	D31	NumStability.Source.Higham.Chapter14.Section01.InverseErrorAnalysis.ForwardErrorEndpoint	source	relocated
NumStability.Ch14Ext.ch14ext_reduce	definition	public	NumStability.Algorithms.GaussJordanPivoting	D12	NumStability.Source.Higham.Chapter14.Algorithm04.Pivoting.GaussJordanPivoting	source	relocated
NumStability.Ch14Ext.ch14ext_reduce_ReducedUpTo	theorem	public	NumStability.Algorithms.GaussJordanPivoting	D12	NumStability.Source.Higham.Chapter14.Algorithm04.Pivoting.GaussJordanPivoting	source	relocated
NumStability.Ch14Ext.ch14ext_reduce_diagonal	theorem	public	NumStability.Algorithms.GaussJordanPivoting	D12	NumStability.Source.Higham.Chapter14.Algorithm04.Pivoting.GaussJordanPivoting	source	relocated
NumStability.Ch14Ext.ch14ext_residualRem	definition	public	NumStability.Algorithms.Ch14GaussJordanQConstruction	D13	NumStability.Source.Higham.Chapter14.Algorithm04.SecondStage.GaussJordanQConstruction	source	relocated
NumStability.Ch14Ext.ch14ext_residual_S1_le_S2	theorem	public	NumStability.Algorithms.Ch14GaussJordanQConstruction	D13	NumStability.Source.Higham.Chapter14.Algorithm04.SecondStage.GaussJordanQConstruction	source	relocated
NumStability.Ch14Ext.ch14ext_residual_S3_le_S2	theorem	public	NumStability.Algorithms.Ch14GaussJordanQConstruction	D13	NumStability.Source.Higham.Chapter14.Algorithm04.SecondStage.GaussJordanQConstruction	source	relocated
NumStability.Ch14Ext.ch14ext_revConj_diag_nonzero	theorem	public	NumStability.Algorithms.Ch14MethodDUpperCertificate	D41	NumStability.Source.Higham.Chapter14.Section03.LUFactorInversion.MethodD.MethodDUpperCertificate	source	relocated
NumStability.Ch14Ext.ch14ext_revConj_lowerTri	theorem	public	NumStability.Algorithms.Ch14MethodDUpperCertificate	D41	NumStability.Source.Higham.Chapter14.Section03.LUFactorInversion.MethodD.MethodDUpperCertificate	source	relocated
NumStability.Ch14Ext.ch14ext_rhsAccumulation	theorem	public	NumStability.Algorithms.Ch14GaussJordanAccumulation	D10	NumStability.Source.Higham.Chapter14.Algorithm04.Accumulation.GaussJordanAccumulation	source	relocated
NumStability.Ch14Ext.ch14ext_rhsAccumulation_c3	theorem	public	NumStability.Algorithms.Ch14GaussJordanAccumulation	D10	NumStability.Source.Higham.Chapter14.Algorithm04.Accumulation.GaussJordanAccumulation	source	relocated
NumStability.Ch14Ext.ch14ext_rightResidualEnvelopeRemainder	definition	public	NumStability.Algorithms.Ch14ForwardErrorEndpoint	D31	NumStability.Source.Higham.Chapter14.Section01.InverseErrorAnalysis.ForwardErrorEndpoint	source	relocated
NumStability.Ch14Ext.ch14ext_roundedUpper_higham8_8_of_entrywiseEnvelope	theorem	public	NumStability.Algorithms.Ch14Corollary147Closure	D15	NumStability.Source.Higham.Chapter14.Corollary07.DiagonalDominance.Closure	source	relocated
NumStability.Ch14Ext.ch14ext_roundedUpper_higham8_8_of_withinMargin	theorem	public	NumStability.Algorithms.Ch14Corollary147Closure	D15	NumStability.Source.Higham.Chapter14.Corollary07.DiagonalDominance.Closure	source	relocated
NumStability.Ch14Ext.ch14ext_rowDiagDominant_exists_exactNoPivotLU_rowUpper	theorem	public	NumStability.Algorithms.Ch14Corollary147Closure	D15	NumStability.Source.Higham.Chapter14.Corollary07.DiagonalDominance.Closure	source	relocated
NumStability.Ch14Ext.ch14ext_rowDiagDominant_firstSchurComplement	theorem	public	NumStability.Algorithms.Ch14Corollary147Closure	D15	NumStability.Source.Higham.Chapter14.Corollary07.DiagonalDominance.Closure	source	relocated
NumStability.Ch14Ext.ch14ext_spd_firstStage_agg_le	theorem	public	NumStability.Algorithms.Ch14GaussJordanSPDCorollary	D14	NumStability.Source.Higham.Chapter14.Corollary06.SPD.GaussJordanSPDCorollary	source	relocated
NumStability.Ch14Ext.ch14ext_spd_secondStageX_agg_le	theorem	public	NumStability.Algorithms.Ch14GaussJordanSPDCorollary	D14	NumStability.Source.Higham.Chapter14.Corollary06.SPD.GaussJordanSPDCorollary	source	relocated
NumStability.Ch14Ext.ch14ext_spd_secondStageY_agg_le	theorem	public	NumStability.Algorithms.Ch14GaussJordanSPDCorollary	D14	NumStability.Source.Higham.Chapter14.Corollary06.SPD.GaussJordanSPDCorollary	source	relocated
NumStability.Ch14Ext.ch14ext_stageGrowth	theorem	public	NumStability.Algorithms.Ch14GaussJordanAccumulation	D10	NumStability.Source.Higham.Chapter14.Algorithm04.Accumulation.GaussJordanAccumulation	source	relocated
NumStability.Ch14Ext.ch14ext_stageGrowthVec	theorem	public	NumStability.Algorithms.Ch14GaussJordanAccumulation	D10	NumStability.Source.Higham.Chapter14.Algorithm04.Accumulation.GaussJordanAccumulation	source	relocated
NumStability.Ch14Ext.ch14ext_stepMat	definition	public	NumStability.Algorithms.GaussJordanPivoting	D12	NumStability.Source.Higham.Chapter14.Algorithm04.Pivoting.GaussJordanPivoting	source	relocated
NumStability.Ch14Ext.ch14ext_sub_trueInverse_eq_leftResidual_mul	theorem	public	NumStability.Algorithms.Ch14ForwardErrorEndpoint	D31	NumStability.Source.Higham.Chapter14.Section01.InverseErrorAnalysis.ForwardErrorEndpoint	source	relocated
NumStability.Ch14Ext.ch14ext_sub_trueInverse_eq_mul_rightResidual	theorem	public	NumStability.Algorithms.Ch14ForwardErrorEndpoint	D31	NumStability.Source.Higham.Chapter14.Section01.InverseErrorAnalysis.ForwardErrorEndpoint	source	relocated
NumStability.Ch14Ext.ch14ext_swap	definition	public	NumStability.Algorithms.GaussJordanPivoting	D12	NumStability.Source.Higham.Chapter14.Algorithm04.Pivoting.GaussJordanPivoting	source	relocated
NumStability.Ch14Ext.ch14ext_swapRhs	definition	public	NumStability.Algorithms.GaussJordanPivoting	D12	NumStability.Source.Higham.Chapter14.Algorithm04.Pivoting.GaussJordanPivoting	source	relocated
NumStability.Ch14Ext.ch14ext_swap_apply_ne	theorem	public	NumStability.Algorithms.GaussJordanPivoting	D12	NumStability.Source.Higham.Chapter14.Algorithm04.Pivoting.GaussJordanPivoting	source	relocated
NumStability.Ch14Ext.ch14ext_swap_ge	theorem	public	NumStability.Algorithms.GaussJordanPivoting	D12	NumStability.Source.Higham.Chapter14.Algorithm04.Pivoting.GaussJordanPivoting	source	relocated
NumStability.Ch14Ext.ch14ext_tailPivotMatrix	definition	public	NumStability.Algorithms.GaussJordanPivoting	D12	NumStability.Source.Higham.Chapter14.Algorithm04.Pivoting.GaussJordanPivoting	source	relocated
NumStability.Ch14Ext.ch14ext_tailPivotMatrix_before	theorem	public	NumStability.Algorithms.GaussJordanPivoting	D12	NumStability.Source.Higham.Chapter14.Algorithm04.Pivoting.GaussJordanPivoting	source	relocated
NumStability.Ch14Ext.ch14ext_tailPivotMatrix_colmax	theorem	public	NumStability.Algorithms.GaussJordanPivoting	D12	NumStability.Source.Higham.Chapter14.Algorithm04.Pivoting.GaussJordanPivoting	source	relocated
NumStability.Ch14Ext.ch14ext_tailPivotMatrix_eq_permuted_of_reduced	theorem	public	NumStability.Algorithms.Ch14GaussJordanSourceClosure	D11	NumStability.Source.Higham.Chapter14.Algorithm04.Execution.GaussJordanSourceClosure	source	relocated
NumStability.Ch14Ext.ch14ext_tailPivotRhs	definition	public	NumStability.Algorithms.GaussJordanPivoting	D12	NumStability.Source.Higham.Chapter14.Algorithm04.Pivoting.GaussJordanPivoting	source	relocated
NumStability.Ch14Ext.ch14ext_tailPivotState	definition	public	NumStability.Algorithms.Ch14GaussJordanSourceClosure	D11	NumStability.Source.Higham.Chapter14.Algorithm04.Execution.GaussJordanSourceClosure	source	relocated
NumStability.Ch14Ext.ch14ext_tailPivotState_sameSolutions	theorem	public	NumStability.Algorithms.Ch14GaussJordanSourceClosure	D11	NumStability.Source.Higham.Chapter14.Algorithm04.Execution.GaussJordanSourceClosure	source	relocated
NumStability.Ch14Ext.ch14ext_tailSwapRows	definition	public	NumStability.Algorithms.GaussJordanPivoting	D12	NumStability.Source.Higham.Chapter14.Algorithm04.Pivoting.GaussJordanPivoting	source	relocated
NumStability.Ch14Ext.ch14ext_upperRowDiagMargin	definition	public	NumStability.Algorithms.Ch14Corollary147Closure	D15	NumStability.Source.Higham.Chapter14.Corollary07.DiagonalDominance.Closure	source	relocated
NumStability.Ch14Ext.ch14ext_upperRowPerturbationMass	definition	public	NumStability.Algorithms.Ch14Corollary147Closure	D15	NumStability.Source.Higham.Chapter14.Corollary07.DiagonalDominance.Closure	source	relocated
NumStability.Ch14Ext.ch14ext_upper_offdiag_sum_eq_strictUpper	theorem	public	NumStability.Algorithms.Ch14Corollary147Closure	D15	NumStability.Source.Higham.Chapter14.Corollary07.DiagonalDominance.Closure	source	relocated
NumStability.Ch14Ext.ch14ext_vecErrorSum	definition	public	NumStability.Algorithms.Ch14GaussJordanSourceClosure	D11	NumStability.Source.Higham.Chapter14.Algorithm04.Execution.GaussJordanSourceClosure	source	relocated
NumStability.Ch14Ext.ch14ext_vecErrorSum_succ	theorem	public	NumStability.Algorithms.Ch14GaussJordanSourceClosure	D11	NumStability.Source.Higham.Chapter14.Algorithm04.Execution.GaussJordanSourceClosure	source	relocated
NumStability.Ch14Ext.ch14ext_vecErrorSum_zero	theorem	public	NumStability.Algorithms.Ch14GaussJordanSourceClosure	D11	NumStability.Source.Higham.Chapter14.Algorithm04.Execution.GaussJordanSourceClosure	source	relocated
NumStability.Ch14Ext.ch14ext_vectorFamily_abs_isBigOOne	theorem	public	NumStability.Algorithms.Ch14GJEAsymptoticFamilies	D42	NumStability.Source.Higham.Chapter14.Theorem05.ForwardError.GJEAsymptoticFamilies	source	relocated
NumStability.Ch14Ext.ch14ext_vectorFamily_infNorm_isBigO	theorem	public	NumStability.Algorithms.Ch14Corollary147WeakFamily	D15	NumStability.Source.Higham.Chapter14.Corollary07.DiagonalDominance.WeakFamily	source	relocated
NumStability.Ch14Ext.family_mul_fixedMatrix_isBigOOne	theorem	public	NumStability.Algorithms.Ch14AsymptoticFamilies	D09	NumStability.Analysis.FirstOrder.MatrixFamilies.AsymptoticFamilies	reusable	relocated
NumStability.Ch14Ext.fixedMatrix_mul_family_isBigOOne	theorem	public	NumStability.Algorithms.Ch14AsymptoticFamilies	D09	NumStability.Analysis.FirstOrder.MatrixFamilies.AsymptoticFamilies	reusable	relocated
NumStability.Ch14Ext.fixedMatrix_mul_vectorFamily_isBigOOne	theorem	public	NumStability.Algorithms.Ch14AsymptoticFamilies	D09	NumStability.Analysis.FirstOrder.MatrixFamilies.AsymptoticFamilies	reusable	relocated
NumStability.Ch14Ext.higham14_problem14_2_firstOrder_mul_left	theorem	public	NumStability.Algorithms.Ch14Problem142Method2B	D19	NumStability.Source.Higham.Chapter14.Problem02.TriangularInversion.Method2B	source	relocated
NumStability.Ch14Ext.higham14_problem14_2_firstOrder_mul_right	theorem	public	NumStability.Algorithms.Ch14Problem142Method2B	D19	NumStability.Source.Higham.Chapter14.Problem02.TriangularInversion.Method2B	source	relocated
NumStability.Ch14Ext.higham14_problem14_2_lowerBlock	definition	public	NumStability.Algorithms.Ch14Problem142	D19	NumStability.Source.Higham.Chapter14.Problem02.TriangularInversion.Basic	source	relocated
NumStability.Ch14Ext.higham14_problem14_2_lowerBlock_bb	theorem	public	NumStability.Algorithms.Ch14Problem142	D19	NumStability.Source.Higham.Chapter14.Problem02.TriangularInversion.Basic	source	relocated
NumStability.Ch14Ext.higham14_problem14_2_lowerBlock_bd	theorem	public	NumStability.Algorithms.Ch14Problem142	D19	NumStability.Source.Higham.Chapter14.Problem02.TriangularInversion.Basic	source	relocated
NumStability.Ch14Ext.higham14_problem14_2_lowerBlock_cb	theorem	public	NumStability.Algorithms.Ch14Problem142	D19	NumStability.Source.Higham.Chapter14.Problem02.TriangularInversion.Basic	source	relocated
NumStability.Ch14Ext.higham14_problem14_2_lowerBlock_cd	theorem	public	NumStability.Algorithms.Ch14Problem142	D19	NumStability.Source.Higham.Chapter14.Problem02.TriangularInversion.Basic	source	relocated
NumStability.Ch14Ext.higham14_problem14_2_lowerBlock_maxEntryNorm_le	theorem	public	NumStability.Algorithms.Ch14Problem142	D19	NumStability.Source.Higham.Chapter14.Problem02.TriangularInversion.Basic	source	relocated
NumStability.Ch14Ext.higham14_problem14_2_lowerBlock_mul	theorem	public	NumStability.Algorithms.Ch14Problem142	D19	NumStability.Source.Higham.Chapter14.Problem02.TriangularInversion.Basic	source	relocated
NumStability.Ch14Ext.higham14_problem14_2_lowerBlock_mul_sub_one	theorem	public	NumStability.Algorithms.Ch14Problem142	D19	NumStability.Algorithms.Ch14Problem142	source	retained
NumStability.Ch14Ext.higham14_problem14_2_lowerBlock_one	theorem	public	NumStability.Algorithms.Ch14Problem142	D19	NumStability.Algorithms.Ch14Problem142	source	retained
NumStability.Ch14Ext.higham14_problem14_2_lowerBlock_residual_firstOrder	theorem	public	NumStability.Algorithms.Ch14Problem142	D19	NumStability.Source.Higham.Chapter14.Problem02.TriangularInversion.Basic	source	relocated
NumStability.Ch14Ext.higham14_problem14_2_lowerBlock_sub	theorem	public	NumStability.Algorithms.Ch14Problem142	D19	NumStability.Source.Higham.Chapter14.Problem02.TriangularInversion.Basic	source	relocated
NumStability.Ch14Ext.higham14_problem14_2_maxEntryNormRect_add_le	theorem	public	NumStability.Algorithms.Ch14Problem142	D19	NumStability.Source.Higham.Chapter14.Problem02.TriangularInversion.Basic	source	relocated
NumStability.Ch14Ext.higham14_problem14_2_maxEntryNormRect_neg	theorem	public	NumStability.Algorithms.Ch14Problem142	D19	NumStability.Source.Higham.Chapter14.Problem02.TriangularInversion.Basic	source	relocated
NumStability.Ch14Ext.higham14_problem14_2_maxEntryNormRect_neg_add_le	theorem	public	NumStability.Algorithms.Ch14Problem142	D19	NumStability.Source.Higham.Chapter14.Problem02.TriangularInversion.Basic	source	relocated
NumStability.Ch14Ext.higham14_problem14_2_method1B_twoBlock_right_firstOrder	theorem	public	NumStability.Algorithms.Ch14Problem142	D19	NumStability.Algorithms.Ch14Problem142	source	retained
NumStability.Ch14Ext.higham14_problem14_2_method2B_twoBlock_left_firstOrder	theorem	public	NumStability.Algorithms.Ch14Problem142Method2B	D19	NumStability.Algorithms.Ch14Problem142Method2B	source	retained
NumStability.Ch14Ext.higham14_problem14_2_method2B_uncontrolledLeading	definition	public	NumStability.Algorithms.Ch14Problem142Method2B	D19	NumStability.Source.Higham.Chapter14.Problem02.TriangularInversion.Method2B	source	relocated
NumStability.Ch14Ext.higham14_problem14_2_method2B_updateDelta	definition	public	NumStability.Algorithms.Ch14Problem142Method2B	D19	NumStability.Source.Higham.Chapter14.Problem02.TriangularInversion.Method2B	source	relocated
NumStability.Ch14Ext.higham14_problem14_2_method2B_updateLeading	definition	public	NumStability.Algorithms.Ch14Problem142Method2B	D19	NumStability.Source.Higham.Chapter14.Problem02.TriangularInversion.Method2B	source	relocated
NumStability.Ch14Ext.higham14_problem14_2_method2C_twoBlock_left_firstOrder	theorem	public	NumStability.Algorithms.Ch14Problem142	D19	NumStability.Algorithms.Ch14Problem142	source	retained
NumStability.Ch14Ext.leftResidualEnvelope_family_isBigOOne	theorem	public	NumStability.Algorithms.Ch14AsymptoticFamilies	D31	NumStability.Source.Higham.Chapter14.Section01.InverseErrorAnalysis.AsymptoticFamilies	source	relocated
NumStability.Ch14Ext.matrixFamily_abs_isBigOOne	theorem	public	NumStability.Algorithms.Ch14AsymptoticFamilies	D09	NumStability.Analysis.FirstOrder.MatrixFamilies.AsymptoticFamilies	reusable	relocated
NumStability.Ch14Ext.matrixFamily_infNorm_isBigO	theorem	public	NumStability.Algorithms.Ch14AsymptoticFamilies	D09	NumStability.Analysis.FirstOrder.MatrixFamilies.AsymptoticFamilies	reusable	relocated
NumStability.Ch14Ext.matrixFamily_mul_fixedVector_isBigOOne	theorem	public	NumStability.Algorithms.Ch14AsymptoticFamilies	D09	NumStability.Analysis.FirstOrder.MatrixFamilies.AsymptoticFamilies	reusable	relocated
NumStability.Ch14Ext.rightResidualEnvelope_family_isBigOOne	theorem	public	NumStability.Algorithms.Ch14AsymptoticFamilies	D31	NumStability.Source.Higham.Chapter14.Section01.InverseErrorAnalysis.AsymptoticFamilies	source	relocated
NumStability.Ch14ProductTree	inductive	public	NumStability.Algorithms.Ch14ProductErrorNotation	D08	NumStability.Analysis.Error.MatrixProducts.EvaluationTrees.ProductErrorNotation	reusable	relocated
NumStability.Ch14ProductTree.abs_exactEval_le_exactAbsProduct	theorem	public	NumStability.Algorithms.Ch14ProductErrorNotation	D08	NumStability.Analysis.Error.MatrixProducts.EvaluationTrees.ProductErrorNotation	reusable	relocated
NumStability.Ch14ProductTree.abs_roundedEval_le_exactAbsProduct_add_errorEnvelope	theorem	public	NumStability.Algorithms.Ch14ProductErrorNotation	D08	NumStability.Analysis.Error.MatrixProducts.EvaluationTrees.ProductErrorNotation	reusable	relocated
NumStability.Ch14ProductTree.below	definition	public	NumStability.Algorithms.Ch14ProductErrorNotation	D08	NumStability.Analysis.Error.MatrixProducts.EvaluationTrees.ProductErrorNotation	reusable	relocated
NumStability.Ch14ProductTree.brecOn	definition	public	NumStability.Algorithms.Ch14ProductErrorNotation	D08	NumStability.Analysis.Error.MatrixProducts.EvaluationTrees.ProductErrorNotation	reusable	relocated
NumStability.Ch14ProductTree.brecOn.eq	theorem	public	NumStability.Algorithms.Ch14ProductErrorNotation	D08	NumStability.Analysis.Error.MatrixProducts.EvaluationTrees.ProductErrorNotation	reusable	relocated
NumStability.Ch14ProductTree.brecOn.go	definition	public	NumStability.Algorithms.Ch14ProductErrorNotation	D08	NumStability.Analysis.Error.MatrixProducts.EvaluationTrees.ProductErrorNotation	reusable	relocated
NumStability.Ch14ProductTree.casesOn	definition	public	NumStability.Algorithms.Ch14ProductErrorNotation	D08	NumStability.Analysis.Error.MatrixProducts.EvaluationTrees.ProductErrorNotation	reusable	relocated
NumStability.Ch14ProductTree.ctorElim	definition	public	NumStability.Algorithms.Ch14ProductErrorNotation	D08	NumStability.Analysis.Error.MatrixProducts.EvaluationTrees.ProductErrorNotation	reusable	relocated
NumStability.Ch14ProductTree.ctorElimType	definition	public	NumStability.Algorithms.Ch14ProductErrorNotation	D08	NumStability.Analysis.Error.MatrixProducts.EvaluationTrees.ProductErrorNotation	reusable	relocated
NumStability.Ch14ProductTree.ctorIdx	definition	public	NumStability.Algorithms.Ch14ProductErrorNotation	D08	NumStability.Analysis.Error.MatrixProducts.EvaluationTrees.ProductErrorNotation	reusable	relocated
NumStability.Ch14ProductTree.errorEnvelope	definition	public	NumStability.Algorithms.Ch14ProductErrorNotation	D08	NumStability.Analysis.Error.MatrixProducts.EvaluationTrees.ProductErrorNotation	reusable	relocated
NumStability.Ch14ProductTree.errorEnvelope_leaf	theorem	public	NumStability.Algorithms.Ch14ProductErrorNotation	D08	NumStability.Analysis.Error.MatrixProducts.EvaluationTrees.ProductErrorNotation	reusable	relocated
NumStability.Ch14ProductTree.errorEnvelope_nonneg	theorem	public	NumStability.Algorithms.Ch14ProductErrorNotation	D08	NumStability.Analysis.Error.MatrixProducts.EvaluationTrees.ProductErrorNotation	reusable	relocated
NumStability.Ch14ProductTree.exactAbsProduct	definition	public	NumStability.Algorithms.Ch14ProductErrorNotation	D08	NumStability.Analysis.Error.MatrixProducts.EvaluationTrees.ProductErrorNotation	reusable	relocated
NumStability.Ch14ProductTree.exactAbsProduct_leaf	theorem	public	NumStability.Algorithms.Ch14ProductErrorNotation	D08	NumStability.Analysis.Error.MatrixProducts.EvaluationTrees.ProductErrorNotation	reusable	relocated
NumStability.Ch14ProductTree.exactAbsProduct_node	theorem	public	NumStability.Algorithms.Ch14ProductErrorNotation	D08	NumStability.Analysis.Error.MatrixProducts.EvaluationTrees.ProductErrorNotation	reusable	relocated
NumStability.Ch14ProductTree.exactAbsProduct_nonneg	theorem	public	NumStability.Algorithms.Ch14ProductErrorNotation	D08	NumStability.Analysis.Error.MatrixProducts.EvaluationTrees.ProductErrorNotation	reusable	relocated
NumStability.Ch14ProductTree.exactEval	definition	public	NumStability.Algorithms.Ch14ProductErrorNotation	D08	NumStability.Analysis.Error.MatrixProducts.EvaluationTrees.ProductErrorNotation	reusable	relocated
NumStability.Ch14ProductTree.exactEval_eq_exactListProduct_factors	theorem	public	NumStability.Algorithms.Ch14ProductErrorNotation	D08	NumStability.Analysis.Error.MatrixProducts.EvaluationTrees.ProductErrorNotation	reusable	relocated
NumStability.Ch14ProductTree.exactEval_eq_of_factors_eq	theorem	public	NumStability.Algorithms.Ch14ProductErrorNotation	D08	NumStability.Analysis.Error.MatrixProducts.EvaluationTrees.ProductErrorNotation	reusable	relocated
NumStability.Ch14ProductTree.exactEval_leaf	theorem	public	NumStability.Algorithms.Ch14ProductErrorNotation	D08	NumStability.Analysis.Error.MatrixProducts.EvaluationTrees.ProductErrorNotation	reusable	relocated
NumStability.Ch14ProductTree.exactEval_node	theorem	public	NumStability.Algorithms.Ch14ProductErrorNotation	D08	NumStability.Analysis.Error.MatrixProducts.EvaluationTrees.ProductErrorNotation	reusable	relocated
NumStability.Ch14ProductTree.exactListProduct	definition	public	NumStability.Algorithms.Ch14ProductErrorNotation	D08	NumStability.Analysis.Error.MatrixProducts.EvaluationTrees.ProductErrorNotation	reusable	relocated
NumStability.Ch14ProductTree.exactListProduct_append	theorem	public	NumStability.Algorithms.Ch14ProductErrorNotation	D08	NumStability.Analysis.Error.MatrixProducts.EvaluationTrees.ProductErrorNotation	reusable	relocated
NumStability.Ch14ProductTree.exactListProduct_cons	theorem	public	NumStability.Algorithms.Ch14ProductErrorNotation	D08	NumStability.Analysis.Error.MatrixProducts.EvaluationTrees.ProductErrorNotation	reusable	relocated
NumStability.Ch14ProductTree.exactListProduct_nil	theorem	public	NumStability.Algorithms.Ch14ProductErrorNotation	D08	NumStability.Analysis.Error.MatrixProducts.EvaluationTrees.ProductErrorNotation	reusable	relocated
NumStability.Ch14ProductTree.factors	definition	public	NumStability.Algorithms.Ch14ProductErrorNotation	D08	NumStability.Analysis.Error.MatrixProducts.EvaluationTrees.ProductErrorNotation	reusable	relocated
NumStability.Ch14ProductTree.factors_leaf	theorem	public	NumStability.Algorithms.Ch14ProductErrorNotation	D08	NumStability.Analysis.Error.MatrixProducts.EvaluationTrees.ProductErrorNotation	reusable	relocated
NumStability.Ch14ProductTree.factors_node	theorem	public	NumStability.Algorithms.Ch14ProductErrorNotation	D08	NumStability.Analysis.Error.MatrixProducts.EvaluationTrees.ProductErrorNotation	reusable	relocated
NumStability.Ch14ProductTree.leaf	constructor	public	NumStability.Algorithms.Ch14ProductErrorNotation	D08	NumStability.Analysis.Error.MatrixProducts.EvaluationTrees.ProductErrorNotation	reusable	relocated
NumStability.Ch14ProductTree.leaf.elim	definition	public	NumStability.Algorithms.Ch14ProductErrorNotation	D08	NumStability.Analysis.Error.MatrixProducts.EvaluationTrees.ProductErrorNotation	reusable	relocated
NumStability.Ch14ProductTree.leaf.inj	theorem	public	NumStability.Algorithms.Ch14ProductErrorNotation	D08	NumStability.Analysis.Error.MatrixProducts.EvaluationTrees.ProductErrorNotation	reusable	relocated
NumStability.Ch14ProductTree.leaf.injEq	theorem	public	NumStability.Algorithms.Ch14ProductErrorNotation	D08	NumStability.Analysis.Error.MatrixProducts.EvaluationTrees.ProductErrorNotation	reusable	relocated
NumStability.Ch14ProductTree.leaf.noConfusion	definition	public	NumStability.Algorithms.Ch14ProductErrorNotation	D08	NumStability.Analysis.Error.MatrixProducts.EvaluationTrees.ProductErrorNotation	reusable	relocated
NumStability.Ch14ProductTree.leaf.sizeOf_spec	theorem	public	NumStability.Algorithms.Ch14ProductErrorNotation	D08	NumStability.Analysis.Error.MatrixProducts.EvaluationTrees.ProductErrorNotation	reusable	relocated
NumStability.Ch14ProductTree.leafCount	definition	public	NumStability.Algorithms.Ch14ProductErrorNotation	D08	NumStability.Analysis.Error.MatrixProducts.EvaluationTrees.ProductErrorNotation	reusable	relocated
NumStability.Ch14ProductTree.leafCount_leaf	theorem	public	NumStability.Algorithms.Ch14ProductErrorNotation	D08	NumStability.Analysis.Error.MatrixProducts.EvaluationTrees.ProductErrorNotation	reusable	relocated
NumStability.Ch14ProductTree.leafCount_node	theorem	public	NumStability.Algorithms.Ch14ProductErrorNotation	D08	NumStability.Analysis.Error.MatrixProducts.EvaluationTrees.ProductErrorNotation	reusable	relocated
NumStability.Ch14ProductTree.noConfusion	definition	public	NumStability.Algorithms.Ch14ProductErrorNotation	D08	NumStability.Analysis.Error.MatrixProducts.EvaluationTrees.ProductErrorNotation	reusable	relocated
NumStability.Ch14ProductTree.noConfusionType	definition	public	NumStability.Algorithms.Ch14ProductErrorNotation	D08	NumStability.Analysis.Error.MatrixProducts.EvaluationTrees.ProductErrorNotation	reusable	relocated
NumStability.Ch14ProductTree.node	constructor	public	NumStability.Algorithms.Ch14ProductErrorNotation	D08	NumStability.Analysis.Error.MatrixProducts.EvaluationTrees.ProductErrorNotation	reusable	relocated
NumStability.Ch14ProductTree.node.elim	definition	public	NumStability.Algorithms.Ch14ProductErrorNotation	D08	NumStability.Analysis.Error.MatrixProducts.EvaluationTrees.ProductErrorNotation	reusable	relocated
NumStability.Ch14ProductTree.node.inj	theorem	public	NumStability.Algorithms.Ch14ProductErrorNotation	D08	NumStability.Analysis.Error.MatrixProducts.EvaluationTrees.ProductErrorNotation	reusable	relocated
NumStability.Ch14ProductTree.node.injEq	theorem	public	NumStability.Algorithms.Ch14ProductErrorNotation	D08	NumStability.Analysis.Error.MatrixProducts.EvaluationTrees.ProductErrorNotation	reusable	relocated
NumStability.Ch14ProductTree.node.noConfusion	definition	public	NumStability.Algorithms.Ch14ProductErrorNotation	D08	NumStability.Analysis.Error.MatrixProducts.EvaluationTrees.ProductErrorNotation	reusable	relocated
NumStability.Ch14ProductTree.node.sizeOf_spec	theorem	public	NumStability.Algorithms.Ch14ProductErrorNotation	D08	NumStability.Analysis.Error.MatrixProducts.EvaluationTrees.ProductErrorNotation	reusable	relocated
NumStability.Ch14ProductTree.productDelta	definition	public	NumStability.Algorithms.Ch14ProductErrorNotation	D08	NumStability.Analysis.Error.MatrixProducts.EvaluationTrees.ProductErrorNotation	reusable	relocated
NumStability.Ch14ProductTree.productDelta_abs_le_errorEnvelope	theorem	public	NumStability.Algorithms.Ch14ProductErrorNotation	D08	NumStability.Analysis.Error.MatrixProducts.EvaluationTrees.ProductErrorNotation	reusable	relocated
NumStability.Ch14ProductTree.rec	recursor	public	NumStability.Algorithms.Ch14ProductErrorNotation	D08	NumStability.Analysis.Error.MatrixProducts.EvaluationTrees.ProductErrorNotation	reusable	relocated
NumStability.Ch14ProductTree.recOn	definition	public	NumStability.Algorithms.Ch14ProductErrorNotation	D08	NumStability.Analysis.Error.MatrixProducts.EvaluationTrees.ProductErrorNotation	reusable	relocated
NumStability.Ch14ProductTree.roundedEval	definition	public	NumStability.Algorithms.Ch14ProductErrorNotation	D08	NumStability.Analysis.Error.MatrixProducts.EvaluationTrees.ProductErrorNotation	reusable	relocated
NumStability.Ch14ProductTree.roundedEval_MatProdError	theorem	public	NumStability.Algorithms.Ch14ProductErrorNotation	D08	NumStability.Analysis.Error.MatrixProducts.EvaluationTrees.ProductErrorNotation	reusable	relocated
NumStability.Ch14ProductTree.roundedEval_eq_exactEval_add_productDelta	theorem	public	NumStability.Algorithms.Ch14ProductErrorNotation	D08	NumStability.Analysis.Error.MatrixProducts.EvaluationTrees.ProductErrorNotation	reusable	relocated
NumStability.Ch14ProductTree.roundedEval_leaf	theorem	public	NumStability.Algorithms.Ch14ProductErrorNotation	D08	NumStability.Analysis.Error.MatrixProducts.EvaluationTrees.ProductErrorNotation	reusable	relocated
NumStability.Ch14ProductTree.roundedEval_node	theorem	public	NumStability.Algorithms.Ch14ProductErrorNotation	D08	NumStability.Analysis.Error.MatrixProducts.EvaluationTrees.ProductErrorNotation	reusable	relocated
NumStability.Ch14ProductTree.roundedEval_node_local_MatProdError	theorem	public	NumStability.Algorithms.Ch14ProductErrorNotation	D08	NumStability.Analysis.Error.MatrixProducts.EvaluationTrees.ProductErrorNotation	reusable	relocated
NumStability.Ch14RectProductTree	inductive	public	NumStability.Algorithms.Ch14ProductErrorNotation	D08	NumStability.Analysis.Error.MatrixProducts.EvaluationTrees.ProductErrorNotation	reusable	relocated
NumStability.Ch14RectProductTree.RectMatProdError	definition	public	NumStability.Algorithms.Ch14ProductErrorNotation	D08	NumStability.Analysis.Error.MatrixProducts.EvaluationTrees.ProductErrorNotation	reusable	relocated
NumStability.Ch14RectProductTree.abs_exactEval_le_exactAbsProduct	theorem	public	NumStability.Algorithms.Ch14ProductErrorNotation	D08	NumStability.Analysis.Error.MatrixProducts.EvaluationTrees.ProductErrorNotation	reusable	relocated
NumStability.Ch14RectProductTree.below	definition	public	NumStability.Algorithms.Ch14ProductErrorNotation	D08	NumStability.Analysis.Error.MatrixProducts.EvaluationTrees.ProductErrorNotation	reusable	relocated
NumStability.Ch14RectProductTree.brecOn	definition	public	NumStability.Algorithms.Ch14ProductErrorNotation	D08	NumStability.Analysis.Error.MatrixProducts.EvaluationTrees.ProductErrorNotation	reusable	relocated
NumStability.Ch14RectProductTree.brecOn.eq	theorem	public	NumStability.Algorithms.Ch14ProductErrorNotation	D08	NumStability.Analysis.Error.MatrixProducts.EvaluationTrees.ProductErrorNotation	reusable	relocated
NumStability.Ch14RectProductTree.brecOn.go	definition	public	NumStability.Algorithms.Ch14ProductErrorNotation	D08	NumStability.Analysis.Error.MatrixProducts.EvaluationTrees.ProductErrorNotation	reusable	relocated
NumStability.Ch14RectProductTree.casesOn	definition	public	NumStability.Algorithms.Ch14ProductErrorNotation	D08	NumStability.Analysis.Error.MatrixProducts.EvaluationTrees.ProductErrorNotation	reusable	relocated
NumStability.Ch14RectProductTree.ctorElim	definition	public	NumStability.Algorithms.Ch14ProductErrorNotation	D08	NumStability.Analysis.Error.MatrixProducts.EvaluationTrees.ProductErrorNotation	reusable	relocated
NumStability.Ch14RectProductTree.ctorElimType	definition	public	NumStability.Algorithms.Ch14ProductErrorNotation	D08	NumStability.Analysis.Error.MatrixProducts.EvaluationTrees.ProductErrorNotation	reusable	relocated
NumStability.Ch14RectProductTree.ctorIdx	definition	public	NumStability.Algorithms.Ch14ProductErrorNotation	D08	NumStability.Analysis.Error.MatrixProducts.EvaluationTrees.ProductErrorNotation	reusable	relocated
NumStability.Ch14RectProductTree.exactAbsProduct	definition	public	NumStability.Algorithms.Ch14ProductErrorNotation	D08	NumStability.Analysis.Error.MatrixProducts.EvaluationTrees.ProductErrorNotation	reusable	relocated
NumStability.Ch14RectProductTree.exactAbsProduct_leaf	theorem	public	NumStability.Algorithms.Ch14ProductErrorNotation	D08	NumStability.Analysis.Error.MatrixProducts.EvaluationTrees.ProductErrorNotation	reusable	relocated
NumStability.Ch14RectProductTree.exactAbsProduct_node	theorem	public	NumStability.Algorithms.Ch14ProductErrorNotation	D08	NumStability.Analysis.Error.MatrixProducts.EvaluationTrees.ProductErrorNotation	reusable	relocated
NumStability.Ch14RectProductTree.exactAbsProduct_nonneg	theorem	public	NumStability.Algorithms.Ch14ProductErrorNotation	D08	NumStability.Analysis.Error.MatrixProducts.EvaluationTrees.ProductErrorNotation	reusable	relocated
NumStability.Ch14RectProductTree.exactAbsProduct_rotate	theorem	public	NumStability.Algorithms.Ch14ProductErrorNotation	D08	NumStability.Analysis.Error.MatrixProducts.EvaluationTrees.ProductErrorNotation	reusable	relocated
NumStability.Ch14RectProductTree.exactEval	definition	public	NumStability.Algorithms.Ch14ProductErrorNotation	D08	NumStability.Analysis.Error.MatrixProducts.EvaluationTrees.ProductErrorNotation	reusable	relocated
NumStability.Ch14RectProductTree.exactEval_leaf	theorem	public	NumStability.Algorithms.Ch14ProductErrorNotation	D08	NumStability.Analysis.Error.MatrixProducts.EvaluationTrees.ProductErrorNotation	reusable	relocated
NumStability.Ch14RectProductTree.exactEval_node	theorem	public	NumStability.Algorithms.Ch14ProductErrorNotation	D08	NumStability.Analysis.Error.MatrixProducts.EvaluationTrees.ProductErrorNotation	reusable	relocated
NumStability.Ch14RectProductTree.exactEval_rotate	theorem	public	NumStability.Algorithms.Ch14ProductErrorNotation	D08	NumStability.Analysis.Error.MatrixProducts.EvaluationTrees.ProductErrorNotation	reusable	relocated
NumStability.Ch14RectProductTree.exists_productDelta_gamma_operationBudget	theorem	public	NumStability.Algorithms.Ch14ProductErrorNotation	D32	NumStability.Source.Higham.Chapter14.Section01.ProductErrorNotation.ProductErrorNotation	source	relocated
NumStability.Ch14RectProductTree.exists_productDelta_two_mul_operationBudget_mul_u	theorem	public	NumStability.Algorithms.Ch14ProductErrorNotation	D32	NumStability.Source.Higham.Chapter14.Section01.ProductErrorNotation.ProductErrorNotation	source	relocated
NumStability.Ch14RectProductTree.fl_rectMatMul_error_compose	theorem	public	NumStability.Algorithms.Ch14ProductErrorNotation	D08	NumStability.Analysis.Error.MatrixProducts.EvaluationTrees.ProductErrorNotation	reusable	relocated
NumStability.Ch14RectProductTree.leaf	constructor	public	NumStability.Algorithms.Ch14ProductErrorNotation	D08	NumStability.Analysis.Error.MatrixProducts.EvaluationTrees.ProductErrorNotation	reusable	relocated
NumStability.Ch14RectProductTree.leaf.elim	definition	public	NumStability.Algorithms.Ch14ProductErrorNotation	D08	NumStability.Analysis.Error.MatrixProducts.EvaluationTrees.ProductErrorNotation	reusable	relocated
NumStability.Ch14RectProductTree.leaf.inj	theorem	public	NumStability.Algorithms.Ch14ProductErrorNotation	D08	NumStability.Analysis.Error.MatrixProducts.EvaluationTrees.ProductErrorNotation	reusable	relocated
NumStability.Ch14RectProductTree.leaf.injEq	theorem	public	NumStability.Algorithms.Ch14ProductErrorNotation	D08	NumStability.Analysis.Error.MatrixProducts.EvaluationTrees.ProductErrorNotation	reusable	relocated
NumStability.Ch14RectProductTree.leaf.noConfusion	definition	public	NumStability.Algorithms.Ch14ProductErrorNotation	D08	NumStability.Analysis.Error.MatrixProducts.EvaluationTrees.ProductErrorNotation	reusable	relocated
NumStability.Ch14RectProductTree.leaf.sizeOf_spec	theorem	public	NumStability.Algorithms.Ch14ProductErrorNotation	D08	NumStability.Analysis.Error.MatrixProducts.EvaluationTrees.ProductErrorNotation	reusable	relocated
NumStability.Ch14RectProductTree.noConfusion	definition	public	NumStability.Algorithms.Ch14ProductErrorNotation	D08	NumStability.Analysis.Error.MatrixProducts.EvaluationTrees.ProductErrorNotation	reusable	relocated
NumStability.Ch14RectProductTree.noConfusionType	definition	public	NumStability.Algorithms.Ch14ProductErrorNotation	D08	NumStability.Analysis.Error.MatrixProducts.EvaluationTrees.ProductErrorNotation	reusable	relocated
NumStability.Ch14RectProductTree.node	constructor	public	NumStability.Algorithms.Ch14ProductErrorNotation	D08	NumStability.Analysis.Error.MatrixProducts.EvaluationTrees.ProductErrorNotation	reusable	relocated
NumStability.Ch14RectProductTree.node.elim	definition	public	NumStability.Algorithms.Ch14ProductErrorNotation	D08	NumStability.Analysis.Error.MatrixProducts.EvaluationTrees.ProductErrorNotation	reusable	relocated
NumStability.Ch14RectProductTree.node.inj	theorem	public	NumStability.Algorithms.Ch14ProductErrorNotation	D08	NumStability.Analysis.Error.MatrixProducts.EvaluationTrees.ProductErrorNotation	reusable	relocated
NumStability.Ch14RectProductTree.node.injEq	theorem	public	NumStability.Algorithms.Ch14ProductErrorNotation	D08	NumStability.Analysis.Error.MatrixProducts.EvaluationTrees.ProductErrorNotation	reusable	relocated
NumStability.Ch14RectProductTree.node.noConfusion	definition	public	NumStability.Algorithms.Ch14ProductErrorNotation	D08	NumStability.Analysis.Error.MatrixProducts.EvaluationTrees.ProductErrorNotation	reusable	relocated
NumStability.Ch14RectProductTree.node.sizeOf_spec	theorem	public	NumStability.Algorithms.Ch14ProductErrorNotation	D08	NumStability.Analysis.Error.MatrixProducts.EvaluationTrees.ProductErrorNotation	reusable	relocated
NumStability.Ch14RectProductTree.operationBudget	definition	public	NumStability.Algorithms.Ch14ProductErrorNotation	D08	NumStability.Analysis.Error.MatrixProducts.EvaluationTrees.ProductErrorNotation	reusable	relocated
NumStability.Ch14RectProductTree.operationBudget_leaf	theorem	public	NumStability.Algorithms.Ch14ProductErrorNotation	D08	NumStability.Analysis.Error.MatrixProducts.EvaluationTrees.ProductErrorNotation	reusable	relocated
NumStability.Ch14RectProductTree.operationBudget_node	theorem	public	NumStability.Algorithms.Ch14ProductErrorNotation	D08	NumStability.Analysis.Error.MatrixProducts.EvaluationTrees.ProductErrorNotation	reusable	relocated
NumStability.Ch14RectProductTree.operationBudget_rotate	theorem	public	NumStability.Algorithms.Ch14ProductErrorNotation	D08	NumStability.Analysis.Error.MatrixProducts.EvaluationTrees.ProductErrorNotation	reusable	relocated
NumStability.Ch14RectProductTree.orderCoefficient	definition	public	NumStability.Algorithms.Ch14ProductErrorNotation	D08	NumStability.Analysis.Error.MatrixProducts.EvaluationTrees.ProductErrorNotation	reusable	relocated
NumStability.Ch14RectProductTree.orderCoefficient_le_gamma_operationBudget	theorem	public	NumStability.Algorithms.Ch14ProductErrorNotation	D08	NumStability.Analysis.Error.MatrixProducts.EvaluationTrees.ProductErrorNotation	reusable	relocated
NumStability.Ch14RectProductTree.orderCoefficient_leaf	theorem	public	NumStability.Algorithms.Ch14ProductErrorNotation	D08	NumStability.Analysis.Error.MatrixProducts.EvaluationTrees.ProductErrorNotation	reusable	relocated
NumStability.Ch14RectProductTree.orderCoefficient_node_product_form	theorem	public	NumStability.Algorithms.Ch14ProductErrorNotation	D08	NumStability.Analysis.Error.MatrixProducts.EvaluationTrees.ProductErrorNotation	reusable	relocated
NumStability.Ch14RectProductTree.orderCoefficient_nonneg	theorem	public	NumStability.Algorithms.Ch14ProductErrorNotation	D08	NumStability.Analysis.Error.MatrixProducts.EvaluationTrees.ProductErrorNotation	reusable	relocated
NumStability.Ch14RectProductTree.orderCoefficient_rotate	theorem	public	NumStability.Algorithms.Ch14ProductErrorNotation	D08	NumStability.Analysis.Error.MatrixProducts.EvaluationTrees.ProductErrorNotation	reusable	relocated
NumStability.Ch14RectProductTree.productDelta	definition	public	NumStability.Algorithms.Ch14ProductErrorNotation	D08	NumStability.Analysis.Error.MatrixProducts.EvaluationTrees.ProductErrorNotation	reusable	relocated
NumStability.Ch14RectProductTree.productDelta_abs_le_gamma_operationBudget	theorem	public	NumStability.Algorithms.Ch14ProductErrorNotation	D32	NumStability.Source.Higham.Chapter14.Section01.ProductErrorNotation.ProductErrorNotation	source	relocated
NumStability.Ch14RectProductTree.productDelta_abs_le_orderCoefficient	theorem	public	NumStability.Algorithms.Ch14ProductErrorNotation	D08	NumStability.Analysis.Error.MatrixProducts.EvaluationTrees.ProductErrorNotation	reusable	relocated
NumStability.Ch14RectProductTree.productDelta_abs_le_two_mul_operationBudget_mul_u	theorem	public	NumStability.Algorithms.Ch14ProductErrorNotation	D32	NumStability.Source.Higham.Chapter14.Section01.ProductErrorNotation.ProductErrorNotation	source	relocated
NumStability.Ch14RectProductTree.rec	recursor	public	NumStability.Algorithms.Ch14ProductErrorNotation	D08	NumStability.Analysis.Error.MatrixProducts.EvaluationTrees.ProductErrorNotation	reusable	relocated
NumStability.Ch14RectProductTree.recOn	definition	public	NumStability.Algorithms.Ch14ProductErrorNotation	D08	NumStability.Analysis.Error.MatrixProducts.EvaluationTrees.ProductErrorNotation	reusable	relocated
NumStability.Ch14RectProductTree.roundedEval	definition	public	NumStability.Algorithms.Ch14ProductErrorNotation	D08	NumStability.Analysis.Error.MatrixProducts.EvaluationTrees.ProductErrorNotation	reusable	relocated
NumStability.Ch14RectProductTree.roundedEval_MatProdError_gamma_operationBudget	theorem	public	NumStability.Algorithms.Ch14ProductErrorNotation	D32	NumStability.Source.Higham.Chapter14.Section01.ProductErrorNotation.ProductErrorNotation	source	relocated
NumStability.Ch14RectProductTree.roundedEval_RectMatProdError_gamma_operationBudget	theorem	public	NumStability.Algorithms.Ch14ProductErrorNotation	D32	NumStability.Source.Higham.Chapter14.Section01.ProductErrorNotation.ProductErrorNotation	source	relocated
NumStability.Ch14RectProductTree.roundedEval_RectMatProdError_orderCoefficient	theorem	public	NumStability.Algorithms.Ch14ProductErrorNotation	D08	NumStability.Analysis.Error.MatrixProducts.EvaluationTrees.ProductErrorNotation	reusable	relocated
NumStability.Ch14RectProductTree.roundedEval_RectMatProdError_two_mul_operationBudget_mul_u	theorem	public	NumStability.Algorithms.Ch14ProductErrorNotation	D32	NumStability.Source.Higham.Chapter14.Section01.ProductErrorNotation.ProductErrorNotation	source	relocated
NumStability.Ch14RectProductTree.roundedEval_eq_exactEval_add_productDelta	theorem	public	NumStability.Algorithms.Ch14ProductErrorNotation	D08	NumStability.Analysis.Error.MatrixProducts.EvaluationTrees.ProductErrorNotation	reusable	relocated
NumStability.Ch14RectProductTree.roundedEval_leaf	theorem	public	NumStability.Algorithms.Ch14ProductErrorNotation	D08	NumStability.Analysis.Error.MatrixProducts.EvaluationTrees.ProductErrorNotation	reusable	relocated
NumStability.Ch14RectProductTree.roundedEval_node	theorem	public	NumStability.Algorithms.Ch14ProductErrorNotation	D08	NumStability.Analysis.Error.MatrixProducts.EvaluationTrees.ProductErrorNotation	reusable	relocated
NumStability.Ch14RectProductTree.roundedEval_node_local_error	theorem	public	NumStability.Algorithms.Ch14ProductErrorNotation	D08	NumStability.Analysis.Error.MatrixProducts.EvaluationTrees.ProductErrorNotation	reusable	relocated
NumStability.GJEStage2Spec	inductive	public	NumStability.Algorithms.GaussJordan	D01	NumStability.Algorithms.LinearSystems.GaussJordan.ErrorAnalysis.GaussJordan	reusable	relocated
NumStability.GJEStage2Spec.N_form	theorem	public	NumStability.Algorithms.GaussJordan	D01	NumStability.Algorithms.LinearSystems.GaussJordan.ErrorAnalysis.GaussJordan	reusable	relocated
NumStability.GJEStage2Spec.casesOn	definition	public	NumStability.Algorithms.GaussJordan	D01	NumStability.Algorithms.LinearSystems.GaussJordan.ErrorAnalysis.GaussJordan	reusable	relocated
NumStability.GJEStage2Spec.diag_one	theorem	public	NumStability.Algorithms.GaussJordan	D01	NumStability.Algorithms.LinearSystems.GaussJordan.ErrorAnalysis.GaussJordan	reusable	relocated
NumStability.GJEStage2Spec.lower_zero	theorem	public	NumStability.Algorithms.GaussJordan	D01	NumStability.Algorithms.LinearSystems.GaussJordan.ErrorAnalysis.GaussJordan	reusable	relocated
NumStability.GJEStage2Spec.mk	constructor	public	NumStability.Algorithms.GaussJordan	D01	NumStability.Algorithms.LinearSystems.GaussJordan.ErrorAnalysis.GaussJordan	reusable	relocated
NumStability.GJEStage2Spec.rec	recursor	public	NumStability.Algorithms.GaussJordan	D01	NumStability.Algorithms.LinearSystems.GaussJordan.ErrorAnalysis.GaussJordan	reusable	relocated
NumStability.GJEStage2Spec.recOn	definition	public	NumStability.Algorithms.GaussJordan	D01	NumStability.Algorithms.LinearSystems.GaussJordan.ErrorAnalysis.GaussJordan	reusable	relocated
NumStability.MatProdError	definition	public	NumStability.Algorithms.MatrixInversion	D07	NumStability.Analysis.Error.MatrixProducts.Contracts.MatrixInversion	reusable	relocated
NumStability.Method2BBlockUpdateSpec	inductive	public	NumStability.Algorithms.MatrixInversion	D36	NumStability.Source.Higham.Chapter14.Section02.TriangularInversion.Method2B.MatrixInversion	source	relocated
NumStability.Method2BBlockUpdateSpec.casesOn	definition	public	NumStability.Algorithms.MatrixInversion	D36	NumStability.Source.Higham.Chapter14.Section02.TriangularInversion.Method2B.MatrixInversion	source	relocated
NumStability.Method2BBlockUpdateSpec.delta_bound	theorem	public	NumStability.Algorithms.MatrixInversion	D36	NumStability.Source.Higham.Chapter14.Section02.TriangularInversion.Method2B.MatrixInversion	source	relocated
NumStability.Method2BBlockUpdateSpec.mk	constructor	public	NumStability.Algorithms.MatrixInversion	D36	NumStability.Source.Higham.Chapter14.Section02.TriangularInversion.Method2B.MatrixInversion	source	relocated
NumStability.Method2BBlockUpdateSpec.rec	recursor	public	NumStability.Algorithms.MatrixInversion	D36	NumStability.Source.Higham.Chapter14.Section02.TriangularInversion.Method2B.MatrixInversion	source	relocated
NumStability.Method2BBlockUpdateSpec.recOn	definition	public	NumStability.Algorithms.MatrixInversion	D36	NumStability.Source.Higham.Chapter14.Section02.TriangularInversion.Method2B.MatrixInversion	source	relocated
NumStability.Method2BBlockUpdateSpec.update_decomposition	theorem	public	NumStability.Algorithms.MatrixInversion	D36	NumStability.Source.Higham.Chapter14.Section02.TriangularInversion.Method2B.MatrixInversion	source	relocated
NumStability.Method2Spec	inductive	public	NumStability.Algorithms.MatrixInversion	D06	NumStability.Algorithms.MatrixInversion.Triangular.Specifications.MatrixInversion	reusable	relocated
NumStability.Method2Spec.casesOn	definition	public	NumStability.Algorithms.MatrixInversion	D06	NumStability.Algorithms.MatrixInversion.Triangular.Specifications.MatrixInversion	reusable	relocated
NumStability.Method2Spec.diag_err	theorem	public	NumStability.Algorithms.MatrixInversion	D06	NumStability.Algorithms.MatrixInversion.Triangular.Specifications.MatrixInversion	reusable	relocated
NumStability.Method2Spec.mk	constructor	public	NumStability.Algorithms.MatrixInversion	D06	NumStability.Algorithms.MatrixInversion.Triangular.Specifications.MatrixInversion	reusable	relocated
NumStability.Method2Spec.offdiag_err	theorem	public	NumStability.Algorithms.MatrixInversion	D06	NumStability.Algorithms.MatrixInversion.Triangular.Specifications.MatrixInversion	reusable	relocated
NumStability.Method2Spec.rec	recursor	public	NumStability.Algorithms.MatrixInversion	D06	NumStability.Algorithms.MatrixInversion.Triangular.Specifications.MatrixInversion	reusable	relocated
NumStability.Method2Spec.recOn	definition	public	NumStability.Algorithms.MatrixInversion	D06	NumStability.Algorithms.MatrixInversion.Triangular.Specifications.MatrixInversion	reusable	relocated
NumStability.Method2Spec.upper_zero	theorem	public	NumStability.Algorithms.MatrixInversion	D06	NumStability.Algorithms.MatrixInversion.Triangular.Specifications.MatrixInversion	reusable	relocated
NumStability.Method2StrictTailKernelSpec	inductive	public	NumStability.Algorithms.MatrixInversion	D06	NumStability.Algorithms.MatrixInversion.Triangular.Specifications.MatrixInversion	reusable	relocated
NumStability.Method2StrictTailKernelSpec.casesOn	definition	public	NumStability.Algorithms.MatrixInversion	D06	NumStability.Algorithms.MatrixInversion.Triangular.Specifications.MatrixInversion	reusable	relocated
NumStability.Method2StrictTailKernelSpec.method2	theorem	public	NumStability.Algorithms.MatrixInversion	D06	NumStability.Algorithms.MatrixInversion.Triangular.Specifications.MatrixInversion	reusable	relocated
NumStability.Method2StrictTailKernelSpec.mk	constructor	public	NumStability.Algorithms.MatrixInversion	D06	NumStability.Algorithms.MatrixInversion.Triangular.Specifications.MatrixInversion	reusable	relocated
NumStability.Method2StrictTailKernelSpec.rec	recursor	public	NumStability.Algorithms.MatrixInversion	D06	NumStability.Algorithms.MatrixInversion.Triangular.Specifications.MatrixInversion	reusable	relocated
NumStability.Method2StrictTailKernelSpec.recOn	definition	public	NumStability.Algorithms.MatrixInversion	D06	NumStability.Algorithms.MatrixInversion.Triangular.Specifications.MatrixInversion	reusable	relocated
NumStability.Method2StrictTailKernelSpec.strict_tail_dot_scalar	theorem	public	NumStability.Algorithms.MatrixInversion	D06	NumStability.Algorithms.MatrixInversion.Triangular.Specifications.MatrixInversion	reusable	relocated
NumStability.gamma_three_sub_linear_eq_quadratic_remainder	theorem	public	NumStability.Algorithms.GaussJordan	D01	NumStability.Algorithms.LinearSystems.GaussJordan.ErrorAnalysis.GaussJordan	reusable	relocated
NumStability.gje_c3_eq_linear_plus_explicit_remainder	theorem	public	NumStability.Algorithms.GaussJordan	D01	NumStability.Algorithms.LinearSystems.GaussJordan.ErrorAnalysis.GaussJordan	reusable	relocated
NumStability.gje_c3_eq_linear_plus_quadratic_remainder	theorem	public	NumStability.Algorithms.GaussJordan	D01	NumStability.Algorithms.LinearSystems.GaussJordan.ErrorAnalysis.GaussJordan	reusable	relocated
NumStability.gje_c3_eq_linear_plus_quadratic_remainder_term	theorem	public	NumStability.Algorithms.GaussJordan	D01	NumStability.Algorithms.LinearSystems.GaussJordan.ErrorAnalysis.GaussJordan	reusable	relocated
NumStability.gje_c3_le_three_n_u_plus_quadratic_remainder	theorem	public	NumStability.Algorithms.GaussJordan	D01	NumStability.Algorithms.LinearSystems.GaussJordan.ErrorAnalysis.GaussJordan	reusable	relocated
NumStability.gje_c3_nonneg	theorem	public	NumStability.Algorithms.GaussJordan	D01	NumStability.Algorithms.LinearSystems.GaussJordan.ErrorAnalysis.GaussJordan	reusable	relocated
NumStability.gje_c3_quadratic_remainder	definition	public	NumStability.Algorithms.GaussJordan	D01	NumStability.Algorithms.LinearSystems.GaussJordan.ErrorAnalysis.GaussJordan	reusable	relocated
NumStability.gje_cumulative_product	definition	public	NumStability.Algorithms.GaussJordan	D01	NumStability.Algorithms.LinearSystems.GaussJordan.ErrorAnalysis.GaussJordan	reusable	relocated
NumStability.gje_cumulative_product_abs_nonneg	theorem	public	NumStability.Algorithms.GaussJordan	D01	NumStability.Algorithms.LinearSystems.GaussJordan.ErrorAnalysis.GaussJordan	reusable	relocated
NumStability.gje_cumulative_product_base	theorem	public	NumStability.Algorithms.GaussJordan	D01	NumStability.Algorithms.LinearSystems.GaussJordan.ErrorAnalysis.GaussJordan	reusable	relocated
NumStability.gje_cumulative_product_componentwise_perturbation_bound	theorem	public	NumStability.Algorithms.GaussJordan	D01	NumStability.Algorithms.LinearSystems.GaussJordan.ErrorAnalysis.GaussJordan	reusable	relocated
NumStability.gje_cumulative_product_componentwise_perturbation_bound_const	theorem	public	NumStability.Algorithms.GaussJordan	D01	NumStability.Algorithms.LinearSystems.GaussJordan.ErrorAnalysis.GaussJordan	reusable	relocated
NumStability.gje_cumulative_product_componentwise_perturbation_bound_gamma_c3	theorem	public	NumStability.Algorithms.GaussJordan	D01	NumStability.Algorithms.LinearSystems.GaussJordan.ErrorAnalysis.GaussJordan	reusable	relocated
NumStability.gje_cumulative_product_eq_matSeqProd_rev	theorem	public	NumStability.Algorithms.GaussJordan	D01	NumStability.Algorithms.LinearSystems.GaussJordan.ErrorAnalysis.GaussJordan	reusable	relocated
NumStability.gje_cumulative_product_matMulVec_componentwise_perturbation_bound_gamma_c3	theorem	public	NumStability.Algorithms.GaussJordan	D01	NumStability.Algorithms.LinearSystems.GaussJordan.ErrorAnalysis.GaussJordan	reusable	relocated
NumStability.gje_cumulative_product_matMul_componentwise_perturbation_bound_gamma_c3	theorem	public	NumStability.Algorithms.GaussJordan	D01	NumStability.Algorithms.LinearSystems.GaussJordan.ErrorAnalysis.GaussJordan	reusable	relocated
NumStability.gje_cumulative_product_matrix_accumulation	theorem	public	NumStability.Algorithms.GaussJordan	D01	NumStability.Algorithms.LinearSystems.GaussJordan.ErrorAnalysis.GaussJordan	reusable	relocated
NumStability.gje_cumulative_product_nonneg	theorem	public	NumStability.Algorithms.GaussJordan	D01	NumStability.Algorithms.LinearSystems.GaussJordan.ErrorAnalysis.GaussJordan	reusable	relocated
NumStability.gje_cumulative_product_oob	theorem	public	NumStability.Algorithms.GaussJordan	D01	NumStability.Algorithms.LinearSystems.GaussJordan.ErrorAnalysis.GaussJordan	reusable	relocated
NumStability.gje_cumulative_product_rhs_accumulation	theorem	public	NumStability.Algorithms.GaussJordan	D01	NumStability.Algorithms.LinearSystems.GaussJordan.ErrorAnalysis.GaussJordan	reusable	relocated
NumStability.gje_cumulative_product_step	theorem	public	NumStability.Algorithms.GaussJordan	D01	NumStability.Algorithms.LinearSystems.GaussJordan.ErrorAnalysis.GaussJordan	reusable	relocated
NumStability.gje_c₃	definition	public	NumStability.Algorithms.GaussJordan	D01	NumStability.Algorithms.LinearSystems.GaussJordan.ErrorAnalysis.GaussJordan	reusable	relocated
NumStability.gje_one_add_gamma_three_pow_sub_one_le_c3	theorem	public	NumStability.Algorithms.GaussJordan	D01	NumStability.Algorithms.LinearSystems.GaussJordan.ErrorAnalysis.GaussJordan	reusable	relocated
NumStability.gje_one_add_pow_sub_one_le_nat_mul_pred	theorem	public	NumStability.Algorithms.GaussJordan	D01	NumStability.Algorithms.LinearSystems.GaussJordan.ErrorAnalysis.GaussJordan	reusable	relocated
NumStability.gje_overall_forward_error	theorem	public	NumStability.Algorithms.GaussJordan	D01	NumStability.Algorithms.LinearSystems.GaussJordan.ErrorAnalysis.GaussJordan	reusable	relocated
NumStability.gje_overall_forward_error_of_cumulative_product_certificates	theorem	public	NumStability.Algorithms.GaussJordan	D01	NumStability.Algorithms.LinearSystems.GaussJordan.ErrorAnalysis.GaussJordan	reusable	relocated
NumStability.gje_overall_forward_error_of_cumulative_product_certificates_c3_split	theorem	public	NumStability.Algorithms.GaussJordan	D01	NumStability.Algorithms.LinearSystems.GaussJordan.ErrorAnalysis.GaussJordan	reusable	relocated
NumStability.gje_overall_forward_error_of_cumulative_product_certificates_c3_three_n	theorem	public	NumStability.Algorithms.GaussJordan	D01	NumStability.Algorithms.LinearSystems.GaussJordan.ErrorAnalysis.GaussJordan	reusable	relocated
NumStability.gje_overall_residual	theorem	public	NumStability.Algorithms.GaussJordan	D01	NumStability.Algorithms.LinearSystems.GaussJordan.ErrorAnalysis.GaussJordan	reusable	relocated
NumStability.gje_overall_residual_of_cumulative_product_certificates	theorem	public	NumStability.Algorithms.GaussJordan	D01	NumStability.Algorithms.LinearSystems.GaussJordan.ErrorAnalysis.GaussJordan	reusable	relocated
NumStability.gje_overall_residual_of_cumulative_product_certificates_c3_split	theorem	public	NumStability.Algorithms.GaussJordan	D01	NumStability.Algorithms.LinearSystems.GaussJordan.ErrorAnalysis.GaussJordan	reusable	relocated
NumStability.gje_overall_residual_of_cumulative_product_certificates_c3_three_n	theorem	public	NumStability.Algorithms.GaussJordan	D01	NumStability.Algorithms.LinearSystems.GaussJordan.ErrorAnalysis.GaussJordan	reusable	relocated
NumStability.gje_rowDiagDominantUpper_forward_error_relative_infNorm_kappaInf_of_cumulative_product_certificates_c3_cap	theorem	public	NumStability.Algorithms.GaussJordan	D01	NumStability.Algorithms.GaussJordan	reusable	retained
NumStability.gje_rowDiagDominantUpper_forward_error_relative_infNorm_kappaInf_rowsum_of_cumulative_product_certificates_c3_cap	theorem	public	NumStability.Algorithms.GaussJordan	D01	NumStability.Algorithms.GaussJordan	reusable	retained
NumStability.gje_rowDiagDominantUpper_forward_error_relative_infNorm_of_cumulative_product_certificates_c3_cap	theorem	public	NumStability.Algorithms.GaussJordan	D01	NumStability.Algorithms.GaussJordan	reusable	retained
NumStability.gje_rowDiagDominantUpper_residual_of_cumulative_product_certificates	theorem	public	NumStability.Algorithms.GaussJordan	D01	NumStability.Algorithms.GaussJordan	reusable	retained
NumStability.gje_rowDiagDominantUpper_residual_relative_infNorm_of_cumulative_product_certificates_c3_cap	theorem	public	NumStability.Algorithms.GaussJordan	D01	NumStability.Algorithms.GaussJordan	reusable	retained
NumStability.gje_rowDiagDominantUpper_residual_relative_infNorm_rowsum_of_cumulative_product_certificates_c3_cap	theorem	public	NumStability.Algorithms.GaussJordan	D01	NumStability.Algorithms.GaussJordan	reusable	retained
NumStability.gje_rowDiagDominantUpper_secondStageX_rowsumConstant	definition	public	NumStability.Algorithms.GaussJordan	D01	NumStability.Algorithms.LinearSystems.GaussJordan.ErrorAnalysis.GaussJordan	reusable	relocated
NumStability.gje_rowDiagDominantUpper_secondStageY_rowsumConstant	definition	public	NumStability.Algorithms.GaussJordan	D01	NumStability.Algorithms.LinearSystems.GaussJordan.ErrorAnalysis.GaussJordan	reusable	relocated
NumStability.gje_scalarSeqProd_const	theorem	public	NumStability.Algorithms.GaussJordan	D01	NumStability.Algorithms.LinearSystems.GaussJordan.ErrorAnalysis.GaussJordan	reusable	relocated
NumStability.gje_spd_firstStage_norm2AggregationConstant	definition	public	NumStability.Algorithms.GaussJordan	D01	NumStability.Algorithms.LinearSystems.GaussJordan.ErrorAnalysis.GaussJordan	reusable	relocated
NumStability.gje_spd_forward_error_of_cumulative_product_certificates	theorem	public	NumStability.Algorithms.GaussJordan	D01	NumStability.Algorithms.LinearSystems.GaussJordan.ErrorAnalysis.GaussJordan	reusable	relocated
NumStability.gje_spd_forward_error_relative_norm2_normConstants_of_cumulative_product_certificates_c3_cap	theorem	public	NumStability.Algorithms.GaussJordan	D01	NumStability.Algorithms.LinearSystems.GaussJordan.ErrorAnalysis.GaussJordan	reusable	relocated
NumStability.gje_spd_forward_error_relative_norm2_of_cumulative_product_certificates_c3_cap	theorem	public	NumStability.Algorithms.GaussJordan	D01	NumStability.Algorithms.LinearSystems.GaussJordan.ErrorAnalysis.GaussJordan	reusable	relocated
NumStability.gje_spd_residual	theorem	public	NumStability.Algorithms.GaussJordan	D01	NumStability.Algorithms.LinearSystems.GaussJordan.ErrorAnalysis.GaussJordan	reusable	relocated
NumStability.gje_spd_residual_of_cumulative_product_certificates	theorem	public	NumStability.Algorithms.GaussJordan	D01	NumStability.Algorithms.LinearSystems.GaussJordan.ErrorAnalysis.GaussJordan	reusable	relocated
NumStability.gje_spd_residual_relative_norm2_normConstants_of_cumulative_product_certificates_c3_cap	theorem	public	NumStability.Algorithms.GaussJordan	D01	NumStability.Algorithms.LinearSystems.GaussJordan.ErrorAnalysis.GaussJordan	reusable	relocated
NumStability.gje_spd_residual_relative_norm2_of_cumulative_product_certificates_c3_cap	theorem	public	NumStability.Algorithms.GaussJordan	D01	NumStability.Algorithms.LinearSystems.GaussJordan.ErrorAnalysis.GaussJordan	reusable	relocated
NumStability.gje_spd_secondStageX_norm2AggregationConstant	definition	public	NumStability.Algorithms.GaussJordan	D01	NumStability.Algorithms.LinearSystems.GaussJordan.ErrorAnalysis.GaussJordan	reusable	relocated
NumStability.gje_spd_secondStageY_norm2AggregationConstant	definition	public	NumStability.Algorithms.GaussJordan	D01	NumStability.Algorithms.LinearSystems.GaussJordan.ErrorAnalysis.GaussJordan	reusable	relocated
NumStability.gje_stage2_backward_error	theorem	public	NumStability.Algorithms.GaussJordan	D01	NumStability.Algorithms.LinearSystems.GaussJordan.ErrorAnalysis.GaussJordan	reusable	relocated
NumStability.gje_stage2_backward_error_of_cumulative_product_certificates	theorem	public	NumStability.Algorithms.GaussJordan	D01	NumStability.Algorithms.LinearSystems.GaussJordan.ErrorAnalysis.GaussJordan	reusable	relocated
NumStability.gje_stage2_forward_error_bound	theorem	public	NumStability.Algorithms.GaussJordan	D01	NumStability.Algorithms.LinearSystems.GaussJordan.ErrorAnalysis.GaussJordan	reusable	relocated
NumStability.gje_stage2_matrix_recurrence	theorem	public	NumStability.Algorithms.GaussJordan	D01	NumStability.Algorithms.LinearSystems.GaussJordan.ErrorAnalysis.GaussJordan	reusable	relocated
NumStability.gje_stage2_rhs_recurrence	theorem	public	NumStability.Algorithms.GaussJordan	D01	NumStability.Algorithms.LinearSystems.GaussJordan.ErrorAnalysis.GaussJordan	reusable	relocated
NumStability.higham14_absMatrix_matMulVec_mono	theorem	public	NumStability.Algorithms.MatrixInversion	D31	NumStability.Source.Higham.Chapter14.Section01.InverseErrorAnalysis.MatrixInversion	source	relocated
NumStability.higham14_absMatrix_matMulVec_nonneg	theorem	public	NumStability.Algorithms.MatrixInversion	D31	NumStability.Source.Higham.Chapter14.Section01.InverseErrorAnalysis.MatrixInversion	source	relocated
NumStability.higham14_abs_det_eq_one_of_isOrthogonal	theorem	public	NumStability.Algorithms.MatrixInversion	D27	NumStability.Source.Higham.Chapter14.Problem12.HadamardExamples.MatrixInversion	source	relocated
NumStability.higham14_amgm_all_eq_one_of_sum_eq_card_prod_eq_one	theorem	public	NumStability.Algorithms.MatrixInversion	D26	NumStability.Source.Higham.Chapter14.Problem11.HadamardCondition.MatrixInversion	source	relocated
NumStability.higham14_colNorm2	definition	public	NumStability.Algorithms.MatrixInversion	D27	NumStability.Source.Higham.Chapter14.Problem12.HadamardExamples.MatrixInversion	source	relocated
NumStability.higham14_colNorm2_matMul_orthogonal_left	theorem	public	NumStability.Algorithms.MatrixInversion	D27	NumStability.Source.Higham.Chapter14.Problem12.HadamardExamples.MatrixInversion	source	relocated
NumStability.higham14_det_rowNormDiagonal_eq_prod_rowNorm2	theorem	public	NumStability.Algorithms.MatrixInversion	D26	NumStability.Source.Higham.Chapter14.Problem11.HadamardCondition.MatrixInversion	source	relocated
NumStability.higham14_eq14_14_method2B_block_update_decomposition	theorem	public	NumStability.Algorithms.MatrixInversion	D36	NumStability.Source.Higham.Chapter14.Section02.TriangularInversion.Method2B.MatrixInversion	source	relocated
NumStability.higham14_eq14_14_method2B_block_update_delta_bound	theorem	public	NumStability.Algorithms.MatrixInversion	D36	NumStability.Source.Higham.Chapter14.Section02.TriangularInversion.Method2B.MatrixInversion	source	relocated
NumStability.higham14_eq14_14_method2B_block_update_spec_of_product_error	theorem	public	NumStability.Algorithms.MatrixInversion	D36	NumStability.Source.Higham.Chapter14.Section02.TriangularInversion.Method2B.MatrixInversion	source	relocated
NumStability.higham14_eq14_14_method2B_exact_offdiag_block_update	theorem	public	NumStability.Algorithms.MatrixInversion	D36	NumStability.Source.Higham.Chapter14.Section02.TriangularInversion.Method2B.MatrixInversion	source	relocated
NumStability.higham14_eq14_14_method2B_no_small_offdiag_residual_of_propagated_delta	theorem	public	NumStability.Algorithms.MatrixInversion	D36	NumStability.Source.Higham.Chapter14.Section02.TriangularInversion.Method2B.MatrixInversion	source	relocated
NumStability.higham14_eq14_14_method2B_no_small_offdiag_residual_of_scalar_propagated_delta	theorem	public	NumStability.Algorithms.MatrixInversion	D36	NumStability.Source.Higham.Chapter14.Section02.TriangularInversion.Method2B.MatrixInversion	source	relocated
NumStability.higham14_eq14_14_method2B_offdiag_residual_eq_delta_mul	theorem	public	NumStability.Algorithms.MatrixInversion	D36	NumStability.Source.Higham.Chapter14.Section02.TriangularInversion.Method2B.MatrixInversion	source	relocated
NumStability.higham14_eq14_20_methodD_productDelta_bound	theorem	public	NumStability.Algorithms.MatrixInversion	D41	NumStability.Source.Higham.Chapter14.Section03.LUFactorInversion.MethodD.MatrixInversion	source	relocated
NumStability.higham14_eq14_20_methodD_product_decomposition	theorem	public	NumStability.Algorithms.MatrixInversion	D41	NumStability.Source.Higham.Chapter14.Section03.LUFactorInversion.MethodD.MatrixInversion	source	relocated
NumStability.higham14_eq14_21_methodD_luDelta_bound	theorem	public	NumStability.Algorithms.MatrixInversion	D41	NumStability.Source.Higham.Chapter14.Section03.LUFactorInversion.MethodD.MatrixInversion	source	relocated
NumStability.higham14_eq14_21_methodD_lu_substitution	theorem	public	NumStability.Algorithms.MatrixInversion	D41	NumStability.Source.Higham.Chapter14.Section03.LUFactorInversion.MethodD.MatrixInversion	source	relocated
NumStability.higham14_eq14_22_methodD_left_residual_abs_le_expanded_terms	theorem	public	NumStability.Algorithms.MatrixInversion	D41	NumStability.Source.Higham.Chapter14.Section03.LUFactorInversion.MethodD.MatrixInversion	source	relocated
NumStability.higham14_eq14_22_methodD_left_residual_expansion	theorem	public	NumStability.Algorithms.MatrixInversion	D41	NumStability.Source.Higham.Chapter14.Section03.LUFactorInversion.MethodD.MatrixInversion	source	relocated
NumStability.higham14_eq14_23_methodD_left_residual_bound	theorem	public	NumStability.Algorithms.MatrixInversion	D41	NumStability.Source.Higham.Chapter14.Section03.LUFactorInversion.MethodD.MatrixInversion	source	relocated
NumStability.higham14_eq14_23_methodD_left_residual_bound_from_expanded_budget	theorem	public	NumStability.Algorithms.MatrixInversion	D41	NumStability.Source.Higham.Chapter14.Section03.LUFactorInversion.MethodD.MatrixInversion	source	relocated
NumStability.higham14_eq14_23_methodD_left_residual_bound_of_local_certificates	theorem	public	NumStability.Algorithms.MatrixInversion	D41	NumStability.Source.Higham.Chapter14.Section03.LUFactorInversion.MethodD.MatrixInversion	source	relocated
NumStability.higham14_eq14_23_methodD_left_residual_expanded_budget	theorem	public	NumStability.Algorithms.MatrixInversion	D41	NumStability.Source.Higham.Chapter14.Section03.LUFactorInversion.MethodD.MatrixInversion	source	relocated
NumStability.higham14_eq14_23_methodD_left_residual_infNorm_bound	theorem	public	NumStability.Algorithms.MatrixInversion	D41	NumStability.Source.Higham.Chapter14.Section03.LUFactorInversion.MethodD.MatrixInversion	source	relocated
NumStability.higham14_eq14_23_methodD_left_residual_infNorm_of_local_certificates	theorem	public	NumStability.Algorithms.MatrixInversion	D41	NumStability.Source.Higham.Chapter14.Section03.LUFactorInversion.MethodD.MatrixInversion	source	relocated
NumStability.higham14_eq14_23_methodD_left_residual_infNorm_product_bound	theorem	public	NumStability.Algorithms.MatrixInversion	D41	NumStability.Source.Higham.Chapter14.Section03.LUFactorInversion.MethodD.MatrixInversion	source	relocated
NumStability.higham14_eq14_23_methodD_left_residual_infNorm_product_of_local_certificates	theorem	public	NumStability.Algorithms.MatrixInversion	D41	NumStability.Source.Higham.Chapter14.Section03.LUFactorInversion.MethodD.MatrixInversion	source	relocated
NumStability.higham14_eq14_34_abs_det_eq_abs_prod_U_diag_of_LUFactSpec	theorem	public	NumStability.Algorithms.MatrixInversion	D16	NumStability.Source.Higham.Chapter14.Equation34.DeterminantFromLU.MatrixInversion	source	relocated
NumStability.higham14_eq14_34_abs_det_eq_abs_prod_U_diag_of_PermutedLUFactSpec	theorem	public	NumStability.Algorithms.MatrixInversion	D16	NumStability.Source.Higham.Chapter14.Equation34.DeterminantFromLU.MatrixInversion	source	relocated
NumStability.higham14_eq14_34_det_eq_perm_sign_mul_prod_U_diag_of_PermutedLUFactSpec	theorem	public	NumStability.Algorithms.MatrixInversion	D16	NumStability.Source.Higham.Chapter14.Equation34.DeterminantFromLU.MatrixInversion	source	relocated
NumStability.higham14_eq14_34_det_eq_prod_U_diag_of_LUFactSpec	theorem	public	NumStability.Algorithms.MatrixInversion	D16	NumStability.Source.Higham.Chapter14.Equation34.DeterminantFromLU.MatrixInversion	source	relocated
NumStability.higham14_eq14_34_perm_sign_mul_det_eq_prod_U_diag_of_PermutedLUFactSpec	theorem	public	NumStability.Algorithms.MatrixInversion	D16	NumStability.Source.Higham.Chapter14.Equation34.DeterminantFromLU.MatrixInversion	source	relocated
NumStability.higham14_eq14_35_hyman_block_lu_factorization	theorem	public	NumStability.Algorithms.MatrixInversion	D17	NumStability.Source.Higham.Chapter14.Equation35.HymanBlockFactorization.MatrixInversion	source	relocated
NumStability.higham14_eq14_36_hyman_det_cyclic_block	theorem	public	NumStability.Algorithms.MatrixInversion	D18	NumStability.Source.Higham.Chapter14.Equation36.HymanDeterminant.MatrixInversion	source	relocated
NumStability.higham14_eq14_36_hyman_det_original_of_row_permutation	theorem	public	NumStability.Algorithms.MatrixInversion	D18	NumStability.Source.Higham.Chapter14.Equation36.HymanDeterminant.MatrixInversion	source	relocated
NumStability.higham14_eq14_3_forward_error_bound_of_abs_Y_le	theorem	public	NumStability.Algorithms.MatrixInversion	D31	NumStability.Source.Higham.Chapter14.Section01.InverseErrorAnalysis.MatrixInversion	source	relocated
NumStability.higham14_eq14_3_forward_error_firstorder_plus_remainder	theorem	public	NumStability.Algorithms.MatrixInversion	D31	NumStability.Source.Higham.Chapter14.Section01.InverseErrorAnalysis.MatrixInversion	source	relocated
NumStability.higham14_eq14_3_forward_error_firstorder_replacement	theorem	public	NumStability.Algorithms.MatrixInversion	D31	NumStability.Source.Higham.Chapter14.Section01.InverseErrorAnalysis.MatrixInversion	source	relocated
NumStability.higham14_hadamardConditionNumber	definition	public	NumStability.Algorithms.MatrixInversion	D26	NumStability.Source.Higham.Chapter14.Problem11.HadamardCondition.MatrixInversion	source	relocated
NumStability.higham14_hadamardConditionNumberRaw	definition	public	NumStability.Algorithms.MatrixInversion	D26	NumStability.Source.Higham.Chapter14.Problem11.HadamardCondition.MatrixInversion	source	relocated
NumStability.higham14_hadamardConditionNumberRaw_eq_conditionNumber_of_det_pos	theorem	public	NumStability.Algorithms.MatrixInversion	D26	NumStability.Source.Higham.Chapter14.Problem11.HadamardCondition.MatrixInversion	source	relocated
NumStability.higham14_hadamardConditionNumber_eq_det_rowNormDiagonal_div_abs_det	theorem	public	NumStability.Algorithms.MatrixInversion	D26	NumStability.Source.Higham.Chapter14.Problem11.HadamardCondition.MatrixInversion	source	relocated
NumStability.higham14_hadamardConditionNumber_nonneg	theorem	public	NumStability.Algorithms.MatrixInversion	D26	NumStability.Source.Higham.Chapter14.Problem11.HadamardCondition.MatrixInversion	source	relocated
NumStability.higham14_hadamardConditionNumber_pos_of_det_ne_zero	theorem	public	NumStability.Algorithms.MatrixInversion	D26	NumStability.Source.Higham.Chapter14.Problem11.HadamardCondition.MatrixInversion	source	relocated
NumStability.higham14_hymanBlockMatrix	definition	public	NumStability.Algorithms.MatrixInversion	D17	NumStability.Source.Higham.Chapter14.Equation35.HymanBlockFactorization.MatrixInversion	source	relocated
NumStability.higham14_hymanLowerFactor	definition	public	NumStability.Algorithms.MatrixInversion	D17	NumStability.Source.Higham.Chapter14.Equation35.HymanBlockFactorization.MatrixInversion	source	relocated
NumStability.higham14_hymanRowTimesInv	definition	public	NumStability.Algorithms.MatrixInversion	D17	NumStability.Source.Higham.Chapter14.Equation35.HymanBlockFactorization.MatrixInversion	source	relocated
NumStability.higham14_hymanRowTimesInv_mul_T	theorem	public	NumStability.Algorithms.MatrixInversion	D17	NumStability.Source.Higham.Chapter14.Equation35.HymanBlockFactorization.MatrixInversion	source	relocated
NumStability.higham14_hymanSchur	definition	public	NumStability.Algorithms.MatrixInversion	D17	NumStability.Source.Higham.Chapter14.Equation35.HymanBlockFactorization.MatrixInversion	source	relocated
NumStability.higham14_hymanUpperFactor	definition	public	NumStability.Algorithms.MatrixInversion	D17	NumStability.Source.Higham.Chapter14.Equation35.HymanBlockFactorization.MatrixInversion	source	relocated
NumStability.higham14_infNorm_le_of_componentwise_abs_matmul_bound	theorem	public	NumStability.Algorithms.MatrixInversion	D07	NumStability.Analysis.Error.MatrixProducts.Contracts.MatrixInversion	reusable	relocated
NumStability.higham14_infNorm_le_of_componentwise_matmul_bound	theorem	public	NumStability.Algorithms.MatrixInversion	D07	NumStability.Analysis.Error.MatrixProducts.Contracts.MatrixInversion	reusable	relocated
NumStability.higham14_inverseLeftResidual_mulVec_add_self	theorem	public	NumStability.Algorithms.MatrixInversion	D22	NumStability.Source.Higham.Chapter14.Problem05.InverseBasedSolve.MatrixInversion	source	relocated
NumStability.higham14_method2BBlockUpdateDelta	definition	public	NumStability.Algorithms.MatrixInversion	D31	NumStability.Source.Higham.Chapter14.Section01.InverseErrorAnalysis.MatrixInversion	source	relocated
NumStability.higham14_method2BBlockUpdateExact	definition	public	NumStability.Algorithms.MatrixInversion	D31	NumStability.Source.Higham.Chapter14.Section01.InverseErrorAnalysis.MatrixInversion	source	relocated
NumStability.higham14_methodDLUBackwardDelta	definition	public	NumStability.Algorithms.MatrixInversion	D41	NumStability.Source.Higham.Chapter14.Section03.LUFactorInversion.MethodD.MatrixInversion	source	relocated
NumStability.higham14_methodDProductDelta	definition	public	NumStability.Algorithms.MatrixInversion	D41	NumStability.Source.Higham.Chapter14.Section03.LUFactorInversion.MethodD.MatrixInversion	source	relocated
NumStability.higham14_methodDXLLeftResidual	definition	public	NumStability.Algorithms.MatrixInversion	D41	NumStability.Source.Higham.Chapter14.Section03.LUFactorInversion.MethodD.MatrixInversion	source	relocated
NumStability.higham14_methodDXULeftResidual	definition	public	NumStability.Algorithms.MatrixInversion	D41	NumStability.Source.Higham.Chapter14.Section03.LUFactorInversion.MethodD.MatrixInversion	source	relocated
NumStability.higham14_methodD_abs_XL_L_diag_ge_inv_scale	theorem	public	NumStability.Algorithms.MatrixInversion	D41	NumStability.Source.Higham.Chapter14.Section03.LUFactorInversion.MethodD.MatrixInversion	source	relocated
NumStability.higham14_methodD_abs_XU_U_le_scaled_abs_product	theorem	public	NumStability.Algorithms.MatrixInversion	D41	NumStability.Source.Higham.Chapter14.Section03.LUFactorInversion.MethodD.MatrixInversion	source	relocated
NumStability.higham14_methodD_abs_Xhat_le_scaled_abs_product	theorem	public	NumStability.Algorithms.MatrixInversion	D41	NumStability.Source.Higham.Chapter14.Section03.LUFactorInversion.MethodD.MatrixInversion	source	relocated
NumStability.higham14_methodD_abs_product_assoc	theorem	public	NumStability.Algorithms.MatrixInversion	D41	NumStability.Source.Higham.Chapter14.Section03.LUFactorInversion.MethodD.MatrixInversion	source	relocated
NumStability.higham14_peiMatrix	definition	public	NumStability.Algorithms.MatrixInversion	D27	NumStability.Source.Higham.Chapter14.Problem12.HadamardExamples.MatrixInversion	source	relocated
NumStability.higham14_problem14_10_det_entry_independent_iff_adjugate_eq_zero	theorem	public	NumStability.Algorithms.MatrixInversion	D25	NumStability.Source.Higham.Chapter14.Problem10.EntryPerturbation.MatrixInversion	source	relocated
NumStability.higham14_problem14_10_det_entry_independent_of_adjugate_eq_zero	theorem	public	NumStability.Algorithms.MatrixInversion	D25	NumStability.Source.Higham.Chapter14.Problem10.EntryPerturbation.MatrixInversion	source	relocated
NumStability.higham14_problem14_10_det_entry_perturb_eq	theorem	public	NumStability.Algorithms.MatrixInversion	D25	NumStability.Source.Higham.Chapter14.Problem10.EntryPerturbation.MatrixInversion	source	relocated
NumStability.higham14_problem14_11_abs_det_eq_prod_rowNorm2_of_hadamardConditionNumber_eq_one	theorem	public	NumStability.Algorithms.MatrixInversion	D26	NumStability.Source.Higham.Chapter14.Problem11.HadamardCondition.MatrixInversion	source	relocated
NumStability.higham14_problem14_11_abs_det_eq_prod_rowNorm2_of_rowsOrthogonal	theorem	public	NumStability.Algorithms.MatrixInversion	D26	NumStability.Source.Higham.Chapter14.Problem11.HadamardCondition.MatrixInversion	source	relocated
NumStability.higham14_problem14_11_abs_det_le_prod_rowNorm2	theorem	public	NumStability.Algorithms.MatrixInversion	D26	NumStability.Source.Higham.Chapter14.Problem11.HadamardCondition.MatrixInversion	source	relocated
NumStability.higham14_problem14_11_gram_det_eq_prod_diag_of_abs_det_eq_prod_rowNorm2	theorem	public	NumStability.Algorithms.MatrixInversion	D26	NumStability.Source.Higham.Chapter14.Problem11.HadamardCondition.MatrixInversion	source	relocated
NumStability.higham14_problem14_11_gram_det_eq_prod_diag_of_hadamardConditionNumber_eq_one	theorem	public	NumStability.Algorithms.MatrixInversion	D26	NumStability.Source.Higham.Chapter14.Problem11.HadamardCondition.MatrixInversion	source	relocated
NumStability.higham14_problem14_11_hadamardConditionNumber_eq_one_iff_abs_det_eq_prod_rowNorm2	theorem	public	NumStability.Algorithms.MatrixInversion	D26	NumStability.Source.Higham.Chapter14.Problem11.HadamardCondition.MatrixInversion	source	relocated
NumStability.higham14_problem14_11_hadamardConditionNumber_eq_one_of_abs_det_eq_prod_rowNorm2	theorem	public	NumStability.Algorithms.MatrixInversion	D26	NumStability.Source.Higham.Chapter14.Problem11.HadamardCondition.MatrixInversion	source	relocated
NumStability.higham14_problem14_11_hadamardConditionNumber_eq_one_of_rowsOrthogonal	theorem	public	NumStability.Algorithms.MatrixInversion	D26	NumStability.Source.Higham.Chapter14.Problem11.HadamardCondition.MatrixInversion	source	relocated
NumStability.higham14_problem14_11_hadamardConditionNumber_ge_one_of_det_ne_zero	theorem	public	NumStability.Algorithms.MatrixInversion	D26	NumStability.Source.Higham.Chapter14.Problem11.HadamardCondition.MatrixInversion	source	relocated
NumStability.higham14_problem14_11_hadamard_det_sq_le_prod_rowNorm2_sq	theorem	public	NumStability.Algorithms.MatrixInversion	D26	NumStability.Source.Higham.Chapter14.Problem11.HadamardCondition.MatrixInversion	source	relocated
NumStability.higham14_problem14_11_posDef_offdiag_eq_zero_of_det_eq_prod_diag	theorem	public	NumStability.Algorithms.MatrixInversion	D26	NumStability.Source.Higham.Chapter14.Problem11.HadamardCondition.MatrixInversion	source	relocated
NumStability.higham14_problem14_11_rowsOrthogonal_of_abs_det_eq_prod_rowNorm2	theorem	public	NumStability.Algorithms.MatrixInversion	D26	NumStability.Source.Higham.Chapter14.Problem11.HadamardCondition.MatrixInversion	source	relocated
NumStability.higham14_problem14_11_rowsOrthogonal_of_hadamardConditionNumber_eq_one	theorem	public	NumStability.Algorithms.MatrixInversion	D26	NumStability.Source.Higham.Chapter14.Problem11.HadamardCondition.MatrixInversion	source	relocated
NumStability.higham14_problem14_12_hadamardConditionNumber_eq_prod_colNorm2_div_abs_diag_of_transpose_qr	theorem	public	NumStability.Algorithms.MatrixInversion	D27	NumStability.Source.Higham.Chapter14.Problem12.HadamardExamples.MatrixInversion	source	relocated
NumStability.higham14_problem14_12_hadamardConditionNumber_eq_prod_colNorm2_div_abs_diag_of_transpose_qr_det_product	theorem	public	NumStability.Algorithms.MatrixInversion	D27	NumStability.Source.Higham.Chapter14.Problem12.HadamardExamples.MatrixInversion	source	relocated
NumStability.higham14_problem14_12_hadamardConditionNumber_peiMatrix	theorem	public	NumStability.Algorithms.MatrixInversion	D27	NumStability.Algorithms.MatrixInversion	source	retained
NumStability.higham14_problem14_12_hadamardConditionNumber_peiMatrix_abs	theorem	public	NumStability.Algorithms.MatrixInversion	D27	NumStability.Algorithms.MatrixInversion	source	retained
NumStability.higham14_problem14_12_hadamardConditionNumber_stressUpper_one_eq_sqrt_factorial	theorem	public	NumStability.Algorithms.MatrixInversion	D27	NumStability.Algorithms.MatrixInversion	source	retained
NumStability.higham14_problem14_12_peiMatrix_det	theorem	public	NumStability.Algorithms.MatrixInversion	D27	NumStability.Algorithms.MatrixInversion	source	retained
NumStability.higham14_problem14_12_peiMatrix_prod_rowNorm2	theorem	public	NumStability.Algorithms.MatrixInversion	D27	NumStability.Source.Higham.Chapter14.Problem12.HadamardExamples.MatrixInversion	source	relocated
NumStability.higham14_problem14_12_peiMatrix_rowNorm2	theorem	public	NumStability.Algorithms.MatrixInversion	D27	NumStability.Source.Higham.Chapter14.Problem12.HadamardExamples.MatrixInversion	source	relocated
NumStability.higham14_problem14_12_peiMatrix_row_sq_sum	theorem	public	NumStability.Algorithms.MatrixInversion	D27	NumStability.Source.Higham.Chapter14.Problem12.HadamardExamples.MatrixInversion	source	relocated
NumStability.higham14_problem14_13_abs_det_eq_prod_complex_singularValue	theorem	public	NumStability.Algorithms.MatrixInversion	D28	NumStability.Source.Higham.Chapter14.Problem13.GEJBound.MatrixInversion	source	relocated
NumStability.higham14_problem14_13_abs_det_pos_of_isRightInverse	theorem	public	NumStability.Algorithms.MatrixInversion	D28	NumStability.Source.Higham.Chapter14.Problem13.GEJBound.MatrixInversion	source	relocated
NumStability.higham14_problem14_13_amgm_prod_le_pow_sum_div_card	theorem	public	NumStability.Algorithms.MatrixInversion	D28	NumStability.Source.Higham.Chapter14.Problem13.GEJBound.MatrixInversion	source	relocated
NumStability.higham14_problem14_13_complexGramLin_det_eq_prod_gramEigenvalues	theorem	public	NumStability.Algorithms.MatrixInversion	D28	NumStability.Source.Higham.Chapter14.Problem13.GEJBound.MatrixInversion	source	relocated
NumStability.higham14_problem14_13_complex_det_conjTranspose_mul_self_eq_prod_singularValue_sq	theorem	public	NumStability.Algorithms.MatrixInversion	D28	NumStability.Source.Higham.Chapter14.Problem13.GEJBound.MatrixInversion	source	relocated
NumStability.higham14_problem14_13_frobNorm_eq_sqrt_card_of_rowNorm2_eq_one	theorem	public	NumStability.Algorithms.MatrixInversion	D28	NumStability.Source.Higham.Chapter14.Problem13.GEJBound.MatrixInversion	source	relocated
NumStability.higham14_problem14_13_frobNorm_sq_eq_complexMatrixFrobeniusSq	theorem	public	NumStability.Algorithms.MatrixInversion	D28	NumStability.Source.Higham.Chapter14.Problem13.GEJBound.MatrixInversion	source	relocated
NumStability.higham14_problem14_13_frobNorm_sq_eq_sum_complex_singularValue_sq	theorem	public	NumStability.Algorithms.MatrixInversion	D28	NumStability.Source.Higham.Chapter14.Problem13.GEJBound.MatrixInversion	source	relocated
NumStability.higham14_problem14_13_gejAmgmFamily	definition	public	NumStability.Algorithms.MatrixInversion	D28	NumStability.Source.Higham.Chapter14.Problem13.GEJBound.MatrixInversion	source	relocated
NumStability.higham14_problem14_13_gejAmgmFamily_nonneg	theorem	public	NumStability.Algorithms.MatrixInversion	D28	NumStability.Source.Higham.Chapter14.Problem13.GEJBound.MatrixInversion	source	relocated
NumStability.higham14_problem14_13_gejAmgmFamily_prod	theorem	public	NumStability.Algorithms.MatrixInversion	D28	NumStability.Source.Higham.Chapter14.Problem13.GEJBound.MatrixInversion	source	relocated
NumStability.higham14_problem14_13_gejAmgmFamily_sum_add_last_singularValue_sq	theorem	public	NumStability.Algorithms.MatrixInversion	D28	NumStability.Source.Higham.Chapter14.Problem13.GEJBound.MatrixInversion	source	relocated
NumStability.higham14_problem14_13_gejAmgmFamily_sum_lt_frobNorm_sq	theorem	public	NumStability.Algorithms.MatrixInversion	D28	NumStability.Source.Higham.Chapter14.Problem13.GEJBound.MatrixInversion	source	relocated
NumStability.higham14_problem14_13_gej_bound_from_amgm_certificate	theorem	public	NumStability.Algorithms.MatrixInversion	D28	NumStability.Source.Higham.Chapter14.Problem13.GEJBound.MatrixInversion	source	relocated
NumStability.higham14_problem14_13_gej_bound_from_matrix_amgm_certificate	theorem	public	NumStability.Algorithms.MatrixInversion	D28	NumStability.Source.Higham.Chapter14.Problem13.GEJBound.MatrixInversion	source	relocated
NumStability.higham14_problem14_13_gej_bound_from_squared	theorem	public	NumStability.Algorithms.MatrixInversion	D28	NumStability.Source.Higham.Chapter14.Problem13.GEJBound.MatrixInversion	source	relocated
NumStability.higham14_problem14_13_gej_bound_of_isRightInverse	theorem	public	NumStability.Algorithms.MatrixInversion	D28	NumStability.Source.Higham.Chapter14.Problem13.GEJBound.MatrixInversion	source	relocated
NumStability.higham14_problem14_13_gej_squared_bound_from_amgm	theorem	public	NumStability.Algorithms.MatrixInversion	D28	NumStability.Source.Higham.Chapter14.Problem13.GEJBound.MatrixInversion	source	relocated
NumStability.higham14_problem14_13_hadamardConditionNumber_eq_inv_abs_det_of_rowNorm2_eq_one	theorem	public	NumStability.Algorithms.MatrixInversion	D28	NumStability.Source.Higham.Chapter14.Problem13.GEJBound.MatrixInversion	source	relocated
NumStability.higham14_problem14_13_kappa2_eq_top_div_last_singularValue_of_rightInverse	theorem	public	NumStability.Algorithms.MatrixInversion	D28	NumStability.Source.Higham.Chapter14.Problem13.GEJBound.MatrixInversion	source	relocated
NumStability.higham14_problem14_13_kappa2_lt_two_mul_hadamardConditionNumber_of_unit_rows	theorem	public	NumStability.Algorithms.MatrixInversion	D28	NumStability.Source.Higham.Chapter14.Problem13.GEJBound.MatrixInversion	source	relocated
NumStability.higham14_problem14_13_kappa_lt_two_mul_hadamardConditionNumber_of_unit_rows	theorem	public	NumStability.Algorithms.MatrixInversion	D28	NumStability.Source.Higham.Chapter14.Problem13.GEJBound.MatrixInversion	source	relocated
NumStability.higham14_problem14_13_last_singularValue_pos_of_isRightInverse	theorem	public	NumStability.Algorithms.MatrixInversion	D28	NumStability.Source.Higham.Chapter14.Problem13.GEJBound.MatrixInversion	source	relocated
NumStability.higham14_problem14_13_lowerNorm_eq_complex_last_singularValue	theorem	public	NumStability.Algorithms.MatrixInversion	D28	NumStability.Source.Higham.Chapter14.Problem13.GEJBound.MatrixInversion	source	relocated
NumStability.higham14_problem14_13_opNorm2_eq_complexMatrixOp2_realRectToCMatrix	theorem	public	NumStability.Algorithms.MatrixInversion	D28	NumStability.Source.Higham.Chapter14.Problem13.GEJBound.MatrixInversion	source	relocated
NumStability.higham14_problem14_13_opNorm2_eq_complex_top_singularValue	theorem	public	NumStability.Algorithms.MatrixInversion	D28	NumStability.Source.Higham.Chapter14.Problem13.GEJBound.MatrixInversion	source	relocated
NumStability.higham14_problem14_13_opNorm2_rightInverse_eq_inv_complex_last_singularValue	theorem	public	NumStability.Algorithms.MatrixInversion	D28	NumStability.Source.Higham.Chapter14.Problem13.GEJBound.MatrixInversion	source	relocated
NumStability.higham14_problem14_13_real_det_sq_eq_prod_complex_singularValue_sq	theorem	public	NumStability.Algorithms.MatrixInversion	D28	NumStability.Source.Higham.Chapter14.Problem13.GEJBound.MatrixInversion	source	relocated
NumStability.higham14_problem14_13_two_over_abs_det_eq_two_mul_hadamardConditionNumber	theorem	public	NumStability.Algorithms.MatrixInversion	D28	NumStability.Source.Higham.Chapter14.Problem13.GEJBound.MatrixInversion	source	relocated
NumStability.higham14_problem14_14_abs_det_original_of_upper_add_zero_diag	theorem	public	NumStability.Algorithms.MatrixInversion	D29	NumStability.Source.Higham.Chapter14.Problem14.HymanDeterminant.MatrixInversion	source	relocated
NumStability.higham14_problem14_14_det_diagonalSimilarity	theorem	public	NumStability.Algorithms.MatrixInversion	D29	NumStability.Source.Higham.Chapter14.Problem14.HymanDeterminant.MatrixInversion	source	relocated
NumStability.higham14_problem14_14_det_upper_add_zero_diag_of_abs_bound	theorem	public	NumStability.Algorithms.MatrixInversion	D29	NumStability.Source.Higham.Chapter14.Problem14.HymanDeterminant.MatrixInversion	source	relocated
NumStability.higham14_problem14_14_diagonalSimilarity	definition	public	NumStability.Algorithms.MatrixInversion	D29	NumStability.Source.Higham.Chapter14.Problem14.HymanDeterminant.MatrixInversion	source	relocated
NumStability.higham14_problem14_14_diagonalSimilarity_apply	theorem	public	NumStability.Algorithms.MatrixInversion	D29	NumStability.Source.Higham.Chapter14.Problem14.HymanDeterminant.MatrixInversion	source	relocated
NumStability.higham14_problem14_14_diagonalUnscalePerturbation	definition	public	NumStability.Algorithms.MatrixInversion	D29	NumStability.Source.Higham.Chapter14.Problem14.HymanDeterminant.MatrixInversion	source	relocated
NumStability.higham14_problem14_14_diagonalUnscalePerturbation_apply	theorem	public	NumStability.Algorithms.MatrixInversion	D29	NumStability.Source.Higham.Chapter14.Problem14.HymanDeterminant.MatrixInversion	source	relocated
NumStability.higham14_problem14_14_exists_deltaH_abs_det_original_of_diagonal_scaled_upper_add_zero_diag	theorem	public	NumStability.Algorithms.MatrixInversion	D29	NumStability.Source.Higham.Chapter14.Problem14.HymanDeterminant.MatrixInversion	source	relocated
NumStability.higham14_problem14_14_exists_deltaH_abs_det_original_of_upper_add_zero_diag	theorem	public	NumStability.Algorithms.MatrixInversion	D29	NumStability.Source.Higham.Chapter14.Problem14.HymanDeterminant.MatrixInversion	source	relocated
NumStability.higham14_problem14_14_exists_deltaH_det_original_of_diagonal_scaled_upper_add_zero_diag	theorem	public	NumStability.Algorithms.MatrixInversion	D29	NumStability.Source.Higham.Chapter14.Problem14.HymanDeterminant.MatrixInversion	source	relocated
NumStability.higham14_problem14_14_exists_deltaH_det_original_of_upper_add_zero_diag	theorem	public	NumStability.Algorithms.MatrixInversion	D29	NumStability.Source.Higham.Chapter14.Problem14.HymanDeterminant.MatrixInversion	source	relocated
NumStability.higham14_problem14_14_hyman_det_cyclic_block_of_upper_add_zero_diag	theorem	public	NumStability.Algorithms.MatrixInversion	D29	NumStability.Source.Higham.Chapter14.Problem14.HymanDeterminant.MatrixInversion	source	relocated
NumStability.higham14_problem14_14_hyman_det_original_of_upper_add_zero_diag	theorem	public	NumStability.Algorithms.MatrixInversion	D29	NumStability.Source.Higham.Chapter14.Problem14.HymanDeterminant.MatrixInversion	source	relocated
NumStability.higham14_problem14_14_unscale_deltaH_det_of_diagonal_scaled_det	theorem	public	NumStability.Algorithms.MatrixInversion	D29	NumStability.Source.Higham.Chapter14.Problem14.HymanDeterminant.MatrixInversion	source	relocated
NumStability.higham14_problem14_14_unscaled_delta_bound_of_scaled	theorem	public	NumStability.Algorithms.MatrixInversion	D29	NumStability.Source.Higham.Chapter14.Problem14.HymanDeterminant.MatrixInversion	source	relocated
NumStability.higham14_problem14_15_abs_det_add_rel_le_of_kappa2_opNorm2_singularValue_abs_sub_bound	theorem	public	NumStability.Algorithms.MatrixInversion	D30	NumStability.Source.Higham.Chapter14.Problem15.DeterminantPerturbation.MatrixInversion	source	relocated
NumStability.higham14_problem14_15_abs_det_add_rel_le_of_kappa2_opNorm2_singularValue_abs_sub_bound_inv_card_guard	theorem	public	NumStability.Algorithms.MatrixInversion	D30	NumStability.Source.Higham.Chapter14.Problem15.DeterminantPerturbation.MatrixInversion	source	relocated
NumStability.higham14_problem14_15_abs_det_add_rel_le_of_singularValue_abs_sub_bound	theorem	public	NumStability.Algorithms.MatrixInversion	D30	NumStability.Source.Higham.Chapter14.Problem15.DeterminantPerturbation.MatrixInversion	source	relocated
NumStability.higham14_problem14_15_abs_det_add_rel_le_of_singularValue_theta	theorem	public	NumStability.Algorithms.MatrixInversion	D30	NumStability.Source.Higham.Chapter14.Problem15.DeterminantPerturbation.MatrixInversion	source	relocated
NumStability.higham14_problem14_15_det_add_rel_le_of_kappa2_opNorm2_singularValue_abs_sub_bound_inv_card_guard_of_det_pos	theorem	public	NumStability.Algorithms.MatrixInversion	D30	NumStability.Source.Higham.Chapter14.Problem15.DeterminantPerturbation.MatrixInversion	source	relocated
NumStability.higham14_problem14_15_det_add_rel_le_of_kappa2_opNorm2_singularValue_abs_sub_bound_of_det_pos	theorem	public	NumStability.Algorithms.MatrixInversion	D30	NumStability.Source.Higham.Chapter14.Problem15.DeterminantPerturbation.MatrixInversion	source	relocated
NumStability.higham14_problem14_15_det_add_rel_le_of_singularValue_abs_sub_bound_of_det_pos	theorem	public	NumStability.Algorithms.MatrixInversion	D30	NumStability.Source.Higham.Chapter14.Problem15.DeterminantPerturbation.MatrixInversion	source	relocated
NumStability.higham14_problem14_15_det_add_rel_le_of_singularValue_theta_of_det_pos	theorem	public	NumStability.Algorithms.MatrixInversion	D30	NumStability.Source.Higham.Chapter14.Problem15.DeterminantPerturbation.MatrixInversion	source	relocated
NumStability.higham14_problem14_15_eps_lt_one_not_sufficient_for_product_guard	theorem	public	NumStability.Algorithms.MatrixInversion	D30	NumStability.Source.Higham.Chapter14.Problem15.DeterminantPerturbation.MatrixInversion	source	relocated
NumStability.higham14_problem14_15_last_singularValue_le_singularValue	theorem	public	NumStability.Algorithms.MatrixInversion	D30	NumStability.Source.Higham.Chapter14.Problem15.DeterminantPerturbation.MatrixInversion	source	relocated
NumStability.higham14_problem14_15_last_singularValue_pos_of_isRightInverse	theorem	public	NumStability.Algorithms.MatrixInversion	D30	NumStability.Source.Higham.Chapter14.Problem15.DeterminantPerturbation.MatrixInversion	source	relocated
NumStability.higham14_problem14_15_opNorm2Le_neg	theorem	public	NumStability.Algorithms.MatrixInversion	D30	NumStability.Source.Higham.Chapter14.Problem15.DeterminantPerturbation.MatrixInversion	source	relocated
NumStability.higham14_problem14_15_opNorm2_add_le_of_opNorm2Le	theorem	public	NumStability.Algorithms.MatrixInversion	D30	NumStability.Source.Higham.Chapter14.Problem15.DeterminantPerturbation.MatrixInversion	source	relocated
NumStability.higham14_problem14_15_opNorm2_le_kappa2_scaled_last_singularValue	theorem	public	NumStability.Algorithms.MatrixInversion	D30	NumStability.Source.Higham.Chapter14.Problem15.DeterminantPerturbation.MatrixInversion	source	relocated
NumStability.higham14_problem14_15_product_guard_of_lt_inv_card	theorem	public	NumStability.Algorithms.MatrixInversion	D30	NumStability.Source.Higham.Chapter14.Problem15.DeterminantPerturbation.MatrixInversion	source	relocated
NumStability.higham14_problem14_15_rectOpNorm2Le_neg	theorem	public	NumStability.Algorithms.MatrixInversion	D30	NumStability.Source.Higham.Chapter14.Problem15.DeterminantPerturbation.MatrixInversion	source	relocated
NumStability.higham14_problem14_15_sigmaMin_abs_sub_le_of_rectOpNorm2Le	theorem	public	NumStability.Algorithms.MatrixInversion	D30	NumStability.Source.Higham.Chapter14.Problem15.DeterminantPerturbation.MatrixInversion	source	relocated
NumStability.higham14_problem14_15_sigmaMin_add_pos_of_rectOpNorm2Le_lt	theorem	public	NumStability.Algorithms.MatrixInversion	D30	NumStability.Source.Higham.Chapter14.Problem15.DeterminantPerturbation.MatrixInversion	source	relocated
NumStability.higham14_problem14_15_sigmaMin_sub_le_sigmaMin_add_of_rectOpNorm2Le	theorem	public	NumStability.Algorithms.MatrixInversion	D30	NumStability.Source.Higham.Chapter14.Problem15.DeterminantPerturbation.MatrixInversion	source	relocated
NumStability.higham14_problem14_15_sigmaMin_sub_le_sigmaMin_of_sub_rectOpNorm2Le	theorem	public	NumStability.Algorithms.MatrixInversion	D30	NumStability.Source.Higham.Chapter14.Problem15.DeterminantPerturbation.MatrixInversion	source	relocated
NumStability.higham14_problem14_15_theta_product_bound	theorem	public	NumStability.Algorithms.MatrixInversion	D30	NumStability.Source.Higham.Chapter14.Problem15.DeterminantPerturbation.MatrixInversion	source	relocated
NumStability.higham14_problem14_15_top_singularValue_abs_sub_le_of_opNorm2Le	theorem	public	NumStability.Algorithms.MatrixInversion	D30	NumStability.Source.Higham.Chapter14.Problem15.DeterminantPerturbation.MatrixInversion	source	relocated
NumStability.higham14_problem14_15_top_singularValue_add_le_of_opNorm2Le	theorem	public	NumStability.Algorithms.MatrixInversion	D30	NumStability.Source.Higham.Chapter14.Problem15.DeterminantPerturbation.MatrixInversion	source	relocated
NumStability.higham14_problem14_3_left_over_right_residual_infNorm_le_kappa	theorem	public	NumStability.Algorithms.MatrixInversion	D20	NumStability.Source.Higham.Chapter14.Problem03.ResidualComparison.MatrixInversion	source	relocated
NumStability.higham14_problem14_3_left_residual_eq_mul_right_residual	theorem	public	NumStability.Algorithms.MatrixInversion	D20	NumStability.Source.Higham.Chapter14.Problem03.ResidualComparison.MatrixInversion	source	relocated
NumStability.higham14_problem14_3_max_residual_ratio_infNorm_le_kappa	theorem	public	NumStability.Algorithms.MatrixInversion	D20	NumStability.Source.Higham.Chapter14.Problem03.ResidualComparison.MatrixInversion	source	relocated
NumStability.higham14_problem14_3_right_over_left_residual_infNorm_le_kappa	theorem	public	NumStability.Algorithms.MatrixInversion	D20	NumStability.Source.Higham.Chapter14.Problem03.ResidualComparison.MatrixInversion	source	relocated
NumStability.higham14_problem14_3_right_residual_eq_mul_left_residual	theorem	public	NumStability.Algorithms.MatrixInversion	D20	NumStability.Source.Higham.Chapter14.Problem03.ResidualComparison.MatrixInversion	source	relocated
NumStability.higham14_problem14_4_A	definition	public	NumStability.Algorithms.MatrixInversion	D21	NumStability.Source.Higham.Chapter14.Problem04.ResidualCounterexample.MatrixInversion	source	relocated
NumStability.higham14_problem14_4_AX_eq	theorem	public	NumStability.Algorithms.MatrixInversion	D21	NumStability.Source.Higham.Chapter14.Problem04.ResidualCounterexample.MatrixInversion	source	relocated
NumStability.higham14_problem14_4_X	definition	public	NumStability.Algorithms.MatrixInversion	D21	NumStability.Source.Higham.Chapter14.Problem04.ResidualCounterexample.MatrixInversion	source	relocated
NumStability.higham14_problem14_4_XA_eq	theorem	public	NumStability.Algorithms.MatrixInversion	D21	NumStability.Source.Higham.Chapter14.Problem04.ResidualCounterexample.MatrixInversion	source	relocated
NumStability.higham14_problem14_4_left_residual_eq	theorem	public	NumStability.Algorithms.MatrixInversion	D21	NumStability.Source.Higham.Chapter14.Problem04.ResidualCounterexample.MatrixInversion	source	relocated
NumStability.higham14_problem14_4_left_residual_infNorm_eq	theorem	public	NumStability.Algorithms.MatrixInversion	D21	NumStability.Source.Higham.Chapter14.Problem04.ResidualCounterexample.MatrixInversion	source	relocated
NumStability.higham14_problem14_4_right_over_left_ratio_arbitrarily_large	theorem	public	NumStability.Algorithms.MatrixInversion	D21	NumStability.Source.Higham.Chapter14.Problem04.ResidualCounterexample.MatrixInversion	source	relocated
NumStability.higham14_problem14_4_right_over_left_ratio_ge	theorem	public	NumStability.Algorithms.MatrixInversion	D21	NumStability.Source.Higham.Chapter14.Problem04.ResidualCounterexample.MatrixInversion	source	relocated
NumStability.higham14_problem14_4_right_residual_entry_ge_inv_cube	theorem	public	NumStability.Algorithms.MatrixInversion	D21	NumStability.Source.Higham.Chapter14.Problem04.ResidualCounterexample.MatrixInversion	source	relocated
NumStability.higham14_problem14_4_right_residual_infNorm_ge_inv_cube	theorem	public	NumStability.Algorithms.MatrixInversion	D21	NumStability.Source.Higham.Chapter14.Problem04.ResidualCounterexample.MatrixInversion	source	relocated
NumStability.higham14_problem14_5_forward_error_of_residual_bound	theorem	public	NumStability.Algorithms.MatrixInversion	D22	NumStability.Source.Higham.Chapter14.Problem05.InverseBasedSolve.MatrixInversion	source	relocated
NumStability.higham14_problem14_5_left_firstorder_envelope_le_right_exact_rhs_envelope	theorem	public	NumStability.Algorithms.MatrixInversion	D22	NumStability.Source.Higham.Chapter14.Problem05.InverseBasedSolve.MatrixInversion	source	relocated
NumStability.higham14_problem14_5_left_inverse_solve_forward_error_bound	theorem	public	NumStability.Algorithms.MatrixInversion	D22	NumStability.Source.Higham.Chapter14.Problem05.InverseBasedSolve.MatrixInversion	source	relocated
NumStability.higham14_problem14_5_left_inverse_solve_forward_error_bound_of_abs_Y_le	theorem	public	NumStability.Algorithms.MatrixInversion	D22	NumStability.Source.Higham.Chapter14.Problem05.InverseBasedSolve.MatrixInversion	source	relocated
NumStability.higham14_problem14_5_left_inverse_solve_forward_error_firstorder_replacement	theorem	public	NumStability.Algorithms.MatrixInversion	D22	NumStability.Source.Higham.Chapter14.Problem05.InverseBasedSolve.MatrixInversion	source	relocated
NumStability.higham14_problem14_5_left_inverse_solve_residual_bound	theorem	public	NumStability.Algorithms.MatrixInversion	D22	NumStability.Source.Higham.Chapter14.Problem05.InverseBasedSolve.MatrixInversion	source	relocated
NumStability.higham14_problem14_5_right_inverse_solve_forward_error_bound	theorem	public	NumStability.Algorithms.MatrixInversion	D22	NumStability.Source.Higham.Chapter14.Problem05.InverseBasedSolve.MatrixInversion	source	relocated
NumStability.higham14_problem14_5_right_inverse_solve_forward_error_bound_of_abs_X_le	theorem	public	NumStability.Algorithms.MatrixInversion	D22	NumStability.Source.Higham.Chapter14.Problem05.InverseBasedSolve.MatrixInversion	source	relocated
NumStability.higham14_problem14_5_right_inverse_solve_forward_error_firstorder_replacement	theorem	public	NumStability.Algorithms.MatrixInversion	D22	NumStability.Source.Higham.Chapter14.Problem05.InverseBasedSolve.MatrixInversion	source	relocated
NumStability.higham14_problem14_5_right_inverse_solve_residual_bound	theorem	public	NumStability.Algorithms.MatrixInversion	D22	NumStability.Source.Higham.Chapter14.Problem05.InverseBasedSolve.MatrixInversion	source	relocated
NumStability.higham14_problem14_7_inverse_entries_sum_eq_one_of_col_ones	theorem	public	NumStability.Algorithms.MatrixInversion	D23	NumStability.Source.Higham.Chapter14.Problem07.OnesVector.MatrixInversion	source	relocated
NumStability.higham14_problem14_7_inverse_entries_sum_eq_one_of_row_ones	theorem	public	NumStability.Algorithms.MatrixInversion	D23	NumStability.Source.Higham.Chapter14.Problem07.OnesVector.MatrixInversion	source	relocated
NumStability.higham14_problem14_8_complexHermitianPosDef	definition	public	NumStability.Algorithms.MatrixInversion	D24	NumStability.Source.Higham.Chapter14.Problem08.ComplexInverseRealBlock.MatrixInversion	source	relocated
NumStability.higham14_problem14_8_complexQuadraticForm	definition	public	NumStability.Algorithms.MatrixInversion	D24	NumStability.Source.Higham.Chapter14.Problem08.ComplexInverseRealBlock.MatrixInversion	source	relocated
NumStability.higham14_problem14_8_complexToRealVec	definition	public	NumStability.Algorithms.MatrixInversion	D24	NumStability.Source.Higham.Chapter14.Problem08.ComplexInverseRealBlock.MatrixInversion	source	relocated
NumStability.higham14_problem14_8_complexToRealVec_realToComplexVec	theorem	public	NumStability.Algorithms.MatrixInversion	D24	NumStability.Source.Higham.Chapter14.Problem08.ComplexInverseRealBlock.MatrixInversion	source	relocated
NumStability.higham14_problem14_8_realBlockMatrix	definition	public	NumStability.Algorithms.MatrixInversion	D24	NumStability.Source.Higham.Chapter14.Problem08.ComplexInverseRealBlock.MatrixInversion	source	relocated
NumStability.higham14_problem14_8_realBlockMatrix_finiteMatVec_eq_complexToRealVec	theorem	public	NumStability.Algorithms.MatrixInversion	D24	NumStability.Source.Higham.Chapter14.Problem08.ComplexInverseRealBlock.MatrixInversion	source	relocated
NumStability.higham14_problem14_8_realBlockMatrix_inverse_of_complex	theorem	public	NumStability.Algorithms.MatrixInversion	D24	NumStability.Source.Higham.Chapter14.Problem08.ComplexInverseRealBlock.MatrixInversion	source	relocated
NumStability.higham14_problem14_8_realBlockMatrix_leftInverse_of_complex	theorem	public	NumStability.Algorithms.MatrixInversion	D24	NumStability.Source.Higham.Chapter14.Problem08.ComplexInverseRealBlock.MatrixInversion	source	relocated
NumStability.higham14_problem14_8_realBlockMatrix_quadratic_eq_complexQuadratic	theorem	public	NumStability.Algorithms.MatrixInversion	D24	NumStability.Source.Higham.Chapter14.Problem08.ComplexInverseRealBlock.MatrixInversion	source	relocated
NumStability.higham14_problem14_8_realBlockMatrix_rightInverse_of_complex	theorem	public	NumStability.Algorithms.MatrixInversion	D24	NumStability.Source.Higham.Chapter14.Problem08.ComplexInverseRealBlock.MatrixInversion	source	relocated
NumStability.higham14_problem14_8_realBlockMatrix_symPosDef_of_complexHermitianPosDef	theorem	public	NumStability.Algorithms.MatrixInversion	D24	NumStability.Source.Higham.Chapter14.Problem08.ComplexInverseRealBlock.MatrixInversion	source	relocated
NumStability.higham14_problem14_8_realBlockMatrix_symmetric_of_hermitian	theorem	public	NumStability.Algorithms.MatrixInversion	D24	NumStability.Source.Higham.Chapter14.Problem08.ComplexInverseRealBlock.MatrixInversion	source	relocated
NumStability.higham14_problem14_8_realBlockSymPosDef	definition	public	NumStability.Algorithms.MatrixInversion	D24	NumStability.Source.Higham.Chapter14.Problem08.ComplexInverseRealBlock.MatrixInversion	source	relocated
NumStability.higham14_problem14_8_realToComplexVec	definition	public	NumStability.Algorithms.MatrixInversion	D24	NumStability.Source.Higham.Chapter14.Problem08.ComplexInverseRealBlock.MatrixInversion	source	relocated
NumStability.higham14_problem14_8_realToComplexVec_complexToRealVec	theorem	public	NumStability.Algorithms.MatrixInversion	D24	NumStability.Source.Higham.Chapter14.Problem08.ComplexInverseRealBlock.MatrixInversion	source	relocated
NumStability.higham14_problem14_8_realToComplexVec_ne_zero_of_real_ne_zero	theorem	public	NumStability.Algorithms.MatrixInversion	D24	NumStability.Source.Higham.Chapter14.Problem08.ComplexInverseRealBlock.MatrixInversion	source	relocated
NumStability.higham14_rowNorm2	definition	public	NumStability.Algorithms.MatrixInversion	D26	NumStability.Source.Higham.Chapter14.Problem11.HadamardCondition.MatrixInversion	source	relocated
NumStability.higham14_rowNorm2_eq_colNorm2_of_transpose_qr	theorem	public	NumStability.Algorithms.MatrixInversion	D27	NumStability.Source.Higham.Chapter14.Problem12.HadamardExamples.MatrixInversion	source	relocated
NumStability.higham14_rowNorm2_nonneg	theorem	public	NumStability.Algorithms.MatrixInversion	D26	NumStability.Source.Higham.Chapter14.Problem11.HadamardCondition.MatrixInversion	source	relocated
NumStability.higham14_rowNorm2_pos_of_det_ne_zero	theorem	public	NumStability.Algorithms.MatrixInversion	D26	NumStability.Source.Higham.Chapter14.Problem11.HadamardCondition.MatrixInversion	source	relocated
NumStability.higham14_rowNormDiagonal	definition	public	NumStability.Algorithms.MatrixInversion	D26	NumStability.Source.Higham.Chapter14.Problem11.HadamardCondition.MatrixInversion	source	relocated
NumStability.higham14_rowsOrthogonal	definition	public	NumStability.Algorithms.MatrixInversion	D26	NumStability.Source.Higham.Chapter14.Problem11.HadamardCondition.MatrixInversion	source	relocated
NumStability.higham14_rowsOrthogonal_iff_gram_offdiag_zero	theorem	public	NumStability.Algorithms.MatrixInversion	D26	NumStability.Source.Higham.Chapter14.Problem11.HadamardCondition.MatrixInversion	source	relocated
NumStability.higham14_rowsOrthogonal_iff_hasOrthogonalRows	theorem	public	NumStability.Algorithms.MatrixInversion	D26	NumStability.Source.Higham.Chapter14.Problem11.HadamardCondition.MatrixInversion	source	relocated
NumStability.higham14_unit_roundoff_add_gamma_le_gamma_succ	theorem	public	NumStability.Algorithms.MatrixInversion	D07	NumStability.Analysis.Error.MatrixProducts.Contracts.MatrixInversion	reusable	relocated
NumStability.higham14_unit_roundoff_add_one_plus_u_mul_gamma_le_gamma_succ	theorem	public	NumStability.Algorithms.MatrixInversion	D07	NumStability.Analysis.Error.MatrixProducts.Contracts.MatrixInversion	reusable	relocated
NumStability.higham14_unit_roundoff_add_one_plus_u_mul_rounded_gamma_le_gamma_succ_succ	theorem	public	NumStability.Algorithms.MatrixInversion	D07	NumStability.Analysis.Error.MatrixProducts.Contracts.MatrixInversion	reusable	relocated
NumStability.ideal_forward_error	theorem	public	NumStability.Algorithms.MatrixInversion	D04	NumStability.Algorithms.MatrixInversion.Residuals.MatrixInversion	reusable	relocated
NumStability.ideal_left_residual	theorem	public	NumStability.Algorithms.MatrixInversion	D04	NumStability.Algorithms.MatrixInversion.Residuals.MatrixInversion	reusable	relocated
NumStability.ideal_right_residual	theorem	public	NumStability.Algorithms.MatrixInversion	D04	NumStability.Algorithms.MatrixInversion.Residuals.MatrixInversion	reusable	relocated
NumStability.inverseLeftResidual	definition	public	NumStability.Algorithms.MatrixInversion	D04	NumStability.Algorithms.MatrixInversion.Residuals.MatrixInversion	reusable	relocated
NumStability.inverseRightResidual	definition	public	NumStability.Algorithms.MatrixInversion	D04	NumStability.Algorithms.MatrixInversion.Residuals.MatrixInversion	reusable	relocated
NumStability.inversion_residual_bound	theorem	public	NumStability.Algorithms.MatrixInversion	D04	NumStability.Algorithms.MatrixInversion.Residuals.MatrixInversion	reusable	relocated
NumStability.left_right_residual_comparison	theorem	public	NumStability.Algorithms.MatrixInversion	D04	NumStability.Algorithms.MatrixInversion.Residuals.MatrixInversion	reusable	relocated
NumStability.lowerTri_column_sum_eq_diag_add_tail	theorem	public	NumStability.Algorithms.MatrixInversion	D05	NumStability.Algorithms.MatrixInversion.Triangular.ErrorAnalysis.MatrixInversion	reusable	relocated
NumStability.matrixEntryPerturb	definition	public	NumStability.Algorithms.MatrixInversion	D25	NumStability.Source.Higham.Chapter14.Problem10.EntryPerturbation.MatrixInversion	source	relocated
NumStability.methodAComputedInverse	definition	public	NumStability.Algorithms.MatrixInversion	D03	NumStability.Algorithms.MatrixInversion.LUFactors.Methods.MatrixInversion	reusable	relocated
NumStability.methodA_column_backward_error	theorem	public	NumStability.Algorithms.MatrixInversion	D02	NumStability.Algorithms.MatrixInversion.LUFactors.ErrorAnalysis.MatrixInversion	reusable	relocated
NumStability.methodA_column_backward_error_computed_inverse	theorem	public	NumStability.Algorithms.MatrixInversion	D02	NumStability.Algorithms.MatrixInversion.LUFactors.ErrorAnalysis.MatrixInversion	reusable	relocated
NumStability.methodA_column_backward_error_computed_inverse_factor_bound	theorem	public	NumStability.Algorithms.MatrixInversion	D02	NumStability.Algorithms.MatrixInversion.LUFactors.ErrorAnalysis.MatrixInversion	reusable	relocated
NumStability.methodA_column_backward_error_factor_bound	theorem	public	NumStability.Algorithms.MatrixInversion	D02	NumStability.Algorithms.MatrixInversion.LUFactors.ErrorAnalysis.MatrixInversion	reusable	relocated
NumStability.methodA_computed_inverse_entry_abs_sub_nonsingInv_le_of_lu_budget	theorem	public	NumStability.Algorithms.MatrixInversion	D02	NumStability.Algorithms.MatrixInversion.LUFactors.ErrorAnalysis.MatrixInversion	reusable	relocated
NumStability.methodA_computed_inverse_entry_abs_sub_nonsingInv_le_of_lu_factor_budget	theorem	public	NumStability.Algorithms.MatrixInversion	D02	NumStability.Algorithms.MatrixInversion.LUFactors.ErrorAnalysis.MatrixInversion	reusable	relocated
NumStability.methodA_forward_error	theorem	public	NumStability.Algorithms.MatrixInversion	D02	NumStability.Algorithms.MatrixInversion.LUFactors.ErrorAnalysis.MatrixInversion	reusable	relocated
NumStability.methodA_forward_error_of_residual_bound	theorem	public	NumStability.Algorithms.MatrixInversion	D02	NumStability.Algorithms.MatrixInversion.LUFactors.ErrorAnalysis.MatrixInversion	reusable	relocated
NumStability.methodA_right_residual	theorem	public	NumStability.Algorithms.MatrixInversion	D02	NumStability.Algorithms.MatrixInversion.LUFactors.ErrorAnalysis.MatrixInversion	reusable	relocated
NumStability.methodA_right_residual_of_column_bound	theorem	public	NumStability.Algorithms.MatrixInversion	D02	NumStability.Algorithms.MatrixInversion.LUFactors.ErrorAnalysis.MatrixInversion	reusable	relocated
NumStability.methodB_left_residual	theorem	public	NumStability.Algorithms.MatrixInversion	D02	NumStability.Algorithms.MatrixInversion.LUFactors.ErrorAnalysis.MatrixInversion	reusable	relocated
NumStability.methodC_forward_error	theorem	public	NumStability.Algorithms.MatrixInversion	D02	NumStability.Algorithms.MatrixInversion.LUFactors.ErrorAnalysis.MatrixInversion	reusable	relocated
NumStability.methodC_mixed_residual	theorem	public	NumStability.Algorithms.MatrixInversion	D02	NumStability.Algorithms.MatrixInversion.LUFactors.ErrorAnalysis.MatrixInversion	reusable	relocated
NumStability.methodD_left_residual	theorem	public	NumStability.Algorithms.MatrixInversion	D02	NumStability.Algorithms.MatrixInversion.LUFactors.ErrorAnalysis.MatrixInversion	reusable	relocated
NumStability.methodD_spd_left_residual	theorem	public	NumStability.Algorithms.MatrixInversion	D02	NumStability.Algorithms.MatrixInversion.LUFactors.ErrorAnalysis.MatrixInversion	reusable	relocated
NumStability.triInv_lower_left_residual_upper_zero	theorem	public	NumStability.Algorithms.MatrixInversion	D05	NumStability.Algorithms.MatrixInversion.Triangular.ErrorAnalysis.MatrixInversion	reusable	relocated
NumStability.triInv_method1B_column_backward_error_of_row_certificates	theorem	public	NumStability.Algorithms.MatrixInversion	D05	NumStability.Algorithms.MatrixInversion.Triangular.ErrorAnalysis.MatrixInversion	reusable	relocated
NumStability.triInv_method1B_right_residual	theorem	public	NumStability.Algorithms.MatrixInversion	D05	NumStability.Algorithms.MatrixInversion.Triangular.ErrorAnalysis.MatrixInversion	reusable	relocated
NumStability.triInv_method1B_right_residual_from_spec	theorem	public	NumStability.Algorithms.MatrixInversion	D05	NumStability.Algorithms.MatrixInversion.Triangular.ErrorAnalysis.MatrixInversion	reusable	relocated
NumStability.triInv_method1B_right_residual_normwise	theorem	public	NumStability.Algorithms.MatrixInversion	D05	NumStability.Algorithms.MatrixInversion.Triangular.ErrorAnalysis.MatrixInversion	reusable	relocated
NumStability.triInv_method1B_right_residual_normwise_from_spec	theorem	public	NumStability.Algorithms.MatrixInversion	D05	NumStability.Algorithms.MatrixInversion.Triangular.ErrorAnalysis.MatrixInversion	reusable	relocated
NumStability.triInv_method1B_right_residual_normwise_of_column_backward_error	theorem	public	NumStability.Algorithms.MatrixInversion	D05	NumStability.Algorithms.MatrixInversion.Triangular.ErrorAnalysis.MatrixInversion	reusable	relocated
NumStability.triInv_method1B_right_residual_normwise_of_row_certificates	theorem	public	NumStability.Algorithms.MatrixInversion	D05	NumStability.Algorithms.MatrixInversion.Triangular.ErrorAnalysis.MatrixInversion	reusable	relocated
NumStability.triInv_method1B_right_residual_of_column_backward_error	theorem	public	NumStability.Algorithms.MatrixInversion	D05	NumStability.Algorithms.MatrixInversion.Triangular.ErrorAnalysis.MatrixInversion	reusable	relocated
NumStability.triInv_method1B_right_residual_of_row_certificates	theorem	public	NumStability.Algorithms.MatrixInversion	D05	NumStability.Algorithms.MatrixInversion.Triangular.ErrorAnalysis.MatrixInversion	reusable	relocated
NumStability.triInv_method1B_spec_of_column_backward_error	theorem	public	NumStability.Algorithms.MatrixInversion	D05	NumStability.Algorithms.MatrixInversion.Triangular.ErrorAnalysis.MatrixInversion	reusable	relocated
NumStability.triInv_method1B_spec_of_row_certificates	theorem	public	NumStability.Algorithms.MatrixInversion	D05	NumStability.Algorithms.MatrixInversion.Triangular.ErrorAnalysis.MatrixInversion	reusable	relocated
NumStability.triInv_method1_forward_error	theorem	public	NumStability.Algorithms.MatrixInversion	D05	NumStability.Algorithms.MatrixInversion.Triangular.ErrorAnalysis.MatrixInversion	reusable	relocated
NumStability.triInv_method1_forward_error_firstorder	theorem	public	NumStability.Algorithms.MatrixInversion	D05	NumStability.Algorithms.MatrixInversion.Triangular.ErrorAnalysis.MatrixInversion	reusable	relocated
NumStability.triInv_method1_normwise_error	theorem	public	NumStability.Algorithms.MatrixInversion	D05	NumStability.Algorithms.MatrixInversion.Triangular.ErrorAnalysis.MatrixInversion	reusable	relocated
NumStability.triInv_method1_right_residual	theorem	public	NumStability.Algorithms.MatrixInversion	D05	NumStability.Algorithms.MatrixInversion.Triangular.ErrorAnalysis.MatrixInversion	reusable	relocated
NumStability.triInv_method1_right_residual_matrix	theorem	public	NumStability.Algorithms.MatrixInversion	D05	NumStability.Algorithms.MatrixInversion.Triangular.ErrorAnalysis.MatrixInversion	reusable	relocated
NumStability.triInv_method2C_left_residual	theorem	public	NumStability.Algorithms.MatrixInversion	D05	NumStability.Algorithms.MatrixInversion.Triangular.ErrorAnalysis.MatrixInversion	reusable	relocated
NumStability.triInv_method2C_left_residual_normwise	theorem	public	NumStability.Algorithms.MatrixInversion	D05	NumStability.Algorithms.MatrixInversion.Triangular.ErrorAnalysis.MatrixInversion	reusable	relocated
NumStability.triInv_method2_left_residual	theorem	public	NumStability.Algorithms.MatrixInversion	D05	NumStability.Algorithms.MatrixInversion.Triangular.ErrorAnalysis.MatrixInversion	reusable	relocated
NumStability.triInv_method2_left_residual_diag_bound	theorem	public	NumStability.Algorithms.MatrixInversion	D05	NumStability.Algorithms.MatrixInversion.Triangular.ErrorAnalysis.MatrixInversion	reusable	relocated
NumStability.triInv_method2_left_residual_diag_product_bound	theorem	public	NumStability.Algorithms.MatrixInversion	D05	NumStability.Algorithms.MatrixInversion.Triangular.ErrorAnalysis.MatrixInversion	reusable	relocated
NumStability.triInv_method2_left_residual_diag_product_bound_of_diag_upper	theorem	public	NumStability.Algorithms.MatrixInversion	D05	NumStability.Algorithms.MatrixInversion.Triangular.ErrorAnalysis.MatrixInversion	reusable	relocated
NumStability.triInv_method2_left_residual_from_region_bounds	theorem	public	NumStability.Algorithms.MatrixInversion	D05	NumStability.Algorithms.MatrixInversion.Triangular.ErrorAnalysis.MatrixInversion	reusable	relocated
NumStability.triInv_method2_left_residual_normwise	theorem	public	NumStability.Algorithms.MatrixInversion	D05	NumStability.Algorithms.MatrixInversion.Triangular.ErrorAnalysis.MatrixInversion	reusable	relocated
NumStability.triInv_method2_left_residual_normwise_of_strict_tail_kernel_spec	theorem	public	NumStability.Algorithms.MatrixInversion	D05	NumStability.Algorithms.MatrixInversion.Triangular.ErrorAnalysis.MatrixInversion	reusable	relocated
NumStability.triInv_method2_left_residual_normwise_of_strict_tail_storage	theorem	public	NumStability.Algorithms.MatrixInversion	D05	NumStability.Algorithms.MatrixInversion.Triangular.ErrorAnalysis.MatrixInversion	reusable	relocated
NumStability.triInv_method2_left_residual_of_strict_tail_fl_dot	theorem	public	NumStability.Algorithms.MatrixInversion	D05	NumStability.Algorithms.MatrixInversion.Triangular.ErrorAnalysis.MatrixInversion	reusable	relocated
NumStability.triInv_method2_left_residual_of_strict_tail_fl_dot_fl_mul	theorem	public	NumStability.Algorithms.MatrixInversion	D05	NumStability.Algorithms.MatrixInversion.Triangular.ErrorAnalysis.MatrixInversion	reusable	relocated
NumStability.triInv_method2_left_residual_of_strict_tail_gamma	theorem	public	NumStability.Algorithms.MatrixInversion	D05	NumStability.Algorithms.MatrixInversion.Triangular.ErrorAnalysis.MatrixInversion	reusable	relocated
NumStability.triInv_method2_left_residual_of_strict_tail_kernel_spec	theorem	public	NumStability.Algorithms.MatrixInversion	D05	NumStability.Algorithms.MatrixInversion.Triangular.ErrorAnalysis.MatrixInversion	reusable	relocated
NumStability.triInv_method2_left_residual_of_strict_tail_storage	theorem	public	NumStability.Algorithms.MatrixInversion	D05	NumStability.Algorithms.MatrixInversion.Triangular.ErrorAnalysis.MatrixInversion	reusable	relocated
NumStability.triInv_method2_left_residual_upper_zero	theorem	public	NumStability.Algorithms.MatrixInversion	D05	NumStability.Algorithms.MatrixInversion.Triangular.ErrorAnalysis.MatrixInversion	reusable	relocated
NumStability.triInv_method2_offdiag_scaled_residual_bound	theorem	public	NumStability.Algorithms.MatrixInversion	D05	NumStability.Algorithms.MatrixInversion.Triangular.ErrorAnalysis.MatrixInversion	reusable	relocated
NumStability.triInv_method2_offdiag_trailing_update_bound	theorem	public	NumStability.Algorithms.MatrixInversion	D05	NumStability.Algorithms.MatrixInversion.Triangular.ErrorAnalysis.MatrixInversion	reusable	relocated
NumStability.triInv_method2_offdiag_trailing_update_full_bound	theorem	public	NumStability.Algorithms.MatrixInversion	D05	NumStability.Algorithms.MatrixInversion.Triangular.ErrorAnalysis.MatrixInversion	reusable	relocated
NumStability.triInv_method2_offdiag_trailing_update_gamma_full_bound	theorem	public	NumStability.Algorithms.MatrixInversion	D05	NumStability.Algorithms.MatrixInversion.Triangular.ErrorAnalysis.MatrixInversion	reusable	relocated
NumStability.triInv_method2_offdiag_trailing_update_identity	theorem	public	NumStability.Algorithms.MatrixInversion	D05	NumStability.Algorithms.MatrixInversion.Triangular.ErrorAnalysis.MatrixInversion	reusable	relocated
NumStability.triInv_method2_offdiag_update_delta_bound	theorem	public	NumStability.Algorithms.MatrixInversion	D05	NumStability.Algorithms.MatrixInversion.Triangular.ErrorAnalysis.MatrixInversion	reusable	relocated
_private.NumStability.Algorithms.Ch14AsymptoticFamilies.0.NumStability.Ch14Ext.composed_gammaQuadraticCoefficient_isBigO_one	theorem	private	NumStability.Algorithms.Ch14AsymptoticFamilies	D31	NumStability.Algorithms.Ch14AsymptoticFamilies	source	retained
_private.NumStability.Algorithms.Ch14AsymptoticFamilies.0.NumStability.Ch14Ext.composed_gammaUnitCoefficient_isBigO_one	theorem	private	NumStability.Algorithms.Ch14AsymptoticFamilies	D31	NumStability.Algorithms.Ch14AsymptoticFamilies	source	retained
_private.NumStability.Algorithms.Ch14ForwardErrorEndpoint.0.NumStability.Ch14Ext.ch14ext_double_sum_add_scaled	theorem	private	NumStability.Algorithms.Ch14ForwardErrorEndpoint	D31	NumStability.Algorithms.Ch14ForwardErrorEndpoint	source	retained
_private.NumStability.Algorithms.Ch14ForwardErrorEndpoint.0.NumStability.Ch14Ext.ch14ext_matMulVec_matrix_add_scaled	theorem	private	NumStability.Algorithms.Ch14ForwardErrorEndpoint	D31	NumStability.Algorithms.Ch14ForwardErrorEndpoint	source	retained
_private.NumStability.Algorithms.Ch14ForwardErrorEndpoint.0.NumStability.Ch14Ext.ch14ext_matMulVec_triple_matrix_add_scaled	theorem	private	NumStability.Algorithms.Ch14ForwardErrorEndpoint	D31	NumStability.Algorithms.Ch14ForwardErrorEndpoint	source	retained
_private.NumStability.Algorithms.Ch14ForwardErrorEndpoint.0.NumStability.Ch14Ext.ch14ext_matMulVec_vector_add_scaled	theorem	private	NumStability.Algorithms.Ch14ForwardErrorEndpoint	D31	NumStability.Algorithms.Ch14ForwardErrorEndpoint	source	retained
_private.NumStability.Algorithms.Ch14ForwardErrorEndpoint.0.NumStability.Ch14Ext.ch14ext_sq_mul_isBigO_of_continuousAt	theorem	private	NumStability.Algorithms.Ch14ForwardErrorEndpoint	D31	NumStability.Algorithms.Ch14ForwardErrorEndpoint	source	retained
_private.NumStability.Algorithms.Ch14GJEAsymptoticFamilies.0.NumStability.Ch14Ext.ch14ext_gammaQuadraticCoefficient_family_isBigO_one	theorem	private	NumStability.Algorithms.Ch14GJEAsymptoticFamilies	D42	NumStability.Algorithms.Ch14GJEAsymptoticFamilies	source	retained
_private.NumStability.Algorithms.Ch14GJEAsymptoticFamilies.0.NumStability.Ch14Ext.ch14ext_gammaUnitCoefficient_family_isBigO_one	theorem	private	NumStability.Algorithms.Ch14GJEAsymptoticFamilies	D42	NumStability.Algorithms.Ch14GJEAsymptoticFamilies	source	retained
_private.NumStability.Algorithms.Ch14GJEAsymptoticFamilies.0.NumStability.Ch14Ext.ch14ext_gjeForwardQ1_family_isBigOOne	theorem	private	NumStability.Algorithms.Ch14GJEAsymptoticFamilies	D42	NumStability.Algorithms.Ch14GJEAsymptoticFamilies	source	retained
_private.NumStability.Algorithms.Ch14GJEAsymptoticFamilies.0.NumStability.Ch14Ext.ch14ext_gjeForwardQ2_family_isBigOOne	theorem	private	NumStability.Algorithms.Ch14GJEAsymptoticFamilies	D42	NumStability.Algorithms.Ch14GJEAsymptoticFamilies	source	retained
_private.NumStability.Algorithms.Ch14GJEAsymptoticFamilies.0.NumStability.Ch14Ext.ch14ext_gjeForwardRaw_family_isBigOOne	theorem	private	NumStability.Algorithms.Ch14GJEAsymptoticFamilies	D42	NumStability.Algorithms.Ch14GJEAsymptoticFamilies	source	retained
_private.NumStability.Algorithms.Ch14GJEAsymptoticFamilies.0.NumStability.Ch14Ext.ch14ext_gjeForwardT1_family_isBigOOne	theorem	private	NumStability.Algorithms.Ch14GJEAsymptoticFamilies	D42	NumStability.Algorithms.Ch14GJEAsymptoticFamilies	source	retained
_private.NumStability.Algorithms.Ch14GJEAsymptoticFamilies.0.NumStability.Ch14Ext.ch14ext_gjeForwardT2_family_isBigOOne	theorem	private	NumStability.Algorithms.Ch14GJEAsymptoticFamilies	D42	NumStability.Algorithms.Ch14GJEAsymptoticFamilies	source	retained
_private.NumStability.Algorithms.Ch14GJEAsymptoticFamilies.0.NumStability.Ch14Ext.ch14ext_gjeForwardUinvCorrection_family_isBigOOne	theorem	private	NumStability.Algorithms.Ch14GJEAsymptoticFamilies	D42	NumStability.Algorithms.Ch14GJEAsymptoticFamilies	source	retained
_private.NumStability.Algorithms.Ch14GJEAsymptoticFamilies.0.NumStability.Ch14Ext.ch14ext_gjeResidualS22_family_isBigOOne	theorem	private	NumStability.Algorithms.Ch14GJEAsymptoticFamilies	D42	NumStability.Algorithms.Ch14GJEAsymptoticFamilies	source	retained
_private.NumStability.Algorithms.Ch14GJEAsymptoticFamilies.0.NumStability.Ch14Ext.ch14ext_gjeResidualS23_family_isBigOOne	theorem	private	NumStability.Algorithms.Ch14GJEAsymptoticFamilies	D42	NumStability.Algorithms.Ch14GJEAsymptoticFamilies	source	retained
_private.NumStability.Algorithms.Ch14GJEAsymptoticFamilies.0.NumStability.Ch14Ext.ch14ext_gjeResidualS2_family_isBigOOne	theorem	private	NumStability.Algorithms.Ch14GJEAsymptoticFamilies	D42	NumStability.Algorithms.Ch14GJEAsymptoticFamilies	source	retained
_private.NumStability.Algorithms.Ch14GJEAsymptoticFamilies.0.NumStability.Ch14Ext.ch14ext_one_add_gamma_family_isBigO_one	theorem	private	NumStability.Algorithms.Ch14GJEAsymptoticFamilies	D42	NumStability.Algorithms.Ch14GJEAsymptoticFamilies	source	retained
_private.NumStability.Algorithms.Ch14GJEAsymptoticFamilies.0.NumStability.Ch14Ext.ch14ext_one_add_gamma_pow_family_isBigO_one	theorem	private	NumStability.Algorithms.Ch14GJEAsymptoticFamilies	D42	NumStability.Algorithms.Ch14GJEAsymptoticFamilies	source	retained
_private.NumStability.Algorithms.Ch14GJEAsymptoticFamilies.0.NumStability.Ch14Ext.ch14ext_one_add_gamma_pow_sub_one_family_isBigO_unit	theorem	private	NumStability.Algorithms.Ch14GJEAsymptoticFamilies	D42	NumStability.Algorithms.Ch14GJEAsymptoticFamilies	source	retained
_private.NumStability.Algorithms.Ch14GJEPrintedEnvelopeClosure.0.NumStability.Ch14Ext.ch14ext_gjeInvCumProd_unit_upper	theorem	private	NumStability.Algorithms.Ch14GJEPrintedEnvelopeClosure	D42	NumStability.Algorithms.Ch14GJEPrintedEnvelopeClosure	source	retained
_private.NumStability.Algorithms.Ch14GJEPrintedEnvelopeClosure.0.NumStability.Ch14Ext.ch14ext_gjeInvStageMatrix_diag_one	theorem	private	NumStability.Algorithms.Ch14GJEPrintedEnvelopeClosure	D42	NumStability.Algorithms.Ch14GJEPrintedEnvelopeClosure	source	retained
_private.NumStability.Algorithms.Ch14GJEPrintedEnvelopeClosure.0.NumStability.Ch14Ext.ch14ext_gjeInvStageMatrix_upper_triangular	theorem	private	NumStability.Algorithms.Ch14GJEPrintedEnvelopeClosure	D42	NumStability.Algorithms.Ch14GJEPrintedEnvelopeClosure	source	retained
_private.NumStability.Algorithms.Ch14GJEPrintedEnvelopeClosure.0.NumStability.Ch14Ext.ch14ext_gje_Pabs_le	theorem	private	NumStability.Algorithms.Ch14GJEPrintedEnvelopeClosure	D42	NumStability.Algorithms.Ch14GJEPrintedEnvelopeClosure	source	retained
_private.NumStability.Algorithms.Ch14GJEPrintedEnvelopeClosure.0.NumStability.Ch14Ext.ch14ext_gje_Q_abs_le	theorem	private	NumStability.Algorithms.Ch14GJEPrintedEnvelopeClosure	D42	NumStability.Algorithms.Ch14GJEPrintedEnvelopeClosure	source	retained
_private.NumStability.Algorithms.Ch14GJEPrintedEnvelopeClosure.0.NumStability.Ch14Ext.ch14ext_matMul_diag_one_of_unit_upper	theorem	private	NumStability.Algorithms.Ch14GJEPrintedEnvelopeClosure	D42	NumStability.Algorithms.Ch14GJEPrintedEnvelopeClosure	source	retained
_private.NumStability.Algorithms.Ch14GJEPrintedEnvelopeClosure.0.NumStability.Ch14Ext.ch14ext_matMul_upper_triangular	theorem	private	NumStability.Algorithms.Ch14GJEPrintedEnvelopeClosure	D42	NumStability.Algorithms.Ch14GJEPrintedEnvelopeClosure	source	retained
_private.NumStability.Algorithms.Ch14Method1BWhole.0.NumStability.Ch14Ext.ch14ext_m1b_castAdd_eq_iff	theorem	private	NumStability.Algorithms.Ch14Method1BWhole	D34	NumStability.Algorithms.Ch14Method1BWhole	source	retained
_private.NumStability.Algorithms.Ch14Method1BWhole.0.NumStability.Ch14Ext.ch14ext_m1b_castAdd_ne_natAdd	theorem	private	NumStability.Algorithms.Ch14Method1BWhole	D34	NumStability.Algorithms.Ch14Method1BWhole	source	retained
_private.NumStability.Algorithms.Ch14Method1BWhole.0.NumStability.Ch14Ext.ch14ext_m1b_natAdd_eq_iff	theorem	private	NumStability.Algorithms.Ch14Method1BWhole	D34	NumStability.Algorithms.Ch14Method1BWhole	source	retained
_private.NumStability.Algorithms.Ch14Method2C.0.NumStability.Ch14Ext.ch14ext_castAdd_eq_iff	theorem	private	NumStability.Algorithms.Ch14Method2C	D37	NumStability.Algorithms.Ch14Method2C	source	retained
_private.NumStability.Algorithms.Ch14Method2C.0.NumStability.Ch14Ext.ch14ext_castAdd_ne_natAdd	theorem	private	NumStability.Algorithms.Ch14Method2C	D37	NumStability.Algorithms.Ch14Method2C	source	retained
_private.NumStability.Algorithms.Ch14Method2C.0.NumStability.Ch14Ext.ch14ext_natAdd_eq_iff	theorem	private	NumStability.Algorithms.Ch14Method2C	D37	NumStability.Algorithms.Ch14Method2C	source	retained
_private.NumStability.Algorithms.Ch14Problem142.0.NumStability.Ch14Ext.higham14_problem14_2_castAdd_ne_natAdd	theorem	private	NumStability.Algorithms.Ch14Problem142	D19	NumStability.Algorithms.Ch14Problem142	source	retained
_private.NumStability.Algorithms.Ch14Problem142.0.NumStability.Ch14Ext.higham14_problem14_2_natAdd_ne_castAdd	theorem	private	NumStability.Algorithms.Ch14Problem142	D19	NumStability.Algorithms.Ch14Problem142	source	retained
_private.NumStability.Algorithms.MatrixInversion.0.NumStability.higham14_problem14_12_det_stressUpper_one	theorem	private	NumStability.Algorithms.MatrixInversion	D27	NumStability.Algorithms.MatrixInversion	source	retained
_private.NumStability.Algorithms.MatrixInversion.0.NumStability.higham14_problem14_12_peiMatrix_eq_smul_one_add_rankOne	theorem	private	NumStability.Algorithms.MatrixInversion	D27	NumStability.Algorithms.MatrixInversion	source	retained
_private.NumStability.Algorithms.MatrixInversion.0.NumStability.higham14_problem14_12_prod_fin_nat_sub_eq_factorial	theorem	private	NumStability.Algorithms.MatrixInversion	D27	NumStability.Algorithms.MatrixInversion	source	retained
_private.NumStability.Algorithms.MatrixInversion.0.NumStability.higham14_problem14_12_prod_nat_sub_eq_factorial	theorem	private	NumStability.Algorithms.MatrixInversion	D27	NumStability.Algorithms.MatrixInversion	source	retained
_private.NumStability.Algorithms.MatrixInversion.0.NumStability.higham14_problem14_12_prod_rowNorm2_stressUpper_one	theorem	private	NumStability.Algorithms.MatrixInversion	D27	NumStability.Algorithms.MatrixInversion	source	retained
_private.NumStability.Algorithms.MatrixInversion.0.NumStability.higham14_problem14_12_rowNorm2_sq_stressUpper_one	theorem	private	NumStability.Algorithms.MatrixInversion	D27	NumStability.Algorithms.MatrixInversion	source	retained
_private.NumStability.Algorithms.MatrixInversion.0.NumStability.higham14_problem14_12_rowNorm2_stressUpper_one	theorem	private	NumStability.Algorithms.MatrixInversion	D27	NumStability.Algorithms.MatrixInversion	source	retained
_private.NumStability.Algorithms.MatrixInversion.0.NumStability.higham14_problem14_12_stressUpper_one_upper	theorem	private	NumStability.Algorithms.MatrixInversion	D27	NumStability.Algorithms.MatrixInversion	source	retained
_private.NumStability.Algorithms.MatrixInversion.0.NumStability.higham14_problem14_12_sum_tail_one	theorem	private	NumStability.Algorithms.MatrixInversion	D27	NumStability.Algorithms.MatrixInversion	source	retained
