format	1
declaration	historical_module	destination_module	decision	kind	visibility	command_root	start_line
NumStability.H16_LyapunovDefinition_lyapunovOp	NumStability.Algorithms.Sylvester.SylvesterSpec	NumStability.Source.Higham.Chapter16.Section02.SylvesterAndLyapunovBackwardError.LyapunovDefinition	move_source	definition	public	NumStability.H16_LyapunovDefinition_lyapunovOp	136
NumStability.H16_LyapunovDefinition_lyapunovOp_eq_sylvesterOp	NumStability.Algorithms.Sylvester.SylvesterSpec	NumStability.Source.Higham.Chapter16.Section02.SylvesterAndLyapunovBackwardError.LyapunovDefinition	move_source	theorem	public	NumStability.H16_LyapunovDefinition_lyapunovOp_eq_sylvesterOp	143
NumStability.H16_Lyapunov_solution_iff_sylvester_special	NumStability.Algorithms.Sylvester.Higham16	NumStability.Source.Higham.Chapter16.Section03.PerturbationAndConditioning.LyapunovSolutions	move_source	theorem	public	NumStability.H16_Lyapunov_solution_iff_sylvester_special	5331
NumStability.H16_Lyapunov_solution_symmetric_of_symmetric_rhs	NumStability.Algorithms.Sylvester.Higham16	NumStability.Source.Higham.Chapter16.Section03.PerturbationAndConditioning.LyapunovSolutions	move_source	theorem	public	NumStability.H16_Lyapunov_solution_symmetric_of_symmetric_rhs	5346
NumStability.H16_Lyapunov_transpose_solution_of_symmetric_rhs	NumStability.Algorithms.Sylvester.Higham16	NumStability.Source.Higham.Chapter16.Section03.PerturbationAndConditioning.LyapunovSolutions	move_source	theorem	public	NumStability.H16_Lyapunov_transpose_solution_of_symmetric_rhs	5341
NumStability.H16_Lyapunov_unique_solution_of_sep	NumStability.Algorithms.Sylvester.Higham16	NumStability.Source.Higham.Chapter16.Section03.PerturbationAndConditioning.LyapunovSolutions	move_source	theorem	public	NumStability.H16_Lyapunov_unique_solution_of_sep	5336
NumStability.H16_eq16_10_IsBackwardError	NumStability.Algorithms.Sylvester.SylvesterSpec	NumStability.Source.Higham.Chapter16.Section02.SylvesterAndLyapunovBackwardError.Equation10	move_source	definition	public	NumStability.H16_eq16_10_IsBackwardError	166
NumStability.H16_eq16_11_residual_decomposition	NumStability.Algorithms.Sylvester.SylvesterSpec	NumStability.Source.Higham.Chapter16.Section02.SylvesterAndLyapunovBackwardError.Equation11	move_source	theorem	public	NumStability.H16_eq16_11_residual_decomposition	213
NumStability.H16_eq16_12_residual_bound	NumStability.Algorithms.Sylvester.SylvesterSpec	NumStability.Source.Higham.Chapter16.Section02.SylvesterAndLyapunovBackwardError.Equation12	move_source	theorem	public	NumStability.H16_eq16_12_residual_bound	285
NumStability.H16_eq16_13_IsSVD	NumStability.Algorithms.Sylvester.SylvesterBackward	NumStability.Source.Higham.Chapter16.Section02.SylvesterAndLyapunovBackwardError.Equation13	move_source	definition	public	NumStability.H16_eq16_13_IsSVD	78
NumStability.H16_eq16_13_svdResidual	NumStability.Algorithms.Sylvester.SylvesterBackward	NumStability.Source.Higham.Chapter16.Section02.SylvesterAndLyapunovBackwardError.Equation13	move_source	definition	public	NumStability.H16_eq16_13_svdResidual	82
NumStability.H16_eq16_13_svdResidual_frobNormSq	NumStability.Algorithms.Sylvester.SylvesterBackward	NumStability.Source.Higham.Chapter16.Section02.SylvesterAndLyapunovBackwardError.Equation13	move_source	theorem	public	NumStability.H16_eq16_13_svdResidual_frobNormSq	89
NumStability.H16_eq16_14_15_backward_error_lower_sq	NumStability.Algorithms.Sylvester.SylvesterBackward	NumStability.Source.Higham.Chapter16.Section02.SylvesterAndLyapunovBackwardError.Equation15	move_source	theorem	public	NumStability.H16_eq16_14_15_backward_error_lower_sq	157
NumStability.H16_eq16_15_backward_error_upper_component	NumStability.Algorithms.Sylvester.SylvesterBackward	NumStability.Source.Higham.Chapter16.Section02.SylvesterAndLyapunovBackwardError.Equation15	move_source	theorem	public	NumStability.H16_eq16_15_backward_error_upper_component	406
NumStability.H16_eq16_15_exists_svdOptimalPerturbations	NumStability.Algorithms.Sylvester.SylvesterBackward	NumStability.Source.Higham.Chapter16.Section02.SylvesterAndLyapunovBackwardError.Equation15	move_source	theorem	public	NumStability.H16_eq16_15_exists_svdOptimalPerturbations	421
NumStability.H16_eq16_15_svdOptimalDeltaA	NumStability.Algorithms.Sylvester.SylvesterBackward	NumStability.Source.Higham.Chapter16.Section02.SylvesterAndLyapunovBackwardError.Equation15	move_source	definition	public	NumStability.H16_eq16_15_svdOptimalDeltaA	409
NumStability.H16_eq16_15_svdOptimalDeltaA_frobNormSq_le_xiSq	NumStability.Algorithms.Sylvester.SylvesterBackward	NumStability.Source.Higham.Chapter16.Section02.SylvesterAndLyapunovBackwardError.Equation15	move_source	theorem	public	NumStability.H16_eq16_15_svdOptimalDeltaA_frobNormSq_le_xiSq	424
NumStability.H16_eq16_15_svdOptimalDeltaB	NumStability.Algorithms.Sylvester.SylvesterBackward	NumStability.Source.Higham.Chapter16.Section02.SylvesterAndLyapunovBackwardError.Equation15	move_source	definition	public	NumStability.H16_eq16_15_svdOptimalDeltaB	411
NumStability.H16_eq16_15_svdOptimalDeltaB_frobNormSq_le_xiSq	NumStability.Algorithms.Sylvester.SylvesterBackward	NumStability.Source.Higham.Chapter16.Section02.SylvesterAndLyapunovBackwardError.Equation15	move_source	theorem	public	NumStability.H16_eq16_15_svdOptimalDeltaB_frobNormSq_le_xiSq	427
NumStability.H16_eq16_15_svdOptimalDeltaC	NumStability.Algorithms.Sylvester.SylvesterBackward	NumStability.Source.Higham.Chapter16.Section02.SylvesterAndLyapunovBackwardError.Equation15	move_source	definition	public	NumStability.H16_eq16_15_svdOptimalDeltaC	413
NumStability.H16_eq16_15_svdOptimalDeltaC_frobNormSq_le_xiSq	NumStability.Algorithms.Sylvester.SylvesterBackward	NumStability.Source.Higham.Chapter16.Section02.SylvesterAndLyapunovBackwardError.Equation15	move_source	theorem	public	NumStability.H16_eq16_15_svdOptimalDeltaC_frobNormSq_le_xiSq	430
NumStability.H16_eq16_15_svdOptimalPerturbations_cost_eq_xiSq	NumStability.Algorithms.Sylvester.SylvesterBackward	NumStability.Source.Higham.Chapter16.Section02.SylvesterAndLyapunovBackwardError.Equation15	move_source	theorem	public	NumStability.H16_eq16_15_svdOptimalPerturbations_cost_eq_xiSq	418
NumStability.H16_eq16_15_svdOptimalPerturbations_frobNormSq_bounds	NumStability.Algorithms.Sylvester.SylvesterBackward	NumStability.Source.Higham.Chapter16.Section02.SylvesterAndLyapunovBackwardError.Equation15	move_source	theorem	public	NumStability.H16_eq16_15_svdOptimalPerturbations_frobNormSq_bounds	433
NumStability.H16_eq16_15_svdOptimalPerturbations_scalar_eq	NumStability.Algorithms.Sylvester.SylvesterBackward	NumStability.Source.Higham.Chapter16.Section02.SylvesterAndLyapunovBackwardError.Equation15	move_source	theorem	public	NumStability.H16_eq16_15_svdOptimalPerturbations_scalar_eq	415
NumStability.H16_eq16_16_xiSq	NumStability.Algorithms.Sylvester.SylvesterBackward	NumStability.Source.Higham.Chapter16.Section02.SylvesterAndLyapunovBackwardError.Equation16	move_source	definition	public	NumStability.H16_eq16_16_xiSq	92
NumStability.H16_eq16_16_xiSq_nonneg	NumStability.Algorithms.Sylvester.SylvesterBackward	NumStability.Source.Higham.Chapter16.Section02.SylvesterAndLyapunovBackwardError.Equation16	move_source	theorem	public	NumStability.H16_eq16_16_xiSq_nonneg	98
NumStability.H16_eq16_17_18_xiSq_amplification_bound	NumStability.Algorithms.Sylvester.SylvesterBackward	NumStability.Source.Higham.Chapter16.Section02.SylvesterAndLyapunovBackwardError.Equation18	move_source	theorem	public	NumStability.H16_eq16_17_18_xiSq_amplification_bound	622
NumStability.H16_eq16_17_19_amplification_factor_bound	NumStability.Algorithms.Sylvester.SylvesterBackward	NumStability.Source.Higham.Chapter16.Section02.SylvesterAndLyapunovBackwardError.Equation19	move_source	theorem	public	NumStability.H16_eq16_17_19_amplification_factor_bound	628
NumStability.H16_eq16_17_19_xiSq_le_mu_relative_residual_sq	NumStability.Algorithms.Sylvester.SylvesterBackward	NumStability.Source.Higham.Chapter16.Section02.SylvesterAndLyapunovBackwardError.Equation19	move_source	theorem	public	NumStability.H16_eq16_17_19_xiSq_le_mu_relative_residual_sq	634
NumStability.H16_eq16_18_sylvesterAmplificationMu	NumStability.Algorithms.Sylvester.SylvesterBackward	NumStability.Source.Higham.Chapter16.Section02.SylvesterAndLyapunovBackwardError.Equation18	move_source	definition	public	NumStability.H16_eq16_18_sylvesterAmplificationMu	450
NumStability.H16_eq16_19_one_le_sylvesterAmplificationMuSquare	NumStability.Algorithms.Sylvester.SylvesterBackward	NumStability.Source.Higham.Chapter16.Section02.SylvesterAndLyapunovBackwardError.Equation19	move_source	theorem	public	NumStability.H16_eq16_19_one_le_sylvesterAmplificationMuSquare	519
NumStability.H16_eq16_19_sylvesterAmplificationMuSquare	NumStability.Algorithms.Sylvester.SylvesterBackward	NumStability.Source.Higham.Chapter16.Section02.SylvesterAndLyapunovBackwardError.Equation19	move_source	definition	public	NumStability.H16_eq16_19_sylvesterAmplificationMuSquare	462
NumStability.H16_eq16_19_sylvesterAmplificationMu_square_eq	NumStability.Algorithms.Sylvester.SylvesterBackward	NumStability.Source.Higham.Chapter16.Section02.SylvesterAndLyapunovBackwardError.Equation19	move_source	theorem	public	NumStability.H16_eq16_19_sylvesterAmplificationMu_square_eq	479
NumStability.H16_eq16_1_matMulRect_square_eq_matMul	NumStability.Algorithms.Sylvester.Higham16	NumStability.Source.Higham.Chapter16.Section01.SylvesterEquation.Equation01	move_source	theorem	public	NumStability.H16_eq16_1_matMulRect_square_eq_matMul	41
NumStability.H16_eq16_1_sylvesterOpRect_square_eq_sylvesterOp	NumStability.Algorithms.Sylvester.Higham16	NumStability.Source.Higham.Chapter16.Section01.SylvesterEquation.Equation01	move_source	theorem	public	NumStability.H16_eq16_1_sylvesterOpRect_square_eq_sylvesterOp	46
NumStability.H16_eq16_21_IsLyapunovBackwardError	NumStability.Algorithms.Sylvester.SylvesterSpec	NumStability.Source.Higham.Chapter16.Section02.SylvesterAndLyapunovBackwardError.Equation21	move_source	definition	public	NumStability.H16_eq16_21_IsLyapunovBackwardError	184
NumStability.H16_eq16_21_exists_lyapunovOptimalPerturbations	NumStability.Algorithms.Sylvester.SylvesterBackward	NumStability.Source.Higham.Chapter16.Section02.SylvesterAndLyapunovBackwardError.Equation21	move_source	theorem	public	NumStability.H16_eq16_21_exists_lyapunovOptimalPerturbations	2957
NumStability.H16_eq16_21_isLyapunovBackwardError_sqrt_lyapunovXiSq_of_spectral_optimalPerturbations	NumStability.Algorithms.Sylvester.SylvesterBackward	NumStability.Source.Higham.Chapter16.Section02.SylvesterAndLyapunovBackwardError.Equation21	move_source	theorem	public	NumStability.H16_eq16_21_isLyapunovBackwardError_sqrt_lyapunovXiSq_of_spectral_optimalPerturbations	2960
NumStability.H16_eq16_21_isLyapunovBackwardError_sqrt_lyapunovXiSq_of_symmetric_spectral	NumStability.Algorithms.Sylvester.SylvesterBackward	NumStability.Source.Higham.Chapter16.Section02.SylvesterAndLyapunovBackwardError.Equation21	move_source	theorem	public	NumStability.H16_eq16_21_isLyapunovBackwardError_sqrt_lyapunovXiSq_of_symmetric_spectral	2963
NumStability.H16_eq16_21_lyapunovAmplificationMu	NumStability.Algorithms.Sylvester.SylvesterBackward	NumStability.Source.Higham.Chapter16.Section02.SylvesterAndLyapunovBackwardError.Equation21	move_source	definition	public	NumStability.H16_eq16_21_lyapunovAmplificationMu	2990
NumStability.H16_eq16_21_lyapunovBackwardErrorInf	NumStability.Algorithms.Sylvester.SylvesterBackward	NumStability.Source.Higham.Chapter16.Section02.SylvesterAndLyapunovBackwardError.Equation21	move_source	definition	public	NumStability.H16_eq16_21_lyapunovBackwardErrorInf	1510
NumStability.H16_eq16_21_lyapunovBackwardErrorInf_le_of_backwardError	NumStability.Algorithms.Sylvester.SylvesterBackward	NumStability.Source.Higham.Chapter16.Section02.SylvesterAndLyapunovBackwardError.Equation21	move_source	theorem	public	NumStability.H16_eq16_21_lyapunovBackwardErrorInf_le_of_backwardError	1554
NumStability.H16_eq16_21_lyapunovBackwardErrorInf_le_sqrt_lyapunovXiSq_of_symmetric_spectral	NumStability.Algorithms.Sylvester.SylvesterBackward	NumStability.Source.Higham.Chapter16.Section02.SylvesterAndLyapunovBackwardError.Equation21	move_source	theorem	public	NumStability.H16_eq16_21_lyapunovBackwardErrorInf_le_sqrt_lyapunovXiSq_of_symmetric_spectral	2969
NumStability.H16_eq16_21_lyapunovBackwardErrorInf_nonneg	NumStability.Algorithms.Sylvester.SylvesterBackward	NumStability.Source.Higham.Chapter16.Section02.SylvesterAndLyapunovBackwardError.Equation21	move_source	theorem	public	NumStability.H16_eq16_21_lyapunovBackwardErrorInf_nonneg	1551
NumStability.H16_eq16_21_lyapunovBackwardErrorValues	NumStability.Algorithms.Sylvester.SylvesterBackward	NumStability.Source.Higham.Chapter16.Section02.SylvesterAndLyapunovBackwardError.Equation21	move_source	definition	public	NumStability.H16_eq16_21_lyapunovBackwardErrorValues	1505
NumStability.H16_eq16_21_lyapunovBackwardErrorValues_bddBelow	NumStability.Algorithms.Sylvester.SylvesterBackward	NumStability.Source.Higham.Chapter16.Section02.SylvesterAndLyapunovBackwardError.Equation21	move_source	theorem	public	NumStability.H16_eq16_21_lyapunovBackwardErrorValues_bddBelow	1548
NumStability.H16_eq16_21_lyapunovBackwardErrorValues_nonempty_of_symmetric_spectral	NumStability.Algorithms.Sylvester.SylvesterBackward	NumStability.Source.Higham.Chapter16.Section02.SylvesterAndLyapunovBackwardError.Equation21	move_source	theorem	public	NumStability.H16_eq16_21_lyapunovBackwardErrorValues_nonempty_of_symmetric_spectral	2966
NumStability.H16_eq16_21_lyapunovBackwardResidual	NumStability.Algorithms.Sylvester.SylvesterBackward	NumStability.Source.Higham.Chapter16.Section02.SylvesterAndLyapunovBackwardError.Equation21	move_source	definition	public	NumStability.H16_eq16_21_lyapunovBackwardResidual	1483
NumStability.H16_eq16_21_lyapunovBackwardScalarEq	NumStability.Algorithms.Sylvester.SylvesterBackward	NumStability.Source.Higham.Chapter16.Section02.SylvesterAndLyapunovBackwardError.Equation21	move_source	definition	public	NumStability.H16_eq16_21_lyapunovBackwardScalarEq	2909
NumStability.H16_eq16_21_lyapunovBackwardScalarEq_iff_diagMatrix_eq	NumStability.Algorithms.Sylvester.SylvesterBackward	NumStability.Source.Higham.Chapter16.Section02.SylvesterAndLyapunovBackwardError.Equation21	move_source	theorem	public	NumStability.H16_eq16_21_lyapunovBackwardScalarEq_iff_diagMatrix_eq	2929
NumStability.H16_eq16_21_lyapunovBackwardScalarEq_iff_residual_eq	NumStability.Algorithms.Sylvester.SylvesterBackward	NumStability.Source.Higham.Chapter16.Section02.SylvesterAndLyapunovBackwardError.Equation21	move_source	theorem	public	NumStability.H16_eq16_21_lyapunovBackwardScalarEq_iff_residual_eq	2917
NumStability.H16_eq16_21_lyapunovBackwardScalarEq_iff_unscaled	NumStability.Algorithms.Sylvester.SylvesterBackward	NumStability.Source.Higham.Chapter16.Section02.SylvesterAndLyapunovBackwardError.Equation21	move_source	theorem	public	NumStability.H16_eq16_21_lyapunovBackwardScalarEq_iff_unscaled	2914
NumStability.H16_eq16_21_lyapunovBackwardScalarEq_of_isLyapunovBackwardError_spectral_decomposition	NumStability.Algorithms.Sylvester.SylvesterBackward	NumStability.Source.Higham.Chapter16.Section02.SylvesterAndLyapunovBackwardError.Equation21	move_source	theorem	public	NumStability.H16_eq16_21_lyapunovBackwardScalarEq_of_isLyapunovBackwardError_spectral_decomposition	2923
NumStability.H16_eq16_21_lyapunovBackwardScalarEq_of_isLyapunovBackwardError_spectral_decomposition_symm	NumStability.Algorithms.Sylvester.SylvesterBackward	NumStability.Source.Higham.Chapter16.Section02.SylvesterAndLyapunovBackwardError.Equation21	move_source	theorem	public	NumStability.H16_eq16_21_lyapunovBackwardScalarEq_of_isLyapunovBackwardError_spectral_decomposition_symm	2926
NumStability.H16_eq16_21_lyapunovBackwardScalarEq_of_spectral_decomposition	NumStability.Algorithms.Sylvester.SylvesterBackward	NumStability.Source.Higham.Chapter16.Section02.SylvesterAndLyapunovBackwardError.Equation21	move_source	theorem	public	NumStability.H16_eq16_21_lyapunovBackwardScalarEq_of_spectral_decomposition	2920
NumStability.H16_eq16_21_lyapunovOptimalDeltaA	NumStability.Algorithms.Sylvester.SylvesterBackward	NumStability.Source.Higham.Chapter16.Section02.SylvesterAndLyapunovBackwardError.Equation21	move_source	definition	public	NumStability.H16_eq16_21_lyapunovOptimalDeltaA	2937
NumStability.H16_eq16_21_lyapunovOptimalDeltaA_frobNormSq_le_xiSq	NumStability.Algorithms.Sylvester.SylvesterBackward	NumStability.Source.Higham.Chapter16.Section02.SylvesterAndLyapunovBackwardError.Equation21	move_source	theorem	public	NumStability.H16_eq16_21_lyapunovOptimalDeltaA_frobNormSq_le_xiSq	2951
NumStability.H16_eq16_21_lyapunovOptimalDeltaC	NumStability.Algorithms.Sylvester.SylvesterBackward	NumStability.Source.Higham.Chapter16.Section02.SylvesterAndLyapunovBackwardError.Equation21	move_source	definition	public	NumStability.H16_eq16_21_lyapunovOptimalDeltaC	2940
NumStability.H16_eq16_21_lyapunovOptimalDeltaC_frobNormSq_le_xiSq	NumStability.Algorithms.Sylvester.SylvesterBackward	NumStability.Source.Higham.Chapter16.Section02.SylvesterAndLyapunovBackwardError.Equation21	move_source	theorem	public	NumStability.H16_eq16_21_lyapunovOptimalDeltaC_frobNormSq_le_xiSq	2954
NumStability.H16_eq16_21_lyapunovOptimalDeltaC_symmetric	NumStability.Algorithms.Sylvester.SylvesterBackward	NumStability.Source.Higham.Chapter16.Section02.SylvesterAndLyapunovBackwardError.Equation21	move_source	theorem	public	NumStability.H16_eq16_21_lyapunovOptimalDeltaC_symmetric	2948
NumStability.H16_eq16_21_lyapunovOptimalPerturbations_scalar_eq	NumStability.Algorithms.Sylvester.SylvesterBackward	NumStability.Source.Higham.Chapter16.Section02.SylvesterAndLyapunovBackwardError.Equation21	move_source	theorem	public	NumStability.H16_eq16_21_lyapunovOptimalPerturbations_scalar_eq	2945
NumStability.H16_eq16_21_lyapunovResidual	NumStability.Algorithms.Sylvester.SylvesterSpec	NumStability.Source.Higham.Chapter16.Section02.SylvesterAndLyapunovBackwardError.Equation21	move_source	definition	public	NumStability.H16_eq16_21_lyapunovResidual	124
NumStability.H16_eq16_21_lyapunovResidual_decomposition	NumStability.Algorithms.Sylvester.SylvesterBackward	NumStability.Source.Higham.Chapter16.Section02.SylvesterAndLyapunovBackwardError.Equation21	move_source	theorem	public	NumStability.H16_eq16_21_lyapunovResidual_decomposition	1724
NumStability.H16_eq16_21_lyapunovXiSq	NumStability.Algorithms.Sylvester.SylvesterBackward	NumStability.Source.Higham.Chapter16.Section02.SylvesterAndLyapunovBackwardError.Equation21	move_source	definition	public	NumStability.H16_eq16_21_lyapunovXiSq	2932
NumStability.H16_eq16_21_lyapunovXiSqSimpleBound	NumStability.Algorithms.Sylvester.SylvesterBackward	NumStability.Source.Higham.Chapter16.Section02.SylvesterAndLyapunovBackwardError.Equation21	move_source	definition	public	NumStability.H16_eq16_21_lyapunovXiSqSimpleBound	2934
NumStability.H16_eq16_21_lyapunovXiSqSimpleBound_le_min_eigen_bound	NumStability.Algorithms.Sylvester.SylvesterBackward	NumStability.Source.Higham.Chapter16.Section02.SylvesterAndLyapunovBackwardError.Equation21	move_source	theorem	public	NumStability.H16_eq16_21_lyapunovXiSqSimpleBound_le_min_eigen_bound	2993
NumStability.H16_eq16_21_lyapunovXiSqSimpleBound_le_scaled_perturbation_cost	NumStability.Algorithms.Sylvester.SylvesterBackward	NumStability.Source.Higham.Chapter16.Section02.SylvesterAndLyapunovBackwardError.Equation21	move_source	theorem	public	NumStability.H16_eq16_21_lyapunovXiSqSimpleBound_le_scaled_perturbation_cost	2975
NumStability.H16_eq16_21_lyapunovXiSq_le_min_eigen_bound	NumStability.Algorithms.Sylvester.SylvesterBackward	NumStability.Source.Higham.Chapter16.Section02.SylvesterAndLyapunovBackwardError.Equation21	move_source	theorem	public	NumStability.H16_eq16_21_lyapunovXiSq_le_min_eigen_bound	2996
NumStability.H16_eq16_21_lyapunovXiSq_le_mu_relative_residual_sq	NumStability.Algorithms.Sylvester.SylvesterBackward	NumStability.Source.Higham.Chapter16.Section02.SylvesterAndLyapunovBackwardError.Equation21	move_source	theorem	public	NumStability.H16_eq16_21_lyapunovXiSq_le_mu_relative_residual_sq	3008
NumStability.H16_eq16_21_lyapunovXiSq_le_simple_bound	NumStability.Algorithms.Sylvester.SylvesterBackward	NumStability.Source.Higham.Chapter16.Section02.SylvesterAndLyapunovBackwardError.Equation21	move_source	theorem	public	NumStability.H16_eq16_21_lyapunovXiSq_le_simple_bound	2987
NumStability.H16_eq16_21_lyapunovXiSq_le_two_eta_sq_of_backward_error_spectral	NumStability.Algorithms.Sylvester.SylvesterBackward	NumStability.Source.Higham.Chapter16.Section02.SylvesterAndLyapunovBackwardError.Equation21	move_source	theorem	public	NumStability.H16_eq16_21_lyapunovXiSq_le_two_eta_sq_of_backward_error_spectral	2981
NumStability.H16_eq16_21_lyapunovXiSq_le_two_eta_sq_of_scalar_eq	NumStability.Algorithms.Sylvester.SylvesterBackward	NumStability.Source.Higham.Chapter16.Section02.SylvesterAndLyapunovBackwardError.Equation21	move_source	theorem	public	NumStability.H16_eq16_21_lyapunovXiSq_le_two_eta_sq_of_scalar_eq	2978
NumStability.H16_eq16_21_lyapunovXiSq_nonneg	NumStability.Algorithms.Sylvester.SylvesterBackward	NumStability.Source.Higham.Chapter16.Section02.SylvesterAndLyapunovBackwardError.Equation21	move_source	theorem	public	NumStability.H16_eq16_21_lyapunovXiSq_nonneg	2943
NumStability.H16_eq16_21_lyapunovXiSq_spectral_le_min_eigen_bound	NumStability.Algorithms.Sylvester.SylvesterBackward	NumStability.Source.Higham.Chapter16.Section02.SylvesterAndLyapunovBackwardError.Equation21	move_source	theorem	public	NumStability.H16_eq16_21_lyapunovXiSq_spectral_le_min_eigen_bound	3002
NumStability.H16_eq16_21_lyapunovXiSq_spectral_symmetric_le_min_eigen_bound	NumStability.Algorithms.Sylvester.SylvesterBackward	NumStability.Source.Higham.Chapter16.Section02.SylvesterAndLyapunovBackwardError.Equation21	move_source	theorem	public	NumStability.H16_eq16_21_lyapunovXiSq_spectral_symmetric_le_min_eigen_bound	3005
NumStability.H16_eq16_21_lyapunovXiSq_symmetric_le_min_eigen_bound	NumStability.Algorithms.Sylvester.SylvesterBackward	NumStability.Source.Higham.Chapter16.Section02.SylvesterAndLyapunovBackwardError.Equation21	move_source	theorem	public	NumStability.H16_eq16_21_lyapunovXiSq_symmetric_le_min_eigen_bound	2999
NumStability.H16_eq16_21_lyapunov_relative_residual_le_backwardErrorInf	NumStability.Algorithms.Sylvester.SylvesterBackward	NumStability.Source.Higham.Chapter16.Section02.SylvesterAndLyapunovBackwardError.Equation21	move_source	theorem	public	NumStability.H16_eq16_21_lyapunov_relative_residual_le_backwardErrorInf	1730
NumStability.H16_eq16_21_lyapunov_residual_bound_of_backward_error	NumStability.Algorithms.Sylvester.SylvesterBackward	NumStability.Source.Higham.Chapter16.Section02.SylvesterAndLyapunovBackwardError.Equation21	move_source	theorem	public	NumStability.H16_eq16_21_lyapunov_residual_bound_of_backward_error	1727
NumStability.H16_eq16_21_sqrt_lyapunovXiSq_div_two_le_lyapunovBackwardErrorInf_of_symmetric_spectral	NumStability.Algorithms.Sylvester.SylvesterBackward	NumStability.Source.Higham.Chapter16.Section02.SylvesterAndLyapunovBackwardError.Equation21	move_source	theorem	public	NumStability.H16_eq16_21_sqrt_lyapunovXiSq_div_two_le_lyapunovBackwardErrorInf_of_symmetric_spectral	2984
NumStability.H16_eq16_21_sqrt_lyapunovXiSq_le_mu_relative_residual	NumStability.Algorithms.Sylvester.SylvesterBackward	NumStability.Source.Higham.Chapter16.Section02.SylvesterAndLyapunovBackwardError.Equation21	move_source	theorem	public	NumStability.H16_eq16_21_sqrt_lyapunovXiSq_le_mu_relative_residual	3011
NumStability.H16_eq16_21_two_mul_lyapunovXiSq_eq_simple_bound_of_symmetric	NumStability.Algorithms.Sylvester.SylvesterBackward	NumStability.Source.Higham.Chapter16.Section02.SylvesterAndLyapunovBackwardError.Equation21	move_source	theorem	public	NumStability.H16_eq16_21_two_mul_lyapunovXiSq_eq_simple_bound_of_symmetric	2972
NumStability.H16_eq16_22_sylvester_perturbation_equation	NumStability.Algorithms.Sylvester.SylvesterPerturbation	NumStability.Source.Higham.Chapter16.Section03.PerturbationAndConditioning.Equation22	move_source	theorem	public	NumStability.H16_eq16_22_sylvester_perturbation_equation	65
NumStability.H16_eq16_22_sylvester_perturbation_equation_vec	NumStability.Algorithms.Sylvester.Higham16	NumStability.Source.Higham.Chapter16.Section03.PerturbationAndConditioning.Equation22	move_source	theorem	public	NumStability.H16_eq16_22_sylvester_perturbation_equation_vec	294
NumStability.H16_eq16_22_sylvester_perturbation_first_order	NumStability.Algorithms.Sylvester.SylvesterPerturbation	NumStability.Source.Higham.Chapter16.Section03.PerturbationAndConditioning.Equation22	move_source	theorem	public	NumStability.H16_eq16_22_sylvester_perturbation_first_order	68
NumStability.H16_eq16_22_sylvester_perturbation_first_order_vec	NumStability.Algorithms.Sylvester.Higham16	NumStability.Source.Higham.Chapter16.Section03.PerturbationAndConditioning.Equation22	move_source	theorem	public	NumStability.H16_eq16_22_sylvester_perturbation_first_order_vec	300
NumStability.H16_eq16_23_frobNorm_le_alpha_mul_tripleNorm	NumStability.Algorithms.Sylvester.Higham16Psi	NumStability.Source.Higham.Chapter16.Section03.PerturbationAndConditioning.Equation23	move_source	theorem	public	NumStability.H16_eq16_23_frobNorm_le_alpha_mul_tripleNorm	209
NumStability.H16_eq16_23_frobNorm_le_beta_mul_tripleNorm	NumStability.Algorithms.Sylvester.Higham16Psi	NumStability.Source.Higham.Chapter16.Section03.PerturbationAndConditioning.Equation23	move_source	theorem	public	NumStability.H16_eq16_23_frobNorm_le_beta_mul_tripleNorm	214
NumStability.H16_eq16_23_frobNorm_le_gamma_mul_tripleNorm	NumStability.Algorithms.Sylvester.Higham16Psi	NumStability.Source.Higham.Chapter16.Section03.PerturbationAndConditioning.Equation23	move_source	theorem	public	NumStability.H16_eq16_23_frobNorm_le_gamma_mul_tripleNorm	219
NumStability.H16_eq16_23_sylvesterScaledPerturbationTripleNorm	NumStability.Algorithms.Sylvester.SylvesterPerturbation	NumStability.Source.Higham.Chapter16.Section03.PerturbationAndConditioning.Equation23	move_source	definition	public	NumStability.H16_eq16_23_sylvesterScaledPerturbationTripleNorm	177
NumStability.H16_eq16_23_sylvesterScaledPerturbationTripleNorm_le_sqrt_three_mul	NumStability.Algorithms.Sylvester.SylvesterPerturbation	NumStability.Source.Higham.Chapter16.Section03.PerturbationAndConditioning.Equation23	move_source	theorem	public	NumStability.H16_eq16_23_sylvesterScaledPerturbationTripleNorm_le_sqrt_three_mul	183
NumStability.H16_eq16_23_sylvester_first_order_bound_of_pos_le_sylvesterSepInf	NumStability.Algorithms.Sylvester.Higham16Psi	NumStability.Source.Higham.Chapter16.Section03.PerturbationAndConditioning.Equation23	move_source	theorem	public	NumStability.H16_eq16_23_sylvester_first_order_bound_of_pos_le_sylvesterSepInf	463
NumStability.H16_eq16_23_sylvester_first_order_bound_of_sepLowerBound	NumStability.Algorithms.Sylvester.Higham16Psi	NumStability.Source.Higham.Chapter16.Section03.PerturbationAndConditioning.Equation23	move_source	theorem	public	NumStability.H16_eq16_23_sylvester_first_order_bound_of_sepLowerBound	442
NumStability.H16_eq16_23_sylvester_first_order_rhs_frobNorm_le	NumStability.Algorithms.Sylvester.Higham16Psi	NumStability.Source.Higham.Chapter16.Section03.PerturbationAndConditioning.Equation23	move_source	theorem	public	NumStability.H16_eq16_23_sylvester_first_order_rhs_frobNorm_le	225
NumStability.H16_eq16_23_sylvester_relative_first_order_bound_of_psi	NumStability.Algorithms.Sylvester.SylvesterPerturbation	NumStability.Source.Higham.Chapter16.Section03.PerturbationAndConditioning.Equation23	move_source	theorem	public	NumStability.H16_eq16_23_sylvester_relative_first_order_bound_of_psi	189
NumStability.H16_eq16_24_SylvesterInverseOpBound	NumStability.Algorithms.Sylvester.Higham16Psi	NumStability.Source.Higham.Chapter16.Section03.PerturbationAndConditioning.Equation24	move_source	definition	public	NumStability.H16_eq16_24_SylvesterInverseOpBound	244
NumStability.H16_eq16_24_SylvesterPsiFirstOrderBound	NumStability.Algorithms.Sylvester.SylvesterPerturbation	NumStability.Source.Higham.Chapter16.Section03.PerturbationAndConditioning.Equation24	move_source	definition	public	NumStability.H16_eq16_24_SylvesterPsiFirstOrderBound	186
NumStability.H16_eq16_24_structured_condition_diagonal	NumStability.Algorithms.Sylvester.Higham16Psi	NumStability.Source.Higham.Chapter16.Section03.PerturbationAndConditioning.Equation24	move_source	theorem	public	NumStability.H16_eq16_24_structured_condition_diagonal	748
NumStability.H16_eq16_24_structured_condition_of_pos_le_sylvesterSepInf	NumStability.Algorithms.Sylvester.Higham16Psi	NumStability.Source.Higham.Chapter16.Section03.PerturbationAndConditioning.Equation24	move_source	theorem	public	NumStability.H16_eq16_24_structured_condition_of_pos_le_sylvesterSepInf	524
NumStability.H16_eq16_24_structured_condition_of_sepLowerBound	NumStability.Algorithms.Sylvester.Higham16Psi	NumStability.Source.Higham.Chapter16.Section03.PerturbationAndConditioning.Equation24	move_source	theorem	public	NumStability.H16_eq16_24_structured_condition_of_sepLowerBound	484
NumStability.H16_eq16_24_sylvesterInverseOpBound_of_sepLowerBound	NumStability.Algorithms.Sylvester.Higham16Psi	NumStability.Source.Higham.Chapter16.Section03.PerturbationAndConditioning.Equation24	move_source	theorem	public	NumStability.H16_eq16_24_sylvesterInverseOpBound_of_sepLowerBound	421
NumStability.H16_eq16_24_sylvesterPsiDiagonal	NumStability.Algorithms.Sylvester.Higham16Psi	NumStability.Source.Higham.Chapter16.Section03.PerturbationAndConditioning.Equation24	move_source	definition	public	NumStability.H16_eq16_24_sylvesterPsiDiagonal	713
NumStability.H16_eq16_24_sylvesterPsiDiagonal_isPsiFirstOrderBound	NumStability.Algorithms.Sylvester.Higham16Psi	NumStability.Source.Higham.Chapter16.Section03.PerturbationAndConditioning.Equation24	move_source	theorem	public	NumStability.H16_eq16_24_sylvesterPsiDiagonal_isPsiFirstOrderBound	741
NumStability.H16_eq16_24_sylvesterPsi_of_inverseOpBound	NumStability.Algorithms.Sylvester.Higham16Psi	NumStability.Source.Higham.Chapter16.Section03.PerturbationAndConditioning.Equation24	move_source	definition	public	NumStability.H16_eq16_24_sylvesterPsi_of_inverseOpBound	288
NumStability.H16_eq16_24_sylvesterPsi_of_inverseOpBound_isPsiFirstOrderBound	NumStability.Algorithms.Sylvester.Higham16Psi	NumStability.Source.Higham.Chapter16.Section03.PerturbationAndConditioning.Equation24	move_source	theorem	public	NumStability.H16_eq16_24_sylvesterPsi_of_inverseOpBound_isPsiFirstOrderBound	427
NumStability.H16_eq16_24_sylvesterPsi_of_pos_le_sylvesterSepInf_isPsiFirstOrderBound	NumStability.Algorithms.Sylvester.Higham16Psi	NumStability.Source.Higham.Chapter16.Section03.PerturbationAndConditioning.Equation24	move_source	theorem	public	NumStability.H16_eq16_24_sylvesterPsi_of_pos_le_sylvesterSepInf_isPsiFirstOrderBound	439
NumStability.H16_eq16_24_sylvesterPsi_of_sepLowerBound_isPsiFirstOrderBound	NumStability.Algorithms.Sylvester.Higham16Psi	NumStability.Source.Higham.Chapter16.Section03.PerturbationAndConditioning.Equation24	move_source	theorem	public	NumStability.H16_eq16_24_sylvesterPsi_of_sepLowerBound_isPsiFirstOrderBound	433
NumStability.H16_eq16_24_sylvester_relative_first_order_bound_diagonal	NumStability.Algorithms.Sylvester.Higham16Psi	NumStability.Source.Higham.Chapter16.Section03.PerturbationAndConditioning.Equation24	move_source	theorem	public	NumStability.H16_eq16_24_sylvester_relative_first_order_bound_diagonal	812
NumStability.H16_eq16_24_sylvester_relative_first_order_bound_of_pos_le_sylvesterSepInf	NumStability.Algorithms.Sylvester.Higham16Psi	NumStability.Source.Higham.Chapter16.Section03.PerturbationAndConditioning.Equation24	move_source	theorem	public	NumStability.H16_eq16_24_sylvester_relative_first_order_bound_of_pos_le_sylvesterSepInf	629
NumStability.H16_eq16_24_sylvester_relative_first_order_bound_of_sepLowerBound	NumStability.Algorithms.Sylvester.Higham16Psi	NumStability.Source.Higham.Chapter16.Section03.PerturbationAndConditioning.Equation24	move_source	theorem	public	NumStability.H16_eq16_24_sylvester_relative_first_order_bound_of_sepLowerBound	605
NumStability.H16_eq16_25_condSylvester	NumStability.Algorithms.Sylvester.SylvesterPerturbation	NumStability.Source.Higham.Chapter16.Section03.PerturbationAndConditioning.Equation25	move_source	definition	public	NumStability.H16_eq16_25_condSylvester	503
NumStability.H16_eq16_25_sylvester_perturbation_bound	NumStability.Algorithms.Sylvester.SylvesterPerturbation	NumStability.Source.Higham.Chapter16.Section03.PerturbationAndConditioning.Equation25	move_source	theorem	public	NumStability.H16_eq16_25_sylvester_perturbation_bound	508
NumStability.H16_eq16_25_sylvester_perturbation_bound_diagonal_of_entrywise_abs_ge_total	NumStability.Algorithms.Sylvester.Higham16	NumStability.Source.Higham.Chapter16.Section03.PerturbationAndConditioning.Equation25	move_source	theorem	public	NumStability.H16_eq16_25_sylvester_perturbation_bound_diagonal_of_entrywise_abs_ge_total	7600
NumStability.H16_eq16_25_sylvester_perturbation_bound_of_pos_le_sylvesterSepInf_total	NumStability.Algorithms.Sylvester.Higham16	NumStability.Source.Higham.Chapter16.Section03.PerturbationAndConditioning.Equation25	move_source	theorem	public	NumStability.H16_eq16_25_sylvester_perturbation_bound_of_pos_le_sylvesterSepInf_total	7588
NumStability.H16_eq16_25_sylvester_relative_perturbation	NumStability.Algorithms.Sylvester.SylvesterPerturbation	NumStability.Source.Higham.Chapter16.Section03.PerturbationAndConditioning.Equation25	move_source	theorem	public	NumStability.H16_eq16_25_sylvester_relative_perturbation	511
NumStability.H16_eq16_25_sylvester_relative_perturbation_diagonal_of_entrywise_abs_ge_total	NumStability.Algorithms.Sylvester.Higham16	NumStability.Source.Higham.Chapter16.Section03.PerturbationAndConditioning.Equation25	move_source	theorem	public	NumStability.H16_eq16_25_sylvester_relative_perturbation_diagonal_of_entrywise_abs_ge_total	7606
NumStability.H16_eq16_25_sylvester_relative_perturbation_of_pos_le_sylvesterSepInf_total	NumStability.Algorithms.Sylvester.Higham16	NumStability.Source.Higham.Chapter16.Section03.PerturbationAndConditioning.Equation25	move_source	theorem	public	NumStability.H16_eq16_25_sylvester_relative_perturbation_of_pos_le_sylvesterSepInf_total	7594
NumStability.H16_eq16_26_SepLowerBound_diagonal_of_entrywise_abs_ge	NumStability.Algorithms.Sylvester.Higham16	NumStability.Source.Higham.Chapter16.Section03.PerturbationAndConditioning.Equation26	move_source	theorem	public	NumStability.H16_eq16_26_SepLowerBound_diagonal_of_entrywise_abs_ge	5624
NumStability.H16_eq16_26_SepLowerBound_iff_pos_le_sylvesterSepInf_of_nonempty	NumStability.Algorithms.Sylvester.Higham16	NumStability.Source.Higham.Chapter16.Section03.PerturbationAndConditioning.Equation26	move_source	theorem	public	NumStability.H16_eq16_26_SepLowerBound_iff_pos_le_sylvesterSepInf_of_nonempty	5738
NumStability.H16_eq16_26_SepLowerBound_iff_pos_le_sylvesterSepInf_of_pos_dim	NumStability.Algorithms.Sylvester.Higham16	NumStability.Source.Higham.Chapter16.Section03.PerturbationAndConditioning.Equation26	move_source	theorem	public	NumStability.H16_eq16_26_SepLowerBound_iff_pos_le_sylvesterSepInf_of_pos_dim	5744
NumStability.H16_eq16_26_SepLowerBound_le_sylvesterSepInf_of_nonempty	NumStability.Algorithms.Sylvester.Higham16	NumStability.Source.Higham.Chapter16.Section03.PerturbationAndConditioning.Equation26	move_source	theorem	public	NumStability.H16_eq16_26_SepLowerBound_le_sylvesterSepInf_of_nonempty	5720
NumStability.H16_eq16_26_SepLowerBound_le_sylvesterSepInf_of_pos_dim	NumStability.Algorithms.Sylvester.Higham16	NumStability.Source.Higham.Chapter16.Section03.PerturbationAndConditioning.Equation26	move_source	theorem	public	NumStability.H16_eq16_26_SepLowerBound_le_sylvesterSepInf_of_pos_dim	5726
NumStability.H16_eq16_26_SepLowerBound_lyapunov_diagonal_of_entrywise_abs_ge	NumStability.Algorithms.Sylvester.Higham16Lyapunov	NumStability.Source.Higham.Chapter16.Section03.PerturbationAndConditioning.Equation26	move_source	theorem	public	NumStability.H16_eq16_26_SepLowerBound_lyapunov_diagonal_of_entrywise_abs_ge	1362
NumStability.H16_eq16_26_SepLowerBound_of_pos_le_sylvesterSepInf	NumStability.Algorithms.Sylvester.Higham16	NumStability.Source.Higham.Chapter16.Section03.PerturbationAndConditioning.Equation26	move_source	theorem	public	NumStability.H16_eq16_26_SepLowerBound_of_pos_le_sylvesterSepInf	5732
NumStability.H16_eq16_26_exists_nonzero_sylvesterOp_diagonal_kernel_of_common_entry	NumStability.Algorithms.Sylvester.Higham16	NumStability.Source.Higham.Chapter16.Section03.PerturbationAndConditioning.Equation26	move_source	theorem	public	NumStability.H16_eq16_26_exists_nonzero_sylvesterOp_diagonal_kernel_of_common_entry	5630
NumStability.H16_eq16_26_sylvesterSepInf	NumStability.Algorithms.Sylvester.Higham16	NumStability.Source.Higham.Chapter16.Section03.PerturbationAndConditioning.Equation26	move_source	definition	public	NumStability.H16_eq16_26_sylvesterSepInf	5423
NumStability.H16_eq16_26_sylvesterSepInf_diagonal_eq_zero_of_common_entry	NumStability.Algorithms.Sylvester.Higham16	NumStability.Source.Higham.Chapter16.Section03.PerturbationAndConditioning.Equation26	move_source	theorem	public	NumStability.H16_eq16_26_sylvesterSepInf_diagonal_eq_zero_of_common_entry	5635
NumStability.H16_eq16_26_sylvesterSepInf_diagonal_ge_of_entrywise_abs_ge	NumStability.Algorithms.Sylvester.Higham16	NumStability.Source.Higham.Chapter16.Section03.PerturbationAndConditioning.Equation26	move_source	theorem	public	NumStability.H16_eq16_26_sylvesterSepInf_diagonal_ge_of_entrywise_abs_ge	5641
NumStability.H16_eq16_26_sylvesterSepInf_diagonal_ge_of_entrywise_abs_ge_of_pos_dim	NumStability.Algorithms.Sylvester.Higham16	NumStability.Source.Higham.Chapter16.Section03.PerturbationAndConditioning.Equation26	move_source	theorem	public	NumStability.H16_eq16_26_sylvesterSepInf_diagonal_ge_of_entrywise_abs_ge_of_pos_dim	5647
NumStability.H16_eq16_26_sylvesterSepInf_le_ratio	NumStability.Algorithms.Sylvester.Higham16	NumStability.Source.Higham.Chapter16.Section03.PerturbationAndConditioning.Equation26	move_source	theorem	public	NumStability.H16_eq16_26_sylvesterSepInf_le_ratio	5441
NumStability.H16_eq16_26_sylvesterSepInf_lyapunov_diagonal_ge_of_entrywise_abs_ge	NumStability.Algorithms.Sylvester.Higham16Lyapunov	NumStability.Source.Higham.Chapter16.Section03.PerturbationAndConditioning.Equation26	move_source	theorem	public	NumStability.H16_eq16_26_sylvesterSepInf_lyapunov_diagonal_ge_of_entrywise_abs_ge	1367
NumStability.H16_eq16_26_sylvesterSepInf_nonneg	NumStability.Algorithms.Sylvester.Higham16	NumStability.Source.Higham.Chapter16.Section03.PerturbationAndConditioning.Equation26	move_source	theorem	public	NumStability.H16_eq16_26_sylvesterSepInf_nonneg	5435
NumStability.H16_eq16_26_sylvesterSepRatios	NumStability.Algorithms.Sylvester.Higham16	NumStability.Source.Higham.Chapter16.Section03.PerturbationAndConditioning.Equation26	move_source	definition	public	NumStability.H16_eq16_26_sylvesterSepRatios	5418
NumStability.H16_eq16_26_sylvesterSepRatios_bddBelow	NumStability.Algorithms.Sylvester.Higham16	NumStability.Source.Higham.Chapter16.Section03.PerturbationAndConditioning.Equation26	move_source	theorem	public	NumStability.H16_eq16_26_sylvesterSepRatios_bddBelow	5429
NumStability.H16_eq16_26_sylvesterSepRatios_nonempty_of_pos_dim	NumStability.Algorithms.Sylvester.Higham16	NumStability.Source.Higham.Chapter16.Section03.PerturbationAndConditioning.Equation26	move_source	theorem	public	NumStability.H16_eq16_26_sylvesterSepRatios_nonempty_of_pos_dim	5447
NumStability.H16_eq16_27_LyapunovConditionFirstOrderBound	NumStability.Algorithms.Sylvester.SylvesterPerturbation	NumStability.Source.Higham.Chapter16.Section03.PerturbationAndConditioning.Equation27	move_source	definition	public	NumStability.H16_eq16_27_LyapunovConditionFirstOrderBound	293
NumStability.H16_eq16_27_LyapunovInverseOpBound	NumStability.Algorithms.Sylvester.Higham16Lyapunov	NumStability.Source.Higham.Chapter16.Section03.PerturbationAndConditioning.Equation27	move_source	definition	public	NumStability.H16_eq16_27_LyapunovInverseOpBound	232
NumStability.H16_eq16_27_frobNorm_le_alpha_mul_lyapunovPairNorm	NumStability.Algorithms.Sylvester.Higham16Lyapunov	NumStability.Source.Higham.Chapter16.Section03.PerturbationAndConditioning.Equation27	move_source	theorem	public	NumStability.H16_eq16_27_frobNorm_le_alpha_mul_lyapunovPairNorm	202
NumStability.H16_eq16_27_frobNorm_le_gamma_mul_lyapunovPairNorm	NumStability.Algorithms.Sylvester.Higham16Lyapunov	NumStability.Source.Higham.Chapter16.Section03.PerturbationAndConditioning.Equation27	move_source	theorem	public	NumStability.H16_eq16_27_frobNorm_le_gamma_mul_lyapunovPairNorm	207
NumStability.H16_eq16_27_lyapunovCondDiagonal	NumStability.Algorithms.Sylvester.Higham16Lyapunov	NumStability.Source.Higham.Chapter16.Section03.PerturbationAndConditioning.Equation27	move_source	definition	public	NumStability.H16_eq16_27_lyapunovCondDiagonal	1698
NumStability.H16_eq16_27_lyapunovCondDiagonal_isLyapunovConditionFirstOrderBound	NumStability.Algorithms.Sylvester.Higham16Lyapunov	NumStability.Source.Higham.Chapter16.Section03.PerturbationAndConditioning.Equation27	move_source	theorem	public	NumStability.H16_eq16_27_lyapunovCondDiagonal_isLyapunovConditionFirstOrderBound	1726
NumStability.H16_eq16_27_lyapunovCond_of_inverseOpBound	NumStability.Algorithms.Sylvester.Higham16Lyapunov	NumStability.Source.Higham.Chapter16.Section03.PerturbationAndConditioning.Equation27	move_source	definition	public	NumStability.H16_eq16_27_lyapunovCond_of_inverseOpBound	287
NumStability.H16_eq16_27_lyapunovCond_of_inverseOpBound_isLyapunovConditionFirstOrderBound	NumStability.Algorithms.Sylvester.Higham16Lyapunov	NumStability.Source.Higham.Chapter16.Section03.PerturbationAndConditioning.Equation27	move_source	theorem	public	NumStability.H16_eq16_27_lyapunovCond_of_inverseOpBound_isLyapunovConditionFirstOrderBound	387
NumStability.H16_eq16_27_lyapunovCond_of_pos_le_sylvesterSepInf_isLyapunovConditionFirstOrderBound	NumStability.Algorithms.Sylvester.Higham16Lyapunov	NumStability.Source.Higham.Chapter16.Section03.PerturbationAndConditioning.Equation27	move_source	theorem	public	NumStability.H16_eq16_27_lyapunovCond_of_pos_le_sylvesterSepInf_isLyapunovConditionFirstOrderBound	399
NumStability.H16_eq16_27_lyapunovCond_of_sepLowerBound_isLyapunovConditionFirstOrderBound	NumStability.Algorithms.Sylvester.Higham16Lyapunov	NumStability.Source.Higham.Chapter16.Section03.PerturbationAndConditioning.Equation27	move_source	theorem	public	NumStability.H16_eq16_27_lyapunovCond_of_sepLowerBound_isLyapunovConditionFirstOrderBound	393
NumStability.H16_eq16_27_lyapunovInverseOpBound_of_sepLowerBound	NumStability.Algorithms.Sylvester.Higham16Lyapunov	NumStability.Source.Higham.Chapter16.Section03.PerturbationAndConditioning.Equation27	move_source	theorem	public	NumStability.H16_eq16_27_lyapunovInverseOpBound_of_sepLowerBound	381
NumStability.H16_eq16_27_lyapunovScaledPerturbationPairNorm	NumStability.Algorithms.Sylvester.SylvesterPerturbation	NumStability.Source.Higham.Chapter16.Section03.PerturbationAndConditioning.Equation27	move_source	definition	public	NumStability.H16_eq16_27_lyapunovScaledPerturbationPairNorm	284
NumStability.H16_eq16_27_lyapunovScaledPerturbationPairNorm_le_sqrt_two_mul	NumStability.Algorithms.Sylvester.SylvesterPerturbation	NumStability.Source.Higham.Chapter16.Section03.PerturbationAndConditioning.Equation27	move_source	theorem	public	NumStability.H16_eq16_27_lyapunovScaledPerturbationPairNorm_le_sqrt_two_mul	290
NumStability.H16_eq16_27_lyapunovVecCoeff_mulVec_vec	NumStability.Algorithms.Sylvester.Higham16	NumStability.Source.Higham.Chapter16.Section03.PerturbationAndConditioning.Equation27	move_source	theorem	public	NumStability.H16_eq16_27_lyapunovVecCoeff_mulVec_vec	200
NumStability.H16_eq16_27_lyapunov_condition_diagonal	NumStability.Algorithms.Sylvester.Higham16Lyapunov	NumStability.Source.Higham.Chapter16.Section03.PerturbationAndConditioning.Equation27	move_source	theorem	public	NumStability.H16_eq16_27_lyapunov_condition_diagonal	1733
NumStability.H16_eq16_27_lyapunov_condition_of_pos_le_sylvesterSepInf	NumStability.Algorithms.Sylvester.Higham16Lyapunov	NumStability.Source.Higham.Chapter16.Section03.PerturbationAndConditioning.Equation27	move_source	theorem	public	NumStability.H16_eq16_27_lyapunov_condition_of_pos_le_sylvesterSepInf	847
NumStability.H16_eq16_27_lyapunov_condition_of_sepLowerBound	NumStability.Algorithms.Sylvester.Higham16Lyapunov	NumStability.Source.Higham.Chapter16.Section03.PerturbationAndConditioning.Equation27	move_source	theorem	public	NumStability.H16_eq16_27_lyapunov_condition_of_sepLowerBound	808
NumStability.H16_eq16_27_lyapunov_first_order_bound_of_pos_le_sylvesterSepInf	NumStability.Algorithms.Sylvester.Higham16Lyapunov	NumStability.Source.Higham.Chapter16.Section03.PerturbationAndConditioning.Equation27	move_source	theorem	public	NumStability.H16_eq16_27_lyapunov_first_order_bound_of_pos_le_sylvesterSepInf	805
NumStability.H16_eq16_27_lyapunov_first_order_bound_of_sepLowerBound	NumStability.Algorithms.Sylvester.Higham16Lyapunov	NumStability.Source.Higham.Chapter16.Section03.PerturbationAndConditioning.Equation27	move_source	theorem	public	NumStability.H16_eq16_27_lyapunov_first_order_bound_of_sepLowerBound	800
NumStability.H16_eq16_27_lyapunov_first_order_rhs_frobNorm_le	NumStability.Algorithms.Sylvester.Higham16Lyapunov	NumStability.Source.Higham.Chapter16.Section03.PerturbationAndConditioning.Equation27	move_source	theorem	public	NumStability.H16_eq16_27_lyapunov_first_order_rhs_frobNorm_le	213
NumStability.H16_eq16_27_lyapunov_perturbation_bound_diagonal_total	NumStability.Algorithms.Sylvester.Higham16Lyapunov	NumStability.Source.Higham.Chapter16.Section03.PerturbationAndConditioning.Equation27	move_source	theorem	public	NumStability.H16_eq16_27_lyapunov_perturbation_bound_diagonal_total	1476
NumStability.H16_eq16_27_lyapunov_perturbation_bound_of_pos_le_sylvesterSepInf_total	NumStability.Algorithms.Sylvester.Higham16Lyapunov	NumStability.Source.Higham.Chapter16.Section03.PerturbationAndConditioning.Equation27	move_source	theorem	public	NumStability.H16_eq16_27_lyapunov_perturbation_bound_of_pos_le_sylvesterSepInf_total	702
NumStability.H16_eq16_27_lyapunov_perturbation_bound_of_sepLowerBound_total	NumStability.Algorithms.Sylvester.Higham16Lyapunov	NumStability.Source.Higham.Chapter16.Section03.PerturbationAndConditioning.Equation27	move_source	theorem	public	NumStability.H16_eq16_27_lyapunov_perturbation_bound_of_sepLowerBound_total	654
NumStability.H16_eq16_27_lyapunov_perturbation_first_order_vec	NumStability.Algorithms.Sylvester.Higham16	NumStability.Source.Higham.Chapter16.Section03.PerturbationAndConditioning.Equation27	move_source	theorem	public	NumStability.H16_eq16_27_lyapunov_perturbation_first_order_vec	206
NumStability.H16_eq16_27_lyapunov_relative_first_order_bound_diagonal	NumStability.Algorithms.Sylvester.Higham16Lyapunov	NumStability.Source.Higham.Chapter16.Section03.PerturbationAndConditioning.Equation27	move_source	theorem	public	NumStability.H16_eq16_27_lyapunov_relative_first_order_bound_diagonal	1797
NumStability.H16_eq16_27_lyapunov_relative_first_order_bound_of_condition	NumStability.Algorithms.Sylvester.SylvesterPerturbation	NumStability.Source.Higham.Chapter16.Section03.PerturbationAndConditioning.Equation27	move_source	theorem	public	NumStability.H16_eq16_27_lyapunov_relative_first_order_bound_of_condition	296
NumStability.H16_eq16_27_lyapunov_relative_first_order_bound_of_pos_le_sylvesterSepInf	NumStability.Algorithms.Sylvester.Higham16Lyapunov	NumStability.Source.Higham.Chapter16.Section03.PerturbationAndConditioning.Equation27	move_source	theorem	public	NumStability.H16_eq16_27_lyapunov_relative_first_order_bound_of_pos_le_sylvesterSepInf	953
NumStability.H16_eq16_27_lyapunov_relative_first_order_bound_of_sepLowerBound	NumStability.Algorithms.Sylvester.Higham16Lyapunov	NumStability.Source.Higham.Chapter16.Section03.PerturbationAndConditioning.Equation27	move_source	theorem	public	NumStability.H16_eq16_27_lyapunov_relative_first_order_bound_of_sepLowerBound	927
NumStability.H16_eq16_27_lyapunov_relative_perturbation_diagonal_total	NumStability.Algorithms.Sylvester.Higham16Lyapunov	NumStability.Source.Higham.Chapter16.Section03.PerturbationAndConditioning.Equation27	move_source	theorem	public	NumStability.H16_eq16_27_lyapunov_relative_perturbation_diagonal_total	1500
NumStability.H16_eq16_27_lyapunov_relative_perturbation_of_pos_le_sylvesterSepInf_total	NumStability.Algorithms.Sylvester.Higham16Lyapunov	NumStability.Source.Higham.Chapter16.Section03.PerturbationAndConditioning.Equation27	move_source	theorem	public	NumStability.H16_eq16_27_lyapunov_relative_perturbation_of_pos_le_sylvesterSepInf_total	725
NumStability.H16_eq16_27_lyapunov_relative_perturbation_of_sepLowerBound_total	NumStability.Algorithms.Sylvester.Higham16Lyapunov	NumStability.Source.Higham.Chapter16.Section03.PerturbationAndConditioning.Equation27	move_source	theorem	public	NumStability.H16_eq16_27_lyapunov_relative_perturbation_of_sepLowerBound_total	677
NumStability.H16_eq16_27_vecTransposePermutation_mulVec_vec	NumStability.Algorithms.Sylvester.Higham16	NumStability.Source.Higham.Chapter16.Section03.PerturbationAndConditioning.Equation27	move_source	theorem	public	NumStability.H16_eq16_27_vecTransposePermutation_mulVec_vec	211
NumStability.H16_eq16_28_lyapunov_aposteriori_bound_diagonal	NumStability.Algorithms.Sylvester.Higham16Lyapunov	NumStability.Source.Higham.Chapter16.Section04.PracticalErrorBounds.Equation28	move_source	theorem	public	NumStability.H16_eq16_28_lyapunov_aposteriori_bound_diagonal	1603
NumStability.H16_eq16_28_lyapunov_aposteriori_bound_diagonal_total	NumStability.Algorithms.Sylvester.Higham16Lyapunov	NumStability.Source.Higham.Chapter16.Section04.PracticalErrorBounds.Equation28	move_source	theorem	public	NumStability.H16_eq16_28_lyapunov_aposteriori_bound_diagonal_total	1653
NumStability.H16_eq16_28_lyapunov_aposteriori_bound_of_pos_le_sylvesterSepInf	NumStability.Algorithms.Sylvester.Higham16Lyapunov	NumStability.Source.Higham.Chapter16.Section04.PracticalErrorBounds.Equation28	move_source	theorem	public	NumStability.H16_eq16_28_lyapunov_aposteriori_bound_of_pos_le_sylvesterSepInf	1095
NumStability.H16_eq16_28_lyapunov_aposteriori_bound_of_pos_le_sylvesterSepInf_total	NumStability.Algorithms.Sylvester.Higham16Lyapunov	NumStability.Source.Higham.Chapter16.Section04.PracticalErrorBounds.Equation28	move_source	theorem	public	NumStability.H16_eq16_28_lyapunov_aposteriori_bound_of_pos_le_sylvesterSepInf_total	1226
NumStability.H16_eq16_28_lyapunov_aposteriori_bound_of_sepLowerBound	NumStability.Algorithms.Sylvester.Higham16Lyapunov	NumStability.Source.Higham.Chapter16.Section04.PracticalErrorBounds.Equation28	move_source	theorem	public	NumStability.H16_eq16_28_lyapunov_aposteriori_bound_of_sepLowerBound	1082
NumStability.H16_eq16_28_lyapunov_aposteriori_bound_of_sepLowerBound_total	NumStability.Algorithms.Sylvester.Higham16Lyapunov	NumStability.Source.Higham.Chapter16.Section04.PracticalErrorBounds.Equation28	move_source	theorem	public	NumStability.H16_eq16_28_lyapunov_aposteriori_bound_of_sepLowerBound_total	1194
NumStability.H16_eq16_28_lyapunov_relative_aposteriori_bound_diagonal	NumStability.Algorithms.Sylvester.Higham16Lyapunov	NumStability.Source.Higham.Chapter16.Section04.PracticalErrorBounds.Equation28	move_source	theorem	public	NumStability.H16_eq16_28_lyapunov_relative_aposteriori_bound_diagonal	1610
NumStability.H16_eq16_28_lyapunov_relative_aposteriori_bound_diagonal_total	NumStability.Algorithms.Sylvester.Higham16Lyapunov	NumStability.Source.Higham.Chapter16.Section04.PracticalErrorBounds.Equation28	move_source	theorem	public	NumStability.H16_eq16_28_lyapunov_relative_aposteriori_bound_diagonal_total	1669
NumStability.H16_eq16_28_lyapunov_relative_aposteriori_bound_of_pos_le_sylvesterSepInf	NumStability.Algorithms.Sylvester.Higham16Lyapunov	NumStability.Source.Higham.Chapter16.Section04.PracticalErrorBounds.Equation28	move_source	theorem	public	NumStability.H16_eq16_28_lyapunov_relative_aposteriori_bound_of_pos_le_sylvesterSepInf	1102
NumStability.H16_eq16_28_lyapunov_relative_aposteriori_bound_of_pos_le_sylvesterSepInf_total	NumStability.Algorithms.Sylvester.Higham16Lyapunov	NumStability.Source.Higham.Chapter16.Section04.PracticalErrorBounds.Equation28	move_source	theorem	public	NumStability.H16_eq16_28_lyapunov_relative_aposteriori_bound_of_pos_le_sylvesterSepInf_total	1241
NumStability.H16_eq16_28_lyapunov_relative_aposteriori_bound_of_sepLowerBound	NumStability.Algorithms.Sylvester.Higham16Lyapunov	NumStability.Source.Higham.Chapter16.Section04.PracticalErrorBounds.Equation28	move_source	theorem	public	NumStability.H16_eq16_28_lyapunov_relative_aposteriori_bound_of_sepLowerBound	1089
NumStability.H16_eq16_28_lyapunov_relative_aposteriori_bound_of_sepLowerBound_total	NumStability.Algorithms.Sylvester.Higham16Lyapunov	NumStability.Source.Higham.Chapter16.Section04.PracticalErrorBounds.Equation28	move_source	theorem	public	NumStability.H16_eq16_28_lyapunov_relative_aposteriori_bound_of_sepLowerBound_total	1209
NumStability.H16_eq16_28_sylvester_aposteriori_bound_diagonal_of_entrywise_abs_ge	NumStability.Algorithms.Sylvester.Higham16	NumStability.Source.Higham.Chapter16.Section04.PracticalErrorBounds.Equation28	move_source	theorem	public	NumStability.H16_eq16_28_sylvester_aposteriori_bound_diagonal_of_entrywise_abs_ge	7866
NumStability.H16_eq16_28_sylvester_aposteriori_bound_diagonal_of_entrywise_abs_ge_total	NumStability.Algorithms.Sylvester.Higham16	NumStability.Source.Higham.Chapter16.Section04.PracticalErrorBounds.Equation28	move_source	theorem	public	NumStability.H16_eq16_28_sylvester_aposteriori_bound_diagonal_of_entrywise_abs_ge_total	7918
NumStability.H16_eq16_28_sylvester_aposteriori_bound_of_pos_le_sylvesterSepInf	NumStability.Algorithms.Sylvester.Higham16	NumStability.Source.Higham.Chapter16.Section04.PracticalErrorBounds.Equation28	move_source	theorem	public	NumStability.H16_eq16_28_sylvester_aposteriori_bound_of_pos_le_sylvesterSepInf	7706
NumStability.H16_eq16_28_sylvester_aposteriori_bound_of_pos_le_sylvesterSepInf_total	NumStability.Algorithms.Sylvester.Higham16	NumStability.Source.Higham.Chapter16.Section04.PracticalErrorBounds.Equation28	move_source	theorem	public	NumStability.H16_eq16_28_sylvester_aposteriori_bound_of_pos_le_sylvesterSepInf_total	7813
NumStability.H16_eq16_28_sylvester_aposteriori_bound_of_sepLowerBound	NumStability.Algorithms.Sylvester.Higham16	NumStability.Source.Higham.Chapter16.Section04.PracticalErrorBounds.Equation28	move_source	theorem	public	NumStability.H16_eq16_28_sylvester_aposteriori_bound_of_sepLowerBound	7696
NumStability.H16_eq16_28_sylvester_aposteriori_bound_of_sepLowerBound_total	NumStability.Algorithms.Sylvester.Higham16	NumStability.Source.Higham.Chapter16.Section04.PracticalErrorBounds.Equation28	move_source	theorem	public	NumStability.H16_eq16_28_sylvester_aposteriori_bound_of_sepLowerBound_total	7803
NumStability.H16_eq16_28_sylvester_relative_aposteriori_bound_diagonal_of_entrywise_abs_ge	NumStability.Algorithms.Sylvester.Higham16	NumStability.Source.Higham.Chapter16.Section04.PracticalErrorBounds.Equation28	move_source	theorem	public	NumStability.H16_eq16_28_sylvester_relative_aposteriori_bound_diagonal_of_entrywise_abs_ge	7871
NumStability.H16_eq16_28_sylvester_relative_aposteriori_bound_diagonal_of_entrywise_abs_ge_total	NumStability.Algorithms.Sylvester.Higham16	NumStability.Source.Higham.Chapter16.Section04.PracticalErrorBounds.Equation28	move_source	theorem	public	NumStability.H16_eq16_28_sylvester_relative_aposteriori_bound_diagonal_of_entrywise_abs_ge_total	7923
NumStability.H16_eq16_28_sylvester_relative_aposteriori_bound_of_pos_le_sylvesterSepInf	NumStability.Algorithms.Sylvester.Higham16	NumStability.Source.Higham.Chapter16.Section04.PracticalErrorBounds.Equation28	move_source	theorem	public	NumStability.H16_eq16_28_sylvester_relative_aposteriori_bound_of_pos_le_sylvesterSepInf	7711
NumStability.H16_eq16_28_sylvester_relative_aposteriori_bound_of_pos_le_sylvesterSepInf_total	NumStability.Algorithms.Sylvester.Higham16	NumStability.Source.Higham.Chapter16.Section04.PracticalErrorBounds.Equation28	move_source	theorem	public	NumStability.H16_eq16_28_sylvester_relative_aposteriori_bound_of_pos_le_sylvesterSepInf_total	7818
NumStability.H16_eq16_28_sylvester_relative_aposteriori_bound_of_sepLowerBound	NumStability.Algorithms.Sylvester.Higham16	NumStability.Source.Higham.Chapter16.Section04.PracticalErrorBounds.Equation28	move_source	theorem	public	NumStability.H16_eq16_28_sylvester_relative_aposteriori_bound_of_sepLowerBound	7701
NumStability.H16_eq16_28_sylvester_relative_aposteriori_bound_of_sepLowerBound_total	NumStability.Algorithms.Sylvester.Higham16	NumStability.Source.Higham.Chapter16.Section04.PracticalErrorBounds.Equation28	move_source	theorem	public	NumStability.H16_eq16_28_sylvester_relative_aposteriori_bound_of_sepLowerBound_total	7808
NumStability.H16_eq16_29_sylvesterComputedResidualBudget_of_error_model	NumStability.Algorithms.Sylvester.Higham16	NumStability.Source.Higham.Chapter16.Section04.PracticalErrorBounds.Equation29	move_source	theorem	public	NumStability.H16_eq16_29_sylvesterComputedResidualBudget_of_error_model	726
NumStability.H16_eq16_29_sylvesterComputedResidualBudget_of_frobenius_error_model	NumStability.Algorithms.Sylvester.Higham16	NumStability.Source.Higham.Chapter16.Section04.PracticalErrorBounds.Equation29	move_source	theorem	public	NumStability.H16_eq16_29_sylvesterComputedResidualBudget_of_frobenius_error_model	750
NumStability.H16_eq16_29_sylvesterComputedResidualBudget_of_schur_frobenius_error_model	NumStability.Algorithms.Sylvester.Higham16	NumStability.Algorithms.Sylvester.Higham16	retain_historical	theorem	public	NumStability.H16_eq16_29_sylvesterComputedResidualBudget_of_schur_frobenius_error_model	4040
NumStability.H16_eq16_29_sylvesterResidualRect_eq_sylvesterOpRect_error	NumStability.Algorithms.Sylvester.Higham16	NumStability.Source.Higham.Chapter16.Section04.PracticalErrorBounds.Equation29	move_source	theorem	public	NumStability.H16_eq16_29_sylvesterResidualRect_eq_sylvesterOpRect_error	624
NumStability.H16_eq16_29_sylvester_practical_abs_error_bound_of_pos_le_sylvesterSepInf_computed_residual_certificate	NumStability.Algorithms.Sylvester.Higham16	NumStability.Algorithms.Sylvester.Higham16	retain_historical	theorem	public	NumStability.H16_eq16_29_sylvester_practical_abs_error_bound_of_pos_le_sylvesterSepInf_computed_residual_certificate	7183
NumStability.H16_eq16_29_sylvester_practical_abs_error_bound_of_pos_le_sylvesterSepInf_computed_residual_certificate_mono	NumStability.Algorithms.Sylvester.Higham16	NumStability.Algorithms.Sylvester.Higham16	retain_historical	theorem	public	NumStability.H16_eq16_29_sylvester_practical_abs_error_bound_of_pos_le_sylvesterSepInf_computed_residual_certificate_mono	7195
NumStability.H16_eq16_29_sylvester_practical_abs_error_bound_of_pos_le_sylvesterSepInf_computed_residual_certificate_mono_scalar	NumStability.Algorithms.Sylvester.Higham16	NumStability.Algorithms.Sylvester.Higham16	retain_historical	theorem	public	NumStability.H16_eq16_29_sylvester_practical_abs_error_bound_of_pos_le_sylvesterSepInf_computed_residual_certificate_mono_scalar	7201
NumStability.H16_eq16_29_sylvester_practical_abs_error_bound_of_pos_le_sylvesterSepInf_computed_residual_certificate_scalar	NumStability.Algorithms.Sylvester.Higham16	NumStability.Algorithms.Sylvester.Higham16	retain_historical	theorem	public	NumStability.H16_eq16_29_sylvester_practical_abs_error_bound_of_pos_le_sylvesterSepInf_computed_residual_certificate_scalar	7189
NumStability.H16_eq16_29_sylvester_practical_abs_error_bound_of_schur_transform_residual_bound	NumStability.Algorithms.Sylvester.Higham16	NumStability.Algorithms.Sylvester.Higham16	retain_historical	theorem	public	NumStability.H16_eq16_29_sylvester_practical_abs_error_bound_of_schur_transform_residual_bound	4387
NumStability.H16_eq16_29_sylvester_practical_abs_error_bound_of_schur_transform_residual_bound_scalar	NumStability.Algorithms.Sylvester.Higham16	NumStability.Algorithms.Sylvester.Higham16	retain_historical	theorem	public	NumStability.H16_eq16_29_sylvester_practical_abs_error_bound_of_schur_transform_residual_bound_scalar	4392
NumStability.H16_eq16_29_sylvester_practical_abs_error_bound_of_sepLowerBound_computed_residual_certificate	NumStability.Algorithms.Sylvester.Higham16	NumStability.Algorithms.Sylvester.Higham16	retain_historical	theorem	public	NumStability.H16_eq16_29_sylvester_practical_abs_error_bound_of_sepLowerBound_computed_residual_certificate	7101
NumStability.H16_eq16_29_sylvester_practical_abs_error_bound_of_sepLowerBound_computed_residual_certificate_mono	NumStability.Algorithms.Sylvester.Higham16	NumStability.Algorithms.Sylvester.Higham16	retain_historical	theorem	public	NumStability.H16_eq16_29_sylvester_practical_abs_error_bound_of_sepLowerBound_computed_residual_certificate_mono	7111
NumStability.H16_eq16_29_sylvester_practical_abs_error_bound_of_sepLowerBound_computed_residual_certificate_mono_scalar	NumStability.Algorithms.Sylvester.Higham16	NumStability.Algorithms.Sylvester.Higham16	retain_historical	theorem	public	NumStability.H16_eq16_29_sylvester_practical_abs_error_bound_of_sepLowerBound_computed_residual_certificate_mono_scalar	7117
NumStability.H16_eq16_29_sylvester_practical_abs_error_bound_of_sepLowerBound_computed_residual_certificate_scalar	NumStability.Algorithms.Sylvester.Higham16	NumStability.Algorithms.Sylvester.Higham16	retain_historical	theorem	public	NumStability.H16_eq16_29_sylvester_practical_abs_error_bound_of_sepLowerBound_computed_residual_certificate_scalar	7106
NumStability.H16_eq16_29_sylvester_practical_abs_error_bound_of_vecCoeff_det_ne_zero_computed_residual_certificate_rect	NumStability.Algorithms.Sylvester.Higham16	NumStability.Source.Higham.Chapter16.Section04.PracticalErrorBounds.Equation29	move_source	theorem	public	NumStability.H16_eq16_29_sylvester_practical_abs_error_bound_of_vecCoeff_det_ne_zero_computed_residual_certificate_rect	6875
NumStability.H16_eq16_29_sylvester_practical_error_bound_of_computed_residual_budget	NumStability.Algorithms.Sylvester.Higham16	NumStability.Source.Higham.Chapter16.Section04.PracticalErrorBounds.Equation29	move_source	theorem	public	NumStability.H16_eq16_29_sylvester_practical_error_bound_of_computed_residual_budget	1687
NumStability.H16_eq16_29_sylvester_practical_error_bound_of_computed_residual_budget_mono	NumStability.Algorithms.Sylvester.Higham16	NumStability.Source.Higham.Chapter16.Section04.PracticalErrorBounds.Equation29	move_source	theorem	public	NumStability.H16_eq16_29_sylvester_practical_error_bound_of_computed_residual_budget_mono	1737
NumStability.H16_eq16_29_sylvester_practical_error_bound_of_computed_residual_budget_mono_scalar	NumStability.Algorithms.Sylvester.Higham16	NumStability.Source.Higham.Chapter16.Section04.PracticalErrorBounds.Equation29	move_source	theorem	public	NumStability.H16_eq16_29_sylvester_practical_error_bound_of_computed_residual_budget_mono_scalar	1765
NumStability.H16_eq16_29_sylvester_practical_error_bound_of_computed_residual_budget_scalar	NumStability.Algorithms.Sylvester.Higham16	NumStability.Source.Higham.Chapter16.Section04.PracticalErrorBounds.Equation29	move_source	theorem	public	NumStability.H16_eq16_29_sylvester_practical_error_bound_of_computed_residual_budget_scalar	1710
NumStability.H16_eq16_29_sylvester_practical_error_bound_of_computed_residual_certificate	NumStability.Algorithms.Sylvester.Higham16	NumStability.Source.Higham.Chapter16.Section04.PracticalErrorBounds.Equation29	move_source	theorem	public	NumStability.H16_eq16_29_sylvester_practical_error_bound_of_computed_residual_certificate	1587
NumStability.H16_eq16_29_sylvester_practical_error_bound_of_computed_residual_certificate_mono	NumStability.Algorithms.Sylvester.Higham16	NumStability.Source.Higham.Chapter16.Section04.PracticalErrorBounds.Equation29	move_source	theorem	public	NumStability.H16_eq16_29_sylvester_practical_error_bound_of_computed_residual_certificate_mono	1633
NumStability.H16_eq16_29_sylvester_practical_error_bound_of_computed_residual_certificate_mono_scalar	NumStability.Algorithms.Sylvester.Higham16	NumStability.Source.Higham.Chapter16.Section04.PracticalErrorBounds.Equation29	move_source	theorem	public	NumStability.H16_eq16_29_sylvester_practical_error_bound_of_computed_residual_certificate_mono_scalar	1659
NumStability.H16_eq16_29_sylvester_practical_error_bound_of_computed_residual_certificate_scalar	NumStability.Algorithms.Sylvester.Higham16	NumStability.Source.Higham.Chapter16.Section04.PracticalErrorBounds.Equation29	move_source	theorem	public	NumStability.H16_eq16_29_sylvester_practical_error_bound_of_computed_residual_certificate_scalar	1608
NumStability.H16_eq16_29_sylvester_practical_error_bound_of_computed_residual_error_model	NumStability.Algorithms.Sylvester.Higham16	NumStability.Source.Higham.Chapter16.Section04.PracticalErrorBounds.Equation29	move_source	theorem	public	NumStability.H16_eq16_29_sylvester_practical_error_bound_of_computed_residual_error_model	1796
NumStability.H16_eq16_29_sylvester_practical_error_bound_of_computed_residual_error_model_mono	NumStability.Algorithms.Sylvester.Higham16	NumStability.Source.Higham.Chapter16.Section04.PracticalErrorBounds.Equation29	move_source	theorem	public	NumStability.H16_eq16_29_sylvester_practical_error_bound_of_computed_residual_error_model_mono	1849
NumStability.H16_eq16_29_sylvester_practical_error_bound_of_computed_residual_error_model_mono_scalar	NumStability.Algorithms.Sylvester.Higham16	NumStability.Source.Higham.Chapter16.Section04.PracticalErrorBounds.Equation29	move_source	theorem	public	NumStability.H16_eq16_29_sylvester_practical_error_bound_of_computed_residual_error_model_mono_scalar	1878
NumStability.H16_eq16_29_sylvester_practical_error_bound_of_computed_residual_error_model_scalar	NumStability.Algorithms.Sylvester.Higham16	NumStability.Source.Higham.Chapter16.Section04.PracticalErrorBounds.Equation29	move_source	theorem	public	NumStability.H16_eq16_29_sylvester_practical_error_bound_of_computed_residual_error_model_scalar	1821
NumStability.H16_eq16_29_sylvester_practical_error_bound_of_diagonal_computed_residual_budget	NumStability.Algorithms.Sylvester.Higham16	NumStability.Source.Higham.Chapter16.Section04.PracticalErrorBounds.Equation29	move_source	theorem	public	NumStability.H16_eq16_29_sylvester_practical_error_bound_of_diagonal_computed_residual_budget	6991
NumStability.H16_eq16_29_sylvester_practical_error_bound_of_diagonal_computed_residual_budget_mono	NumStability.Algorithms.Sylvester.Higham16	NumStability.Source.Higham.Chapter16.Section04.PracticalErrorBounds.Equation29	move_source	theorem	public	NumStability.H16_eq16_29_sylvester_practical_error_bound_of_diagonal_computed_residual_budget_mono	7001
NumStability.H16_eq16_29_sylvester_practical_error_bound_of_diagonal_computed_residual_budget_mono_scalar	NumStability.Algorithms.Sylvester.Higham16	NumStability.Source.Higham.Chapter16.Section04.PracticalErrorBounds.Equation29	move_source	theorem	public	NumStability.H16_eq16_29_sylvester_practical_error_bound_of_diagonal_computed_residual_budget_mono_scalar	7006
NumStability.H16_eq16_29_sylvester_practical_error_bound_of_diagonal_computed_residual_budget_scalar	NumStability.Algorithms.Sylvester.Higham16	NumStability.Source.Higham.Chapter16.Section04.PracticalErrorBounds.Equation29	move_source	theorem	public	NumStability.H16_eq16_29_sylvester_practical_error_bound_of_diagonal_computed_residual_budget_scalar	6996
NumStability.H16_eq16_29_sylvester_practical_error_bound_of_diagonal_computed_residual_certificate	NumStability.Algorithms.Sylvester.Higham16	NumStability.Source.Higham.Chapter16.Section04.PracticalErrorBounds.Equation29	move_source	theorem	public	NumStability.H16_eq16_29_sylvester_practical_error_bound_of_diagonal_computed_residual_certificate	6971
NumStability.H16_eq16_29_sylvester_practical_error_bound_of_diagonal_computed_residual_certificate_mono	NumStability.Algorithms.Sylvester.Higham16	NumStability.Source.Higham.Chapter16.Section04.PracticalErrorBounds.Equation29	move_source	theorem	public	NumStability.H16_eq16_29_sylvester_practical_error_bound_of_diagonal_computed_residual_certificate_mono	6981
NumStability.H16_eq16_29_sylvester_practical_error_bound_of_diagonal_computed_residual_certificate_mono_scalar	NumStability.Algorithms.Sylvester.Higham16	NumStability.Source.Higham.Chapter16.Section04.PracticalErrorBounds.Equation29	move_source	theorem	public	NumStability.H16_eq16_29_sylvester_practical_error_bound_of_diagonal_computed_residual_certificate_mono_scalar	6986
NumStability.H16_eq16_29_sylvester_practical_error_bound_of_diagonal_computed_residual_certificate_scalar	NumStability.Algorithms.Sylvester.Higham16	NumStability.Source.Higham.Chapter16.Section04.PracticalErrorBounds.Equation29	move_source	theorem	public	NumStability.H16_eq16_29_sylvester_practical_error_bound_of_diagonal_computed_residual_certificate_scalar	6976
NumStability.H16_eq16_29_sylvester_practical_error_bound_of_diagonal_computed_residual_error_model	NumStability.Algorithms.Sylvester.Higham16	NumStability.Source.Higham.Chapter16.Section04.PracticalErrorBounds.Equation29	move_source	theorem	public	NumStability.H16_eq16_29_sylvester_practical_error_bound_of_diagonal_computed_residual_error_model	7011
NumStability.H16_eq16_29_sylvester_practical_error_bound_of_diagonal_computed_residual_error_model_mono	NumStability.Algorithms.Sylvester.Higham16	NumStability.Source.Higham.Chapter16.Section04.PracticalErrorBounds.Equation29	move_source	theorem	public	NumStability.H16_eq16_29_sylvester_practical_error_bound_of_diagonal_computed_residual_error_model_mono	7021
NumStability.H16_eq16_29_sylvester_practical_error_bound_of_diagonal_computed_residual_error_model_mono_scalar	NumStability.Algorithms.Sylvester.Higham16	NumStability.Source.Higham.Chapter16.Section04.PracticalErrorBounds.Equation29	move_source	theorem	public	NumStability.H16_eq16_29_sylvester_practical_error_bound_of_diagonal_computed_residual_error_model_mono_scalar	7026
NumStability.H16_eq16_29_sylvester_practical_error_bound_of_diagonal_computed_residual_error_model_scalar	NumStability.Algorithms.Sylvester.Higham16	NumStability.Source.Higham.Chapter16.Section04.PracticalErrorBounds.Equation29	move_source	theorem	public	NumStability.H16_eq16_29_sylvester_practical_error_bound_of_diagonal_computed_residual_error_model_scalar	7016
NumStability.H16_eq16_29_sylvester_practical_error_bound_of_pos_le_sylvesterSepInf_computed_residual_budget	NumStability.Algorithms.Sylvester.Higham16	NumStability.Algorithms.Sylvester.Higham16	retain_historical	theorem	public	NumStability.H16_eq16_29_sylvester_practical_error_bound_of_pos_le_sylvesterSepInf_computed_residual_budget	7217
NumStability.H16_eq16_29_sylvester_practical_error_bound_of_pos_le_sylvesterSepInf_computed_residual_budget_mono	NumStability.Algorithms.Sylvester.Higham16	NumStability.Algorithms.Sylvester.Higham16	retain_historical	theorem	public	NumStability.H16_eq16_29_sylvester_practical_error_bound_of_pos_le_sylvesterSepInf_computed_residual_budget_mono	7227
NumStability.H16_eq16_29_sylvester_practical_error_bound_of_pos_le_sylvesterSepInf_computed_residual_budget_mono_scalar	NumStability.Algorithms.Sylvester.Higham16	NumStability.Algorithms.Sylvester.Higham16	retain_historical	theorem	public	NumStability.H16_eq16_29_sylvester_practical_error_bound_of_pos_le_sylvesterSepInf_computed_residual_budget_mono_scalar	7233
NumStability.H16_eq16_29_sylvester_practical_error_bound_of_pos_le_sylvesterSepInf_computed_residual_budget_scalar	NumStability.Algorithms.Sylvester.Higham16	NumStability.Algorithms.Sylvester.Higham16	retain_historical	theorem	public	NumStability.H16_eq16_29_sylvester_practical_error_bound_of_pos_le_sylvesterSepInf_computed_residual_budget_scalar	7222
NumStability.H16_eq16_29_sylvester_practical_error_bound_of_pos_le_sylvesterSepInf_computed_residual_certificate	NumStability.Algorithms.Sylvester.Higham16	NumStability.Algorithms.Sylvester.Higham16	retain_historical	theorem	public	NumStability.H16_eq16_29_sylvester_practical_error_bound_of_pos_le_sylvesterSepInf_computed_residual_certificate	7172
NumStability.H16_eq16_29_sylvester_practical_error_bound_of_pos_le_sylvesterSepInf_computed_residual_certificate_mono	NumStability.Algorithms.Sylvester.Higham16	NumStability.Algorithms.Sylvester.Higham16	retain_historical	theorem	public	NumStability.H16_eq16_29_sylvester_practical_error_bound_of_pos_le_sylvesterSepInf_computed_residual_certificate_mono	7206
NumStability.H16_eq16_29_sylvester_practical_error_bound_of_pos_le_sylvesterSepInf_computed_residual_certificate_mono_scalar	NumStability.Algorithms.Sylvester.Higham16	NumStability.Algorithms.Sylvester.Higham16	retain_historical	theorem	public	NumStability.H16_eq16_29_sylvester_practical_error_bound_of_pos_le_sylvesterSepInf_computed_residual_certificate_mono_scalar	7212
NumStability.H16_eq16_29_sylvester_practical_error_bound_of_pos_le_sylvesterSepInf_computed_residual_certificate_scalar	NumStability.Algorithms.Sylvester.Higham16	NumStability.Algorithms.Sylvester.Higham16	retain_historical	theorem	public	NumStability.H16_eq16_29_sylvester_practical_error_bound_of_pos_le_sylvesterSepInf_computed_residual_certificate_scalar	7177
NumStability.H16_eq16_29_sylvester_practical_error_bound_of_pos_le_sylvesterSepInf_computed_residual_error_model	NumStability.Algorithms.Sylvester.Higham16	NumStability.Algorithms.Sylvester.Higham16	retain_historical	theorem	public	NumStability.H16_eq16_29_sylvester_practical_error_bound_of_pos_le_sylvesterSepInf_computed_residual_error_model	7238
NumStability.H16_eq16_29_sylvester_practical_error_bound_of_pos_le_sylvesterSepInf_computed_residual_error_model_mono	NumStability.Algorithms.Sylvester.Higham16	NumStability.Algorithms.Sylvester.Higham16	retain_historical	theorem	public	NumStability.H16_eq16_29_sylvester_practical_error_bound_of_pos_le_sylvesterSepInf_computed_residual_error_model_mono	7248
NumStability.H16_eq16_29_sylvester_practical_error_bound_of_pos_le_sylvesterSepInf_computed_residual_error_model_mono_scalar	NumStability.Algorithms.Sylvester.Higham16	NumStability.Algorithms.Sylvester.Higham16	retain_historical	theorem	public	NumStability.H16_eq16_29_sylvester_practical_error_bound_of_pos_le_sylvesterSepInf_computed_residual_error_model_mono_scalar	7254
NumStability.H16_eq16_29_sylvester_practical_error_bound_of_pos_le_sylvesterSepInf_computed_residual_error_model_scalar	NumStability.Algorithms.Sylvester.Higham16	NumStability.Algorithms.Sylvester.Higham16	retain_historical	theorem	public	NumStability.H16_eq16_29_sylvester_practical_error_bound_of_pos_le_sylvesterSepInf_computed_residual_error_model_scalar	7243
NumStability.H16_eq16_29_sylvester_practical_error_bound_of_schurDiagonal_computed_residual_budget	NumStability.Algorithms.Sylvester.Higham16	NumStability.Algorithms.Sylvester.Higham16	retain_historical	theorem	public	NumStability.H16_eq16_29_sylvester_practical_error_bound_of_schurDiagonal_computed_residual_budget	7051
NumStability.H16_eq16_29_sylvester_practical_error_bound_of_schurDiagonal_computed_residual_budget_mono	NumStability.Algorithms.Sylvester.Higham16	NumStability.Algorithms.Sylvester.Higham16	retain_historical	theorem	public	NumStability.H16_eq16_29_sylvester_practical_error_bound_of_schurDiagonal_computed_residual_budget_mono	7061
NumStability.H16_eq16_29_sylvester_practical_error_bound_of_schurDiagonal_computed_residual_budget_mono_scalar	NumStability.Algorithms.Sylvester.Higham16	NumStability.Algorithms.Sylvester.Higham16	retain_historical	theorem	public	NumStability.H16_eq16_29_sylvester_practical_error_bound_of_schurDiagonal_computed_residual_budget_mono_scalar	7066
NumStability.H16_eq16_29_sylvester_practical_error_bound_of_schurDiagonal_computed_residual_budget_scalar	NumStability.Algorithms.Sylvester.Higham16	NumStability.Algorithms.Sylvester.Higham16	retain_historical	theorem	public	NumStability.H16_eq16_29_sylvester_practical_error_bound_of_schurDiagonal_computed_residual_budget_scalar	7056
NumStability.H16_eq16_29_sylvester_practical_error_bound_of_schurDiagonal_computed_residual_certificate	NumStability.Algorithms.Sylvester.Higham16	NumStability.Algorithms.Sylvester.Higham16	retain_historical	theorem	public	NumStability.H16_eq16_29_sylvester_practical_error_bound_of_schurDiagonal_computed_residual_certificate	7031
NumStability.H16_eq16_29_sylvester_practical_error_bound_of_schurDiagonal_computed_residual_certificate_mono	NumStability.Algorithms.Sylvester.Higham16	NumStability.Algorithms.Sylvester.Higham16	retain_historical	theorem	public	NumStability.H16_eq16_29_sylvester_practical_error_bound_of_schurDiagonal_computed_residual_certificate_mono	7041
NumStability.H16_eq16_29_sylvester_practical_error_bound_of_schurDiagonal_computed_residual_certificate_mono_scalar	NumStability.Algorithms.Sylvester.Higham16	NumStability.Algorithms.Sylvester.Higham16	retain_historical	theorem	public	NumStability.H16_eq16_29_sylvester_practical_error_bound_of_schurDiagonal_computed_residual_certificate_mono_scalar	7046
NumStability.H16_eq16_29_sylvester_practical_error_bound_of_schurDiagonal_computed_residual_certificate_scalar	NumStability.Algorithms.Sylvester.Higham16	NumStability.Algorithms.Sylvester.Higham16	retain_historical	theorem	public	NumStability.H16_eq16_29_sylvester_practical_error_bound_of_schurDiagonal_computed_residual_certificate_scalar	7036
NumStability.H16_eq16_29_sylvester_practical_error_bound_of_schurDiagonal_computed_residual_error_model	NumStability.Algorithms.Sylvester.Higham16	NumStability.Algorithms.Sylvester.Higham16	retain_historical	theorem	public	NumStability.H16_eq16_29_sylvester_practical_error_bound_of_schurDiagonal_computed_residual_error_model	7071
NumStability.H16_eq16_29_sylvester_practical_error_bound_of_schurDiagonal_computed_residual_error_model_mono	NumStability.Algorithms.Sylvester.Higham16	NumStability.Algorithms.Sylvester.Higham16	retain_historical	theorem	public	NumStability.H16_eq16_29_sylvester_practical_error_bound_of_schurDiagonal_computed_residual_error_model_mono	7081
NumStability.H16_eq16_29_sylvester_practical_error_bound_of_schurDiagonal_computed_residual_error_model_mono_scalar	NumStability.Algorithms.Sylvester.Higham16	NumStability.Algorithms.Sylvester.Higham16	retain_historical	theorem	public	NumStability.H16_eq16_29_sylvester_practical_error_bound_of_schurDiagonal_computed_residual_error_model_mono_scalar	7086
NumStability.H16_eq16_29_sylvester_practical_error_bound_of_schurDiagonal_computed_residual_error_model_scalar	NumStability.Algorithms.Sylvester.Higham16	NumStability.Algorithms.Sylvester.Higham16	retain_historical	theorem	public	NumStability.H16_eq16_29_sylvester_practical_error_bound_of_schurDiagonal_computed_residual_error_model_scalar	7076
NumStability.H16_eq16_29_sylvester_practical_error_bound_of_schur_frobenius_error_model	NumStability.Algorithms.Sylvester.Higham16	NumStability.Algorithms.Sylvester.Higham16	retain_historical	theorem	public	NumStability.H16_eq16_29_sylvester_practical_error_bound_of_schur_frobenius_error_model	4382
NumStability.H16_eq16_29_sylvester_practical_error_bound_of_schur_transform_residual_bound	NumStability.Algorithms.Sylvester.Higham16	NumStability.Algorithms.Sylvester.Higham16	retain_historical	theorem	public	NumStability.H16_eq16_29_sylvester_practical_error_bound_of_schur_transform_residual_bound	4362
NumStability.H16_eq16_29_sylvester_practical_error_bound_of_schur_transform_residual_bound_mono	NumStability.Algorithms.Sylvester.Higham16	NumStability.Algorithms.Sylvester.Higham16	retain_historical	theorem	public	NumStability.H16_eq16_29_sylvester_practical_error_bound_of_schur_transform_residual_bound_mono	4372
NumStability.H16_eq16_29_sylvester_practical_error_bound_of_schur_transform_residual_bound_mono_scalar	NumStability.Algorithms.Sylvester.Higham16	NumStability.Algorithms.Sylvester.Higham16	retain_historical	theorem	public	NumStability.H16_eq16_29_sylvester_practical_error_bound_of_schur_transform_residual_bound_mono_scalar	4377
NumStability.H16_eq16_29_sylvester_practical_error_bound_of_schur_transform_residual_bound_scalar	NumStability.Algorithms.Sylvester.Higham16	NumStability.Algorithms.Sylvester.Higham16	retain_historical	theorem	public	NumStability.H16_eq16_29_sylvester_practical_error_bound_of_schur_transform_residual_bound_scalar	4367
NumStability.H16_eq16_29_sylvester_practical_error_bound_of_sepLowerBound_computed_residual_budget	NumStability.Algorithms.Sylvester.Higham16	NumStability.Algorithms.Sylvester.Higham16	retain_historical	theorem	public	NumStability.H16_eq16_29_sylvester_practical_error_bound_of_sepLowerBound_computed_residual_budget	7132
NumStability.H16_eq16_29_sylvester_practical_error_bound_of_sepLowerBound_computed_residual_budget_mono	NumStability.Algorithms.Sylvester.Higham16	NumStability.Algorithms.Sylvester.Higham16	retain_historical	theorem	public	NumStability.H16_eq16_29_sylvester_practical_error_bound_of_sepLowerBound_computed_residual_budget_mono	7142
NumStability.H16_eq16_29_sylvester_practical_error_bound_of_sepLowerBound_computed_residual_budget_mono_scalar	NumStability.Algorithms.Sylvester.Higham16	NumStability.Algorithms.Sylvester.Higham16	retain_historical	theorem	public	NumStability.H16_eq16_29_sylvester_practical_error_bound_of_sepLowerBound_computed_residual_budget_mono_scalar	7147
NumStability.H16_eq16_29_sylvester_practical_error_bound_of_sepLowerBound_computed_residual_budget_scalar	NumStability.Algorithms.Sylvester.Higham16	NumStability.Algorithms.Sylvester.Higham16	retain_historical	theorem	public	NumStability.H16_eq16_29_sylvester_practical_error_bound_of_sepLowerBound_computed_residual_budget_scalar	7137
NumStability.H16_eq16_29_sylvester_practical_error_bound_of_sepLowerBound_computed_residual_certificate	NumStability.Algorithms.Sylvester.Higham16	NumStability.Algorithms.Sylvester.Higham16	retain_historical	theorem	public	NumStability.H16_eq16_29_sylvester_practical_error_bound_of_sepLowerBound_computed_residual_certificate	7091
NumStability.H16_eq16_29_sylvester_practical_error_bound_of_sepLowerBound_computed_residual_certificate_mono	NumStability.Algorithms.Sylvester.Higham16	NumStability.Algorithms.Sylvester.Higham16	retain_historical	theorem	public	NumStability.H16_eq16_29_sylvester_practical_error_bound_of_sepLowerBound_computed_residual_certificate_mono	7122
NumStability.H16_eq16_29_sylvester_practical_error_bound_of_sepLowerBound_computed_residual_certificate_mono_scalar	NumStability.Algorithms.Sylvester.Higham16	NumStability.Algorithms.Sylvester.Higham16	retain_historical	theorem	public	NumStability.H16_eq16_29_sylvester_practical_error_bound_of_sepLowerBound_computed_residual_certificate_mono_scalar	7127
NumStability.H16_eq16_29_sylvester_practical_error_bound_of_sepLowerBound_computed_residual_certificate_scalar	NumStability.Algorithms.Sylvester.Higham16	NumStability.Algorithms.Sylvester.Higham16	retain_historical	theorem	public	NumStability.H16_eq16_29_sylvester_practical_error_bound_of_sepLowerBound_computed_residual_certificate_scalar	7096
NumStability.H16_eq16_29_sylvester_practical_error_bound_of_sepLowerBound_computed_residual_error_model	NumStability.Algorithms.Sylvester.Higham16	NumStability.Algorithms.Sylvester.Higham16	retain_historical	theorem	public	NumStability.H16_eq16_29_sylvester_practical_error_bound_of_sepLowerBound_computed_residual_error_model	7152
NumStability.H16_eq16_29_sylvester_practical_error_bound_of_sepLowerBound_computed_residual_error_model_mono	NumStability.Algorithms.Sylvester.Higham16	NumStability.Algorithms.Sylvester.Higham16	retain_historical	theorem	public	NumStability.H16_eq16_29_sylvester_practical_error_bound_of_sepLowerBound_computed_residual_error_model_mono	7162
NumStability.H16_eq16_29_sylvester_practical_error_bound_of_sepLowerBound_computed_residual_error_model_mono_scalar	NumStability.Algorithms.Sylvester.Higham16	NumStability.Algorithms.Sylvester.Higham16	retain_historical	theorem	public	NumStability.H16_eq16_29_sylvester_practical_error_bound_of_sepLowerBound_computed_residual_error_model_mono_scalar	7167
NumStability.H16_eq16_29_sylvester_practical_error_bound_of_sepLowerBound_computed_residual_error_model_scalar	NumStability.Algorithms.Sylvester.Higham16	NumStability.Algorithms.Sylvester.Higham16	retain_historical	theorem	public	NumStability.H16_eq16_29_sylvester_practical_error_bound_of_sepLowerBound_computed_residual_error_model_scalar	7157
NumStability.H16_eq16_29_sylvester_practical_error_bound_of_vecCoeff_det_ne_zero_computed_residual_budget	NumStability.Algorithms.Sylvester.Higham16	NumStability.Source.Higham.Chapter16.Section04.PracticalErrorBounds.Equation29	move_source	theorem	public	NumStability.H16_eq16_29_sylvester_practical_error_bound_of_vecCoeff_det_ne_zero_computed_residual_budget	6910
NumStability.H16_eq16_29_sylvester_practical_error_bound_of_vecCoeff_det_ne_zero_computed_residual_budget_mono	NumStability.Algorithms.Sylvester.Higham16	NumStability.Source.Higham.Chapter16.Section04.PracticalErrorBounds.Equation29	move_source	theorem	public	NumStability.H16_eq16_29_sylvester_practical_error_bound_of_vecCoeff_det_ne_zero_computed_residual_budget_mono	6920
NumStability.H16_eq16_29_sylvester_practical_error_bound_of_vecCoeff_det_ne_zero_computed_residual_budget_mono_scalar	NumStability.Algorithms.Sylvester.Higham16	NumStability.Source.Higham.Chapter16.Section04.PracticalErrorBounds.Equation29	move_source	theorem	public	NumStability.H16_eq16_29_sylvester_practical_error_bound_of_vecCoeff_det_ne_zero_computed_residual_budget_mono_scalar	6925
NumStability.H16_eq16_29_sylvester_practical_error_bound_of_vecCoeff_det_ne_zero_computed_residual_budget_rect	NumStability.Algorithms.Sylvester.Higham16	NumStability.Source.Higham.Chapter16.Section04.PracticalErrorBounds.Equation29	move_source	theorem	public	NumStability.H16_eq16_29_sylvester_practical_error_bound_of_vecCoeff_det_ne_zero_computed_residual_budget_rect	6880
NumStability.H16_eq16_29_sylvester_practical_error_bound_of_vecCoeff_det_ne_zero_computed_residual_budget_scalar	NumStability.Algorithms.Sylvester.Higham16	NumStability.Source.Higham.Chapter16.Section04.PracticalErrorBounds.Equation29	move_source	theorem	public	NumStability.H16_eq16_29_sylvester_practical_error_bound_of_vecCoeff_det_ne_zero_computed_residual_budget_scalar	6915
NumStability.H16_eq16_29_sylvester_practical_error_bound_of_vecCoeff_det_ne_zero_computed_residual_certificate	NumStability.Algorithms.Sylvester.Higham16	NumStability.Source.Higham.Chapter16.Section04.PracticalErrorBounds.Equation29	move_source	theorem	public	NumStability.H16_eq16_29_sylvester_practical_error_bound_of_vecCoeff_det_ne_zero_computed_residual_certificate	6890
NumStability.H16_eq16_29_sylvester_practical_error_bound_of_vecCoeff_det_ne_zero_computed_residual_certificate_mono	NumStability.Algorithms.Sylvester.Higham16	NumStability.Source.Higham.Chapter16.Section04.PracticalErrorBounds.Equation29	move_source	theorem	public	NumStability.H16_eq16_29_sylvester_practical_error_bound_of_vecCoeff_det_ne_zero_computed_residual_certificate_mono	6900
NumStability.H16_eq16_29_sylvester_practical_error_bound_of_vecCoeff_det_ne_zero_computed_residual_certificate_mono_scalar	NumStability.Algorithms.Sylvester.Higham16	NumStability.Source.Higham.Chapter16.Section04.PracticalErrorBounds.Equation29	move_source	theorem	public	NumStability.H16_eq16_29_sylvester_practical_error_bound_of_vecCoeff_det_ne_zero_computed_residual_certificate_mono_scalar	6905
NumStability.H16_eq16_29_sylvester_practical_error_bound_of_vecCoeff_det_ne_zero_computed_residual_certificate_rect	NumStability.Algorithms.Sylvester.Higham16	NumStability.Source.Higham.Chapter16.Section04.PracticalErrorBounds.Equation29	move_source	theorem	public	NumStability.H16_eq16_29_sylvester_practical_error_bound_of_vecCoeff_det_ne_zero_computed_residual_certificate_rect	6869
NumStability.H16_eq16_29_sylvester_practical_error_bound_of_vecCoeff_det_ne_zero_computed_residual_certificate_scalar	NumStability.Algorithms.Sylvester.Higham16	NumStability.Source.Higham.Chapter16.Section04.PracticalErrorBounds.Equation29	move_source	theorem	public	NumStability.H16_eq16_29_sylvester_practical_error_bound_of_vecCoeff_det_ne_zero_computed_residual_certificate_scalar	6895
NumStability.H16_eq16_29_sylvester_practical_error_bound_of_vecCoeff_det_ne_zero_computed_residual_error_model	NumStability.Algorithms.Sylvester.Higham16	NumStability.Source.Higham.Chapter16.Section04.PracticalErrorBounds.Equation29	move_source	theorem	public	NumStability.H16_eq16_29_sylvester_practical_error_bound_of_vecCoeff_det_ne_zero_computed_residual_error_model	6930
NumStability.H16_eq16_29_sylvester_practical_error_bound_of_vecCoeff_det_ne_zero_computed_residual_error_model_mono	NumStability.Algorithms.Sylvester.Higham16	NumStability.Source.Higham.Chapter16.Section04.PracticalErrorBounds.Equation29	move_source	theorem	public	NumStability.H16_eq16_29_sylvester_practical_error_bound_of_vecCoeff_det_ne_zero_computed_residual_error_model_mono	6940
NumStability.H16_eq16_29_sylvester_practical_error_bound_of_vecCoeff_det_ne_zero_computed_residual_error_model_mono_scalar	NumStability.Algorithms.Sylvester.Higham16	NumStability.Source.Higham.Chapter16.Section04.PracticalErrorBounds.Equation29	move_source	theorem	public	NumStability.H16_eq16_29_sylvester_practical_error_bound_of_vecCoeff_det_ne_zero_computed_residual_error_model_mono_scalar	6945
NumStability.H16_eq16_29_sylvester_practical_error_bound_of_vecCoeff_det_ne_zero_computed_residual_error_model_rect	NumStability.Algorithms.Sylvester.Higham16	NumStability.Source.Higham.Chapter16.Section04.PracticalErrorBounds.Equation29	move_source	theorem	public	NumStability.H16_eq16_29_sylvester_practical_error_bound_of_vecCoeff_det_ne_zero_computed_residual_error_model_rect	6885
NumStability.H16_eq16_29_sylvester_practical_error_bound_of_vecCoeff_det_ne_zero_computed_residual_error_model_scalar	NumStability.Algorithms.Sylvester.Higham16	NumStability.Source.Higham.Chapter16.Section04.PracticalErrorBounds.Equation29	move_source	theorem	public	NumStability.H16_eq16_29_sylvester_practical_error_bound_of_vecCoeff_det_ne_zero_computed_residual_error_model_scalar	6935
NumStability.H16_eq16_29_sylvester_practical_error_bound_of_vecCoeff_det_ne_zero_computed_residual_frobenius_error_model	NumStability.Algorithms.Sylvester.Higham16	NumStability.Source.Higham.Chapter16.Section04.PracticalErrorBounds.Equation29	move_source	theorem	public	NumStability.H16_eq16_29_sylvester_practical_error_bound_of_vecCoeff_det_ne_zero_computed_residual_frobenius_error_model	6950
NumStability.H16_eq16_29_sylvester_practical_error_bound_of_vecCoeff_det_ne_zero_computed_residual_frobenius_error_model_mono	NumStability.Algorithms.Sylvester.Higham16	NumStability.Source.Higham.Chapter16.Section04.PracticalErrorBounds.Equation29	move_source	theorem	public	NumStability.H16_eq16_29_sylvester_practical_error_bound_of_vecCoeff_det_ne_zero_computed_residual_frobenius_error_model_mono	6960
NumStability.H16_eq16_29_sylvester_practical_error_bound_of_vecCoeff_det_ne_zero_computed_residual_frobenius_error_model_mono_scalar	NumStability.Algorithms.Sylvester.Higham16	NumStability.Source.Higham.Chapter16.Section04.PracticalErrorBounds.Equation29	move_source	theorem	public	NumStability.H16_eq16_29_sylvester_practical_error_bound_of_vecCoeff_det_ne_zero_computed_residual_frobenius_error_model_mono_scalar	6966
NumStability.H16_eq16_29_sylvester_practical_error_bound_of_vecCoeff_det_ne_zero_computed_residual_frobenius_error_model_scalar	NumStability.Algorithms.Sylvester.Higham16	NumStability.Source.Higham.Chapter16.Section04.PracticalErrorBounds.Equation29	move_source	theorem	public	NumStability.H16_eq16_29_sylvester_practical_error_bound_of_vecCoeff_det_ne_zero_computed_residual_frobenius_error_model_scalar	6955
NumStability.H16_eq16_29_sylvester_vec_error_eq_inverse_residual_of_left_inverse	NumStability.Algorithms.Sylvester.Higham16	NumStability.Source.Higham.Chapter16.Section04.PracticalErrorBounds.Equation29	move_source	theorem	public	NumStability.H16_eq16_29_sylvester_vec_error_eq_inverse_residual_of_left_inverse	664
NumStability.H16_eq16_2_sylvesterVecCoeff_mulVec_vec	NumStability.Algorithms.Sylvester.Higham16	NumStability.Source.Higham.Chapter16.Section01.SylvesterEquation.Equation02	move_source	theorem	public	NumStability.H16_eq16_2_sylvesterVecCoeff_mulVec_vec	250
NumStability.H16_eq16_2_sylvester_vec_system_iff_solution	NumStability.Algorithms.Sylvester.Higham16	NumStability.Source.Higham.Chapter16.Section01.SylvesterEquation.Equation02	move_source	theorem	public	NumStability.H16_eq16_2_sylvester_vec_system_iff_solution	255
NumStability.H16_eq16_2_vec_left_mul_rect	NumStability.Algorithms.Sylvester.Higham16	NumStability.Source.Higham.Chapter16.Section01.SylvesterEquation.Equation02	move_source	theorem	public	NumStability.H16_eq16_2_vec_left_mul_rect	133
NumStability.H16_eq16_2_vec_right_mul_rect	NumStability.Algorithms.Sylvester.Higham16	NumStability.Source.Higham.Chapter16.Section01.SylvesterEquation.Equation02	move_source	theorem	public	NumStability.H16_eq16_2_vec_right_mul_rect	137
NumStability.H16_eq16_2_vec_triple_product_rect	NumStability.Algorithms.Sylvester.Higham16	NumStability.Source.Higham.Chapter16.Section01.SylvesterEquation.Equation02	move_source	theorem	public	NumStability.H16_eq16_2_vec_triple_product_rect	129
NumStability.H16_eq16_30_IsGeneralizedSylvesterAXB_CXD_Solution	NumStability.Algorithms.Sylvester.Higham16	NumStability.Source.Higham.Chapter16.Section05.GeneralizedMatrixEquations.Equation30	move_source	definition	public	NumStability.H16_eq16_30_IsGeneralizedSylvesterAXB_CXD_Solution	7953
NumStability.H16_eq16_30_generalizedSylvesterAXB_CXD_residual	NumStability.Algorithms.Sylvester.Higham16	NumStability.Source.Higham.Chapter16.Section05.GeneralizedMatrixEquations.Equation30	move_source	definition	public	NumStability.H16_eq16_30_generalizedSylvesterAXB_CXD_residual	7938
NumStability.H16_eq16_30_generalizedSylvesterAXB_CXD_residual_zero_iff_solution	NumStability.Algorithms.Sylvester.Higham16	NumStability.Source.Higham.Chapter16.Section05.GeneralizedMatrixEquations.Equation30	move_source	theorem	public	NumStability.H16_eq16_30_generalizedSylvesterAXB_CXD_residual_zero_iff_solution	7980
NumStability.H16_eq16_31_IsGeneralizedSylvesterPairSolution	NumStability.Algorithms.Sylvester.Higham16	NumStability.Source.Higham.Chapter16.Section05.GeneralizedMatrixEquations.Equation31	move_source	definition	public	NumStability.H16_eq16_31_IsGeneralizedSylvesterPairSolution	7993
NumStability.H16_eq16_31_generalizedSylvesterPairResidualLeft	NumStability.Algorithms.Sylvester.Higham16	NumStability.Source.Higham.Chapter16.Section05.GeneralizedMatrixEquations.Equation31	move_source	definition	public	NumStability.H16_eq16_31_generalizedSylvesterPairResidualLeft	8007
NumStability.H16_eq16_31_generalizedSylvesterPairResidualRight	NumStability.Algorithms.Sylvester.Higham16	NumStability.Source.Higham.Chapter16.Section05.GeneralizedMatrixEquations.Equation31	move_source	definition	public	NumStability.H16_eq16_31_generalizedSylvesterPairResidualRight	8020
NumStability.H16_eq16_31_generalizedSylvesterPair_residual_zero_iff_solution	NumStability.Algorithms.Sylvester.Higham16	NumStability.Source.Higham.Chapter16.Section05.GeneralizedMatrixEquations.Equation31	move_source	theorem	public	NumStability.H16_eq16_31_generalizedSylvesterPair_residual_zero_iff_solution	8060
NumStability.H16_eq16_32_IsRiccatiSolution	NumStability.Algorithms.Sylvester.Higham16	NumStability.Source.Higham.Chapter16.Section05.GeneralizedMatrixEquations.Equation32	move_source	definition	public	NumStability.H16_eq16_32_IsRiccatiSolution	8091
NumStability.H16_eq16_32_riccatiResidual	NumStability.Algorithms.Sylvester.Higham16	NumStability.Source.Higham.Chapter16.Section05.GeneralizedMatrixEquations.Equation32	move_source	definition	public	NumStability.H16_eq16_32_riccatiResidual	8074
NumStability.H16_eq16_32_riccatiResidual_zero_iff_solution	NumStability.Algorithms.Sylvester.Higham16	NumStability.Source.Higham.Chapter16.Section05.GeneralizedMatrixEquations.Equation32	move_source	theorem	public	NumStability.H16_eq16_32_riccatiResidual_zero_iff_solution	8114
NumStability.H16_eq16_3_existsUnique_isSylvesterSolutionRect_diagonal	NumStability.Algorithms.Sylvester.Higham16	NumStability.Source.Higham.Chapter16.Section01.SylvesterEquation.Equation03	move_source	theorem	public	NumStability.H16_eq16_3_existsUnique_isSylvesterSolutionRect_diagonal	3257
NumStability.H16_eq16_3_existsUnique_sylvesterVecCoeff_diagonal_mulVec	NumStability.Algorithms.Sylvester.Higham16	NumStability.Source.Higham.Chapter16.Section01.SylvesterEquation.Equation03	move_source	theorem	public	NumStability.H16_eq16_3_existsUnique_sylvesterVecCoeff_diagonal_mulVec	3282
NumStability.H16_eq16_3_isSylvesterSolutionRect_sylvesterDiagonalSolution	NumStability.Algorithms.Sylvester.Higham16	NumStability.Source.Higham.Chapter16.Section01.SylvesterEquation.Equation03	move_source	theorem	public	NumStability.H16_eq16_3_isSylvesterSolutionRect_sylvesterDiagonalSolution	3247
NumStability.H16_eq16_3_sylvesterDiagonalSolution	NumStability.Algorithms.Sylvester.Higham16	NumStability.Source.Higham.Chapter16.Section01.SylvesterEquation.Equation03	move_source	definition	public	NumStability.H16_eq16_3_sylvesterDiagonalSolution	3220
NumStability.H16_eq16_3_sylvesterDiagonalSolution_unique	NumStability.Algorithms.Sylvester.Higham16	NumStability.Source.Higham.Chapter16.Section01.SylvesterEquation.Equation03	move_source	theorem	public	NumStability.H16_eq16_3_sylvesterDiagonalSolution_unique	3252
NumStability.H16_eq16_3_sylvesterDiagonalSolution_zero	NumStability.Algorithms.Sylvester.Higham16	NumStability.Source.Higham.Chapter16.Section01.SylvesterEquation.Equation03	move_source	theorem	public	NumStability.H16_eq16_3_sylvesterDiagonalSolution_zero	3227
NumStability.H16_eq16_3_sylvesterDiagonalVecCoeffInv	NumStability.Algorithms.Sylvester.Higham16	NumStability.Source.Higham.Chapter16.Section01.SylvesterEquation.Equation03	move_source	definition	public	NumStability.H16_eq16_3_sylvesterDiagonalVecCoeffInv	3200
NumStability.H16_eq16_3_sylvesterDiagonalVecCoeffInv_mul_sylvesterVecCoeff_diagonal	NumStability.Algorithms.Sylvester.Higham16	NumStability.Source.Higham.Chapter16.Section01.SylvesterEquation.Equation03	move_source	theorem	public	NumStability.H16_eq16_3_sylvesterDiagonalVecCoeffInv_mul_sylvesterVecCoeff_diagonal	3207
NumStability.H16_eq16_3_sylvesterOpRect_diagonal_apply	NumStability.Algorithms.Sylvester.Higham16	NumStability.Source.Higham.Chapter16.Section01.SylvesterEquation.Equation03	move_source	theorem	public	NumStability.H16_eq16_3_sylvesterOpRect_diagonal_apply	3217
NumStability.H16_eq16_3_sylvesterOpRect_diagonal_sylvesterDiagonalSolution	NumStability.Algorithms.Sylvester.Higham16	NumStability.Source.Higham.Chapter16.Section01.SylvesterEquation.Equation03	move_source	theorem	public	NumStability.H16_eq16_3_sylvesterOpRect_diagonal_sylvesterDiagonalSolution	3242
NumStability.H16_eq16_3_sylvesterVecCoeff_diagonal	NumStability.Algorithms.Sylvester.Higham16	NumStability.Source.Higham.Chapter16.Section01.SylvesterEquation.Equation03	move_source	theorem	public	NumStability.H16_eq16_3_sylvesterVecCoeff_diagonal	2912
NumStability.H16_eq16_3_sylvesterVecCoeff_diagonal_det	NumStability.Algorithms.Sylvester.Higham16	NumStability.Source.Higham.Chapter16.Section01.SylvesterEquation.Equation03	move_source	theorem	public	NumStability.H16_eq16_3_sylvesterVecCoeff_diagonal_det	2917
NumStability.H16_eq16_3_sylvesterVecCoeff_diagonal_det_eq_zero_of_common_entry	NumStability.Algorithms.Sylvester.Higham16	NumStability.Source.Higham.Chapter16.Section01.SylvesterEquation.Equation03	move_source	theorem	public	NumStability.H16_eq16_3_sylvesterVecCoeff_diagonal_det_eq_zero_of_common_entry	2927
NumStability.H16_eq16_3_sylvesterVecCoeff_diagonal_det_ne_zero_iff	NumStability.Algorithms.Sylvester.Higham16	NumStability.Source.Higham.Chapter16.Section01.SylvesterEquation.Equation03	move_source	theorem	public	NumStability.H16_eq16_3_sylvesterVecCoeff_diagonal_det_ne_zero_iff	2922
NumStability.H16_eq16_3_sylvesterVecCoeff_diagonal_mulVec_bijective	NumStability.Algorithms.Sylvester.Higham16	NumStability.Source.Higham.Chapter16.Section01.SylvesterEquation.Equation03	move_source	theorem	public	NumStability.H16_eq16_3_sylvesterVecCoeff_diagonal_mulVec_bijective	3277
NumStability.H16_eq16_3_sylvesterVecCoeff_diagonal_mulVec_eq_zero_iff	NumStability.Algorithms.Sylvester.Higham16	NumStability.Source.Higham.Chapter16.Section01.SylvesterEquation.Equation03	move_source	theorem	public	NumStability.H16_eq16_3_sylvesterVecCoeff_diagonal_mulVec_eq_zero_iff	3262
NumStability.H16_eq16_3_sylvesterVecCoeff_diagonal_mulVec_injective	NumStability.Algorithms.Sylvester.Higham16	NumStability.Source.Higham.Chapter16.Section01.SylvesterEquation.Equation03	move_source	theorem	public	NumStability.H16_eq16_3_sylvesterVecCoeff_diagonal_mulVec_injective	3267
NumStability.H16_eq16_3_sylvesterVecCoeff_diagonal_mulVec_surjective	NumStability.Algorithms.Sylvester.Higham16	NumStability.Source.Higham.Chapter16.Section01.SylvesterEquation.Equation03	move_source	theorem	public	NumStability.H16_eq16_3_sylvesterVecCoeff_diagonal_mulVec_surjective	3272
NumStability.H16_eq16_3_sylvesterVecCoeff_diagonal_mul_sylvesterDiagonalVecCoeffInv	NumStability.Algorithms.Sylvester.Higham16	NumStability.Source.Higham.Chapter16.Section01.SylvesterEquation.Equation03	move_source	theorem	public	NumStability.H16_eq16_3_sylvesterVecCoeff_diagonal_mul_sylvesterDiagonalVecCoeffInv	3212
NumStability.H16_eq16_3_sylvesterVecCoeff_mulVec_vec_sylvesterDiagonalSolution	NumStability.Algorithms.Sylvester.Higham16	NumStability.Source.Higham.Chapter16.Section01.SylvesterEquation.Equation03	move_source	theorem	public	NumStability.H16_eq16_3_sylvesterVecCoeff_mulVec_vec_sylvesterDiagonalSolution	3237
NumStability.H16_eq16_3_vec_sylvesterDiagonalSolution_eq_mulVec_inv	NumStability.Algorithms.Sylvester.Higham16	NumStability.Source.Higham.Chapter16.Section01.SylvesterEquation.Equation03	move_source	theorem	public	NumStability.H16_eq16_3_vec_sylvesterDiagonalSolution_eq_mulVec_inv	3232
NumStability.H16_eq16_4_5_sylvester_schur_transform_identity	NumStability.Algorithms.Sylvester.Higham16	NumStability.Algorithms.Sylvester.Higham16	retain_historical	theorem	public	NumStability.H16_eq16_4_5_sylvester_schur_transform_identity	3793
NumStability.H16_eq16_4_5_sylvester_schur_transform_solution_iff	NumStability.Algorithms.Sylvester.Higham16	NumStability.Algorithms.Sylvester.Higham16	retain_historical	theorem	public	NumStability.H16_eq16_4_5_sylvester_schur_transform_solution_iff	4454
NumStability.H16_eq16_5_9_sylvesterResidualRect_schur_transform_identity	NumStability.Algorithms.Sylvester.Higham16	NumStability.Algorithms.Sylvester.Higham16	retain_historical	theorem	public	NumStability.H16_eq16_5_9_sylvesterResidualRect_schur_transform_identity	3895
NumStability.H16_eq16_9_frobNormRect_sylvesterResidualRect_le_of_schur_transform	NumStability.Algorithms.Sylvester.Higham16	NumStability.Algorithms.Sylvester.Higham16	retain_historical	theorem	public	NumStability.H16_eq16_9_frobNormRect_sylvesterResidualRect_le_of_schur_transform	3956
NumStability.H16_eq16_9_frobNormRect_sylvesterResidualRect_schur_transform	NumStability.Algorithms.Sylvester.Higham16	NumStability.Algorithms.Sylvester.Higham16	retain_historical	theorem	public	NumStability.H16_eq16_9_frobNormRect_sylvesterResidualRect_schur_transform	3931
NumStability.H16_eq16_9_sylvesterResidualRect_eq	NumStability.Algorithms.Sylvester.Higham16	NumStability.Source.Higham.Chapter16.Section02.SylvesterAndLyapunovBackwardError.Equation09	move_source	theorem	public	NumStability.H16_eq16_9_sylvesterResidualRect_eq	74
NumStability.HasRealQuasiSchurTwoBlockSpectral	NumStability.Analysis.RealQuasiSchur	NumStability.Analysis.LinearOperators.Schur.Real.QuasiTriangular.Basic	move_reusable	definition	public	NumStability.HasRealQuasiSchurTwoBlockSpectral	33
NumStability.IsBackwardError	NumStability.Algorithms.Sylvester.SylvesterSpec	NumStability.Algorithms.MatrixEquations.Sylvester.BackwardError.Specification	move_reusable	definition	public	NumStability.IsBackwardError	150
NumStability.IsGeneralizedSylvesterAXB_CXD_Solution	NumStability.Algorithms.Sylvester.Higham16	NumStability.Algorithms.MatrixEquations.Sylvester.GeneralizedEquations.Basic	move_reusable	definition	public	NumStability.IsGeneralizedSylvesterAXB_CXD_Solution	7945
NumStability.IsGeneralizedSylvesterPairSolution	NumStability.Algorithms.Sylvester.Higham16	NumStability.Algorithms.MatrixEquations.Sylvester.GeneralizedEquations.Basic	move_reusable	definition	public	NumStability.IsGeneralizedSylvesterPairSolution	7983
NumStability.IsLyapunovBackwardError	NumStability.Algorithms.Sylvester.SylvesterSpec	NumStability.Algorithms.MatrixEquations.Sylvester.BackwardError.Specification	move_reusable	definition	public	NumStability.IsLyapunovBackwardError	170
NumStability.IsRealQuasiUpperTriangular	NumStability.Analysis.RealQuasiSchur	NumStability.Analysis.LinearOperators.Schur.Real.QuasiTriangular.API	move_reusable	definition	public	NumStability.IsRealQuasiUpperTriangular	1571
NumStability.IsRiccatiSolution	NumStability.Algorithms.Sylvester.Higham16	NumStability.Algorithms.MatrixEquations.Sylvester.GeneralizedEquations.Basic	move_reusable	definition	public	NumStability.IsRiccatiSolution	8080
NumStability.IsSVD	NumStability.Algorithms.Sylvester.SylvesterBackward	NumStability.Algorithms.MatrixEquations.Sylvester.BackwardError.SylvesterSVD	move_reusable	definition	public	NumStability.IsSVD	27
NumStability.IsSylvesterComputedResidualBudget	NumStability.Algorithms.Sylvester.Higham16	NumStability.Algorithms.MatrixEquations.Sylvester.Conditioning.PracticalErrorBounds	move_reusable	definition	public	NumStability.IsSylvesterComputedResidualBudget	690
NumStability.IsSylvesterSolutionRect	NumStability.Algorithms.Sylvester.Higham16	NumStability.Algorithms.MatrixEquations.Sylvester.Equation.Rectangular	move_reusable	definition	public	NumStability.IsSylvesterSolutionRect	49
NumStability.IsSymmetric	NumStability.Algorithms.Sylvester.SylvesterSpec	NumStability.Algorithms.MatrixEquations.Sylvester.Equation.Lyapunov	move_reusable	definition	public	NumStability.IsSymmetric	107
NumStability.LyapunovConditionFirstOrderBound	NumStability.Algorithms.Sylvester.SylvesterPerturbation	NumStability.Algorithms.MatrixEquations.Sylvester.Conditioning.FirstOrder	move_reusable	definition	public	NumStability.LyapunovConditionFirstOrderBound	241
NumStability.LyapunovInverseOpBound	NumStability.Algorithms.Sylvester.Higham16Lyapunov	NumStability.Algorithms.MatrixEquations.Sylvester.Conditioning.StructuredLyapunov	move_reusable	definition	public	NumStability.LyapunovInverseOpBound	221
NumStability.MatrixNoRealEigenline	NumStability.Analysis.RealInvariantSubspace	NumStability.Analysis.LinearOperators.Schur.Real.InvariantSubspace.TwoByTwo	move_reusable	definition	public	NumStability.MatrixNoRealEigenline	230
NumStability.RealInvariantSubspaceAux.cplx	NumStability.Analysis.RealInvariantSubspace	NumStability.Analysis.LinearOperators.Schur.Real.InvariantSubspace.Complexification	move_reusable	definition	public	NumStability.RealInvariantSubspaceAux.cplx	64
NumStability.RealInvariantSubspaceAux.cplx_apply	NumStability.Analysis.RealInvariantSubspace	NumStability.Analysis.LinearOperators.Schur.Real.InvariantSubspace.Complexification	move_reusable	theorem	public	NumStability.RealInvariantSubspaceAux.cplx_apply	72
NumStability.RealInvariantSubspaceAux.cplx_mulVec_apply	NumStability.Analysis.RealInvariantSubspace	NumStability.Analysis.LinearOperators.Schur.Real.InvariantSubspace.Complexification	move_reusable	theorem	public	NumStability.RealInvariantSubspaceAux.cplx_mulVec_apply	75
NumStability.RealInvariantSubspaceAux.cplx_mulVec_ofReal	NumStability.Analysis.RealInvariantSubspace	NumStability.Analysis.LinearOperators.Schur.Real.InvariantSubspace.Complexification	move_reusable	theorem	public	NumStability.RealInvariantSubspaceAux.cplx_mulVec_ofReal	126
NumStability.RealInvariantSubspaceAux.im_eq_zero_of_real_eigenvector	NumStability.Analysis.RealInvariantSubspace	NumStability.Analysis.LinearOperators.Schur.Real.InvariantSubspace.Complexification	move_reusable	theorem	public	NumStability.RealInvariantSubspaceAux.im_eq_zero_of_real_eigenvector	138
NumStability.RealInvariantSubspaceAux.imag_part_eqn	NumStability.Analysis.RealInvariantSubspace	NumStability.Analysis.LinearOperators.Schur.Real.InvariantSubspace.Complexification	move_reusable	theorem	public	NumStability.RealInvariantSubspaceAux.imag_part_eqn	109
NumStability.RealInvariantSubspaceAux.reIm_linearIndependent_of_im_ne	NumStability.Analysis.RealInvariantSubspace	NumStability.Analysis.LinearOperators.Schur.Real.InvariantSubspace.Complexification	move_reusable	theorem	public	NumStability.RealInvariantSubspaceAux.reIm_linearIndependent_of_im_ne	161
NumStability.RealInvariantSubspaceAux.real_part_eqn	NumStability.Analysis.RealInvariantSubspace	NumStability.Analysis.LinearOperators.Schur.Real.InvariantSubspace.Complexification	move_reusable	theorem	public	NumStability.RealInvariantSubspaceAux.real_part_eqn	92
NumStability.RealQuasiSchurAux.IsQuasiUpperTriangular	NumStability.Analysis.RealQuasiSchur	NumStability.Analysis.LinearOperators.Schur.Real.QuasiTriangular.Basic	move_reusable	definition	public	NumStability.RealQuasiSchurAux.IsQuasiUpperTriangular	61
NumStability.RealQuasiSchurAux.conj_embedBlock_eq	NumStability.Analysis.RealQuasiSchur	NumStability.Analysis.LinearOperators.Schur.Real.QuasiTriangular.TrailingConjugation	move_reusable	theorem	public	NumStability.RealQuasiSchurAux.conj_embedBlock_eq	748
NumStability.RealQuasiSchurAux.conj_entry_eq_dotProduct	NumStability.Analysis.RealQuasiSchur	NumStability.Analysis.LinearOperators.Schur.Real.QuasiTriangular.Deflation	move_reusable	theorem	public	NumStability.RealQuasiSchurAux.conj_entry_eq_dotProduct	117
NumStability.RealQuasiSchurAux.deflation_lower_left_zero	NumStability.Analysis.RealQuasiSchur	NumStability.Analysis.LinearOperators.Schur.Real.QuasiTriangular.Deflation	move_reusable	theorem	public	NumStability.RealQuasiSchurAux.deflation_lower_left_zero	145
NumStability.RealQuasiSchurAux.embedBlock	NumStability.Analysis.RealQuasiSchur	NumStability.Analysis.LinearOperators.Schur.Real.QuasiTriangular.BlockEmbedding	move_reusable	definition	public	NumStability.RealQuasiSchurAux.embedBlock	74
NumStability.RealQuasiSchurAux.embedBlock_conj_apply_inl_inl	NumStability.Analysis.RealQuasiSchur	NumStability.Analysis.LinearOperators.Schur.Real.QuasiTriangular.TrailingConjugation	move_reusable	theorem	public	NumStability.RealQuasiSchurAux.embedBlock_conj_apply_inl_inl	762
NumStability.RealQuasiSchurAux.embedBlock_conj_apply_inr_inr	NumStability.Analysis.RealQuasiSchur	NumStability.Analysis.LinearOperators.Schur.Real.QuasiTriangular.TrailingConjugation	move_reusable	theorem	public	NumStability.RealQuasiSchurAux.embedBlock_conj_apply_inr_inr	771
NumStability.RealQuasiSchurAux.embedBlock_mem_orthogonal	NumStability.Analysis.RealQuasiSchur	NumStability.Analysis.LinearOperators.Schur.Real.QuasiTriangular.BlockEmbedding	move_reusable	theorem	public	NumStability.RealQuasiSchurAux.embedBlock_mem_orthogonal	101
NumStability.RealQuasiSchurAux.embedBlock_mul	NumStability.Analysis.RealQuasiSchur	NumStability.Analysis.LinearOperators.Schur.Real.QuasiTriangular.BlockEmbedding	move_reusable	theorem	public	NumStability.RealQuasiSchurAux.embedBlock_mul	94
NumStability.RealQuasiSchurAux.embedBlock_one	NumStability.Analysis.RealQuasiSchur	NumStability.Analysis.LinearOperators.Schur.Real.QuasiTriangular.BlockEmbedding	move_reusable	theorem	public	NumStability.RealQuasiSchurAux.embedBlock_one	89
NumStability.RealQuasiSchurAux.embedBlock_transpose	NumStability.Analysis.RealQuasiSchur	NumStability.Analysis.LinearOperators.Schur.Real.QuasiTriangular.BlockEmbedding	move_reusable	theorem	public	NumStability.RealQuasiSchurAux.embedBlock_transpose	82
NumStability.RealQuasiSchurAux.eq_zero_of_mem_span_pair_orthogonal_cols_dot_eq_zero	NumStability.Analysis.RealQuasiSchur	NumStability.Analysis.LinearOperators.Schur.Real.QuasiTriangular.OrthogonalFrame	move_reusable	theorem	public	NumStability.RealQuasiSchurAux.eq_zero_of_mem_span_pair_orthogonal_cols_dot_eq_zero	310
NumStability.RealQuasiSchurAux.euclEquiv	NumStability.Analysis.RealQuasiSchur	NumStability.Analysis.LinearOperators.Schur.Real.QuasiTriangular.OrthogonalFrame	move_reusable	definition	public	NumStability.RealQuasiSchurAux.euclEquiv	185
NumStability.RealQuasiSchurAux.euclEquiv_apply	NumStability.Analysis.RealQuasiSchur	NumStability.Analysis.LinearOperators.Schur.Real.QuasiTriangular.OrthogonalFrame	move_reusable	theorem	public	NumStability.RealQuasiSchurAux.euclEquiv_apply	191
NumStability.RealQuasiSchurAux.euclEquiv_symm_apply	NumStability.Analysis.RealQuasiSchur	NumStability.Analysis.LinearOperators.Schur.Real.QuasiTriangular.OrthogonalFrame	move_reusable	theorem	public	NumStability.RealQuasiSchurAux.euclEquiv_symm_apply	195
NumStability.RealQuasiSchurAux.exists_invariant_subspace_dim_one_or_two_frame_twoBlock_spectral	NumStability.Analysis.RealQuasiSchur	NumStability.Analysis.LinearOperators.Schur.Real.QuasiTriangular.OrthogonalFrame	move_reusable	theorem	public	NumStability.RealQuasiSchurAux.exists_invariant_subspace_dim_one_or_two_frame_twoBlock_spectral	604
NumStability.RealQuasiSchurAux.exists_orthogonal_conj_quasiUpperTriangular	NumStability.Analysis.RealQuasiSchur	NumStability.Analysis.LinearOperators.Schur.Real.QuasiTriangular.Existence	move_reusable	theorem	public	NumStability.RealQuasiSchurAux.exists_orthogonal_conj_quasiUpperTriangular	1120
NumStability.RealQuasiSchurAux.exists_orthogonal_conj_quasiUpperTriangular_twoBlockSpectral	NumStability.Analysis.RealQuasiSchur	NumStability.Analysis.LinearOperators.Schur.Real.QuasiTriangular.Existence	move_reusable	theorem	public	NumStability.RealQuasiSchurAux.exists_orthogonal_conj_quasiUpperTriangular_twoBlockSpectral	1323
NumStability.RealQuasiSchurAux.exists_orthogonal_frame	NumStability.Analysis.RealQuasiSchur	NumStability.Analysis.LinearOperators.Schur.Real.QuasiTriangular.OrthogonalFrame	move_reusable	theorem	public	NumStability.RealQuasiSchurAux.exists_orthogonal_frame	200
NumStability.RealQuasiSchurAux.exists_orthogonal_frame_two_principalBlock_noRealEigenline_disc_neg	NumStability.Analysis.RealQuasiSchur	NumStability.Analysis.LinearOperators.Schur.Real.QuasiTriangular.OrthogonalFrame	move_reusable	theorem	public	NumStability.RealQuasiSchurAux.exists_orthogonal_frame_two_principalBlock_noRealEigenline_disc_neg	559
NumStability.RealQuasiSchurAux.exists_orthogonal_frame_two_principalBlock_spectral_after_trailing_conj	NumStability.Analysis.RealQuasiSchur	NumStability.Analysis.LinearOperators.Schur.Real.QuasiTriangular.TrailingConjugation	move_reusable	theorem	public	NumStability.RealQuasiSchurAux.exists_orthogonal_frame_two_principalBlock_spectral_after_trailing_conj	1063
NumStability.RealQuasiSchurAux.finSumFinEquiv_splitEquiv_val	NumStability.Analysis.RealQuasiSchur	NumStability.Analysis.LinearOperators.Schur.Real.QuasiTriangular.Reindex	move_reusable	theorem	public	NumStability.RealQuasiSchurAux.finSumFinEquiv_splitEquiv_val	685
NumStability.RealQuasiSchurAux.leading_twoBlock_spectral_preserved_after_trailing_conj	NumStability.Analysis.RealQuasiSchur	NumStability.Analysis.LinearOperators.Schur.Real.QuasiTriangular.TrailingConjugation	move_reusable	theorem	public	NumStability.RealQuasiSchurAux.leading_twoBlock_spectral_preserved_after_trailing_conj	1027
NumStability.RealQuasiSchurAux.matrixNoRealEigenline_principalTwoBlock_of_frameSpan_two	NumStability.Analysis.RealQuasiSchur	NumStability.Analysis.LinearOperators.Schur.Real.QuasiTriangular.OrthogonalFrame	move_reusable	theorem	public	NumStability.RealQuasiSchurAux.matrixNoRealEigenline_principalTwoBlock_of_frameSpan_two	504
NumStability.RealQuasiSchurAux.matrixNoRealEigenline_principalTwoBlock_of_invariant_noRealEigenline_columnSpan	NumStability.Analysis.RealQuasiSchur	NumStability.Analysis.LinearOperators.Schur.Real.QuasiTriangular.OrthogonalFrame	move_reusable	theorem	public	NumStability.RealQuasiSchurAux.matrixNoRealEigenline_principalTwoBlock_of_invariant_noRealEigenline_columnSpan	343
NumStability.RealQuasiSchurAux.orthogonal_col_dotProduct	NumStability.Analysis.RealQuasiSchur	NumStability.Analysis.LinearOperators.Schur.Real.QuasiTriangular.Deflation	move_reusable	theorem	public	NumStability.RealQuasiSchurAux.orthogonal_col_dotProduct	133
NumStability.RealQuasiSchurAux.principalTwoBlock_disc_neg_of_frameSpan_two	NumStability.Analysis.RealQuasiSchur	NumStability.Analysis.LinearOperators.Schur.Real.QuasiTriangular.OrthogonalFrame	move_reusable	theorem	public	NumStability.RealQuasiSchurAux.principalTwoBlock_disc_neg_of_frameSpan_two	536
NumStability.RealQuasiSchurAux.principalTwoBlock_disc_neg_of_invariant_noRealEigenline_columnSpan	NumStability.Analysis.RealQuasiSchur	NumStability.Analysis.LinearOperators.Schur.Real.QuasiTriangular.OrthogonalFrame	move_reusable	theorem	public	NumStability.RealQuasiSchurAux.principalTwoBlock_disc_neg_of_invariant_noRealEigenline_columnSpan	444
NumStability.RealQuasiSchurAux.principalTwoBlock_trailing_conj_preserves_leading_two	NumStability.Analysis.RealQuasiSchur	NumStability.Analysis.LinearOperators.Schur.Real.QuasiTriangular.TrailingConjugation	move_reusable	theorem	public	NumStability.RealQuasiSchurAux.principalTwoBlock_trailing_conj_preserves_leading_two	1006
NumStability.RealQuasiSchurAux.principalTwoBlock_trailing_conj_transports_trailing_two	NumStability.Analysis.RealQuasiSchur	NumStability.Analysis.LinearOperators.Schur.Real.QuasiTriangular.TrailingConjugation	move_reusable	theorem	public	NumStability.RealQuasiSchurAux.principalTwoBlock_trailing_conj_transports_trailing_two	873
NumStability.RealQuasiSchurAux.reindex_conj	NumStability.Analysis.RealQuasiSchur	NumStability.Analysis.LinearOperators.Schur.Real.QuasiTriangular.Reindex	move_reusable	theorem	public	NumStability.RealQuasiSchurAux.reindex_conj	641
NumStability.RealQuasiSchurAux.reindex_mem_orthogonal	NumStability.Analysis.RealQuasiSchur	NumStability.Analysis.LinearOperators.Schur.Real.QuasiTriangular.Reindex	move_reusable	theorem	public	NumStability.RealQuasiSchurAux.reindex_mem_orthogonal	662
NumStability.RealQuasiSchurAux.reindex_symm_reindex	NumStability.Analysis.RealQuasiSchur	NumStability.Analysis.LinearOperators.Schur.Real.QuasiTriangular.Reindex	move_reusable	theorem	public	NumStability.RealQuasiSchurAux.reindex_symm_reindex	655
NumStability.RealQuasiSchurAux.span_frame_lt_two_eq_span_pair_of_val_zero_one	NumStability.Analysis.RealQuasiSchur	NumStability.Analysis.LinearOperators.Schur.Real.QuasiTriangular.OrthogonalFrame	move_reusable	theorem	public	NumStability.RealQuasiSchurAux.span_frame_lt_two_eq_span_pair_of_val_zero_one	467
NumStability.RealQuasiSchurAux.splitEquiv	NumStability.Analysis.RealQuasiSchur	NumStability.Analysis.LinearOperators.Schur.Real.QuasiTriangular.Reindex	move_reusable	definition	public	NumStability.RealQuasiSchurAux.splitEquiv	680
NumStability.RealQuasiSchurAux.splitEquiv_eq_inl_of_lt	NumStability.Analysis.RealQuasiSchur	NumStability.Analysis.LinearOperators.Schur.Real.QuasiTriangular.Reindex	move_reusable	theorem	public	NumStability.RealQuasiSchurAux.splitEquiv_eq_inl_of_lt	719
NumStability.RealQuasiSchurAux.splitEquiv_eq_inr_of_eq_add	NumStability.Analysis.RealQuasiSchur	NumStability.Analysis.LinearOperators.Schur.Real.QuasiTriangular.Reindex	move_reusable	theorem	public	NumStability.RealQuasiSchurAux.splitEquiv_eq_inr_of_eq_add	732
NumStability.RealQuasiSchurAux.splitEquiv_inl_val	NumStability.Analysis.RealQuasiSchur	NumStability.Analysis.LinearOperators.Schur.Real.QuasiTriangular.Reindex	move_reusable	theorem	public	NumStability.RealQuasiSchurAux.splitEquiv_inl_val	691
NumStability.RealQuasiSchurAux.splitEquiv_inr_val	NumStability.Analysis.RealQuasiSchur	NumStability.Analysis.LinearOperators.Schur.Real.QuasiTriangular.Reindex	move_reusable	theorem	public	NumStability.RealQuasiSchurAux.splitEquiv_inr_val	699
NumStability.RealQuasiSchurAux.splitEquiv_isLeft_iff	NumStability.Analysis.RealQuasiSchur	NumStability.Analysis.LinearOperators.Schur.Real.QuasiTriangular.Reindex	move_reusable	theorem	public	NumStability.RealQuasiSchurAux.splitEquiv_isLeft_iff	707
NumStability.RealQuasiSchurAux.trailing_conj_preserves_leading_entry	NumStability.Analysis.RealQuasiSchur	NumStability.Analysis.LinearOperators.Schur.Real.QuasiTriangular.TrailingConjugation	move_reusable	theorem	public	NumStability.RealQuasiSchurAux.trailing_conj_preserves_leading_entry	780
NumStability.RealQuasiSchurAux.trailing_conj_preserves_trailing_entry	NumStability.Analysis.RealQuasiSchur	NumStability.Analysis.LinearOperators.Schur.Real.QuasiTriangular.TrailingConjugation	move_reusable	theorem	public	NumStability.RealQuasiSchurAux.trailing_conj_preserves_trailing_entry	827
NumStability.RealQuasiSchurAux.trailing_twoBlock_spectral_preserved_after_trailing_conj	NumStability.Analysis.RealQuasiSchur	NumStability.Analysis.LinearOperators.Schur.Real.QuasiTriangular.TrailingConjugation	move_reusable	theorem	public	NumStability.RealQuasiSchurAux.trailing_twoBlock_spectral_preserved_after_trailing_conj	896
NumStability.RealQuasiSchurAux.trailing_twoBlock_spectral_with_parentBlockMap_after_trailing_conj	NumStability.Analysis.RealQuasiSchur	NumStability.Analysis.LinearOperators.Schur.Real.QuasiTriangular.TrailingConjugation	move_reusable	theorem	public	NumStability.RealQuasiSchurAux.trailing_twoBlock_spectral_with_parentBlockMap_after_trailing_conj	937
NumStability.SchurAux.conj_eigenvector_col_zero	NumStability.Analysis.SchurTriangulation	NumStability.Analysis.LinearOperators.Schur.Complex.Deflation	move_reusable	theorem	public	NumStability.SchurAux.conj_eigenvector_col_zero	113
NumStability.SchurAux.conj_embed_succ_succ	NumStability.Analysis.SchurTriangulation	NumStability.Analysis.LinearOperators.Schur.Complex.BlockEmbedding	move_reusable	theorem	public	NumStability.SchurAux.conj_embed_succ_succ	94
NumStability.SchurAux.conj_embed_succ_zero	NumStability.Analysis.SchurTriangulation	NumStability.Analysis.LinearOperators.Schur.Complex.BlockEmbedding	move_reusable	theorem	public	NumStability.SchurAux.conj_embed_succ_zero	102
NumStability.SchurAux.embed	NumStability.Analysis.SchurTriangulation	NumStability.Analysis.LinearOperators.Schur.Complex.BlockEmbedding	move_reusable	definition	public	NumStability.SchurAux.embed	48
NumStability.SchurAux.embed_conjTranspose	NumStability.Analysis.SchurTriangulation	NumStability.Analysis.LinearOperators.Schur.Complex.BlockEmbedding	move_reusable	theorem	public	NumStability.SchurAux.embed_conjTranspose	68
NumStability.SchurAux.embed_mem_unitary	NumStability.Analysis.SchurTriangulation	NumStability.Analysis.LinearOperators.Schur.Complex.BlockEmbedding	move_reusable	theorem	public	NumStability.SchurAux.embed_mem_unitary	86
NumStability.SchurAux.embed_mul	NumStability.Analysis.SchurTriangulation	NumStability.Analysis.LinearOperators.Schur.Complex.BlockEmbedding	move_reusable	theorem	public	NumStability.SchurAux.embed_mul	79
NumStability.SchurAux.embed_one	NumStability.Analysis.SchurTriangulation	NumStability.Analysis.LinearOperators.Schur.Complex.BlockEmbedding	move_reusable	theorem	public	NumStability.SchurAux.embed_one	74
NumStability.SchurAux.embed_succ_succ	NumStability.Analysis.SchurTriangulation	NumStability.Analysis.LinearOperators.Schur.Complex.BlockEmbedding	move_reusable	theorem	public	NumStability.SchurAux.embed_succ_succ	65
NumStability.SchurAux.embed_succ_zero	NumStability.Analysis.SchurTriangulation	NumStability.Analysis.LinearOperators.Schur.Complex.BlockEmbedding	move_reusable	theorem	public	NumStability.SchurAux.embed_succ_zero	62
NumStability.SchurAux.embed_zero_succ	NumStability.Analysis.SchurTriangulation	NumStability.Analysis.LinearOperators.Schur.Complex.BlockEmbedding	move_reusable	theorem	public	NumStability.SchurAux.embed_zero_succ	59
NumStability.SchurAux.embed_zero_zero	NumStability.Analysis.SchurTriangulation	NumStability.Analysis.LinearOperators.Schur.Complex.BlockEmbedding	move_reusable	theorem	public	NumStability.SchurAux.embed_zero_zero	56
NumStability.SchurAux.exists_unit_eigenvector	NumStability.Analysis.SchurTriangulation	NumStability.Analysis.LinearOperators.Schur.Complex.Deflation	move_reusable	theorem	public	NumStability.SchurAux.exists_unit_eigenvector	137
NumStability.SchurAux.exists_unitary_first_col	NumStability.Analysis.SchurTriangulation	NumStability.Analysis.LinearOperators.Schur.Complex.Deflation	move_reusable	theorem	public	NumStability.SchurAux.exists_unitary_first_col	158
NumStability.SepLowerBound	NumStability.Algorithms.Sylvester.SylvesterSpec	NumStability.Algorithms.MatrixEquations.Sylvester.Equation.Basic	move_reusable	definition	public	NumStability.SepLowerBound	47
NumStability.SepLowerBound_diagonal_of_entrywise_abs_ge	NumStability.Algorithms.Sylvester.Higham16	NumStability.Algorithms.MatrixEquations.Sylvester.Conditioning.Separation	move_reusable	theorem	public	NumStability.SepLowerBound_diagonal_of_entrywise_abs_ge	5450
NumStability.SepLowerBound_iff_pos_le_sylvesterSepInf_of_nonempty	NumStability.Algorithms.Sylvester.Higham16	NumStability.Algorithms.MatrixEquations.Sylvester.Conditioning.Separation	move_reusable	theorem	public	NumStability.SepLowerBound_iff_pos_le_sylvesterSepInf_of_nonempty	5691
NumStability.SepLowerBound_iff_pos_le_sylvesterSepInf_of_pos_dim	NumStability.Algorithms.Sylvester.Higham16	NumStability.Algorithms.MatrixEquations.Sylvester.Conditioning.Separation	move_reusable	theorem	public	NumStability.SepLowerBound_iff_pos_le_sylvesterSepInf_of_pos_dim	5706
NumStability.SepLowerBound_le_sylvesterSepInf_of_nonempty	NumStability.Algorithms.Sylvester.Higham16	NumStability.Algorithms.MatrixEquations.Sylvester.Conditioning.Separation	move_reusable	theorem	public	NumStability.SepLowerBound_le_sylvesterSepInf_of_nonempty	5539
NumStability.SepLowerBound_le_sylvesterSepInf_of_pos_dim	NumStability.Algorithms.Sylvester.Higham16	NumStability.Algorithms.MatrixEquations.Sylvester.Conditioning.Separation	move_reusable	theorem	public	NumStability.SepLowerBound_le_sylvesterSepInf_of_pos_dim	5582
NumStability.SepLowerBound_lyapunov_diagonal_of_entrywise_abs_ge	NumStability.Algorithms.Sylvester.Higham16Lyapunov	NumStability.Algorithms.MatrixEquations.Sylvester.Conditioning.StructuredLyapunov	move_reusable	theorem	public	NumStability.SepLowerBound_lyapunov_diagonal_of_entrywise_abs_ge	1319
NumStability.SepLowerBound_of_pos_le_sylvesterSepInf	NumStability.Algorithms.Sylvester.Higham16	NumStability.Algorithms.MatrixEquations.Sylvester.Conditioning.Separation	move_reusable	theorem	public	NumStability.SepLowerBound_of_pos_le_sylvesterSepInf	5650
NumStability.SylvesterInverseOpBound	NumStability.Algorithms.Sylvester.Higham16Psi	NumStability.Algorithms.MatrixEquations.Sylvester.Conditioning.StructuredSylvester	move_reusable	definition	public	NumStability.SylvesterInverseOpBound	233
NumStability.SylvesterPsiFirstOrderBound	NumStability.Algorithms.Sylvester.SylvesterPerturbation	NumStability.Algorithms.MatrixEquations.Sylvester.Conditioning.FirstOrder	move_reusable	definition	public	NumStability.SylvesterPsiFirstOrderBound	133
NumStability.abs_le_sylvesterVecMaxNorm	NumStability.Algorithms.Sylvester.Higham16	NumStability.Algorithms.MatrixEquations.Sylvester.Conditioning.PracticalErrorBounds	move_reusable	theorem	public	NumStability.abs_le_sylvesterVecMaxNorm	327
NumStability.amplification_factor_bound	NumStability.Algorithms.Sylvester.SylvesterBackward	NumStability.Algorithms.MatrixEquations.Sylvester.BackwardError.SylvesterSVD	move_reusable	theorem	public	NumStability.amplification_factor_bound	562
NumStability.backwardError_equation_of_backwardResidual_eq	NumStability.Algorithms.Sylvester.SylvesterBackward	NumStability.Algorithms.MatrixEquations.Sylvester.BackwardError.SylvesterSVD	move_reusable	theorem	public	NumStability.backwardError_equation_of_backwardResidual_eq	1062
NumStability.backward_error_eta_bound	NumStability.Algorithms.Sylvester.SylvesterBackward	NumStability.Algorithms.MatrixEquations.Sylvester.BackwardError.SylvesterSVD	move_reusable	theorem	public	NumStability.backward_error_eta_bound	641
NumStability.backward_error_lower_sq	NumStability.Algorithms.Sylvester.SylvesterBackward	NumStability.Algorithms.MatrixEquations.Sylvester.BackwardError.SylvesterSVD	move_reusable	theorem	public	NumStability.backward_error_lower_sq	105
NumStability.backward_error_residual_lower	NumStability.Algorithms.Sylvester.SylvesterBackward	NumStability.Algorithms.MatrixEquations.Sylvester.BackwardError.SylvesterSVD	move_reusable	theorem	public	NumStability.backward_error_residual_lower	1355
NumStability.backward_error_upper_component	NumStability.Algorithms.Sylvester.SylvesterBackward	NumStability.Algorithms.MatrixEquations.Sylvester.BackwardError.SylvesterSVD	move_reusable	theorem	public	NumStability.backward_error_upper_component	163
NumStability.condSylvester	NumStability.Algorithms.Sylvester.SylvesterPerturbation	NumStability.Algorithms.MatrixEquations.Sylvester.Conditioning.FirstOrder	move_reusable	definition	public	NumStability.condSylvester	463
NumStability.existsUnique_isSylvesterSolutionRect_diagonal	NumStability.Algorithms.Sylvester.Higham16	NumStability.Algorithms.MatrixEquations.Sylvester.Equation.Diagonal	move_reusable	theorem	public	NumStability.existsUnique_isSylvesterSolutionRect_diagonal	3083
NumStability.existsUnique_isSylvesterSolutionRect_schurDiagonal	NumStability.Algorithms.Sylvester.Higham16	NumStability.Algorithms.Sylvester.Higham16	retain_historical	theorem	public	NumStability.existsUnique_isSylvesterSolutionRect_schurDiagonal	4551
NumStability.existsUnique_sylvesterVecCoeff_diagonal_mulVec	NumStability.Algorithms.Sylvester.Higham16	NumStability.Algorithms.MatrixEquations.Sylvester.Equation.Diagonal	move_reusable	theorem	public	NumStability.existsUnique_sylvesterVecCoeff_diagonal_mulVec	3181
NumStability.existsUnique_sylvesterVecCoeff_schurDiagonal_mulVec	NumStability.Algorithms.Sylvester.Higham16	NumStability.Algorithms.Sylvester.Higham16	retain_historical	theorem	public	NumStability.existsUnique_sylvesterVecCoeff_schurDiagonal_mulVec	4692
NumStability.exists_lyapunovOptimalPerturbations	NumStability.Algorithms.Sylvester.SylvesterBackward	NumStability.Algorithms.MatrixEquations.Sylvester.BackwardError.LyapunovSpectral	move_reusable	theorem	public	NumStability.exists_lyapunovOptimalPerturbations	2209
NumStability.exists_nonzero_sylvesterOp_diagonal_kernel_of_common_entry	NumStability.Algorithms.Sylvester.Higham16	NumStability.Algorithms.MatrixEquations.Sylvester.Conditioning.Separation	move_reusable	theorem	public	NumStability.exists_nonzero_sylvesterOp_diagonal_kernel_of_common_entry	5490
NumStability.exists_real_invariant_subspace_dim_le_two	NumStability.Analysis.RealInvariantSubspace	NumStability.Analysis.LinearOperators.Schur.Real.InvariantSubspace.Existence	move_reusable	theorem	public	NumStability.exists_real_invariant_subspace_dim_le_two	377
NumStability.exists_real_invariant_subspace_dim_one_or_two	NumStability.Analysis.RealInvariantSubspace	NumStability.Analysis.LinearOperators.Schur.Real.InvariantSubspace.Existence	move_reusable	theorem	public	NumStability.exists_real_invariant_subspace_dim_one_or_two	624
NumStability.exists_real_invariant_subspace_dim_one_or_two_no_real_eigenline	NumStability.Analysis.RealInvariantSubspace	NumStability.Analysis.LinearOperators.Schur.Real.InvariantSubspace.Existence	move_reusable	theorem	public	NumStability.exists_real_invariant_subspace_dim_one_or_two_no_real_eigenline	675
NumStability.exists_svdOptimalPerturbations	NumStability.Algorithms.Sylvester.SylvesterBackward	NumStability.Algorithms.MatrixEquations.Sylvester.BackwardError.SylvesterSVD	move_reusable	theorem	public	NumStability.exists_svdOptimalPerturbations	274
NumStability.finitePSD_gram	NumStability.Analysis.InverseOpNorm2	NumStability.Analysis.SingularValues.InverseBounds.Gram	move_reusable	theorem	public	NumStability.finitePSD_gram	147
NumStability.finiteQuadraticForm_gram_eq_vecNorm2Sq	NumStability.Analysis.InverseOpNorm2	NumStability.Analysis.SingularValues.InverseBounds.Gram	move_reusable	theorem	public	NumStability.finiteQuadraticForm_gram_eq_vecNorm2Sq	104
NumStability.finiteVecNorm2Sq_eq_vecNorm2Sq	NumStability.Analysis.InverseOpNorm2	NumStability.Analysis.SingularValues.InverseBounds.Gram	move_reusable	theorem	public	NumStability.finiteVecNorm2Sq_eq_vecNorm2Sq	156
NumStability.frobNormRect_sylvesterResidualRect_le_of_schur_transform	NumStability.Algorithms.Sylvester.Higham16	NumStability.Algorithms.Sylvester.Higham16	retain_historical	theorem	public	NumStability.frobNormRect_sylvesterResidualRect_le_of_schur_transform	3934
NumStability.frobNormRect_sylvesterResidualRect_schur_transform	NumStability.Algorithms.Sylvester.Higham16	NumStability.Algorithms.Sylvester.Higham16	retain_historical	theorem	public	NumStability.frobNormRect_sylvesterResidualRect_schur_transform	3898
NumStability.frobNorm_le_alpha_mul_lyapunovPairNorm	NumStability.Algorithms.Sylvester.Higham16Lyapunov	NumStability.Algorithms.MatrixEquations.Sylvester.Conditioning.StructuredLyapunov	move_reusable	theorem	public	NumStability.frobNorm_le_alpha_mul_lyapunovPairNorm	69
NumStability.frobNorm_le_alpha_mul_tripleNorm	NumStability.Algorithms.Sylvester.Higham16Psi	NumStability.Algorithms.MatrixEquations.Sylvester.Conditioning.StructuredSylvester	move_reusable	theorem	public	NumStability.frobNorm_le_alpha_mul_tripleNorm	62
NumStability.frobNorm_le_beta_mul_tripleNorm	NumStability.Algorithms.Sylvester.Higham16Psi	NumStability.Algorithms.MatrixEquations.Sylvester.Conditioning.StructuredSylvester	move_reusable	theorem	public	NumStability.frobNorm_le_beta_mul_tripleNorm	95
NumStability.frobNorm_le_gamma_mul_lyapunovPairNorm	NumStability.Algorithms.Sylvester.Higham16Lyapunov	NumStability.Algorithms.MatrixEquations.Sylvester.Conditioning.StructuredLyapunov	move_reusable	theorem	public	NumStability.frobNorm_le_gamma_mul_lyapunovPairNorm	100
NumStability.frobNorm_le_gamma_mul_tripleNorm	NumStability.Algorithms.Sylvester.Higham16Psi	NumStability.Algorithms.MatrixEquations.Sylvester.Conditioning.StructuredSylvester	move_reusable	theorem	public	NumStability.frobNorm_le_gamma_mul_tripleNorm	124
NumStability.generalizedSylvesterAXB_CXD_residual	NumStability.Algorithms.Sylvester.Higham16	NumStability.Algorithms.MatrixEquations.Sylvester.GeneralizedEquations.Basic	move_reusable	definition	public	NumStability.generalizedSylvesterAXB_CXD_residual	7930
NumStability.generalizedSylvesterAXB_CXD_residual_zero_iff_solution	NumStability.Algorithms.Sylvester.Higham16	NumStability.Algorithms.MatrixEquations.Sylvester.GeneralizedEquations.Basic	move_reusable	theorem	public	NumStability.generalizedSylvesterAXB_CXD_residual_zero_iff_solution	7959
NumStability.generalizedSylvesterPairResidualLeft	NumStability.Algorithms.Sylvester.Higham16	NumStability.Algorithms.MatrixEquations.Sylvester.GeneralizedEquations.Basic	move_reusable	definition	public	NumStability.generalizedSylvesterPairResidualLeft	7999
NumStability.generalizedSylvesterPairResidualRight	NumStability.Algorithms.Sylvester.Higham16	NumStability.Algorithms.MatrixEquations.Sylvester.GeneralizedEquations.Basic	move_reusable	definition	public	NumStability.generalizedSylvesterPairResidualRight	8012
NumStability.generalizedSylvesterPair_residual_zero_iff_solution	NumStability.Algorithms.Sylvester.Higham16	NumStability.Algorithms.MatrixEquations.Sylvester.GeneralizedEquations.Basic	move_reusable	theorem	public	NumStability.generalizedSylvesterPair_residual_zero_iff_solution	8025
NumStability.isBackwardError_of_isLyapunovBackwardError	NumStability.Algorithms.Sylvester.SylvesterBackward	NumStability.Algorithms.MatrixEquations.Sylvester.BackwardError.LyapunovSpectral	move_reusable	theorem	public	NumStability.isBackwardError_of_isLyapunovBackwardError	1602
NumStability.isBackwardError_sqrt_xiSq_of_svdOptimalPerturbations	NumStability.Algorithms.Sylvester.SylvesterBackward	NumStability.Algorithms.MatrixEquations.Sylvester.BackwardError.SylvesterSVD	move_reusable	theorem	public	NumStability.isBackwardError_sqrt_xiSq_of_svdOptimalPerturbations	1106
NumStability.isLyapunovBackwardError_sqrt_lyapunovXiSq_of_spectral_optimalPerturbations	NumStability.Algorithms.Sylvester.SylvesterBackward	NumStability.Algorithms.MatrixEquations.Sylvester.BackwardError.LyapunovSpectral	move_reusable	theorem	public	NumStability.isLyapunovBackwardError_sqrt_lyapunovXiSq_of_spectral_optimalPerturbations	2231
NumStability.isLyapunovBackwardError_sqrt_lyapunovXiSq_of_symmetric_spectral	NumStability.Algorithms.Sylvester.SylvesterBackward	NumStability.Algorithms.MatrixEquations.Sylvester.BackwardError.LyapunovSpectral	move_reusable	theorem	public	NumStability.isLyapunovBackwardError_sqrt_lyapunovXiSq_of_symmetric_spectral	2309
NumStability.isSVD_eq_matMul_diag	NumStability.Algorithms.Sylvester.SylvesterBackward	NumStability.Algorithms.MatrixEquations.Sylvester.BackwardError.SylvesterSVD	move_reusable	theorem	public	NumStability.isSVD_eq_matMul_diag	682
NumStability.isSylvesterSolutionRect_schurDiagonalSolution	NumStability.Algorithms.Sylvester.Higham16	NumStability.Algorithms.Sylvester.Higham16	retain_historical	theorem	public	NumStability.isSylvesterSolutionRect_schurDiagonalSolution	4487
NumStability.isSylvesterSolutionRect_sylvesterDiagonalSolution	NumStability.Algorithms.Sylvester.Higham16	NumStability.Algorithms.MatrixEquations.Sylvester.Equation.Diagonal	move_reusable	theorem	public	NumStability.isSylvesterSolutionRect_sylvesterDiagonalSolution	3050
NumStability.isSymmetricFiniteMatrix_gram	NumStability.Analysis.InverseOpNorm2	NumStability.Analysis.SingularValues.InverseBounds.Gram	move_reusable	theorem	public	NumStability.isSymmetricFiniteMatrix_gram	96
NumStability.lamMin_mul_vecNorm2Sq_le_matMulVec	NumStability.Analysis.InverseOpNorm2	NumStability.Analysis.SingularValues.InverseBounds.OperatorTwo	move_reusable	theorem	public	NumStability.lamMin_mul_vecNorm2Sq_le_matMulVec	165
NumStability.le_of_sq_le_sq_of_nonneg	NumStability.Analysis.InverseOpNorm2	NumStability.Analysis.SingularValues.InverseBounds.OperatorTwo	move_reusable	theorem	public	NumStability.le_of_sq_le_sq_of_nonneg	183
NumStability.lyapunovAmplificationMu	NumStability.Algorithms.Sylvester.SylvesterBackward	NumStability.Algorithms.MatrixEquations.Sylvester.BackwardError.LyapunovSpectral	move_reusable	definition	public	NumStability.lyapunovAmplificationMu	2686
NumStability.lyapunovBackwardErrorInf	NumStability.Algorithms.Sylvester.SylvesterBackward	NumStability.Algorithms.MatrixEquations.Sylvester.BackwardError.LyapunovSpectral	move_reusable	definition	public	NumStability.lyapunovBackwardErrorInf	1497
NumStability.lyapunovBackwardErrorInf_le_of_backwardError	NumStability.Algorithms.Sylvester.SylvesterBackward	NumStability.Algorithms.MatrixEquations.Sylvester.BackwardError.LyapunovSpectral	move_reusable	theorem	public	NumStability.lyapunovBackwardErrorInf_le_of_backwardError	1534
NumStability.lyapunovBackwardErrorInf_le_sqrt_lyapunovXiSq_of_symmetric_spectral	NumStability.Algorithms.Sylvester.SylvesterBackward	NumStability.Algorithms.MatrixEquations.Sylvester.BackwardError.LyapunovSpectral	move_reusable	theorem	public	NumStability.lyapunovBackwardErrorInf_le_sqrt_lyapunovXiSq_of_symmetric_spectral	2353
NumStability.lyapunovBackwardErrorInf_nonneg	NumStability.Algorithms.Sylvester.SylvesterBackward	NumStability.Algorithms.MatrixEquations.Sylvester.BackwardError.LyapunovSpectral	move_reusable	theorem	public	NumStability.lyapunovBackwardErrorInf_nonneg	1524
NumStability.lyapunovBackwardErrorValues	NumStability.Algorithms.Sylvester.SylvesterBackward	NumStability.Algorithms.MatrixEquations.Sylvester.BackwardError.LyapunovSpectral	move_reusable	definition	public	NumStability.lyapunovBackwardErrorValues	1489
NumStability.lyapunovBackwardErrorValues_bddBelow	NumStability.Algorithms.Sylvester.SylvesterBackward	NumStability.Algorithms.MatrixEquations.Sylvester.BackwardError.LyapunovSpectral	move_reusable	theorem	public	NumStability.lyapunovBackwardErrorValues_bddBelow	1515
NumStability.lyapunovBackwardErrorValues_nonempty_of_symmetric_spectral	NumStability.Algorithms.Sylvester.SylvesterBackward	NumStability.Algorithms.MatrixEquations.Sylvester.BackwardError.LyapunovSpectral	move_reusable	theorem	public	NumStability.lyapunovBackwardErrorValues_nonempty_of_symmetric_spectral	2333
NumStability.lyapunovBackwardError_equation_of_backwardResidual_eq	NumStability.Algorithms.Sylvester.SylvesterBackward	NumStability.Algorithms.MatrixEquations.Sylvester.BackwardError.LyapunovSpectral	move_reusable	theorem	public	NumStability.lyapunovBackwardError_equation_of_backwardResidual_eq	1574
NumStability.lyapunovBackwardResidual	NumStability.Algorithms.Sylvester.SylvesterBackward	NumStability.Algorithms.MatrixEquations.Sylvester.BackwardError.LyapunovSpectral	move_reusable	definition	public	NumStability.lyapunovBackwardResidual	1476
NumStability.lyapunovBackwardResidual_eq_sylvesterBackwardResidual_tied	NumStability.Algorithms.Sylvester.SylvesterBackward	NumStability.Algorithms.MatrixEquations.Sylvester.BackwardError.LyapunovSpectral	move_reusable	theorem	public	NumStability.lyapunovBackwardResidual_eq_sylvesterBackwardResidual_tied	1590
NumStability.lyapunovBackwardScalarEq	NumStability.Algorithms.Sylvester.SylvesterBackward	NumStability.Algorithms.MatrixEquations.Sylvester.BackwardError.LyapunovSpectral	move_reusable	definition	public	NumStability.lyapunovBackwardScalarEq	1906
NumStability.lyapunovBackwardScalarEq_iff_diagMatrix_eq	NumStability.Algorithms.Sylvester.SylvesterBackward	NumStability.Algorithms.MatrixEquations.Sylvester.BackwardError.LyapunovSpectral	move_reusable	theorem	public	NumStability.lyapunovBackwardScalarEq_iff_diagMatrix_eq	2036
NumStability.lyapunovBackwardScalarEq_iff_residual_eq	NumStability.Algorithms.Sylvester.SylvesterBackward	NumStability.Algorithms.MatrixEquations.Sylvester.BackwardError.LyapunovSpectral	move_reusable	theorem	public	NumStability.lyapunovBackwardScalarEq_iff_residual_eq	1941
NumStability.lyapunovBackwardScalarEq_iff_unscaled	NumStability.Algorithms.Sylvester.SylvesterBackward	NumStability.Algorithms.MatrixEquations.Sylvester.BackwardError.LyapunovSpectral	move_reusable	theorem	public	NumStability.lyapunovBackwardScalarEq_iff_unscaled	1915
NumStability.lyapunovBackwardScalarEq_of_isLyapunovBackwardError_spectral_decomposition	NumStability.Algorithms.Sylvester.SylvesterBackward	NumStability.Algorithms.MatrixEquations.Sylvester.BackwardError.LyapunovSpectral	move_reusable	theorem	public	NumStability.lyapunovBackwardScalarEq_of_isLyapunovBackwardError_spectral_decomposition	1977
NumStability.lyapunovBackwardScalarEq_of_isLyapunovBackwardError_spectral_decomposition_symm	NumStability.Algorithms.Sylvester.SylvesterBackward	NumStability.Algorithms.MatrixEquations.Sylvester.BackwardError.LyapunovSpectral	move_reusable	theorem	public	NumStability.lyapunovBackwardScalarEq_of_isLyapunovBackwardError_spectral_decomposition_symm	2010
NumStability.lyapunovBackwardScalarEq_of_spectral_decomposition	NumStability.Algorithms.Sylvester.SylvesterBackward	NumStability.Algorithms.MatrixEquations.Sylvester.BackwardError.LyapunovSpectral	move_reusable	theorem	public	NumStability.lyapunovBackwardScalarEq_of_spectral_decomposition	1956
NumStability.lyapunovCondDiagonal	NumStability.Algorithms.Sylvester.Higham16Lyapunov	NumStability.Algorithms.MatrixEquations.Sylvester.Conditioning.StructuredLyapunov	move_reusable	definition	public	NumStability.lyapunovCondDiagonal	1688
NumStability.lyapunovCondDiagonal_isLyapunovConditionFirstOrderBound	NumStability.Algorithms.Sylvester.Higham16Lyapunov	NumStability.Algorithms.MatrixEquations.Sylvester.Conditioning.StructuredLyapunov	move_reusable	theorem	public	NumStability.lyapunovCondDiagonal_isLyapunovConditionFirstOrderBound	1704
NumStability.lyapunovCond_of_inverseOpBound	NumStability.Algorithms.Sylvester.Higham16Lyapunov	NumStability.Algorithms.MatrixEquations.Sylvester.Conditioning.StructuredLyapunov	move_reusable	definition	public	NumStability.lyapunovCond_of_inverseOpBound	276
NumStability.lyapunovCond_of_inverseOpBound_isLyapunovConditionFirstOrderBound	NumStability.Algorithms.Sylvester.Higham16Lyapunov	NumStability.Algorithms.MatrixEquations.Sylvester.Conditioning.StructuredLyapunov	move_reusable	theorem	public	NumStability.lyapunovCond_of_inverseOpBound_isLyapunovConditionFirstOrderBound	293
NumStability.lyapunovCond_of_pos_le_sylvesterSepInf_isLyapunovConditionFirstOrderBound	NumStability.Algorithms.Sylvester.Higham16Lyapunov	NumStability.Algorithms.MatrixEquations.Sylvester.Conditioning.StructuredLyapunov	move_reusable	theorem	public	NumStability.lyapunovCond_of_pos_le_sylvesterSepInf_isLyapunovConditionFirstOrderBound	360
NumStability.lyapunovCond_of_sepLowerBound_isLyapunovConditionFirstOrderBound	NumStability.Algorithms.Sylvester.Higham16Lyapunov	NumStability.Algorithms.MatrixEquations.Sylvester.Conditioning.StructuredLyapunov	move_reusable	theorem	public	NumStability.lyapunovCond_of_sepLowerBound_isLyapunovConditionFirstOrderBound	342
NumStability.lyapunovInverseOpBound_diagonal	NumStability.Algorithms.Sylvester.Higham16Lyapunov	NumStability.Algorithms.MatrixEquations.Sylvester.Conditioning.StructuredLyapunov	move_reusable	theorem	public	NumStability.lyapunovInverseOpBound_diagonal	1286
NumStability.lyapunovInverseOpBound_of_sepLowerBound	NumStability.Algorithms.Sylvester.Higham16Lyapunov	NumStability.Algorithms.MatrixEquations.Sylvester.Conditioning.StructuredLyapunov	move_reusable	theorem	public	NumStability.lyapunovInverseOpBound_of_sepLowerBound	238
NumStability.lyapunovInverseOpBound_of_sigmaMin	NumStability.Analysis.InverseOpNorm2	NumStability.Algorithms.MatrixEquations.Sylvester.Conditioning.SingularValue	move_reusable	theorem	public	NumStability.lyapunovInverseOpBound_of_sigmaMin	293
NumStability.lyapunovLiftDeltaC_symmetric	NumStability.Algorithms.Sylvester.SylvesterBackward	NumStability.Algorithms.MatrixEquations.Sylvester.BackwardError.LyapunovSpectral	move_reusable	theorem	public	NumStability.lyapunovLiftDeltaC_symmetric	1842
NumStability.lyapunovLift_backwardResidual_eq	NumStability.Algorithms.Sylvester.SylvesterBackward	NumStability.Algorithms.MatrixEquations.Sylvester.BackwardError.LyapunovSpectral	move_reusable	theorem	public	NumStability.lyapunovLift_backwardResidual_eq	1852
NumStability.lyapunovOp	NumStability.Algorithms.Sylvester.SylvesterSpec	NumStability.Algorithms.MatrixEquations.Sylvester.Equation.Lyapunov	move_reusable	definition	public	NumStability.lyapunovOp	111
NumStability.lyapunovOp_diagonal_apply	NumStability.Algorithms.Sylvester.Higham16Lyapunov	NumStability.Algorithms.MatrixEquations.Sylvester.Equation.Diagonal	move_reusable	theorem	public	NumStability.lyapunovOp_diagonal_apply	1263
NumStability.lyapunovOp_eq_sylvesterOp	NumStability.Algorithms.Sylvester.SylvesterSpec	NumStability.Algorithms.MatrixEquations.Sylvester.Equation.Lyapunov	move_reusable	theorem	public	NumStability.lyapunovOp_eq_sylvesterOp	128
NumStability.lyapunovOp_symmetric_of_symmetric	NumStability.Algorithms.Sylvester.SylvesterBackward	NumStability.Algorithms.MatrixEquations.Sylvester.BackwardError.LyapunovSpectral	move_reusable	theorem	public	NumStability.lyapunovOp_symmetric_of_symmetric	1416
NumStability.lyapunovOptimalDeltaA	NumStability.Algorithms.Sylvester.SylvesterBackward	NumStability.Algorithms.MatrixEquations.Sylvester.BackwardError.LyapunovSpectral	move_reusable	definition	public	NumStability.lyapunovOptimalDeltaA	2064
NumStability.lyapunovOptimalDeltaA_frobNormSq_le_xiSq	NumStability.Algorithms.Sylvester.SylvesterBackward	NumStability.Algorithms.MatrixEquations.Sylvester.BackwardError.LyapunovSpectral	move_reusable	theorem	public	NumStability.lyapunovOptimalDeltaA_frobNormSq_le_xiSq	2135
NumStability.lyapunovOptimalDeltaC	NumStability.Algorithms.Sylvester.SylvesterBackward	NumStability.Algorithms.MatrixEquations.Sylvester.BackwardError.LyapunovSpectral	move_reusable	definition	public	NumStability.lyapunovOptimalDeltaC	2073
NumStability.lyapunovOptimalDeltaC_frobNormSq_le_xiSq	NumStability.Algorithms.Sylvester.SylvesterBackward	NumStability.Algorithms.MatrixEquations.Sylvester.BackwardError.LyapunovSpectral	move_reusable	theorem	public	NumStability.lyapunovOptimalDeltaC_frobNormSq_le_xiSq	2171
NumStability.lyapunovOptimalDeltaC_symmetric	NumStability.Algorithms.Sylvester.SylvesterBackward	NumStability.Algorithms.MatrixEquations.Sylvester.BackwardError.LyapunovSpectral	move_reusable	theorem	public	NumStability.lyapunovOptimalDeltaC_symmetric	2124
NumStability.lyapunovOptimalPerturbations_scalar_eq	NumStability.Algorithms.Sylvester.SylvesterBackward	NumStability.Algorithms.MatrixEquations.Sylvester.BackwardError.LyapunovSpectral	move_reusable	theorem	public	NumStability.lyapunovOptimalPerturbations_scalar_eq	2097
NumStability.lyapunovResidual	NumStability.Algorithms.Sylvester.SylvesterSpec	NumStability.Algorithms.MatrixEquations.Sylvester.Equation.Lyapunov	move_reusable	definition	public	NumStability.lyapunovResidual	118
NumStability.lyapunovResidual_decomposition	NumStability.Algorithms.Sylvester.SylvesterBackward	NumStability.Algorithms.MatrixEquations.Sylvester.BackwardError.LyapunovSpectral	move_reusable	theorem	public	NumStability.lyapunovResidual_decomposition	1557
NumStability.lyapunovResidual_eq_sylvesterResidual_special	NumStability.Algorithms.Sylvester.SylvesterBackward	NumStability.Algorithms.MatrixEquations.Sylvester.BackwardError.LyapunovSpectral	move_reusable	theorem	public	NumStability.lyapunovResidual_eq_sylvesterResidual_special	1655
NumStability.lyapunovResidual_symmetric_of_symmetric	NumStability.Algorithms.Sylvester.SylvesterBackward	NumStability.Algorithms.MatrixEquations.Sylvester.BackwardError.LyapunovSpectral	move_reusable	theorem	public	NumStability.lyapunovResidual_symmetric_of_symmetric	1441
NumStability.lyapunovScaledPerturbationPairNorm	NumStability.Algorithms.Sylvester.SylvesterPerturbation	NumStability.Algorithms.MatrixEquations.Sylvester.Conditioning.FirstOrder	move_reusable	definition	public	NumStability.lyapunovScaledPerturbationPairNorm	196
NumStability.lyapunovScaledPerturbationPairNorm_le_sqrt_two_mul	NumStability.Algorithms.Sylvester.SylvesterPerturbation	NumStability.Algorithms.MatrixEquations.Sylvester.Conditioning.FirstOrder	move_reusable	theorem	public	NumStability.lyapunovScaledPerturbationPairNorm_le_sqrt_two_mul	204
NumStability.lyapunovSpectralBackwardResidual	NumStability.Algorithms.Sylvester.SylvesterBackward	NumStability.Algorithms.MatrixEquations.Sylvester.BackwardError.LyapunovSpectral	move_reusable	definition	public	NumStability.lyapunovSpectralBackwardResidual	1793
NumStability.lyapunovSpectralBackwardResidual_eq_diagMatrix	NumStability.Algorithms.Sylvester.SylvesterBackward	NumStability.Algorithms.MatrixEquations.Sylvester.BackwardError.LyapunovSpectral	move_reusable	theorem	public	NumStability.lyapunovSpectralBackwardResidual_eq_diagMatrix	1803
NumStability.lyapunovSpectralTransform	NumStability.Algorithms.Sylvester.SylvesterBackward	NumStability.Algorithms.MatrixEquations.Sylvester.BackwardError.LyapunovSpectral	move_reusable	definition	public	NumStability.lyapunovSpectralTransform	1377
NumStability.lyapunovSpectralTransform_add_sub	NumStability.Algorithms.Sylvester.SylvesterBackward	NumStability.Algorithms.MatrixEquations.Sylvester.BackwardError.LyapunovSpectral	move_reusable	theorem	public	NumStability.lyapunovSpectralTransform_add_sub	1463
NumStability.lyapunovSpectralTransform_backwardResidual	NumStability.Algorithms.Sylvester.SylvesterBackward	NumStability.Algorithms.MatrixEquations.Sylvester.BackwardError.LyapunovSpectral	move_reusable	theorem	public	NumStability.lyapunovSpectralTransform_backwardResidual	1818
NumStability.lyapunovSpectralTransform_frobNormSq	NumStability.Algorithms.Sylvester.SylvesterBackward	NumStability.Algorithms.MatrixEquations.Sylvester.BackwardError.LyapunovSpectral	move_reusable	theorem	public	NumStability.lyapunovSpectralTransform_frobNormSq	1384
NumStability.lyapunovSpectralTransform_mul_spectral_right	NumStability.Algorithms.Sylvester.SylvesterBackward	NumStability.Algorithms.MatrixEquations.Sylvester.BackwardError.LyapunovSpectral	move_reusable	theorem	public	NumStability.lyapunovSpectralTransform_mul_spectral_right	1733
NumStability.lyapunovSpectralTransform_residual_symmetric_of_symmetric	NumStability.Algorithms.Sylvester.SylvesterBackward	NumStability.Algorithms.MatrixEquations.Sylvester.BackwardError.LyapunovSpectral	move_reusable	theorem	public	NumStability.lyapunovSpectralTransform_residual_symmetric_of_symmetric	1453
NumStability.lyapunovSpectralTransform_spectral_left_transpose	NumStability.Algorithms.Sylvester.SylvesterBackward	NumStability.Algorithms.MatrixEquations.Sylvester.BackwardError.LyapunovSpectral	move_reusable	theorem	public	NumStability.lyapunovSpectralTransform_spectral_left_transpose	1747
NumStability.lyapunovSpectralTransform_symmetric	NumStability.Algorithms.Sylvester.SylvesterBackward	NumStability.Algorithms.MatrixEquations.Sylvester.BackwardError.LyapunovSpectral	move_reusable	theorem	public	NumStability.lyapunovSpectralTransform_symmetric	1402
NumStability.lyapunovSpectralTransform_transpose	NumStability.Algorithms.Sylvester.SylvesterBackward	NumStability.Algorithms.MatrixEquations.Sylvester.BackwardError.LyapunovSpectral	move_reusable	theorem	public	NumStability.lyapunovSpectralTransform_transpose	1391
NumStability.lyapunovVecCoeff	NumStability.Algorithms.Sylvester.Higham16	NumStability.Algorithms.MatrixEquations.Sylvester.Equation.Vectorization	move_reusable	definition	public	NumStability.lyapunovVecCoeff	139
NumStability.lyapunovVecCoeff_mulVec_vec	NumStability.Algorithms.Sylvester.Higham16	NumStability.Algorithms.MatrixEquations.Sylvester.Equation.Vectorization	move_reusable	theorem	public	NumStability.lyapunovVecCoeff_mulVec_vec	148
NumStability.lyapunovXiSq	NumStability.Algorithms.Sylvester.SylvesterBackward	NumStability.Algorithms.MatrixEquations.Sylvester.BackwardError.LyapunovSpectral	move_reusable	definition	public	NumStability.lyapunovXiSq	2049
NumStability.lyapunovXiSqSimpleBound	NumStability.Algorithms.Sylvester.SylvesterBackward	NumStability.Algorithms.MatrixEquations.Sylvester.BackwardError.LyapunovSpectral	move_reusable	definition	public	NumStability.lyapunovXiSqSimpleBound	2057
NumStability.lyapunovXiSqSimpleBound_le_min_eigen_bound	NumStability.Algorithms.Sylvester.SylvesterBackward	NumStability.Algorithms.MatrixEquations.Sylvester.BackwardError.LyapunovSpectral	move_reusable	theorem	public	NumStability.lyapunovXiSqSimpleBound_le_min_eigen_bound	2692
NumStability.lyapunovXiSqSimpleBound_le_scaled_perturbation_cost	NumStability.Algorithms.Sylvester.SylvesterBackward	NumStability.Algorithms.MatrixEquations.Sylvester.BackwardError.LyapunovSpectral	move_reusable	theorem	public	NumStability.lyapunovXiSqSimpleBound_le_scaled_perturbation_cost	2453
NumStability.lyapunovXiSq_le_min_eigen_bound	NumStability.Algorithms.Sylvester.SylvesterBackward	NumStability.Algorithms.MatrixEquations.Sylvester.BackwardError.LyapunovSpectral	move_reusable	theorem	public	NumStability.lyapunovXiSq_le_min_eigen_bound	2737
NumStability.lyapunovXiSq_le_mu_relative_residual_sq	NumStability.Algorithms.Sylvester.SylvesterBackward	NumStability.Algorithms.MatrixEquations.Sylvester.BackwardError.LyapunovSpectral	move_reusable	theorem	public	NumStability.lyapunovXiSq_le_mu_relative_residual_sq	2831
NumStability.lyapunovXiSq_le_simple_bound	NumStability.Algorithms.Sylvester.SylvesterBackward	NumStability.Algorithms.MatrixEquations.Sylvester.BackwardError.LyapunovSpectral	move_reusable	theorem	public	NumStability.lyapunovXiSq_le_simple_bound	2656
NumStability.lyapunovXiSq_le_two_eta_sq_of_backward_error_spectral	NumStability.Algorithms.Sylvester.SylvesterBackward	NumStability.Algorithms.MatrixEquations.Sylvester.BackwardError.LyapunovSpectral	move_reusable	theorem	public	NumStability.lyapunovXiSq_le_two_eta_sq_of_backward_error_spectral	2574
NumStability.lyapunovXiSq_le_two_eta_sq_of_scalar_eq	NumStability.Algorithms.Sylvester.SylvesterBackward	NumStability.Algorithms.MatrixEquations.Sylvester.BackwardError.LyapunovSpectral	move_reusable	theorem	public	NumStability.lyapunovXiSq_le_two_eta_sq_of_scalar_eq	2491
NumStability.lyapunovXiSq_nonneg	NumStability.Algorithms.Sylvester.SylvesterBackward	NumStability.Algorithms.MatrixEquations.Sylvester.BackwardError.LyapunovSpectral	move_reusable	theorem	public	NumStability.lyapunovXiSq_nonneg	2083
NumStability.lyapunovXiSq_spectral_le_min_eigen_bound	NumStability.Algorithms.Sylvester.SylvesterBackward	NumStability.Algorithms.MatrixEquations.Sylvester.BackwardError.LyapunovSpectral	move_reusable	theorem	public	NumStability.lyapunovXiSq_spectral_le_min_eigen_bound	2797
NumStability.lyapunovXiSq_spectral_symmetric_le_min_eigen_bound	NumStability.Algorithms.Sylvester.SylvesterBackward	NumStability.Algorithms.MatrixEquations.Sylvester.BackwardError.LyapunovSpectral	move_reusable	theorem	public	NumStability.lyapunovXiSq_spectral_symmetric_le_min_eigen_bound	2813
NumStability.lyapunovXiSq_symmetric_le_min_eigen_bound	NumStability.Algorithms.Sylvester.SylvesterBackward	NumStability.Algorithms.MatrixEquations.Sylvester.BackwardError.LyapunovSpectral	move_reusable	theorem	public	NumStability.lyapunovXiSq_symmetric_le_min_eigen_bound	2763
NumStability.lyapunov_aposteriori_bound_diagonal	NumStability.Algorithms.Sylvester.Higham16Lyapunov	NumStability.Algorithms.MatrixEquations.Sylvester.Conditioning.StructuredLyapunov	move_reusable	theorem	public	NumStability.lyapunov_aposteriori_bound_diagonal	1527
NumStability.lyapunov_aposteriori_bound_diagonal_total	NumStability.Algorithms.Sylvester.Higham16Lyapunov	NumStability.Algorithms.MatrixEquations.Sylvester.Conditioning.StructuredLyapunov	move_reusable	theorem	public	NumStability.lyapunov_aposteriori_bound_diagonal_total	1613
NumStability.lyapunov_aposteriori_bound_of_pos_le_sylvesterSepInf	NumStability.Algorithms.Sylvester.Higham16Lyapunov	NumStability.Algorithms.MatrixEquations.Sylvester.Conditioning.StructuredLyapunov	move_reusable	theorem	public	NumStability.lyapunov_aposteriori_bound_of_pos_le_sylvesterSepInf	1036
NumStability.lyapunov_aposteriori_bound_of_pos_le_sylvesterSepInf_total	NumStability.Algorithms.Sylvester.Higham16Lyapunov	NumStability.Algorithms.MatrixEquations.Sylvester.Conditioning.StructuredLyapunov	move_reusable	theorem	public	NumStability.lyapunov_aposteriori_bound_of_pos_le_sylvesterSepInf_total	1153
NumStability.lyapunov_aposteriori_bound_of_sepLowerBound	NumStability.Algorithms.Sylvester.Higham16Lyapunov	NumStability.Algorithms.MatrixEquations.Sylvester.Conditioning.StructuredLyapunov	move_reusable	theorem	public	NumStability.lyapunov_aposteriori_bound_of_sepLowerBound	983
NumStability.lyapunov_aposteriori_bound_of_sepLowerBound_total	NumStability.Algorithms.Sylvester.Higham16Lyapunov	NumStability.Algorithms.MatrixEquations.Sylvester.Conditioning.StructuredLyapunov	move_reusable	theorem	public	NumStability.lyapunov_aposteriori_bound_of_sepLowerBound_total	1105
NumStability.lyapunov_first_order_bound_of_pos_le_sylvesterSepInf	NumStability.Algorithms.Sylvester.Higham16Lyapunov	NumStability.Algorithms.MatrixEquations.Sylvester.Conditioning.StructuredLyapunov	move_reusable	theorem	public	NumStability.lyapunov_first_order_bound_of_pos_le_sylvesterSepInf	775
NumStability.lyapunov_first_order_bound_of_sepLowerBound	NumStability.Algorithms.Sylvester.Higham16Lyapunov	NumStability.Algorithms.MatrixEquations.Sylvester.Conditioning.StructuredLyapunov	move_reusable	theorem	public	NumStability.lyapunov_first_order_bound_of_sepLowerBound	750
NumStability.lyapunov_first_order_rhs_frobNorm_le	NumStability.Algorithms.Sylvester.Higham16Lyapunov	NumStability.Algorithms.MatrixEquations.Sylvester.Conditioning.StructuredLyapunov	move_reusable	theorem	public	NumStability.lyapunov_first_order_rhs_frobNorm_le	130
NumStability.lyapunov_perturbation_bound	NumStability.Algorithms.Sylvester.SylvesterPerturbation	NumStability.Algorithms.MatrixEquations.Sylvester.Perturbation.Basic	move_reusable	theorem	public	NumStability.lyapunov_perturbation_bound	427
NumStability.lyapunov_perturbation_bound_diagonal	NumStability.Algorithms.Sylvester.Higham16Lyapunov	NumStability.Algorithms.MatrixEquations.Sylvester.Conditioning.StructuredLyapunov	move_reusable	theorem	public	NumStability.lyapunov_perturbation_bound_diagonal	1370
NumStability.lyapunov_perturbation_bound_diagonal_total	NumStability.Algorithms.Sylvester.Higham16Lyapunov	NumStability.Algorithms.MatrixEquations.Sylvester.Conditioning.StructuredLyapunov	move_reusable	theorem	public	NumStability.lyapunov_perturbation_bound_diagonal_total	1425
NumStability.lyapunov_perturbation_bound_of_pos_le_sylvesterSepInf	NumStability.Algorithms.Sylvester.Higham16Lyapunov	NumStability.Algorithms.MatrixEquations.Sylvester.Conditioning.StructuredLyapunov	move_reusable	theorem	public	NumStability.lyapunov_perturbation_bound_of_pos_le_sylvesterSepInf	538
NumStability.lyapunov_perturbation_bound_of_pos_le_sylvesterSepInf_total	NumStability.Algorithms.Sylvester.Higham16Lyapunov	NumStability.Algorithms.MatrixEquations.Sylvester.Conditioning.StructuredLyapunov	move_reusable	theorem	public	NumStability.lyapunov_perturbation_bound_of_pos_le_sylvesterSepInf_total	566
NumStability.lyapunov_perturbation_bound_of_sepLowerBound	NumStability.Algorithms.Sylvester.Higham16Lyapunov	NumStability.Algorithms.MatrixEquations.Sylvester.Conditioning.StructuredLyapunov	move_reusable	theorem	public	NumStability.lyapunov_perturbation_bound_of_sepLowerBound	402
NumStability.lyapunov_perturbation_bound_of_sepLowerBound_total	NumStability.Algorithms.Sylvester.Higham16Lyapunov	NumStability.Algorithms.MatrixEquations.Sylvester.Conditioning.StructuredLyapunov	move_reusable	theorem	public	NumStability.lyapunov_perturbation_bound_of_sepLowerBound_total	429
NumStability.lyapunov_perturbation_first_order_vec	NumStability.Algorithms.Sylvester.Higham16	NumStability.Algorithms.MatrixEquations.Sylvester.Perturbation.Vectorization	move_reusable	theorem	public	NumStability.lyapunov_perturbation_first_order_vec	166
NumStability.lyapunov_relative_aposteriori_bound_diagonal	NumStability.Algorithms.Sylvester.Higham16Lyapunov	NumStability.Algorithms.MatrixEquations.Sylvester.Conditioning.StructuredLyapunov	move_reusable	theorem	public	NumStability.lyapunov_relative_aposteriori_bound_diagonal	1562
NumStability.lyapunov_relative_aposteriori_bound_diagonal_total	NumStability.Algorithms.Sylvester.Higham16Lyapunov	NumStability.Algorithms.MatrixEquations.Sylvester.Conditioning.StructuredLyapunov	move_reusable	theorem	public	NumStability.lyapunov_relative_aposteriori_bound_diagonal_total	1631
NumStability.lyapunov_relative_aposteriori_bound_of_pos_le_sylvesterSepInf	NumStability.Algorithms.Sylvester.Higham16Lyapunov	NumStability.Algorithms.MatrixEquations.Sylvester.Conditioning.StructuredLyapunov	move_reusable	theorem	public	NumStability.lyapunov_relative_aposteriori_bound_of_pos_le_sylvesterSepInf	1056
NumStability.lyapunov_relative_aposteriori_bound_of_pos_le_sylvesterSepInf_total	NumStability.Algorithms.Sylvester.Higham16Lyapunov	NumStability.Algorithms.MatrixEquations.Sylvester.Conditioning.StructuredLyapunov	move_reusable	theorem	public	NumStability.lyapunov_relative_aposteriori_bound_of_pos_le_sylvesterSepInf_total	1171
NumStability.lyapunov_relative_aposteriori_bound_of_sepLowerBound	NumStability.Algorithms.Sylvester.Higham16Lyapunov	NumStability.Algorithms.MatrixEquations.Sylvester.Conditioning.StructuredLyapunov	move_reusable	theorem	public	NumStability.lyapunov_relative_aposteriori_bound_of_sepLowerBound	1008
NumStability.lyapunov_relative_aposteriori_bound_of_sepLowerBound_total	NumStability.Algorithms.Sylvester.Higham16Lyapunov	NumStability.Algorithms.MatrixEquations.Sylvester.Conditioning.StructuredLyapunov	move_reusable	theorem	public	NumStability.lyapunov_relative_aposteriori_bound_of_sepLowerBound_total	1133
NumStability.lyapunov_relative_first_order_bound_diagonal	NumStability.Algorithms.Sylvester.Higham16Lyapunov	NumStability.Source.Higham.Chapter16.Section03.PerturbationAndConditioning.Equation27	move_source	theorem	public	NumStability.lyapunov_relative_first_order_bound_diagonal	1773
NumStability.lyapunov_relative_first_order_bound_of_condition	NumStability.Algorithms.Sylvester.SylvesterPerturbation	NumStability.Algorithms.MatrixEquations.Sylvester.Conditioning.FirstOrder	move_reusable	theorem	public	NumStability.lyapunov_relative_first_order_bound_of_condition	255
NumStability.lyapunov_relative_first_order_bound_of_pos_le_sylvesterSepInf	NumStability.Algorithms.Sylvester.Higham16Lyapunov	NumStability.Source.Higham.Chapter16.Section03.PerturbationAndConditioning.Equation27	move_source	theorem	public	NumStability.lyapunov_relative_first_order_bound_of_pos_le_sylvesterSepInf	901
NumStability.lyapunov_relative_first_order_bound_of_sepLowerBound	NumStability.Algorithms.Sylvester.Higham16Lyapunov	NumStability.Source.Higham.Chapter16.Section03.PerturbationAndConditioning.Equation27	move_source	theorem	public	NumStability.lyapunov_relative_first_order_bound_of_sepLowerBound	876
NumStability.lyapunov_relative_perturbation_diagonal	NumStability.Algorithms.Sylvester.Higham16Lyapunov	NumStability.Algorithms.MatrixEquations.Sylvester.Conditioning.StructuredLyapunov	move_reusable	theorem	public	NumStability.lyapunov_relative_perturbation_diagonal	1395
NumStability.lyapunov_relative_perturbation_diagonal_total	NumStability.Algorithms.Sylvester.Higham16Lyapunov	NumStability.Algorithms.MatrixEquations.Sylvester.Conditioning.StructuredLyapunov	move_reusable	theorem	public	NumStability.lyapunov_relative_perturbation_diagonal_total	1449
NumStability.lyapunov_relative_perturbation_of_pos_le_sylvesterSepInf	NumStability.Algorithms.Sylvester.Higham16Lyapunov	NumStability.Algorithms.MatrixEquations.Sylvester.Conditioning.StructuredLyapunov	move_reusable	theorem	public	NumStability.lyapunov_relative_perturbation_of_pos_le_sylvesterSepInf	592
NumStability.lyapunov_relative_perturbation_of_pos_le_sylvesterSepInf_total	NumStability.Algorithms.Sylvester.Higham16Lyapunov	NumStability.Algorithms.MatrixEquations.Sylvester.Conditioning.StructuredLyapunov	move_reusable	theorem	public	NumStability.lyapunov_relative_perturbation_of_pos_le_sylvesterSepInf_total	625
NumStability.lyapunov_relative_perturbation_of_sepLowerBound	NumStability.Algorithms.Sylvester.Higham16Lyapunov	NumStability.Algorithms.MatrixEquations.Sylvester.Conditioning.StructuredLyapunov	move_reusable	theorem	public	NumStability.lyapunov_relative_perturbation_of_sepLowerBound	464
NumStability.lyapunov_relative_perturbation_of_sepLowerBound_total	NumStability.Algorithms.Sylvester.Higham16Lyapunov	NumStability.Algorithms.MatrixEquations.Sylvester.Conditioning.StructuredLyapunov	move_reusable	theorem	public	NumStability.lyapunov_relative_perturbation_of_sepLowerBound_total	502
NumStability.lyapunov_relative_residual_le_backwardErrorInf	NumStability.Algorithms.Sylvester.SylvesterBackward	NumStability.Algorithms.MatrixEquations.Sylvester.BackwardError.LyapunovSpectral	move_reusable	theorem	public	NumStability.lyapunov_relative_residual_le_backwardErrorInf	1701
NumStability.lyapunov_residual_bound_of_backward_error	NumStability.Algorithms.Sylvester.SylvesterBackward	NumStability.Algorithms.MatrixEquations.Sylvester.BackwardError.LyapunovSpectral	move_reusable	theorem	public	NumStability.lyapunov_residual_bound_of_backward_error	1665
NumStability.lyapunov_solution_iff_sylvester_special	NumStability.Algorithms.Sylvester.Higham16	NumStability.Algorithms.MatrixEquations.Sylvester.Equation.Lyapunov	move_reusable	theorem	public	NumStability.lyapunov_solution_iff_sylvester_special	5243
NumStability.lyapunov_solution_symmetric_of_symmetric_rhs	NumStability.Algorithms.Sylvester.Higham16	NumStability.Algorithms.MatrixEquations.Sylvester.Equation.Lyapunov	move_reusable	theorem	public	NumStability.lyapunov_solution_symmetric_of_symmetric_rhs	5312
NumStability.lyapunov_transpose_solution_of_symmetric_rhs	NumStability.Algorithms.Sylvester.Higham16	NumStability.Algorithms.MatrixEquations.Sylvester.Equation.Lyapunov	move_reusable	theorem	public	NumStability.lyapunov_transpose_solution_of_symmetric_rhs	5277
NumStability.lyapunov_unique_solution_of_sep	NumStability.Algorithms.Sylvester.Higham16	NumStability.Algorithms.MatrixEquations.Sylvester.Equation.Lyapunov	move_reusable	theorem	public	NumStability.lyapunov_unique_solution_of_sep	5262
NumStability.matMulRect_square_eq_matMul	NumStability.Algorithms.Sylvester.Higham16	NumStability.Algorithms.MatrixEquations.Sylvester.Equation.Rectangular	move_reusable	theorem	public	NumStability.matMulRect_square_eq_matMul	20
NumStability.matrixNoRealEigenline_fin_two_disc_neg	NumStability.Analysis.RealInvariantSubspace	NumStability.Analysis.LinearOperators.Schur.Real.InvariantSubspace.TwoByTwo	move_reusable	theorem	public	NumStability.matrixNoRealEigenline_fin_two_disc_neg	314
NumStability.matrixNoRealEigenline_fin_two_of_rotation_scaling_entries	NumStability.Analysis.RealInvariantSubspace	NumStability.Analysis.LinearOperators.Schur.Real.InvariantSubspace.TwoByTwo	move_reusable	theorem	public	NumStability.matrixNoRealEigenline_fin_two_of_rotation_scaling_entries	268
NumStability.matrixNoRealEigenline_principalTwoBlock_of_rotation_scaling_entries	NumStability.Analysis.RealInvariantSubspace	NumStability.Analysis.LinearOperators.Schur.Real.InvariantSubspace.TwoByTwo	move_reusable	theorem	public	NumStability.matrixNoRealEigenline_principalTwoBlock_of_rotation_scaling_entries	296
NumStability.mulVecLin_maps_span_pair	NumStability.Analysis.RealInvariantSubspace	NumStability.Analysis.LinearOperators.Schur.Real.InvariantSubspace.Existence	move_reusable	theorem	public	NumStability.mulVecLin_maps_span_pair	479
NumStability.no_real_eigenvector_in_span_of_rotation_scaling	NumStability.Analysis.RealInvariantSubspace	NumStability.Analysis.LinearOperators.Schur.Real.InvariantSubspace.Existence	move_reusable	theorem	public	NumStability.no_real_eigenvector_in_span_of_rotation_scaling	561
NumStability.one_le_sylvesterAmplificationMuSquare	NumStability.Algorithms.Sylvester.SylvesterBackward	NumStability.Algorithms.MatrixEquations.Sylvester.BackwardError.SylvesterSVD	move_reusable	theorem	public	NumStability.one_le_sylvesterAmplificationMuSquare	482
NumStability.principalTwoBlock	NumStability.Analysis.RealInvariantSubspace	NumStability.Analysis.LinearOperators.Schur.Real.InvariantSubspace.TwoByTwo	move_reusable	definition	public	NumStability.principalTwoBlock	237
NumStability.principalTwoBlock_disc_neg_of_matrixNoRealEigenline	NumStability.Analysis.RealInvariantSubspace	NumStability.Analysis.LinearOperators.Schur.Real.InvariantSubspace.TwoByTwo	move_reusable	theorem	public	NumStability.principalTwoBlock_disc_neg_of_matrixNoRealEigenline	367
NumStability.principalTwoBlock_one_one	NumStability.Analysis.RealInvariantSubspace	NumStability.Analysis.LinearOperators.Schur.Real.InvariantSubspace.TwoByTwo	move_reusable	theorem	public	NumStability.principalTwoBlock_one_one	263
NumStability.principalTwoBlock_one_zero	NumStability.Analysis.RealInvariantSubspace	NumStability.Analysis.LinearOperators.Schur.Real.InvariantSubspace.TwoByTwo	move_reusable	theorem	public	NumStability.principalTwoBlock_one_zero	258
NumStability.principalTwoBlock_zero_one	NumStability.Analysis.RealInvariantSubspace	NumStability.Analysis.LinearOperators.Schur.Real.InvariantSubspace.TwoByTwo	move_reusable	theorem	public	NumStability.principalTwoBlock_zero_one	253
NumStability.principalTwoBlock_zero_zero	NumStability.Analysis.RealInvariantSubspace	NumStability.Analysis.LinearOperators.Schur.Real.InvariantSubspace.TwoByTwo	move_reusable	theorem	public	NumStability.principalTwoBlock_zero_zero	248
NumStability.rayleigh_lower_bound_of_le_finiteHermitianEigenvalues	NumStability.Analysis.InverseOpNorm2	NumStability.Analysis.SingularValues.InverseBounds.Rayleigh	move_reusable	theorem	public	NumStability.rayleigh_lower_bound_of_le_finiteHermitianEigenvalues	69
NumStability.real_peel_one_or_two	NumStability.Analysis.RealInvariantSubspace	NumStability.Analysis.LinearOperators.Schur.Real.InvariantSubspace.Existence	move_reusable	theorem	public	NumStability.real_peel_one_or_two	501
NumStability.real_quasi_schur	NumStability.Analysis.RealQuasiSchur	NumStability.Analysis.LinearOperators.Schur.Real.QuasiTriangular.API	move_reusable	theorem	public	NumStability.real_quasi_schur	1582
NumStability.real_quasi_schur_blocks	NumStability.Analysis.RealQuasiSchur	NumStability.Analysis.LinearOperators.Schur.Real.QuasiTriangular.API	move_reusable	theorem	public	NumStability.real_quasi_schur_blocks	1603
NumStability.real_quasi_schur_blocks_twoBlockSpectral	NumStability.Analysis.RealQuasiSchur	NumStability.Analysis.LinearOperators.Schur.Real.QuasiTriangular.API	move_reusable	theorem	public	NumStability.real_quasi_schur_blocks_twoBlockSpectral	1630
NumStability.rectMatMul_schur_coords_cancel	NumStability.Algorithms.Sylvester.Higham16	NumStability.Algorithms.MatrixEquations.Sylvester.Equation.SchurCoordinates	move_reusable	theorem	public	NumStability.rectMatMul_schur_coords_cancel	3796
NumStability.rectMatMul_schur_coords_expand	NumStability.Algorithms.Sylvester.Higham16	NumStability.Algorithms.MatrixEquations.Sylvester.Equation.SchurCoordinates	move_reusable	theorem	public	NumStability.rectMatMul_schur_coords_expand	3829
NumStability.residual_bound	NumStability.Algorithms.Sylvester.SylvesterSpec	NumStability.Algorithms.MatrixEquations.Sylvester.BackwardError.Specification	move_reusable	theorem	public	NumStability.residual_bound	215
NumStability.residual_decomposition	NumStability.Algorithms.Sylvester.SylvesterSpec	NumStability.Algorithms.MatrixEquations.Sylvester.BackwardError.Specification	move_reusable	theorem	public	NumStability.residual_decomposition	193
NumStability.riccatiResidual	NumStability.Algorithms.Sylvester.Higham16	NumStability.Algorithms.MatrixEquations.Sylvester.GeneralizedEquations.Basic	move_reusable	definition	public	NumStability.riccatiResidual	8063
NumStability.riccatiResidual_zero_iff_solution	NumStability.Algorithms.Sylvester.Higham16	NumStability.Algorithms.MatrixEquations.Sylvester.GeneralizedEquations.Basic	move_reusable	theorem	public	NumStability.riccatiResidual_zero_iff_solution	8097
NumStability.schur_triangulation	NumStability.Analysis.SchurTriangulation	NumStability.Analysis.LinearOperators.Schur.Complex.Triangulation	move_reusable	theorem	public	NumStability.schur_triangulation	188
NumStability.schur_triangulation_diag_add_strictUpper	NumStability.Analysis.SchurTriangulation	NumStability.Analysis.LinearOperators.Schur.Complex.Triangulation	move_reusable	theorem	public	NumStability.schur_triangulation_diag_add_strictUpper	240
NumStability.sepLowerBound_of_sylvesterOp_sigmaMin	NumStability.Analysis.InverseOpNorm2	NumStability.Algorithms.MatrixEquations.Sylvester.Conditioning.SingularValue	move_reusable	theorem	public	NumStability.sepLowerBound_of_sylvesterOp_sigmaMin	245
NumStability.sep_implies_unique_solution	NumStability.Algorithms.Sylvester.SylvesterSpec	NumStability.Algorithms.MatrixEquations.Sylvester.Equation.Basic	move_reusable	theorem	public	NumStability.sep_implies_unique_solution	55
NumStability.sigmaMin_mul_vecNorm2_le_matMulVec	NumStability.Analysis.InverseOpNorm2	NumStability.Analysis.SingularValues.InverseBounds.OperatorTwo	move_reusable	theorem	public	NumStability.sigmaMin_mul_vecNorm2_le_matMulVec	192
NumStability.sqrt_lyapunovXiSq_div_two_le_lyapunovBackwardErrorInf_of_symmetric_spectral	NumStability.Algorithms.Sylvester.SylvesterBackward	NumStability.Algorithms.MatrixEquations.Sylvester.BackwardError.LyapunovSpectral	move_reusable	theorem	public	NumStability.sqrt_lyapunovXiSq_div_two_le_lyapunovBackwardErrorInf_of_symmetric_spectral	2619
NumStability.sqrt_lyapunovXiSq_le_mu_relative_residual	NumStability.Algorithms.Sylvester.SylvesterBackward	NumStability.Algorithms.MatrixEquations.Sylvester.BackwardError.LyapunovSpectral	move_reusable	theorem	public	NumStability.sqrt_lyapunovXiSq_le_mu_relative_residual	2872
NumStability.sqrt_xiSq_div_three_le_sylvesterBackwardErrorInf_of_svd	NumStability.Algorithms.Sylvester.SylvesterBackward	NumStability.Algorithms.MatrixEquations.Sylvester.BackwardError.SylvesterSVD	move_reusable	theorem	public	NumStability.sqrt_xiSq_div_three_le_sylvesterBackwardErrorInf_of_svd	1265
NumStability.svdLiftDeltaA	NumStability.Algorithms.Sylvester.SylvesterBackward	NumStability.Algorithms.MatrixEquations.Sylvester.BackwardError.SylvesterSVD	move_reusable	definition	public	NumStability.svdLiftDeltaA	860
NumStability.svdLiftDeltaA_frobNormSq	NumStability.Algorithms.Sylvester.SylvesterBackward	NumStability.Algorithms.MatrixEquations.Sylvester.BackwardError.SylvesterSVD	move_reusable	theorem	public	NumStability.svdLiftDeltaA_frobNormSq	1078
NumStability.svdLiftDeltaA_svd_coordinates	NumStability.Algorithms.Sylvester.SylvesterBackward	NumStability.Algorithms.MatrixEquations.Sylvester.BackwardError.SylvesterSVD	move_reusable	theorem	public	NumStability.svdLiftDeltaA_svd_coordinates	878
NumStability.svdLiftDeltaB	NumStability.Algorithms.Sylvester.SylvesterBackward	NumStability.Algorithms.MatrixEquations.Sylvester.BackwardError.SylvesterSVD	move_reusable	definition	public	NumStability.svdLiftDeltaB	866
NumStability.svdLiftDeltaB_frobNormSq	NumStability.Algorithms.Sylvester.SylvesterBackward	NumStability.Algorithms.MatrixEquations.Sylvester.BackwardError.SylvesterSVD	move_reusable	theorem	public	NumStability.svdLiftDeltaB_frobNormSq	1087
NumStability.svdLiftDeltaB_svd_coordinates	NumStability.Algorithms.Sylvester.SylvesterBackward	NumStability.Algorithms.MatrixEquations.Sylvester.BackwardError.SylvesterSVD	move_reusable	theorem	public	NumStability.svdLiftDeltaB_svd_coordinates	907
NumStability.svdLiftDeltaC	NumStability.Algorithms.Sylvester.SylvesterBackward	NumStability.Algorithms.MatrixEquations.Sylvester.BackwardError.SylvesterSVD	move_reusable	definition	public	NumStability.svdLiftDeltaC	872
NumStability.svdLiftDeltaC_frobNormSq	NumStability.Algorithms.Sylvester.SylvesterBackward	NumStability.Algorithms.MatrixEquations.Sylvester.BackwardError.SylvesterSVD	move_reusable	theorem	public	NumStability.svdLiftDeltaC_frobNormSq	1096
NumStability.svdLift_backwardResidual_eq	NumStability.Algorithms.Sylvester.SylvesterBackward	NumStability.Algorithms.MatrixEquations.Sylvester.BackwardError.SylvesterSVD	move_reusable	theorem	public	NumStability.svdLift_backwardResidual_eq	1009
NumStability.svdOptimalDeltaA	NumStability.Algorithms.Sylvester.SylvesterBackward	NumStability.Algorithms.MatrixEquations.Sylvester.BackwardError.SylvesterSVD	move_reusable	definition	public	NumStability.svdOptimalDeltaA	207
NumStability.svdOptimalDeltaA_frobNormSq_le_xiSq	NumStability.Algorithms.Sylvester.SylvesterBackward	NumStability.Algorithms.MatrixEquations.Sylvester.BackwardError.SylvesterSVD	move_reusable	theorem	public	NumStability.svdOptimalDeltaA_frobNormSq_le_xiSq	290
NumStability.svdOptimalDeltaB	NumStability.Algorithms.Sylvester.SylvesterBackward	NumStability.Algorithms.MatrixEquations.Sylvester.BackwardError.SylvesterSVD	move_reusable	definition	public	NumStability.svdOptimalDeltaB	216
NumStability.svdOptimalDeltaB_frobNormSq_le_xiSq	NumStability.Algorithms.Sylvester.SylvesterBackward	NumStability.Algorithms.MatrixEquations.Sylvester.BackwardError.SylvesterSVD	move_reusable	theorem	public	NumStability.svdOptimalDeltaB_frobNormSq_le_xiSq	301
NumStability.svdOptimalDeltaC	NumStability.Algorithms.Sylvester.SylvesterBackward	NumStability.Algorithms.MatrixEquations.Sylvester.BackwardError.SylvesterSVD	move_reusable	definition	public	NumStability.svdOptimalDeltaC	225
NumStability.svdOptimalDeltaC_frobNormSq_le_xiSq	NumStability.Algorithms.Sylvester.SylvesterBackward	NumStability.Algorithms.MatrixEquations.Sylvester.BackwardError.SylvesterSVD	move_reusable	theorem	public	NumStability.svdOptimalDeltaC_frobNormSq_le_xiSq	344
NumStability.svdOptimalPerturbations_cost_eq_xiSq	NumStability.Algorithms.Sylvester.SylvesterBackward	NumStability.Algorithms.MatrixEquations.Sylvester.BackwardError.SylvesterSVD	move_reusable	theorem	public	NumStability.svdOptimalPerturbations_cost_eq_xiSq	252
NumStability.svdOptimalPerturbations_frobNormSq_bounds	NumStability.Algorithms.Sylvester.SylvesterBackward	NumStability.Algorithms.MatrixEquations.Sylvester.BackwardError.SylvesterSVD	move_reusable	theorem	public	NumStability.svdOptimalPerturbations_frobNormSq_bounds	387
NumStability.svdOptimalPerturbations_scalar_eq	NumStability.Algorithms.Sylvester.SylvesterBackward	NumStability.Algorithms.MatrixEquations.Sylvester.BackwardError.SylvesterSVD	move_reusable	theorem	public	NumStability.svdOptimalPerturbations_scalar_eq	234
NumStability.svdResidual	NumStability.Algorithms.Sylvester.SylvesterBackward	NumStability.Algorithms.MatrixEquations.Sylvester.BackwardError.SylvesterSVD	move_reusable	definition	public	NumStability.svdResidual	40
NumStability.svdResidual_backwardResidual	NumStability.Algorithms.Sylvester.SylvesterBackward	NumStability.Algorithms.MatrixEquations.Sylvester.BackwardError.SylvesterSVD	move_reusable	theorem	public	NumStability.svdResidual_backwardResidual	757
NumStability.svdResidual_frobNormSq	NumStability.Algorithms.Sylvester.SylvesterBackward	NumStability.Algorithms.MatrixEquations.Sylvester.BackwardError.SylvesterSVD	move_reusable	theorem	public	NumStability.svdResidual_frobNormSq	47
NumStability.svdResidual_inverse	NumStability.Algorithms.Sylvester.SylvesterBackward	NumStability.Algorithms.MatrixEquations.Sylvester.BackwardError.SylvesterSVD	move_reusable	theorem	public	NumStability.svdResidual_inverse	968
NumStability.svdResidual_mul_svd_right	NumStability.Algorithms.Sylvester.SylvesterBackward	NumStability.Algorithms.MatrixEquations.Sylvester.BackwardError.SylvesterSVD	move_reusable	theorem	public	NumStability.svdResidual_mul_svd_right	711
NumStability.svdResidual_sub_sub	NumStability.Algorithms.Sylvester.SylvesterBackward	NumStability.Algorithms.MatrixEquations.Sylvester.BackwardError.SylvesterSVD	move_reusable	theorem	public	NumStability.svdResidual_sub_sub	698
NumStability.svdResidual_svdLiftDeltaC	NumStability.Algorithms.Sylvester.SylvesterBackward	NumStability.Algorithms.MatrixEquations.Sylvester.BackwardError.SylvesterSVD	move_reusable	theorem	public	NumStability.svdResidual_svdLiftDeltaC	936
NumStability.svdResidual_svd_left_mul	NumStability.Algorithms.Sylvester.SylvesterBackward	NumStability.Algorithms.MatrixEquations.Sylvester.BackwardError.SylvesterSVD	move_reusable	theorem	public	NumStability.svdResidual_svd_left_mul	725
NumStability.sylvesterAmplificationMu	NumStability.Algorithms.Sylvester.SylvesterBackward	NumStability.Algorithms.MatrixEquations.Sylvester.BackwardError.SylvesterSVD	move_reusable	definition	public	NumStability.sylvesterAmplificationMu	440
NumStability.sylvesterAmplificationMuSquare	NumStability.Algorithms.Sylvester.SylvesterBackward	NumStability.Algorithms.MatrixEquations.Sylvester.BackwardError.SylvesterSVD	move_reusable	definition	public	NumStability.sylvesterAmplificationMuSquare	455
NumStability.sylvesterAmplificationMu_square_eq	NumStability.Algorithms.Sylvester.SylvesterBackward	NumStability.Algorithms.MatrixEquations.Sylvester.BackwardError.SylvesterSVD	move_reusable	theorem	public	NumStability.sylvesterAmplificationMu_square_eq	467
NumStability.sylvesterBackwardErrorInf	NumStability.Algorithms.Sylvester.SylvesterBackward	NumStability.Algorithms.MatrixEquations.Sylvester.BackwardError.SylvesterSVD	move_reusable	definition	public	NumStability.sylvesterBackwardErrorInf	1195
NumStability.sylvesterBackwardErrorInf_le_lyapunovBackwardErrorInf	NumStability.Algorithms.Sylvester.SylvesterBackward	NumStability.Algorithms.MatrixEquations.Sylvester.BackwardError.LyapunovSpectral	move_reusable	theorem	public	NumStability.sylvesterBackwardErrorInf_le_lyapunovBackwardErrorInf	1638
NumStability.sylvesterBackwardErrorInf_le_mu_relative_residual_of_svd	NumStability.Algorithms.Sylvester.SylvesterBackward	NumStability.Algorithms.MatrixEquations.Sylvester.BackwardError.SylvesterSVD	move_reusable	theorem	public	NumStability.sylvesterBackwardErrorInf_le_mu_relative_residual_of_svd	1294
NumStability.sylvesterBackwardErrorInf_le_of_backwardError	NumStability.Algorithms.Sylvester.SylvesterBackward	NumStability.Algorithms.MatrixEquations.Sylvester.BackwardError.SylvesterSVD	move_reusable	theorem	public	NumStability.sylvesterBackwardErrorInf_le_of_backwardError	1220
NumStability.sylvesterBackwardErrorInf_le_sqrt_xiSq_of_svdOptimalPerturbations	NumStability.Algorithms.Sylvester.SylvesterBackward	NumStability.Algorithms.MatrixEquations.Sylvester.BackwardError.SylvesterSVD	move_reusable	theorem	public	NumStability.sylvesterBackwardErrorInf_le_sqrt_xiSq_of_svdOptimalPerturbations	1246
NumStability.sylvesterBackwardErrorInf_nonneg	NumStability.Algorithms.Sylvester.SylvesterBackward	NumStability.Algorithms.MatrixEquations.Sylvester.BackwardError.SylvesterSVD	move_reusable	theorem	public	NumStability.sylvesterBackwardErrorInf_nonneg	1210
NumStability.sylvesterBackwardErrorValues	NumStability.Algorithms.Sylvester.SylvesterBackward	NumStability.Algorithms.MatrixEquations.Sylvester.BackwardError.SylvesterSVD	move_reusable	definition	public	NumStability.sylvesterBackwardErrorValues	1187
NumStability.sylvesterBackwardErrorValues_bddBelow	NumStability.Algorithms.Sylvester.SylvesterBackward	NumStability.Algorithms.MatrixEquations.Sylvester.BackwardError.SylvesterSVD	move_reusable	theorem	public	NumStability.sylvesterBackwardErrorValues_bddBelow	1202
NumStability.sylvesterBackwardErrorValues_nonempty_of_svdOptimalPerturbations	NumStability.Algorithms.Sylvester.SylvesterBackward	NumStability.Algorithms.MatrixEquations.Sylvester.BackwardError.SylvesterSVD	move_reusable	theorem	public	NumStability.sylvesterBackwardErrorValues_nonempty_of_svdOptimalPerturbations	1231
NumStability.sylvesterBackwardErrorValues_of_lyapunovBackwardErrorValues	NumStability.Algorithms.Sylvester.SylvesterBackward	NumStability.Algorithms.MatrixEquations.Sylvester.BackwardError.LyapunovSpectral	move_reusable	theorem	public	NumStability.sylvesterBackwardErrorValues_of_lyapunovBackwardErrorValues	1628
NumStability.sylvesterBackwardResidual	NumStability.Algorithms.Sylvester.SylvesterBackward	NumStability.Algorithms.MatrixEquations.Sylvester.BackwardError.SylvesterSVD	move_reusable	definition	public	NumStability.sylvesterBackwardResidual	675
NumStability.sylvesterComputedResidualBudget_of_error_model	NumStability.Algorithms.Sylvester.Higham16	NumStability.Algorithms.MatrixEquations.Sylvester.Conditioning.PracticalErrorBounds	move_reusable	theorem	public	NumStability.sylvesterComputedResidualBudget_of_error_model	700
NumStability.sylvesterComputedResidualBudget_of_frobenius_error_model	NumStability.Algorithms.Sylvester.Higham16	NumStability.Algorithms.MatrixEquations.Sylvester.Conditioning.PracticalErrorBounds	move_reusable	theorem	public	NumStability.sylvesterComputedResidualBudget_of_frobenius_error_model	729
NumStability.sylvesterComputedResidualBudget_of_schur_frobenius_error_model	NumStability.Algorithms.Sylvester.Higham16	NumStability.Algorithms.Sylvester.Higham16	retain_historical	theorem	public	NumStability.sylvesterComputedResidualBudget_of_schur_frobenius_error_model	3959
NumStability.sylvesterComputedResidualBudget_zero_of_schur_transform_residual_bound	NumStability.Algorithms.Sylvester.Higham16	NumStability.Algorithms.Sylvester.Higham16	retain_historical	theorem	public	NumStability.sylvesterComputedResidualBudget_zero_of_schur_transform_residual_bound	4043
NumStability.sylvesterDiagonalSolution	NumStability.Algorithms.Sylvester.Higham16	NumStability.Algorithms.MatrixEquations.Sylvester.Equation.Diagonal	move_reusable	definition	public	NumStability.sylvesterDiagonalSolution	2998
NumStability.sylvesterDiagonalSolution_unique	NumStability.Algorithms.Sylvester.Higham16	NumStability.Algorithms.MatrixEquations.Sylvester.Equation.Diagonal	move_reusable	theorem	public	NumStability.sylvesterDiagonalSolution_unique	3063
NumStability.sylvesterDiagonalSolution_zero	NumStability.Algorithms.Sylvester.Higham16	NumStability.Algorithms.MatrixEquations.Sylvester.Equation.Diagonal	move_reusable	theorem	public	NumStability.sylvesterDiagonalSolution_zero	3005
NumStability.sylvesterDiagonalVecCoeffInv	NumStability.Algorithms.Sylvester.Higham16	NumStability.Algorithms.MatrixEquations.Sylvester.Equation.Diagonal	move_reusable	definition	public	NumStability.sylvesterDiagonalVecCoeffInv	2930
NumStability.sylvesterDiagonalVecCoeffInvAbs	NumStability.Algorithms.Sylvester.Higham16	NumStability.Algorithms.MatrixEquations.Sylvester.Equation.Diagonal	move_reusable	definition	public	NumStability.sylvesterDiagonalVecCoeffInvAbs	2939
NumStability.sylvesterDiagonalVecCoeffInv_abs_le_invAbs	NumStability.Algorithms.Sylvester.Higham16	NumStability.Algorithms.MatrixEquations.Sylvester.Conditioning.PracticalErrorBounds	move_reusable	theorem	public	NumStability.sylvesterDiagonalVecCoeffInv_abs_le_invAbs	3285
NumStability.sylvesterDiagonalVecCoeffInv_mul_sylvesterVecCoeff_diagonal	NumStability.Algorithms.Sylvester.Higham16	NumStability.Algorithms.MatrixEquations.Sylvester.Equation.Diagonal	move_reusable	theorem	public	NumStability.sylvesterDiagonalVecCoeffInv_mul_sylvesterVecCoeff_diagonal	2947
NumStability.sylvesterInverseOpBound_diagonal	NumStability.Algorithms.Sylvester.Higham16Psi	NumStability.Algorithms.MatrixEquations.Sylvester.Conditioning.StructuredSylvester	move_reusable	theorem	public	NumStability.sylvesterInverseOpBound_diagonal	671
NumStability.sylvesterInverseOpBound_of_sepLowerBound	NumStability.Algorithms.Sylvester.Higham16Psi	NumStability.Algorithms.MatrixEquations.Sylvester.Conditioning.StructuredSylvester	move_reusable	theorem	public	NumStability.sylvesterInverseOpBound_of_sepLowerBound	250
NumStability.sylvesterInverseOpBound_of_sigmaMin	NumStability.Analysis.InverseOpNorm2	NumStability.Algorithms.MatrixEquations.Sylvester.Conditioning.SingularValue	move_reusable	theorem	public	NumStability.sylvesterInverseOpBound_of_sigmaMin	278
NumStability.sylvesterMaxEntryNormRect	NumStability.Algorithms.Sylvester.Higham16	NumStability.Algorithms.MatrixEquations.Sylvester.Conditioning.PracticalErrorBounds	move_reusable	definition	public	NumStability.sylvesterMaxEntryNormRect	314
NumStability.sylvesterOp	NumStability.Algorithms.Sylvester.SylvesterSpec	NumStability.Algorithms.MatrixEquations.Sylvester.Equation.Basic	move_reusable	definition	public	NumStability.sylvesterOp	25
NumStability.sylvesterOpRect	NumStability.Algorithms.Sylvester.Higham16	NumStability.Algorithms.MatrixEquations.Sylvester.Equation.Rectangular	move_reusable	definition	public	NumStability.sylvesterOpRect	26
NumStability.sylvesterOpRect_diagonal_apply	NumStability.Algorithms.Sylvester.Higham16	NumStability.Algorithms.MatrixEquations.Sylvester.Equation.Diagonal	move_reusable	theorem	public	NumStability.sylvesterOpRect_diagonal_apply	2983
NumStability.sylvesterOpRect_diagonal_sylvesterDiagonalSolution	NumStability.Algorithms.Sylvester.Higham16	NumStability.Algorithms.MatrixEquations.Sylvester.Equation.Diagonal	move_reusable	theorem	public	NumStability.sylvesterOpRect_diagonal_sylvesterDiagonalSolution	3037
NumStability.sylvesterOpRect_square_eq_sylvesterOp	NumStability.Algorithms.Sylvester.Higham16	NumStability.Algorithms.MatrixEquations.Sylvester.Equation.Rectangular	move_reusable	theorem	public	NumStability.sylvesterOpRect_square_eq_sylvesterOp	32
NumStability.sylvesterOp_diagonal_apply	NumStability.Algorithms.Sylvester.Higham16Psi	NumStability.Algorithms.MatrixEquations.Sylvester.Equation.Diagonal	move_reusable	theorem	public	NumStability.sylvesterOp_diagonal_apply	658
NumStability.sylvesterPracticalBudgetVec	NumStability.Algorithms.Sylvester.Higham16	NumStability.Algorithms.MatrixEquations.Sylvester.Conditioning.PracticalErrorBounds	move_reusable	definition	public	NumStability.sylvesterPracticalBudgetVec	342
NumStability.sylvesterPracticalBudgetVec_maxNorm_le_of_componentwise_le	NumStability.Algorithms.Sylvester.Higham16	NumStability.Algorithms.MatrixEquations.Sylvester.Conditioning.PracticalErrorBounds	move_reusable	theorem	public	NumStability.sylvesterPracticalBudgetVec_maxNorm_le_of_componentwise_le	439
NumStability.sylvesterPracticalBudgetVec_maxNorm_mono	NumStability.Algorithms.Sylvester.Higham16	NumStability.Algorithms.MatrixEquations.Sylvester.Conditioning.PracticalErrorBounds	move_reusable	theorem	public	NumStability.sylvesterPracticalBudgetVec_maxNorm_mono	417
NumStability.sylvesterPracticalBudgetVec_mono	NumStability.Algorithms.Sylvester.Higham16	NumStability.Algorithms.MatrixEquations.Sylvester.Conditioning.PracticalErrorBounds	move_reusable	theorem	public	NumStability.sylvesterPracticalBudgetVec_mono	386
NumStability.sylvesterPracticalBudgetVec_nonneg	NumStability.Algorithms.Sylvester.Higham16	NumStability.Algorithms.MatrixEquations.Sylvester.Conditioning.PracticalErrorBounds	move_reusable	theorem	public	NumStability.sylvesterPracticalBudgetVec_nonneg	355
NumStability.sylvesterPsiDiagonal	NumStability.Algorithms.Sylvester.Higham16Psi	NumStability.Algorithms.MatrixEquations.Sylvester.Conditioning.StructuredSylvester	move_reusable	definition	public	NumStability.sylvesterPsiDiagonal	703
NumStability.sylvesterPsiDiagonal_isPsiFirstOrderBound	NumStability.Algorithms.Sylvester.Higham16Psi	NumStability.Algorithms.MatrixEquations.Sylvester.Conditioning.StructuredSylvester	move_reusable	theorem	public	NumStability.sylvesterPsiDiagonal_isPsiFirstOrderBound	719
NumStability.sylvesterPsi_of_inverseOpBound	NumStability.Algorithms.Sylvester.Higham16Psi	NumStability.Algorithms.MatrixEquations.Sylvester.Conditioning.StructuredSylvester	move_reusable	definition	public	NumStability.sylvesterPsi_of_inverseOpBound	278
NumStability.sylvesterPsi_of_inverseOpBound_isPsiFirstOrderBound	NumStability.Algorithms.Sylvester.Higham16Psi	NumStability.Algorithms.MatrixEquations.Sylvester.Conditioning.StructuredSylvester	move_reusable	theorem	public	NumStability.sylvesterPsi_of_inverseOpBound_isPsiFirstOrderBound	294
NumStability.sylvesterPsi_of_pos_le_sylvesterSepInf_isPsiFirstOrderBound	NumStability.Algorithms.Sylvester.Higham16Psi	NumStability.Algorithms.MatrixEquations.Sylvester.Conditioning.StructuredSylvester	move_reusable	theorem	public	NumStability.sylvesterPsi_of_pos_le_sylvesterSepInf_isPsiFirstOrderBound	356
NumStability.sylvesterPsi_of_sepLowerBound_isPsiFirstOrderBound	NumStability.Algorithms.Sylvester.Higham16Psi	NumStability.Algorithms.MatrixEquations.Sylvester.Conditioning.StructuredSylvester	move_reusable	theorem	public	NumStability.sylvesterPsi_of_sepLowerBound_isPsiFirstOrderBound	339
NumStability.sylvesterResidual	NumStability.Algorithms.Sylvester.SylvesterSpec	NumStability.Algorithms.MatrixEquations.Sylvester.Equation.Basic	move_reusable	definition	public	NumStability.sylvesterResidual	31
NumStability.sylvesterResidualRect	NumStability.Algorithms.Sylvester.Higham16	NumStability.Algorithms.MatrixEquations.Sylvester.Equation.Rectangular	move_reusable	definition	public	NumStability.sylvesterResidualRect	55
NumStability.sylvesterResidualRect_eq	NumStability.Algorithms.Sylvester.Higham16	NumStability.Algorithms.MatrixEquations.Sylvester.Equation.Rectangular	move_reusable	theorem	public	NumStability.sylvesterResidualRect_eq	61
NumStability.sylvesterResidualRect_eq_sylvesterOpRect_error	NumStability.Algorithms.Sylvester.Higham16	NumStability.Algorithms.MatrixEquations.Sylvester.Conditioning.PracticalErrorBounds	move_reusable	theorem	public	NumStability.sylvesterResidualRect_eq_sylvesterOpRect_error	606
NumStability.sylvesterResidualRect_schur_transform_identity	NumStability.Algorithms.Sylvester.Higham16	NumStability.Algorithms.Sylvester.Higham16	retain_historical	theorem	public	NumStability.sylvesterResidualRect_schur_transform_identity	3862
NumStability.sylvesterResidual_eq	NumStability.Algorithms.Sylvester.SylvesterSpec	NumStability.Algorithms.MatrixEquations.Sylvester.Equation.Basic	move_reusable	theorem	public	NumStability.sylvesterResidual_eq	37
NumStability.sylvesterScaledPerturbationTripleNorm	NumStability.Algorithms.Sylvester.SylvesterPerturbation	NumStability.Algorithms.MatrixEquations.Sylvester.Conditioning.FirstOrder	move_reusable	definition	public	NumStability.sylvesterScaledPerturbationTripleNorm	75
NumStability.sylvesterScaledPerturbationTripleNorm_le_sqrt_three_mul	NumStability.Algorithms.Sylvester.SylvesterPerturbation	NumStability.Algorithms.MatrixEquations.Sylvester.Conditioning.FirstOrder	move_reusable	theorem	public	NumStability.sylvesterScaledPerturbationTripleNorm_le_sqrt_three_mul	85
NumStability.sylvesterSchurDiagonalSolution	NumStability.Algorithms.Sylvester.Higham16	NumStability.Algorithms.MatrixEquations.Sylvester.Equation.SchurCoordinates	move_reusable	definition	public	NumStability.sylvesterSchurDiagonalSolution	4457
NumStability.sylvesterSchurDiagonalSolution_unique	NumStability.Algorithms.Sylvester.Higham16	NumStability.Algorithms.Sylvester.Higham16	retain_historical	theorem	public	NumStability.sylvesterSchurDiagonalSolution_unique	4511
NumStability.sylvesterSchurDiagonalSolution_zero	NumStability.Algorithms.Sylvester.Higham16	NumStability.Algorithms.MatrixEquations.Sylvester.Equation.SchurCoordinates	move_reusable	theorem	public	NumStability.sylvesterSchurDiagonalSolution_zero	4469
NumStability.sylvesterSepInf	NumStability.Algorithms.Sylvester.Higham16	NumStability.Algorithms.MatrixEquations.Sylvester.Conditioning.Separation	move_reusable	definition	public	NumStability.sylvesterSepInf	5361
NumStability.sylvesterSepInf_diagonal_eq_zero_of_common_entry	NumStability.Algorithms.Sylvester.Higham16	NumStability.Algorithms.MatrixEquations.Sylvester.Conditioning.Separation	move_reusable	theorem	public	NumStability.sylvesterSepInf_diagonal_eq_zero_of_common_entry	5521
NumStability.sylvesterSepInf_diagonal_ge_of_entrywise_abs_ge	NumStability.Algorithms.Sylvester.Higham16	NumStability.Algorithms.MatrixEquations.Sylvester.Conditioning.Separation	move_reusable	theorem	public	NumStability.sylvesterSepInf_diagonal_ge_of_entrywise_abs_ge	5592
NumStability.sylvesterSepInf_diagonal_ge_of_entrywise_abs_ge_of_pos_dim	NumStability.Algorithms.Sylvester.Higham16	NumStability.Algorithms.MatrixEquations.Sylvester.Conditioning.Separation	move_reusable	theorem	public	NumStability.sylvesterSepInf_diagonal_ge_of_entrywise_abs_ge_of_pos_dim	5608
NumStability.sylvesterSepInf_le_ratio	NumStability.Algorithms.Sylvester.Higham16	NumStability.Algorithms.MatrixEquations.Sylvester.Conditioning.Separation	move_reusable	theorem	public	NumStability.sylvesterSepInf_le_ratio	5391
NumStability.sylvesterSepInf_lyapunov_diagonal_ge_of_entrywise_abs_ge	NumStability.Algorithms.Sylvester.Higham16Lyapunov	NumStability.Algorithms.MatrixEquations.Sylvester.Conditioning.StructuredLyapunov	move_reusable	theorem	public	NumStability.sylvesterSepInf_lyapunov_diagonal_ge_of_entrywise_abs_ge	1345
NumStability.sylvesterSepInf_nonneg	NumStability.Algorithms.Sylvester.Higham16	NumStability.Algorithms.MatrixEquations.Sylvester.Conditioning.Separation	move_reusable	theorem	public	NumStability.sylvesterSepInf_nonneg	5380
NumStability.sylvesterSepRatios	NumStability.Algorithms.Sylvester.Higham16	NumStability.Algorithms.MatrixEquations.Sylvester.Conditioning.Separation	move_reusable	definition	public	NumStability.sylvesterSepRatios	5353
NumStability.sylvesterSepRatios_bddBelow	NumStability.Algorithms.Sylvester.Higham16	NumStability.Algorithms.MatrixEquations.Sylvester.Conditioning.Separation	move_reusable	theorem	public	NumStability.sylvesterSepRatios_bddBelow	5368
NumStability.sylvesterSepRatios_nonempty_of_pos_dim	NumStability.Algorithms.Sylvester.Higham16	NumStability.Algorithms.MatrixEquations.Sylvester.Conditioning.Separation	move_reusable	theorem	public	NumStability.sylvesterSepRatios_nonempty_of_pos_dim	5399
NumStability.sylvesterVecCoeff	NumStability.Algorithms.Sylvester.Higham16	NumStability.Algorithms.MatrixEquations.Sylvester.Equation.Vectorization	move_reusable	definition	public	NumStability.sylvesterVecCoeff	80
NumStability.sylvesterVecCoeffNonsingInvAbs	NumStability.Algorithms.Sylvester.Higham16	NumStability.Algorithms.MatrixEquations.Sylvester.Conditioning.PracticalErrorBounds	move_reusable	definition	public	NumStability.sylvesterVecCoeffNonsingInvAbs	462
NumStability.sylvesterVecCoeffNonsingInv_abs_le_invAbs	NumStability.Algorithms.Sylvester.Higham16	NumStability.Algorithms.MatrixEquations.Sylvester.Conditioning.PracticalErrorBounds	move_reusable	theorem	public	NumStability.sylvesterVecCoeffNonsingInv_abs_le_invAbs	472
NumStability.sylvesterVecCoeff_diagonal	NumStability.Algorithms.Sylvester.Higham16	NumStability.Algorithms.MatrixEquations.Sylvester.Equation.Diagonal	move_reusable	theorem	public	NumStability.sylvesterVecCoeff_diagonal	2838
NumStability.sylvesterVecCoeff_diagonal_det	NumStability.Algorithms.Sylvester.Higham16	NumStability.Algorithms.MatrixEquations.Sylvester.Equation.Diagonal	move_reusable	theorem	public	NumStability.sylvesterVecCoeff_diagonal_det	2873
NumStability.sylvesterVecCoeff_diagonal_det_eq_zero_of_common_entry	NumStability.Algorithms.Sylvester.Higham16	NumStability.Algorithms.MatrixEquations.Sylvester.Equation.Diagonal	move_reusable	theorem	public	NumStability.sylvesterVecCoeff_diagonal_det_eq_zero_of_common_entry	2900
NumStability.sylvesterVecCoeff_diagonal_det_ne_zero_iff	NumStability.Algorithms.Sylvester.Higham16	NumStability.Algorithms.MatrixEquations.Sylvester.Equation.Diagonal	move_reusable	theorem	public	NumStability.sylvesterVecCoeff_diagonal_det_ne_zero_iff	2881
NumStability.sylvesterVecCoeff_diagonal_mulVec_bijective	NumStability.Algorithms.Sylvester.Higham16	NumStability.Algorithms.MatrixEquations.Sylvester.Equation.Diagonal	move_reusable	theorem	public	NumStability.sylvesterVecCoeff_diagonal_mulVec_bijective	3169
NumStability.sylvesterVecCoeff_diagonal_mulVec_eq_zero_iff	NumStability.Algorithms.Sylvester.Higham16	NumStability.Algorithms.MatrixEquations.Sylvester.Equation.Diagonal	move_reusable	theorem	public	NumStability.sylvesterVecCoeff_diagonal_mulVec_eq_zero_iff	3096
NumStability.sylvesterVecCoeff_diagonal_mulVec_injective	NumStability.Algorithms.Sylvester.Higham16	NumStability.Algorithms.MatrixEquations.Sylvester.Equation.Diagonal	move_reusable	theorem	public	NumStability.sylvesterVecCoeff_diagonal_mulVec_injective	3127
NumStability.sylvesterVecCoeff_diagonal_mulVec_surjective	NumStability.Algorithms.Sylvester.Higham16	NumStability.Algorithms.MatrixEquations.Sylvester.Equation.Diagonal	move_reusable	theorem	public	NumStability.sylvesterVecCoeff_diagonal_mulVec_surjective	3154
NumStability.sylvesterVecCoeff_diagonal_mul_sylvesterDiagonalVecCoeffInv	NumStability.Algorithms.Sylvester.Higham16	NumStability.Algorithms.MatrixEquations.Sylvester.Equation.Diagonal	move_reusable	theorem	public	NumStability.sylvesterVecCoeff_diagonal_mul_sylvesterDiagonalVecCoeffInv	2965
NumStability.sylvesterVecCoeff_mulVec_vec	NumStability.Algorithms.Sylvester.Higham16	NumStability.Algorithms.MatrixEquations.Sylvester.Equation.Vectorization	move_reusable	theorem	public	NumStability.sylvesterVecCoeff_mulVec_vec	214
NumStability.sylvesterVecCoeff_mulVec_vec_sylvesterDiagonalSolution	NumStability.Algorithms.Sylvester.Higham16	NumStability.Algorithms.MatrixEquations.Sylvester.Equation.Diagonal	move_reusable	theorem	public	NumStability.sylvesterVecCoeff_mulVec_vec_sylvesterDiagonalSolution	3024
NumStability.sylvesterVecCoeff_schurDiagonal_det_ne_zero	NumStability.Algorithms.Sylvester.Higham16	NumStability.Algorithms.Sylvester.Higham16	retain_historical	theorem	public	NumStability.sylvesterVecCoeff_schurDiagonal_det_ne_zero	4668
NumStability.sylvesterVecCoeff_schurDiagonal_det_ne_zero_of_entrywise_ne_square	NumStability.Algorithms.Sylvester.Higham16	NumStability.Algorithms.Sylvester.Higham16	retain_historical	theorem	public	NumStability.sylvesterVecCoeff_schurDiagonal_det_ne_zero_of_entrywise_ne_square	5146
NumStability.sylvesterVecCoeff_schurDiagonal_mulVec_bijective	NumStability.Algorithms.Sylvester.Higham16	NumStability.Algorithms.Sylvester.Higham16	retain_historical	theorem	public	NumStability.sylvesterVecCoeff_schurDiagonal_mulVec_bijective	4652
NumStability.sylvesterVecCoeff_schurDiagonal_mulVec_eq_zero_iff	NumStability.Algorithms.Sylvester.Higham16	NumStability.Algorithms.Sylvester.Higham16	retain_historical	theorem	public	NumStability.sylvesterVecCoeff_schurDiagonal_mulVec_eq_zero_iff	4569
NumStability.sylvesterVecCoeff_schurDiagonal_mulVec_injective	NumStability.Algorithms.Sylvester.Higham16	NumStability.Algorithms.Sylvester.Higham16	retain_historical	theorem	public	NumStability.sylvesterVecCoeff_schurDiagonal_mulVec_injective	4600
NumStability.sylvesterVecCoeff_schurDiagonal_mulVec_surjective	NumStability.Algorithms.Sylvester.Higham16	NumStability.Algorithms.Sylvester.Higham16	retain_historical	theorem	public	NumStability.sylvesterVecCoeff_schurDiagonal_mulVec_surjective	4631
NumStability.sylvesterVecMaxNorm	NumStability.Algorithms.Sylvester.Higham16	NumStability.Algorithms.MatrixEquations.Sylvester.Conditioning.PracticalErrorBounds	move_reusable	definition	public	NumStability.sylvesterVecMaxNorm	307
NumStability.sylvesterVecMaxNorm_le_of_abs_le	NumStability.Algorithms.Sylvester.Higham16	NumStability.Algorithms.MatrixEquations.Sylvester.Conditioning.PracticalErrorBounds	move_reusable	theorem	public	NumStability.sylvesterVecMaxNorm_le_of_abs_le	333
NumStability.sylvesterVecMaxNorm_mono_of_nonneg	NumStability.Algorithms.Sylvester.Higham16	NumStability.Algorithms.MatrixEquations.Sylvester.Conditioning.PracticalErrorBounds	move_reusable	theorem	public	NumStability.sylvesterVecMaxNorm_mono_of_nonneg	369
NumStability.sylvesterVecMaxNorm_nonneg	NumStability.Algorithms.Sylvester.Higham16	NumStability.Algorithms.MatrixEquations.Sylvester.Conditioning.PracticalErrorBounds	move_reusable	theorem	public	NumStability.sylvesterVecMaxNorm_nonneg	321
NumStability.sylvester_aposteriori_bound	NumStability.Algorithms.Sylvester.SylvesterPerturbation	NumStability.Algorithms.MatrixEquations.Sylvester.Perturbation.Basic	move_reusable	theorem	public	NumStability.sylvester_aposteriori_bound	381
NumStability.sylvester_aposteriori_bound_diagonal_of_entrywise_abs_ge	NumStability.Algorithms.Sylvester.Higham16	NumStability.Algorithms.MatrixEquations.Sylvester.Perturbation.SeparationBounds	move_reusable	theorem	public	NumStability.sylvester_aposteriori_bound_diagonal_of_entrywise_abs_ge	7821
NumStability.sylvester_aposteriori_bound_diagonal_of_entrywise_abs_ge_total	NumStability.Algorithms.Sylvester.Higham16	NumStability.Algorithms.MatrixEquations.Sylvester.Perturbation.SeparationBounds	move_reusable	theorem	public	NumStability.sylvester_aposteriori_bound_diagonal_of_entrywise_abs_ge_total	7874
NumStability.sylvester_aposteriori_bound_of_pos_le_sylvesterSepInf	NumStability.Algorithms.Sylvester.Higham16	NumStability.Algorithms.MatrixEquations.Sylvester.Perturbation.SeparationBounds	move_reusable	theorem	public	NumStability.sylvester_aposteriori_bound_of_pos_le_sylvesterSepInf	7659
NumStability.sylvester_aposteriori_bound_of_pos_le_sylvesterSepInf_total	NumStability.Algorithms.Sylvester.Higham16	NumStability.Algorithms.MatrixEquations.Sylvester.Perturbation.SeparationBounds	move_reusable	theorem	public	NumStability.sylvester_aposteriori_bound_of_pos_le_sylvesterSepInf_total	7762
NumStability.sylvester_aposteriori_bound_of_sepLowerBound	NumStability.Algorithms.Sylvester.Higham16	NumStability.Algorithms.MatrixEquations.Sylvester.Perturbation.SeparationBounds	move_reusable	theorem	public	NumStability.sylvester_aposteriori_bound_of_sepLowerBound	7630
NumStability.sylvester_aposteriori_bound_of_sepLowerBound_total	NumStability.Algorithms.Sylvester.Higham16	NumStability.Algorithms.MatrixEquations.Sylvester.Perturbation.SeparationBounds	move_reusable	theorem	public	NumStability.sylvester_aposteriori_bound_of_sepLowerBound_total	7714
NumStability.sylvester_exact_residual_vec_abs_le_computed_residual_budget	NumStability.Algorithms.Sylvester.Higham16	NumStability.Algorithms.MatrixEquations.Sylvester.Conditioning.PracticalErrorBounds	move_reusable	theorem	public	NumStability.sylvester_exact_residual_vec_abs_le_computed_residual_budget	667
NumStability.sylvester_first_order_bound_of_pos_le_sylvesterSepInf	NumStability.Algorithms.Sylvester.Higham16Psi	NumStability.Algorithms.MatrixEquations.Sylvester.Conditioning.StructuredSylvester	move_reusable	theorem	public	NumStability.sylvester_first_order_bound_of_pos_le_sylvesterSepInf	395
NumStability.sylvester_first_order_bound_of_sepLowerBound	NumStability.Algorithms.Sylvester.Higham16Psi	NumStability.Algorithms.MatrixEquations.Sylvester.Conditioning.StructuredSylvester	move_reusable	theorem	public	NumStability.sylvester_first_order_bound_of_sepLowerBound	372
NumStability.sylvester_first_order_rhs_frobNorm_le	NumStability.Algorithms.Sylvester.Higham16Psi	NumStability.Algorithms.MatrixEquations.Sylvester.Conditioning.StructuredSylvester	move_reusable	theorem	public	NumStability.sylvester_first_order_rhs_frobNorm_le	157
NumStability.sylvester_perturbation_bound	NumStability.Algorithms.Sylvester.SylvesterPerturbation	NumStability.Algorithms.MatrixEquations.Sylvester.Perturbation.Basic	move_reusable	theorem	public	NumStability.sylvester_perturbation_bound	303
NumStability.sylvester_perturbation_bound_diagonal_of_entrywise_abs_ge	NumStability.Algorithms.Sylvester.Higham16	NumStability.Algorithms.MatrixEquations.Sylvester.Perturbation.SeparationBounds	move_reusable	theorem	public	NumStability.sylvester_perturbation_bound_diagonal_of_entrywise_abs_ge	7476
NumStability.sylvester_perturbation_bound_diagonal_of_entrywise_abs_ge_total	NumStability.Algorithms.Sylvester.Higham16	NumStability.Algorithms.MatrixEquations.Sylvester.Perturbation.SeparationBounds	move_reusable	theorem	public	NumStability.sylvester_perturbation_bound_diagonal_of_entrywise_abs_ge_total	7532
NumStability.sylvester_perturbation_bound_of_pos_le_sylvesterSepInf	NumStability.Algorithms.Sylvester.Higham16	NumStability.Algorithms.MatrixEquations.Sylvester.Perturbation.SeparationBounds	move_reusable	theorem	public	NumStability.sylvester_perturbation_bound_of_pos_le_sylvesterSepInf	7376
NumStability.sylvester_perturbation_bound_of_pos_le_sylvesterSepInf_total	NumStability.Algorithms.Sylvester.Higham16	NumStability.Algorithms.MatrixEquations.Sylvester.Perturbation.SeparationBounds	move_reusable	theorem	public	NumStability.sylvester_perturbation_bound_of_pos_le_sylvesterSepInf_total	7427
NumStability.sylvester_perturbation_bound_of_sepLowerBound	NumStability.Algorithms.Sylvester.Higham16	NumStability.Algorithms.MatrixEquations.Sylvester.Perturbation.SeparationBounds	move_reusable	theorem	public	NumStability.sylvester_perturbation_bound_of_sepLowerBound	7261
NumStability.sylvester_perturbation_bound_of_sepLowerBound_total	NumStability.Algorithms.Sylvester.Higham16	NumStability.Algorithms.MatrixEquations.Sylvester.Perturbation.SeparationBounds	move_reusable	theorem	public	NumStability.sylvester_perturbation_bound_of_sepLowerBound_total	7307
NumStability.sylvester_perturbation_equation	NumStability.Algorithms.Sylvester.SylvesterPerturbation	NumStability.Algorithms.MatrixEquations.Sylvester.Perturbation.Basic	move_reusable	theorem	public	NumStability.sylvester_perturbation_equation	26
NumStability.sylvester_perturbation_equation_vec	NumStability.Algorithms.Sylvester.Higham16	NumStability.Algorithms.MatrixEquations.Sylvester.Perturbation.Vectorization	move_reusable	theorem	public	NumStability.sylvester_perturbation_equation_vec	257
NumStability.sylvester_perturbation_first_order	NumStability.Algorithms.Sylvester.SylvesterPerturbation	NumStability.Algorithms.MatrixEquations.Sylvester.Perturbation.Basic	move_reusable	theorem	public	NumStability.sylvester_perturbation_first_order	48
NumStability.sylvester_perturbation_first_order_vec	NumStability.Algorithms.Sylvester.Higham16	NumStability.Algorithms.MatrixEquations.Sylvester.Perturbation.Vectorization	move_reusable	theorem	public	NumStability.sylvester_perturbation_first_order_vec	277
NumStability.sylvester_practical_abs_error_bound_of_componentwise_budget	NumStability.Algorithms.Sylvester.Higham16	NumStability.Algorithms.MatrixEquations.Sylvester.Conditioning.PracticalErrorBounds	move_reusable	theorem	public	NumStability.sylvester_practical_abs_error_bound_of_componentwise_budget	483
NumStability.sylvester_practical_abs_error_bound_of_computed_residual_budget	NumStability.Algorithms.Sylvester.Higham16	NumStability.Algorithms.MatrixEquations.Sylvester.Conditioning.PracticalErrorBounds	move_reusable	theorem	public	NumStability.sylvester_practical_abs_error_bound_of_computed_residual_budget	865
NumStability.sylvester_practical_abs_error_bound_of_computed_residual_budget_mono	NumStability.Algorithms.Sylvester.Higham16	NumStability.Algorithms.MatrixEquations.Sylvester.Conditioning.PracticalErrorBounds	move_reusable	theorem	public	NumStability.sylvester_practical_abs_error_bound_of_computed_residual_budget_mono	1100
NumStability.sylvester_practical_abs_error_bound_of_computed_residual_budget_mono_scalar	NumStability.Algorithms.Sylvester.Higham16	NumStability.Algorithms.MatrixEquations.Sylvester.Conditioning.PracticalErrorBounds	move_reusable	theorem	public	NumStability.sylvester_practical_abs_error_bound_of_computed_residual_budget_mono_scalar	1127
NumStability.sylvester_practical_abs_error_bound_of_computed_residual_budget_scalar	NumStability.Algorithms.Sylvester.Higham16	NumStability.Algorithms.MatrixEquations.Sylvester.Conditioning.PracticalErrorBounds	move_reusable	theorem	public	NumStability.sylvester_practical_abs_error_bound_of_computed_residual_budget_scalar	887
NumStability.sylvester_practical_abs_error_bound_of_computed_residual_certificate	NumStability.Algorithms.Sylvester.Higham16	NumStability.Algorithms.MatrixEquations.Sylvester.Conditioning.PracticalErrorBounds	move_reusable	theorem	public	NumStability.sylvester_practical_abs_error_bound_of_computed_residual_certificate	805
NumStability.sylvester_practical_abs_error_bound_of_computed_residual_certificate_mono	NumStability.Algorithms.Sylvester.Higham16	NumStability.Algorithms.MatrixEquations.Sylvester.Conditioning.PracticalErrorBounds	move_reusable	theorem	public	NumStability.sylvester_practical_abs_error_bound_of_computed_residual_certificate_mono	1016
NumStability.sylvester_practical_abs_error_bound_of_computed_residual_certificate_mono_scalar	NumStability.Algorithms.Sylvester.Higham16	NumStability.Algorithms.MatrixEquations.Sylvester.Conditioning.PracticalErrorBounds	move_reusable	theorem	public	NumStability.sylvester_practical_abs_error_bound_of_computed_residual_certificate_mono_scalar	1055
NumStability.sylvester_practical_abs_error_bound_of_computed_residual_certificate_scalar	NumStability.Algorithms.Sylvester.Higham16	NumStability.Algorithms.MatrixEquations.Sylvester.Conditioning.PracticalErrorBounds	move_reusable	theorem	public	NumStability.sylvester_practical_abs_error_bound_of_computed_residual_certificate_scalar	831
NumStability.sylvester_practical_abs_error_bound_of_computed_residual_error_model	NumStability.Algorithms.Sylvester.Higham16	NumStability.Algorithms.MatrixEquations.Sylvester.Conditioning.PracticalErrorBounds	move_reusable	theorem	public	NumStability.sylvester_practical_abs_error_bound_of_computed_residual_error_model	911
NumStability.sylvester_practical_abs_error_bound_of_computed_residual_error_model_mono	NumStability.Algorithms.Sylvester.Higham16	NumStability.Algorithms.MatrixEquations.Sylvester.Conditioning.PracticalErrorBounds	move_reusable	theorem	public	NumStability.sylvester_practical_abs_error_bound_of_computed_residual_error_model_mono	1156
NumStability.sylvester_practical_abs_error_bound_of_computed_residual_error_model_mono_scalar	NumStability.Algorithms.Sylvester.Higham16	NumStability.Algorithms.MatrixEquations.Sylvester.Conditioning.PracticalErrorBounds	move_reusable	theorem	public	NumStability.sylvester_practical_abs_error_bound_of_computed_residual_error_model_mono_scalar	1186
NumStability.sylvester_practical_abs_error_bound_of_computed_residual_error_model_scalar	NumStability.Algorithms.Sylvester.Higham16	NumStability.Algorithms.MatrixEquations.Sylvester.Conditioning.PracticalErrorBounds	move_reusable	theorem	public	NumStability.sylvester_practical_abs_error_bound_of_computed_residual_error_model_scalar	935
NumStability.sylvester_practical_abs_error_bound_of_computed_residual_frobenius_error_model	NumStability.Algorithms.Sylvester.Higham16	NumStability.Algorithms.MatrixEquations.Sylvester.Conditioning.PracticalErrorBounds	move_reusable	theorem	public	NumStability.sylvester_practical_abs_error_bound_of_computed_residual_frobenius_error_model	962
NumStability.sylvester_practical_abs_error_bound_of_computed_residual_frobenius_error_model_scalar	NumStability.Algorithms.Sylvester.Higham16	NumStability.Algorithms.MatrixEquations.Sylvester.Conditioning.PracticalErrorBounds	move_reusable	theorem	public	NumStability.sylvester_practical_abs_error_bound_of_computed_residual_frobenius_error_model_scalar	989
NumStability.sylvester_practical_abs_error_bound_of_inverse_residual_budget	NumStability.Algorithms.Sylvester.Higham16	NumStability.Algorithms.MatrixEquations.Sylvester.Conditioning.PracticalErrorBounds	move_reusable	theorem	public	NumStability.sylvester_practical_abs_error_bound_of_inverse_residual_budget	524
NumStability.sylvester_practical_abs_error_bound_of_pos_le_sylvesterSepInf_computed_residual_budget_mono	NumStability.Algorithms.Sylvester.Higham16	NumStability.Algorithms.Sylvester.Higham16	retain_historical	theorem	public	NumStability.sylvester_practical_abs_error_bound_of_pos_le_sylvesterSepInf_computed_residual_budget_mono	6632
NumStability.sylvester_practical_abs_error_bound_of_pos_le_sylvesterSepInf_computed_residual_budget_mono_scalar	NumStability.Algorithms.Sylvester.Higham16	NumStability.Algorithms.Sylvester.Higham16	retain_historical	theorem	public	NumStability.sylvester_practical_abs_error_bound_of_pos_le_sylvesterSepInf_computed_residual_budget_mono_scalar	6659
NumStability.sylvester_practical_abs_error_bound_of_pos_le_sylvesterSepInf_computed_residual_certificate	NumStability.Algorithms.Sylvester.Higham16	NumStability.Algorithms.Sylvester.Higham16	retain_historical	theorem	public	NumStability.sylvester_practical_abs_error_bound_of_pos_le_sylvesterSepInf_computed_residual_certificate	6368
NumStability.sylvester_practical_abs_error_bound_of_pos_le_sylvesterSepInf_computed_residual_certificate_mono	NumStability.Algorithms.Sylvester.Higham16	NumStability.Algorithms.Sylvester.Higham16	retain_historical	theorem	public	NumStability.sylvester_practical_abs_error_bound_of_pos_le_sylvesterSepInf_computed_residual_certificate_mono	6410
NumStability.sylvester_practical_abs_error_bound_of_pos_le_sylvesterSepInf_computed_residual_certificate_mono_scalar	NumStability.Algorithms.Sylvester.Higham16	NumStability.Algorithms.Sylvester.Higham16	retain_historical	theorem	public	NumStability.sylvester_practical_abs_error_bound_of_pos_le_sylvesterSepInf_computed_residual_certificate_mono_scalar	6435
NumStability.sylvester_practical_abs_error_bound_of_pos_le_sylvesterSepInf_computed_residual_certificate_scalar	NumStability.Algorithms.Sylvester.Higham16	NumStability.Algorithms.Sylvester.Higham16	retain_historical	theorem	public	NumStability.sylvester_practical_abs_error_bound_of_pos_le_sylvesterSepInf_computed_residual_certificate_scalar	6388
NumStability.sylvester_practical_abs_error_bound_of_pos_le_sylvesterSepInf_computed_residual_error_model_mono	NumStability.Algorithms.Sylvester.Higham16	NumStability.Algorithms.Sylvester.Higham16	retain_historical	theorem	public	NumStability.sylvester_practical_abs_error_bound_of_pos_le_sylvesterSepInf_computed_residual_error_model_mono	6804
NumStability.sylvester_practical_abs_error_bound_of_pos_le_sylvesterSepInf_computed_residual_error_model_mono_scalar	NumStability.Algorithms.Sylvester.Higham16	NumStability.Algorithms.Sylvester.Higham16	retain_historical	theorem	public	NumStability.sylvester_practical_abs_error_bound_of_pos_le_sylvesterSepInf_computed_residual_error_model_mono_scalar	6832
NumStability.sylvester_practical_abs_error_bound_of_schur_transform_residual_bound	NumStability.Algorithms.Sylvester.Higham16	NumStability.Algorithms.Sylvester.Higham16	retain_historical	theorem	public	NumStability.sylvester_practical_abs_error_bound_of_schur_transform_residual_bound	4291
NumStability.sylvester_practical_abs_error_bound_of_schur_transform_residual_bound_scalar	NumStability.Algorithms.Sylvester.Higham16	NumStability.Algorithms.Sylvester.Higham16	retain_historical	theorem	public	NumStability.sylvester_practical_abs_error_bound_of_schur_transform_residual_bound_scalar	4324
NumStability.sylvester_practical_abs_error_bound_of_sepLowerBound_computed_residual_budget_mono	NumStability.Algorithms.Sylvester.Higham16	NumStability.Algorithms.Sylvester.Higham16	retain_historical	theorem	public	NumStability.sylvester_practical_abs_error_bound_of_sepLowerBound_computed_residual_budget_mono	6104
NumStability.sylvester_practical_abs_error_bound_of_sepLowerBound_computed_residual_budget_mono_scalar	NumStability.Algorithms.Sylvester.Higham16	NumStability.Algorithms.Sylvester.Higham16	retain_historical	theorem	public	NumStability.sylvester_practical_abs_error_bound_of_sepLowerBound_computed_residual_budget_mono_scalar	6129
NumStability.sylvester_practical_abs_error_bound_of_sepLowerBound_computed_residual_certificate	NumStability.Algorithms.Sylvester.Higham16	NumStability.Algorithms.Sylvester.Higham16	retain_historical	theorem	public	NumStability.sylvester_practical_abs_error_bound_of_sepLowerBound_computed_residual_certificate	5853
NumStability.sylvester_practical_abs_error_bound_of_sepLowerBound_computed_residual_certificate_mono	NumStability.Algorithms.Sylvester.Higham16	NumStability.Algorithms.Sylvester.Higham16	retain_historical	theorem	public	NumStability.sylvester_practical_abs_error_bound_of_sepLowerBound_computed_residual_certificate_mono	5894
NumStability.sylvester_practical_abs_error_bound_of_sepLowerBound_computed_residual_certificate_mono_scalar	NumStability.Algorithms.Sylvester.Higham16	NumStability.Algorithms.Sylvester.Higham16	retain_historical	theorem	public	NumStability.sylvester_practical_abs_error_bound_of_sepLowerBound_computed_residual_certificate_mono_scalar	5917
NumStability.sylvester_practical_abs_error_bound_of_sepLowerBound_computed_residual_certificate_scalar	NumStability.Algorithms.Sylvester.Higham16	NumStability.Algorithms.Sylvester.Higham16	retain_historical	theorem	public	NumStability.sylvester_practical_abs_error_bound_of_sepLowerBound_computed_residual_certificate_scalar	5873
NumStability.sylvester_practical_abs_error_bound_of_sepLowerBound_computed_residual_error_model_mono	NumStability.Algorithms.Sylvester.Higham16	NumStability.Algorithms.Sylvester.Higham16	retain_historical	theorem	public	NumStability.sylvester_practical_abs_error_bound_of_sepLowerBound_computed_residual_error_model_mono	6268
NumStability.sylvester_practical_abs_error_bound_of_sepLowerBound_computed_residual_error_model_mono_scalar	NumStability.Algorithms.Sylvester.Higham16	NumStability.Algorithms.Sylvester.Higham16	retain_historical	theorem	public	NumStability.sylvester_practical_abs_error_bound_of_sepLowerBound_computed_residual_error_model_mono_scalar	6294
NumStability.sylvester_practical_abs_error_bound_of_vecCoeff_det_ne_zero_computed_residual_budget_mono	NumStability.Algorithms.Sylvester.Higham16	NumStability.Algorithms.MatrixEquations.Sylvester.Conditioning.PracticalErrorBounds	move_reusable	theorem	public	NumStability.sylvester_practical_abs_error_bound_of_vecCoeff_det_ne_zero_computed_residual_budget_mono	2156
NumStability.sylvester_practical_abs_error_bound_of_vecCoeff_det_ne_zero_computed_residual_budget_mono_scalar	NumStability.Algorithms.Sylvester.Higham16	NumStability.Algorithms.MatrixEquations.Sylvester.Conditioning.PracticalErrorBounds	move_reusable	theorem	public	NumStability.sylvester_practical_abs_error_bound_of_vecCoeff_det_ne_zero_computed_residual_budget_mono_scalar	2180
NumStability.sylvester_practical_abs_error_bound_of_vecCoeff_det_ne_zero_computed_residual_certificate	NumStability.Algorithms.Sylvester.Higham16	NumStability.Algorithms.MatrixEquations.Sylvester.Conditioning.PracticalErrorBounds	move_reusable	theorem	public	NumStability.sylvester_practical_abs_error_bound_of_vecCoeff_det_ne_zero_computed_residual_certificate	2045
NumStability.sylvester_practical_abs_error_bound_of_vecCoeff_det_ne_zero_computed_residual_certificate_mono	NumStability.Algorithms.Sylvester.Higham16	NumStability.Algorithms.MatrixEquations.Sylvester.Conditioning.PracticalErrorBounds	move_reusable	theorem	public	NumStability.sylvester_practical_abs_error_bound_of_vecCoeff_det_ne_zero_computed_residual_certificate_mono	2096
NumStability.sylvester_practical_abs_error_bound_of_vecCoeff_det_ne_zero_computed_residual_certificate_mono_scalar	NumStability.Algorithms.Sylvester.Higham16	NumStability.Algorithms.MatrixEquations.Sylvester.Conditioning.PracticalErrorBounds	move_reusable	theorem	public	NumStability.sylvester_practical_abs_error_bound_of_vecCoeff_det_ne_zero_computed_residual_certificate_mono_scalar	2126
NumStability.sylvester_practical_abs_error_bound_of_vecCoeff_det_ne_zero_computed_residual_certificate_rect	NumStability.Algorithms.Sylvester.Higham16	NumStability.Algorithms.MatrixEquations.Sylvester.Conditioning.PracticalErrorBounds	move_reusable	theorem	public	NumStability.sylvester_practical_abs_error_bound_of_vecCoeff_det_ne_zero_computed_residual_certificate_rect	1939
NumStability.sylvester_practical_abs_error_bound_of_vecCoeff_det_ne_zero_computed_residual_certificate_scalar	NumStability.Algorithms.Sylvester.Higham16	NumStability.Algorithms.MatrixEquations.Sylvester.Conditioning.PracticalErrorBounds	move_reusable	theorem	public	NumStability.sylvester_practical_abs_error_bound_of_vecCoeff_det_ne_zero_computed_residual_certificate_scalar	2070
NumStability.sylvester_practical_abs_error_bound_of_vecCoeff_det_ne_zero_computed_residual_error_model_mono	NumStability.Algorithms.Sylvester.Higham16	NumStability.Algorithms.MatrixEquations.Sylvester.Conditioning.PracticalErrorBounds	move_reusable	theorem	public	NumStability.sylvester_practical_abs_error_bound_of_vecCoeff_det_ne_zero_computed_residual_error_model_mono	2207
NumStability.sylvester_practical_abs_error_bound_of_vecCoeff_det_ne_zero_computed_residual_error_model_mono_scalar	NumStability.Algorithms.Sylvester.Higham16	NumStability.Algorithms.MatrixEquations.Sylvester.Conditioning.PracticalErrorBounds	move_reusable	theorem	public	NumStability.sylvester_practical_abs_error_bound_of_vecCoeff_det_ne_zero_computed_residual_error_model_mono_scalar	2235
NumStability.sylvester_practical_abs_error_bound_of_vecCoeff_det_ne_zero_computed_residual_frobenius_error_model	NumStability.Algorithms.Sylvester.Higham16	NumStability.Algorithms.MatrixEquations.Sylvester.Conditioning.PracticalErrorBounds	move_reusable	theorem	public	NumStability.sylvester_practical_abs_error_bound_of_vecCoeff_det_ne_zero_computed_residual_frobenius_error_model	2633
NumStability.sylvester_practical_abs_error_bound_of_vecCoeff_det_ne_zero_computed_residual_frobenius_error_model_mono	NumStability.Algorithms.Sylvester.Higham16	NumStability.Algorithms.MatrixEquations.Sylvester.Conditioning.PracticalErrorBounds	move_reusable	theorem	public	NumStability.sylvester_practical_abs_error_bound_of_vecCoeff_det_ne_zero_computed_residual_frobenius_error_model_mono	2681
NumStability.sylvester_practical_abs_error_bound_of_vecCoeff_det_ne_zero_computed_residual_frobenius_error_model_mono_scalar	NumStability.Algorithms.Sylvester.Higham16	NumStability.Algorithms.MatrixEquations.Sylvester.Conditioning.PracticalErrorBounds	move_reusable	theorem	public	NumStability.sylvester_practical_abs_error_bound_of_vecCoeff_det_ne_zero_computed_residual_frobenius_error_model_mono_scalar	2710
NumStability.sylvester_practical_abs_error_bound_of_vecCoeff_det_ne_zero_computed_residual_frobenius_error_model_scalar	NumStability.Algorithms.Sylvester.Higham16	NumStability.Algorithms.MatrixEquations.Sylvester.Conditioning.PracticalErrorBounds	move_reusable	theorem	public	NumStability.sylvester_practical_abs_error_bound_of_vecCoeff_det_ne_zero_computed_residual_frobenius_error_model_scalar	2657
NumStability.sylvester_practical_error_bound_of_componentwise_budget	NumStability.Algorithms.Sylvester.Higham16	NumStability.Algorithms.MatrixEquations.Sylvester.Conditioning.PracticalErrorBounds	move_reusable	theorem	public	NumStability.sylvester_practical_error_bound_of_componentwise_budget	505
NumStability.sylvester_practical_error_bound_of_computed_residual_budget	NumStability.Algorithms.Sylvester.Higham16	NumStability.Algorithms.MatrixEquations.Sylvester.Conditioning.PracticalErrorBounds	move_reusable	theorem	public	NumStability.sylvester_practical_error_bound_of_computed_residual_budget	753
NumStability.sylvester_practical_error_bound_of_computed_residual_budget_mono	NumStability.Algorithms.Sylvester.Higham16	NumStability.Algorithms.MatrixEquations.Sylvester.Conditioning.PracticalErrorBounds	move_reusable	theorem	public	NumStability.sylvester_practical_error_bound_of_computed_residual_budget_mono	1376
NumStability.sylvester_practical_error_bound_of_computed_residual_budget_mono_scalar	NumStability.Algorithms.Sylvester.Higham16	NumStability.Algorithms.MatrixEquations.Sylvester.Conditioning.PracticalErrorBounds	move_reusable	theorem	public	NumStability.sylvester_practical_error_bound_of_computed_residual_budget_mono_scalar	1432
NumStability.sylvester_practical_error_bound_of_computed_residual_budget_scalar	NumStability.Algorithms.Sylvester.Higham16	NumStability.Algorithms.MatrixEquations.Sylvester.Conditioning.PracticalErrorBounds	move_reusable	theorem	public	NumStability.sylvester_practical_error_bound_of_computed_residual_budget_scalar	1405
NumStability.sylvester_practical_error_bound_of_computed_residual_certificate	NumStability.Algorithms.Sylvester.Higham16	NumStability.Algorithms.MatrixEquations.Sylvester.Conditioning.PracticalErrorBounds	move_reusable	theorem	public	NumStability.sylvester_practical_error_bound_of_computed_residual_certificate	784
NumStability.sylvester_practical_error_bound_of_computed_residual_certificate_mono	NumStability.Algorithms.Sylvester.Higham16	NumStability.Algorithms.MatrixEquations.Sylvester.Conditioning.PracticalErrorBounds	move_reusable	theorem	public	NumStability.sylvester_practical_error_bound_of_computed_residual_certificate_mono	1250
NumStability.sylvester_practical_error_bound_of_computed_residual_certificate_mono_scalar	NumStability.Algorithms.Sylvester.Higham16	NumStability.Algorithms.MatrixEquations.Sylvester.Conditioning.PracticalErrorBounds	move_reusable	theorem	public	NumStability.sylvester_practical_error_bound_of_computed_residual_certificate_mono_scalar	1330
NumStability.sylvester_practical_error_bound_of_computed_residual_certificate_scalar	NumStability.Algorithms.Sylvester.Higham16	NumStability.Algorithms.MatrixEquations.Sylvester.Conditioning.PracticalErrorBounds	move_reusable	theorem	public	NumStability.sylvester_practical_error_bound_of_computed_residual_certificate_scalar	1294
NumStability.sylvester_practical_error_bound_of_computed_residual_error_model	NumStability.Algorithms.Sylvester.Higham16	NumStability.Algorithms.MatrixEquations.Sylvester.Conditioning.PracticalErrorBounds	move_reusable	theorem	public	NumStability.sylvester_practical_error_bound_of_computed_residual_error_model	1463
NumStability.sylvester_practical_error_bound_of_computed_residual_error_model_mono	NumStability.Algorithms.Sylvester.Higham16	NumStability.Algorithms.MatrixEquations.Sylvester.Conditioning.PracticalErrorBounds	move_reusable	theorem	public	NumStability.sylvester_practical_error_bound_of_computed_residual_error_model_mono	1491
NumStability.sylvester_practical_error_bound_of_computed_residual_error_model_mono_scalar	NumStability.Algorithms.Sylvester.Higham16	NumStability.Algorithms.MatrixEquations.Sylvester.Conditioning.PracticalErrorBounds	move_reusable	theorem	public	NumStability.sylvester_practical_error_bound_of_computed_residual_error_model_mono_scalar	1553
NumStability.sylvester_practical_error_bound_of_computed_residual_error_model_scalar	NumStability.Algorithms.Sylvester.Higham16	NumStability.Algorithms.MatrixEquations.Sylvester.Conditioning.PracticalErrorBounds	move_reusable	theorem	public	NumStability.sylvester_practical_error_bound_of_computed_residual_error_model_scalar	1523
NumStability.sylvester_practical_error_bound_of_computed_residual_frobenius_error_model	NumStability.Algorithms.Sylvester.Higham16	NumStability.Algorithms.MatrixEquations.Sylvester.Conditioning.PracticalErrorBounds	move_reusable	theorem	public	NumStability.sylvester_practical_error_bound_of_computed_residual_frobenius_error_model	1218
NumStability.sylvester_practical_error_bound_of_diagonal_computed_residual_budget	NumStability.Algorithms.Sylvester.Higham16	NumStability.Algorithms.MatrixEquations.Sylvester.Conditioning.PracticalErrorBounds	move_reusable	theorem	public	NumStability.sylvester_practical_error_bound_of_diagonal_computed_residual_budget	3432
NumStability.sylvester_practical_error_bound_of_diagonal_computed_residual_budget_mono	NumStability.Algorithms.Sylvester.Higham16	NumStability.Algorithms.MatrixEquations.Sylvester.Conditioning.PracticalErrorBounds	move_reusable	theorem	public	NumStability.sylvester_practical_error_bound_of_diagonal_computed_residual_budget_mono	3457
NumStability.sylvester_practical_error_bound_of_diagonal_computed_residual_budget_mono_scalar	NumStability.Algorithms.Sylvester.Higham16	NumStability.Algorithms.MatrixEquations.Sylvester.Conditioning.PracticalErrorBounds	move_reusable	theorem	public	NumStability.sylvester_practical_error_bound_of_diagonal_computed_residual_budget_mono_scalar	3511
NumStability.sylvester_practical_error_bound_of_diagonal_computed_residual_budget_scalar	NumStability.Algorithms.Sylvester.Higham16	NumStability.Algorithms.MatrixEquations.Sylvester.Conditioning.PracticalErrorBounds	move_reusable	theorem	public	NumStability.sylvester_practical_error_bound_of_diagonal_computed_residual_budget_scalar	3486
NumStability.sylvester_practical_error_bound_of_diagonal_computed_residual_certificate	NumStability.Algorithms.Sylvester.Higham16	NumStability.Algorithms.MatrixEquations.Sylvester.Conditioning.PracticalErrorBounds	move_reusable	theorem	public	NumStability.sylvester_practical_error_bound_of_diagonal_computed_residual_certificate	3296
NumStability.sylvester_practical_error_bound_of_diagonal_computed_residual_certificate_mono	NumStability.Algorithms.Sylvester.Higham16	NumStability.Algorithms.MatrixEquations.Sylvester.Conditioning.PracticalErrorBounds	move_reusable	theorem	public	NumStability.sylvester_practical_error_bound_of_diagonal_computed_residual_certificate_mono	3326
NumStability.sylvester_practical_error_bound_of_diagonal_computed_residual_certificate_mono_scalar	NumStability.Algorithms.Sylvester.Higham16	NumStability.Algorithms.MatrixEquations.Sylvester.Conditioning.PracticalErrorBounds	move_reusable	theorem	public	NumStability.sylvester_practical_error_bound_of_diagonal_computed_residual_certificate_mono_scalar	3393
NumStability.sylvester_practical_error_bound_of_diagonal_computed_residual_certificate_scalar	NumStability.Algorithms.Sylvester.Higham16	NumStability.Algorithms.MatrixEquations.Sylvester.Conditioning.PracticalErrorBounds	move_reusable	theorem	public	NumStability.sylvester_practical_error_bound_of_diagonal_computed_residual_certificate_scalar	3363
NumStability.sylvester_practical_error_bound_of_diagonal_computed_residual_error_model	NumStability.Algorithms.Sylvester.Higham16	NumStability.Algorithms.MatrixEquations.Sylvester.Conditioning.PracticalErrorBounds	move_reusable	theorem	public	NumStability.sylvester_practical_error_bound_of_diagonal_computed_residual_error_model	3542
NumStability.sylvester_practical_error_bound_of_diagonal_computed_residual_error_model_mono	NumStability.Algorithms.Sylvester.Higham16	NumStability.Algorithms.MatrixEquations.Sylvester.Conditioning.PracticalErrorBounds	move_reusable	theorem	public	NumStability.sylvester_practical_error_bound_of_diagonal_computed_residual_error_model_mono	3573
NumStability.sylvester_practical_error_bound_of_diagonal_computed_residual_error_model_mono_scalar	NumStability.Algorithms.Sylvester.Higham16	NumStability.Algorithms.MatrixEquations.Sylvester.Conditioning.PracticalErrorBounds	move_reusable	theorem	public	NumStability.sylvester_practical_error_bound_of_diagonal_computed_residual_error_model_mono_scalar	3640
NumStability.sylvester_practical_error_bound_of_diagonal_computed_residual_error_model_scalar	NumStability.Algorithms.Sylvester.Higham16	NumStability.Algorithms.MatrixEquations.Sylvester.Conditioning.PracticalErrorBounds	move_reusable	theorem	public	NumStability.sylvester_practical_error_bound_of_diagonal_computed_residual_error_model_scalar	3610
NumStability.sylvester_practical_error_bound_of_inverse_residual_budget	NumStability.Algorithms.Sylvester.Higham16	NumStability.Algorithms.MatrixEquations.Sylvester.Conditioning.PracticalErrorBounds	move_reusable	theorem	public	NumStability.sylvester_practical_error_bound_of_inverse_residual_budget	577
NumStability.sylvester_practical_error_bound_of_pos_le_sylvesterSepInf_computed_residual_budget	NumStability.Algorithms.Sylvester.Higham16	NumStability.Algorithms.Sylvester.Higham16	retain_historical	theorem	public	NumStability.sylvester_practical_error_bound_of_pos_le_sylvesterSepInf_computed_residual_budget	6520
NumStability.sylvester_practical_error_bound_of_pos_le_sylvesterSepInf_computed_residual_budget_mono	NumStability.Algorithms.Sylvester.Higham16	NumStability.Algorithms.Sylvester.Higham16	retain_historical	theorem	public	NumStability.sylvester_practical_error_bound_of_pos_le_sylvesterSepInf_computed_residual_budget_mono	6544
NumStability.sylvester_practical_error_bound_of_pos_le_sylvesterSepInf_computed_residual_budget_mono_scalar	NumStability.Algorithms.Sylvester.Higham16	NumStability.Algorithms.Sylvester.Higham16	retain_historical	theorem	public	NumStability.sylvester_practical_error_bound_of_pos_le_sylvesterSepInf_computed_residual_budget_mono_scalar	6600
NumStability.sylvester_practical_error_bound_of_pos_le_sylvesterSepInf_computed_residual_budget_scalar	NumStability.Algorithms.Sylvester.Higham16	NumStability.Algorithms.Sylvester.Higham16	retain_historical	theorem	public	NumStability.sylvester_practical_error_bound_of_pos_le_sylvesterSepInf_computed_residual_budget_scalar	6574
NumStability.sylvester_practical_error_bound_of_pos_le_sylvesterSepInf_computed_residual_certificate	NumStability.Algorithms.Sylvester.Higham16	NumStability.Algorithms.Sylvester.Higham16	retain_historical	theorem	public	NumStability.sylvester_practical_error_bound_of_pos_le_sylvesterSepInf_computed_residual_certificate	6322
NumStability.sylvester_practical_error_bound_of_pos_le_sylvesterSepInf_computed_residual_certificate_mono	NumStability.Algorithms.Sylvester.Higham16	NumStability.Algorithms.Sylvester.Higham16	retain_historical	theorem	public	NumStability.sylvester_practical_error_bound_of_pos_le_sylvesterSepInf_computed_residual_certificate_mono	6462
NumStability.sylvester_practical_error_bound_of_pos_le_sylvesterSepInf_computed_residual_certificate_mono_scalar	NumStability.Algorithms.Sylvester.Higham16	NumStability.Algorithms.Sylvester.Higham16	retain_historical	theorem	public	NumStability.sylvester_practical_error_bound_of_pos_le_sylvesterSepInf_computed_residual_certificate_mono_scalar	6490
NumStability.sylvester_practical_error_bound_of_pos_le_sylvesterSepInf_computed_residual_certificate_scalar	NumStability.Algorithms.Sylvester.Higham16	NumStability.Algorithms.Sylvester.Higham16	retain_historical	theorem	public	NumStability.sylvester_practical_error_bound_of_pos_le_sylvesterSepInf_computed_residual_certificate_scalar	6344
NumStability.sylvester_practical_error_bound_of_pos_le_sylvesterSepInf_computed_residual_error_model	NumStability.Algorithms.Sylvester.Higham16	NumStability.Algorithms.Sylvester.Higham16	retain_historical	theorem	public	NumStability.sylvester_practical_error_bound_of_pos_le_sylvesterSepInf_computed_residual_error_model	6688
NumStability.sylvester_practical_error_bound_of_pos_le_sylvesterSepInf_computed_residual_error_model_mono	NumStability.Algorithms.Sylvester.Higham16	NumStability.Algorithms.Sylvester.Higham16	retain_historical	theorem	public	NumStability.sylvester_practical_error_bound_of_pos_le_sylvesterSepInf_computed_residual_error_model_mono	6740
NumStability.sylvester_practical_error_bound_of_pos_le_sylvesterSepInf_computed_residual_error_model_mono_scalar	NumStability.Algorithms.Sylvester.Higham16	NumStability.Algorithms.Sylvester.Higham16	retain_historical	theorem	public	NumStability.sylvester_practical_error_bound_of_pos_le_sylvesterSepInf_computed_residual_error_model_mono_scalar	6771
NumStability.sylvester_practical_error_bound_of_pos_le_sylvesterSepInf_computed_residual_error_model_scalar	NumStability.Algorithms.Sylvester.Higham16	NumStability.Algorithms.Sylvester.Higham16	retain_historical	theorem	public	NumStability.sylvester_practical_error_bound_of_pos_le_sylvesterSepInf_computed_residual_error_model_scalar	6713
NumStability.sylvester_practical_error_bound_of_schurDiagonal_computed_residual_budget	NumStability.Algorithms.Sylvester.Higham16	NumStability.Algorithms.Sylvester.Higham16	retain_historical	theorem	public	NumStability.sylvester_practical_error_bound_of_schurDiagonal_computed_residual_budget	4873
NumStability.sylvester_practical_error_bound_of_schurDiagonal_computed_residual_budget_mono	NumStability.Algorithms.Sylvester.Higham16	NumStability.Algorithms.Sylvester.Higham16	retain_historical	theorem	public	NumStability.sylvester_practical_error_bound_of_schurDiagonal_computed_residual_budget_mono	4902
NumStability.sylvester_practical_error_bound_of_schurDiagonal_computed_residual_budget_mono_scalar	NumStability.Algorithms.Sylvester.Higham16	NumStability.Algorithms.Sylvester.Higham16	retain_historical	theorem	public	NumStability.sylvester_practical_error_bound_of_schurDiagonal_computed_residual_budget_mono_scalar	4965
NumStability.sylvester_practical_error_bound_of_schurDiagonal_computed_residual_budget_scalar	NumStability.Algorithms.Sylvester.Higham16	NumStability.Algorithms.Sylvester.Higham16	retain_historical	theorem	public	NumStability.sylvester_practical_error_bound_of_schurDiagonal_computed_residual_budget_scalar	4936
NumStability.sylvester_practical_error_bound_of_schurDiagonal_computed_residual_certificate	NumStability.Algorithms.Sylvester.Higham16	NumStability.Algorithms.Sylvester.Higham16	retain_historical	theorem	public	NumStability.sylvester_practical_error_bound_of_schurDiagonal_computed_residual_certificate	4716
NumStability.sylvester_practical_error_bound_of_schurDiagonal_computed_residual_certificate_mono	NumStability.Algorithms.Sylvester.Higham16	NumStability.Algorithms.Sylvester.Higham16	retain_historical	theorem	public	NumStability.sylvester_practical_error_bound_of_schurDiagonal_computed_residual_certificate_mono	4752
NumStability.sylvester_practical_error_bound_of_schurDiagonal_computed_residual_certificate_mono_scalar	NumStability.Algorithms.Sylvester.Higham16	NumStability.Algorithms.Sylvester.Higham16	retain_historical	theorem	public	NumStability.sylvester_practical_error_bound_of_schurDiagonal_computed_residual_certificate_mono_scalar	4829
NumStability.sylvester_practical_error_bound_of_schurDiagonal_computed_residual_certificate_scalar	NumStability.Algorithms.Sylvester.Higham16	NumStability.Algorithms.Sylvester.Higham16	retain_historical	theorem	public	NumStability.sylvester_practical_error_bound_of_schurDiagonal_computed_residual_certificate_scalar	4794
NumStability.sylvester_practical_error_bound_of_schurDiagonal_computed_residual_error_model	NumStability.Algorithms.Sylvester.Higham16	NumStability.Algorithms.Sylvester.Higham16	retain_historical	theorem	public	NumStability.sylvester_practical_error_bound_of_schurDiagonal_computed_residual_error_model	5001
NumStability.sylvester_practical_error_bound_of_schurDiagonal_computed_residual_error_model_mono	NumStability.Algorithms.Sylvester.Higham16	NumStability.Algorithms.Sylvester.Higham16	retain_historical	theorem	public	NumStability.sylvester_practical_error_bound_of_schurDiagonal_computed_residual_error_model_mono	5034
NumStability.sylvester_practical_error_bound_of_schurDiagonal_computed_residual_error_model_mono_scalar	NumStability.Algorithms.Sylvester.Higham16	NumStability.Algorithms.Sylvester.Higham16	retain_historical	theorem	public	NumStability.sylvester_practical_error_bound_of_schurDiagonal_computed_residual_error_model_mono_scalar	5105
NumStability.sylvester_practical_error_bound_of_schurDiagonal_computed_residual_error_model_scalar	NumStability.Algorithms.Sylvester.Higham16	NumStability.Algorithms.Sylvester.Higham16	retain_historical	theorem	public	NumStability.sylvester_practical_error_bound_of_schurDiagonal_computed_residual_error_model_scalar	5073
NumStability.sylvester_practical_error_bound_of_schurDiagonal_entrywise_ne_computed_residual_budget	NumStability.Algorithms.Sylvester.Higham16	NumStability.Algorithms.Sylvester.Higham16	retain_historical	theorem	public	NumStability.sylvester_practical_error_bound_of_schurDiagonal_entrywise_ne_computed_residual_budget	5170
NumStability.sylvester_practical_error_bound_of_schurDiagonal_entrywise_ne_computed_residual_frobenius_error_model	NumStability.Algorithms.Sylvester.Higham16	NumStability.Algorithms.Sylvester.Higham16	retain_historical	theorem	public	NumStability.sylvester_practical_error_bound_of_schurDiagonal_entrywise_ne_computed_residual_frobenius_error_model	5203
NumStability.sylvester_practical_error_bound_of_schur_frobenius_error_model	NumStability.Algorithms.Sylvester.Higham16	NumStability.Algorithms.Sylvester.Higham16	retain_historical	theorem	public	NumStability.sylvester_practical_error_bound_of_schur_frobenius_error_model	4247
NumStability.sylvester_practical_error_bound_of_schur_transform_residual_bound	NumStability.Algorithms.Sylvester.Higham16	NumStability.Algorithms.Sylvester.Higham16	retain_historical	theorem	public	NumStability.sylvester_practical_error_bound_of_schur_transform_residual_bound	4075
NumStability.sylvester_practical_error_bound_of_schur_transform_residual_bound_mono	NumStability.Algorithms.Sylvester.Higham16	NumStability.Algorithms.Sylvester.Higham16	retain_historical	theorem	public	NumStability.sylvester_practical_error_bound_of_schur_transform_residual_bound_mono	4158
NumStability.sylvester_practical_error_bound_of_schur_transform_residual_bound_mono_scalar	NumStability.Algorithms.Sylvester.Higham16	NumStability.Algorithms.Sylvester.Higham16	retain_historical	theorem	public	NumStability.sylvester_practical_error_bound_of_schur_transform_residual_bound_mono_scalar	4202
NumStability.sylvester_practical_error_bound_of_schur_transform_residual_bound_scalar	NumStability.Algorithms.Sylvester.Higham16	NumStability.Algorithms.Sylvester.Higham16	retain_historical	theorem	public	NumStability.sylvester_practical_error_bound_of_schur_transform_residual_bound_scalar	4115
NumStability.sylvester_practical_error_bound_of_sepLowerBound_computed_residual_budget	NumStability.Algorithms.Sylvester.Higham16	NumStability.Algorithms.Sylvester.Higham16	retain_historical	theorem	public	NumStability.sylvester_practical_error_bound_of_sepLowerBound_computed_residual_budget	5997
NumStability.sylvester_practical_error_bound_of_sepLowerBound_computed_residual_budget_mono	NumStability.Algorithms.Sylvester.Higham16	NumStability.Algorithms.Sylvester.Higham16	retain_historical	theorem	public	NumStability.sylvester_practical_error_bound_of_sepLowerBound_computed_residual_budget_mono	6020
NumStability.sylvester_practical_error_bound_of_sepLowerBound_computed_residual_budget_mono_scalar	NumStability.Algorithms.Sylvester.Higham16	NumStability.Algorithms.Sylvester.Higham16	retain_historical	theorem	public	NumStability.sylvester_practical_error_bound_of_sepLowerBound_computed_residual_budget_mono_scalar	6073
NumStability.sylvester_practical_error_bound_of_sepLowerBound_computed_residual_budget_scalar	NumStability.Algorithms.Sylvester.Higham16	NumStability.Algorithms.Sylvester.Higham16	retain_historical	theorem	public	NumStability.sylvester_practical_error_bound_of_sepLowerBound_computed_residual_budget_scalar	6048
NumStability.sylvester_practical_error_bound_of_sepLowerBound_computed_residual_certificate	NumStability.Algorithms.Sylvester.Higham16	NumStability.Algorithms.Sylvester.Higham16	retain_historical	theorem	public	NumStability.sylvester_practical_error_bound_of_sepLowerBound_computed_residual_certificate	5806
NumStability.sylvester_practical_error_bound_of_sepLowerBound_computed_residual_certificate_mono	NumStability.Algorithms.Sylvester.Higham16	NumStability.Algorithms.Sylvester.Higham16	retain_historical	theorem	public	NumStability.sylvester_practical_error_bound_of_sepLowerBound_computed_residual_certificate_mono	5942
NumStability.sylvester_practical_error_bound_of_sepLowerBound_computed_residual_certificate_mono_scalar	NumStability.Algorithms.Sylvester.Higham16	NumStability.Algorithms.Sylvester.Higham16	retain_historical	theorem	public	NumStability.sylvester_practical_error_bound_of_sepLowerBound_computed_residual_certificate_mono_scalar	5969
NumStability.sylvester_practical_error_bound_of_sepLowerBound_computed_residual_certificate_scalar	NumStability.Algorithms.Sylvester.Higham16	NumStability.Algorithms.Sylvester.Higham16	retain_historical	theorem	public	NumStability.sylvester_practical_error_bound_of_sepLowerBound_computed_residual_certificate_scalar	5829
NumStability.sylvester_practical_error_bound_of_sepLowerBound_computed_residual_error_model	NumStability.Algorithms.Sylvester.Higham16	NumStability.Algorithms.Sylvester.Higham16	retain_historical	theorem	public	NumStability.sylvester_practical_error_bound_of_sepLowerBound_computed_residual_error_model	6156
NumStability.sylvester_practical_error_bound_of_sepLowerBound_computed_residual_error_model_mono	NumStability.Algorithms.Sylvester.Higham16	NumStability.Algorithms.Sylvester.Higham16	retain_historical	theorem	public	NumStability.sylvester_practical_error_bound_of_sepLowerBound_computed_residual_error_model_mono	6207
NumStability.sylvester_practical_error_bound_of_sepLowerBound_computed_residual_error_model_mono_scalar	NumStability.Algorithms.Sylvester.Higham16	NumStability.Algorithms.Sylvester.Higham16	retain_historical	theorem	public	NumStability.sylvester_practical_error_bound_of_sepLowerBound_computed_residual_error_model_mono_scalar	6236
NumStability.sylvester_practical_error_bound_of_sepLowerBound_computed_residual_error_model_scalar	NumStability.Algorithms.Sylvester.Higham16	NumStability.Algorithms.Sylvester.Higham16	retain_historical	theorem	public	NumStability.sylvester_practical_error_bound_of_sepLowerBound_computed_residual_error_model_scalar	6180
NumStability.sylvester_practical_error_bound_of_vecCoeff_det_ne_zero_computed_residual_budget	NumStability.Algorithms.Sylvester.Higham16	NumStability.Algorithms.MatrixEquations.Sylvester.Conditioning.PracticalErrorBounds	move_reusable	theorem	public	NumStability.sylvester_practical_error_bound_of_vecCoeff_det_ne_zero_computed_residual_budget	2363
NumStability.sylvester_practical_error_bound_of_vecCoeff_det_ne_zero_computed_residual_budget_mono	NumStability.Algorithms.Sylvester.Higham16	NumStability.Algorithms.MatrixEquations.Sylvester.Conditioning.PracticalErrorBounds	move_reusable	theorem	public	NumStability.sylvester_practical_error_bound_of_vecCoeff_det_ne_zero_computed_residual_budget_mono	2386
NumStability.sylvester_practical_error_bound_of_vecCoeff_det_ne_zero_computed_residual_budget_mono_scalar	NumStability.Algorithms.Sylvester.Higham16	NumStability.Algorithms.MatrixEquations.Sylvester.Conditioning.PracticalErrorBounds	move_reusable	theorem	public	NumStability.sylvester_practical_error_bound_of_vecCoeff_det_ne_zero_computed_residual_budget_mono_scalar	2440
NumStability.sylvester_practical_error_bound_of_vecCoeff_det_ne_zero_computed_residual_budget_rect	NumStability.Algorithms.Sylvester.Higham16	NumStability.Algorithms.MatrixEquations.Sylvester.Conditioning.PracticalErrorBounds	move_reusable	theorem	public	NumStability.sylvester_practical_error_bound_of_vecCoeff_det_ne_zero_computed_residual_budget_rect	1964
NumStability.sylvester_practical_error_bound_of_vecCoeff_det_ne_zero_computed_residual_budget_scalar	NumStability.Algorithms.Sylvester.Higham16	NumStability.Algorithms.MatrixEquations.Sylvester.Conditioning.PracticalErrorBounds	move_reusable	theorem	public	NumStability.sylvester_practical_error_bound_of_vecCoeff_det_ne_zero_computed_residual_budget_scalar	2416
NumStability.sylvester_practical_error_bound_of_vecCoeff_det_ne_zero_computed_residual_certificate	NumStability.Algorithms.Sylvester.Higham16	NumStability.Algorithms.MatrixEquations.Sylvester.Conditioning.PracticalErrorBounds	move_reusable	theorem	public	NumStability.sylvester_practical_error_bound_of_vecCoeff_det_ne_zero_computed_residual_certificate	2016
NumStability.sylvester_practical_error_bound_of_vecCoeff_det_ne_zero_computed_residual_certificate_mono	NumStability.Algorithms.Sylvester.Higham16	NumStability.Algorithms.MatrixEquations.Sylvester.Conditioning.PracticalErrorBounds	move_reusable	theorem	public	NumStability.sylvester_practical_error_bound_of_vecCoeff_det_ne_zero_computed_residual_certificate_mono	2294
NumStability.sylvester_practical_error_bound_of_vecCoeff_det_ne_zero_computed_residual_certificate_mono_scalar	NumStability.Algorithms.Sylvester.Higham16	NumStability.Algorithms.MatrixEquations.Sylvester.Conditioning.PracticalErrorBounds	move_reusable	theorem	public	NumStability.sylvester_practical_error_bound_of_vecCoeff_det_ne_zero_computed_residual_certificate_mono_scalar	2328
NumStability.sylvester_practical_error_bound_of_vecCoeff_det_ne_zero_computed_residual_certificate_rect	NumStability.Algorithms.Sylvester.Higham16	NumStability.Algorithms.MatrixEquations.Sylvester.Conditioning.PracticalErrorBounds	move_reusable	theorem	public	NumStability.sylvester_practical_error_bound_of_vecCoeff_det_ne_zero_computed_residual_certificate_rect	1910
NumStability.sylvester_practical_error_bound_of_vecCoeff_det_ne_zero_computed_residual_certificate_scalar	NumStability.Algorithms.Sylvester.Higham16	NumStability.Algorithms.MatrixEquations.Sylvester.Conditioning.PracticalErrorBounds	move_reusable	theorem	public	NumStability.sylvester_practical_error_bound_of_vecCoeff_det_ne_zero_computed_residual_certificate_scalar	2265
NumStability.sylvester_practical_error_bound_of_vecCoeff_det_ne_zero_computed_residual_error_model	NumStability.Algorithms.Sylvester.Higham16	NumStability.Algorithms.MatrixEquations.Sylvester.Conditioning.PracticalErrorBounds	move_reusable	theorem	public	NumStability.sylvester_practical_error_bound_of_vecCoeff_det_ne_zero_computed_residual_error_model	2471
NumStability.sylvester_practical_error_bound_of_vecCoeff_det_ne_zero_computed_residual_error_model_mono	NumStability.Algorithms.Sylvester.Higham16	NumStability.Algorithms.MatrixEquations.Sylvester.Conditioning.PracticalErrorBounds	move_reusable	theorem	public	NumStability.sylvester_practical_error_bound_of_vecCoeff_det_ne_zero_computed_residual_error_model_mono	2532
NumStability.sylvester_practical_error_bound_of_vecCoeff_det_ne_zero_computed_residual_error_model_mono_scalar	NumStability.Algorithms.Sylvester.Higham16	NumStability.Algorithms.MatrixEquations.Sylvester.Conditioning.PracticalErrorBounds	move_reusable	theorem	public	NumStability.sylvester_practical_error_bound_of_vecCoeff_det_ne_zero_computed_residual_error_model_mono_scalar	2568
NumStability.sylvester_practical_error_bound_of_vecCoeff_det_ne_zero_computed_residual_error_model_rect	NumStability.Algorithms.Sylvester.Higham16	NumStability.Algorithms.MatrixEquations.Sylvester.Conditioning.PracticalErrorBounds	move_reusable	theorem	public	NumStability.sylvester_practical_error_bound_of_vecCoeff_det_ne_zero_computed_residual_error_model_rect	1986
NumStability.sylvester_practical_error_bound_of_vecCoeff_det_ne_zero_computed_residual_error_model_scalar	NumStability.Algorithms.Sylvester.Higham16	NumStability.Algorithms.MatrixEquations.Sylvester.Conditioning.PracticalErrorBounds	move_reusable	theorem	public	NumStability.sylvester_practical_error_bound_of_vecCoeff_det_ne_zero_computed_residual_error_model_scalar	2502
NumStability.sylvester_practical_error_bound_of_vecCoeff_det_ne_zero_computed_residual_frobenius_error_model	NumStability.Algorithms.Sylvester.Higham16	NumStability.Algorithms.MatrixEquations.Sylvester.Conditioning.PracticalErrorBounds	move_reusable	theorem	public	NumStability.sylvester_practical_error_bound_of_vecCoeff_det_ne_zero_computed_residual_frobenius_error_model	2605
NumStability.sylvester_practical_error_bound_of_vecCoeff_det_ne_zero_computed_residual_frobenius_error_model_mono	NumStability.Algorithms.Sylvester.Higham16	NumStability.Algorithms.MatrixEquations.Sylvester.Conditioning.PracticalErrorBounds	move_reusable	theorem	public	NumStability.sylvester_practical_error_bound_of_vecCoeff_det_ne_zero_computed_residual_frobenius_error_model_mono	2770
NumStability.sylvester_practical_error_bound_of_vecCoeff_det_ne_zero_computed_residual_frobenius_error_model_mono_scalar	NumStability.Algorithms.Sylvester.Higham16	NumStability.Algorithms.MatrixEquations.Sylvester.Conditioning.PracticalErrorBounds	move_reusable	theorem	public	NumStability.sylvester_practical_error_bound_of_vecCoeff_det_ne_zero_computed_residual_frobenius_error_model_mono_scalar	2804
NumStability.sylvester_practical_error_bound_of_vecCoeff_det_ne_zero_computed_residual_frobenius_error_model_scalar	NumStability.Algorithms.Sylvester.Higham16	NumStability.Algorithms.MatrixEquations.Sylvester.Conditioning.PracticalErrorBounds	move_reusable	theorem	public	NumStability.sylvester_practical_error_bound_of_vecCoeff_det_ne_zero_computed_residual_frobenius_error_model_scalar	2741
NumStability.sylvester_relative_aposteriori_bound	NumStability.Algorithms.Sylvester.Higham16	NumStability.Algorithms.MatrixEquations.Sylvester.Perturbation.SeparationBounds	move_reusable	theorem	public	NumStability.sylvester_relative_aposteriori_bound	7613
NumStability.sylvester_relative_aposteriori_bound_diagonal_of_entrywise_abs_ge	NumStability.Algorithms.Sylvester.Higham16	NumStability.Algorithms.MatrixEquations.Sylvester.Perturbation.SeparationBounds	move_reusable	theorem	public	NumStability.sylvester_relative_aposteriori_bound_diagonal_of_entrywise_abs_ge	7841
NumStability.sylvester_relative_aposteriori_bound_diagonal_of_entrywise_abs_ge_total	NumStability.Algorithms.Sylvester.Higham16	NumStability.Algorithms.MatrixEquations.Sylvester.Perturbation.SeparationBounds	move_reusable	theorem	public	NumStability.sylvester_relative_aposteriori_bound_diagonal_of_entrywise_abs_ge_total	7894
NumStability.sylvester_relative_aposteriori_bound_of_pos_le_sylvesterSepInf	NumStability.Algorithms.Sylvester.Higham16	NumStability.Algorithms.MatrixEquations.Sylvester.Perturbation.SeparationBounds	move_reusable	theorem	public	NumStability.sylvester_relative_aposteriori_bound_of_pos_le_sylvesterSepInf	7675
NumStability.sylvester_relative_aposteriori_bound_of_pos_le_sylvesterSepInf_total	NumStability.Algorithms.Sylvester.Higham16	NumStability.Algorithms.MatrixEquations.Sylvester.Perturbation.SeparationBounds	move_reusable	theorem	public	NumStability.sylvester_relative_aposteriori_bound_of_pos_le_sylvesterSepInf_total	7779
NumStability.sylvester_relative_aposteriori_bound_of_sepLowerBound	NumStability.Algorithms.Sylvester.Higham16	NumStability.Algorithms.MatrixEquations.Sylvester.Perturbation.SeparationBounds	move_reusable	theorem	public	NumStability.sylvester_relative_aposteriori_bound_of_sepLowerBound	7643
NumStability.sylvester_relative_aposteriori_bound_of_sepLowerBound_total	NumStability.Algorithms.Sylvester.Higham16	NumStability.Algorithms.MatrixEquations.Sylvester.Perturbation.SeparationBounds	move_reusable	theorem	public	NumStability.sylvester_relative_aposteriori_bound_of_sepLowerBound_total	7743
NumStability.sylvester_relative_first_order_bound_diagonal	NumStability.Algorithms.Sylvester.Higham16Psi	NumStability.Source.Higham.Chapter16.Section03.PerturbationAndConditioning.Equation24	move_source	theorem	public	NumStability.sylvester_relative_first_order_bound_diagonal	788
NumStability.sylvester_relative_first_order_bound_of_pos_le_sylvesterSepInf	NumStability.Algorithms.Sylvester.Higham16Psi	NumStability.Source.Higham.Chapter16.Section03.PerturbationAndConditioning.Equation24	move_source	theorem	public	NumStability.sylvester_relative_first_order_bound_of_pos_le_sylvesterSepInf	580
NumStability.sylvester_relative_first_order_bound_of_psi	NumStability.Algorithms.Sylvester.SylvesterPerturbation	NumStability.Algorithms.MatrixEquations.Sylvester.Conditioning.FirstOrder	move_reusable	theorem	public	NumStability.sylvester_relative_first_order_bound_of_psi	147
NumStability.sylvester_relative_first_order_bound_of_sepLowerBound	NumStability.Algorithms.Sylvester.Higham16Psi	NumStability.Source.Higham.Chapter16.Section03.PerturbationAndConditioning.Equation24	move_source	theorem	public	NumStability.sylvester_relative_first_order_bound_of_sepLowerBound	555
NumStability.sylvester_relative_perturbation	NumStability.Algorithms.Sylvester.SylvesterPerturbation	NumStability.Algorithms.MatrixEquations.Sylvester.Perturbation.Basic	move_reusable	theorem	public	NumStability.sylvester_relative_perturbation	473
NumStability.sylvester_relative_perturbation_diagonal_of_entrywise_abs_ge	NumStability.Algorithms.Sylvester.Higham16	NumStability.Algorithms.MatrixEquations.Sylvester.Perturbation.SeparationBounds	move_reusable	theorem	public	NumStability.sylvester_relative_perturbation_diagonal_of_entrywise_abs_ge	7502
NumStability.sylvester_relative_perturbation_diagonal_of_entrywise_abs_ge_total	NumStability.Algorithms.Sylvester.Higham16	NumStability.Algorithms.MatrixEquations.Sylvester.Perturbation.SeparationBounds	move_reusable	theorem	public	NumStability.sylvester_relative_perturbation_diagonal_of_entrywise_abs_ge_total	7557
NumStability.sylvester_relative_perturbation_of_pos_le_sylvesterSepInf	NumStability.Algorithms.Sylvester.Higham16	NumStability.Algorithms.MatrixEquations.Sylvester.Perturbation.SeparationBounds	move_reusable	theorem	public	NumStability.sylvester_relative_perturbation_of_pos_le_sylvesterSepInf	7400
NumStability.sylvester_relative_perturbation_of_pos_le_sylvesterSepInf_total	NumStability.Algorithms.Sylvester.Higham16	NumStability.Algorithms.MatrixEquations.Sylvester.Perturbation.SeparationBounds	move_reusable	theorem	public	NumStability.sylvester_relative_perturbation_of_pos_le_sylvesterSepInf_total	7450
NumStability.sylvester_relative_perturbation_of_sepLowerBound	NumStability.Algorithms.Sylvester.Higham16	NumStability.Algorithms.MatrixEquations.Sylvester.Perturbation.SeparationBounds	move_reusable	theorem	public	NumStability.sylvester_relative_perturbation_of_sepLowerBound	7283
NumStability.sylvester_relative_perturbation_of_sepLowerBound_total	NumStability.Algorithms.Sylvester.Higham16	NumStability.Algorithms.MatrixEquations.Sylvester.Perturbation.SeparationBounds	move_reusable	theorem	public	NumStability.sylvester_relative_perturbation_of_sepLowerBound_total	7343
NumStability.sylvester_schur_transform_identity	NumStability.Algorithms.Sylvester.Higham16	NumStability.Algorithms.Sylvester.Higham16	retain_historical	theorem	public	NumStability.sylvester_schur_transform_identity	3710
NumStability.sylvester_schur_transform_solution_iff	NumStability.Algorithms.Sylvester.Higham16	NumStability.Algorithms.Sylvester.Higham16	retain_historical	theorem	public	NumStability.sylvester_schur_transform_solution_iff	4395
NumStability.sylvester_vec_error_eq_inverse_residual_of_left_inverse	NumStability.Algorithms.Sylvester.Higham16	NumStability.Algorithms.MatrixEquations.Sylvester.Conditioning.PracticalErrorBounds	move_reusable	theorem	public	NumStability.sylvester_vec_error_eq_inverse_residual_of_left_inverse	627
NumStability.sylvester_vec_system_iff_solution	NumStability.Algorithms.Sylvester.Higham16	NumStability.Algorithms.MatrixEquations.Sylvester.Equation.Vectorization	move_reusable	theorem	public	NumStability.sylvester_vec_system_iff_solution	228
NumStability.two_mul_lyapunovXiSq_eq_simple_bound_of_symmetric	NumStability.Algorithms.Sylvester.SylvesterBackward	NumStability.Algorithms.MatrixEquations.Sylvester.BackwardError.LyapunovSpectral	move_reusable	theorem	public	NumStability.two_mul_lyapunovXiSq_eq_simple_bound_of_symmetric	2379
NumStability.vecNorm2_le_inv_sigmaMin_mul_matMulVec	NumStability.Analysis.InverseOpNorm2	NumStability.Analysis.SingularValues.InverseBounds.OperatorTwo	move_reusable	theorem	public	NumStability.vecNorm2_le_inv_sigmaMin_mul_matMulVec	218
NumStability.vecTransposePermutation	NumStability.Algorithms.Sylvester.Higham16	NumStability.Algorithms.MatrixEquations.Sylvester.Equation.Vectorization	move_reusable	definition	public	NumStability.vecTransposePermutation	182
NumStability.vecTransposePermutation_mulVec_vec	NumStability.Algorithms.Sylvester.Higham16	NumStability.Algorithms.MatrixEquations.Sylvester.Equation.Vectorization	move_reusable	theorem	public	NumStability.vecTransposePermutation_mulVec_vec	189
NumStability.vec_left_mul_rect	NumStability.Algorithms.Sylvester.Higham16	NumStability.Algorithms.MatrixEquations.Sylvester.Equation.Vectorization	move_reusable	theorem	public	NumStability.vec_left_mul_rect	102
NumStability.vec_right_mul_rect	NumStability.Algorithms.Sylvester.Higham16	NumStability.Algorithms.MatrixEquations.Sylvester.Equation.Vectorization	move_reusable	theorem	public	NumStability.vec_right_mul_rect	113
NumStability.vec_sylvesterDiagonalSolution_eq_mulVec_inv	NumStability.Algorithms.Sylvester.Higham16	NumStability.Algorithms.MatrixEquations.Sylvester.Equation.Diagonal	move_reusable	theorem	public	NumStability.vec_sylvesterDiagonalSolution_eq_mulVec_inv	3013
NumStability.vec_triple_product_rect	NumStability.Algorithms.Sylvester.Higham16	NumStability.Algorithms.MatrixEquations.Sylvester.Equation.Vectorization	move_reusable	theorem	public	NumStability.vec_triple_product_rect	91
NumStability.xiSq	NumStability.Algorithms.Sylvester.SylvesterBackward	NumStability.Algorithms.MatrixEquations.Sylvester.BackwardError.SylvesterSVD	move_reusable	definition	public	NumStability.xiSq	60
NumStability.xiSq_amplification_bound	NumStability.Algorithms.Sylvester.SylvesterBackward	NumStability.Algorithms.MatrixEquations.Sylvester.BackwardError.SylvesterSVD	move_reusable	theorem	public	NumStability.xiSq_amplification_bound	522
NumStability.xiSq_le_mu_relative_residual_sq	NumStability.Algorithms.Sylvester.SylvesterBackward	NumStability.Algorithms.MatrixEquations.Sylvester.BackwardError.SylvesterSVD	move_reusable	theorem	public	NumStability.xiSq_le_mu_relative_residual_sq	578
NumStability.xiSq_le_three_eta_sq_of_backward_error	NumStability.Algorithms.Sylvester.SylvesterBackward	NumStability.Algorithms.MatrixEquations.Sylvester.BackwardError.SylvesterSVD	move_reusable	theorem	public	NumStability.xiSq_le_three_eta_sq_of_backward_error	836
NumStability.xiSq_le_three_eta_sq_of_original_residual	NumStability.Algorithms.Sylvester.SylvesterBackward	NumStability.Algorithms.MatrixEquations.Sylvester.BackwardError.SylvesterSVD	move_reusable	theorem	public	NumStability.xiSq_le_three_eta_sq_of_original_residual	783
NumStability.xiSq_nonneg	NumStability.Algorithms.Sylvester.SylvesterBackward	NumStability.Algorithms.MatrixEquations.Sylvester.BackwardError.SylvesterSVD	move_reusable	theorem	public	NumStability.xiSq_nonneg	68
_private.NumStability.Algorithms.Sylvester.Higham16.0.NumStability.rectMatMul_left_right_sub	NumStability.Algorithms.Sylvester.Higham16	NumStability.Algorithms.Sylvester.Higham16	retain_historical	theorem	private	_private.NumStability.Algorithms.Sylvester.Higham16.0.NumStability.rectMatMul_left_right_sub	3684
_private.NumStability.Algorithms.Sylvester.Higham16.0.NumStability.sylvesterVecCoeff_det_ne_zero_of_pos_le_sylvesterSepInf	NumStability.Algorithms.Sylvester.Higham16	NumStability.Algorithms.Sylvester.Higham16	retain_historical	theorem	private	_private.NumStability.Algorithms.Sylvester.Higham16.0.NumStability.sylvesterVecCoeff_det_ne_zero_of_pos_le_sylvesterSepInf	5797
_private.NumStability.Algorithms.Sylvester.Higham16.0.NumStability.sylvesterVecCoeff_det_ne_zero_of_sepLowerBound	NumStability.Algorithms.Sylvester.Higham16	NumStability.Algorithms.Sylvester.Higham16	retain_historical	theorem	private	_private.NumStability.Algorithms.Sylvester.Higham16.0.NumStability.sylvesterVecCoeff_det_ne_zero_of_sepLowerBound	5747
