format	1
metadata	generated_by	docs/architecture/deliveries/W05/PRIVATE_CLOSURE_PLAN.py
metadata	base_revision	b56f609f3bf66b5d7d0b677567cce82fee0c275b
metadata	projection_id	P0006
metadata	projection_sha256	6A15BC343C895BCE66A92B09EC333300CA842BEC249DDF2DC723D0832098FFB5
metadata	owner_count	10
metadata	command_count	921
metadata	private_seed_count	3
metadata	retained_command_count	138
metadata	move_candidate_count	783
metadata	closure_scope	P0006 command edges induced by the 10 physical W05 owners
metadata	coordinate_convention	lines=1-based; columns=UTF-16-code-units-0-based; end=half-open
columns	owner	module	source_path	source_blob_sha1	source_sha256	ilean_path	ilean_sha256	command_count	retained_command_count	move_candidate_count	private_seed_count
columns	command	owner_module	command_root	span_origin	start_line	start_column	end_line	end_column	decision	reason	closure_depth	witness_owner	witness_root	witness_edge_kind	witness_source_declaration	witness_target_declaration	selected_declaration_count	private_declaration_count	selected_declarations_json
owner	NumStability.Algorithms.Sylvester.Higham16	NumStability/Algorithms/Sylvester/Higham16.lean	2b9b9fec504a6afa63efab0ebbc64bf9c4d474c0	B3E3F06D6577336D654EE48F67A418AEC78A261E8D4CBAB5E1AED5000DF55AAF	.lake/build/lib/lean/NumStability/Algorithms/Sylvester/Higham16.ilean	B915CF765FDCB6918FB2C784D248888C9A0327E2502EE3A1C5AC5C38E6B5730B	461	138	323	3
owner	NumStability.Algorithms.Sylvester.Higham16Lyapunov	NumStability/Algorithms/Sylvester/Higham16Lyapunov.lean	636dffe8425b8c22dbc642e6720388c3e16d3fc2	E83F6DC2E212BD64FDA30317ACA40D39D3DD12A4BD19D7F987EB5547E9C30205	.lake/build/lib/lean/NumStability/Algorithms/Sylvester/Higham16Lyapunov.ilean	18E1E608135B4E86734F41E02EB32D723564AD1EBAD3B412768B8F3A8782F357	83	0	83	0
owner	NumStability.Algorithms.Sylvester.Higham16Psi	NumStability/Algorithms/Sylvester/Higham16Psi.lean	7d12c804f5e1719c9f5491f3d214dcf60e73e9a3	FDC119D4CA6CED33E25A159D527C89F545176864348EC94E174DBFB95A5C6E1C	.lake/build/lib/lean/NumStability/Algorithms/Sylvester/Higham16Psi.ilean	0407ADD3A120738373A9B20925E8357C7DE3F2E45EB66E0562AAB980C9A3C77F	39	0	39	0
owner	NumStability.Algorithms.Sylvester.SylvesterBackward	NumStability/Algorithms/Sylvester/SylvesterBackward.lean	9460589e40f93064ba3ba9ed37998ae957cfc2af	576F27472C6C9B16E2F98D979B5642A19C99CA4210E1069E7AE5EBC94318C0CB	.lake/build/lib/lean/NumStability/Algorithms/Sylvester/SylvesterBackward.ilean	FC442EE5704ADE4A176E581D14385E1CF41663614B5B81B98E81C81C2F5AA065	189	0	189	0
owner	NumStability.Algorithms.Sylvester.SylvesterPerturbation	NumStability/Algorithms/Sylvester/SylvesterPerturbation.lean	c879fa66a721eb2c59b113a93a45bef95339721d	FCA6C4753354AF412588CA0CD6EB0D4130D9000DB21D3D6ACF5F1B9287E07AF3	.lake/build/lib/lean/NumStability/Algorithms/Sylvester/SylvesterPerturbation.ilean	5CF013A08A285805AFA3BDD6AF9E6F19F6B886BCBE4CCC008B829B6E1DDE6998	28	0	28	0
owner	NumStability.Algorithms.Sylvester.SylvesterSpec	NumStability/Algorithms/Sylvester/SylvesterSpec.lean	1e42abe7c6adca5981ec9706c74bfbb077e3e8c9	B30E9D61EE499BB5C5F748B63C606A587EF5374FD01BEF588643FCE886361742	.lake/build/lib/lean/NumStability/Algorithms/Sylvester/SylvesterSpec.ilean	1386F7249635C286482B5DE1F80824470FD0E08FA33FB6161049FC945C27B786	20	0	20	0
owner	NumStability.Analysis.InverseOpNorm2	NumStability/Analysis/InverseOpNorm2.lean	290dc22b424f62410773c0e688d90e89b145482f	0B38B965B0FE61772D7AF8A34A3509D1E57C2F27054D0BED11B41E7E7D7BB817	.lake/build/lib/lean/NumStability/Analysis/InverseOpNorm2.ilean	8A9B30636DC0B390F1299BFDCD4B14448C07E3C5DA401BCC2807DC49FA4F3DAF	12	0	12	0
owner	NumStability.Analysis.RealInvariantSubspace	NumStability/Analysis/RealInvariantSubspace.lean	64214f37c444430f195c16c6cf0aa2ef98948da0	D1F4955DF3CB7A87699135CA4600E1C1EE3A38FBF4972BBF8741F45485213C2D	.lake/build/lib/lean/NumStability/Analysis/RealInvariantSubspace.ilean	AF7910418AB235BA70A64DCFD2C399679B3252C68F2E83E03B7D4951B18B14D5	24	0	24	0
owner	NumStability.Analysis.RealQuasiSchur	NumStability/Analysis/RealQuasiSchur.lean	339b118eebd7b606bc0dabcfdc37d1881f8b03aa	0345EDB45F91942E0FCA9416FF8BD6CB7CD4E4C87871D6D030550B7326BC4790	.lake/build/lib/lean/NumStability/Analysis/RealQuasiSchur.ilean	231A91DBD1F8ACC12D1D201A4994FEAD1F460C433736EB4C20484305534DE006	49	0	49	0
owner	NumStability.Analysis.SchurTriangulation	NumStability/Analysis/SchurTriangulation.lean	8b84dbf5b34c7514b80136aea5d4edfbe1db84d7	A42214A3E214A0DA9B0568FFDC4E839514E93197714523B1AAE7932C24F8D2AA	.lake/build/lib/lean/NumStability/Analysis/SchurTriangulation.ilean	C526ED5D308BE3F79F8F687E1F4A56C37FFC743025352797CDD361D62B76D541	16	0	16	0
command	NumStability.Algorithms.Sylvester.Higham16	NumStability.matMulRect_square_eq_matMul	ilean	20	0	24	5	move_candidate	closure_free							1	0	"[""NumStability.matMulRect_square_eq_matMul""]"
command	NumStability.Algorithms.Sylvester.Higham16	NumStability.sylvesterOpRect	ilean	26	0	30	64	move_candidate	closure_free							1	0	"[""NumStability.sylvesterOpRect""]"
command	NumStability.Algorithms.Sylvester.Higham16	NumStability.sylvesterOpRect_square_eq_sylvesterOp	ilean	32	0	37	5	move_candidate	closure_free							1	0	"[""NumStability.sylvesterOpRect_square_eq_sylvesterOp""]"
command	NumStability.Algorithms.Sylvester.Higham16	NumStability.H16_eq16_1_matMulRect_square_eq_matMul	source_alias	41	0	41	75	move_candidate	closure_free							1	0	"[""NumStability.H16_eq16_1_matMulRect_square_eq_matMul""]"
command	NumStability.Algorithms.Sylvester.Higham16	NumStability.H16_eq16_1_sylvesterOpRect_square_eq_sylvesterOp	source_alias	46	0	47	39	move_candidate	closure_free							1	0	"[""NumStability.H16_eq16_1_sylvesterOpRect_square_eq_sylvesterOp""]"
command	NumStability.Algorithms.Sylvester.Higham16	NumStability.IsSylvesterSolutionRect	ilean	49	0	53	51	move_candidate	closure_free							1	0	"[""NumStability.IsSylvesterSolutionRect""]"
command	NumStability.Algorithms.Sylvester.Higham16	NumStability.sylvesterResidualRect	ilean	55	0	59	53	move_candidate	closure_free							1	0	"[""NumStability.sylvesterResidualRect""]"
command	NumStability.Algorithms.Sylvester.Higham16	NumStability.sylvesterResidualRect_eq	ilean	61	0	70	6	move_candidate	closure_free							1	0	"[""NumStability.sylvesterResidualRect_eq""]"
command	NumStability.Algorithms.Sylvester.Higham16	NumStability.H16_eq16_9_sylvesterResidualRect_eq	source_alias	74	0	74	69	move_candidate	closure_free							1	0	"[""NumStability.H16_eq16_9_sylvesterResidualRect_eq""]"
command	NumStability.Algorithms.Sylvester.Higham16	NumStability.sylvesterVecCoeff	ilean	80	0	89	75	move_candidate	closure_free							1	0	"[""NumStability.sylvesterVecCoeff""]"
command	NumStability.Algorithms.Sylvester.Higham16	NumStability.vec_triple_product_rect	ilean	91	0	100	63	move_candidate	closure_free							1	0	"[""NumStability.vec_triple_product_rect""]"
command	NumStability.Algorithms.Sylvester.Higham16	NumStability.vec_left_mul_rect	ilean	102	0	111	61	move_candidate	closure_free							1	0	"[""NumStability.vec_left_mul_rect""]"
command	NumStability.Algorithms.Sylvester.Higham16	NumStability.vec_right_mul_rect	ilean	113	0	125	34	move_candidate	closure_free							1	0	"[""NumStability.vec_right_mul_rect""]"
command	NumStability.Algorithms.Sylvester.Higham16	NumStability.H16_eq16_2_vec_triple_product_rect	source_alias	129	0	129	67	move_candidate	closure_free							1	0	"[""NumStability.H16_eq16_2_vec_triple_product_rect""]"
command	NumStability.Algorithms.Sylvester.Higham16	NumStability.H16_eq16_2_vec_left_mul_rect	source_alias	133	0	133	55	move_candidate	closure_free							1	0	"[""NumStability.H16_eq16_2_vec_left_mul_rect""]"
command	NumStability.Algorithms.Sylvester.Higham16	NumStability.H16_eq16_2_vec_right_mul_rect	source_alias	137	0	137	57	move_candidate	closure_free							1	0	"[""NumStability.H16_eq16_2_vec_right_mul_rect""]"
command	NumStability.Algorithms.Sylvester.Higham16	NumStability.lyapunovVecCoeff	ilean	139	0	146	56	move_candidate	closure_free							1	0	"[""NumStability.lyapunovVecCoeff""]"
command	NumStability.Algorithms.Sylvester.Higham16	NumStability.lyapunovVecCoeff_mulVec_vec	ilean	148	0	164	19	move_candidate	closure_free							1	0	"[""NumStability.lyapunovVecCoeff_mulVec_vec""]"
command	NumStability.Algorithms.Sylvester.Higham16	NumStability.lyapunov_perturbation_first_order_vec	ilean	166	0	180	22	move_candidate	closure_free							1	0	"[""NumStability.lyapunov_perturbation_first_order_vec""]"
command	NumStability.Algorithms.Sylvester.Higham16	NumStability.vecTransposePermutation	ilean	182	0	187	44	move_candidate	closure_free							1	0	"[""NumStability.vecTransposePermutation""]"
command	NumStability.Algorithms.Sylvester.Higham16	NumStability.vecTransposePermutation_mulVec_vec	ilean	189	0	196	71	move_candidate	closure_free							1	0	"[""NumStability.vecTransposePermutation_mulVec_vec""]"
command	NumStability.Algorithms.Sylvester.Higham16	NumStability.H16_eq16_27_lyapunovVecCoeff_mulVec_vec	source_alias	200	0	201	29	move_candidate	closure_free							1	0	"[""NumStability.H16_eq16_27_lyapunovVecCoeff_mulVec_vec""]"
command	NumStability.Algorithms.Sylvester.Higham16	NumStability.H16_eq16_27_lyapunov_perturbation_first_order_vec	source_alias	206	0	207	39	move_candidate	closure_free							1	0	"[""NumStability.H16_eq16_27_lyapunov_perturbation_first_order_vec""]"
command	NumStability.Algorithms.Sylvester.Higham16	NumStability.H16_eq16_27_vecTransposePermutation_mulVec_vec	source_alias	211	0	212	36	move_candidate	closure_free							1	0	"[""NumStability.H16_eq16_27_vecTransposePermutation_mulVec_vec""]"
command	NumStability.Algorithms.Sylvester.Higham16	NumStability.sylvesterVecCoeff_mulVec_vec	ilean	214	0	226	66	move_candidate	closure_free							1	0	"[""NumStability.sylvesterVecCoeff_mulVec_vec""]"
command	NumStability.Algorithms.Sylvester.Higham16	NumStability.sylvester_vec_system_iff_solution	ilean	228	0	245	19	move_candidate	closure_free							1	0	"[""NumStability.sylvester_vec_system_iff_solution""]"
command	NumStability.Algorithms.Sylvester.Higham16	NumStability.H16_eq16_2_sylvesterVecCoeff_mulVec_vec	source_alias	250	0	250	77	move_candidate	closure_free							1	0	"[""NumStability.H16_eq16_2_sylvesterVecCoeff_mulVec_vec""]"
command	NumStability.Algorithms.Sylvester.Higham16	NumStability.H16_eq16_2_sylvester_vec_system_iff_solution	source_alias	255	0	255	87	move_candidate	closure_free							1	0	"[""NumStability.H16_eq16_2_sylvester_vec_system_iff_solution""]"
command	NumStability.Algorithms.Sylvester.Higham16	NumStability.sylvester_perturbation_equation_vec	ilean	257	0	275	31	move_candidate	closure_free							1	0	"[""NumStability.sylvester_perturbation_equation_vec""]"
command	NumStability.Algorithms.Sylvester.Higham16	NumStability.sylvester_perturbation_first_order_vec	ilean	277	0	290	71	move_candidate	closure_free							1	0	"[""NumStability.sylvester_perturbation_first_order_vec""]"
command	NumStability.Algorithms.Sylvester.Higham16	NumStability.H16_eq16_22_sylvester_perturbation_equation_vec	source_alias	294	0	295	37	move_candidate	closure_free							1	0	"[""NumStability.H16_eq16_22_sylvester_perturbation_equation_vec""]"
command	NumStability.Algorithms.Sylvester.Higham16	NumStability.H16_eq16_22_sylvester_perturbation_first_order_vec	source_alias	300	0	301	40	move_candidate	closure_free							1	0	"[""NumStability.H16_eq16_22_sylvester_perturbation_first_order_vec""]"
command	NumStability.Algorithms.Sylvester.Higham16	NumStability.sylvesterVecMaxNorm	ilean	307	0	312	8	move_candidate	closure_free							1	0	"[""NumStability.sylvesterVecMaxNorm""]"
command	NumStability.Algorithms.Sylvester.Higham16	NumStability.sylvesterMaxEntryNormRect	ilean	314	0	319	40	move_candidate	closure_free							1	0	"[""NumStability.sylvesterMaxEntryNormRect""]"
command	NumStability.Algorithms.Sylvester.Higham16	NumStability.sylvesterVecMaxNorm_nonneg	ilean	321	0	325	21	move_candidate	closure_free							1	0	"[""NumStability.sylvesterVecMaxNorm_nonneg""]"
command	NumStability.Algorithms.Sylvester.Higham16	NumStability.abs_le_sylvesterVecMaxNorm	ilean	327	0	331	52	move_candidate	closure_free							1	0	"[""NumStability.abs_le_sylvesterVecMaxNorm""]"
command	NumStability.Algorithms.Sylvester.Higham16	NumStability.sylvesterVecMaxNorm_le_of_abs_le	ilean	333	0	340	36	move_candidate	closure_free							1	0	"[""NumStability.sylvesterVecMaxNorm_le_of_abs_le""]"
command	NumStability.Algorithms.Sylvester.Higham16	NumStability.sylvesterPracticalBudgetVec	ilean	342	0	353	59	move_candidate	closure_free							1	0	"[""NumStability.sylvesterPracticalBudgetVec""]"
command	NumStability.Algorithms.Sylvester.Higham16	NumStability.sylvesterPracticalBudgetVec_nonneg	ilean	355	0	367	50	move_candidate	closure_free							1	0	"[""NumStability.sylvesterPracticalBudgetVec_nonneg""]"
command	NumStability.Algorithms.Sylvester.Higham16	NumStability.sylvesterVecMaxNorm_mono_of_nonneg	ilean	369	0	384	56	move_candidate	closure_free							1	0	"[""NumStability.sylvesterVecMaxNorm_mono_of_nonneg""]"
command	NumStability.Algorithms.Sylvester.Higham16	NumStability.sylvesterPracticalBudgetVec_mono	ilean	386	0	415	71	move_candidate	closure_free							1	0	"[""NumStability.sylvesterPracticalBudgetVec_mono""]"
command	NumStability.Algorithms.Sylvester.Higham16	NumStability.sylvesterPracticalBudgetVec_maxNorm_mono	ilean	417	0	437	22	move_candidate	closure_free							1	0	"[""NumStability.sylvesterPracticalBudgetVec_maxNorm_mono""]"
command	NumStability.Algorithms.Sylvester.Higham16	NumStability.sylvesterPracticalBudgetVec_maxNorm_le_of_componentwise_le	ilean	439	0	460	14	move_candidate	closure_free							1	0	"[""NumStability.sylvesterPracticalBudgetVec_maxNorm_le_of_componentwise_le""]"
command	NumStability.Algorithms.Sylvester.Higham16	NumStability.sylvesterVecCoeffNonsingInvAbs	ilean	462	0	470	50	move_candidate	closure_free							1	0	"[""NumStability.sylvesterVecCoeffNonsingInvAbs""]"
command	NumStability.Algorithms.Sylvester.Higham16	NumStability.sylvesterVecCoeffNonsingInv_abs_le_invAbs	ilean	472	0	481	5	move_candidate	closure_free							1	0	"[""NumStability.sylvesterVecCoeffNonsingInv_abs_le_invAbs""]"
command	NumStability.Algorithms.Sylvester.Higham16	NumStability.sylvester_practical_abs_error_bound_of_componentwise_budget	ilean	483	0	503	47	move_candidate	closure_free							1	0	"[""NumStability.sylvester_practical_abs_error_bound_of_componentwise_budget""]"
command	NumStability.Algorithms.Sylvester.Higham16	NumStability.sylvester_practical_error_bound_of_componentwise_budget	ilean	505	0	522	57	move_candidate	closure_free							1	0	"[""NumStability.sylvester_practical_error_bound_of_componentwise_budget""]"
command	NumStability.Algorithms.Sylvester.Higham16	NumStability.sylvester_practical_abs_error_bound_of_inverse_residual_budget	ilean	524	0	575	15	move_candidate	closure_free							1	0	"[""NumStability.sylvester_practical_abs_error_bound_of_inverse_residual_budget""]"
command	NumStability.Algorithms.Sylvester.Higham16	NumStability.sylvester_practical_error_bound_of_inverse_residual_budget	ilean	577	0	604	57	move_candidate	closure_free							1	0	"[""NumStability.sylvester_practical_error_bound_of_inverse_residual_budget""]"
command	NumStability.Algorithms.Sylvester.Higham16	NumStability.sylvesterResidualRect_eq_sylvesterOpRect_error	ilean	606	0	619	6	move_candidate	closure_free							1	0	"[""NumStability.sylvesterResidualRect_eq_sylvesterOpRect_error""]"
command	NumStability.Algorithms.Sylvester.Higham16	NumStability.H16_eq16_29_sylvesterResidualRect_eq_sylvesterOpRect_error	source_alias	624	0	625	48	move_candidate	closure_free							1	0	"[""NumStability.H16_eq16_29_sylvesterResidualRect_eq_sylvesterOpRect_error""]"
command	NumStability.Algorithms.Sylvester.Higham16	NumStability.sylvester_vec_error_eq_inverse_residual_of_left_inverse	ilean	627	0	660	19	move_candidate	closure_free							1	0	"[""NumStability.sylvester_vec_error_eq_inverse_residual_of_left_inverse""]"
command	NumStability.Algorithms.Sylvester.Higham16	NumStability.H16_eq16_29_sylvester_vec_error_eq_inverse_residual_of_left_inverse	source_alias	664	0	665	57	move_candidate	closure_free							1	0	"[""NumStability.H16_eq16_29_sylvester_vec_error_eq_inverse_residual_of_left_inverse""]"
command	NumStability.Algorithms.Sylvester.Higham16	NumStability.sylvester_exact_residual_vec_abs_le_computed_residual_budget	ilean	667	0	688	25	move_candidate	closure_free							1	0	"[""NumStability.sylvester_exact_residual_vec_abs_le_computed_residual_budget""]"
command	NumStability.Algorithms.Sylvester.Higham16	NumStability.IsSylvesterComputedResidualBudget	ilean	690	0	698	69	move_candidate	closure_free							1	0	"[""NumStability.IsSylvesterComputedResidualBudget""]"
command	NumStability.Algorithms.Sylvester.Higham16	NumStability.sylvesterComputedResidualBudget_of_error_model	ilean	700	0	721	17	move_candidate	closure_free							1	0	"[""NumStability.sylvesterComputedResidualBudget_of_error_model""]"
command	NumStability.Algorithms.Sylvester.Higham16	NumStability.H16_eq16_29_sylvesterComputedResidualBudget_of_error_model	source_alias	726	0	727	48	move_candidate	closure_free							1	0	"[""NumStability.H16_eq16_29_sylvesterComputedResidualBudget_of_error_model""]"
command	NumStability.Algorithms.Sylvester.Higham16	NumStability.sylvesterComputedResidualBudget_of_frobenius_error_model	ilean	729	0	745	59	move_candidate	closure_free							1	0	"[""NumStability.sylvesterComputedResidualBudget_of_frobenius_error_model""]"
command	NumStability.Algorithms.Sylvester.Higham16	NumStability.H16_eq16_29_sylvesterComputedResidualBudget_of_frobenius_error_model	source_alias	750	0	751	58	move_candidate	closure_free							1	0	"[""NumStability.H16_eq16_29_sylvesterComputedResidualBudget_of_frobenius_error_model""]"
command	NumStability.Algorithms.Sylvester.Higham16	NumStability.sylvester_practical_error_bound_of_computed_residual_budget	ilean	753	0	782	11	move_candidate	closure_free							1	0	"[""NumStability.sylvester_practical_error_bound_of_computed_residual_budget""]"
command	NumStability.Algorithms.Sylvester.Higham16	NumStability.sylvester_practical_error_bound_of_computed_residual_certificate	ilean	784	0	803	31	move_candidate	closure_free							1	0	"[""NumStability.sylvester_practical_error_bound_of_computed_residual_certificate""]"
command	NumStability.Algorithms.Sylvester.Higham16	NumStability.sylvester_practical_abs_error_bound_of_computed_residual_certificate	ilean	805	0	829	69	move_candidate	closure_free							1	0	"[""NumStability.sylvester_practical_abs_error_bound_of_computed_residual_certificate""]"
command	NumStability.Algorithms.Sylvester.Higham16	NumStability.sylvester_practical_abs_error_bound_of_computed_residual_certificate_scalar	ilean	831	0	863	28	move_candidate	closure_free							1	0	"[""NumStability.sylvester_practical_abs_error_bound_of_computed_residual_certificate_scalar""]"
command	NumStability.Algorithms.Sylvester.Higham16	NumStability.sylvester_practical_abs_error_bound_of_computed_residual_budget	ilean	865	0	885	27	move_candidate	closure_free							1	0	"[""NumStability.sylvester_practical_abs_error_bound_of_computed_residual_budget""]"
command	NumStability.Algorithms.Sylvester.Higham16	NumStability.sylvester_practical_abs_error_bound_of_computed_residual_budget_scalar	ilean	887	0	909	43	move_candidate	closure_free							1	0	"[""NumStability.sylvester_practical_abs_error_bound_of_computed_residual_budget_scalar""]"
command	NumStability.Algorithms.Sylvester.Higham16	NumStability.sylvester_practical_abs_error_bound_of_computed_residual_error_model	ilean	911	0	933	22	move_candidate	closure_free							1	0	"[""NumStability.sylvester_practical_abs_error_bound_of_computed_residual_error_model""]"
command	NumStability.Algorithms.Sylvester.Higham16	NumStability.sylvester_practical_abs_error_bound_of_computed_residual_error_model_scalar	ilean	935	0	960	21	move_candidate	closure_free							1	0	"[""NumStability.sylvester_practical_abs_error_bound_of_computed_residual_error_model_scalar""]"
command	NumStability.Algorithms.Sylvester.Higham16	NumStability.sylvester_practical_abs_error_bound_of_computed_residual_frobenius_error_model	ilean	962	0	987	46	move_candidate	closure_free							1	0	"[""NumStability.sylvester_practical_abs_error_bound_of_computed_residual_frobenius_error_model""]"
command	NumStability.Algorithms.Sylvester.Higham16	NumStability.sylvester_practical_abs_error_bound_of_computed_residual_frobenius_error_model_scalar	ilean	989	0	1014	21	move_candidate	closure_free							1	0	"[""NumStability.sylvester_practical_abs_error_bound_of_computed_residual_frobenius_error_model_scalar""]"
command	NumStability.Algorithms.Sylvester.Higham16	NumStability.sylvester_practical_abs_error_bound_of_computed_residual_certificate_mono	ilean	1016	0	1053	25	move_candidate	closure_free							1	0	"[""NumStability.sylvester_practical_abs_error_bound_of_computed_residual_certificate_mono""]"
command	NumStability.Algorithms.Sylvester.Higham16	NumStability.sylvester_practical_abs_error_bound_of_computed_residual_certificate_mono_scalar	ilean	1055	0	1098	28	move_candidate	closure_free							1	0	"[""NumStability.sylvester_practical_abs_error_bound_of_computed_residual_certificate_mono_scalar""]"
command	NumStability.Algorithms.Sylvester.Higham16	NumStability.sylvester_practical_abs_error_bound_of_computed_residual_budget_mono	ilean	1100	0	1125	21	move_candidate	closure_free							1	0	"[""NumStability.sylvester_practical_abs_error_bound_of_computed_residual_budget_mono""]"
command	NumStability.Algorithms.Sylvester.Higham16	NumStability.sylvester_practical_abs_error_bound_of_computed_residual_budget_mono_scalar	ilean	1127	0	1154	37	move_candidate	closure_free							1	0	"[""NumStability.sylvester_practical_abs_error_bound_of_computed_residual_budget_mono_scalar""]"
command	NumStability.Algorithms.Sylvester.Higham16	NumStability.sylvester_practical_abs_error_bound_of_computed_residual_error_model_mono	ilean	1156	0	1184	21	move_candidate	closure_free							1	0	"[""NumStability.sylvester_practical_abs_error_bound_of_computed_residual_error_model_mono""]"
command	NumStability.Algorithms.Sylvester.Higham16	NumStability.sylvester_practical_abs_error_bound_of_computed_residual_error_model_mono_scalar	ilean	1186	0	1216	37	move_candidate	closure_free							1	0	"[""NumStability.sylvester_practical_abs_error_bound_of_computed_residual_error_model_mono_scalar""]"
command	NumStability.Algorithms.Sylvester.Higham16	NumStability.sylvester_practical_error_bound_of_computed_residual_frobenius_error_model	ilean	1218	0	1248	11	move_candidate	closure_free							1	0	"[""NumStability.sylvester_practical_error_bound_of_computed_residual_frobenius_error_model""]"
command	NumStability.Algorithms.Sylvester.Higham16	NumStability.sylvester_practical_error_bound_of_computed_residual_certificate_mono	ilean	1250	0	1292	55	move_candidate	closure_free							1	0	"[""NumStability.sylvester_practical_error_bound_of_computed_residual_certificate_mono""]"
command	NumStability.Algorithms.Sylvester.Higham16	NumStability.sylvester_practical_error_bound_of_computed_residual_certificate_scalar	ilean	1294	0	1328	55	move_candidate	closure_free							1	0	"[""NumStability.sylvester_practical_error_bound_of_computed_residual_certificate_scalar""]"
command	NumStability.Algorithms.Sylvester.Higham16	NumStability.sylvester_practical_error_bound_of_computed_residual_certificate_mono_scalar	ilean	1330	0	1374	55	move_candidate	closure_free							1	0	"[""NumStability.sylvester_practical_error_bound_of_computed_residual_certificate_mono_scalar""]"
command	NumStability.Algorithms.Sylvester.Higham16	NumStability.sylvester_practical_error_bound_of_computed_residual_budget_mono	ilean	1376	0	1403	27	move_candidate	closure_free							1	0	"[""NumStability.sylvester_practical_error_bound_of_computed_residual_budget_mono""]"
command	NumStability.Algorithms.Sylvester.Higham16	NumStability.sylvester_practical_error_bound_of_computed_residual_budget_scalar	ilean	1405	0	1430	40	move_candidate	closure_free							1	0	"[""NumStability.sylvester_practical_error_bound_of_computed_residual_budget_scalar""]"
command	NumStability.Algorithms.Sylvester.Higham16	NumStability.sylvester_practical_error_bound_of_computed_residual_budget_mono_scalar	ilean	1432	0	1461	43	move_candidate	closure_free							1	0	"[""NumStability.sylvester_practical_error_bound_of_computed_residual_budget_mono_scalar""]"
command	NumStability.Algorithms.Sylvester.Higham16	NumStability.sylvester_practical_error_bound_of_computed_residual_error_model	ilean	1463	0	1489	11	move_candidate	closure_free							1	0	"[""NumStability.sylvester_practical_error_bound_of_computed_residual_error_model""]"
command	NumStability.Algorithms.Sylvester.Higham16	NumStability.sylvester_practical_error_bound_of_computed_residual_error_model_mono	ilean	1491	0	1521	27	move_candidate	closure_free							1	0	"[""NumStability.sylvester_practical_error_bound_of_computed_residual_error_model_mono""]"
command	NumStability.Algorithms.Sylvester.Higham16	NumStability.sylvester_practical_error_bound_of_computed_residual_error_model_scalar	ilean	1523	0	1551	27	move_candidate	closure_free							1	0	"[""NumStability.sylvester_practical_error_bound_of_computed_residual_error_model_scalar""]"
command	NumStability.Algorithms.Sylvester.Higham16	NumStability.sylvester_practical_error_bound_of_computed_residual_error_model_mono_scalar	ilean	1553	0	1585	43	move_candidate	closure_free							1	0	"[""NumStability.sylvester_practical_error_bound_of_computed_residual_error_model_mono_scalar""]"
command	NumStability.Algorithms.Sylvester.Higham16	NumStability.H16_eq16_29_sylvester_practical_error_bound_of_computed_residual_certificate	ilean	1587	0	1606	71	move_candidate	closure_free							1	0	"[""NumStability.H16_eq16_29_sylvester_practical_error_bound_of_computed_residual_certificate""]"
command	NumStability.Algorithms.Sylvester.Higham16	NumStability.H16_eq16_29_sylvester_practical_error_bound_of_computed_residual_certificate_scalar	ilean	1608	0	1631	35	move_candidate	closure_free							1	0	"[""NumStability.H16_eq16_29_sylvester_practical_error_bound_of_computed_residual_certificate_scalar""]"
command	NumStability.Algorithms.Sylvester.Higham16	NumStability.H16_eq16_29_sylvester_practical_error_bound_of_computed_residual_certificate_mono	ilean	1633	0	1657	62	move_candidate	closure_free							1	0	"[""NumStability.H16_eq16_29_sylvester_practical_error_bound_of_computed_residual_certificate_mono""]"
command	NumStability.Algorithms.Sylvester.Higham16	NumStability.H16_eq16_29_sylvester_practical_error_bound_of_computed_residual_certificate_mono_scalar	ilean	1659	0	1685	78	move_candidate	closure_free							1	0	"[""NumStability.H16_eq16_29_sylvester_practical_error_bound_of_computed_residual_certificate_mono_scalar""]"
command	NumStability.Algorithms.Sylvester.Higham16	NumStability.H16_eq16_29_sylvester_practical_error_bound_of_computed_residual_budget	ilean	1687	0	1708	73	move_candidate	closure_free							1	0	"[""NumStability.H16_eq16_29_sylvester_practical_error_bound_of_computed_residual_budget""]"
command	NumStability.Algorithms.Sylvester.Higham16	NumStability.H16_eq16_29_sylvester_practical_error_bound_of_computed_residual_budget_scalar	ilean	1710	0	1735	37	move_candidate	closure_free							1	0	"[""NumStability.H16_eq16_29_sylvester_practical_error_bound_of_computed_residual_budget_scalar""]"
command	NumStability.Algorithms.Sylvester.Higham16	NumStability.H16_eq16_29_sylvester_practical_error_bound_of_computed_residual_budget_mono	ilean	1737	0	1763	67	move_candidate	closure_free							1	0	"[""NumStability.H16_eq16_29_sylvester_practical_error_bound_of_computed_residual_budget_mono""]"
command	NumStability.Algorithms.Sylvester.Higham16	NumStability.H16_eq16_29_sylvester_practical_error_bound_of_computed_residual_budget_mono_scalar	ilean	1765	0	1794	27	move_candidate	closure_free							1	0	"[""NumStability.H16_eq16_29_sylvester_practical_error_bound_of_computed_residual_budget_mono_scalar""]"
command	NumStability.Algorithms.Sylvester.Higham16	NumStability.H16_eq16_29_sylvester_practical_error_bound_of_computed_residual_error_model	ilean	1796	0	1819	25	move_candidate	closure_free							1	0	"[""NumStability.H16_eq16_29_sylvester_practical_error_bound_of_computed_residual_error_model""]"
command	NumStability.Algorithms.Sylvester.Higham16	NumStability.H16_eq16_29_sylvester_practical_error_bound_of_computed_residual_error_model_scalar	ilean	1821	0	1847	41	move_candidate	closure_free							1	0	"[""NumStability.H16_eq16_29_sylvester_practical_error_bound_of_computed_residual_error_model_scalar""]"
command	NumStability.Algorithms.Sylvester.Higham16	NumStability.H16_eq16_29_sylvester_practical_error_bound_of_computed_residual_error_model_mono	ilean	1849	0	1876	71	move_candidate	closure_free							1	0	"[""NumStability.H16_eq16_29_sylvester_practical_error_bound_of_computed_residual_error_model_mono""]"
command	NumStability.Algorithms.Sylvester.Higham16	NumStability.H16_eq16_29_sylvester_practical_error_bound_of_computed_residual_error_model_mono_scalar	ilean	1878	0	1908	27	move_candidate	closure_free							1	0	"[""NumStability.H16_eq16_29_sylvester_practical_error_bound_of_computed_residual_error_model_mono_scalar""]"
command	NumStability.Algorithms.Sylvester.Higham16	NumStability.sylvester_practical_error_bound_of_vecCoeff_det_ne_zero_computed_residual_certificate_rect	ilean	1910	0	1937	19	move_candidate	closure_free							1	0	"[""NumStability.sylvester_practical_error_bound_of_vecCoeff_det_ne_zero_computed_residual_certificate_rect""]"
command	NumStability.Algorithms.Sylvester.Higham16	NumStability.sylvester_practical_abs_error_bound_of_vecCoeff_det_ne_zero_computed_residual_certificate_rect	ilean	1939	0	1962	13	move_candidate	closure_free							1	0	"[""NumStability.sylvester_practical_abs_error_bound_of_vecCoeff_det_ne_zero_computed_residual_certificate_rect""]"
command	NumStability.Algorithms.Sylvester.Higham16	NumStability.sylvester_practical_error_bound_of_vecCoeff_det_ne_zero_computed_residual_budget_rect	ilean	1964	0	1984	66	move_candidate	closure_free							1	0	"[""NumStability.sylvester_practical_error_bound_of_vecCoeff_det_ne_zero_computed_residual_budget_rect""]"
command	NumStability.Algorithms.Sylvester.Higham16	NumStability.sylvester_practical_error_bound_of_vecCoeff_det_ne_zero_computed_residual_error_model_rect	ilean	1986	0	2014	25	move_candidate	closure_free							1	0	"[""NumStability.sylvester_practical_error_bound_of_vecCoeff_det_ne_zero_computed_residual_error_model_rect""]"
command	NumStability.Algorithms.Sylvester.Higham16	NumStability.sylvester_practical_error_bound_of_vecCoeff_det_ne_zero_computed_residual_certificate	ilean	2016	0	2043	19	move_candidate	closure_free							1	0	"[""NumStability.sylvester_practical_error_bound_of_vecCoeff_det_ne_zero_computed_residual_certificate""]"
command	NumStability.Algorithms.Sylvester.Higham16	NumStability.sylvester_practical_abs_error_bound_of_vecCoeff_det_ne_zero_computed_residual_certificate	ilean	2045	0	2068	13	move_candidate	closure_free							1	0	"[""NumStability.sylvester_practical_abs_error_bound_of_vecCoeff_det_ne_zero_computed_residual_certificate""]"
command	NumStability.Algorithms.Sylvester.Higham16	NumStability.sylvester_practical_abs_error_bound_of_vecCoeff_det_ne_zero_computed_residual_certificate_scalar	ilean	2070	0	2094	29	move_candidate	closure_free							1	0	"[""NumStability.sylvester_practical_abs_error_bound_of_vecCoeff_det_ne_zero_computed_residual_certificate_scalar""]"
command	NumStability.Algorithms.Sylvester.Higham16	NumStability.sylvester_practical_abs_error_bound_of_vecCoeff_det_ne_zero_computed_residual_certificate_mono	ilean	2096	0	2124	38	move_candidate	closure_free							1	0	"[""NumStability.sylvester_practical_abs_error_bound_of_vecCoeff_det_ne_zero_computed_residual_certificate_mono""]"
command	NumStability.Algorithms.Sylvester.Higham16	NumStability.sylvester_practical_abs_error_bound_of_vecCoeff_det_ne_zero_computed_residual_certificate_mono_scalar	ilean	2126	0	2154	54	move_candidate	closure_free							1	0	"[""NumStability.sylvester_practical_abs_error_bound_of_vecCoeff_det_ne_zero_computed_residual_certificate_mono_scalar""]"
command	NumStability.Algorithms.Sylvester.Higham16	NumStability.sylvester_practical_abs_error_bound_of_vecCoeff_det_ne_zero_computed_residual_budget_mono	ilean	2156	0	2178	63	move_candidate	closure_free							1	0	"[""NumStability.sylvester_practical_abs_error_bound_of_vecCoeff_det_ne_zero_computed_residual_budget_mono""]"
command	NumStability.Algorithms.Sylvester.Higham16	NumStability.sylvester_practical_abs_error_bound_of_vecCoeff_det_ne_zero_computed_residual_budget_mono_scalar	ilean	2180	0	2205	21	move_candidate	closure_free							1	0	"[""NumStability.sylvester_practical_abs_error_bound_of_vecCoeff_det_ne_zero_computed_residual_budget_mono_scalar""]"
command	NumStability.Algorithms.Sylvester.Higham16	NumStability.sylvester_practical_abs_error_bound_of_vecCoeff_det_ne_zero_computed_residual_error_model_mono	ilean	2207	0	2233	33	move_candidate	closure_free							1	0	"[""NumStability.sylvester_practical_abs_error_bound_of_vecCoeff_det_ne_zero_computed_residual_error_model_mono""]"
command	NumStability.Algorithms.Sylvester.Higham16	NumStability.sylvester_practical_abs_error_bound_of_vecCoeff_det_ne_zero_computed_residual_error_model_mono_scalar	ilean	2235	0	2263	49	move_candidate	closure_free							1	0	"[""NumStability.sylvester_practical_abs_error_bound_of_vecCoeff_det_ne_zero_computed_residual_error_model_mono_scalar""]"
command	NumStability.Algorithms.Sylvester.Higham16	NumStability.sylvester_practical_error_bound_of_vecCoeff_det_ne_zero_computed_residual_certificate_scalar	ilean	2265	0	2292	35	move_candidate	closure_free							1	0	"[""NumStability.sylvester_practical_error_bound_of_vecCoeff_det_ne_zero_computed_residual_certificate_scalar""]"
command	NumStability.Algorithms.Sylvester.Higham16	NumStability.sylvester_practical_error_bound_of_vecCoeff_det_ne_zero_computed_residual_certificate_mono	ilean	2294	0	2326	44	move_candidate	closure_free							1	0	"[""NumStability.sylvester_practical_error_bound_of_vecCoeff_det_ne_zero_computed_residual_certificate_mono""]"
command	NumStability.Algorithms.Sylvester.Higham16	NumStability.sylvester_practical_error_bound_of_vecCoeff_det_ne_zero_computed_residual_certificate_mono_scalar	ilean	2328	0	2361	60	move_candidate	closure_free							1	0	"[""NumStability.sylvester_practical_error_bound_of_vecCoeff_det_ne_zero_computed_residual_certificate_mono_scalar""]"
command	NumStability.Algorithms.Sylvester.Higham16	NumStability.sylvester_practical_error_bound_of_vecCoeff_det_ne_zero_computed_residual_budget	ilean	2363	0	2384	64	move_candidate	closure_free							1	0	"[""NumStability.sylvester_practical_error_bound_of_vecCoeff_det_ne_zero_computed_residual_budget""]"
command	NumStability.Algorithms.Sylvester.Higham16	NumStability.sylvester_practical_error_bound_of_vecCoeff_det_ne_zero_computed_residual_budget_mono	ilean	2386	0	2414	36	move_candidate	closure_free							1	0	"[""NumStability.sylvester_practical_error_bound_of_vecCoeff_det_ne_zero_computed_residual_budget_mono""]"
command	NumStability.Algorithms.Sylvester.Higham16	NumStability.sylvester_practical_error_bound_of_vecCoeff_det_ne_zero_computed_residual_budget_scalar	ilean	2416	0	2438	49	move_candidate	closure_free							1	0	"[""NumStability.sylvester_practical_error_bound_of_vecCoeff_det_ne_zero_computed_residual_budget_scalar""]"
command	NumStability.Algorithms.Sylvester.Higham16	NumStability.sylvester_practical_error_bound_of_vecCoeff_det_ne_zero_computed_residual_budget_mono_scalar	ilean	2440	0	2469	52	move_candidate	closure_free							1	0	"[""NumStability.sylvester_practical_error_bound_of_vecCoeff_det_ne_zero_computed_residual_budget_mono_scalar""]"
command	NumStability.Algorithms.Sylvester.Higham16	NumStability.sylvester_practical_error_bound_of_vecCoeff_det_ne_zero_computed_residual_error_model	ilean	2471	0	2500	25	move_candidate	closure_free							1	0	"[""NumStability.sylvester_practical_error_bound_of_vecCoeff_det_ne_zero_computed_residual_error_model""]"
command	NumStability.Algorithms.Sylvester.Higham16	NumStability.sylvester_practical_error_bound_of_vecCoeff_det_ne_zero_computed_residual_error_model_scalar	ilean	2502	0	2530	41	move_candidate	closure_free							1	0	"[""NumStability.sylvester_practical_error_bound_of_vecCoeff_det_ne_zero_computed_residual_error_model_scalar""]"
command	NumStability.Algorithms.Sylvester.Higham16	NumStability.sylvester_practical_error_bound_of_vecCoeff_det_ne_zero_computed_residual_error_model_mono	ilean	2532	0	2566	56	move_candidate	closure_free							1	0	"[""NumStability.sylvester_practical_error_bound_of_vecCoeff_det_ne_zero_computed_residual_error_model_mono""]"
command	NumStability.Algorithms.Sylvester.Higham16	NumStability.sylvester_practical_error_bound_of_vecCoeff_det_ne_zero_computed_residual_error_model_mono_scalar	ilean	2568	0	2603	72	move_candidate	closure_free							1	0	"[""NumStability.sylvester_practical_error_bound_of_vecCoeff_det_ne_zero_computed_residual_error_model_mono_scalar""]"
command	NumStability.Algorithms.Sylvester.Higham16	NumStability.sylvester_practical_error_bound_of_vecCoeff_det_ne_zero_computed_residual_frobenius_error_model	ilean	2605	0	2631	11	move_candidate	closure_free							1	0	"[""NumStability.sylvester_practical_error_bound_of_vecCoeff_det_ne_zero_computed_residual_frobenius_error_model""]"
command	NumStability.Algorithms.Sylvester.Higham16	NumStability.sylvester_practical_abs_error_bound_of_vecCoeff_det_ne_zero_computed_residual_frobenius_error_model	ilean	2633	0	2655	46	move_candidate	closure_free							1	0	"[""NumStability.sylvester_practical_abs_error_bound_of_vecCoeff_det_ne_zero_computed_residual_frobenius_error_model""]"
command	NumStability.Algorithms.Sylvester.Higham16	NumStability.sylvester_practical_abs_error_bound_of_vecCoeff_det_ne_zero_computed_residual_frobenius_error_model_scalar	ilean	2657	0	2679	21	move_candidate	closure_free							1	0	"[""NumStability.sylvester_practical_abs_error_bound_of_vecCoeff_det_ne_zero_computed_residual_frobenius_error_model_scalar""]"
command	NumStability.Algorithms.Sylvester.Higham16	NumStability.sylvester_practical_abs_error_bound_of_vecCoeff_det_ne_zero_computed_residual_frobenius_error_model_mono	ilean	2681	0	2708	33	move_candidate	closure_free							1	0	"[""NumStability.sylvester_practical_abs_error_bound_of_vecCoeff_det_ne_zero_computed_residual_frobenius_error_model_mono""]"
command	NumStability.Algorithms.Sylvester.Higham16	NumStability.sylvester_practical_abs_error_bound_of_vecCoeff_det_ne_zero_computed_residual_frobenius_error_model_mono_scalar	ilean	2710	0	2739	49	move_candidate	closure_free							1	0	"[""NumStability.sylvester_practical_abs_error_bound_of_vecCoeff_det_ne_zero_computed_residual_frobenius_error_model_mono_scalar""]"
command	NumStability.Algorithms.Sylvester.Higham16	NumStability.sylvester_practical_error_bound_of_vecCoeff_det_ne_zero_computed_residual_frobenius_error_model_scalar	ilean	2741	0	2768	27	move_candidate	closure_free							1	0	"[""NumStability.sylvester_practical_error_bound_of_vecCoeff_det_ne_zero_computed_residual_frobenius_error_model_scalar""]"
command	NumStability.Algorithms.Sylvester.Higham16	NumStability.sylvester_practical_error_bound_of_vecCoeff_det_ne_zero_computed_residual_frobenius_error_model_mono	ilean	2770	0	2802	39	move_candidate	closure_free							1	0	"[""NumStability.sylvester_practical_error_bound_of_vecCoeff_det_ne_zero_computed_residual_frobenius_error_model_mono""]"
command	NumStability.Algorithms.Sylvester.Higham16	NumStability.sylvester_practical_error_bound_of_vecCoeff_det_ne_zero_computed_residual_frobenius_error_model_mono_scalar	ilean	2804	0	2836	55	move_candidate	closure_free							1	0	"[""NumStability.sylvester_practical_error_bound_of_vecCoeff_det_ne_zero_computed_residual_frobenius_error_model_mono_scalar""]"
command	NumStability.Algorithms.Sylvester.Higham16	NumStability.sylvesterVecCoeff_diagonal	ilean	2838	0	2871	83	move_candidate	closure_free							1	0	"[""NumStability.sylvesterVecCoeff_diagonal""]"
command	NumStability.Algorithms.Sylvester.Higham16	NumStability.sylvesterVecCoeff_diagonal_det	ilean	2873	0	2879	54	move_candidate	closure_free							1	0	"[""NumStability.sylvesterVecCoeff_diagonal_det""]"
command	NumStability.Algorithms.Sylvester.Higham16	NumStability.sylvesterVecCoeff_diagonal_det_ne_zero_iff	ilean	2881	0	2898	22	move_candidate	closure_free							1	0	"[""NumStability.sylvesterVecCoeff_diagonal_det_ne_zero_iff""]"
command	NumStability.Algorithms.Sylvester.Higham16	NumStability.sylvesterVecCoeff_diagonal_det_eq_zero_of_common_entry	ilean	2900	0	2908	40	move_candidate	closure_free							1	0	"[""NumStability.sylvesterVecCoeff_diagonal_det_eq_zero_of_common_entry""]"
command	NumStability.Algorithms.Sylvester.Higham16	NumStability.H16_eq16_3_sylvesterVecCoeff_diagonal	source_alias	2912	0	2913	28	move_candidate	closure_free							1	0	"[""NumStability.H16_eq16_3_sylvesterVecCoeff_diagonal""]"
command	NumStability.Algorithms.Sylvester.Higham16	NumStability.H16_eq16_3_sylvesterVecCoeff_diagonal_det	source_alias	2917	0	2918	32	move_candidate	closure_free							1	0	"[""NumStability.H16_eq16_3_sylvesterVecCoeff_diagonal_det""]"
command	NumStability.Algorithms.Sylvester.Higham16	NumStability.H16_eq16_3_sylvesterVecCoeff_diagonal_det_ne_zero_iff	source_alias	2922	0	2923	44	move_candidate	closure_free							1	0	"[""NumStability.H16_eq16_3_sylvesterVecCoeff_diagonal_det_ne_zero_iff""]"
command	NumStability.Algorithms.Sylvester.Higham16	NumStability.H16_eq16_3_sylvesterVecCoeff_diagonal_det_eq_zero_of_common_entry	source_alias	2927	0	2928	56	move_candidate	closure_free							1	0	"[""NumStability.H16_eq16_3_sylvesterVecCoeff_diagonal_det_eq_zero_of_common_entry""]"
command	NumStability.Algorithms.Sylvester.Higham16	NumStability.sylvesterDiagonalVecCoeffInv	ilean	2930	0	2937	66	move_candidate	closure_free							1	0	"[""NumStability.sylvesterDiagonalVecCoeffInv""]"
command	NumStability.Algorithms.Sylvester.Higham16	NumStability.sylvesterDiagonalVecCoeffInvAbs	ilean	2939	0	2945	55	move_candidate	closure_free							1	0	"[""NumStability.sylvesterDiagonalVecCoeffInvAbs""]"
command	NumStability.Algorithms.Sylvester.Higham16	NumStability.sylvesterDiagonalVecCoeffInv_mul_sylvesterVecCoeff_diagonal	ilean	2947	0	2963	31	move_candidate	closure_free							1	0	"[""NumStability.sylvesterDiagonalVecCoeffInv_mul_sylvesterVecCoeff_diagonal""]"
command	NumStability.Algorithms.Sylvester.Higham16	NumStability.sylvesterVecCoeff_diagonal_mul_sylvesterDiagonalVecCoeffInv	ilean	2965	0	2981	31	move_candidate	closure_free							1	0	"[""NumStability.sylvesterVecCoeff_diagonal_mul_sylvesterDiagonalVecCoeffInv""]"
command	NumStability.Algorithms.Sylvester.Higham16	NumStability.sylvesterOpRect_diagonal_apply	ilean	2983	0	2996	57	move_candidate	closure_free							1	0	"[""NumStability.sylvesterOpRect_diagonal_apply""]"
command	NumStability.Algorithms.Sylvester.Higham16	NumStability.sylvesterDiagonalSolution	ilean	2998	0	3003	45	move_candidate	closure_free							1	0	"[""NumStability.sylvesterDiagonalSolution""]"
command	NumStability.Algorithms.Sylvester.Higham16	NumStability.sylvesterDiagonalSolution_zero	ilean	3005	0	3011	34	move_candidate	closure_free							1	0	"[""NumStability.sylvesterDiagonalSolution_zero""]"
command	NumStability.Algorithms.Sylvester.Higham16	NumStability.vec_sylvesterDiagonalSolution_eq_mulVec_inv	ilean	3013	0	3022	27	move_candidate	closure_free							1	0	"[""NumStability.vec_sylvesterDiagonalSolution_eq_mulVec_inv""]"
command	NumStability.Algorithms.Sylvester.Higham16	NumStability.sylvesterVecCoeff_mulVec_vec_sylvesterDiagonalSolution	ilean	3024	0	3035	22	move_candidate	closure_free							1	0	"[""NumStability.sylvesterVecCoeff_mulVec_vec_sylvesterDiagonalSolution""]"
command	NumStability.Algorithms.Sylvester.Higham16	NumStability.sylvesterOpRect_diagonal_sylvesterDiagonalSolution	ilean	3037	0	3048	17	move_candidate	closure_free							1	0	"[""NumStability.sylvesterOpRect_diagonal_sylvesterDiagonalSolution""]"
command	NumStability.Algorithms.Sylvester.Higham16	NumStability.isSylvesterSolutionRect_sylvesterDiagonalSolution	ilean	3050	0	3061	77	move_candidate	closure_free							1	0	"[""NumStability.isSylvesterSolutionRect_sylvesterDiagonalSolution""]"
command	NumStability.Algorithms.Sylvester.Higham16	NumStability.sylvesterDiagonalSolution_unique	ilean	3063	0	3081	22	move_candidate	closure_free							1	0	"[""NumStability.sylvesterDiagonalSolution_unique""]"
command	NumStability.Algorithms.Sylvester.Higham16	NumStability.existsUnique_isSylvesterSolutionRect_diagonal	ilean	3083	0	3094	60	move_candidate	closure_free							1	0	"[""NumStability.existsUnique_isSylvesterSolutionRect_diagonal""]"
command	NumStability.Algorithms.Sylvester.Higham16	NumStability.sylvesterVecCoeff_diagonal_mulVec_eq_zero_iff	ilean	3096	0	3125	30	move_candidate	closure_free							1	0	"[""NumStability.sylvesterVecCoeff_diagonal_mulVec_eq_zero_iff""]"
command	NumStability.Algorithms.Sylvester.Higham16	NumStability.sylvesterVecCoeff_diagonal_mulVec_injective	ilean	3127	0	3152	15	move_candidate	closure_free							1	0	"[""NumStability.sylvesterVecCoeff_diagonal_mulVec_injective""]"
command	NumStability.Algorithms.Sylvester.Higham16	NumStability.sylvesterVecCoeff_diagonal_mulVec_surjective	ilean	3154	0	3167	77	move_candidate	closure_free							1	0	"[""NumStability.sylvesterVecCoeff_diagonal_mulVec_surjective""]"
command	NumStability.Algorithms.Sylvester.Higham16	NumStability.sylvesterVecCoeff_diagonal_mulVec_bijective	ilean	3169	0	3179	62	move_candidate	closure_free							1	0	"[""NumStability.sylvesterVecCoeff_diagonal_mulVec_bijective""]"
command	NumStability.Algorithms.Sylvester.Higham16	NumStability.existsUnique_sylvesterVecCoeff_diagonal_mulVec	ilean	3181	0	3198	29	move_candidate	closure_free							1	0	"[""NumStability.existsUnique_sylvesterVecCoeff_diagonal_mulVec""]"
command	NumStability.Algorithms.Sylvester.Higham16	NumStability.H16_eq16_3_sylvesterDiagonalVecCoeffInv	ilean	3200	0	3203	30	move_candidate	closure_free							1	0	"[""NumStability.H16_eq16_3_sylvesterDiagonalVecCoeffInv""]"
command	NumStability.Algorithms.Sylvester.Higham16	NumStability.H16_eq16_3_sylvesterDiagonalVecCoeffInv_mul_sylvesterVecCoeff_diagonal	source_alias	3207	0	3208	61	move_candidate	closure_free							1	0	"[""NumStability.H16_eq16_3_sylvesterDiagonalVecCoeffInv_mul_sylvesterVecCoeff_diagonal""]"
command	NumStability.Algorithms.Sylvester.Higham16	NumStability.H16_eq16_3_sylvesterVecCoeff_diagonal_mul_sylvesterDiagonalVecCoeffInv	source_alias	3212	0	3213	61	move_candidate	closure_free							1	0	"[""NumStability.H16_eq16_3_sylvesterVecCoeff_diagonal_mul_sylvesterDiagonalVecCoeffInv""]"
command	NumStability.Algorithms.Sylvester.Higham16	NumStability.H16_eq16_3_sylvesterOpRect_diagonal_apply	source_alias	3217	0	3218	32	move_candidate	closure_free							1	0	"[""NumStability.H16_eq16_3_sylvesterOpRect_diagonal_apply""]"
command	NumStability.Algorithms.Sylvester.Higham16	NumStability.H16_eq16_3_sylvesterDiagonalSolution	ilean	3220	0	3223	27	move_candidate	closure_free							1	0	"[""NumStability.H16_eq16_3_sylvesterDiagonalSolution""]"
command	NumStability.Algorithms.Sylvester.Higham16	NumStability.H16_eq16_3_sylvesterDiagonalSolution_zero	source_alias	3227	0	3228	32	move_candidate	closure_free							1	0	"[""NumStability.H16_eq16_3_sylvesterDiagonalSolution_zero""]"
command	NumStability.Algorithms.Sylvester.Higham16	NumStability.H16_eq16_3_vec_sylvesterDiagonalSolution_eq_mulVec_inv	source_alias	3232	0	3233	45	move_candidate	closure_free							1	0	"[""NumStability.H16_eq16_3_vec_sylvesterDiagonalSolution_eq_mulVec_inv""]"
command	NumStability.Algorithms.Sylvester.Higham16	NumStability.H16_eq16_3_sylvesterVecCoeff_mulVec_vec_sylvesterDiagonalSolution	source_alias	3237	0	3238	56	move_candidate	closure_free							1	0	"[""NumStability.H16_eq16_3_sylvesterVecCoeff_mulVec_vec_sylvesterDiagonalSolution""]"
command	NumStability.Algorithms.Sylvester.Higham16	NumStability.H16_eq16_3_sylvesterOpRect_diagonal_sylvesterDiagonalSolution	source_alias	3242	0	3243	52	move_candidate	closure_free							1	0	"[""NumStability.H16_eq16_3_sylvesterOpRect_diagonal_sylvesterDiagonalSolution""]"
command	NumStability.Algorithms.Sylvester.Higham16	NumStability.H16_eq16_3_isSylvesterSolutionRect_sylvesterDiagonalSolution	source_alias	3247	0	3248	51	move_candidate	closure_free							1	0	"[""NumStability.H16_eq16_3_isSylvesterSolutionRect_sylvesterDiagonalSolution""]"
command	NumStability.Algorithms.Sylvester.Higham16	NumStability.H16_eq16_3_sylvesterDiagonalSolution_unique	source_alias	3252	0	3253	34	move_candidate	closure_free							1	0	"[""NumStability.H16_eq16_3_sylvesterDiagonalSolution_unique""]"
command	NumStability.Algorithms.Sylvester.Higham16	NumStability.H16_eq16_3_existsUnique_isSylvesterSolutionRect_diagonal	source_alias	3257	0	3258	47	move_candidate	closure_free							1	0	"[""NumStability.H16_eq16_3_existsUnique_isSylvesterSolutionRect_diagonal""]"
command	NumStability.Algorithms.Sylvester.Higham16	NumStability.H16_eq16_3_sylvesterVecCoeff_diagonal_mulVec_eq_zero_iff	source_alias	3262	0	3263	47	move_candidate	closure_free							1	0	"[""NumStability.H16_eq16_3_sylvesterVecCoeff_diagonal_mulVec_eq_zero_iff""]"
command	NumStability.Algorithms.Sylvester.Higham16	NumStability.H16_eq16_3_sylvesterVecCoeff_diagonal_mulVec_injective	source_alias	3267	0	3268	45	move_candidate	closure_free							1	0	"[""NumStability.H16_eq16_3_sylvesterVecCoeff_diagonal_mulVec_injective""]"
command	NumStability.Algorithms.Sylvester.Higham16	NumStability.H16_eq16_3_sylvesterVecCoeff_diagonal_mulVec_surjective	source_alias	3272	0	3273	46	move_candidate	closure_free							1	0	"[""NumStability.H16_eq16_3_sylvesterVecCoeff_diagonal_mulVec_surjective""]"
command	NumStability.Algorithms.Sylvester.Higham16	NumStability.H16_eq16_3_sylvesterVecCoeff_diagonal_mulVec_bijective	source_alias	3277	0	3278	45	move_candidate	closure_free							1	0	"[""NumStability.H16_eq16_3_sylvesterVecCoeff_diagonal_mulVec_bijective""]"
command	NumStability.Algorithms.Sylvester.Higham16	NumStability.H16_eq16_3_existsUnique_sylvesterVecCoeff_diagonal_mulVec	source_alias	3282	0	3283	48	move_candidate	closure_free							1	0	"[""NumStability.H16_eq16_3_existsUnique_sylvesterVecCoeff_diagonal_mulVec""]"
command	NumStability.Algorithms.Sylvester.Higham16	NumStability.sylvesterDiagonalVecCoeffInv_abs_le_invAbs	ilean	3285	0	3294	5	move_candidate	closure_free							1	0	"[""NumStability.sylvesterDiagonalVecCoeffInv_abs_le_invAbs""]"
command	NumStability.Algorithms.Sylvester.Higham16	NumStability.sylvester_practical_error_bound_of_diagonal_computed_residual_certificate	ilean	3296	0	3324	19	move_candidate	closure_free							1	0	"[""NumStability.sylvester_practical_error_bound_of_diagonal_computed_residual_certificate""]"
command	NumStability.Algorithms.Sylvester.Higham16	NumStability.sylvester_practical_error_bound_of_diagonal_computed_residual_certificate_mono	ilean	3326	0	3361	44	move_candidate	closure_free							1	0	"[""NumStability.sylvester_practical_error_bound_of_diagonal_computed_residual_certificate_mono""]"
command	NumStability.Algorithms.Sylvester.Higham16	NumStability.sylvester_practical_error_bound_of_diagonal_computed_residual_certificate_scalar	ilean	3363	0	3391	35	move_candidate	closure_free							1	0	"[""NumStability.sylvester_practical_error_bound_of_diagonal_computed_residual_certificate_scalar""]"
command	NumStability.Algorithms.Sylvester.Higham16	NumStability.sylvester_practical_error_bound_of_diagonal_computed_residual_certificate_mono_scalar	ilean	3393	0	3430	60	move_candidate	closure_free							1	0	"[""NumStability.sylvester_practical_error_bound_of_diagonal_computed_residual_certificate_mono_scalar""]"
command	NumStability.Algorithms.Sylvester.Higham16	NumStability.sylvester_practical_error_bound_of_diagonal_computed_residual_budget	ilean	3432	0	3455	33	move_candidate	closure_free							1	0	"[""NumStability.sylvester_practical_error_bound_of_diagonal_computed_residual_budget""]"
command	NumStability.Algorithms.Sylvester.Higham16	NumStability.sylvester_practical_error_bound_of_diagonal_computed_residual_budget_mono	ilean	3457	0	3484	61	move_candidate	closure_free							1	0	"[""NumStability.sylvester_practical_error_bound_of_diagonal_computed_residual_budget_mono""]"
command	NumStability.Algorithms.Sylvester.Higham16	NumStability.sylvester_practical_error_bound_of_diagonal_computed_residual_budget_scalar	ilean	3486	0	3509	49	move_candidate	closure_free							1	0	"[""NumStability.sylvester_practical_error_bound_of_diagonal_computed_residual_budget_scalar""]"
command	NumStability.Algorithms.Sylvester.Higham16	NumStability.sylvester_practical_error_bound_of_diagonal_computed_residual_budget_mono_scalar	ilean	3511	0	3540	77	move_candidate	closure_free							1	0	"[""NumStability.sylvester_practical_error_bound_of_diagonal_computed_residual_budget_mono_scalar""]"
command	NumStability.Algorithms.Sylvester.Higham16	NumStability.sylvester_practical_error_bound_of_diagonal_computed_residual_error_model	ilean	3542	0	3571	11	move_candidate	closure_free							1	0	"[""NumStability.sylvester_practical_error_bound_of_diagonal_computed_residual_error_model""]"
command	NumStability.Algorithms.Sylvester.Higham16	NumStability.sylvester_practical_error_bound_of_diagonal_computed_residual_error_model_mono	ilean	3573	0	3608	36	move_candidate	closure_free							1	0	"[""NumStability.sylvester_practical_error_bound_of_diagonal_computed_residual_error_model_mono""]"
command	NumStability.Algorithms.Sylvester.Higham16	NumStability.sylvester_practical_error_bound_of_diagonal_computed_residual_error_model_scalar	ilean	3610	0	3638	27	move_candidate	closure_free							1	0	"[""NumStability.sylvester_practical_error_bound_of_diagonal_computed_residual_error_model_scalar""]"
command	NumStability.Algorithms.Sylvester.Higham16	NumStability.sylvester_practical_error_bound_of_diagonal_computed_residual_error_model_mono_scalar	ilean	3640	0	3678	55	move_candidate	closure_free							1	0	"[""NumStability.sylvester_practical_error_bound_of_diagonal_computed_residual_error_model_mono_scalar""]"
command	NumStability.Algorithms.Sylvester.Higham16	_private.NumStability.Algorithms.Sylvester.Higham16.0.NumStability.rectMatMul_left_right_sub	ilean	3684	0	3708	6	retain_historical	private_seed	0						1	1	"[""_private.NumStability.Algorithms.Sylvester.Higham16.0.NumStability.rectMatMul_left_right_sub""]"
command	NumStability.Algorithms.Sylvester.Higham16	NumStability.sylvester_schur_transform_identity	ilean	3710	0	3788	21	retain_historical	depends_on_retained_command	1	NumStability.Algorithms.Sylvester.Higham16	_private.NumStability.Algorithms.Sylvester.Higham16.0.NumStability.rectMatMul_left_right_sub	body	NumStability.sylvester_schur_transform_identity	_private.NumStability.Algorithms.Sylvester.Higham16.0.NumStability.rectMatMul_left_right_sub	1	0	"[""NumStability.sylvester_schur_transform_identity""]"
command	NumStability.Algorithms.Sylvester.Higham16	NumStability.H16_eq16_4_5_sylvester_schur_transform_identity	source_alias	3793	0	3794	36	retain_historical	depends_on_retained_command	2	NumStability.Algorithms.Sylvester.Higham16	NumStability.sylvester_schur_transform_identity	body	NumStability.H16_eq16_4_5_sylvester_schur_transform_identity	NumStability.sylvester_schur_transform_identity	1	0	"[""NumStability.H16_eq16_4_5_sylvester_schur_transform_identity""]"
command	NumStability.Algorithms.Sylvester.Higham16	NumStability.rectMatMul_schur_coords_cancel	ilean	3796	0	3827	36	move_candidate	closure_free							1	0	"[""NumStability.rectMatMul_schur_coords_cancel""]"
command	NumStability.Algorithms.Sylvester.Higham16	NumStability.rectMatMul_schur_coords_expand	ilean	3829	0	3860	36	move_candidate	closure_free							1	0	"[""NumStability.rectMatMul_schur_coords_expand""]"
command	NumStability.Algorithms.Sylvester.Higham16	NumStability.sylvesterResidualRect_schur_transform_identity	ilean	3862	0	3890	23	retain_historical	depends_on_retained_command	1	NumStability.Algorithms.Sylvester.Higham16	_private.NumStability.Algorithms.Sylvester.Higham16.0.NumStability.rectMatMul_left_right_sub	body	NumStability.sylvesterResidualRect_schur_transform_identity	_private.NumStability.Algorithms.Sylvester.Higham16.0.NumStability.rectMatMul_left_right_sub	1	0	"[""NumStability.sylvesterResidualRect_schur_transform_identity""]"
command	NumStability.Algorithms.Sylvester.Higham16	NumStability.H16_eq16_5_9_sylvesterResidualRect_schur_transform_identity	source_alias	3895	0	3896	48	retain_historical	depends_on_retained_command	2	NumStability.Algorithms.Sylvester.Higham16	NumStability.sylvesterResidualRect_schur_transform_identity	body	NumStability.H16_eq16_5_9_sylvesterResidualRect_schur_transform_identity	NumStability.sylvesterResidualRect_schur_transform_identity	1	0	"[""NumStability.H16_eq16_5_9_sylvesterResidualRect_schur_transform_identity""]"
command	NumStability.Algorithms.Sylvester.Higham16	NumStability.frobNormRect_sylvesterResidualRect_schur_transform	ilean	3898	0	3926	74	retain_historical	depends_on_retained_command	2	NumStability.Algorithms.Sylvester.Higham16	NumStability.sylvesterResidualRect_schur_transform_identity	body	NumStability.frobNormRect_sylvesterResidualRect_schur_transform	NumStability.sylvesterResidualRect_schur_transform_identity	1	0	"[""NumStability.frobNormRect_sylvesterResidualRect_schur_transform""]"
command	NumStability.Algorithms.Sylvester.Higham16	NumStability.H16_eq16_9_frobNormRect_sylvesterResidualRect_schur_transform	source_alias	3931	0	3932	52	retain_historical	depends_on_retained_command	3	NumStability.Algorithms.Sylvester.Higham16	NumStability.frobNormRect_sylvesterResidualRect_schur_transform	body	NumStability.H16_eq16_9_frobNormRect_sylvesterResidualRect_schur_transform	NumStability.frobNormRect_sylvesterResidualRect_schur_transform	1	0	"[""NumStability.H16_eq16_9_frobNormRect_sylvesterResidualRect_schur_transform""]"
command	NumStability.Algorithms.Sylvester.Higham16	NumStability.frobNormRect_sylvesterResidualRect_le_of_schur_transform	ilean	3934	0	3952	12	retain_historical	depends_on_retained_command	3	NumStability.Algorithms.Sylvester.Higham16	NumStability.frobNormRect_sylvesterResidualRect_schur_transform	body	NumStability.frobNormRect_sylvesterResidualRect_le_of_schur_transform	NumStability.frobNormRect_sylvesterResidualRect_schur_transform	1	0	"[""NumStability.frobNormRect_sylvesterResidualRect_le_of_schur_transform""]"
command	NumStability.Algorithms.Sylvester.Higham16	NumStability.H16_eq16_9_frobNormRect_sylvesterResidualRect_le_of_schur_transform	source_alias	3956	0	3957	58	retain_historical	depends_on_retained_command	4	NumStability.Algorithms.Sylvester.Higham16	NumStability.frobNormRect_sylvesterResidualRect_le_of_schur_transform	body	NumStability.H16_eq16_9_frobNormRect_sylvesterResidualRect_le_of_schur_transform	NumStability.frobNormRect_sylvesterResidualRect_le_of_schur_transform	1	0	"[""NumStability.H16_eq16_9_frobNormRect_sylvesterResidualRect_le_of_schur_transform""]"
command	NumStability.Algorithms.Sylvester.Higham16	NumStability.sylvesterComputedResidualBudget_of_schur_frobenius_error_model	ilean	3959	0	4036	43	retain_historical	depends_on_retained_command	2	NumStability.Algorithms.Sylvester.Higham16	NumStability.sylvesterResidualRect_schur_transform_identity	body	NumStability.sylvesterComputedResidualBudget_of_schur_frobenius_error_model	NumStability.sylvesterResidualRect_schur_transform_identity	1	0	"[""NumStability.sylvesterComputedResidualBudget_of_schur_frobenius_error_model""]"
command	NumStability.Algorithms.Sylvester.Higham16	NumStability.H16_eq16_29_sylvesterComputedResidualBudget_of_schur_frobenius_error_model	source_alias	4040	0	4041	64	retain_historical	depends_on_retained_command	3	NumStability.Algorithms.Sylvester.Higham16	NumStability.sylvesterComputedResidualBudget_of_schur_frobenius_error_model	body	NumStability.H16_eq16_29_sylvesterComputedResidualBudget_of_schur_frobenius_error_model	NumStability.sylvesterComputedResidualBudget_of_schur_frobenius_error_model	1	0	"[""NumStability.H16_eq16_29_sylvesterComputedResidualBudget_of_schur_frobenius_error_model""]"
command	NumStability.Algorithms.Sylvester.Higham16	NumStability.sylvesterComputedResidualBudget_zero_of_schur_transform_residual_bound	ilean	4043	0	4073	36	retain_historical	depends_on_retained_command	4	NumStability.Algorithms.Sylvester.Higham16	NumStability.frobNormRect_sylvesterResidualRect_le_of_schur_transform	body	NumStability.sylvesterComputedResidualBudget_zero_of_schur_transform_residual_bound	NumStability.frobNormRect_sylvesterResidualRect_le_of_schur_transform	1	0	"[""NumStability.sylvesterComputedResidualBudget_zero_of_schur_transform_residual_bound""]"
command	NumStability.Algorithms.Sylvester.Higham16	NumStability.sylvester_practical_error_bound_of_schur_transform_residual_bound	ilean	4075	0	4113	11	retain_historical	depends_on_retained_command	5	NumStability.Algorithms.Sylvester.Higham16	NumStability.sylvesterComputedResidualBudget_zero_of_schur_transform_residual_bound	body	NumStability.sylvester_practical_error_bound_of_schur_transform_residual_bound	NumStability.sylvesterComputedResidualBudget_zero_of_schur_transform_residual_bound	1	0	"[""NumStability.sylvester_practical_error_bound_of_schur_transform_residual_bound""]"
command	NumStability.Algorithms.Sylvester.Higham16	NumStability.sylvester_practical_error_bound_of_schur_transform_residual_bound_scalar	ilean	4115	0	4156	27	retain_historical	depends_on_retained_command	5	NumStability.Algorithms.Sylvester.Higham16	NumStability.sylvesterComputedResidualBudget_zero_of_schur_transform_residual_bound	body	NumStability.sylvester_practical_error_bound_of_schur_transform_residual_bound_scalar	NumStability.sylvesterComputedResidualBudget_zero_of_schur_transform_residual_bound	1	0	"[""NumStability.sylvester_practical_error_bound_of_schur_transform_residual_bound_scalar""]"
command	NumStability.Algorithms.Sylvester.Higham16	NumStability.sylvester_practical_error_bound_of_schur_transform_residual_bound_mono	ilean	4158	0	4200	24	retain_historical	depends_on_retained_command	5	NumStability.Algorithms.Sylvester.Higham16	NumStability.sylvesterComputedResidualBudget_zero_of_schur_transform_residual_bound	body	NumStability.sylvester_practical_error_bound_of_schur_transform_residual_bound_mono	NumStability.sylvesterComputedResidualBudget_zero_of_schur_transform_residual_bound	1	0	"[""NumStability.sylvester_practical_error_bound_of_schur_transform_residual_bound_mono""]"
command	NumStability.Algorithms.Sylvester.Higham16	NumStability.sylvester_practical_error_bound_of_schur_transform_residual_bound_mono_scalar	ilean	4202	0	4245	40	retain_historical	depends_on_retained_command	5	NumStability.Algorithms.Sylvester.Higham16	NumStability.sylvesterComputedResidualBudget_zero_of_schur_transform_residual_bound	body	NumStability.sylvester_practical_error_bound_of_schur_transform_residual_bound_mono_scalar	NumStability.sylvesterComputedResidualBudget_zero_of_schur_transform_residual_bound	1	0	"[""NumStability.sylvester_practical_error_bound_of_schur_transform_residual_bound_mono_scalar""]"
command	NumStability.Algorithms.Sylvester.Higham16	NumStability.sylvester_practical_error_bound_of_schur_frobenius_error_model	ilean	4247	0	4289	11	retain_historical	depends_on_retained_command	3	NumStability.Algorithms.Sylvester.Higham16	NumStability.sylvesterComputedResidualBudget_of_schur_frobenius_error_model	body	NumStability.sylvester_practical_error_bound_of_schur_frobenius_error_model	NumStability.sylvesterComputedResidualBudget_of_schur_frobenius_error_model	1	0	"[""NumStability.sylvester_practical_error_bound_of_schur_frobenius_error_model""]"
command	NumStability.Algorithms.Sylvester.Higham16	NumStability.sylvester_practical_abs_error_bound_of_schur_transform_residual_bound	ilean	4291	0	4322	49	retain_historical	depends_on_retained_command	5	NumStability.Algorithms.Sylvester.Higham16	NumStability.sylvesterComputedResidualBudget_zero_of_schur_transform_residual_bound	body	NumStability.sylvester_practical_abs_error_bound_of_schur_transform_residual_bound	NumStability.sylvesterComputedResidualBudget_zero_of_schur_transform_residual_bound	1	0	"[""NumStability.sylvester_practical_abs_error_bound_of_schur_transform_residual_bound""]"
command	NumStability.Algorithms.Sylvester.Higham16	NumStability.sylvester_practical_abs_error_bound_of_schur_transform_residual_bound_scalar	ilean	4324	0	4358	21	retain_historical	depends_on_retained_command	5	NumStability.Algorithms.Sylvester.Higham16	NumStability.sylvesterComputedResidualBudget_zero_of_schur_transform_residual_bound	body	NumStability.sylvester_practical_abs_error_bound_of_schur_transform_residual_bound_scalar	NumStability.sylvesterComputedResidualBudget_zero_of_schur_transform_residual_bound	1	0	"[""NumStability.sylvester_practical_abs_error_bound_of_schur_transform_residual_bound_scalar""]"
command	NumStability.Algorithms.Sylvester.Higham16	NumStability.H16_eq16_29_sylvester_practical_error_bound_of_schur_transform_residual_bound	source_alias	4362	0	4363	67	retain_historical	depends_on_retained_command	6	NumStability.Algorithms.Sylvester.Higham16	NumStability.sylvester_practical_error_bound_of_schur_transform_residual_bound	body	NumStability.H16_eq16_29_sylvester_practical_error_bound_of_schur_transform_residual_bound	NumStability.sylvester_practical_error_bound_of_schur_transform_residual_bound	1	0	"[""NumStability.H16_eq16_29_sylvester_practical_error_bound_of_schur_transform_residual_bound""]"
command	NumStability.Algorithms.Sylvester.Higham16	NumStability.H16_eq16_29_sylvester_practical_error_bound_of_schur_transform_residual_bound_scalar	source_alias	4367	0	4368	74	retain_historical	depends_on_retained_command	6	NumStability.Algorithms.Sylvester.Higham16	NumStability.sylvester_practical_error_bound_of_schur_transform_residual_bound_scalar	body	NumStability.H16_eq16_29_sylvester_practical_error_bound_of_schur_transform_residual_bound_scalar	NumStability.sylvester_practical_error_bound_of_schur_transform_residual_bound_scalar	1	0	"[""NumStability.H16_eq16_29_sylvester_practical_error_bound_of_schur_transform_residual_bound_scalar""]"
command	NumStability.Algorithms.Sylvester.Higham16	NumStability.H16_eq16_29_sylvester_practical_error_bound_of_schur_transform_residual_bound_mono	source_alias	4372	0	4373	72	retain_historical	depends_on_retained_command	6	NumStability.Algorithms.Sylvester.Higham16	NumStability.sylvester_practical_error_bound_of_schur_transform_residual_bound_mono	body	NumStability.H16_eq16_29_sylvester_practical_error_bound_of_schur_transform_residual_bound_mono	NumStability.sylvester_practical_error_bound_of_schur_transform_residual_bound_mono	1	0	"[""NumStability.H16_eq16_29_sylvester_practical_error_bound_of_schur_transform_residual_bound_mono""]"
command	NumStability.Algorithms.Sylvester.Higham16	NumStability.H16_eq16_29_sylvester_practical_error_bound_of_schur_transform_residual_bound_mono_scalar	source_alias	4377	0	4378	79	retain_historical	depends_on_retained_command	6	NumStability.Algorithms.Sylvester.Higham16	NumStability.sylvester_practical_error_bound_of_schur_transform_residual_bound_mono_scalar	body	NumStability.H16_eq16_29_sylvester_practical_error_bound_of_schur_transform_residual_bound_mono_scalar	NumStability.sylvester_practical_error_bound_of_schur_transform_residual_bound_mono_scalar	1	0	"[""NumStability.H16_eq16_29_sylvester_practical_error_bound_of_schur_transform_residual_bound_mono_scalar""]"
command	NumStability.Algorithms.Sylvester.Higham16	NumStability.H16_eq16_29_sylvester_practical_error_bound_of_schur_frobenius_error_model	source_alias	4382	0	4383	64	retain_historical	depends_on_retained_command	4	NumStability.Algorithms.Sylvester.Higham16	NumStability.sylvester_practical_error_bound_of_schur_frobenius_error_model	body	NumStability.H16_eq16_29_sylvester_practical_error_bound_of_schur_frobenius_error_model	NumStability.sylvester_practical_error_bound_of_schur_frobenius_error_model	1	0	"[""NumStability.H16_eq16_29_sylvester_practical_error_bound_of_schur_frobenius_error_model""]"
command	NumStability.Algorithms.Sylvester.Higham16	NumStability.H16_eq16_29_sylvester_practical_abs_error_bound_of_schur_transform_residual_bound	source_alias	4387	0	4388	71	retain_historical	depends_on_retained_command	6	NumStability.Algorithms.Sylvester.Higham16	NumStability.sylvester_practical_abs_error_bound_of_schur_transform_residual_bound	body	NumStability.H16_eq16_29_sylvester_practical_abs_error_bound_of_schur_transform_residual_bound	NumStability.sylvester_practical_abs_error_bound_of_schur_transform_residual_bound	1	0	"[""NumStability.H16_eq16_29_sylvester_practical_abs_error_bound_of_schur_transform_residual_bound""]"
command	NumStability.Algorithms.Sylvester.Higham16	NumStability.H16_eq16_29_sylvester_practical_abs_error_bound_of_schur_transform_residual_bound_scalar	source_alias	4392	0	4393	78	retain_historical	depends_on_retained_command	6	NumStability.Algorithms.Sylvester.Higham16	NumStability.sylvester_practical_abs_error_bound_of_schur_transform_residual_bound_scalar	body	NumStability.H16_eq16_29_sylvester_practical_abs_error_bound_of_schur_transform_residual_bound_scalar	NumStability.sylvester_practical_abs_error_bound_of_schur_transform_residual_bound_scalar	1	0	"[""NumStability.H16_eq16_29_sylvester_practical_abs_error_bound_of_schur_transform_residual_bound_scalar""]"
command	NumStability.Algorithms.Sylvester.Higham16	NumStability.sylvester_schur_transform_solution_iff	ilean	4395	0	4449	38	retain_historical	depends_on_retained_command	2	NumStability.Algorithms.Sylvester.Higham16	NumStability.sylvester_schur_transform_identity	body	NumStability.sylvester_schur_transform_solution_iff	NumStability.sylvester_schur_transform_identity	1	0	"[""NumStability.sylvester_schur_transform_solution_iff""]"
command	NumStability.Algorithms.Sylvester.Higham16	NumStability.H16_eq16_4_5_sylvester_schur_transform_solution_iff	source_alias	4454	0	4455	40	retain_historical	depends_on_retained_command	3	NumStability.Algorithms.Sylvester.Higham16	NumStability.sylvester_schur_transform_solution_iff	body	NumStability.H16_eq16_4_5_sylvester_schur_transform_solution_iff	NumStability.sylvester_schur_transform_solution_iff	1	0	"[""NumStability.H16_eq16_4_5_sylvester_schur_transform_solution_iff""]"
command	NumStability.Algorithms.Sylvester.Higham16	NumStability.sylvesterSchurDiagonalSolution	ilean	4457	0	4467	23	move_candidate	closure_free							1	0	"[""NumStability.sylvesterSchurDiagonalSolution""]"
command	NumStability.Algorithms.Sylvester.Higham16	NumStability.sylvesterSchurDiagonalSolution_zero	ilean	4469	0	4485	19	move_candidate	closure_free							1	0	"[""NumStability.sylvesterSchurDiagonalSolution_zero""]"
command	NumStability.Algorithms.Sylvester.Higham16	NumStability.isSylvesterSolutionRect_schurDiagonalSolution	ilean	4487	0	4509	60	retain_historical	depends_on_retained_command	3	NumStability.Algorithms.Sylvester.Higham16	NumStability.sylvester_schur_transform_solution_iff	body	NumStability.isSylvesterSolutionRect_schurDiagonalSolution	NumStability.sylvester_schur_transform_solution_iff	1	0	"[""NumStability.isSylvesterSolutionRect_schurDiagonalSolution""]"
command	NumStability.Algorithms.Sylvester.Higham16	NumStability.sylvesterSchurDiagonalSolution_unique	ilean	4511	0	4549	17	retain_historical	depends_on_retained_command	3	NumStability.Algorithms.Sylvester.Higham16	NumStability.sylvester_schur_transform_solution_iff	body	NumStability.sylvesterSchurDiagonalSolution_unique	NumStability.sylvester_schur_transform_solution_iff	1	0	"[""NumStability.sylvesterSchurDiagonalSolution_unique""]"
command	NumStability.Algorithms.Sylvester.Higham16	NumStability.existsUnique_isSylvesterSolutionRect_schurDiagonal	ilean	4551	0	4567	23	retain_historical	depends_on_retained_command	4	NumStability.Algorithms.Sylvester.Higham16	NumStability.isSylvesterSolutionRect_schurDiagonalSolution	body	NumStability.existsUnique_isSylvesterSolutionRect_schurDiagonal	NumStability.isSylvesterSolutionRect_schurDiagonalSolution	1	0	"[""NumStability.existsUnique_isSylvesterSolutionRect_schurDiagonal""]"
command	NumStability.Algorithms.Sylvester.Higham16	NumStability.sylvesterVecCoeff_schurDiagonal_mulVec_eq_zero_iff	ilean	4569	0	4598	30	retain_historical	depends_on_retained_command	4	NumStability.Algorithms.Sylvester.Higham16	NumStability.sylvesterSchurDiagonalSolution_unique	body	NumStability.sylvesterVecCoeff_schurDiagonal_mulVec_eq_zero_iff	NumStability.sylvesterSchurDiagonalSolution_unique	1	0	"[""NumStability.sylvesterVecCoeff_schurDiagonal_mulVec_eq_zero_iff""]"
command	NumStability.Algorithms.Sylvester.Higham16	NumStability.sylvesterVecCoeff_schurDiagonal_mulVec_injective	ilean	4600	0	4629	27	retain_historical	depends_on_retained_command	5	NumStability.Algorithms.Sylvester.Higham16	NumStability.sylvesterVecCoeff_schurDiagonal_mulVec_eq_zero_iff	body	NumStability.sylvesterVecCoeff_schurDiagonal_mulVec_injective	NumStability.sylvesterVecCoeff_schurDiagonal_mulVec_eq_zero_iff	1	0	"[""NumStability.sylvesterVecCoeff_schurDiagonal_mulVec_injective""]"
command	NumStability.Algorithms.Sylvester.Higham16	NumStability.sylvesterVecCoeff_schurDiagonal_mulVec_surjective	ilean	4631	0	4650	43	retain_historical	depends_on_retained_command	4	NumStability.Algorithms.Sylvester.Higham16	NumStability.isSylvesterSolutionRect_schurDiagonalSolution	body	NumStability.sylvesterVecCoeff_schurDiagonal_mulVec_surjective	NumStability.isSylvesterSolutionRect_schurDiagonalSolution	1	0	"[""NumStability.sylvesterVecCoeff_schurDiagonal_mulVec_surjective""]"
command	NumStability.Algorithms.Sylvester.Higham16	NumStability.sylvesterVecCoeff_schurDiagonal_mulVec_bijective	ilean	4652	0	4666	39	retain_historical	depends_on_retained_command	5	NumStability.Algorithms.Sylvester.Higham16	NumStability.sylvesterVecCoeff_schurDiagonal_mulVec_surjective	body	NumStability.sylvesterVecCoeff_schurDiagonal_mulVec_bijective	NumStability.sylvesterVecCoeff_schurDiagonal_mulVec_surjective	1	0	"[""NumStability.sylvesterVecCoeff_schurDiagonal_mulVec_bijective""]"
command	NumStability.Algorithms.Sylvester.Higham16	NumStability.sylvesterVecCoeff_schurDiagonal_det_ne_zero	ilean	4668	0	4690	20	retain_historical	depends_on_retained_command	6	NumStability.Algorithms.Sylvester.Higham16	NumStability.sylvesterVecCoeff_schurDiagonal_mulVec_injective	body	NumStability.sylvesterVecCoeff_schurDiagonal_det_ne_zero	NumStability.sylvesterVecCoeff_schurDiagonal_mulVec_injective	1	0	"[""NumStability.sylvesterVecCoeff_schurDiagonal_det_ne_zero""]"
command	NumStability.Algorithms.Sylvester.Higham16	NumStability.existsUnique_sylvesterVecCoeff_schurDiagonal_mulVec	ilean	4692	0	4714	29	retain_historical	depends_on_retained_command	5	NumStability.Algorithms.Sylvester.Higham16	NumStability.sylvesterVecCoeff_schurDiagonal_mulVec_surjective	body	NumStability.existsUnique_sylvesterVecCoeff_schurDiagonal_mulVec	NumStability.sylvesterVecCoeff_schurDiagonal_mulVec_surjective	1	0	"[""NumStability.existsUnique_sylvesterVecCoeff_schurDiagonal_mulVec""]"
command	NumStability.Algorithms.Sylvester.Higham16	NumStability.sylvester_practical_error_bound_of_schurDiagonal_computed_residual_certificate	ilean	4716	0	4750	19	retain_historical	depends_on_retained_command	7	NumStability.Algorithms.Sylvester.Higham16	NumStability.sylvesterVecCoeff_schurDiagonal_det_ne_zero	body	NumStability.sylvester_practical_error_bound_of_schurDiagonal_computed_residual_certificate	NumStability.sylvesterVecCoeff_schurDiagonal_det_ne_zero	1	0	"[""NumStability.sylvester_practical_error_bound_of_schurDiagonal_computed_residual_certificate""]"
command	NumStability.Algorithms.Sylvester.Higham16	NumStability.sylvester_practical_error_bound_of_schurDiagonal_computed_residual_certificate_mono	ilean	4752	0	4792	44	retain_historical	depends_on_retained_command	7	NumStability.Algorithms.Sylvester.Higham16	NumStability.sylvesterVecCoeff_schurDiagonal_det_ne_zero	body	NumStability.sylvester_practical_error_bound_of_schurDiagonal_computed_residual_certificate_mono	NumStability.sylvesterVecCoeff_schurDiagonal_det_ne_zero	1	0	"[""NumStability.sylvester_practical_error_bound_of_schurDiagonal_computed_residual_certificate_mono""]"
command	NumStability.Algorithms.Sylvester.Higham16	NumStability.sylvester_practical_error_bound_of_schurDiagonal_computed_residual_certificate_scalar	ilean	4794	0	4827	35	retain_historical	depends_on_retained_command	7	NumStability.Algorithms.Sylvester.Higham16	NumStability.sylvesterVecCoeff_schurDiagonal_det_ne_zero	body	NumStability.sylvester_practical_error_bound_of_schurDiagonal_computed_residual_certificate_scalar	NumStability.sylvesterVecCoeff_schurDiagonal_det_ne_zero	1	0	"[""NumStability.sylvester_practical_error_bound_of_schurDiagonal_computed_residual_certificate_scalar""]"
command	NumStability.Algorithms.Sylvester.Higham16	NumStability.sylvester_practical_error_bound_of_schurDiagonal_computed_residual_certificate_mono_scalar	ilean	4829	0	4871	60	retain_historical	depends_on_retained_command	7	NumStability.Algorithms.Sylvester.Higham16	NumStability.sylvesterVecCoeff_schurDiagonal_det_ne_zero	body	NumStability.sylvester_practical_error_bound_of_schurDiagonal_computed_residual_certificate_mono_scalar	NumStability.sylvesterVecCoeff_schurDiagonal_det_ne_zero	1	0	"[""NumStability.sylvester_practical_error_bound_of_schurDiagonal_computed_residual_certificate_mono_scalar""]"
command	NumStability.Algorithms.Sylvester.Higham16	NumStability.sylvester_practical_error_bound_of_schurDiagonal_computed_residual_budget	ilean	4873	0	4900	33	retain_historical	depends_on_retained_command	8	NumStability.Algorithms.Sylvester.Higham16	NumStability.sylvester_practical_error_bound_of_schurDiagonal_computed_residual_certificate	body	NumStability.sylvester_practical_error_bound_of_schurDiagonal_computed_residual_budget	NumStability.sylvester_practical_error_bound_of_schurDiagonal_computed_residual_certificate	1	0	"[""NumStability.sylvester_practical_error_bound_of_schurDiagonal_computed_residual_budget""]"
command	NumStability.Algorithms.Sylvester.Higham16	NumStability.sylvester_practical_error_bound_of_schurDiagonal_computed_residual_budget_mono	ilean	4902	0	4934	39	retain_historical	depends_on_retained_command	8	NumStability.Algorithms.Sylvester.Higham16	NumStability.sylvester_practical_error_bound_of_schurDiagonal_computed_residual_certificate_mono	body	NumStability.sylvester_practical_error_bound_of_schurDiagonal_computed_residual_budget_mono	NumStability.sylvester_practical_error_bound_of_schurDiagonal_computed_residual_certificate_mono	1	0	"[""NumStability.sylvester_practical_error_bound_of_schurDiagonal_computed_residual_budget_mono""]"
command	NumStability.Algorithms.Sylvester.Higham16	NumStability.sylvester_practical_error_bound_of_schurDiagonal_computed_residual_budget_scalar	ilean	4936	0	4963	49	retain_historical	depends_on_retained_command	8	NumStability.Algorithms.Sylvester.Higham16	NumStability.sylvester_practical_error_bound_of_schurDiagonal_computed_residual_certificate_scalar	body	NumStability.sylvester_practical_error_bound_of_schurDiagonal_computed_residual_budget_scalar	NumStability.sylvester_practical_error_bound_of_schurDiagonal_computed_residual_certificate_scalar	1	0	"[""NumStability.sylvester_practical_error_bound_of_schurDiagonal_computed_residual_budget_scalar""]"
command	NumStability.Algorithms.Sylvester.Higham16	NumStability.sylvester_practical_error_bound_of_schurDiagonal_computed_residual_budget_mono_scalar	ilean	4965	0	4999	55	retain_historical	depends_on_retained_command	8	NumStability.Algorithms.Sylvester.Higham16	NumStability.sylvester_practical_error_bound_of_schurDiagonal_computed_residual_certificate_mono_scalar	body	NumStability.sylvester_practical_error_bound_of_schurDiagonal_computed_residual_budget_mono_scalar	NumStability.sylvester_practical_error_bound_of_schurDiagonal_computed_residual_certificate_mono_scalar	1	0	"[""NumStability.sylvester_practical_error_bound_of_schurDiagonal_computed_residual_budget_mono_scalar""]"
command	NumStability.Algorithms.Sylvester.Higham16	NumStability.sylvester_practical_error_bound_of_schurDiagonal_computed_residual_error_model	ilean	5001	0	5032	11	retain_historical	depends_on_retained_command	8	NumStability.Algorithms.Sylvester.Higham16	NumStability.sylvester_practical_error_bound_of_schurDiagonal_computed_residual_certificate	body	NumStability.sylvester_practical_error_bound_of_schurDiagonal_computed_residual_error_model	NumStability.sylvester_practical_error_bound_of_schurDiagonal_computed_residual_certificate	1	0	"[""NumStability.sylvester_practical_error_bound_of_schurDiagonal_computed_residual_error_model""]"
command	NumStability.Algorithms.Sylvester.Higham16	NumStability.sylvester_practical_error_bound_of_schurDiagonal_computed_residual_error_model_mono	ilean	5034	0	5071	36	retain_historical	depends_on_retained_command	8	NumStability.Algorithms.Sylvester.Higham16	NumStability.sylvester_practical_error_bound_of_schurDiagonal_computed_residual_certificate_mono	body	NumStability.sylvester_practical_error_bound_of_schurDiagonal_computed_residual_error_model_mono	NumStability.sylvester_practical_error_bound_of_schurDiagonal_computed_residual_certificate_mono	1	0	"[""NumStability.sylvester_practical_error_bound_of_schurDiagonal_computed_residual_error_model_mono""]"
command	NumStability.Algorithms.Sylvester.Higham16	NumStability.sylvester_practical_error_bound_of_schurDiagonal_computed_residual_error_model_scalar	ilean	5073	0	5103	27	retain_historical	depends_on_retained_command	8	NumStability.Algorithms.Sylvester.Higham16	NumStability.sylvester_practical_error_bound_of_schurDiagonal_computed_residual_certificate_scalar	body	NumStability.sylvester_practical_error_bound_of_schurDiagonal_computed_residual_error_model_scalar	NumStability.sylvester_practical_error_bound_of_schurDiagonal_computed_residual_certificate_scalar	1	0	"[""NumStability.sylvester_practical_error_bound_of_schurDiagonal_computed_residual_error_model_scalar""]"
command	NumStability.Algorithms.Sylvester.Higham16	NumStability.sylvester_practical_error_bound_of_schurDiagonal_computed_residual_error_model_mono_scalar	ilean	5105	0	5144	52	retain_historical	depends_on_retained_command	8	NumStability.Algorithms.Sylvester.Higham16	NumStability.sylvester_practical_error_bound_of_schurDiagonal_computed_residual_certificate_mono_scalar	body	NumStability.sylvester_practical_error_bound_of_schurDiagonal_computed_residual_error_model_mono_scalar	NumStability.sylvester_practical_error_bound_of_schurDiagonal_computed_residual_certificate_mono_scalar	1	0	"[""NumStability.sylvester_practical_error_bound_of_schurDiagonal_computed_residual_error_model_mono_scalar""]"
command	NumStability.Algorithms.Sylvester.Higham16	NumStability.sylvesterVecCoeff_schurDiagonal_det_ne_zero_of_entrywise_ne_square	ilean	5146	0	5168	42	retain_historical	depends_on_retained_command	7	NumStability.Algorithms.Sylvester.Higham16	NumStability.sylvesterVecCoeff_schurDiagonal_det_ne_zero	body	NumStability.sylvesterVecCoeff_schurDiagonal_det_ne_zero_of_entrywise_ne_square	NumStability.sylvesterVecCoeff_schurDiagonal_det_ne_zero	1	0	"[""NumStability.sylvesterVecCoeff_schurDiagonal_det_ne_zero_of_entrywise_ne_square""]"
command	NumStability.Algorithms.Sylvester.Higham16	NumStability.sylvester_practical_error_bound_of_schurDiagonal_entrywise_ne_computed_residual_budget	ilean	5170	0	5201	24	retain_historical	depends_on_retained_command	8	NumStability.Algorithms.Sylvester.Higham16	NumStability.sylvesterVecCoeff_schurDiagonal_det_ne_zero_of_entrywise_ne_square	body	NumStability.sylvester_practical_error_bound_of_schurDiagonal_entrywise_ne_computed_residual_budget	NumStability.sylvesterVecCoeff_schurDiagonal_det_ne_zero_of_entrywise_ne_square	1	0	"[""NumStability.sylvester_practical_error_bound_of_schurDiagonal_entrywise_ne_computed_residual_budget""]"
command	NumStability.Algorithms.Sylvester.Higham16	NumStability.sylvester_practical_error_bound_of_schurDiagonal_entrywise_ne_computed_residual_frobenius_error_model	ilean	5203	0	5237	29	retain_historical	depends_on_retained_command	8	NumStability.Algorithms.Sylvester.Higham16	NumStability.sylvesterVecCoeff_schurDiagonal_det_ne_zero_of_entrywise_ne_square	body	NumStability.sylvester_practical_error_bound_of_schurDiagonal_entrywise_ne_computed_residual_frobenius_error_model	NumStability.sylvesterVecCoeff_schurDiagonal_det_ne_zero_of_entrywise_ne_square	1	0	"[""NumStability.sylvester_practical_error_bound_of_schurDiagonal_entrywise_ne_computed_residual_frobenius_error_model""]"
command	NumStability.Algorithms.Sylvester.Higham16	NumStability.lyapunov_solution_iff_sylvester_special	ilean	5243	0	5260	13	move_candidate	closure_free							1	0	"[""NumStability.lyapunov_solution_iff_sylvester_special""]"
command	NumStability.Algorithms.Sylvester.Higham16	NumStability.lyapunov_unique_solution_of_sep	ilean	5262	0	5275	63	move_candidate	closure_free							1	0	"[""NumStability.lyapunov_unique_solution_of_sep""]"
command	NumStability.Algorithms.Sylvester.Higham16	NumStability.lyapunov_transpose_solution_of_symmetric_rhs	ilean	5277	0	5310	23	move_candidate	closure_free							1	0	"[""NumStability.lyapunov_transpose_solution_of_symmetric_rhs""]"
command	NumStability.Algorithms.Sylvester.Higham16	NumStability.lyapunov_solution_symmetric_of_symmetric_rhs	ilean	5312	0	5327	17	move_candidate	closure_free							1	0	"[""NumStability.lyapunov_solution_symmetric_of_symmetric_rhs""]"
command	NumStability.Algorithms.Sylvester.Higham16	NumStability.H16_Lyapunov_solution_iff_sylvester_special	source_alias	5331	0	5332	41	move_candidate	closure_free							1	0	"[""NumStability.H16_Lyapunov_solution_iff_sylvester_special""]"
command	NumStability.Algorithms.Sylvester.Higham16	NumStability.H16_Lyapunov_unique_solution_of_sep	source_alias	5336	0	5337	33	move_candidate	closure_free							1	0	"[""NumStability.H16_Lyapunov_unique_solution_of_sep""]"
command	NumStability.Algorithms.Sylvester.Higham16	NumStability.H16_Lyapunov_transpose_solution_of_symmetric_rhs	source_alias	5341	0	5342	46	move_candidate	closure_free							1	0	"[""NumStability.H16_Lyapunov_transpose_solution_of_symmetric_rhs""]"
command	NumStability.Algorithms.Sylvester.Higham16	NumStability.H16_Lyapunov_solution_symmetric_of_symmetric_rhs	source_alias	5346	0	5347	46	move_candidate	closure_free							1	0	"[""NumStability.H16_Lyapunov_solution_symmetric_of_symmetric_rhs""]"
command	NumStability.Algorithms.Sylvester.Higham16	NumStability.sylvesterSepRatios	ilean	5353	0	5359	56	move_candidate	closure_free							1	0	"[""NumStability.sylvesterSepRatios""]"
command	NumStability.Algorithms.Sylvester.Higham16	NumStability.sylvesterSepInf	ilean	5361	0	5366	33	move_candidate	closure_free							1	0	"[""NumStability.sylvesterSepInf""]"
command	NumStability.Algorithms.Sylvester.Higham16	NumStability.sylvesterSepRatios_bddBelow	ilean	5368	0	5378	66	move_candidate	closure_free							1	0	"[""NumStability.sylvesterSepRatios_bddBelow""]"
command	NumStability.Algorithms.Sylvester.Higham16	NumStability.sylvesterSepInf_nonneg	ilean	5380	0	5389	58	move_candidate	closure_free							1	0	"[""NumStability.sylvesterSepInf_nonneg""]"
command	NumStability.Algorithms.Sylvester.Higham16	NumStability.sylvesterSepInf_le_ratio	ilean	5391	0	5397	39	move_candidate	closure_free							1	0	"[""NumStability.sylvesterSepInf_le_ratio""]"
command	NumStability.Algorithms.Sylvester.Higham16	NumStability.sylvesterSepRatios_nonempty_of_pos_dim	ilean	5399	0	5416	19	move_candidate	closure_free							1	0	"[""NumStability.sylvesterSepRatios_nonempty_of_pos_dim""]"
command	NumStability.Algorithms.Sylvester.Higham16	NumStability.H16_eq16_26_sylvesterSepRatios	ilean	5418	0	5421	59	move_candidate	closure_free							1	0	"[""NumStability.H16_eq16_26_sylvesterSepRatios""]"
command	NumStability.Algorithms.Sylvester.Higham16	NumStability.H16_eq16_26_sylvesterSepInf	ilean	5423	0	5425	67	move_candidate	closure_free							1	0	"[""NumStability.H16_eq16_26_sylvesterSepInf""]"
command	NumStability.Algorithms.Sylvester.Higham16	NumStability.H16_eq16_26_sylvesterSepRatios_bddBelow	source_alias	5429	0	5430	29	move_candidate	closure_free							1	0	"[""NumStability.H16_eq16_26_sylvesterSepRatios_bddBelow""]"
command	NumStability.Algorithms.Sylvester.Higham16	NumStability.H16_eq16_26_sylvesterSepInf_nonneg	source_alias	5435	0	5436	24	move_candidate	closure_free							1	0	"[""NumStability.H16_eq16_26_sylvesterSepInf_nonneg""]"
command	NumStability.Algorithms.Sylvester.Higham16	NumStability.H16_eq16_26_sylvesterSepInf_le_ratio	source_alias	5441	0	5442	26	move_candidate	closure_free							1	0	"[""NumStability.H16_eq16_26_sylvesterSepInf_le_ratio""]"
command	NumStability.Algorithms.Sylvester.Higham16	NumStability.H16_eq16_26_sylvesterSepRatios_nonempty_of_pos_dim	source_alias	5447	0	5448	40	move_candidate	closure_free							1	0	"[""NumStability.H16_eq16_26_sylvesterSepRatios_nonempty_of_pos_dim""]"
command	NumStability.Algorithms.Sylvester.Higham16	NumStability.SepLowerBound_diagonal_of_entrywise_abs_ge	ilean	5450	0	5488	33	move_candidate	closure_free							1	0	"[""NumStability.SepLowerBound_diagonal_of_entrywise_abs_ge""]"
command	NumStability.Algorithms.Sylvester.Higham16	NumStability.exists_nonzero_sylvesterOp_diagonal_kernel_of_common_entry	ilean	5490	0	5519	61	move_candidate	closure_free							1	0	"[""NumStability.exists_nonzero_sylvesterOp_diagonal_kernel_of_common_entry""]"
command	NumStability.Algorithms.Sylvester.Higham16	NumStability.sylvesterSepInf_diagonal_eq_zero_of_common_entry	ilean	5521	0	5537	70	move_candidate	closure_free							1	0	"[""NumStability.sylvesterSepInf_diagonal_eq_zero_of_common_entry""]"
command	NumStability.Algorithms.Sylvester.Higham16	NumStability.SepLowerBound_le_sylvesterSepInf_of_nonempty	ilean	5539	0	5580	77	move_candidate	closure_free							1	0	"[""NumStability.SepLowerBound_le_sylvesterSepInf_of_nonempty""]"
command	NumStability.Algorithms.Sylvester.Higham16	NumStability.SepLowerBound_le_sylvesterSepInf_of_pos_dim	ilean	5582	0	5590	55	move_candidate	closure_free							1	0	"[""NumStability.SepLowerBound_le_sylvesterSepInf_of_pos_dim""]"
command	NumStability.Algorithms.Sylvester.Higham16	NumStability.sylvesterSepInf_diagonal_ge_of_entrywise_abs_ge	ilean	5592	0	5606	9	move_candidate	closure_free							1	0	"[""NumStability.sylvesterSepInf_diagonal_ge_of_entrywise_abs_ge""]"
command	NumStability.Algorithms.Sylvester.Higham16	NumStability.sylvesterSepInf_diagonal_ge_of_entrywise_abs_ge_of_pos_dim	ilean	5608	0	5620	77	move_candidate	closure_free							1	0	"[""NumStability.sylvesterSepInf_diagonal_ge_of_entrywise_abs_ge_of_pos_dim""]"
command	NumStability.Algorithms.Sylvester.Higham16	NumStability.H16_eq16_26_SepLowerBound_diagonal_of_entrywise_abs_ge	source_alias	5624	0	5625	44	move_candidate	closure_free							1	0	"[""NumStability.H16_eq16_26_SepLowerBound_diagonal_of_entrywise_abs_ge""]"
command	NumStability.Algorithms.Sylvester.Higham16	NumStability.H16_eq16_26_exists_nonzero_sylvesterOp_diagonal_kernel_of_common_entry	source_alias	5630	0	5631	60	move_candidate	closure_free							1	0	"[""NumStability.H16_eq16_26_exists_nonzero_sylvesterOp_diagonal_kernel_of_common_entry""]"
command	NumStability.Algorithms.Sylvester.Higham16	NumStability.H16_eq16_26_sylvesterSepInf_diagonal_eq_zero_of_common_entry	source_alias	5635	0	5636	50	move_candidate	closure_free							1	0	"[""NumStability.H16_eq16_26_sylvesterSepInf_diagonal_eq_zero_of_common_entry""]"
command	NumStability.Algorithms.Sylvester.Higham16	NumStability.H16_eq16_26_sylvesterSepInf_diagonal_ge_of_entrywise_abs_ge	source_alias	5641	0	5642	49	move_candidate	closure_free							1	0	"[""NumStability.H16_eq16_26_sylvesterSepInf_diagonal_ge_of_entrywise_abs_ge""]"
command	NumStability.Algorithms.Sylvester.Higham16	NumStability.H16_eq16_26_sylvesterSepInf_diagonal_ge_of_entrywise_abs_ge_of_pos_dim	source_alias	5647	0	5648	60	move_candidate	closure_free							1	0	"[""NumStability.H16_eq16_26_sylvesterSepInf_diagonal_ge_of_entrywise_abs_ge_of_pos_dim""]"
command	NumStability.Algorithms.Sylvester.Higham16	NumStability.SepLowerBound_of_pos_le_sylvesterSepInf	ilean	5650	0	5689	17	move_candidate	closure_free							1	0	"[""NumStability.SepLowerBound_of_pos_le_sylvesterSepInf""]"
command	NumStability.Algorithms.Sylvester.Higham16	NumStability.SepLowerBound_iff_pos_le_sylvesterSepInf_of_nonempty	ilean	5691	0	5704	69	move_candidate	closure_free							1	0	"[""NumStability.SepLowerBound_iff_pos_le_sylvesterSepInf_of_nonempty""]"
command	NumStability.Algorithms.Sylvester.Higham16	NumStability.SepLowerBound_iff_pos_le_sylvesterSepInf_of_pos_dim	ilean	5706	0	5714	55	move_candidate	closure_free							1	0	"[""NumStability.SepLowerBound_iff_pos_le_sylvesterSepInf_of_pos_dim""]"
command	NumStability.Algorithms.Sylvester.Higham16	NumStability.H16_eq16_26_SepLowerBound_le_sylvesterSepInf_of_nonempty	source_alias	5720	0	5721	46	move_candidate	closure_free							1	0	"[""NumStability.H16_eq16_26_SepLowerBound_le_sylvesterSepInf_of_nonempty""]"
command	NumStability.Algorithms.Sylvester.Higham16	NumStability.H16_eq16_26_SepLowerBound_le_sylvesterSepInf_of_pos_dim	source_alias	5726	0	5727	45	move_candidate	closure_free							1	0	"[""NumStability.H16_eq16_26_SepLowerBound_le_sylvesterSepInf_of_pos_dim""]"
command	NumStability.Algorithms.Sylvester.Higham16	NumStability.H16_eq16_26_SepLowerBound_of_pos_le_sylvesterSepInf	source_alias	5732	0	5733	41	move_candidate	closure_free							1	0	"[""NumStability.H16_eq16_26_SepLowerBound_of_pos_le_sylvesterSepInf""]"
command	NumStability.Algorithms.Sylvester.Higham16	NumStability.H16_eq16_26_SepLowerBound_iff_pos_le_sylvesterSepInf_of_nonempty	source_alias	5738	0	5739	54	move_candidate	closure_free							1	0	"[""NumStability.H16_eq16_26_SepLowerBound_iff_pos_le_sylvesterSepInf_of_nonempty""]"
command	NumStability.Algorithms.Sylvester.Higham16	NumStability.H16_eq16_26_SepLowerBound_iff_pos_le_sylvesterSepInf_of_pos_dim	source_alias	5744	0	5745	53	move_candidate	closure_free							1	0	"[""NumStability.H16_eq16_26_SepLowerBound_iff_pos_le_sylvesterSepInf_of_pos_dim""]"
command	NumStability.Algorithms.Sylvester.Higham16	_private.NumStability.Algorithms.Sylvester.Higham16.0.NumStability.sylvesterVecCoeff_det_ne_zero_of_sepLowerBound	ilean	5747	0	5795	55	retain_historical	private_seed	0						1	1	"[""_private.NumStability.Algorithms.Sylvester.Higham16.0.NumStability.sylvesterVecCoeff_det_ne_zero_of_sepLowerBound""]"
command	NumStability.Algorithms.Sylvester.Higham16	_private.NumStability.Algorithms.Sylvester.Higham16.0.NumStability.sylvesterVecCoeff_det_ne_zero_of_pos_le_sylvesterSepInf	ilean	5797	0	5804	70	retain_historical	private_seed	0						1	1	"[""_private.NumStability.Algorithms.Sylvester.Higham16.0.NumStability.sylvesterVecCoeff_det_ne_zero_of_pos_le_sylvesterSepInf""]"
command	NumStability.Algorithms.Sylvester.Higham16	NumStability.sylvester_practical_error_bound_of_sepLowerBound_computed_residual_certificate	ilean	5806	0	5827	22	retain_historical	depends_on_retained_command	1	NumStability.Algorithms.Sylvester.Higham16	_private.NumStability.Algorithms.Sylvester.Higham16.0.NumStability.sylvesterVecCoeff_det_ne_zero_of_sepLowerBound	body	NumStability.sylvester_practical_error_bound_of_sepLowerBound_computed_residual_certificate	_private.NumStability.Algorithms.Sylvester.Higham16.0.NumStability.sylvesterVecCoeff_det_ne_zero_of_sepLowerBound	1	0	"[""NumStability.sylvester_practical_error_bound_of_sepLowerBound_computed_residual_certificate""]"
command	NumStability.Algorithms.Sylvester.Higham16	NumStability.sylvester_practical_error_bound_of_sepLowerBound_computed_residual_certificate_scalar	ilean	5829	0	5851	38	retain_historical	depends_on_retained_command	1	NumStability.Algorithms.Sylvester.Higham16	_private.NumStability.Algorithms.Sylvester.Higham16.0.NumStability.sylvesterVecCoeff_det_ne_zero_of_sepLowerBound	body	NumStability.sylvester_practical_error_bound_of_sepLowerBound_computed_residual_certificate_scalar	_private.NumStability.Algorithms.Sylvester.Higham16.0.NumStability.sylvesterVecCoeff_det_ne_zero_of_sepLowerBound	1	0	"[""NumStability.sylvester_practical_error_bound_of_sepLowerBound_computed_residual_certificate_scalar""]"
command	NumStability.Algorithms.Sylvester.Higham16	NumStability.sylvester_practical_abs_error_bound_of_sepLowerBound_computed_residual_certificate	ilean	5853	0	5871	16	retain_historical	depends_on_retained_command	1	NumStability.Algorithms.Sylvester.Higham16	_private.NumStability.Algorithms.Sylvester.Higham16.0.NumStability.sylvesterVecCoeff_det_ne_zero_of_sepLowerBound	body	NumStability.sylvester_practical_abs_error_bound_of_sepLowerBound_computed_residual_certificate	_private.NumStability.Algorithms.Sylvester.Higham16.0.NumStability.sylvesterVecCoeff_det_ne_zero_of_sepLowerBound	1	0	"[""NumStability.sylvester_practical_abs_error_bound_of_sepLowerBound_computed_residual_certificate""]"
command	NumStability.Algorithms.Sylvester.Higham16	NumStability.sylvester_practical_abs_error_bound_of_sepLowerBound_computed_residual_certificate_scalar	ilean	5873	0	5892	32	retain_historical	depends_on_retained_command	1	NumStability.Algorithms.Sylvester.Higham16	_private.NumStability.Algorithms.Sylvester.Higham16.0.NumStability.sylvesterVecCoeff_det_ne_zero_of_sepLowerBound	body	NumStability.sylvester_practical_abs_error_bound_of_sepLowerBound_computed_residual_certificate_scalar	_private.NumStability.Algorithms.Sylvester.Higham16.0.NumStability.sylvesterVecCoeff_det_ne_zero_of_sepLowerBound	1	0	"[""NumStability.sylvester_practical_abs_error_bound_of_sepLowerBound_computed_residual_certificate_scalar""]"
command	NumStability.Algorithms.Sylvester.Higham16	NumStability.sylvester_practical_abs_error_bound_of_sepLowerBound_computed_residual_certificate_mono	ilean	5894	0	5915	41	retain_historical	depends_on_retained_command	1	NumStability.Algorithms.Sylvester.Higham16	_private.NumStability.Algorithms.Sylvester.Higham16.0.NumStability.sylvesterVecCoeff_det_ne_zero_of_sepLowerBound	body	NumStability.sylvester_practical_abs_error_bound_of_sepLowerBound_computed_residual_certificate_mono	_private.NumStability.Algorithms.Sylvester.Higham16.0.NumStability.sylvesterVecCoeff_det_ne_zero_of_sepLowerBound	1	0	"[""NumStability.sylvester_practical_abs_error_bound_of_sepLowerBound_computed_residual_certificate_mono""]"
command	NumStability.Algorithms.Sylvester.Higham16	NumStability.sylvester_practical_abs_error_bound_of_sepLowerBound_computed_residual_certificate_mono_scalar	ilean	5917	0	5940	57	retain_historical	depends_on_retained_command	1	NumStability.Algorithms.Sylvester.Higham16	_private.NumStability.Algorithms.Sylvester.Higham16.0.NumStability.sylvesterVecCoeff_det_ne_zero_of_sepLowerBound	body	NumStability.sylvester_practical_abs_error_bound_of_sepLowerBound_computed_residual_certificate_mono_scalar	_private.NumStability.Algorithms.Sylvester.Higham16.0.NumStability.sylvesterVecCoeff_det_ne_zero_of_sepLowerBound	1	0	"[""NumStability.sylvester_practical_abs_error_bound_of_sepLowerBound_computed_residual_certificate_mono_scalar""]"
command	NumStability.Algorithms.Sylvester.Higham16	NumStability.sylvester_practical_error_bound_of_sepLowerBound_computed_residual_certificate_mono	ilean	5942	0	5967	47	retain_historical	depends_on_retained_command	1	NumStability.Algorithms.Sylvester.Higham16	_private.NumStability.Algorithms.Sylvester.Higham16.0.NumStability.sylvesterVecCoeff_det_ne_zero_of_sepLowerBound	body	NumStability.sylvester_practical_error_bound_of_sepLowerBound_computed_residual_certificate_mono	_private.NumStability.Algorithms.Sylvester.Higham16.0.NumStability.sylvesterVecCoeff_det_ne_zero_of_sepLowerBound	1	0	"[""NumStability.sylvester_practical_error_bound_of_sepLowerBound_computed_residual_certificate_mono""]"
command	NumStability.Algorithms.Sylvester.Higham16	NumStability.sylvester_practical_error_bound_of_sepLowerBound_computed_residual_certificate_mono_scalar	ilean	5969	0	5995	63	retain_historical	depends_on_retained_command	1	NumStability.Algorithms.Sylvester.Higham16	_private.NumStability.Algorithms.Sylvester.Higham16.0.NumStability.sylvesterVecCoeff_det_ne_zero_of_sepLowerBound	body	NumStability.sylvester_practical_error_bound_of_sepLowerBound_computed_residual_certificate_mono_scalar	_private.NumStability.Algorithms.Sylvester.Higham16.0.NumStability.sylvesterVecCoeff_det_ne_zero_of_sepLowerBound	1	0	"[""NumStability.sylvester_practical_error_bound_of_sepLowerBound_computed_residual_certificate_mono_scalar""]"
command	NumStability.Algorithms.Sylvester.Higham16	NumStability.sylvester_practical_error_bound_of_sepLowerBound_computed_residual_budget	ilean	5997	0	6018	24	retain_historical	depends_on_retained_command	1	NumStability.Algorithms.Sylvester.Higham16	_private.NumStability.Algorithms.Sylvester.Higham16.0.NumStability.sylvesterVecCoeff_det_ne_zero_of_sepLowerBound	body	NumStability.sylvester_practical_error_bound_of_sepLowerBound_computed_residual_budget	_private.NumStability.Algorithms.Sylvester.Higham16.0.NumStability.sylvesterVecCoeff_det_ne_zero_of_sepLowerBound	1	0	"[""NumStability.sylvester_practical_error_bound_of_sepLowerBound_computed_residual_budget""]"
command	NumStability.Algorithms.Sylvester.Higham16	NumStability.sylvester_practical_error_bound_of_sepLowerBound_computed_residual_budget_mono	ilean	6020	0	6046	56	retain_historical	depends_on_retained_command	1	NumStability.Algorithms.Sylvester.Higham16	_private.NumStability.Algorithms.Sylvester.Higham16.0.NumStability.sylvesterVecCoeff_det_ne_zero_of_sepLowerBound	body	NumStability.sylvester_practical_error_bound_of_sepLowerBound_computed_residual_budget_mono	_private.NumStability.Algorithms.Sylvester.Higham16.0.NumStability.sylvesterVecCoeff_det_ne_zero_of_sepLowerBound	1	0	"[""NumStability.sylvester_practical_error_bound_of_sepLowerBound_computed_residual_budget_mono""]"
command	NumStability.Algorithms.Sylvester.Higham16	NumStability.sylvester_practical_error_bound_of_sepLowerBound_computed_residual_budget_scalar	ilean	6048	0	6071	40	retain_historical	depends_on_retained_command	1	NumStability.Algorithms.Sylvester.Higham16	_private.NumStability.Algorithms.Sylvester.Higham16.0.NumStability.sylvesterVecCoeff_det_ne_zero_of_sepLowerBound	body	NumStability.sylvester_practical_error_bound_of_sepLowerBound_computed_residual_budget_scalar	_private.NumStability.Algorithms.Sylvester.Higham16.0.NumStability.sylvesterVecCoeff_det_ne_zero_of_sepLowerBound	1	0	"[""NumStability.sylvester_practical_error_bound_of_sepLowerBound_computed_residual_budget_scalar""]"
command	NumStability.Algorithms.Sylvester.Higham16	NumStability.sylvester_practical_error_bound_of_sepLowerBound_computed_residual_budget_mono_scalar	ilean	6073	0	6102	72	retain_historical	depends_on_retained_command	1	NumStability.Algorithms.Sylvester.Higham16	_private.NumStability.Algorithms.Sylvester.Higham16.0.NumStability.sylvesterVecCoeff_det_ne_zero_of_sepLowerBound	body	NumStability.sylvester_practical_error_bound_of_sepLowerBound_computed_residual_budget_mono_scalar	_private.NumStability.Algorithms.Sylvester.Higham16.0.NumStability.sylvesterVecCoeff_det_ne_zero_of_sepLowerBound	1	0	"[""NumStability.sylvester_practical_error_bound_of_sepLowerBound_computed_residual_budget_mono_scalar""]"
command	NumStability.Algorithms.Sylvester.Higham16	NumStability.sylvester_practical_abs_error_bound_of_sepLowerBound_computed_residual_budget_mono	ilean	6104	0	6127	50	retain_historical	depends_on_retained_command	1	NumStability.Algorithms.Sylvester.Higham16	_private.NumStability.Algorithms.Sylvester.Higham16.0.NumStability.sylvesterVecCoeff_det_ne_zero_of_sepLowerBound	body	NumStability.sylvester_practical_abs_error_bound_of_sepLowerBound_computed_residual_budget_mono	_private.NumStability.Algorithms.Sylvester.Higham16.0.NumStability.sylvesterVecCoeff_det_ne_zero_of_sepLowerBound	1	0	"[""NumStability.sylvester_practical_abs_error_bound_of_sepLowerBound_computed_residual_budget_mono""]"
command	NumStability.Algorithms.Sylvester.Higham16	NumStability.sylvester_practical_abs_error_bound_of_sepLowerBound_computed_residual_budget_mono_scalar	ilean	6129	0	6154	66	retain_historical	depends_on_retained_command	1	NumStability.Algorithms.Sylvester.Higham16	_private.NumStability.Algorithms.Sylvester.Higham16.0.NumStability.sylvesterVecCoeff_det_ne_zero_of_sepLowerBound	body	NumStability.sylvester_practical_abs_error_bound_of_sepLowerBound_computed_residual_budget_mono_scalar	_private.NumStability.Algorithms.Sylvester.Higham16.0.NumStability.sylvesterVecCoeff_det_ne_zero_of_sepLowerBound	1	0	"[""NumStability.sylvester_practical_abs_error_bound_of_sepLowerBound_computed_residual_budget_mono_scalar""]"
command	NumStability.Algorithms.Sylvester.Higham16	NumStability.sylvester_practical_error_bound_of_sepLowerBound_computed_residual_error_model	ilean	6156	0	6178	28	retain_historical	depends_on_retained_command	1	NumStability.Algorithms.Sylvester.Higham16	_private.NumStability.Algorithms.Sylvester.Higham16.0.NumStability.sylvesterVecCoeff_det_ne_zero_of_sepLowerBound	body	NumStability.sylvester_practical_error_bound_of_sepLowerBound_computed_residual_error_model	_private.NumStability.Algorithms.Sylvester.Higham16.0.NumStability.sylvesterVecCoeff_det_ne_zero_of_sepLowerBound	1	0	"[""NumStability.sylvester_practical_error_bound_of_sepLowerBound_computed_residual_error_model""]"
command	NumStability.Algorithms.Sylvester.Higham16	NumStability.sylvester_practical_error_bound_of_sepLowerBound_computed_residual_error_model_scalar	ilean	6180	0	6205	44	retain_historical	depends_on_retained_command	1	NumStability.Algorithms.Sylvester.Higham16	_private.NumStability.Algorithms.Sylvester.Higham16.0.NumStability.sylvesterVecCoeff_det_ne_zero_of_sepLowerBound	body	NumStability.sylvester_practical_error_bound_of_sepLowerBound_computed_residual_error_model_scalar	_private.NumStability.Algorithms.Sylvester.Higham16.0.NumStability.sylvesterVecCoeff_det_ne_zero_of_sepLowerBound	1	0	"[""NumStability.sylvester_practical_error_bound_of_sepLowerBound_computed_residual_error_model_scalar""]"
command	NumStability.Algorithms.Sylvester.Higham16	NumStability.sylvester_practical_error_bound_of_sepLowerBound_computed_residual_error_model_mono	ilean	6207	0	6234	59	retain_historical	depends_on_retained_command	1	NumStability.Algorithms.Sylvester.Higham16	_private.NumStability.Algorithms.Sylvester.Higham16.0.NumStability.sylvesterVecCoeff_det_ne_zero_of_sepLowerBound	body	NumStability.sylvester_practical_error_bound_of_sepLowerBound_computed_residual_error_model_mono	_private.NumStability.Algorithms.Sylvester.Higham16.0.NumStability.sylvesterVecCoeff_det_ne_zero_of_sepLowerBound	1	0	"[""NumStability.sylvester_practical_error_bound_of_sepLowerBound_computed_residual_error_model_mono""]"
command	NumStability.Algorithms.Sylvester.Higham16	NumStability.sylvester_practical_error_bound_of_sepLowerBound_computed_residual_error_model_mono_scalar	ilean	6236	0	6266	75	retain_historical	depends_on_retained_command	1	NumStability.Algorithms.Sylvester.Higham16	_private.NumStability.Algorithms.Sylvester.Higham16.0.NumStability.sylvesterVecCoeff_det_ne_zero_of_sepLowerBound	body	NumStability.sylvester_practical_error_bound_of_sepLowerBound_computed_residual_error_model_mono_scalar	_private.NumStability.Algorithms.Sylvester.Higham16.0.NumStability.sylvesterVecCoeff_det_ne_zero_of_sepLowerBound	1	0	"[""NumStability.sylvester_practical_error_bound_of_sepLowerBound_computed_residual_error_model_mono_scalar""]"
command	NumStability.Algorithms.Sylvester.Higham16	NumStability.sylvester_practical_abs_error_bound_of_sepLowerBound_computed_residual_error_model_mono	ilean	6268	0	6292	53	retain_historical	depends_on_retained_command	1	NumStability.Algorithms.Sylvester.Higham16	_private.NumStability.Algorithms.Sylvester.Higham16.0.NumStability.sylvesterVecCoeff_det_ne_zero_of_sepLowerBound	body	NumStability.sylvester_practical_abs_error_bound_of_sepLowerBound_computed_residual_error_model_mono	_private.NumStability.Algorithms.Sylvester.Higham16.0.NumStability.sylvesterVecCoeff_det_ne_zero_of_sepLowerBound	1	0	"[""NumStability.sylvester_practical_abs_error_bound_of_sepLowerBound_computed_residual_error_model_mono""]"
command	NumStability.Algorithms.Sylvester.Higham16	NumStability.sylvester_practical_abs_error_bound_of_sepLowerBound_computed_residual_error_model_mono_scalar	ilean	6294	0	6320	69	retain_historical	depends_on_retained_command	1	NumStability.Algorithms.Sylvester.Higham16	_private.NumStability.Algorithms.Sylvester.Higham16.0.NumStability.sylvesterVecCoeff_det_ne_zero_of_sepLowerBound	body	NumStability.sylvester_practical_abs_error_bound_of_sepLowerBound_computed_residual_error_model_mono_scalar	_private.NumStability.Algorithms.Sylvester.Higham16.0.NumStability.sylvesterVecCoeff_det_ne_zero_of_sepLowerBound	1	0	"[""NumStability.sylvester_practical_abs_error_bound_of_sepLowerBound_computed_residual_error_model_mono_scalar""]"
command	NumStability.Algorithms.Sylvester.Higham16	NumStability.sylvester_practical_error_bound_of_pos_le_sylvesterSepInf_computed_residual_certificate	ilean	6322	0	6342	22	retain_historical	depends_on_retained_command	1	NumStability.Algorithms.Sylvester.Higham16	_private.NumStability.Algorithms.Sylvester.Higham16.0.NumStability.sylvesterVecCoeff_det_ne_zero_of_pos_le_sylvesterSepInf	body	NumStability.sylvester_practical_error_bound_of_pos_le_sylvesterSepInf_computed_residual_certificate	_private.NumStability.Algorithms.Sylvester.Higham16.0.NumStability.sylvesterVecCoeff_det_ne_zero_of_pos_le_sylvesterSepInf	1	0	"[""NumStability.sylvester_practical_error_bound_of_pos_le_sylvesterSepInf_computed_residual_certificate""]"
command	NumStability.Algorithms.Sylvester.Higham16	NumStability.sylvester_practical_error_bound_of_pos_le_sylvesterSepInf_computed_residual_certificate_scalar	ilean	6344	0	6366	38	retain_historical	depends_on_retained_command	1	NumStability.Algorithms.Sylvester.Higham16	_private.NumStability.Algorithms.Sylvester.Higham16.0.NumStability.sylvesterVecCoeff_det_ne_zero_of_pos_le_sylvesterSepInf	body	NumStability.sylvester_practical_error_bound_of_pos_le_sylvesterSepInf_computed_residual_certificate_scalar	_private.NumStability.Algorithms.Sylvester.Higham16.0.NumStability.sylvesterVecCoeff_det_ne_zero_of_pos_le_sylvesterSepInf	1	0	"[""NumStability.sylvester_practical_error_bound_of_pos_le_sylvesterSepInf_computed_residual_certificate_scalar""]"
command	NumStability.Algorithms.Sylvester.Higham16	NumStability.sylvester_practical_abs_error_bound_of_pos_le_sylvesterSepInf_computed_residual_certificate	ilean	6368	0	6386	16	retain_historical	depends_on_retained_command	1	NumStability.Algorithms.Sylvester.Higham16	_private.NumStability.Algorithms.Sylvester.Higham16.0.NumStability.sylvesterVecCoeff_det_ne_zero_of_pos_le_sylvesterSepInf	body	NumStability.sylvester_practical_abs_error_bound_of_pos_le_sylvesterSepInf_computed_residual_certificate	_private.NumStability.Algorithms.Sylvester.Higham16.0.NumStability.sylvesterVecCoeff_det_ne_zero_of_pos_le_sylvesterSepInf	1	0	"[""NumStability.sylvester_practical_abs_error_bound_of_pos_le_sylvesterSepInf_computed_residual_certificate""]"
command	NumStability.Algorithms.Sylvester.Higham16	NumStability.sylvester_practical_abs_error_bound_of_pos_le_sylvesterSepInf_computed_residual_certificate_scalar	ilean	6388	0	6408	32	retain_historical	depends_on_retained_command	1	NumStability.Algorithms.Sylvester.Higham16	_private.NumStability.Algorithms.Sylvester.Higham16.0.NumStability.sylvesterVecCoeff_det_ne_zero_of_pos_le_sylvesterSepInf	body	NumStability.sylvester_practical_abs_error_bound_of_pos_le_sylvesterSepInf_computed_residual_certificate_scalar	_private.NumStability.Algorithms.Sylvester.Higham16.0.NumStability.sylvesterVecCoeff_det_ne_zero_of_pos_le_sylvesterSepInf	1	0	"[""NumStability.sylvester_practical_abs_error_bound_of_pos_le_sylvesterSepInf_computed_residual_certificate_scalar""]"
command	NumStability.Algorithms.Sylvester.Higham16	NumStability.sylvester_practical_abs_error_bound_of_pos_le_sylvesterSepInf_computed_residual_certificate_mono	ilean	6410	0	6433	41	retain_historical	depends_on_retained_command	1	NumStability.Algorithms.Sylvester.Higham16	_private.NumStability.Algorithms.Sylvester.Higham16.0.NumStability.sylvesterVecCoeff_det_ne_zero_of_pos_le_sylvesterSepInf	body	NumStability.sylvester_practical_abs_error_bound_of_pos_le_sylvesterSepInf_computed_residual_certificate_mono	_private.NumStability.Algorithms.Sylvester.Higham16.0.NumStability.sylvesterVecCoeff_det_ne_zero_of_pos_le_sylvesterSepInf	1	0	"[""NumStability.sylvester_practical_abs_error_bound_of_pos_le_sylvesterSepInf_computed_residual_certificate_mono""]"
command	NumStability.Algorithms.Sylvester.Higham16	NumStability.sylvester_practical_abs_error_bound_of_pos_le_sylvesterSepInf_computed_residual_certificate_mono_scalar	ilean	6435	0	6460	57	retain_historical	depends_on_retained_command	1	NumStability.Algorithms.Sylvester.Higham16	_private.NumStability.Algorithms.Sylvester.Higham16.0.NumStability.sylvesterVecCoeff_det_ne_zero_of_pos_le_sylvesterSepInf	body	NumStability.sylvester_practical_abs_error_bound_of_pos_le_sylvesterSepInf_computed_residual_certificate_mono_scalar	_private.NumStability.Algorithms.Sylvester.Higham16.0.NumStability.sylvesterVecCoeff_det_ne_zero_of_pos_le_sylvesterSepInf	1	0	"[""NumStability.sylvester_practical_abs_error_bound_of_pos_le_sylvesterSepInf_computed_residual_certificate_mono_scalar""]"
command	NumStability.Algorithms.Sylvester.Higham16	NumStability.sylvester_practical_error_bound_of_pos_le_sylvesterSepInf_computed_residual_certificate_mono	ilean	6462	0	6488	47	retain_historical	depends_on_retained_command	1	NumStability.Algorithms.Sylvester.Higham16	_private.NumStability.Algorithms.Sylvester.Higham16.0.NumStability.sylvesterVecCoeff_det_ne_zero_of_pos_le_sylvesterSepInf	body	NumStability.sylvester_practical_error_bound_of_pos_le_sylvesterSepInf_computed_residual_certificate_mono	_private.NumStability.Algorithms.Sylvester.Higham16.0.NumStability.sylvesterVecCoeff_det_ne_zero_of_pos_le_sylvesterSepInf	1	0	"[""NumStability.sylvester_practical_error_bound_of_pos_le_sylvesterSepInf_computed_residual_certificate_mono""]"
command	NumStability.Algorithms.Sylvester.Higham16	NumStability.sylvester_practical_error_bound_of_pos_le_sylvesterSepInf_computed_residual_certificate_mono_scalar	ilean	6490	0	6518	63	retain_historical	depends_on_retained_command	1	NumStability.Algorithms.Sylvester.Higham16	_private.NumStability.Algorithms.Sylvester.Higham16.0.NumStability.sylvesterVecCoeff_det_ne_zero_of_pos_le_sylvesterSepInf	body	NumStability.sylvester_practical_error_bound_of_pos_le_sylvesterSepInf_computed_residual_certificate_mono_scalar	_private.NumStability.Algorithms.Sylvester.Higham16.0.NumStability.sylvesterVecCoeff_det_ne_zero_of_pos_le_sylvesterSepInf	1	0	"[""NumStability.sylvester_practical_error_bound_of_pos_le_sylvesterSepInf_computed_residual_certificate_mono_scalar""]"
command	NumStability.Algorithms.Sylvester.Higham16	NumStability.sylvester_practical_error_bound_of_pos_le_sylvesterSepInf_computed_residual_budget	ilean	6520	0	6542	24	retain_historical	depends_on_retained_command	1	NumStability.Algorithms.Sylvester.Higham16	_private.NumStability.Algorithms.Sylvester.Higham16.0.NumStability.sylvesterVecCoeff_det_ne_zero_of_pos_le_sylvesterSepInf	body	NumStability.sylvester_practical_error_bound_of_pos_le_sylvesterSepInf_computed_residual_budget	_private.NumStability.Algorithms.Sylvester.Higham16.0.NumStability.sylvesterVecCoeff_det_ne_zero_of_pos_le_sylvesterSepInf	1	0	"[""NumStability.sylvester_practical_error_bound_of_pos_le_sylvesterSepInf_computed_residual_budget""]"
command	NumStability.Algorithms.Sylvester.Higham16	NumStability.sylvester_practical_error_bound_of_pos_le_sylvesterSepInf_computed_residual_budget_mono	ilean	6544	0	6572	56	retain_historical	depends_on_retained_command	1	NumStability.Algorithms.Sylvester.Higham16	_private.NumStability.Algorithms.Sylvester.Higham16.0.NumStability.sylvesterVecCoeff_det_ne_zero_of_pos_le_sylvesterSepInf	body	NumStability.sylvester_practical_error_bound_of_pos_le_sylvesterSepInf_computed_residual_budget_mono	_private.NumStability.Algorithms.Sylvester.Higham16.0.NumStability.sylvesterVecCoeff_det_ne_zero_of_pos_le_sylvesterSepInf	1	0	"[""NumStability.sylvester_practical_error_bound_of_pos_le_sylvesterSepInf_computed_residual_budget_mono""]"
command	NumStability.Algorithms.Sylvester.Higham16	NumStability.sylvester_practical_error_bound_of_pos_le_sylvesterSepInf_computed_residual_budget_scalar	ilean	6574	0	6598	40	retain_historical	depends_on_retained_command	1	NumStability.Algorithms.Sylvester.Higham16	_private.NumStability.Algorithms.Sylvester.Higham16.0.NumStability.sylvesterVecCoeff_det_ne_zero_of_pos_le_sylvesterSepInf	body	NumStability.sylvester_practical_error_bound_of_pos_le_sylvesterSepInf_computed_residual_budget_scalar	_private.NumStability.Algorithms.Sylvester.Higham16.0.NumStability.sylvesterVecCoeff_det_ne_zero_of_pos_le_sylvesterSepInf	1	0	"[""NumStability.sylvester_practical_error_bound_of_pos_le_sylvesterSepInf_computed_residual_budget_scalar""]"
command	NumStability.Algorithms.Sylvester.Higham16	NumStability.sylvester_practical_error_bound_of_pos_le_sylvesterSepInf_computed_residual_budget_mono_scalar	ilean	6600	0	6630	72	retain_historical	depends_on_retained_command	1	NumStability.Algorithms.Sylvester.Higham16	_private.NumStability.Algorithms.Sylvester.Higham16.0.NumStability.sylvesterVecCoeff_det_ne_zero_of_pos_le_sylvesterSepInf	body	NumStability.sylvester_practical_error_bound_of_pos_le_sylvesterSepInf_computed_residual_budget_mono_scalar	_private.NumStability.Algorithms.Sylvester.Higham16.0.NumStability.sylvesterVecCoeff_det_ne_zero_of_pos_le_sylvesterSepInf	1	0	"[""NumStability.sylvester_practical_error_bound_of_pos_le_sylvesterSepInf_computed_residual_budget_mono_scalar""]"
command	NumStability.Algorithms.Sylvester.Higham16	NumStability.sylvester_practical_abs_error_bound_of_pos_le_sylvesterSepInf_computed_residual_budget_mono	ilean	6632	0	6657	50	retain_historical	depends_on_retained_command	1	NumStability.Algorithms.Sylvester.Higham16	_private.NumStability.Algorithms.Sylvester.Higham16.0.NumStability.sylvesterVecCoeff_det_ne_zero_of_pos_le_sylvesterSepInf	body	NumStability.sylvester_practical_abs_error_bound_of_pos_le_sylvesterSepInf_computed_residual_budget_mono	_private.NumStability.Algorithms.Sylvester.Higham16.0.NumStability.sylvesterVecCoeff_det_ne_zero_of_pos_le_sylvesterSepInf	1	0	"[""NumStability.sylvester_practical_abs_error_bound_of_pos_le_sylvesterSepInf_computed_residual_budget_mono""]"
command	NumStability.Algorithms.Sylvester.Higham16	NumStability.sylvester_practical_abs_error_bound_of_pos_le_sylvesterSepInf_computed_residual_budget_mono_scalar	ilean	6659	0	6686	66	retain_historical	depends_on_retained_command	1	NumStability.Algorithms.Sylvester.Higham16	_private.NumStability.Algorithms.Sylvester.Higham16.0.NumStability.sylvesterVecCoeff_det_ne_zero_of_pos_le_sylvesterSepInf	body	NumStability.sylvester_practical_abs_error_bound_of_pos_le_sylvesterSepInf_computed_residual_budget_mono_scalar	_private.NumStability.Algorithms.Sylvester.Higham16.0.NumStability.sylvesterVecCoeff_det_ne_zero_of_pos_le_sylvesterSepInf	1	0	"[""NumStability.sylvester_practical_abs_error_bound_of_pos_le_sylvesterSepInf_computed_residual_budget_mono_scalar""]"
command	NumStability.Algorithms.Sylvester.Higham16	NumStability.sylvester_practical_error_bound_of_pos_le_sylvesterSepInf_computed_residual_error_model	ilean	6688	0	6711	28	retain_historical	depends_on_retained_command	1	NumStability.Algorithms.Sylvester.Higham16	_private.NumStability.Algorithms.Sylvester.Higham16.0.NumStability.sylvesterVecCoeff_det_ne_zero_of_pos_le_sylvesterSepInf	body	NumStability.sylvester_practical_error_bound_of_pos_le_sylvesterSepInf_computed_residual_error_model	_private.NumStability.Algorithms.Sylvester.Higham16.0.NumStability.sylvesterVecCoeff_det_ne_zero_of_pos_le_sylvesterSepInf	1	0	"[""NumStability.sylvester_practical_error_bound_of_pos_le_sylvesterSepInf_computed_residual_error_model""]"
command	NumStability.Algorithms.Sylvester.Higham16	NumStability.sylvester_practical_error_bound_of_pos_le_sylvesterSepInf_computed_residual_error_model_scalar	ilean	6713	0	6738	44	retain_historical	depends_on_retained_command	1	NumStability.Algorithms.Sylvester.Higham16	_private.NumStability.Algorithms.Sylvester.Higham16.0.NumStability.sylvesterVecCoeff_det_ne_zero_of_pos_le_sylvesterSepInf	body	NumStability.sylvester_practical_error_bound_of_pos_le_sylvesterSepInf_computed_residual_error_model_scalar	_private.NumStability.Algorithms.Sylvester.Higham16.0.NumStability.sylvesterVecCoeff_det_ne_zero_of_pos_le_sylvesterSepInf	1	0	"[""NumStability.sylvester_practical_error_bound_of_pos_le_sylvesterSepInf_computed_residual_error_model_scalar""]"
command	NumStability.Algorithms.Sylvester.Higham16	NumStability.sylvester_practical_error_bound_of_pos_le_sylvesterSepInf_computed_residual_error_model_mono	ilean	6740	0	6769	59	retain_historical	depends_on_retained_command	1	NumStability.Algorithms.Sylvester.Higham16	_private.NumStability.Algorithms.Sylvester.Higham16.0.NumStability.sylvesterVecCoeff_det_ne_zero_of_pos_le_sylvesterSepInf	body	NumStability.sylvester_practical_error_bound_of_pos_le_sylvesterSepInf_computed_residual_error_model_mono	_private.NumStability.Algorithms.Sylvester.Higham16.0.NumStability.sylvesterVecCoeff_det_ne_zero_of_pos_le_sylvesterSepInf	1	0	"[""NumStability.sylvester_practical_error_bound_of_pos_le_sylvesterSepInf_computed_residual_error_model_mono""]"
command	NumStability.Algorithms.Sylvester.Higham16	NumStability.sylvester_practical_error_bound_of_pos_le_sylvesterSepInf_computed_residual_error_model_mono_scalar	ilean	6771	0	6802	75	retain_historical	depends_on_retained_command	1	NumStability.Algorithms.Sylvester.Higham16	_private.NumStability.Algorithms.Sylvester.Higham16.0.NumStability.sylvesterVecCoeff_det_ne_zero_of_pos_le_sylvesterSepInf	body	NumStability.sylvester_practical_error_bound_of_pos_le_sylvesterSepInf_computed_residual_error_model_mono_scalar	_private.NumStability.Algorithms.Sylvester.Higham16.0.NumStability.sylvesterVecCoeff_det_ne_zero_of_pos_le_sylvesterSepInf	1	0	"[""NumStability.sylvester_practical_error_bound_of_pos_le_sylvesterSepInf_computed_residual_error_model_mono_scalar""]"
command	NumStability.Algorithms.Sylvester.Higham16	NumStability.sylvester_practical_abs_error_bound_of_pos_le_sylvesterSepInf_computed_residual_error_model_mono	ilean	6804	0	6830	53	retain_historical	depends_on_retained_command	1	NumStability.Algorithms.Sylvester.Higham16	_private.NumStability.Algorithms.Sylvester.Higham16.0.NumStability.sylvesterVecCoeff_det_ne_zero_of_pos_le_sylvesterSepInf	body	NumStability.sylvester_practical_abs_error_bound_of_pos_le_sylvesterSepInf_computed_residual_error_model_mono	_private.NumStability.Algorithms.Sylvester.Higham16.0.NumStability.sylvesterVecCoeff_det_ne_zero_of_pos_le_sylvesterSepInf	1	0	"[""NumStability.sylvester_practical_abs_error_bound_of_pos_le_sylvesterSepInf_computed_residual_error_model_mono""]"
command	NumStability.Algorithms.Sylvester.Higham16	NumStability.sylvester_practical_abs_error_bound_of_pos_le_sylvesterSepInf_computed_residual_error_model_mono_scalar	ilean	6832	0	6860	69	retain_historical	depends_on_retained_command	1	NumStability.Algorithms.Sylvester.Higham16	_private.NumStability.Algorithms.Sylvester.Higham16.0.NumStability.sylvesterVecCoeff_det_ne_zero_of_pos_le_sylvesterSepInf	body	NumStability.sylvester_practical_abs_error_bound_of_pos_le_sylvesterSepInf_computed_residual_error_model_mono_scalar	_private.NumStability.Algorithms.Sylvester.Higham16.0.NumStability.sylvesterVecCoeff_det_ne_zero_of_pos_le_sylvesterSepInf	1	0	"[""NumStability.sylvester_practical_abs_error_bound_of_pos_le_sylvesterSepInf_computed_residual_error_model_mono_scalar""]"
command	NumStability.Algorithms.Sylvester.Higham16	NumStability.H16_eq16_29_sylvester_practical_error_bound_of_vecCoeff_det_ne_zero_computed_residual_certificate_rect	source_alias	6869	0	6870	92	move_candidate	closure_free							1	0	"[""NumStability.H16_eq16_29_sylvester_practical_error_bound_of_vecCoeff_det_ne_zero_computed_residual_certificate_rect""]"
command	NumStability.Algorithms.Sylvester.Higham16	NumStability.H16_eq16_29_sylvester_practical_abs_error_bound_of_vecCoeff_det_ne_zero_computed_residual_certificate_rect	source_alias	6875	0	6876	96	move_candidate	closure_free							1	0	"[""NumStability.H16_eq16_29_sylvester_practical_abs_error_bound_of_vecCoeff_det_ne_zero_computed_residual_certificate_rect""]"
command	NumStability.Algorithms.Sylvester.Higham16	NumStability.H16_eq16_29_sylvester_practical_error_bound_of_vecCoeff_det_ne_zero_computed_residual_budget_rect	source_alias	6880	0	6881	87	move_candidate	closure_free							1	0	"[""NumStability.H16_eq16_29_sylvester_practical_error_bound_of_vecCoeff_det_ne_zero_computed_residual_budget_rect""]"
command	NumStability.Algorithms.Sylvester.Higham16	NumStability.H16_eq16_29_sylvester_practical_error_bound_of_vecCoeff_det_ne_zero_computed_residual_error_model_rect	source_alias	6885	0	6886	92	move_candidate	closure_free							1	0	"[""NumStability.H16_eq16_29_sylvester_practical_error_bound_of_vecCoeff_det_ne_zero_computed_residual_error_model_rect""]"
command	NumStability.Algorithms.Sylvester.Higham16	NumStability.H16_eq16_29_sylvester_practical_error_bound_of_vecCoeff_det_ne_zero_computed_residual_certificate	source_alias	6890	0	6891	87	move_candidate	closure_free							1	0	"[""NumStability.H16_eq16_29_sylvester_practical_error_bound_of_vecCoeff_det_ne_zero_computed_residual_certificate""]"
command	NumStability.Algorithms.Sylvester.Higham16	NumStability.H16_eq16_29_sylvester_practical_error_bound_of_vecCoeff_det_ne_zero_computed_residual_certificate_scalar	source_alias	6895	0	6896	94	move_candidate	closure_free							1	0	"[""NumStability.H16_eq16_29_sylvester_practical_error_bound_of_vecCoeff_det_ne_zero_computed_residual_certificate_scalar""]"
command	NumStability.Algorithms.Sylvester.Higham16	NumStability.H16_eq16_29_sylvester_practical_error_bound_of_vecCoeff_det_ne_zero_computed_residual_certificate_mono	source_alias	6900	0	6901	92	move_candidate	closure_free							1	0	"[""NumStability.H16_eq16_29_sylvester_practical_error_bound_of_vecCoeff_det_ne_zero_computed_residual_certificate_mono""]"
command	NumStability.Algorithms.Sylvester.Higham16	NumStability.H16_eq16_29_sylvester_practical_error_bound_of_vecCoeff_det_ne_zero_computed_residual_certificate_mono_scalar	source_alias	6905	0	6906	99	move_candidate	closure_free							1	0	"[""NumStability.H16_eq16_29_sylvester_practical_error_bound_of_vecCoeff_det_ne_zero_computed_residual_certificate_mono_scalar""]"
command	NumStability.Algorithms.Sylvester.Higham16	NumStability.H16_eq16_29_sylvester_practical_error_bound_of_vecCoeff_det_ne_zero_computed_residual_budget	source_alias	6910	0	6911	82	move_candidate	closure_free							1	0	"[""NumStability.H16_eq16_29_sylvester_practical_error_bound_of_vecCoeff_det_ne_zero_computed_residual_budget""]"
command	NumStability.Algorithms.Sylvester.Higham16	NumStability.H16_eq16_29_sylvester_practical_error_bound_of_vecCoeff_det_ne_zero_computed_residual_budget_scalar	source_alias	6915	0	6916	89	move_candidate	closure_free							1	0	"[""NumStability.H16_eq16_29_sylvester_practical_error_bound_of_vecCoeff_det_ne_zero_computed_residual_budget_scalar""]"
command	NumStability.Algorithms.Sylvester.Higham16	NumStability.H16_eq16_29_sylvester_practical_error_bound_of_vecCoeff_det_ne_zero_computed_residual_budget_mono	source_alias	6920	0	6921	87	move_candidate	closure_free							1	0	"[""NumStability.H16_eq16_29_sylvester_practical_error_bound_of_vecCoeff_det_ne_zero_computed_residual_budget_mono""]"
command	NumStability.Algorithms.Sylvester.Higham16	NumStability.H16_eq16_29_sylvester_practical_error_bound_of_vecCoeff_det_ne_zero_computed_residual_budget_mono_scalar	source_alias	6925	0	6926	94	move_candidate	closure_free							1	0	"[""NumStability.H16_eq16_29_sylvester_practical_error_bound_of_vecCoeff_det_ne_zero_computed_residual_budget_mono_scalar""]"
command	NumStability.Algorithms.Sylvester.Higham16	NumStability.H16_eq16_29_sylvester_practical_error_bound_of_vecCoeff_det_ne_zero_computed_residual_error_model	source_alias	6930	0	6931	87	move_candidate	closure_free							1	0	"[""NumStability.H16_eq16_29_sylvester_practical_error_bound_of_vecCoeff_det_ne_zero_computed_residual_error_model""]"
command	NumStability.Algorithms.Sylvester.Higham16	NumStability.H16_eq16_29_sylvester_practical_error_bound_of_vecCoeff_det_ne_zero_computed_residual_error_model_scalar	source_alias	6935	0	6936	94	move_candidate	closure_free							1	0	"[""NumStability.H16_eq16_29_sylvester_practical_error_bound_of_vecCoeff_det_ne_zero_computed_residual_error_model_scalar""]"
command	NumStability.Algorithms.Sylvester.Higham16	NumStability.H16_eq16_29_sylvester_practical_error_bound_of_vecCoeff_det_ne_zero_computed_residual_error_model_mono	source_alias	6940	0	6941	92	move_candidate	closure_free							1	0	"[""NumStability.H16_eq16_29_sylvester_practical_error_bound_of_vecCoeff_det_ne_zero_computed_residual_error_model_mono""]"
command	NumStability.Algorithms.Sylvester.Higham16	NumStability.H16_eq16_29_sylvester_practical_error_bound_of_vecCoeff_det_ne_zero_computed_residual_error_model_mono_scalar	source_alias	6945	0	6946	99	move_candidate	closure_free							1	0	"[""NumStability.H16_eq16_29_sylvester_practical_error_bound_of_vecCoeff_det_ne_zero_computed_residual_error_model_mono_scalar""]"
command	NumStability.Algorithms.Sylvester.Higham16	NumStability.H16_eq16_29_sylvester_practical_error_bound_of_vecCoeff_det_ne_zero_computed_residual_frobenius_error_model	source_alias	6950	0	6951	97	move_candidate	closure_free							1	0	"[""NumStability.H16_eq16_29_sylvester_practical_error_bound_of_vecCoeff_det_ne_zero_computed_residual_frobenius_error_model""]"
command	NumStability.Algorithms.Sylvester.Higham16	NumStability.H16_eq16_29_sylvester_practical_error_bound_of_vecCoeff_det_ne_zero_computed_residual_frobenius_error_model_scalar	source_alias	6955	0	6956	104	move_candidate	closure_free							1	0	"[""NumStability.H16_eq16_29_sylvester_practical_error_bound_of_vecCoeff_det_ne_zero_computed_residual_frobenius_error_model_scalar""]"
command	NumStability.Algorithms.Sylvester.Higham16	NumStability.H16_eq16_29_sylvester_practical_error_bound_of_vecCoeff_det_ne_zero_computed_residual_frobenius_error_model_mono	source_alias	6960	0	6961	102	move_candidate	closure_free							1	0	"[""NumStability.H16_eq16_29_sylvester_practical_error_bound_of_vecCoeff_det_ne_zero_computed_residual_frobenius_error_model_mono""]"
command	NumStability.Algorithms.Sylvester.Higham16	NumStability.H16_eq16_29_sylvester_practical_error_bound_of_vecCoeff_det_ne_zero_computed_residual_frobenius_error_model_mono_scalar	source_alias	6966	0	6967	109	move_candidate	closure_free							1	0	"[""NumStability.H16_eq16_29_sylvester_practical_error_bound_of_vecCoeff_det_ne_zero_computed_residual_frobenius_error_model_mono_scalar""]"
command	NumStability.Algorithms.Sylvester.Higham16	NumStability.H16_eq16_29_sylvester_practical_error_bound_of_diagonal_computed_residual_certificate	source_alias	6971	0	6972	75	move_candidate	closure_free							1	0	"[""NumStability.H16_eq16_29_sylvester_practical_error_bound_of_diagonal_computed_residual_certificate""]"
command	NumStability.Algorithms.Sylvester.Higham16	NumStability.H16_eq16_29_sylvester_practical_error_bound_of_diagonal_computed_residual_certificate_scalar	source_alias	6976	0	6977	82	move_candidate	closure_free							1	0	"[""NumStability.H16_eq16_29_sylvester_practical_error_bound_of_diagonal_computed_residual_certificate_scalar""]"
command	NumStability.Algorithms.Sylvester.Higham16	NumStability.H16_eq16_29_sylvester_practical_error_bound_of_diagonal_computed_residual_certificate_mono	source_alias	6981	0	6982	80	move_candidate	closure_free							1	0	"[""NumStability.H16_eq16_29_sylvester_practical_error_bound_of_diagonal_computed_residual_certificate_mono""]"
command	NumStability.Algorithms.Sylvester.Higham16	NumStability.H16_eq16_29_sylvester_practical_error_bound_of_diagonal_computed_residual_certificate_mono_scalar	source_alias	6986	0	6987	87	move_candidate	closure_free							1	0	"[""NumStability.H16_eq16_29_sylvester_practical_error_bound_of_diagonal_computed_residual_certificate_mono_scalar""]"
command	NumStability.Algorithms.Sylvester.Higham16	NumStability.H16_eq16_29_sylvester_practical_error_bound_of_diagonal_computed_residual_budget	source_alias	6991	0	6992	70	move_candidate	closure_free							1	0	"[""NumStability.H16_eq16_29_sylvester_practical_error_bound_of_diagonal_computed_residual_budget""]"
command	NumStability.Algorithms.Sylvester.Higham16	NumStability.H16_eq16_29_sylvester_practical_error_bound_of_diagonal_computed_residual_budget_scalar	source_alias	6996	0	6997	77	move_candidate	closure_free							1	0	"[""NumStability.H16_eq16_29_sylvester_practical_error_bound_of_diagonal_computed_residual_budget_scalar""]"
command	NumStability.Algorithms.Sylvester.Higham16	NumStability.H16_eq16_29_sylvester_practical_error_bound_of_diagonal_computed_residual_budget_mono	source_alias	7001	0	7002	75	move_candidate	closure_free							1	0	"[""NumStability.H16_eq16_29_sylvester_practical_error_bound_of_diagonal_computed_residual_budget_mono""]"
command	NumStability.Algorithms.Sylvester.Higham16	NumStability.H16_eq16_29_sylvester_practical_error_bound_of_diagonal_computed_residual_budget_mono_scalar	source_alias	7006	0	7007	82	move_candidate	closure_free							1	0	"[""NumStability.H16_eq16_29_sylvester_practical_error_bound_of_diagonal_computed_residual_budget_mono_scalar""]"
command	NumStability.Algorithms.Sylvester.Higham16	NumStability.H16_eq16_29_sylvester_practical_error_bound_of_diagonal_computed_residual_error_model	source_alias	7011	0	7012	75	move_candidate	closure_free							1	0	"[""NumStability.H16_eq16_29_sylvester_practical_error_bound_of_diagonal_computed_residual_error_model""]"
command	NumStability.Algorithms.Sylvester.Higham16	NumStability.H16_eq16_29_sylvester_practical_error_bound_of_diagonal_computed_residual_error_model_scalar	source_alias	7016	0	7017	82	move_candidate	closure_free							1	0	"[""NumStability.H16_eq16_29_sylvester_practical_error_bound_of_diagonal_computed_residual_error_model_scalar""]"
command	NumStability.Algorithms.Sylvester.Higham16	NumStability.H16_eq16_29_sylvester_practical_error_bound_of_diagonal_computed_residual_error_model_mono	source_alias	7021	0	7022	80	move_candidate	closure_free							1	0	"[""NumStability.H16_eq16_29_sylvester_practical_error_bound_of_diagonal_computed_residual_error_model_mono""]"
command	NumStability.Algorithms.Sylvester.Higham16	NumStability.H16_eq16_29_sylvester_practical_error_bound_of_diagonal_computed_residual_error_model_mono_scalar	source_alias	7026	0	7027	87	move_candidate	closure_free							1	0	"[""NumStability.H16_eq16_29_sylvester_practical_error_bound_of_diagonal_computed_residual_error_model_mono_scalar""]"
command	NumStability.Algorithms.Sylvester.Higham16	NumStability.H16_eq16_29_sylvester_practical_error_bound_of_schurDiagonal_computed_residual_certificate	source_alias	7031	0	7032	80	retain_historical	depends_on_retained_command	8	NumStability.Algorithms.Sylvester.Higham16	NumStability.sylvester_practical_error_bound_of_schurDiagonal_computed_residual_certificate	body	NumStability.H16_eq16_29_sylvester_practical_error_bound_of_schurDiagonal_computed_residual_certificate	NumStability.sylvester_practical_error_bound_of_schurDiagonal_computed_residual_certificate	1	0	"[""NumStability.H16_eq16_29_sylvester_practical_error_bound_of_schurDiagonal_computed_residual_certificate""]"
command	NumStability.Algorithms.Sylvester.Higham16	NumStability.H16_eq16_29_sylvester_practical_error_bound_of_schurDiagonal_computed_residual_certificate_scalar	source_alias	7036	0	7037	87	retain_historical	depends_on_retained_command	8	NumStability.Algorithms.Sylvester.Higham16	NumStability.sylvester_practical_error_bound_of_schurDiagonal_computed_residual_certificate_scalar	body	NumStability.H16_eq16_29_sylvester_practical_error_bound_of_schurDiagonal_computed_residual_certificate_scalar	NumStability.sylvester_practical_error_bound_of_schurDiagonal_computed_residual_certificate_scalar	1	0	"[""NumStability.H16_eq16_29_sylvester_practical_error_bound_of_schurDiagonal_computed_residual_certificate_scalar""]"
command	NumStability.Algorithms.Sylvester.Higham16	NumStability.H16_eq16_29_sylvester_practical_error_bound_of_schurDiagonal_computed_residual_certificate_mono	source_alias	7041	0	7042	85	retain_historical	depends_on_retained_command	8	NumStability.Algorithms.Sylvester.Higham16	NumStability.sylvester_practical_error_bound_of_schurDiagonal_computed_residual_certificate_mono	body	NumStability.H16_eq16_29_sylvester_practical_error_bound_of_schurDiagonal_computed_residual_certificate_mono	NumStability.sylvester_practical_error_bound_of_schurDiagonal_computed_residual_certificate_mono	1	0	"[""NumStability.H16_eq16_29_sylvester_practical_error_bound_of_schurDiagonal_computed_residual_certificate_mono""]"
command	NumStability.Algorithms.Sylvester.Higham16	NumStability.H16_eq16_29_sylvester_practical_error_bound_of_schurDiagonal_computed_residual_certificate_mono_scalar	source_alias	7046	0	7047	92	retain_historical	depends_on_retained_command	8	NumStability.Algorithms.Sylvester.Higham16	NumStability.sylvester_practical_error_bound_of_schurDiagonal_computed_residual_certificate_mono_scalar	body	NumStability.H16_eq16_29_sylvester_practical_error_bound_of_schurDiagonal_computed_residual_certificate_mono_scalar	NumStability.sylvester_practical_error_bound_of_schurDiagonal_computed_residual_certificate_mono_scalar	1	0	"[""NumStability.H16_eq16_29_sylvester_practical_error_bound_of_schurDiagonal_computed_residual_certificate_mono_scalar""]"
command	NumStability.Algorithms.Sylvester.Higham16	NumStability.H16_eq16_29_sylvester_practical_error_bound_of_schurDiagonal_computed_residual_budget	source_alias	7051	0	7052	75	retain_historical	depends_on_retained_command	9	NumStability.Algorithms.Sylvester.Higham16	NumStability.sylvester_practical_error_bound_of_schurDiagonal_computed_residual_budget	body	NumStability.H16_eq16_29_sylvester_practical_error_bound_of_schurDiagonal_computed_residual_budget	NumStability.sylvester_practical_error_bound_of_schurDiagonal_computed_residual_budget	1	0	"[""NumStability.H16_eq16_29_sylvester_practical_error_bound_of_schurDiagonal_computed_residual_budget""]"
command	NumStability.Algorithms.Sylvester.Higham16	NumStability.H16_eq16_29_sylvester_practical_error_bound_of_schurDiagonal_computed_residual_budget_scalar	source_alias	7056	0	7057	82	retain_historical	depends_on_retained_command	9	NumStability.Algorithms.Sylvester.Higham16	NumStability.sylvester_practical_error_bound_of_schurDiagonal_computed_residual_budget_scalar	body	NumStability.H16_eq16_29_sylvester_practical_error_bound_of_schurDiagonal_computed_residual_budget_scalar	NumStability.sylvester_practical_error_bound_of_schurDiagonal_computed_residual_budget_scalar	1	0	"[""NumStability.H16_eq16_29_sylvester_practical_error_bound_of_schurDiagonal_computed_residual_budget_scalar""]"
command	NumStability.Algorithms.Sylvester.Higham16	NumStability.H16_eq16_29_sylvester_practical_error_bound_of_schurDiagonal_computed_residual_budget_mono	source_alias	7061	0	7062	80	retain_historical	depends_on_retained_command	9	NumStability.Algorithms.Sylvester.Higham16	NumStability.sylvester_practical_error_bound_of_schurDiagonal_computed_residual_budget_mono	body	NumStability.H16_eq16_29_sylvester_practical_error_bound_of_schurDiagonal_computed_residual_budget_mono	NumStability.sylvester_practical_error_bound_of_schurDiagonal_computed_residual_budget_mono	1	0	"[""NumStability.H16_eq16_29_sylvester_practical_error_bound_of_schurDiagonal_computed_residual_budget_mono""]"
command	NumStability.Algorithms.Sylvester.Higham16	NumStability.H16_eq16_29_sylvester_practical_error_bound_of_schurDiagonal_computed_residual_budget_mono_scalar	source_alias	7066	0	7067	87	retain_historical	depends_on_retained_command	9	NumStability.Algorithms.Sylvester.Higham16	NumStability.sylvester_practical_error_bound_of_schurDiagonal_computed_residual_budget_mono_scalar	body	NumStability.H16_eq16_29_sylvester_practical_error_bound_of_schurDiagonal_computed_residual_budget_mono_scalar	NumStability.sylvester_practical_error_bound_of_schurDiagonal_computed_residual_budget_mono_scalar	1	0	"[""NumStability.H16_eq16_29_sylvester_practical_error_bound_of_schurDiagonal_computed_residual_budget_mono_scalar""]"
command	NumStability.Algorithms.Sylvester.Higham16	NumStability.H16_eq16_29_sylvester_practical_error_bound_of_schurDiagonal_computed_residual_error_model	source_alias	7071	0	7072	80	retain_historical	depends_on_retained_command	9	NumStability.Algorithms.Sylvester.Higham16	NumStability.sylvester_practical_error_bound_of_schurDiagonal_computed_residual_error_model	body	NumStability.H16_eq16_29_sylvester_practical_error_bound_of_schurDiagonal_computed_residual_error_model	NumStability.sylvester_practical_error_bound_of_schurDiagonal_computed_residual_error_model	1	0	"[""NumStability.H16_eq16_29_sylvester_practical_error_bound_of_schurDiagonal_computed_residual_error_model""]"
command	NumStability.Algorithms.Sylvester.Higham16	NumStability.H16_eq16_29_sylvester_practical_error_bound_of_schurDiagonal_computed_residual_error_model_scalar	source_alias	7076	0	7077	87	retain_historical	depends_on_retained_command	9	NumStability.Algorithms.Sylvester.Higham16	NumStability.sylvester_practical_error_bound_of_schurDiagonal_computed_residual_error_model_scalar	body	NumStability.H16_eq16_29_sylvester_practical_error_bound_of_schurDiagonal_computed_residual_error_model_scalar	NumStability.sylvester_practical_error_bound_of_schurDiagonal_computed_residual_error_model_scalar	1	0	"[""NumStability.H16_eq16_29_sylvester_practical_error_bound_of_schurDiagonal_computed_residual_error_model_scalar""]"
command	NumStability.Algorithms.Sylvester.Higham16	NumStability.H16_eq16_29_sylvester_practical_error_bound_of_schurDiagonal_computed_residual_error_model_mono	source_alias	7081	0	7082	85	retain_historical	depends_on_retained_command	9	NumStability.Algorithms.Sylvester.Higham16	NumStability.sylvester_practical_error_bound_of_schurDiagonal_computed_residual_error_model_mono	body	NumStability.H16_eq16_29_sylvester_practical_error_bound_of_schurDiagonal_computed_residual_error_model_mono	NumStability.sylvester_practical_error_bound_of_schurDiagonal_computed_residual_error_model_mono	1	0	"[""NumStability.H16_eq16_29_sylvester_practical_error_bound_of_schurDiagonal_computed_residual_error_model_mono""]"
command	NumStability.Algorithms.Sylvester.Higham16	NumStability.H16_eq16_29_sylvester_practical_error_bound_of_schurDiagonal_computed_residual_error_model_mono_scalar	source_alias	7086	0	7087	92	retain_historical	depends_on_retained_command	9	NumStability.Algorithms.Sylvester.Higham16	NumStability.sylvester_practical_error_bound_of_schurDiagonal_computed_residual_error_model_mono_scalar	body	NumStability.H16_eq16_29_sylvester_practical_error_bound_of_schurDiagonal_computed_residual_error_model_mono_scalar	NumStability.sylvester_practical_error_bound_of_schurDiagonal_computed_residual_error_model_mono_scalar	1	0	"[""NumStability.H16_eq16_29_sylvester_practical_error_bound_of_schurDiagonal_computed_residual_error_model_mono_scalar""]"
command	NumStability.Algorithms.Sylvester.Higham16	NumStability.H16_eq16_29_sylvester_practical_error_bound_of_sepLowerBound_computed_residual_certificate	source_alias	7091	0	7092	80	retain_historical	depends_on_retained_command	2	NumStability.Algorithms.Sylvester.Higham16	NumStability.sylvester_practical_error_bound_of_sepLowerBound_computed_residual_certificate	body	NumStability.H16_eq16_29_sylvester_practical_error_bound_of_sepLowerBound_computed_residual_certificate	NumStability.sylvester_practical_error_bound_of_sepLowerBound_computed_residual_certificate	1	0	"[""NumStability.H16_eq16_29_sylvester_practical_error_bound_of_sepLowerBound_computed_residual_certificate""]"
command	NumStability.Algorithms.Sylvester.Higham16	NumStability.H16_eq16_29_sylvester_practical_error_bound_of_sepLowerBound_computed_residual_certificate_scalar	source_alias	7096	0	7097	87	retain_historical	depends_on_retained_command	2	NumStability.Algorithms.Sylvester.Higham16	NumStability.sylvester_practical_error_bound_of_sepLowerBound_computed_residual_certificate_scalar	body	NumStability.H16_eq16_29_sylvester_practical_error_bound_of_sepLowerBound_computed_residual_certificate_scalar	NumStability.sylvester_practical_error_bound_of_sepLowerBound_computed_residual_certificate_scalar	1	0	"[""NumStability.H16_eq16_29_sylvester_practical_error_bound_of_sepLowerBound_computed_residual_certificate_scalar""]"
command	NumStability.Algorithms.Sylvester.Higham16	NumStability.H16_eq16_29_sylvester_practical_abs_error_bound_of_sepLowerBound_computed_residual_certificate	source_alias	7101	0	7102	84	retain_historical	depends_on_retained_command	2	NumStability.Algorithms.Sylvester.Higham16	NumStability.sylvester_practical_abs_error_bound_of_sepLowerBound_computed_residual_certificate	body	NumStability.H16_eq16_29_sylvester_practical_abs_error_bound_of_sepLowerBound_computed_residual_certificate	NumStability.sylvester_practical_abs_error_bound_of_sepLowerBound_computed_residual_certificate	1	0	"[""NumStability.H16_eq16_29_sylvester_practical_abs_error_bound_of_sepLowerBound_computed_residual_certificate""]"
command	NumStability.Algorithms.Sylvester.Higham16	NumStability.H16_eq16_29_sylvester_practical_abs_error_bound_of_sepLowerBound_computed_residual_certificate_scalar	source_alias	7106	0	7107	91	retain_historical	depends_on_retained_command	2	NumStability.Algorithms.Sylvester.Higham16	NumStability.sylvester_practical_abs_error_bound_of_sepLowerBound_computed_residual_certificate_scalar	body	NumStability.H16_eq16_29_sylvester_practical_abs_error_bound_of_sepLowerBound_computed_residual_certificate_scalar	NumStability.sylvester_practical_abs_error_bound_of_sepLowerBound_computed_residual_certificate_scalar	1	0	"[""NumStability.H16_eq16_29_sylvester_practical_abs_error_bound_of_sepLowerBound_computed_residual_certificate_scalar""]"
command	NumStability.Algorithms.Sylvester.Higham16	NumStability.H16_eq16_29_sylvester_practical_abs_error_bound_of_sepLowerBound_computed_residual_certificate_mono	source_alias	7111	0	7112	89	retain_historical	depends_on_retained_command	2	NumStability.Algorithms.Sylvester.Higham16	NumStability.sylvester_practical_abs_error_bound_of_sepLowerBound_computed_residual_certificate_mono	body	NumStability.H16_eq16_29_sylvester_practical_abs_error_bound_of_sepLowerBound_computed_residual_certificate_mono	NumStability.sylvester_practical_abs_error_bound_of_sepLowerBound_computed_residual_certificate_mono	1	0	"[""NumStability.H16_eq16_29_sylvester_practical_abs_error_bound_of_sepLowerBound_computed_residual_certificate_mono""]"
command	NumStability.Algorithms.Sylvester.Higham16	NumStability.H16_eq16_29_sylvester_practical_abs_error_bound_of_sepLowerBound_computed_residual_certificate_mono_scalar	source_alias	7117	0	7118	96	retain_historical	depends_on_retained_command	2	NumStability.Algorithms.Sylvester.Higham16	NumStability.sylvester_practical_abs_error_bound_of_sepLowerBound_computed_residual_certificate_mono_scalar	body	NumStability.H16_eq16_29_sylvester_practical_abs_error_bound_of_sepLowerBound_computed_residual_certificate_mono_scalar	NumStability.sylvester_practical_abs_error_bound_of_sepLowerBound_computed_residual_certificate_mono_scalar	1	0	"[""NumStability.H16_eq16_29_sylvester_practical_abs_error_bound_of_sepLowerBound_computed_residual_certificate_mono_scalar""]"
command	NumStability.Algorithms.Sylvester.Higham16	NumStability.H16_eq16_29_sylvester_practical_error_bound_of_sepLowerBound_computed_residual_certificate_mono	source_alias	7122	0	7123	85	retain_historical	depends_on_retained_command	2	NumStability.Algorithms.Sylvester.Higham16	NumStability.sylvester_practical_error_bound_of_sepLowerBound_computed_residual_certificate_mono	body	NumStability.H16_eq16_29_sylvester_practical_error_bound_of_sepLowerBound_computed_residual_certificate_mono	NumStability.sylvester_practical_error_bound_of_sepLowerBound_computed_residual_certificate_mono	1	0	"[""NumStability.H16_eq16_29_sylvester_practical_error_bound_of_sepLowerBound_computed_residual_certificate_mono""]"
command	NumStability.Algorithms.Sylvester.Higham16	NumStability.H16_eq16_29_sylvester_practical_error_bound_of_sepLowerBound_computed_residual_certificate_mono_scalar	source_alias	7127	0	7128	92	retain_historical	depends_on_retained_command	2	NumStability.Algorithms.Sylvester.Higham16	NumStability.sylvester_practical_error_bound_of_sepLowerBound_computed_residual_certificate_mono_scalar	body	NumStability.H16_eq16_29_sylvester_practical_error_bound_of_sepLowerBound_computed_residual_certificate_mono_scalar	NumStability.sylvester_practical_error_bound_of_sepLowerBound_computed_residual_certificate_mono_scalar	1	0	"[""NumStability.H16_eq16_29_sylvester_practical_error_bound_of_sepLowerBound_computed_residual_certificate_mono_scalar""]"
command	NumStability.Algorithms.Sylvester.Higham16	NumStability.H16_eq16_29_sylvester_practical_error_bound_of_sepLowerBound_computed_residual_budget	source_alias	7132	0	7133	75	retain_historical	depends_on_retained_command	2	NumStability.Algorithms.Sylvester.Higham16	NumStability.sylvester_practical_error_bound_of_sepLowerBound_computed_residual_budget	body	NumStability.H16_eq16_29_sylvester_practical_error_bound_of_sepLowerBound_computed_residual_budget	NumStability.sylvester_practical_error_bound_of_sepLowerBound_computed_residual_budget	1	0	"[""NumStability.H16_eq16_29_sylvester_practical_error_bound_of_sepLowerBound_computed_residual_budget""]"
command	NumStability.Algorithms.Sylvester.Higham16	NumStability.H16_eq16_29_sylvester_practical_error_bound_of_sepLowerBound_computed_residual_budget_scalar	source_alias	7137	0	7138	82	retain_historical	depends_on_retained_command	2	NumStability.Algorithms.Sylvester.Higham16	NumStability.sylvester_practical_error_bound_of_sepLowerBound_computed_residual_budget_scalar	body	NumStability.H16_eq16_29_sylvester_practical_error_bound_of_sepLowerBound_computed_residual_budget_scalar	NumStability.sylvester_practical_error_bound_of_sepLowerBound_computed_residual_budget_scalar	1	0	"[""NumStability.H16_eq16_29_sylvester_practical_error_bound_of_sepLowerBound_computed_residual_budget_scalar""]"
command	NumStability.Algorithms.Sylvester.Higham16	NumStability.H16_eq16_29_sylvester_practical_error_bound_of_sepLowerBound_computed_residual_budget_mono	source_alias	7142	0	7143	80	retain_historical	depends_on_retained_command	2	NumStability.Algorithms.Sylvester.Higham16	NumStability.sylvester_practical_error_bound_of_sepLowerBound_computed_residual_budget_mono	body	NumStability.H16_eq16_29_sylvester_practical_error_bound_of_sepLowerBound_computed_residual_budget_mono	NumStability.sylvester_practical_error_bound_of_sepLowerBound_computed_residual_budget_mono	1	0	"[""NumStability.H16_eq16_29_sylvester_practical_error_bound_of_sepLowerBound_computed_residual_budget_mono""]"
command	NumStability.Algorithms.Sylvester.Higham16	NumStability.H16_eq16_29_sylvester_practical_error_bound_of_sepLowerBound_computed_residual_budget_mono_scalar	source_alias	7147	0	7148	87	retain_historical	depends_on_retained_command	2	NumStability.Algorithms.Sylvester.Higham16	NumStability.sylvester_practical_error_bound_of_sepLowerBound_computed_residual_budget_mono_scalar	body	NumStability.H16_eq16_29_sylvester_practical_error_bound_of_sepLowerBound_computed_residual_budget_mono_scalar	NumStability.sylvester_practical_error_bound_of_sepLowerBound_computed_residual_budget_mono_scalar	1	0	"[""NumStability.H16_eq16_29_sylvester_practical_error_bound_of_sepLowerBound_computed_residual_budget_mono_scalar""]"
command	NumStability.Algorithms.Sylvester.Higham16	NumStability.H16_eq16_29_sylvester_practical_error_bound_of_sepLowerBound_computed_residual_error_model	source_alias	7152	0	7153	80	retain_historical	depends_on_retained_command	2	NumStability.Algorithms.Sylvester.Higham16	NumStability.sylvester_practical_error_bound_of_sepLowerBound_computed_residual_error_model	body	NumStability.H16_eq16_29_sylvester_practical_error_bound_of_sepLowerBound_computed_residual_error_model	NumStability.sylvester_practical_error_bound_of_sepLowerBound_computed_residual_error_model	1	0	"[""NumStability.H16_eq16_29_sylvester_practical_error_bound_of_sepLowerBound_computed_residual_error_model""]"
command	NumStability.Algorithms.Sylvester.Higham16	NumStability.H16_eq16_29_sylvester_practical_error_bound_of_sepLowerBound_computed_residual_error_model_scalar	source_alias	7157	0	7158	87	retain_historical	depends_on_retained_command	2	NumStability.Algorithms.Sylvester.Higham16	NumStability.sylvester_practical_error_bound_of_sepLowerBound_computed_residual_error_model_scalar	body	NumStability.H16_eq16_29_sylvester_practical_error_bound_of_sepLowerBound_computed_residual_error_model_scalar	NumStability.sylvester_practical_error_bound_of_sepLowerBound_computed_residual_error_model_scalar	1	0	"[""NumStability.H16_eq16_29_sylvester_practical_error_bound_of_sepLowerBound_computed_residual_error_model_scalar""]"
command	NumStability.Algorithms.Sylvester.Higham16	NumStability.H16_eq16_29_sylvester_practical_error_bound_of_sepLowerBound_computed_residual_error_model_mono	source_alias	7162	0	7163	85	retain_historical	depends_on_retained_command	2	NumStability.Algorithms.Sylvester.Higham16	NumStability.sylvester_practical_error_bound_of_sepLowerBound_computed_residual_error_model_mono	body	NumStability.H16_eq16_29_sylvester_practical_error_bound_of_sepLowerBound_computed_residual_error_model_mono	NumStability.sylvester_practical_error_bound_of_sepLowerBound_computed_residual_error_model_mono	1	0	"[""NumStability.H16_eq16_29_sylvester_practical_error_bound_of_sepLowerBound_computed_residual_error_model_mono""]"
command	NumStability.Algorithms.Sylvester.Higham16	NumStability.H16_eq16_29_sylvester_practical_error_bound_of_sepLowerBound_computed_residual_error_model_mono_scalar	source_alias	7167	0	7168	92	retain_historical	depends_on_retained_command	2	NumStability.Algorithms.Sylvester.Higham16	NumStability.sylvester_practical_error_bound_of_sepLowerBound_computed_residual_error_model_mono_scalar	body	NumStability.H16_eq16_29_sylvester_practical_error_bound_of_sepLowerBound_computed_residual_error_model_mono_scalar	NumStability.sylvester_practical_error_bound_of_sepLowerBound_computed_residual_error_model_mono_scalar	1	0	"[""NumStability.H16_eq16_29_sylvester_practical_error_bound_of_sepLowerBound_computed_residual_error_model_mono_scalar""]"
command	NumStability.Algorithms.Sylvester.Higham16	NumStability.H16_eq16_29_sylvester_practical_error_bound_of_pos_le_sylvesterSepInf_computed_residual_certificate	source_alias	7172	0	7173	89	retain_historical	depends_on_retained_command	2	NumStability.Algorithms.Sylvester.Higham16	NumStability.sylvester_practical_error_bound_of_pos_le_sylvesterSepInf_computed_residual_certificate	body	NumStability.H16_eq16_29_sylvester_practical_error_bound_of_pos_le_sylvesterSepInf_computed_residual_certificate	NumStability.sylvester_practical_error_bound_of_pos_le_sylvesterSepInf_computed_residual_certificate	1	0	"[""NumStability.H16_eq16_29_sylvester_practical_error_bound_of_pos_le_sylvesterSepInf_computed_residual_certificate""]"
command	NumStability.Algorithms.Sylvester.Higham16	NumStability.H16_eq16_29_sylvester_practical_error_bound_of_pos_le_sylvesterSepInf_computed_residual_certificate_scalar	source_alias	7177	0	7178	96	retain_historical	depends_on_retained_command	2	NumStability.Algorithms.Sylvester.Higham16	NumStability.sylvester_practical_error_bound_of_pos_le_sylvesterSepInf_computed_residual_certificate_scalar	body	NumStability.H16_eq16_29_sylvester_practical_error_bound_of_pos_le_sylvesterSepInf_computed_residual_certificate_scalar	NumStability.sylvester_practical_error_bound_of_pos_le_sylvesterSepInf_computed_residual_certificate_scalar	1	0	"[""NumStability.H16_eq16_29_sylvester_practical_error_bound_of_pos_le_sylvesterSepInf_computed_residual_certificate_scalar""]"
command	NumStability.Algorithms.Sylvester.Higham16	NumStability.H16_eq16_29_sylvester_practical_abs_error_bound_of_pos_le_sylvesterSepInf_computed_residual_certificate	source_alias	7183	0	7184	93	retain_historical	depends_on_retained_command	2	NumStability.Algorithms.Sylvester.Higham16	NumStability.sylvester_practical_abs_error_bound_of_pos_le_sylvesterSepInf_computed_residual_certificate	body	NumStability.H16_eq16_29_sylvester_practical_abs_error_bound_of_pos_le_sylvesterSepInf_computed_residual_certificate	NumStability.sylvester_practical_abs_error_bound_of_pos_le_sylvesterSepInf_computed_residual_certificate	1	0	"[""NumStability.H16_eq16_29_sylvester_practical_abs_error_bound_of_pos_le_sylvesterSepInf_computed_residual_certificate""]"
command	NumStability.Algorithms.Sylvester.Higham16	NumStability.H16_eq16_29_sylvester_practical_abs_error_bound_of_pos_le_sylvesterSepInf_computed_residual_certificate_scalar	source_alias	7189	0	7190	100	retain_historical	depends_on_retained_command	2	NumStability.Algorithms.Sylvester.Higham16	NumStability.sylvester_practical_abs_error_bound_of_pos_le_sylvesterSepInf_computed_residual_certificate_scalar	body	NumStability.H16_eq16_29_sylvester_practical_abs_error_bound_of_pos_le_sylvesterSepInf_computed_residual_certificate_scalar	NumStability.sylvester_practical_abs_error_bound_of_pos_le_sylvesterSepInf_computed_residual_certificate_scalar	1	0	"[""NumStability.H16_eq16_29_sylvester_practical_abs_error_bound_of_pos_le_sylvesterSepInf_computed_residual_certificate_scalar""]"
command	NumStability.Algorithms.Sylvester.Higham16	NumStability.H16_eq16_29_sylvester_practical_abs_error_bound_of_pos_le_sylvesterSepInf_computed_residual_certificate_mono	source_alias	7195	0	7196	98	retain_historical	depends_on_retained_command	2	NumStability.Algorithms.Sylvester.Higham16	NumStability.sylvester_practical_abs_error_bound_of_pos_le_sylvesterSepInf_computed_residual_certificate_mono	body	NumStability.H16_eq16_29_sylvester_practical_abs_error_bound_of_pos_le_sylvesterSepInf_computed_residual_certificate_mono	NumStability.sylvester_practical_abs_error_bound_of_pos_le_sylvesterSepInf_computed_residual_certificate_mono	1	0	"[""NumStability.H16_eq16_29_sylvester_practical_abs_error_bound_of_pos_le_sylvesterSepInf_computed_residual_certificate_mono""]"
command	NumStability.Algorithms.Sylvester.Higham16	NumStability.H16_eq16_29_sylvester_practical_abs_error_bound_of_pos_le_sylvesterSepInf_computed_residual_certificate_mono_scalar	source_alias	7201	0	7202	105	retain_historical	depends_on_retained_command	2	NumStability.Algorithms.Sylvester.Higham16	NumStability.sylvester_practical_abs_error_bound_of_pos_le_sylvesterSepInf_computed_residual_certificate_mono_scalar	body	NumStability.H16_eq16_29_sylvester_practical_abs_error_bound_of_pos_le_sylvesterSepInf_computed_residual_certificate_mono_scalar	NumStability.sylvester_practical_abs_error_bound_of_pos_le_sylvesterSepInf_computed_residual_certificate_mono_scalar	1	0	"[""NumStability.H16_eq16_29_sylvester_practical_abs_error_bound_of_pos_le_sylvesterSepInf_computed_residual_certificate_mono_scalar""]"
command	NumStability.Algorithms.Sylvester.Higham16	NumStability.H16_eq16_29_sylvester_practical_error_bound_of_pos_le_sylvesterSepInf_computed_residual_certificate_mono	source_alias	7206	0	7207	94	retain_historical	depends_on_retained_command	2	NumStability.Algorithms.Sylvester.Higham16	NumStability.sylvester_practical_error_bound_of_pos_le_sylvesterSepInf_computed_residual_certificate_mono	body	NumStability.H16_eq16_29_sylvester_practical_error_bound_of_pos_le_sylvesterSepInf_computed_residual_certificate_mono	NumStability.sylvester_practical_error_bound_of_pos_le_sylvesterSepInf_computed_residual_certificate_mono	1	0	"[""NumStability.H16_eq16_29_sylvester_practical_error_bound_of_pos_le_sylvesterSepInf_computed_residual_certificate_mono""]"
command	NumStability.Algorithms.Sylvester.Higham16	NumStability.H16_eq16_29_sylvester_practical_error_bound_of_pos_le_sylvesterSepInf_computed_residual_certificate_mono_scalar	source_alias	7212	0	7213	101	retain_historical	depends_on_retained_command	2	NumStability.Algorithms.Sylvester.Higham16	NumStability.sylvester_practical_error_bound_of_pos_le_sylvesterSepInf_computed_residual_certificate_mono_scalar	body	NumStability.H16_eq16_29_sylvester_practical_error_bound_of_pos_le_sylvesterSepInf_computed_residual_certificate_mono_scalar	NumStability.sylvester_practical_error_bound_of_pos_le_sylvesterSepInf_computed_residual_certificate_mono_scalar	1	0	"[""NumStability.H16_eq16_29_sylvester_practical_error_bound_of_pos_le_sylvesterSepInf_computed_residual_certificate_mono_scalar""]"
command	NumStability.Algorithms.Sylvester.Higham16	NumStability.H16_eq16_29_sylvester_practical_error_bound_of_pos_le_sylvesterSepInf_computed_residual_budget	source_alias	7217	0	7218	84	retain_historical	depends_on_retained_command	2	NumStability.Algorithms.Sylvester.Higham16	NumStability.sylvester_practical_error_bound_of_pos_le_sylvesterSepInf_computed_residual_budget	body	NumStability.H16_eq16_29_sylvester_practical_error_bound_of_pos_le_sylvesterSepInf_computed_residual_budget	NumStability.sylvester_practical_error_bound_of_pos_le_sylvesterSepInf_computed_residual_budget	1	0	"[""NumStability.H16_eq16_29_sylvester_practical_error_bound_of_pos_le_sylvesterSepInf_computed_residual_budget""]"
command	NumStability.Algorithms.Sylvester.Higham16	NumStability.H16_eq16_29_sylvester_practical_error_bound_of_pos_le_sylvesterSepInf_computed_residual_budget_scalar	source_alias	7222	0	7223	91	retain_historical	depends_on_retained_command	2	NumStability.Algorithms.Sylvester.Higham16	NumStability.sylvester_practical_error_bound_of_pos_le_sylvesterSepInf_computed_residual_budget_scalar	body	NumStability.H16_eq16_29_sylvester_practical_error_bound_of_pos_le_sylvesterSepInf_computed_residual_budget_scalar	NumStability.sylvester_practical_error_bound_of_pos_le_sylvesterSepInf_computed_residual_budget_scalar	1	0	"[""NumStability.H16_eq16_29_sylvester_practical_error_bound_of_pos_le_sylvesterSepInf_computed_residual_budget_scalar""]"
command	NumStability.Algorithms.Sylvester.Higham16	NumStability.H16_eq16_29_sylvester_practical_error_bound_of_pos_le_sylvesterSepInf_computed_residual_budget_mono	source_alias	7227	0	7228	89	retain_historical	depends_on_retained_command	2	NumStability.Algorithms.Sylvester.Higham16	NumStability.sylvester_practical_error_bound_of_pos_le_sylvesterSepInf_computed_residual_budget_mono	body	NumStability.H16_eq16_29_sylvester_practical_error_bound_of_pos_le_sylvesterSepInf_computed_residual_budget_mono	NumStability.sylvester_practical_error_bound_of_pos_le_sylvesterSepInf_computed_residual_budget_mono	1	0	"[""NumStability.H16_eq16_29_sylvester_practical_error_bound_of_pos_le_sylvesterSepInf_computed_residual_budget_mono""]"
command	NumStability.Algorithms.Sylvester.Higham16	NumStability.H16_eq16_29_sylvester_practical_error_bound_of_pos_le_sylvesterSepInf_computed_residual_budget_mono_scalar	source_alias	7233	0	7234	96	retain_historical	depends_on_retained_command	2	NumStability.Algorithms.Sylvester.Higham16	NumStability.sylvester_practical_error_bound_of_pos_le_sylvesterSepInf_computed_residual_budget_mono_scalar	body	NumStability.H16_eq16_29_sylvester_practical_error_bound_of_pos_le_sylvesterSepInf_computed_residual_budget_mono_scalar	NumStability.sylvester_practical_error_bound_of_pos_le_sylvesterSepInf_computed_residual_budget_mono_scalar	1	0	"[""NumStability.H16_eq16_29_sylvester_practical_error_bound_of_pos_le_sylvesterSepInf_computed_residual_budget_mono_scalar""]"
command	NumStability.Algorithms.Sylvester.Higham16	NumStability.H16_eq16_29_sylvester_practical_error_bound_of_pos_le_sylvesterSepInf_computed_residual_error_model	source_alias	7238	0	7239	89	retain_historical	depends_on_retained_command	2	NumStability.Algorithms.Sylvester.Higham16	NumStability.sylvester_practical_error_bound_of_pos_le_sylvesterSepInf_computed_residual_error_model	body	NumStability.H16_eq16_29_sylvester_practical_error_bound_of_pos_le_sylvesterSepInf_computed_residual_error_model	NumStability.sylvester_practical_error_bound_of_pos_le_sylvesterSepInf_computed_residual_error_model	1	0	"[""NumStability.H16_eq16_29_sylvester_practical_error_bound_of_pos_le_sylvesterSepInf_computed_residual_error_model""]"
command	NumStability.Algorithms.Sylvester.Higham16	NumStability.H16_eq16_29_sylvester_practical_error_bound_of_pos_le_sylvesterSepInf_computed_residual_error_model_scalar	source_alias	7243	0	7244	96	retain_historical	depends_on_retained_command	2	NumStability.Algorithms.Sylvester.Higham16	NumStability.sylvester_practical_error_bound_of_pos_le_sylvesterSepInf_computed_residual_error_model_scalar	body	NumStability.H16_eq16_29_sylvester_practical_error_bound_of_pos_le_sylvesterSepInf_computed_residual_error_model_scalar	NumStability.sylvester_practical_error_bound_of_pos_le_sylvesterSepInf_computed_residual_error_model_scalar	1	0	"[""NumStability.H16_eq16_29_sylvester_practical_error_bound_of_pos_le_sylvesterSepInf_computed_residual_error_model_scalar""]"
command	NumStability.Algorithms.Sylvester.Higham16	NumStability.H16_eq16_29_sylvester_practical_error_bound_of_pos_le_sylvesterSepInf_computed_residual_error_model_mono	source_alias	7248	0	7249	94	retain_historical	depends_on_retained_command	2	NumStability.Algorithms.Sylvester.Higham16	NumStability.sylvester_practical_error_bound_of_pos_le_sylvesterSepInf_computed_residual_error_model_mono	body	NumStability.H16_eq16_29_sylvester_practical_error_bound_of_pos_le_sylvesterSepInf_computed_residual_error_model_mono	NumStability.sylvester_practical_error_bound_of_pos_le_sylvesterSepInf_computed_residual_error_model_mono	1	0	"[""NumStability.H16_eq16_29_sylvester_practical_error_bound_of_pos_le_sylvesterSepInf_computed_residual_error_model_mono""]"
command	NumStability.Algorithms.Sylvester.Higham16	NumStability.H16_eq16_29_sylvester_practical_error_bound_of_pos_le_sylvesterSepInf_computed_residual_error_model_mono_scalar	source_alias	7254	0	7255	101	retain_historical	depends_on_retained_command	2	NumStability.Algorithms.Sylvester.Higham16	NumStability.sylvester_practical_error_bound_of_pos_le_sylvesterSepInf_computed_residual_error_model_mono_scalar	body	NumStability.H16_eq16_29_sylvester_practical_error_bound_of_pos_le_sylvesterSepInf_computed_residual_error_model_mono_scalar	NumStability.sylvester_practical_error_bound_of_pos_le_sylvesterSepInf_computed_residual_error_model_mono_scalar	1	0	"[""NumStability.H16_eq16_29_sylvester_practical_error_bound_of_pos_le_sylvesterSepInf_computed_residual_error_model_mono_scalar""]"
command	NumStability.Algorithms.Sylvester.Higham16	NumStability.sylvester_perturbation_bound_of_sepLowerBound	ilean	7261	0	7281	29	move_candidate	closure_free							1	0	"[""NumStability.sylvester_perturbation_bound_of_sepLowerBound""]"
command	NumStability.Algorithms.Sylvester.Higham16	NumStability.sylvester_relative_perturbation_of_sepLowerBound	ilean	7283	0	7305	42	move_candidate	closure_free							1	0	"[""NumStability.sylvester_relative_perturbation_of_sepLowerBound""]"
command	NumStability.Algorithms.Sylvester.Higham16	NumStability.sylvester_perturbation_bound_of_sepLowerBound_total	ilean	7307	0	7341	31	move_candidate	closure_free							1	0	"[""NumStability.sylvester_perturbation_bound_of_sepLowerBound_total""]"
command	NumStability.Algorithms.Sylvester.Higham16	NumStability.sylvester_relative_perturbation_of_sepLowerBound_total	ilean	7343	0	7374	53	move_candidate	closure_free							1	0	"[""NumStability.sylvester_relative_perturbation_of_sepLowerBound_total""]"
command	NumStability.Algorithms.Sylvester.Higham16	NumStability.sylvester_perturbation_bound_of_pos_le_sylvesterSepInf	ilean	7376	0	7398	29	move_candidate	closure_free							1	0	"[""NumStability.sylvester_perturbation_bound_of_pos_le_sylvesterSepInf""]"
command	NumStability.Algorithms.Sylvester.Higham16	NumStability.sylvester_relative_perturbation_of_pos_le_sylvesterSepInf	ilean	7400	0	7425	42	move_candidate	closure_free							1	0	"[""NumStability.sylvester_relative_perturbation_of_pos_le_sylvesterSepInf""]"
command	NumStability.Algorithms.Sylvester.Higham16	NumStability.sylvester_perturbation_bound_of_pos_le_sylvesterSepInf_total	ilean	7427	0	7448	22	move_candidate	closure_free							1	0	"[""NumStability.sylvester_perturbation_bound_of_pos_le_sylvesterSepInf_total""]"
command	NumStability.Algorithms.Sylvester.Higham16	NumStability.sylvester_relative_perturbation_of_pos_le_sylvesterSepInf_total	ilean	7450	0	7474	29	move_candidate	closure_free							1	0	"[""NumStability.sylvester_relative_perturbation_of_pos_le_sylvesterSepInf_total""]"
command	NumStability.Algorithms.Sylvester.Higham16	NumStability.sylvester_perturbation_bound_diagonal_of_entrywise_abs_ge	ilean	7476	0	7500	29	move_candidate	closure_free							1	0	"[""NumStability.sylvester_perturbation_bound_diagonal_of_entrywise_abs_ge""]"
command	NumStability.Algorithms.Sylvester.Higham16	NumStability.sylvester_relative_perturbation_diagonal_of_entrywise_abs_ge	ilean	7502	0	7530	42	move_candidate	closure_free							1	0	"[""NumStability.sylvester_relative_perturbation_diagonal_of_entrywise_abs_ge""]"
command	NumStability.Algorithms.Sylvester.Higham16	NumStability.sylvester_perturbation_bound_diagonal_of_entrywise_abs_ge_total	ilean	7532	0	7555	22	move_candidate	closure_free							1	0	"[""NumStability.sylvester_perturbation_bound_diagonal_of_entrywise_abs_ge_total""]"
command	NumStability.Algorithms.Sylvester.Higham16	NumStability.sylvester_relative_perturbation_diagonal_of_entrywise_abs_ge_total	ilean	7557	0	7583	29	move_candidate	closure_free							1	0	"[""NumStability.sylvester_relative_perturbation_diagonal_of_entrywise_abs_ge_total""]"
command	NumStability.Algorithms.Sylvester.Higham16	NumStability.H16_eq16_25_sylvester_perturbation_bound_of_pos_le_sylvesterSepInf_total	source_alias	7588	0	7589	62	move_candidate	closure_free							1	0	"[""NumStability.H16_eq16_25_sylvester_perturbation_bound_of_pos_le_sylvesterSepInf_total""]"
command	NumStability.Algorithms.Sylvester.Higham16	NumStability.H16_eq16_25_sylvester_relative_perturbation_of_pos_le_sylvesterSepInf_total	source_alias	7594	0	7595	65	move_candidate	closure_free							1	0	"[""NumStability.H16_eq16_25_sylvester_relative_perturbation_of_pos_le_sylvesterSepInf_total""]"
command	NumStability.Algorithms.Sylvester.Higham16	NumStability.H16_eq16_25_sylvester_perturbation_bound_diagonal_of_entrywise_abs_ge_total	source_alias	7600	0	7601	65	move_candidate	closure_free							1	0	"[""NumStability.H16_eq16_25_sylvester_perturbation_bound_diagonal_of_entrywise_abs_ge_total""]"
command	NumStability.Algorithms.Sylvester.Higham16	NumStability.H16_eq16_25_sylvester_relative_perturbation_diagonal_of_entrywise_abs_ge_total	source_alias	7606	0	7607	68	move_candidate	closure_free							1	0	"[""NumStability.H16_eq16_25_sylvester_relative_perturbation_diagonal_of_entrywise_abs_ge_total""]"
command	NumStability.Algorithms.Sylvester.Higham16	NumStability.sylvester_relative_aposteriori_bound	ilean	7613	0	7628	21	move_candidate	closure_free							1	0	"[""NumStability.sylvester_relative_aposteriori_bound""]"
command	NumStability.Algorithms.Sylvester.Higham16	NumStability.sylvester_aposteriori_bound_of_sepLowerBound	ilean	7630	0	7641	77	move_candidate	closure_free							1	0	"[""NumStability.sylvester_aposteriori_bound_of_sepLowerBound""]"
command	NumStability.Algorithms.Sylvester.Higham16	NumStability.sylvester_relative_aposteriori_bound_of_sepLowerBound	ilean	7643	0	7657	25	move_candidate	closure_free							1	0	"[""NumStability.sylvester_relative_aposteriori_bound_of_sepLowerBound""]"
command	NumStability.Algorithms.Sylvester.Higham16	NumStability.sylvester_aposteriori_bound_of_pos_le_sylvesterSepInf	ilean	7659	0	7673	18	move_candidate	closure_free							1	0	"[""NumStability.sylvester_aposteriori_bound_of_pos_le_sylvesterSepInf""]"
command	NumStability.Algorithms.Sylvester.Higham16	NumStability.sylvester_relative_aposteriori_bound_of_pos_le_sylvesterSepInf	ilean	7675	0	7692	25	move_candidate	closure_free							1	0	"[""NumStability.sylvester_relative_aposteriori_bound_of_pos_le_sylvesterSepInf""]"
command	NumStability.Algorithms.Sylvester.Higham16	NumStability.H16_eq16_28_sylvester_aposteriori_bound_of_sepLowerBound	source_alias	7696	0	7697	46	move_candidate	closure_free							1	0	"[""NumStability.H16_eq16_28_sylvester_aposteriori_bound_of_sepLowerBound""]"
command	NumStability.Algorithms.Sylvester.Higham16	NumStability.H16_eq16_28_sylvester_relative_aposteriori_bound_of_sepLowerBound	source_alias	7701	0	7702	55	move_candidate	closure_free							1	0	"[""NumStability.H16_eq16_28_sylvester_relative_aposteriori_bound_of_sepLowerBound""]"
command	NumStability.Algorithms.Sylvester.Higham16	NumStability.H16_eq16_28_sylvester_aposteriori_bound_of_pos_le_sylvesterSepInf	source_alias	7706	0	7707	55	move_candidate	closure_free							1	0	"[""NumStability.H16_eq16_28_sylvester_aposteriori_bound_of_pos_le_sylvesterSepInf""]"
command	NumStability.Algorithms.Sylvester.Higham16	NumStability.H16_eq16_28_sylvester_relative_aposteriori_bound_of_pos_le_sylvesterSepInf	source_alias	7711	0	7712	64	move_candidate	closure_free							1	0	"[""NumStability.H16_eq16_28_sylvester_relative_aposteriori_bound_of_pos_le_sylvesterSepInf""]"
command	NumStability.Algorithms.Sylvester.Higham16	NumStability.sylvester_aposteriori_bound_of_sepLowerBound_total	ilean	7714	0	7741	56	move_candidate	closure_free							1	0	"[""NumStability.sylvester_aposteriori_bound_of_sepLowerBound_total""]"
command	NumStability.Algorithms.Sylvester.Higham16	NumStability.sylvester_relative_aposteriori_bound_of_sepLowerBound_total	ilean	7743	0	7760	57	move_candidate	closure_free							1	0	"[""NumStability.sylvester_relative_aposteriori_bound_of_sepLowerBound_total""]"
command	NumStability.Algorithms.Sylvester.Higham16	NumStability.sylvester_aposteriori_bound_of_pos_le_sylvesterSepInf_total	ilean	7762	0	7777	12	move_candidate	closure_free							1	0	"[""NumStability.sylvester_aposteriori_bound_of_pos_le_sylvesterSepInf_total""]"
command	NumStability.Algorithms.Sylvester.Higham16	NumStability.sylvester_relative_aposteriori_bound_of_pos_le_sylvesterSepInf_total	ilean	7779	0	7799	19	move_candidate	closure_free							1	0	"[""NumStability.sylvester_relative_aposteriori_bound_of_pos_le_sylvesterSepInf_total""]"
command	NumStability.Algorithms.Sylvester.Higham16	NumStability.H16_eq16_28_sylvester_aposteriori_bound_of_sepLowerBound_total	source_alias	7803	0	7804	52	move_candidate	closure_free							1	0	"[""NumStability.H16_eq16_28_sylvester_aposteriori_bound_of_sepLowerBound_total""]"
command	NumStability.Algorithms.Sylvester.Higham16	NumStability.H16_eq16_28_sylvester_relative_aposteriori_bound_of_sepLowerBound_total	source_alias	7808	0	7809	61	move_candidate	closure_free							1	0	"[""NumStability.H16_eq16_28_sylvester_relative_aposteriori_bound_of_sepLowerBound_total""]"
command	NumStability.Algorithms.Sylvester.Higham16	NumStability.H16_eq16_28_sylvester_aposteriori_bound_of_pos_le_sylvesterSepInf_total	source_alias	7813	0	7814	61	move_candidate	closure_free							1	0	"[""NumStability.H16_eq16_28_sylvester_aposteriori_bound_of_pos_le_sylvesterSepInf_total""]"
command	NumStability.Algorithms.Sylvester.Higham16	NumStability.H16_eq16_28_sylvester_relative_aposteriori_bound_of_pos_le_sylvesterSepInf_total	source_alias	7818	0	7819	70	move_candidate	closure_free							1	0	"[""NumStability.H16_eq16_28_sylvester_relative_aposteriori_bound_of_pos_le_sylvesterSepInf_total""]"
command	NumStability.Algorithms.Sylvester.Higham16	NumStability.sylvester_aposteriori_bound_diagonal_of_entrywise_abs_ge	ilean	7821	0	7839	18	move_candidate	closure_free							1	0	"[""NumStability.sylvester_aposteriori_bound_diagonal_of_entrywise_abs_ge""]"
command	NumStability.Algorithms.Sylvester.Higham16	NumStability.sylvester_relative_aposteriori_bound_diagonal_of_entrywise_abs_ge	ilean	7841	0	7862	25	move_candidate	closure_free							1	0	"[""NumStability.sylvester_relative_aposteriori_bound_diagonal_of_entrywise_abs_ge""]"
command	NumStability.Algorithms.Sylvester.Higham16	NumStability.H16_eq16_28_sylvester_aposteriori_bound_diagonal_of_entrywise_abs_ge	source_alias	7866	0	7867	58	move_candidate	closure_free							1	0	"[""NumStability.H16_eq16_28_sylvester_aposteriori_bound_diagonal_of_entrywise_abs_ge""]"
command	NumStability.Algorithms.Sylvester.Higham16	NumStability.H16_eq16_28_sylvester_relative_aposteriori_bound_diagonal_of_entrywise_abs_ge	source_alias	7871	0	7872	67	move_candidate	closure_free							1	0	"[""NumStability.H16_eq16_28_sylvester_relative_aposteriori_bound_diagonal_of_entrywise_abs_ge""]"
command	NumStability.Algorithms.Sylvester.Higham16	NumStability.sylvester_aposteriori_bound_diagonal_of_entrywise_abs_ge_total	ilean	7874	0	7892	12	move_candidate	closure_free							1	0	"[""NumStability.sylvester_aposteriori_bound_diagonal_of_entrywise_abs_ge_total""]"
command	NumStability.Algorithms.Sylvester.Higham16	NumStability.sylvester_relative_aposteriori_bound_diagonal_of_entrywise_abs_ge_total	ilean	7894	0	7914	19	move_candidate	closure_free							1	0	"[""NumStability.sylvester_relative_aposteriori_bound_diagonal_of_entrywise_abs_ge_total""]"
command	NumStability.Algorithms.Sylvester.Higham16	NumStability.H16_eq16_28_sylvester_aposteriori_bound_diagonal_of_entrywise_abs_ge_total	source_alias	7918	0	7919	64	move_candidate	closure_free							1	0	"[""NumStability.H16_eq16_28_sylvester_aposteriori_bound_diagonal_of_entrywise_abs_ge_total""]"
command	NumStability.Algorithms.Sylvester.Higham16	NumStability.H16_eq16_28_sylvester_relative_aposteriori_bound_diagonal_of_entrywise_abs_ge_total	source_alias	7923	0	7924	73	move_candidate	closure_free							1	0	"[""NumStability.H16_eq16_28_sylvester_relative_aposteriori_bound_diagonal_of_entrywise_abs_ge_total""]"
command	NumStability.Algorithms.Sylvester.Higham16	NumStability.generalizedSylvesterAXB_CXD_residual	ilean	7930	0	7936	59	move_candidate	closure_free							1	0	"[""NumStability.generalizedSylvesterAXB_CXD_residual""]"
command	NumStability.Algorithms.Sylvester.Higham16	NumStability.H16_eq16_30_generalizedSylvesterAXB_CXD_residual	ilean	7938	0	7943	38	move_candidate	closure_free							1	0	"[""NumStability.H16_eq16_30_generalizedSylvesterAXB_CXD_residual""]"
command	NumStability.Algorithms.Sylvester.Higham16	NumStability.IsGeneralizedSylvesterAXB_CXD_Solution	ilean	7945	0	7951	59	move_candidate	closure_free							1	0	"[""NumStability.IsGeneralizedSylvesterAXB_CXD_Solution""]"
command	NumStability.Algorithms.Sylvester.Higham16	NumStability.H16_eq16_30_IsGeneralizedSylvesterAXB_CXD_Solution	ilean	7953	0	7957	40	move_candidate	closure_free							1	0	"[""NumStability.H16_eq16_30_IsGeneralizedSylvesterAXB_CXD_Solution""]"
command	NumStability.Algorithms.Sylvester.Higham16	NumStability.generalizedSylvesterAXB_CXD_residual_zero_iff_solution	ilean	7959	0	7976	12	move_candidate	closure_free							1	0	"[""NumStability.generalizedSylvesterAXB_CXD_residual_zero_iff_solution""]"
command	NumStability.Algorithms.Sylvester.Higham16	NumStability.H16_eq16_30_generalizedSylvesterAXB_CXD_residual_zero_iff_solution	source_alias	7980	0	7981	56	move_candidate	closure_free							1	0	"[""NumStability.H16_eq16_30_generalizedSylvesterAXB_CXD_residual_zero_iff_solution""]"
command	NumStability.Algorithms.Sylvester.Higham16	NumStability.IsGeneralizedSylvesterPairSolution	ilean	7983	0	7991	78	move_candidate	closure_free							1	0	"[""NumStability.IsGeneralizedSylvesterPairSolution""]"
command	NumStability.Algorithms.Sylvester.Higham16	NumStability.H16_eq16_31_IsGeneralizedSylvesterPairSolution	ilean	7993	0	7997	36	move_candidate	closure_free							1	0	"[""NumStability.H16_eq16_31_IsGeneralizedSylvesterPairSolution""]"
command	NumStability.Algorithms.Sylvester.Higham16	NumStability.generalizedSylvesterPairResidualLeft	ilean	7999	0	8005	72	move_candidate	closure_free							1	0	"[""NumStability.generalizedSylvesterPairResidualLeft""]"
command	NumStability.Algorithms.Sylvester.Higham16	NumStability.H16_eq16_31_generalizedSylvesterPairResidualLeft	ilean	8007	0	8010	38	move_candidate	closure_free							1	0	"[""NumStability.H16_eq16_31_generalizedSylvesterPairResidualLeft""]"
command	NumStability.Algorithms.Sylvester.Higham16	NumStability.generalizedSylvesterPairResidualRight	ilean	8012	0	8018	73	move_candidate	closure_free							1	0	"[""NumStability.generalizedSylvesterPairResidualRight""]"
command	NumStability.Algorithms.Sylvester.Higham16	NumStability.H16_eq16_31_generalizedSylvesterPairResidualRight	ilean	8020	0	8023	39	move_candidate	closure_free							1	0	"[""NumStability.H16_eq16_31_generalizedSylvesterPairResidualRight""]"
command	NumStability.Algorithms.Sylvester.Higham16	NumStability.generalizedSylvesterPair_residual_zero_iff_solution	ilean	8025	0	8055	14	move_candidate	closure_free							1	0	"[""NumStability.generalizedSylvesterPair_residual_zero_iff_solution""]"
command	NumStability.Algorithms.Sylvester.Higham16	NumStability.H16_eq16_31_generalizedSylvesterPair_residual_zero_iff_solution	source_alias	8060	0	8061	53	move_candidate	closure_free							1	0	"[""NumStability.H16_eq16_31_generalizedSylvesterPair_residual_zero_iff_solution""]"
command	NumStability.Algorithms.Sylvester.Higham16	NumStability.riccatiResidual	ilean	8063	0	8072	11	move_candidate	closure_free							1	0	"[""NumStability.riccatiResidual""]"
command	NumStability.Algorithms.Sylvester.Higham16	NumStability.H16_eq16_32_riccatiResidual	ilean	8074	0	8078	17	move_candidate	closure_free							1	0	"[""NumStability.H16_eq16_32_riccatiResidual""]"
command	NumStability.Algorithms.Sylvester.Higham16	NumStability.IsRiccatiSolution	ilean	8080	0	8089	15	move_candidate	closure_free							1	0	"[""NumStability.IsRiccatiSolution""]"
command	NumStability.Algorithms.Sylvester.Higham16	NumStability.H16_eq16_32_IsRiccatiSolution	ilean	8091	0	8095	19	move_candidate	closure_free							1	0	"[""NumStability.H16_eq16_32_IsRiccatiSolution""]"
command	NumStability.Algorithms.Sylvester.Higham16	NumStability.riccatiResidual_zero_iff_solution	ilean	8097	0	8110	15	move_candidate	closure_free							1	0	"[""NumStability.riccatiResidual_zero_iff_solution""]"
command	NumStability.Algorithms.Sylvester.Higham16	NumStability.H16_eq16_32_riccatiResidual_zero_iff_solution	source_alias	8114	0	8115	35	move_candidate	closure_free							1	0	"[""NumStability.H16_eq16_32_riccatiResidual_zero_iff_solution""]"
command	NumStability.Algorithms.Sylvester.Higham16Lyapunov	NumStability.frobNorm_le_alpha_mul_lyapunovPairNorm	ilean	69	0	98	18	move_candidate	closure_free							1	0	"[""NumStability.frobNorm_le_alpha_mul_lyapunovPairNorm""]"
command	NumStability.Algorithms.Sylvester.Higham16Lyapunov	NumStability.frobNorm_le_gamma_mul_lyapunovPairNorm	ilean	100	0	124	18	move_candidate	closure_free							1	0	"[""NumStability.frobNorm_le_gamma_mul_lyapunovPairNorm""]"
command	NumStability.Algorithms.Sylvester.Higham16Lyapunov	NumStability.lyapunov_first_order_rhs_frobNorm_le	ilean	130	0	198	47	move_candidate	closure_free							1	0	"[""NumStability.lyapunov_first_order_rhs_frobNorm_le""]"
command	NumStability.Algorithms.Sylvester.Higham16Lyapunov	NumStability.H16_eq16_27_frobNorm_le_alpha_mul_lyapunovPairNorm	source_alias	202	0	203	40	move_candidate	closure_free							1	0	"[""NumStability.H16_eq16_27_frobNorm_le_alpha_mul_lyapunovPairNorm""]"
command	NumStability.Algorithms.Sylvester.Higham16Lyapunov	NumStability.H16_eq16_27_frobNorm_le_gamma_mul_lyapunovPairNorm	source_alias	207	0	208	40	move_candidate	closure_free							1	0	"[""NumStability.H16_eq16_27_frobNorm_le_gamma_mul_lyapunovPairNorm""]"
command	NumStability.Algorithms.Sylvester.Higham16Lyapunov	NumStability.H16_eq16_27_lyapunov_first_order_rhs_frobNorm_le	source_alias	213	0	214	38	move_candidate	closure_free							1	0	"[""NumStability.H16_eq16_27_lyapunov_first_order_rhs_frobNorm_le""]"
command	NumStability.Algorithms.Sylvester.Higham16Lyapunov	NumStability.LyapunovInverseOpBound	ilean	221	0	230	48	move_candidate	closure_free							1	0	"[""NumStability.LyapunovInverseOpBound""]"
command	NumStability.Algorithms.Sylvester.Higham16Lyapunov	NumStability.H16_eq16_27_LyapunovInverseOpBound	ilean	232	0	236	24	move_candidate	closure_free							1	0	"[""NumStability.H16_eq16_27_LyapunovInverseOpBound""]"
command	NumStability.Algorithms.Sylvester.Higham16Lyapunov	NumStability.lyapunovInverseOpBound_of_sepLowerBound	ilean	238	0	274	15	move_candidate	closure_free							1	0	"[""NumStability.lyapunovInverseOpBound_of_sepLowerBound""]"
command	NumStability.Algorithms.Sylvester.Higham16Lyapunov	NumStability.lyapunovCond_of_inverseOpBound	ilean	276	0	285	43	move_candidate	closure_free							1	0	"[""NumStability.lyapunovCond_of_inverseOpBound""]"
command	NumStability.Algorithms.Sylvester.Higham16Lyapunov	NumStability.H16_eq16_27_lyapunovCond_of_inverseOpBound	ilean	287	0	291	32	move_candidate	closure_free							1	0	"[""NumStability.H16_eq16_27_lyapunovCond_of_inverseOpBound""]"
command	NumStability.Algorithms.Sylvester.Higham16Lyapunov	NumStability.lyapunovCond_of_inverseOpBound_isLyapunovConditionFirstOrderBound	ilean	293	0	340	14	move_candidate	closure_free							1	0	"[""NumStability.lyapunovCond_of_inverseOpBound_isLyapunovConditionFirstOrderBound""]"
command	NumStability.Algorithms.Sylvester.Higham16Lyapunov	NumStability.lyapunovCond_of_sepLowerBound_isLyapunovConditionFirstOrderBound	ilean	342	0	358	42	move_candidate	closure_free							1	0	"[""NumStability.lyapunovCond_of_sepLowerBound_isLyapunovConditionFirstOrderBound""]"
command	NumStability.Algorithms.Sylvester.Higham16Lyapunov	NumStability.lyapunovCond_of_pos_le_sylvesterSepInf_isLyapunovConditionFirstOrderBound	ilean	360	0	376	58	move_candidate	closure_free							1	0	"[""NumStability.lyapunovCond_of_pos_le_sylvesterSepInf_isLyapunovConditionFirstOrderBound""]"
command	NumStability.Algorithms.Sylvester.Higham16Lyapunov	NumStability.H16_eq16_27_lyapunovInverseOpBound_of_sepLowerBound	source_alias	381	0	382	41	move_candidate	closure_free							1	0	"[""NumStability.H16_eq16_27_lyapunovInverseOpBound_of_sepLowerBound""]"
command	NumStability.Algorithms.Sylvester.Higham16Lyapunov	NumStability.H16_eq16_27_lyapunovCond_of_inverseOpBound_isLyapunovConditionFirstOrderBound	source_alias	387	0	388	67	move_candidate	closure_free							1	0	"[""NumStability.H16_eq16_27_lyapunovCond_of_inverseOpBound_isLyapunovConditionFirstOrderBound""]"
command	NumStability.Algorithms.Sylvester.Higham16Lyapunov	NumStability.H16_eq16_27_lyapunovCond_of_sepLowerBound_isLyapunovConditionFirstOrderBound	source_alias	393	0	394	66	move_candidate	closure_free							1	0	"[""NumStability.H16_eq16_27_lyapunovCond_of_sepLowerBound_isLyapunovConditionFirstOrderBound""]"
command	NumStability.Algorithms.Sylvester.Higham16Lyapunov	NumStability.H16_eq16_27_lyapunovCond_of_pos_le_sylvesterSepInf_isLyapunovConditionFirstOrderBound	source_alias	399	0	400	75	move_candidate	closure_free							1	0	"[""NumStability.H16_eq16_27_lyapunovCond_of_pos_le_sylvesterSepInf_isLyapunovConditionFirstOrderBound""]"
command	NumStability.Algorithms.Sylvester.Higham16Lyapunov	NumStability.lyapunov_perturbation_bound_of_sepLowerBound	ilean	402	0	427	37	move_candidate	closure_free							1	0	"[""NumStability.lyapunov_perturbation_bound_of_sepLowerBound""]"
command	NumStability.Algorithms.Sylvester.Higham16Lyapunov	NumStability.lyapunov_perturbation_bound_of_sepLowerBound_total	ilean	429	0	462	62	move_candidate	closure_free							1	0	"[""NumStability.lyapunov_perturbation_bound_of_sepLowerBound_total""]"
command	NumStability.Algorithms.Sylvester.Higham16Lyapunov	NumStability.lyapunov_relative_perturbation_of_sepLowerBound	ilean	464	0	500	58	move_candidate	closure_free							1	0	"[""NumStability.lyapunov_relative_perturbation_of_sepLowerBound""]"
command	NumStability.Algorithms.Sylvester.Higham16Lyapunov	NumStability.lyapunov_relative_perturbation_of_sepLowerBound_total	ilean	502	0	536	12	move_candidate	closure_free							1	0	"[""NumStability.lyapunov_relative_perturbation_of_sepLowerBound_total""]"
command	NumStability.Algorithms.Sylvester.Higham16Lyapunov	NumStability.lyapunov_perturbation_bound_of_pos_le_sylvesterSepInf	ilean	538	0	564	72	move_candidate	closure_free							1	0	"[""NumStability.lyapunov_perturbation_bound_of_pos_le_sylvesterSepInf""]"
command	NumStability.Algorithms.Sylvester.Higham16Lyapunov	NumStability.lyapunov_perturbation_bound_of_pos_le_sylvesterSepInf_total	ilean	566	0	590	61	move_candidate	closure_free							1	0	"[""NumStability.lyapunov_perturbation_bound_of_pos_le_sylvesterSepInf_total""]"
command	NumStability.Algorithms.Sylvester.Higham16Lyapunov	NumStability.lyapunov_relative_perturbation_of_pos_le_sylvesterSepInf	ilean	592	0	623	29	move_candidate	closure_free							1	0	"[""NumStability.lyapunov_relative_perturbation_of_pos_le_sylvesterSepInf""]"
command	NumStability.Algorithms.Sylvester.Higham16Lyapunov	NumStability.lyapunov_relative_perturbation_of_pos_le_sylvesterSepInf_total	ilean	625	0	652	68	move_candidate	closure_free							1	0	"[""NumStability.lyapunov_relative_perturbation_of_pos_le_sylvesterSepInf_total""]"
command	NumStability.Algorithms.Sylvester.Higham16Lyapunov	NumStability.H16_eq16_27_lyapunov_perturbation_bound_of_sepLowerBound_total	ilean	654	0	675	61	move_candidate	closure_free							1	0	"[""NumStability.H16_eq16_27_lyapunov_perturbation_bound_of_sepLowerBound_total""]"
command	NumStability.Algorithms.Sylvester.Higham16Lyapunov	NumStability.H16_eq16_27_lyapunov_relative_perturbation_of_sepLowerBound_total	ilean	677	0	700	68	move_candidate	closure_free							1	0	"[""NumStability.H16_eq16_27_lyapunov_relative_perturbation_of_sepLowerBound_total""]"
command	NumStability.Algorithms.Sylvester.Higham16Lyapunov	NumStability.H16_eq16_27_lyapunov_perturbation_bound_of_pos_le_sylvesterSepInf_total	ilean	702	0	723	61	move_candidate	closure_free							1	0	"[""NumStability.H16_eq16_27_lyapunov_perturbation_bound_of_pos_le_sylvesterSepInf_total""]"
command	NumStability.Algorithms.Sylvester.Higham16Lyapunov	NumStability.H16_eq16_27_lyapunov_relative_perturbation_of_pos_le_sylvesterSepInf_total	ilean	725	0	748	68	move_candidate	closure_free							1	0	"[""NumStability.H16_eq16_27_lyapunov_relative_perturbation_of_pos_le_sylvesterSepInf_total""]"
command	NumStability.Algorithms.Sylvester.Higham16Lyapunov	NumStability.lyapunov_first_order_bound_of_sepLowerBound	ilean	750	0	773	31	move_candidate	closure_free							1	0	"[""NumStability.lyapunov_first_order_bound_of_sepLowerBound""]"
command	NumStability.Algorithms.Sylvester.Higham16Lyapunov	NumStability.lyapunov_first_order_bound_of_pos_le_sylvesterSepInf	ilean	775	0	796	31	move_candidate	closure_free							1	0	"[""NumStability.lyapunov_first_order_bound_of_pos_le_sylvesterSepInf""]"
command	NumStability.Algorithms.Sylvester.Higham16Lyapunov	NumStability.H16_eq16_27_lyapunov_first_order_bound_of_sepLowerBound	source_alias	800	0	801	45	move_candidate	closure_free							1	0	"[""NumStability.H16_eq16_27_lyapunov_first_order_bound_of_sepLowerBound""]"
command	NumStability.Algorithms.Sylvester.Higham16Lyapunov	NumStability.H16_eq16_27_lyapunov_first_order_bound_of_pos_le_sylvesterSepInf	source_alias	805	0	806	54	move_candidate	closure_free							1	0	"[""NumStability.H16_eq16_27_lyapunov_first_order_bound_of_pos_le_sylvesterSepInf""]"
command	NumStability.Algorithms.Sylvester.Higham16Lyapunov	NumStability.H16_eq16_27_lyapunov_condition_of_sepLowerBound	ilean	808	0	845	39	move_candidate	closure_free							1	0	"[""NumStability.H16_eq16_27_lyapunov_condition_of_sepLowerBound""]"
command	NumStability.Algorithms.Sylvester.Higham16Lyapunov	NumStability.H16_eq16_27_lyapunov_condition_of_pos_le_sylvesterSepInf	ilean	847	0	874	26	move_candidate	closure_free							1	0	"[""NumStability.H16_eq16_27_lyapunov_condition_of_pos_le_sylvesterSepInf""]"
command	NumStability.Algorithms.Sylvester.Higham16Lyapunov	NumStability.lyapunov_relative_first_order_bound_of_sepLowerBound	ilean	876	0	899	26	move_candidate	closure_free							1	0	"[""NumStability.lyapunov_relative_first_order_bound_of_sepLowerBound""]"
command	NumStability.Algorithms.Sylvester.Higham16Lyapunov	NumStability.lyapunov_relative_first_order_bound_of_pos_le_sylvesterSepInf	ilean	901	0	925	26	move_candidate	closure_free							1	0	"[""NumStability.lyapunov_relative_first_order_bound_of_pos_le_sylvesterSepInf""]"
command	NumStability.Algorithms.Sylvester.Higham16Lyapunov	NumStability.H16_eq16_27_lyapunov_relative_first_order_bound_of_sepLowerBound	ilean	927	0	951	26	move_candidate	closure_free							1	0	"[""NumStability.H16_eq16_27_lyapunov_relative_first_order_bound_of_sepLowerBound""]"
command	NumStability.Algorithms.Sylvester.Higham16Lyapunov	NumStability.H16_eq16_27_lyapunov_relative_first_order_bound_of_pos_le_sylvesterSepInf	ilean	953	0	977	26	move_candidate	closure_free							1	0	"[""NumStability.H16_eq16_27_lyapunov_relative_first_order_bound_of_pos_le_sylvesterSepInf""]"
command	NumStability.Algorithms.Sylvester.Higham16Lyapunov	NumStability.lyapunov_aposteriori_bound_of_sepLowerBound	ilean	983	0	1006	74	move_candidate	closure_free							1	0	"[""NumStability.lyapunov_aposteriori_bound_of_sepLowerBound""]"
command	NumStability.Algorithms.Sylvester.Higham16Lyapunov	NumStability.lyapunov_relative_aposteriori_bound_of_sepLowerBound	ilean	1008	0	1034	74	move_candidate	closure_free							1	0	"[""NumStability.lyapunov_relative_aposteriori_bound_of_sepLowerBound""]"
command	NumStability.Algorithms.Sylvester.Higham16Lyapunov	NumStability.lyapunov_aposteriori_bound_of_pos_le_sylvesterSepInf	ilean	1036	0	1054	18	move_candidate	closure_free							1	0	"[""NumStability.lyapunov_aposteriori_bound_of_pos_le_sylvesterSepInf""]"
command	NumStability.Algorithms.Sylvester.Higham16Lyapunov	NumStability.lyapunov_relative_aposteriori_bound_of_pos_le_sylvesterSepInf	ilean	1056	0	1077	25	move_candidate	closure_free							1	0	"[""NumStability.lyapunov_relative_aposteriori_bound_of_pos_le_sylvesterSepInf""]"
command	NumStability.Algorithms.Sylvester.Higham16Lyapunov	NumStability.H16_eq16_28_lyapunov_aposteriori_bound_of_sepLowerBound	source_alias	1082	0	1083	45	move_candidate	closure_free							1	0	"[""NumStability.H16_eq16_28_lyapunov_aposteriori_bound_of_sepLowerBound""]"
command	NumStability.Algorithms.Sylvester.Higham16Lyapunov	NumStability.H16_eq16_28_lyapunov_relative_aposteriori_bound_of_sepLowerBound	source_alias	1089	0	1090	54	move_candidate	closure_free							1	0	"[""NumStability.H16_eq16_28_lyapunov_relative_aposteriori_bound_of_sepLowerBound""]"
command	NumStability.Algorithms.Sylvester.Higham16Lyapunov	NumStability.H16_eq16_28_lyapunov_aposteriori_bound_of_pos_le_sylvesterSepInf	source_alias	1095	0	1096	54	move_candidate	closure_free							1	0	"[""NumStability.H16_eq16_28_lyapunov_aposteriori_bound_of_pos_le_sylvesterSepInf""]"
command	NumStability.Algorithms.Sylvester.Higham16Lyapunov	NumStability.H16_eq16_28_lyapunov_relative_aposteriori_bound_of_pos_le_sylvesterSepInf	source_alias	1102	0	1103	63	move_candidate	closure_free							1	0	"[""NumStability.H16_eq16_28_lyapunov_relative_aposteriori_bound_of_pos_le_sylvesterSepInf""]"
command	NumStability.Algorithms.Sylvester.Higham16Lyapunov	NumStability.lyapunov_aposteriori_bound_of_sepLowerBound_total	ilean	1105	0	1131	56	move_candidate	closure_free							1	0	"[""NumStability.lyapunov_aposteriori_bound_of_sepLowerBound_total""]"
command	NumStability.Algorithms.Sylvester.Higham16Lyapunov	NumStability.lyapunov_relative_aposteriori_bound_of_sepLowerBound_total	ilean	1133	0	1151	57	move_candidate	closure_free							1	0	"[""NumStability.lyapunov_relative_aposteriori_bound_of_sepLowerBound_total""]"
command	NumStability.Algorithms.Sylvester.Higham16Lyapunov	NumStability.lyapunov_aposteriori_bound_of_pos_le_sylvesterSepInf_total	ilean	1153	0	1169	12	move_candidate	closure_free							1	0	"[""NumStability.lyapunov_aposteriori_bound_of_pos_le_sylvesterSepInf_total""]"
command	NumStability.Algorithms.Sylvester.Higham16Lyapunov	NumStability.lyapunov_relative_aposteriori_bound_of_pos_le_sylvesterSepInf_total	ilean	1171	0	1192	19	move_candidate	closure_free							1	0	"[""NumStability.lyapunov_relative_aposteriori_bound_of_pos_le_sylvesterSepInf_total""]"
command	NumStability.Algorithms.Sylvester.Higham16Lyapunov	NumStability.H16_eq16_28_lyapunov_aposteriori_bound_of_sepLowerBound_total	ilean	1194	0	1207	34	move_candidate	closure_free							1	0	"[""NumStability.H16_eq16_28_lyapunov_aposteriori_bound_of_sepLowerBound_total""]"
command	NumStability.Algorithms.Sylvester.Higham16Lyapunov	NumStability.H16_eq16_28_lyapunov_relative_aposteriori_bound_of_sepLowerBound_total	ilean	1209	0	1224	41	move_candidate	closure_free							1	0	"[""NumStability.H16_eq16_28_lyapunov_relative_aposteriori_bound_of_sepLowerBound_total""]"
command	NumStability.Algorithms.Sylvester.Higham16Lyapunov	NumStability.H16_eq16_28_lyapunov_aposteriori_bound_of_pos_le_sylvesterSepInf_total	ilean	1226	0	1239	40	move_candidate	closure_free							1	0	"[""NumStability.H16_eq16_28_lyapunov_aposteriori_bound_of_pos_le_sylvesterSepInf_total""]"
command	NumStability.Algorithms.Sylvester.Higham16Lyapunov	NumStability.H16_eq16_28_lyapunov_relative_aposteriori_bound_of_pos_le_sylvesterSepInf_total	ilean	1241	0	1256	47	move_candidate	closure_free							1	0	"[""NumStability.H16_eq16_28_lyapunov_relative_aposteriori_bound_of_pos_le_sylvesterSepInf_total""]"
command	NumStability.Algorithms.Sylvester.Higham16Lyapunov	NumStability.lyapunovOp_diagonal_apply	ilean	1263	0	1284	14	move_candidate	closure_free							1	0	"[""NumStability.lyapunovOp_diagonal_apply""]"
command	NumStability.Algorithms.Sylvester.Higham16Lyapunov	NumStability.lyapunovInverseOpBound_diagonal	ilean	1286	0	1317	52	move_candidate	closure_free							1	0	"[""NumStability.lyapunovInverseOpBound_diagonal""]"
command	NumStability.Algorithms.Sylvester.Higham16Lyapunov	NumStability.SepLowerBound_lyapunov_diagonal_of_entrywise_abs_ge	ilean	1319	0	1343	39	move_candidate	closure_free							1	0	"[""NumStability.SepLowerBound_lyapunov_diagonal_of_entrywise_abs_ge""]"
command	NumStability.Algorithms.Sylvester.Higham16Lyapunov	NumStability.sylvesterSepInf_lyapunov_diagonal_ge_of_entrywise_abs_ge	ilean	1345	0	1358	8	move_candidate	closure_free							1	0	"[""NumStability.sylvesterSepInf_lyapunov_diagonal_ge_of_entrywise_abs_ge""]"
command	NumStability.Algorithms.Sylvester.Higham16Lyapunov	NumStability.H16_eq16_26_SepLowerBound_lyapunov_diagonal_of_entrywise_abs_ge	source_alias	1362	0	1363	53	move_candidate	closure_free							1	0	"[""NumStability.H16_eq16_26_SepLowerBound_lyapunov_diagonal_of_entrywise_abs_ge""]"
command	NumStability.Algorithms.Sylvester.Higham16Lyapunov	NumStability.H16_eq16_26_sylvesterSepInf_lyapunov_diagonal_ge_of_entrywise_abs_ge	source_alias	1367	0	1368	58	move_candidate	closure_free							1	0	"[""NumStability.H16_eq16_26_sylvesterSepInf_lyapunov_diagonal_ge_of_entrywise_abs_ge""]"
command	NumStability.Algorithms.Sylvester.Higham16Lyapunov	NumStability.lyapunov_perturbation_bound_diagonal	ilean	1370	0	1393	72	move_candidate	closure_free							1	0	"[""NumStability.lyapunov_perturbation_bound_diagonal""]"
command	NumStability.Algorithms.Sylvester.Higham16Lyapunov	NumStability.lyapunov_relative_perturbation_diagonal	ilean	1395	0	1423	29	move_candidate	closure_free							1	0	"[""NumStability.lyapunov_relative_perturbation_diagonal""]"
command	NumStability.Algorithms.Sylvester.Higham16Lyapunov	NumStability.lyapunov_perturbation_bound_diagonal_total	ilean	1425	0	1447	61	move_candidate	closure_free							1	0	"[""NumStability.lyapunov_perturbation_bound_diagonal_total""]"
command	NumStability.Algorithms.Sylvester.Higham16Lyapunov	NumStability.lyapunov_relative_perturbation_diagonal_total	ilean	1449	0	1474	68	move_candidate	closure_free							1	0	"[""NumStability.lyapunov_relative_perturbation_diagonal_total""]"
command	NumStability.Algorithms.Sylvester.Higham16Lyapunov	NumStability.H16_eq16_27_lyapunov_perturbation_bound_diagonal_total	ilean	1476	0	1498	61	move_candidate	closure_free							1	0	"[""NumStability.H16_eq16_27_lyapunov_perturbation_bound_diagonal_total""]"
command	NumStability.Algorithms.Sylvester.Higham16Lyapunov	NumStability.H16_eq16_27_lyapunov_relative_perturbation_diagonal_total	ilean	1500	0	1525	68	move_candidate	closure_free							1	0	"[""NumStability.H16_eq16_27_lyapunov_relative_perturbation_diagonal_total""]"
command	NumStability.Algorithms.Sylvester.Higham16Lyapunov	NumStability.lyapunov_aposteriori_bound_diagonal	ilean	1527	0	1560	34	move_candidate	closure_free							1	0	"[""NumStability.lyapunov_aposteriori_bound_diagonal""]"
command	NumStability.Algorithms.Sylvester.Higham16Lyapunov	NumStability.lyapunov_relative_aposteriori_bound_diagonal	ilean	1562	0	1598	61	move_candidate	closure_free							1	0	"[""NumStability.lyapunov_relative_aposteriori_bound_diagonal""]"
command	NumStability.Algorithms.Sylvester.Higham16Lyapunov	NumStability.H16_eq16_28_lyapunov_aposteriori_bound_diagonal	source_alias	1603	0	1604	37	move_candidate	closure_free							1	0	"[""NumStability.H16_eq16_28_lyapunov_aposteriori_bound_diagonal""]"
command	NumStability.Algorithms.Sylvester.Higham16Lyapunov	NumStability.H16_eq16_28_lyapunov_relative_aposteriori_bound_diagonal	source_alias	1610	0	1611	46	move_candidate	closure_free							1	0	"[""NumStability.H16_eq16_28_lyapunov_relative_aposteriori_bound_diagonal""]"
command	NumStability.Algorithms.Sylvester.Higham16Lyapunov	NumStability.lyapunov_aposteriori_bound_diagonal_total	ilean	1613	0	1629	12	move_candidate	closure_free							1	0	"[""NumStability.lyapunov_aposteriori_bound_diagonal_total""]"
command	NumStability.Algorithms.Sylvester.Higham16Lyapunov	NumStability.lyapunov_relative_aposteriori_bound_diagonal_total	ilean	1631	0	1651	19	move_candidate	closure_free							1	0	"[""NumStability.lyapunov_relative_aposteriori_bound_diagonal_total""]"
command	NumStability.Algorithms.Sylvester.Higham16Lyapunov	NumStability.H16_eq16_28_lyapunov_aposteriori_bound_diagonal_total	ilean	1653	0	1667	33	move_candidate	closure_free							1	0	"[""NumStability.H16_eq16_28_lyapunov_aposteriori_bound_diagonal_total""]"
command	NumStability.Algorithms.Sylvester.Higham16Lyapunov	NumStability.H16_eq16_28_lyapunov_relative_aposteriori_bound_diagonal_total	ilean	1669	0	1686	40	move_candidate	closure_free							1	0	"[""NumStability.H16_eq16_28_lyapunov_relative_aposteriori_bound_diagonal_total""]"
command	NumStability.Algorithms.Sylvester.Higham16Lyapunov	NumStability.lyapunovCondDiagonal	ilean	1688	0	1696	48	move_candidate	closure_free							1	0	"[""NumStability.lyapunovCondDiagonal""]"
command	NumStability.Algorithms.Sylvester.Higham16Lyapunov	NumStability.H16_eq16_27_lyapunovCondDiagonal	ilean	1698	0	1702	22	move_candidate	closure_free							1	0	"[""NumStability.H16_eq16_27_lyapunovCondDiagonal""]"
command	NumStability.Algorithms.Sylvester.Higham16Lyapunov	NumStability.lyapunovCondDiagonal_isLyapunovConditionFirstOrderBound	ilean	1704	0	1722	22	move_candidate	closure_free							1	0	"[""NumStability.lyapunovCondDiagonal_isLyapunovConditionFirstOrderBound""]"
command	NumStability.Algorithms.Sylvester.Higham16Lyapunov	NumStability.H16_eq16_27_lyapunovCondDiagonal_isLyapunovConditionFirstOrderBound	source_alias	1726	0	1727	57	move_candidate	closure_free							1	0	"[""NumStability.H16_eq16_27_lyapunovCondDiagonal_isLyapunovConditionFirstOrderBound""]"
command	NumStability.Algorithms.Sylvester.Higham16Lyapunov	NumStability.H16_eq16_27_lyapunov_condition_diagonal	ilean	1733	0	1771	39	move_candidate	closure_free							1	0	"[""NumStability.H16_eq16_27_lyapunov_condition_diagonal""]"
command	NumStability.Algorithms.Sylvester.Higham16Lyapunov	NumStability.lyapunov_relative_first_order_bound_diagonal	ilean	1773	0	1795	26	move_candidate	closure_free							1	0	"[""NumStability.lyapunov_relative_first_order_bound_diagonal""]"
command	NumStability.Algorithms.Sylvester.Higham16Lyapunov	NumStability.H16_eq16_27_lyapunov_relative_first_order_bound_diagonal	ilean	1797	0	1820	26	move_candidate	closure_free							1	0	"[""NumStability.H16_eq16_27_lyapunov_relative_first_order_bound_diagonal""]"
command	NumStability.Algorithms.Sylvester.Higham16Psi	NumStability.frobNorm_le_alpha_mul_tripleNorm	ilean	62	0	93	18	move_candidate	closure_free							1	0	"[""NumStability.frobNorm_le_alpha_mul_tripleNorm""]"
command	NumStability.Algorithms.Sylvester.Higham16Psi	NumStability.frobNorm_le_beta_mul_tripleNorm	ilean	95	0	122	18	move_candidate	closure_free							1	0	"[""NumStability.frobNorm_le_beta_mul_tripleNorm""]"
command	NumStability.Algorithms.Sylvester.Higham16Psi	NumStability.frobNorm_le_gamma_mul_tripleNorm	ilean	124	0	151	18	move_candidate	closure_free							1	0	"[""NumStability.frobNorm_le_gamma_mul_tripleNorm""]"
command	NumStability.Algorithms.Sylvester.Higham16Psi	NumStability.sylvester_first_order_rhs_frobNorm_le	ilean	157	0	205	49	move_candidate	closure_free							1	0	"[""NumStability.sylvester_first_order_rhs_frobNorm_le""]"
command	NumStability.Algorithms.Sylvester.Higham16Psi	NumStability.H16_eq16_23_frobNorm_le_alpha_mul_tripleNorm	source_alias	209	0	210	34	move_candidate	closure_free							1	0	"[""NumStability.H16_eq16_23_frobNorm_le_alpha_mul_tripleNorm""]"
command	NumStability.Algorithms.Sylvester.Higham16Psi	NumStability.H16_eq16_23_frobNorm_le_beta_mul_tripleNorm	source_alias	214	0	215	33	move_candidate	closure_free							1	0	"[""NumStability.H16_eq16_23_frobNorm_le_beta_mul_tripleNorm""]"
command	NumStability.Algorithms.Sylvester.Higham16Psi	NumStability.H16_eq16_23_frobNorm_le_gamma_mul_tripleNorm	source_alias	219	0	220	34	move_candidate	closure_free							1	0	"[""NumStability.H16_eq16_23_frobNorm_le_gamma_mul_tripleNorm""]"
command	NumStability.Algorithms.Sylvester.Higham16Psi	NumStability.H16_eq16_23_sylvester_first_order_rhs_frobNorm_le	source_alias	225	0	226	39	move_candidate	closure_free							1	0	"[""NumStability.H16_eq16_23_sylvester_first_order_rhs_frobNorm_le""]"
command	NumStability.Algorithms.Sylvester.Higham16Psi	NumStability.SylvesterInverseOpBound	ilean	233	0	242	51	move_candidate	closure_free							1	0	"[""NumStability.SylvesterInverseOpBound""]"
command	NumStability.Algorithms.Sylvester.Higham16Psi	NumStability.H16_eq16_24_SylvesterInverseOpBound	ilean	244	0	248	25	move_candidate	closure_free							1	0	"[""NumStability.H16_eq16_24_SylvesterInverseOpBound""]"
command	NumStability.Algorithms.Sylvester.Higham16Psi	NumStability.sylvesterInverseOpBound_of_sepLowerBound	ilean	250	0	276	15	move_candidate	closure_free							1	0	"[""NumStability.sylvesterInverseOpBound_of_sepLowerBound""]"
command	NumStability.Algorithms.Sylvester.Higham16Psi	NumStability.sylvesterPsi_of_inverseOpBound	ilean	278	0	286	45	move_candidate	closure_free							1	0	"[""NumStability.sylvesterPsi_of_inverseOpBound""]"
command	NumStability.Algorithms.Sylvester.Higham16Psi	NumStability.H16_eq16_24_sylvesterPsi_of_inverseOpBound	ilean	288	0	292	32	move_candidate	closure_free							1	0	"[""NumStability.H16_eq16_24_sylvesterPsi_of_inverseOpBound""]"
command	NumStability.Algorithms.Sylvester.Higham16Psi	NumStability.sylvesterPsi_of_inverseOpBound_isPsiFirstOrderBound	ilean	294	0	337	14	move_candidate	closure_free							1	0	"[""NumStability.sylvesterPsi_of_inverseOpBound_isPsiFirstOrderBound""]"
command	NumStability.Algorithms.Sylvester.Higham16Psi	NumStability.sylvesterPsi_of_sepLowerBound_isPsiFirstOrderBound	ilean	339	0	354	37	move_candidate	closure_free							1	0	"[""NumStability.sylvesterPsi_of_sepLowerBound_isPsiFirstOrderBound""]"
command	NumStability.Algorithms.Sylvester.Higham16Psi	NumStability.sylvesterPsi_of_pos_le_sylvesterSepInf_isPsiFirstOrderBound	ilean	356	0	370	70	move_candidate	closure_free							1	0	"[""NumStability.sylvesterPsi_of_pos_le_sylvesterSepInf_isPsiFirstOrderBound""]"
command	NumStability.Algorithms.Sylvester.Higham16Psi	NumStability.sylvester_first_order_bound_of_sepLowerBound	ilean	372	0	393	22	move_candidate	closure_free							1	0	"[""NumStability.sylvester_first_order_bound_of_sepLowerBound""]"
command	NumStability.Algorithms.Sylvester.Higham16Psi	NumStability.sylvester_first_order_bound_of_pos_le_sylvesterSepInf	ilean	395	0	416	38	move_candidate	closure_free							1	0	"[""NumStability.sylvester_first_order_bound_of_pos_le_sylvesterSepInf""]"
command	NumStability.Algorithms.Sylvester.Higham16Psi	NumStability.H16_eq16_24_sylvesterInverseOpBound_of_sepLowerBound	source_alias	421	0	422	42	move_candidate	closure_free							1	0	"[""NumStability.H16_eq16_24_sylvesterInverseOpBound_of_sepLowerBound""]"
command	NumStability.Algorithms.Sylvester.Higham16Psi	NumStability.H16_eq16_24_sylvesterPsi_of_inverseOpBound_isPsiFirstOrderBound	source_alias	427	0	428	53	move_candidate	closure_free							1	0	"[""NumStability.H16_eq16_24_sylvesterPsi_of_inverseOpBound_isPsiFirstOrderBound""]"
command	NumStability.Algorithms.Sylvester.Higham16Psi	NumStability.H16_eq16_24_sylvesterPsi_of_sepLowerBound_isPsiFirstOrderBound	source_alias	433	0	434	52	move_candidate	closure_free							1	0	"[""NumStability.H16_eq16_24_sylvesterPsi_of_sepLowerBound_isPsiFirstOrderBound""]"
command	NumStability.Algorithms.Sylvester.Higham16Psi	NumStability.H16_eq16_24_sylvesterPsi_of_pos_le_sylvesterSepInf_isPsiFirstOrderBound	source_alias	439	0	440	61	move_candidate	closure_free							1	0	"[""NumStability.H16_eq16_24_sylvesterPsi_of_pos_le_sylvesterSepInf_isPsiFirstOrderBound""]"
command	NumStability.Algorithms.Sylvester.Higham16Psi	NumStability.H16_eq16_23_sylvester_first_order_bound_of_sepLowerBound	ilean	442	0	461	45	move_candidate	closure_free							1	0	"[""NumStability.H16_eq16_23_sylvester_first_order_bound_of_sepLowerBound""]"
command	NumStability.Algorithms.Sylvester.Higham16Psi	NumStability.H16_eq16_23_sylvester_first_order_bound_of_pos_le_sylvesterSepInf	ilean	463	0	482	44	move_candidate	closure_free							1	0	"[""NumStability.H16_eq16_23_sylvester_first_order_bound_of_pos_le_sylvesterSepInf""]"
command	NumStability.Algorithms.Sylvester.Higham16Psi	NumStability.H16_eq16_24_structured_condition_of_sepLowerBound	ilean	484	0	522	45	move_candidate	closure_free							1	0	"[""NumStability.H16_eq16_24_structured_condition_of_sepLowerBound""]"
command	NumStability.Algorithms.Sylvester.Higham16Psi	NumStability.H16_eq16_24_structured_condition_of_pos_le_sylvesterSepInf	ilean	524	0	553	34	move_candidate	closure_free							1	0	"[""NumStability.H16_eq16_24_structured_condition_of_pos_le_sylvesterSepInf""]"
command	NumStability.Algorithms.Sylvester.Higham16Psi	NumStability.sylvester_relative_first_order_bound_of_sepLowerBound	ilean	555	0	578	34	move_candidate	closure_free							1	0	"[""NumStability.sylvester_relative_first_order_bound_of_sepLowerBound""]"
command	NumStability.Algorithms.Sylvester.Higham16Psi	NumStability.sylvester_relative_first_order_bound_of_pos_le_sylvesterSepInf	ilean	580	0	603	34	move_candidate	closure_free							1	0	"[""NumStability.sylvester_relative_first_order_bound_of_pos_le_sylvesterSepInf""]"
command	NumStability.Algorithms.Sylvester.Higham16Psi	NumStability.H16_eq16_24_sylvester_relative_first_order_bound_of_sepLowerBound	ilean	605	0	627	34	move_candidate	closure_free							1	0	"[""NumStability.H16_eq16_24_sylvester_relative_first_order_bound_of_sepLowerBound""]"
command	NumStability.Algorithms.Sylvester.Higham16Psi	NumStability.H16_eq16_24_sylvester_relative_first_order_bound_of_pos_le_sylvesterSepInf	ilean	629	0	652	34	move_candidate	closure_free							1	0	"[""NumStability.H16_eq16_24_sylvester_relative_first_order_bound_of_pos_le_sylvesterSepInf""]"
command	NumStability.Algorithms.Sylvester.Higham16Psi	NumStability.sylvesterOp_diagonal_apply	ilean	658	0	669	9	move_candidate	closure_free							1	0	"[""NumStability.sylvesterOp_diagonal_apply""]"
command	NumStability.Algorithms.Sylvester.Higham16Psi	NumStability.sylvesterInverseOpBound_diagonal	ilean	671	0	701	73	move_candidate	closure_free							1	0	"[""NumStability.sylvesterInverseOpBound_diagonal""]"
command	NumStability.Algorithms.Sylvester.Higham16Psi	NumStability.sylvesterPsiDiagonal	ilean	703	0	711	50	move_candidate	closure_free							1	0	"[""NumStability.sylvesterPsiDiagonal""]"
command	NumStability.Algorithms.Sylvester.Higham16Psi	NumStability.H16_eq16_24_sylvesterPsiDiagonal	ilean	713	0	717	22	move_candidate	closure_free							1	0	"[""NumStability.H16_eq16_24_sylvesterPsiDiagonal""]"
command	NumStability.Algorithms.Sylvester.Higham16Psi	NumStability.sylvesterPsiDiagonal_isPsiFirstOrderBound	ilean	719	0	737	25	move_candidate	closure_free							1	0	"[""NumStability.sylvesterPsiDiagonal_isPsiFirstOrderBound""]"
command	NumStability.Algorithms.Sylvester.Higham16Psi	NumStability.H16_eq16_24_sylvesterPsiDiagonal_isPsiFirstOrderBound	source_alias	741	0	742	43	move_candidate	closure_free							1	0	"[""NumStability.H16_eq16_24_sylvesterPsiDiagonal_isPsiFirstOrderBound""]"
command	NumStability.Algorithms.Sylvester.Higham16Psi	NumStability.H16_eq16_24_structured_condition_diagonal	ilean	748	0	786	45	move_candidate	closure_free							1	0	"[""NumStability.H16_eq16_24_structured_condition_diagonal""]"
command	NumStability.Algorithms.Sylvester.Higham16Psi	NumStability.sylvester_relative_first_order_bound_diagonal	ilean	788	0	810	34	move_candidate	closure_free							1	0	"[""NumStability.sylvester_relative_first_order_bound_diagonal""]"
command	NumStability.Algorithms.Sylvester.Higham16Psi	NumStability.H16_eq16_24_sylvester_relative_first_order_bound_diagonal	ilean	812	0	833	34	move_candidate	closure_free							1	0	"[""NumStability.H16_eq16_24_sylvester_relative_first_order_bound_diagonal""]"
command	NumStability.Algorithms.Sylvester.SylvesterBackward	NumStability.IsSVD	ilean	27	0	34	16	move_candidate	closure_free							1	0	"[""NumStability.IsSVD""]"
command	NumStability.Algorithms.Sylvester.SylvesterBackward	NumStability.svdResidual	ilean	40	0	45	42	move_candidate	closure_free							1	0	"[""NumStability.svdResidual""]"
command	NumStability.Algorithms.Sylvester.SylvesterBackward	NumStability.svdResidual_frobNormSq	ilean	47	0	54	86	move_candidate	closure_free							1	0	"[""NumStability.svdResidual_frobNormSq""]"
command	NumStability.Algorithms.Sylvester.SylvesterBackward	NumStability.xiSq	ilean	60	0	66	65	move_candidate	closure_free							1	0	"[""NumStability.xiSq""]"
command	NumStability.Algorithms.Sylvester.SylvesterBackward	NumStability.xiSq_nonneg	ilean	68	0	76	54	move_candidate	closure_free							1	0	"[""NumStability.xiSq_nonneg""]"
command	NumStability.Algorithms.Sylvester.SylvesterBackward	NumStability.H16_eq16_13_IsSVD	ilean	78	0	80	33	move_candidate	closure_free							1	0	"[""NumStability.H16_eq16_13_IsSVD""]"
command	NumStability.Algorithms.Sylvester.SylvesterBackward	NumStability.H16_eq16_13_svdResidual	ilean	82	0	84	59	move_candidate	closure_free							1	0	"[""NumStability.H16_eq16_13_svdResidual""]"
command	NumStability.Algorithms.Sylvester.SylvesterBackward	NumStability.H16_eq16_13_svdResidual_frobNormSq	source_alias	89	0	90	24	move_candidate	closure_free							1	0	"[""NumStability.H16_eq16_13_svdResidual_frobNormSq""]"
command	NumStability.Algorithms.Sylvester.SylvesterBackward	NumStability.H16_eq16_16_xiSq	ilean	92	0	94	45	move_candidate	closure_free							1	0	"[""NumStability.H16_eq16_16_xiSq""]"
command	NumStability.Algorithms.Sylvester.SylvesterBackward	NumStability.H16_eq16_16_xiSq_nonneg	source_alias	98	0	99	13	move_candidate	closure_free							1	0	"[""NumStability.H16_eq16_16_xiSq_nonneg""]"
command	NumStability.Algorithms.Sylvester.SylvesterBackward	NumStability.backward_error_lower_sq	ilean	105	0	152	77	move_candidate	closure_free							1	0	"[""NumStability.backward_error_lower_sq""]"
command	NumStability.Algorithms.Sylvester.SylvesterBackward	NumStability.H16_eq16_14_15_backward_error_lower_sq	source_alias	157	0	157	71	move_candidate	closure_free							1	0	"[""NumStability.H16_eq16_14_15_backward_error_lower_sq""]"
command	NumStability.Algorithms.Sylvester.SylvesterBackward	NumStability.backward_error_upper_component	ilean	163	0	205	26	move_candidate	closure_free							1	0	"[""NumStability.backward_error_upper_component""]"
command	NumStability.Algorithms.Sylvester.SylvesterBackward	NumStability.svdOptimalDeltaA	ilean	207	0	214	49	move_candidate	closure_free							1	0	"[""NumStability.svdOptimalDeltaA""]"
command	NumStability.Algorithms.Sylvester.SylvesterBackward	NumStability.svdOptimalDeltaB	ilean	216	0	223	49	move_candidate	closure_free							1	0	"[""NumStability.svdOptimalDeltaB""]"
command	NumStability.Algorithms.Sylvester.SylvesterBackward	NumStability.svdOptimalDeltaC	ilean	225	0	232	49	move_candidate	closure_free							1	0	"[""NumStability.svdOptimalDeltaC""]"
command	NumStability.Algorithms.Sylvester.SylvesterBackward	NumStability.svdOptimalPerturbations_scalar_eq	ilean	234	0	250	6	move_candidate	closure_free							1	0	"[""NumStability.svdOptimalPerturbations_scalar_eq""]"
command	NumStability.Algorithms.Sylvester.SylvesterBackward	NumStability.svdOptimalPerturbations_cost_eq_xiSq	ilean	252	0	272	20	move_candidate	closure_free							1	0	"[""NumStability.svdOptimalPerturbations_cost_eq_xiSq""]"
command	NumStability.Algorithms.Sylvester.SylvesterBackward	NumStability.exists_svdOptimalPerturbations	ilean	274	0	288	69	move_candidate	closure_free							1	0	"[""NumStability.exists_svdOptimalPerturbations""]"
command	NumStability.Algorithms.Sylvester.SylvesterBackward	NumStability.svdOptimalDeltaA_frobNormSq_le_xiSq	ilean	290	0	299	57	move_candidate	closure_free							1	0	"[""NumStability.svdOptimalDeltaA_frobNormSq_le_xiSq""]"
command	NumStability.Algorithms.Sylvester.SylvesterBackward	NumStability.svdOptimalDeltaB_frobNormSq_le_xiSq	ilean	301	0	342	26	move_candidate	closure_free							1	0	"[""NumStability.svdOptimalDeltaB_frobNormSq_le_xiSq""]"
command	NumStability.Algorithms.Sylvester.SylvesterBackward	NumStability.svdOptimalDeltaC_frobNormSq_le_xiSq	ilean	344	0	385	26	move_candidate	closure_free							1	0	"[""NumStability.svdOptimalDeltaC_frobNormSq_le_xiSq""]"
command	NumStability.Algorithms.Sylvester.SylvesterBackward	NumStability.svdOptimalPerturbations_frobNormSq_bounds	ilean	387	0	401	63	move_candidate	closure_free							1	0	"[""NumStability.svdOptimalPerturbations_frobNormSq_bounds""]"
command	NumStability.Algorithms.Sylvester.SylvesterBackward	NumStability.H16_eq16_15_backward_error_upper_component	source_alias	406	0	407	32	move_candidate	closure_free							1	0	"[""NumStability.H16_eq16_15_backward_error_upper_component""]"
command	NumStability.Algorithms.Sylvester.SylvesterBackward	NumStability.H16_eq16_15_svdOptimalDeltaA	ilean	409	0	409	69	move_candidate	closure_free							1	0	"[""NumStability.H16_eq16_15_svdOptimalDeltaA""]"
command	NumStability.Algorithms.Sylvester.SylvesterBackward	NumStability.H16_eq16_15_svdOptimalDeltaB	ilean	411	0	411	69	move_candidate	closure_free							1	0	"[""NumStability.H16_eq16_15_svdOptimalDeltaB""]"
command	NumStability.Algorithms.Sylvester.SylvesterBackward	NumStability.H16_eq16_15_svdOptimalDeltaC	ilean	413	0	413	69	move_candidate	closure_free							1	0	"[""NumStability.H16_eq16_15_svdOptimalDeltaC""]"
command	NumStability.Algorithms.Sylvester.SylvesterBackward	NumStability.H16_eq16_15_svdOptimalPerturbations_scalar_eq	source_alias	415	0	416	35	move_candidate	closure_free							1	0	"[""NumStability.H16_eq16_15_svdOptimalPerturbations_scalar_eq""]"
command	NumStability.Algorithms.Sylvester.SylvesterBackward	NumStability.H16_eq16_15_svdOptimalPerturbations_cost_eq_xiSq	source_alias	418	0	419	38	move_candidate	closure_free							1	0	"[""NumStability.H16_eq16_15_svdOptimalPerturbations_cost_eq_xiSq""]"
command	NumStability.Algorithms.Sylvester.SylvesterBackward	NumStability.H16_eq16_15_exists_svdOptimalPerturbations	source_alias	421	0	422	32	move_candidate	closure_free							1	0	"[""NumStability.H16_eq16_15_exists_svdOptimalPerturbations""]"
command	NumStability.Algorithms.Sylvester.SylvesterBackward	NumStability.H16_eq16_15_svdOptimalDeltaA_frobNormSq_le_xiSq	source_alias	424	0	425	37	move_candidate	closure_free							1	0	"[""NumStability.H16_eq16_15_svdOptimalDeltaA_frobNormSq_le_xiSq""]"
command	NumStability.Algorithms.Sylvester.SylvesterBackward	NumStability.H16_eq16_15_svdOptimalDeltaB_frobNormSq_le_xiSq	source_alias	427	0	428	37	move_candidate	closure_free							1	0	"[""NumStability.H16_eq16_15_svdOptimalDeltaB_frobNormSq_le_xiSq""]"
command	NumStability.Algorithms.Sylvester.SylvesterBackward	NumStability.H16_eq16_15_svdOptimalDeltaC_frobNormSq_le_xiSq	source_alias	430	0	431	37	move_candidate	closure_free							1	0	"[""NumStability.H16_eq16_15_svdOptimalDeltaC_frobNormSq_le_xiSq""]"
command	NumStability.Algorithms.Sylvester.SylvesterBackward	NumStability.H16_eq16_15_svdOptimalPerturbations_frobNormSq_bounds	source_alias	433	0	434	43	move_candidate	closure_free							1	0	"[""NumStability.H16_eq16_15_svdOptimalPerturbations_frobNormSq_bounds""]"
command	NumStability.Algorithms.Sylvester.SylvesterBackward	NumStability.sylvesterAmplificationMu	ilean	440	0	448	55	move_candidate	closure_free							1	0	"[""NumStability.sylvesterAmplificationMu""]"
command	NumStability.Algorithms.Sylvester.SylvesterBackward	NumStability.H16_eq16_18_sylvesterAmplificationMu	ilean	450	0	453	26	move_candidate	closure_free							1	0	"[""NumStability.H16_eq16_18_sylvesterAmplificationMu""]"
command	NumStability.Algorithms.Sylvester.SylvesterBackward	NumStability.sylvesterAmplificationMuSquare	ilean	455	0	460	50	move_candidate	closure_free							1	0	"[""NumStability.sylvesterAmplificationMuSquare""]"
command	NumStability.Algorithms.Sylvester.SylvesterBackward	NumStability.H16_eq16_19_sylvesterAmplificationMuSquare	ilean	462	0	465	32	move_candidate	closure_free							1	0	"[""NumStability.H16_eq16_19_sylvesterAmplificationMuSquare""]"
command	NumStability.Algorithms.Sylvester.SylvesterBackward	NumStability.sylvesterAmplificationMu_square_eq	ilean	467	0	475	49	move_candidate	closure_free							1	0	"[""NumStability.sylvesterAmplificationMu_square_eq""]"
command	NumStability.Algorithms.Sylvester.SylvesterBackward	NumStability.H16_eq16_19_sylvesterAmplificationMu_square_eq	source_alias	479	0	480	36	move_candidate	closure_free							1	0	"[""NumStability.H16_eq16_19_sylvesterAmplificationMu_square_eq""]"
command	NumStability.Algorithms.Sylvester.SylvesterBackward	NumStability.one_le_sylvesterAmplificationMuSquare	ilean	482	0	515	43	move_candidate	closure_free							1	0	"[""NumStability.one_le_sylvesterAmplificationMuSquare""]"
command	NumStability.Algorithms.Sylvester.SylvesterBackward	NumStability.H16_eq16_19_one_le_sylvesterAmplificationMuSquare	source_alias	519	0	520	39	move_candidate	closure_free							1	0	"[""NumStability.H16_eq16_19_one_le_sylvesterAmplificationMuSquare""]"
command	NumStability.Algorithms.Sylvester.SylvesterBackward	NumStability.xiSq_amplification_bound	ilean	522	0	560	64	move_candidate	closure_free							1	0	"[""NumStability.xiSq_amplification_bound""]"
command	NumStability.Algorithms.Sylvester.SylvesterBackward	NumStability.amplification_factor_bound	ilean	562	0	576	11	move_candidate	closure_free							1	0	"[""NumStability.amplification_factor_bound""]"
command	NumStability.Algorithms.Sylvester.SylvesterBackward	NumStability.xiSq_le_mu_relative_residual_sq	ilean	578	0	617	49	move_candidate	closure_free							1	0	"[""NumStability.xiSq_le_mu_relative_residual_sq""]"
command	NumStability.Algorithms.Sylvester.SylvesterBackward	NumStability.H16_eq16_17_18_xiSq_amplification_bound	source_alias	622	0	623	26	move_candidate	closure_free							1	0	"[""NumStability.H16_eq16_17_18_xiSq_amplification_bound""]"
command	NumStability.Algorithms.Sylvester.SylvesterBackward	NumStability.H16_eq16_17_19_amplification_factor_bound	source_alias	628	0	629	28	move_candidate	closure_free							1	0	"[""NumStability.H16_eq16_17_19_amplification_factor_bound""]"
command	NumStability.Algorithms.Sylvester.SylvesterBackward	NumStability.H16_eq16_17_19_xiSq_le_mu_relative_residual_sq	source_alias	634	0	635	33	move_candidate	closure_free							1	0	"[""NumStability.H16_eq16_17_19_xiSq_le_mu_relative_residual_sq""]"
command	NumStability.Algorithms.Sylvester.SylvesterBackward	NumStability.backward_error_eta_bound	ilean	641	0	673	10	move_candidate	closure_free							1	0	"[""NumStability.backward_error_eta_bound""]"
command	NumStability.Algorithms.Sylvester.SylvesterBackward	NumStability.sylvesterBackwardResidual	ilean	675	0	680	59	move_candidate	closure_free							1	0	"[""NumStability.sylvesterBackwardResidual""]"
command	NumStability.Algorithms.Sylvester.SylvesterBackward	NumStability.isSVD_eq_matMul_diag	ilean	682	0	696	22	move_candidate	closure_free							1	0	"[""NumStability.isSVD_eq_matMul_diag""]"
command	NumStability.Algorithms.Sylvester.SylvesterBackward	NumStability.svdResidual_sub_sub	ilean	698	0	709	51	move_candidate	closure_free							1	0	"[""NumStability.svdResidual_sub_sub""]"
command	NumStability.Algorithms.Sylvester.SylvesterBackward	NumStability.svdResidual_mul_svd_right	ilean	711	0	723	44	move_candidate	closure_free							1	0	"[""NumStability.svdResidual_mul_svd_right""]"
command	NumStability.Algorithms.Sylvester.SylvesterBackward	NumStability.svdResidual_svd_left_mul	ilean	725	0	755	47	move_candidate	closure_free							1	0	"[""NumStability.svdResidual_svd_left_mul""]"
command	NumStability.Algorithms.Sylvester.SylvesterBackward	NumStability.svdResidual_backwardResidual	ilean	757	0	781	52	move_candidate	closure_free							1	0	"[""NumStability.svdResidual_backwardResidual""]"
command	NumStability.Algorithms.Sylvester.SylvesterBackward	NumStability.xiSq_le_three_eta_sq_of_original_residual	ilean	783	0	834	22	move_candidate	closure_free							1	0	"[""NumStability.xiSq_le_three_eta_sq_of_original_residual""]"
command	NumStability.Algorithms.Sylvester.SylvesterBackward	NumStability.xiSq_le_three_eta_sq_of_backward_error	ilean	836	0	858	44	move_candidate	closure_free							1	0	"[""NumStability.xiSq_le_three_eta_sq_of_backward_error""]"
command	NumStability.Algorithms.Sylvester.SylvesterBackward	NumStability.svdLiftDeltaA	ilean	860	0	864	49	move_candidate	closure_free							1	0	"[""NumStability.svdLiftDeltaA""]"
command	NumStability.Algorithms.Sylvester.SylvesterBackward	NumStability.svdLiftDeltaB	ilean	866	0	870	49	move_candidate	closure_free							1	0	"[""NumStability.svdLiftDeltaB""]"
command	NumStability.Algorithms.Sylvester.SylvesterBackward	NumStability.svdLiftDeltaC	ilean	872	0	876	49	move_candidate	closure_free							1	0	"[""NumStability.svdLiftDeltaC""]"
command	NumStability.Algorithms.Sylvester.SylvesterBackward	NumStability.svdLiftDeltaA_svd_coordinates	ilean	878	0	905	32	move_candidate	closure_free							1	0	"[""NumStability.svdLiftDeltaA_svd_coordinates""]"
command	NumStability.Algorithms.Sylvester.SylvesterBackward	NumStability.svdLiftDeltaB_svd_coordinates	ilean	907	0	934	32	move_candidate	closure_free							1	0	"[""NumStability.svdLiftDeltaB_svd_coordinates""]"
command	NumStability.Algorithms.Sylvester.SylvesterBackward	NumStability.svdResidual_svdLiftDeltaC	ilean	936	0	966	32	move_candidate	closure_free							1	0	"[""NumStability.svdResidual_svdLiftDeltaC""]"
command	NumStability.Algorithms.Sylvester.SylvesterBackward	NumStability.svdResidual_inverse	ilean	968	0	1007	31	move_candidate	closure_free							1	0	"[""NumStability.svdResidual_inverse""]"
command	NumStability.Algorithms.Sylvester.SylvesterBackward	NumStability.svdLift_backwardResidual_eq	ilean	1009	0	1060	60	move_candidate	closure_free							1	0	"[""NumStability.svdLift_backwardResidual_eq""]"
command	NumStability.Algorithms.Sylvester.SylvesterBackward	NumStability.backwardError_equation_of_backwardResidual_eq	ilean	1062	0	1076	10	move_candidate	closure_free							1	0	"[""NumStability.backwardError_equation_of_backwardResidual_eq""]"
command	NumStability.Algorithms.Sylvester.SylvesterBackward	NumStability.svdLiftDeltaA_frobNormSq	ilean	1078	0	1085	49	move_candidate	closure_free							1	0	"[""NumStability.svdLiftDeltaA_frobNormSq""]"
command	NumStability.Algorithms.Sylvester.SylvesterBackward	NumStability.svdLiftDeltaB_frobNormSq	ilean	1087	0	1094	49	move_candidate	closure_free							1	0	"[""NumStability.svdLiftDeltaB_frobNormSq""]"
command	NumStability.Algorithms.Sylvester.SylvesterBackward	NumStability.svdLiftDeltaC_frobNormSq	ilean	1096	0	1104	49	move_candidate	closure_free							1	0	"[""NumStability.svdLiftDeltaC_frobNormSq""]"
command	NumStability.Algorithms.Sylvester.SylvesterBackward	NumStability.isBackwardError_sqrt_xiSq_of_svdOptimalPerturbations	ilean	1106	0	1185	14	move_candidate	closure_free							1	0	"[""NumStability.isBackwardError_sqrt_xiSq_of_svdOptimalPerturbations""]"
command	NumStability.Algorithms.Sylvester.SylvesterBackward	NumStability.sylvesterBackwardErrorValues	ilean	1187	0	1193	66	move_candidate	closure_free							1	0	"[""NumStability.sylvesterBackwardErrorValues""]"
command	NumStability.Algorithms.Sylvester.SylvesterBackward	NumStability.sylvesterBackwardErrorInf	ilean	1195	0	1200	64	move_candidate	closure_free							1	0	"[""NumStability.sylvesterBackwardErrorInf""]"
command	NumStability.Algorithms.Sylvester.SylvesterBackward	NumStability.sylvesterBackwardErrorValues_bddBelow	ilean	1202	0	1208	14	move_candidate	closure_free							1	0	"[""NumStability.sylvesterBackwardErrorValues_bddBelow""]"
command	NumStability.Algorithms.Sylvester.SylvesterBackward	NumStability.sylvesterBackwardErrorInf_nonneg	ilean	1210	0	1218	14	move_candidate	closure_free							1	0	"[""NumStability.sylvesterBackwardErrorInf_nonneg""]"
command	NumStability.Algorithms.Sylvester.SylvesterBackward	NumStability.sylvesterBackwardErrorInf_le_of_backwardError	ilean	1220	0	1229	24	move_candidate	closure_free							1	0	"[""NumStability.sylvesterBackwardErrorInf_le_of_backwardError""]"
command	NumStability.Algorithms.Sylvester.SylvesterBackward	NumStability.sylvesterBackwardErrorValues_nonempty_of_svdOptimalPerturbations	ilean	1231	0	1244	39	move_candidate	closure_free							1	0	"[""NumStability.sylvesterBackwardErrorValues_nonempty_of_svdOptimalPerturbations""]"
command	NumStability.Algorithms.Sylvester.SylvesterBackward	NumStability.sylvesterBackwardErrorInf_le_sqrt_xiSq_of_svdOptimalPerturbations	ilean	1246	0	1263	39	move_candidate	closure_free							1	0	"[""NumStability.sylvesterBackwardErrorInf_le_sqrt_xiSq_of_svdOptimalPerturbations""]"
command	NumStability.Algorithms.Sylvester.SylvesterBackward	NumStability.sqrt_xiSq_div_three_le_sylvesterBackwardErrorInf_of_svd	ilean	1265	0	1292	13	move_candidate	closure_free							1	0	"[""NumStability.sqrt_xiSq_div_three_le_sylvesterBackwardErrorInf_of_svd""]"
command	NumStability.Algorithms.Sylvester.SylvesterBackward	NumStability.sylvesterBackwardErrorInf_le_mu_relative_residual_of_svd	ilean	1294	0	1349	24	move_candidate	closure_free							1	0	"[""NumStability.sylvesterBackwardErrorInf_le_mu_relative_residual_of_svd""]"
command	NumStability.Algorithms.Sylvester.SylvesterBackward	NumStability.backward_error_residual_lower	ilean	1355	0	1371	77	move_candidate	closure_free							1	0	"[""NumStability.backward_error_residual_lower""]"
command	NumStability.Algorithms.Sylvester.SylvesterBackward	NumStability.lyapunovSpectralTransform	ilean	1377	0	1382	42	move_candidate	closure_free							1	0	"[""NumStability.lyapunovSpectralTransform""]"
command	NumStability.Algorithms.Sylvester.SylvesterBackward	NumStability.lyapunovSpectralTransform_frobNormSq	ilean	1384	0	1389	86	move_candidate	closure_free							1	0	"[""NumStability.lyapunovSpectralTransform_frobNormSq""]"
command	NumStability.Algorithms.Sylvester.SylvesterBackward	NumStability.lyapunovSpectralTransform_transpose	ilean	1391	0	1400	65	move_candidate	closure_free							1	0	"[""NumStability.lyapunovSpectralTransform_transpose""]"
command	NumStability.Algorithms.Sylvester.SylvesterBackward	NumStability.lyapunovSpectralTransform_symmetric	ilean	1402	0	1414	55	move_candidate	closure_free							1	0	"[""NumStability.lyapunovSpectralTransform_symmetric""]"
command	NumStability.Algorithms.Sylvester.SylvesterBackward	NumStability.lyapunovOp_symmetric_of_symmetric	ilean	1416	0	1439	6	move_candidate	closure_free							1	0	"[""NumStability.lyapunovOp_symmetric_of_symmetric""]"
command	NumStability.Algorithms.Sylvester.SylvesterBackward	NumStability.lyapunovResidual_symmetric_of_symmetric	ilean	1441	0	1451	18	move_candidate	closure_free							1	0	"[""NumStability.lyapunovResidual_symmetric_of_symmetric""]"
command	NumStability.Algorithms.Sylvester.SylvesterBackward	NumStability.lyapunovSpectralTransform_residual_symmetric_of_symmetric	ilean	1453	0	1461	59	move_candidate	closure_free							1	0	"[""NumStability.lyapunovSpectralTransform_residual_symmetric_of_symmetric""]"
command	NumStability.Algorithms.Sylvester.SylvesterBackward	NumStability.lyapunovSpectralTransform_add_sub	ilean	1463	0	1474	51	move_candidate	closure_free							1	0	"[""NumStability.lyapunovSpectralTransform_add_sub""]"
command	NumStability.Algorithms.Sylvester.SylvesterBackward	NumStability.lyapunovBackwardResidual	ilean	1476	0	1481	74	move_candidate	closure_free							1	0	"[""NumStability.lyapunovBackwardResidual""]"
command	NumStability.Algorithms.Sylvester.SylvesterBackward	NumStability.H16_eq16_21_lyapunovBackwardResidual	ilean	1483	0	1487	26	move_candidate	closure_free							1	0	"[""NumStability.H16_eq16_21_lyapunovBackwardResidual""]"
command	NumStability.Algorithms.Sylvester.SylvesterBackward	NumStability.lyapunovBackwardErrorValues	ilean	1489	0	1495	68	move_candidate	closure_free							1	0	"[""NumStability.lyapunovBackwardErrorValues""]"
command	NumStability.Algorithms.Sylvester.SylvesterBackward	NumStability.lyapunovBackwardErrorInf	ilean	1497	0	1503	56	move_candidate	closure_free							1	0	"[""NumStability.lyapunovBackwardErrorInf""]"
command	NumStability.Algorithms.Sylvester.SylvesterBackward	NumStability.H16_eq16_21_lyapunovBackwardErrorValues	ilean	1505	0	1508	29	move_candidate	closure_free							1	0	"[""NumStability.H16_eq16_21_lyapunovBackwardErrorValues""]"
command	NumStability.Algorithms.Sylvester.SylvesterBackward	NumStability.H16_eq16_21_lyapunovBackwardErrorInf	ilean	1510	0	1513	26	move_candidate	closure_free							1	0	"[""NumStability.H16_eq16_21_lyapunovBackwardErrorInf""]"
command	NumStability.Algorithms.Sylvester.SylvesterBackward	NumStability.lyapunovBackwardErrorValues_bddBelow	ilean	1515	0	1522	14	move_candidate	closure_free							1	0	"[""NumStability.lyapunovBackwardErrorValues_bddBelow""]"
command	NumStability.Algorithms.Sylvester.SylvesterBackward	NumStability.lyapunovBackwardErrorInf_nonneg	ilean	1524	0	1532	14	move_candidate	closure_free							1	0	"[""NumStability.lyapunovBackwardErrorInf_nonneg""]"
command	NumStability.Algorithms.Sylvester.SylvesterBackward	NumStability.lyapunovBackwardErrorInf_le_of_backwardError	ilean	1534	0	1544	24	move_candidate	closure_free							1	0	"[""NumStability.lyapunovBackwardErrorInf_le_of_backwardError""]"
command	NumStability.Algorithms.Sylvester.SylvesterBackward	NumStability.H16_eq16_21_lyapunovBackwardErrorValues_bddBelow	source_alias	1548	0	1549	38	move_candidate	closure_free							1	0	"[""NumStability.H16_eq16_21_lyapunovBackwardErrorValues_bddBelow""]"
command	NumStability.Algorithms.Sylvester.SylvesterBackward	NumStability.H16_eq16_21_lyapunovBackwardErrorInf_nonneg	source_alias	1551	0	1552	33	move_candidate	closure_free							1	0	"[""NumStability.H16_eq16_21_lyapunovBackwardErrorInf_nonneg""]"
command	NumStability.Algorithms.Sylvester.SylvesterBackward	NumStability.H16_eq16_21_lyapunovBackwardErrorInf_le_of_backwardError	source_alias	1554	0	1555	46	move_candidate	closure_free							1	0	"[""NumStability.H16_eq16_21_lyapunovBackwardErrorInf_le_of_backwardError""]"
command	NumStability.Algorithms.Sylvester.SylvesterBackward	NumStability.lyapunovResidual_decomposition	ilean	1557	0	1572	10	move_candidate	closure_free							1	0	"[""NumStability.lyapunovResidual_decomposition""]"
command	NumStability.Algorithms.Sylvester.SylvesterBackward	NumStability.lyapunovBackwardError_equation_of_backwardResidual_eq	ilean	1574	0	1588	10	move_candidate	closure_free							1	0	"[""NumStability.lyapunovBackwardError_equation_of_backwardResidual_eq""]"
command	NumStability.Algorithms.Sylvester.SylvesterBackward	NumStability.lyapunovBackwardResidual_eq_sylvesterBackwardResidual_tied	ilean	1590	0	1600	6	move_candidate	closure_free							1	0	"[""NumStability.lyapunovBackwardResidual_eq_sylvesterBackwardResidual_tied""]"
command	NumStability.Algorithms.Sylvester.SylvesterBackward	NumStability.isBackwardError_of_isLyapunovBackwardError	ilean	1602	0	1626	39	move_candidate	closure_free							1	0	"[""NumStability.isBackwardError_of_isLyapunovBackwardError""]"
command	NumStability.Algorithms.Sylvester.SylvesterBackward	NumStability.sylvesterBackwardErrorValues_of_lyapunovBackwardErrorValues	ilean	1628	0	1636	78	move_candidate	closure_free							1	0	"[""NumStability.sylvesterBackwardErrorValues_of_lyapunovBackwardErrorValues""]"
command	NumStability.Algorithms.Sylvester.SylvesterBackward	NumStability.sylvesterBackwardErrorInf_le_lyapunovBackwardErrorInf	ilean	1638	0	1653	79	move_candidate	closure_free							1	0	"[""NumStability.sylvesterBackwardErrorInf_le_lyapunovBackwardErrorInf""]"
command	NumStability.Algorithms.Sylvester.SylvesterBackward	NumStability.lyapunovResidual_eq_sylvesterResidual_special	ilean	1655	0	1663	32	move_candidate	closure_free							1	0	"[""NumStability.lyapunovResidual_eq_sylvesterResidual_special""]"
command	NumStability.Algorithms.Sylvester.SylvesterBackward	NumStability.lyapunov_residual_bound_of_backward_error	ilean	1665	0	1699	57	move_candidate	closure_free							1	0	"[""NumStability.lyapunov_residual_bound_of_backward_error""]"
command	NumStability.Algorithms.Sylvester.SylvesterBackward	NumStability.lyapunov_relative_residual_le_backwardErrorInf	ilean	1701	0	1719	57	move_candidate	closure_free							1	0	"[""NumStability.lyapunov_relative_residual_le_backwardErrorInf""]"
command	NumStability.Algorithms.Sylvester.SylvesterBackward	NumStability.H16_eq16_21_lyapunovResidual_decomposition	source_alias	1724	0	1725	32	move_candidate	closure_free							1	0	"[""NumStability.H16_eq16_21_lyapunovResidual_decomposition""]"
command	NumStability.Algorithms.Sylvester.SylvesterBackward	NumStability.H16_eq16_21_lyapunov_residual_bound_of_backward_error	source_alias	1727	0	1728	43	move_candidate	closure_free							1	0	"[""NumStability.H16_eq16_21_lyapunov_residual_bound_of_backward_error""]"
command	NumStability.Algorithms.Sylvester.SylvesterBackward	NumStability.H16_eq16_21_lyapunov_relative_residual_le_backwardErrorInf	source_alias	1730	0	1731	48	move_candidate	closure_free							1	0	"[""NumStability.H16_eq16_21_lyapunov_relative_residual_le_backwardErrorInf""]"
command	NumStability.Algorithms.Sylvester.SylvesterBackward	NumStability.lyapunovSpectralTransform_mul_spectral_right	ilean	1733	0	1745	44	move_candidate	closure_free							1	0	"[""NumStability.lyapunovSpectralTransform_mul_spectral_right""]"
command	NumStability.Algorithms.Sylvester.SylvesterBackward	NumStability.lyapunovSpectralTransform_spectral_left_transpose	ilean	1747	0	1791	40	move_candidate	closure_free							1	0	"[""NumStability.lyapunovSpectralTransform_spectral_left_transpose""]"
command	NumStability.Algorithms.Sylvester.SylvesterBackward	NumStability.lyapunovSpectralBackwardResidual	ilean	1793	0	1801	53	move_candidate	closure_free							1	0	"[""NumStability.lyapunovSpectralBackwardResidual""]"
command	NumStability.Algorithms.Sylvester.SylvesterBackward	NumStability.lyapunovSpectralBackwardResidual_eq_diagMatrix	ilean	1803	0	1816	21	move_candidate	closure_free							1	0	"[""NumStability.lyapunovSpectralBackwardResidual_eq_diagMatrix""]"
command	NumStability.Algorithms.Sylvester.SylvesterBackward	NumStability.lyapunovSpectralTransform_backwardResidual	ilean	1818	0	1840	78	move_candidate	closure_free							1	0	"[""NumStability.lyapunovSpectralTransform_backwardResidual""]"
command	NumStability.Algorithms.Sylvester.SylvesterBackward	NumStability.lyapunovLiftDeltaC_symmetric	ilean	1842	0	1850	25	move_candidate	closure_free							1	0	"[""NumStability.lyapunovLiftDeltaC_symmetric""]"
command	NumStability.Algorithms.Sylvester.SylvesterBackward	NumStability.lyapunovLift_backwardResidual_eq	ilean	1852	0	1904	47	move_candidate	closure_free							1	0	"[""NumStability.lyapunovLift_backwardResidual_eq""]"
command	NumStability.Algorithms.Sylvester.SylvesterBackward	NumStability.lyapunovBackwardScalarEq	ilean	1906	0	1913	38	move_candidate	closure_free							1	0	"[""NumStability.lyapunovBackwardScalarEq""]"
command	NumStability.Algorithms.Sylvester.SylvesterBackward	NumStability.lyapunovBackwardScalarEq_iff_unscaled	ilean	1915	0	1939	15	move_candidate	closure_free							1	0	"[""NumStability.lyapunovBackwardScalarEq_iff_unscaled""]"
command	NumStability.Algorithms.Sylvester.SylvesterBackward	NumStability.lyapunovBackwardScalarEq_iff_residual_eq	ilean	1941	0	1954	35	move_candidate	closure_free							1	0	"[""NumStability.lyapunovBackwardScalarEq_iff_residual_eq""]"
command	NumStability.Algorithms.Sylvester.SylvesterBackward	NumStability.lyapunovBackwardScalarEq_of_spectral_decomposition	ilean	1956	0	1975	74	move_candidate	closure_free							1	0	"[""NumStability.lyapunovBackwardScalarEq_of_spectral_decomposition""]"
command	NumStability.Algorithms.Sylvester.SylvesterBackward	NumStability.lyapunovBackwardScalarEq_of_isLyapunovBackwardError_spectral_decomposition	ilean	1977	0	2008	32	move_candidate	closure_free							1	0	"[""NumStability.lyapunovBackwardScalarEq_of_isLyapunovBackwardError_spectral_decomposition""]"
command	NumStability.Algorithms.Sylvester.SylvesterBackward	NumStability.lyapunovBackwardScalarEq_of_isLyapunovBackwardError_spectral_decomposition_symm	ilean	2010	0	2034	30	move_candidate	closure_free							1	0	"[""NumStability.lyapunovBackwardScalarEq_of_isLyapunovBackwardError_spectral_decomposition_symm""]"
command	NumStability.Algorithms.Sylvester.SylvesterBackward	NumStability.lyapunovBackwardScalarEq_iff_diagMatrix_eq	ilean	2036	0	2047	65	move_candidate	closure_free							1	0	"[""NumStability.lyapunovBackwardScalarEq_iff_diagMatrix_eq""]"
command	NumStability.Algorithms.Sylvester.SylvesterBackward	NumStability.lyapunovXiSq	ilean	2049	0	2055	55	move_candidate	closure_free							1	0	"[""NumStability.lyapunovXiSq""]"
command	NumStability.Algorithms.Sylvester.SylvesterBackward	NumStability.lyapunovXiSqSimpleBound	ilean	2057	0	2062	51	move_candidate	closure_free							1	0	"[""NumStability.lyapunovXiSqSimpleBound""]"
command	NumStability.Algorithms.Sylvester.SylvesterBackward	NumStability.lyapunovOptimalDeltaA	ilean	2064	0	2071	51	move_candidate	closure_free							1	0	"[""NumStability.lyapunovOptimalDeltaA""]"
command	NumStability.Algorithms.Sylvester.SylvesterBackward	NumStability.lyapunovOptimalDeltaC	ilean	2073	0	2081	51	move_candidate	closure_free							1	0	"[""NumStability.lyapunovOptimalDeltaC""]"
command	NumStability.Algorithms.Sylvester.SylvesterBackward	NumStability.lyapunovXiSq_nonneg	ilean	2083	0	2095	72	move_candidate	closure_free							1	0	"[""NumStability.lyapunovXiSq_nonneg""]"
command	NumStability.Algorithms.Sylvester.SylvesterBackward	NumStability.lyapunovOptimalPerturbations_scalar_eq	ilean	2097	0	2122	6	move_candidate	closure_free							1	0	"[""NumStability.lyapunovOptimalPerturbations_scalar_eq""]"
command	NumStability.Algorithms.Sylvester.SylvesterBackward	NumStability.lyapunovOptimalDeltaC_symmetric	ilean	2124	0	2133	6	move_candidate	closure_free							1	0	"[""NumStability.lyapunovOptimalDeltaC_symmetric""]"
command	NumStability.Algorithms.Sylvester.SylvesterBackward	NumStability.lyapunovOptimalDeltaA_frobNormSq_le_xiSq	ilean	2135	0	2169	14	move_candidate	closure_free							1	0	"[""NumStability.lyapunovOptimalDeltaA_frobNormSq_le_xiSq""]"
command	NumStability.Algorithms.Sylvester.SylvesterBackward	NumStability.lyapunovOptimalDeltaC_frobNormSq_le_xiSq	ilean	2171	0	2207	14	move_candidate	closure_free							1	0	"[""NumStability.lyapunovOptimalDeltaC_frobNormSq_le_xiSq""]"
command	NumStability.Algorithms.Sylvester.SylvesterBackward	NumStability.exists_lyapunovOptimalPerturbations	ilean	2209	0	2229	73	move_candidate	closure_free							1	0	"[""NumStability.exists_lyapunovOptimalPerturbations""]"
command	NumStability.Algorithms.Sylvester.SylvesterBackward	NumStability.isLyapunovBackwardError_sqrt_lyapunovXiSq_of_spectral_optimalPerturbations	ilean	2231	0	2307	14	move_candidate	closure_free							1	0	"[""NumStability.isLyapunovBackwardError_sqrt_lyapunovXiSq_of_spectral_optimalPerturbations""]"
command	NumStability.Algorithms.Sylvester.SylvesterBackward	NumStability.isLyapunovBackwardError_sqrt_lyapunovXiSq_of_symmetric_spectral	ilean	2309	0	2331	10	move_candidate	closure_free							1	0	"[""NumStability.isLyapunovBackwardError_sqrt_lyapunovXiSq_of_symmetric_spectral""]"
command	NumStability.Algorithms.Sylvester.SylvesterBackward	NumStability.lyapunovBackwardErrorValues_nonempty_of_symmetric_spectral	ilean	2333	0	2351	52	move_candidate	closure_free							1	0	"[""NumStability.lyapunovBackwardErrorValues_nonempty_of_symmetric_spectral""]"
command	NumStability.Algorithms.Sylvester.SylvesterBackward	NumStability.lyapunovBackwardErrorInf_le_sqrt_lyapunovXiSq_of_symmetric_spectral	ilean	2353	0	2377	52	move_candidate	closure_free							1	0	"[""NumStability.lyapunovBackwardErrorInf_le_sqrt_lyapunovXiSq_of_symmetric_spectral""]"
command	NumStability.Algorithms.Sylvester.SylvesterBackward	NumStability.two_mul_lyapunovXiSq_eq_simple_bound_of_symmetric	ilean	2379	0	2451	25	move_candidate	closure_free							1	0	"[""NumStability.two_mul_lyapunovXiSq_eq_simple_bound_of_symmetric""]"
command	NumStability.Algorithms.Sylvester.SylvesterBackward	NumStability.lyapunovXiSqSimpleBound_le_scaled_perturbation_cost	ilean	2453	0	2489	62	move_candidate	closure_free							1	0	"[""NumStability.lyapunovXiSqSimpleBound_le_scaled_perturbation_cost""]"
command	NumStability.Algorithms.Sylvester.SylvesterBackward	NumStability.lyapunovXiSq_le_two_eta_sq_of_scalar_eq	ilean	2491	0	2572	11	move_candidate	closure_free							1	0	"[""NumStability.lyapunovXiSq_le_two_eta_sq_of_scalar_eq""]"
command	NumStability.Algorithms.Sylvester.SylvesterBackward	NumStability.lyapunovXiSq_le_two_eta_sq_of_backward_error_spectral	ilean	2574	0	2617	39	move_candidate	closure_free							1	0	"[""NumStability.lyapunovXiSq_le_two_eta_sq_of_backward_error_spectral""]"
command	NumStability.Algorithms.Sylvester.SylvesterBackward	NumStability.sqrt_lyapunovXiSq_div_two_le_lyapunovBackwardErrorInf_of_symmetric_spectral	ilean	2619	0	2654	13	move_candidate	closure_free							1	0	"[""NumStability.sqrt_lyapunovXiSq_div_two_le_lyapunovBackwardErrorInf_of_symmetric_spectral""]"
command	NumStability.Algorithms.Sylvester.SylvesterBackward	NumStability.lyapunovXiSq_le_simple_bound	ilean	2656	0	2684	12	move_candidate	closure_free							1	0	"[""NumStability.lyapunovXiSq_le_simple_bound""]"
command	NumStability.Algorithms.Sylvester.SylvesterBackward	NumStability.lyapunovAmplificationMu	ilean	2686	0	2690	47	move_candidate	closure_free							1	0	"[""NumStability.lyapunovAmplificationMu""]"
command	NumStability.Algorithms.Sylvester.SylvesterBackward	NumStability.lyapunovXiSqSimpleBound_le_min_eigen_bound	ilean	2692	0	2735	72	move_candidate	closure_free							1	0	"[""NumStability.lyapunovXiSqSimpleBound_le_min_eigen_bound""]"
command	NumStability.Algorithms.Sylvester.SylvesterBackward	NumStability.lyapunovXiSq_le_min_eigen_bound	ilean	2737	0	2761	31	move_candidate	closure_free							1	0	"[""NumStability.lyapunovXiSq_le_min_eigen_bound""]"
command	NumStability.Algorithms.Sylvester.SylvesterBackward	NumStability.lyapunovXiSq_symmetric_le_min_eigen_bound	ilean	2763	0	2795	11	move_candidate	closure_free							1	0	"[""NumStability.lyapunovXiSq_symmetric_le_min_eigen_bound""]"
command	NumStability.Algorithms.Sylvester.SylvesterBackward	NumStability.lyapunovXiSq_spectral_le_min_eigen_bound	ilean	2797	0	2811	11	move_candidate	closure_free							1	0	"[""NumStability.lyapunovXiSq_spectral_le_min_eigen_bound""]"
command	NumStability.Algorithms.Sylvester.SylvesterBackward	NumStability.lyapunovXiSq_spectral_symmetric_le_min_eigen_bound	ilean	2813	0	2829	11	move_candidate	closure_free							1	0	"[""NumStability.lyapunovXiSq_spectral_symmetric_le_min_eigen_bound""]"
command	NumStability.Algorithms.Sylvester.SylvesterBackward	NumStability.lyapunovXiSq_le_mu_relative_residual_sq	ilean	2831	0	2870	72	move_candidate	closure_free							1	0	"[""NumStability.lyapunovXiSq_le_mu_relative_residual_sq""]"
command	NumStability.Algorithms.Sylvester.SylvesterBackward	NumStability.sqrt_lyapunovXiSq_le_mu_relative_residual	ilean	2872	0	2907	27	move_candidate	closure_free							1	0	"[""NumStability.sqrt_lyapunovXiSq_le_mu_relative_residual""]"
command	NumStability.Algorithms.Sylvester.SylvesterBackward	NumStability.H16_eq16_21_lyapunovBackwardScalarEq	ilean	2909	0	2912	71	move_candidate	closure_free							1	0	"[""NumStability.H16_eq16_21_lyapunovBackwardScalarEq""]"
command	NumStability.Algorithms.Sylvester.SylvesterBackward	NumStability.H16_eq16_21_lyapunovBackwardScalarEq_iff_unscaled	source_alias	2914	0	2915	39	move_candidate	closure_free							1	0	"[""NumStability.H16_eq16_21_lyapunovBackwardScalarEq_iff_unscaled""]"
command	NumStability.Algorithms.Sylvester.SylvesterBackward	NumStability.H16_eq16_21_lyapunovBackwardScalarEq_iff_residual_eq	source_alias	2917	0	2918	42	move_candidate	closure_free							1	0	"[""NumStability.H16_eq16_21_lyapunovBackwardScalarEq_iff_residual_eq""]"
command	NumStability.Algorithms.Sylvester.SylvesterBackward	NumStability.H16_eq16_21_lyapunovBackwardScalarEq_of_spectral_decomposition	source_alias	2920	0	2921	52	move_candidate	closure_free							1	0	"[""NumStability.H16_eq16_21_lyapunovBackwardScalarEq_of_spectral_decomposition""]"
command	NumStability.Algorithms.Sylvester.SylvesterBackward	NumStability.H16_eq16_21_lyapunovBackwardScalarEq_of_isLyapunovBackwardError_spectral_decomposition	source_alias	2923	0	2924	76	move_candidate	closure_free							1	0	"[""NumStability.H16_eq16_21_lyapunovBackwardScalarEq_of_isLyapunovBackwardError_spectral_decomposition""]"
command	NumStability.Algorithms.Sylvester.SylvesterBackward	NumStability.H16_eq16_21_lyapunovBackwardScalarEq_of_isLyapunovBackwardError_spectral_decomposition_symm	source_alias	2926	0	2927	81	move_candidate	closure_free							1	0	"[""NumStability.H16_eq16_21_lyapunovBackwardScalarEq_of_isLyapunovBackwardError_spectral_decomposition_symm""]"
command	NumStability.Algorithms.Sylvester.SylvesterBackward	NumStability.H16_eq16_21_lyapunovBackwardScalarEq_iff_diagMatrix_eq	source_alias	2929	0	2930	44	move_candidate	closure_free							1	0	"[""NumStability.H16_eq16_21_lyapunovBackwardScalarEq_iff_diagMatrix_eq""]"
command	NumStability.Algorithms.Sylvester.SylvesterBackward	NumStability.H16_eq16_21_lyapunovXiSq	ilean	2932	0	2932	61	move_candidate	closure_free							1	0	"[""NumStability.H16_eq16_21_lyapunovXiSq""]"
command	NumStability.Algorithms.Sylvester.SylvesterBackward	NumStability.H16_eq16_21_lyapunovXiSqSimpleBound	ilean	2934	0	2935	25	move_candidate	closure_free							1	0	"[""NumStability.H16_eq16_21_lyapunovXiSqSimpleBound""]"
command	NumStability.Algorithms.Sylvester.SylvesterBackward	NumStability.H16_eq16_21_lyapunovOptimalDeltaA	ilean	2937	0	2938	23	move_candidate	closure_free							1	0	"[""NumStability.H16_eq16_21_lyapunovOptimalDeltaA""]"
command	NumStability.Algorithms.Sylvester.SylvesterBackward	NumStability.H16_eq16_21_lyapunovOptimalDeltaC	ilean	2940	0	2941	23	move_candidate	closure_free							1	0	"[""NumStability.H16_eq16_21_lyapunovOptimalDeltaC""]"
command	NumStability.Algorithms.Sylvester.SylvesterBackward	NumStability.H16_eq16_21_lyapunovXiSq_nonneg	source_alias	2943	0	2943	60	move_candidate	closure_free							1	0	"[""NumStability.H16_eq16_21_lyapunovXiSq_nonneg""]"
command	NumStability.Algorithms.Sylvester.SylvesterBackward	NumStability.H16_eq16_21_lyapunovOptimalPerturbations_scalar_eq	source_alias	2945	0	2946	40	move_candidate	closure_free							1	0	"[""NumStability.H16_eq16_21_lyapunovOptimalPerturbations_scalar_eq""]"
command	NumStability.Algorithms.Sylvester.SylvesterBackward	NumStability.H16_eq16_21_lyapunovOptimalDeltaC_symmetric	source_alias	2948	0	2949	33	move_candidate	closure_free							1	0	"[""NumStability.H16_eq16_21_lyapunovOptimalDeltaC_symmetric""]"
command	NumStability.Algorithms.Sylvester.SylvesterBackward	NumStability.H16_eq16_21_lyapunovOptimalDeltaA_frobNormSq_le_xiSq	source_alias	2951	0	2952	42	move_candidate	closure_free							1	0	"[""NumStability.H16_eq16_21_lyapunovOptimalDeltaA_frobNormSq_le_xiSq""]"
command	NumStability.Algorithms.Sylvester.SylvesterBackward	NumStability.H16_eq16_21_lyapunovOptimalDeltaC_frobNormSq_le_xiSq	source_alias	2954	0	2955	42	move_candidate	closure_free							1	0	"[""NumStability.H16_eq16_21_lyapunovOptimalDeltaC_frobNormSq_le_xiSq""]"
command	NumStability.Algorithms.Sylvester.SylvesterBackward	NumStability.H16_eq16_21_exists_lyapunovOptimalPerturbations	source_alias	2957	0	2958	37	move_candidate	closure_free							1	0	"[""NumStability.H16_eq16_21_exists_lyapunovOptimalPerturbations""]"
command	NumStability.Algorithms.Sylvester.SylvesterBackward	NumStability.H16_eq16_21_isLyapunovBackwardError_sqrt_lyapunovXiSq_of_spectral_optimalPerturbations	source_alias	2960	0	2961	76	move_candidate	closure_free							1	0	"[""NumStability.H16_eq16_21_isLyapunovBackwardError_sqrt_lyapunovXiSq_of_spectral_optimalPerturbations""]"
command	NumStability.Algorithms.Sylvester.SylvesterBackward	NumStability.H16_eq16_21_isLyapunovBackwardError_sqrt_lyapunovXiSq_of_symmetric_spectral	source_alias	2963	0	2964	65	move_candidate	closure_free							1	0	"[""NumStability.H16_eq16_21_isLyapunovBackwardError_sqrt_lyapunovXiSq_of_symmetric_spectral""]"
command	NumStability.Algorithms.Sylvester.SylvesterBackward	NumStability.H16_eq16_21_lyapunovBackwardErrorValues_nonempty_of_symmetric_spectral	source_alias	2966	0	2967	60	move_candidate	closure_free							1	0	"[""NumStability.H16_eq16_21_lyapunovBackwardErrorValues_nonempty_of_symmetric_spectral""]"
command	NumStability.Algorithms.Sylvester.SylvesterBackward	NumStability.H16_eq16_21_lyapunovBackwardErrorInf_le_sqrt_lyapunovXiSq_of_symmetric_spectral	source_alias	2969	0	2970	69	move_candidate	closure_free							1	0	"[""NumStability.H16_eq16_21_lyapunovBackwardErrorInf_le_sqrt_lyapunovXiSq_of_symmetric_spectral""]"
command	NumStability.Algorithms.Sylvester.SylvesterBackward	NumStability.H16_eq16_21_two_mul_lyapunovXiSq_eq_simple_bound_of_symmetric	source_alias	2972	0	2973	51	move_candidate	closure_free							1	0	"[""NumStability.H16_eq16_21_two_mul_lyapunovXiSq_eq_simple_bound_of_symmetric""]"
command	NumStability.Algorithms.Sylvester.SylvesterBackward	NumStability.H16_eq16_21_lyapunovXiSqSimpleBound_le_scaled_perturbation_cost	source_alias	2975	0	2976	53	move_candidate	closure_free							1	0	"[""NumStability.H16_eq16_21_lyapunovXiSqSimpleBound_le_scaled_perturbation_cost""]"
command	NumStability.Algorithms.Sylvester.SylvesterBackward	NumStability.H16_eq16_21_lyapunovXiSq_le_two_eta_sq_of_scalar_eq	source_alias	2978	0	2979	41	move_candidate	closure_free							1	0	"[""NumStability.H16_eq16_21_lyapunovXiSq_le_two_eta_sq_of_scalar_eq""]"
command	NumStability.Algorithms.Sylvester.SylvesterBackward	NumStability.H16_eq16_21_lyapunovXiSq_le_two_eta_sq_of_backward_error_spectral	source_alias	2981	0	2982	55	move_candidate	closure_free							1	0	"[""NumStability.H16_eq16_21_lyapunovXiSq_le_two_eta_sq_of_backward_error_spectral""]"
command	NumStability.Algorithms.Sylvester.SylvesterBackward	NumStability.H16_eq16_21_sqrt_lyapunovXiSq_div_two_le_lyapunovBackwardErrorInf_of_symmetric_spectral	source_alias	2984	0	2985	77	move_candidate	closure_free							1	0	"[""NumStability.H16_eq16_21_sqrt_lyapunovXiSq_div_two_le_lyapunovBackwardErrorInf_of_symmetric_spectral""]"
command	NumStability.Algorithms.Sylvester.SylvesterBackward	NumStability.H16_eq16_21_lyapunovXiSq_le_simple_bound	source_alias	2987	0	2988	30	move_candidate	closure_free							1	0	"[""NumStability.H16_eq16_21_lyapunovXiSq_le_simple_bound""]"
command	NumStability.Algorithms.Sylvester.SylvesterBackward	NumStability.H16_eq16_21_lyapunovAmplificationMu	ilean	2990	0	2991	25	move_candidate	closure_free							1	0	"[""NumStability.H16_eq16_21_lyapunovAmplificationMu""]"
command	NumStability.Algorithms.Sylvester.SylvesterBackward	NumStability.H16_eq16_21_lyapunovXiSqSimpleBound_le_min_eigen_bound	source_alias	2993	0	2994	44	move_candidate	closure_free							1	0	"[""NumStability.H16_eq16_21_lyapunovXiSqSimpleBound_le_min_eigen_bound""]"
command	NumStability.Algorithms.Sylvester.SylvesterBackward	NumStability.H16_eq16_21_lyapunovXiSq_le_min_eigen_bound	source_alias	2996	0	2997	33	move_candidate	closure_free							1	0	"[""NumStability.H16_eq16_21_lyapunovXiSq_le_min_eigen_bound""]"
command	NumStability.Algorithms.Sylvester.SylvesterBackward	NumStability.H16_eq16_21_lyapunovXiSq_symmetric_le_min_eigen_bound	source_alias	2999	0	3000	43	move_candidate	closure_free							1	0	"[""NumStability.H16_eq16_21_lyapunovXiSq_symmetric_le_min_eigen_bound""]"
command	NumStability.Algorithms.Sylvester.SylvesterBackward	NumStability.H16_eq16_21_lyapunovXiSq_spectral_le_min_eigen_bound	source_alias	3002	0	3003	42	move_candidate	closure_free							1	0	"[""NumStability.H16_eq16_21_lyapunovXiSq_spectral_le_min_eigen_bound""]"
command	NumStability.Algorithms.Sylvester.SylvesterBackward	NumStability.H16_eq16_21_lyapunovXiSq_spectral_symmetric_le_min_eigen_bound	source_alias	3005	0	3006	52	move_candidate	closure_free							1	0	"[""NumStability.H16_eq16_21_lyapunovXiSq_spectral_symmetric_le_min_eigen_bound""]"
command	NumStability.Algorithms.Sylvester.SylvesterBackward	NumStability.H16_eq16_21_lyapunovXiSq_le_mu_relative_residual_sq	source_alias	3008	0	3009	41	move_candidate	closure_free							1	0	"[""NumStability.H16_eq16_21_lyapunovXiSq_le_mu_relative_residual_sq""]"
command	NumStability.Algorithms.Sylvester.SylvesterBackward	NumStability.H16_eq16_21_sqrt_lyapunovXiSq_le_mu_relative_residual	source_alias	3011	0	3012	43	move_candidate	closure_free							1	0	"[""NumStability.H16_eq16_21_sqrt_lyapunovXiSq_le_mu_relative_residual""]"
command	NumStability.Algorithms.Sylvester.SylvesterPerturbation	NumStability.sylvester_perturbation_equation	ilean	26	0	46	10	move_candidate	closure_free							1	0	"[""NumStability.sylvester_perturbation_equation""]"
command	NumStability.Algorithms.Sylvester.SylvesterPerturbation	NumStability.sylvester_perturbation_first_order	ilean	48	0	60	6	move_candidate	closure_free							1	0	"[""NumStability.sylvester_perturbation_first_order""]"
command	NumStability.Algorithms.Sylvester.SylvesterPerturbation	NumStability.H16_eq16_22_sylvester_perturbation_equation	source_alias	65	0	66	33	move_candidate	closure_free							1	0	"[""NumStability.H16_eq16_22_sylvester_perturbation_equation""]"
command	NumStability.Algorithms.Sylvester.SylvesterPerturbation	NumStability.H16_eq16_22_sylvester_perturbation_first_order	source_alias	68	0	69	36	move_candidate	closure_free							1	0	"[""NumStability.H16_eq16_22_sylvester_perturbation_first_order""]"
command	NumStability.Algorithms.Sylvester.SylvesterPerturbation	NumStability.sylvesterScaledPerturbationTripleNorm	ilean	75	0	83	28	move_candidate	closure_free							1	0	"[""NumStability.sylvesterScaledPerturbationTripleNorm""]"
command	NumStability.Algorithms.Sylvester.SylvesterPerturbation	NumStability.sylvesterScaledPerturbationTripleNorm_le_sqrt_three_mul	ilean	85	0	131	50	move_candidate	closure_free							1	0	"[""NumStability.sylvesterScaledPerturbationTripleNorm_le_sqrt_three_mul""]"
command	NumStability.Algorithms.Sylvester.SylvesterPerturbation	NumStability.SylvesterPsiFirstOrderBound	ilean	133	0	145	62	move_candidate	closure_free							1	0	"[""NumStability.SylvesterPsiFirstOrderBound""]"
command	NumStability.Algorithms.Sylvester.SylvesterPerturbation	NumStability.sylvester_relative_first_order_bound_of_psi	ilean	147	0	175	53	move_candidate	closure_free							1	0	"[""NumStability.sylvester_relative_first_order_bound_of_psi""]"
command	NumStability.Algorithms.Sylvester.SylvesterPerturbation	NumStability.H16_eq16_23_sylvesterScaledPerturbationTripleNorm	ilean	177	0	181	39	move_candidate	closure_free							1	0	"[""NumStability.H16_eq16_23_sylvesterScaledPerturbationTripleNorm""]"
command	NumStability.Algorithms.Sylvester.SylvesterPerturbation	NumStability.H16_eq16_23_sylvesterScaledPerturbationTripleNorm_le_sqrt_three_mul	source_alias	183	0	184	57	move_candidate	closure_free							1	0	"[""NumStability.H16_eq16_23_sylvesterScaledPerturbationTripleNorm_le_sqrt_three_mul""]"
command	NumStability.Algorithms.Sylvester.SylvesterPerturbation	NumStability.H16_eq16_24_SylvesterPsiFirstOrderBound	ilean	186	0	187	29	move_candidate	closure_free							1	0	"[""NumStability.H16_eq16_24_SylvesterPsiFirstOrderBound""]"
command	NumStability.Algorithms.Sylvester.SylvesterPerturbation	NumStability.H16_eq16_23_sylvester_relative_first_order_bound_of_psi	source_alias	189	0	190	45	move_candidate	closure_free							1	0	"[""NumStability.H16_eq16_23_sylvester_relative_first_order_bound_of_psi""]"
command	NumStability.Algorithms.Sylvester.SylvesterPerturbation	NumStability.lyapunovScaledPerturbationPairNorm	ilean	196	0	202	59	move_candidate	closure_free							1	0	"[""NumStability.lyapunovScaledPerturbationPairNorm""]"
command	NumStability.Algorithms.Sylvester.SylvesterPerturbation	NumStability.lyapunovScaledPerturbationPairNorm_le_sqrt_two_mul	ilean	204	0	239	50	move_candidate	closure_free							1	0	"[""NumStability.lyapunovScaledPerturbationPairNorm_le_sqrt_two_mul""]"
command	NumStability.Algorithms.Sylvester.SylvesterPerturbation	NumStability.LyapunovConditionFirstOrderBound	ilean	241	0	253	54	move_candidate	closure_free							1	0	"[""NumStability.LyapunovConditionFirstOrderBound""]"
command	NumStability.Algorithms.Sylvester.SylvesterPerturbation	NumStability.lyapunov_relative_first_order_bound_of_condition	ilean	255	0	282	53	move_candidate	closure_free							1	0	"[""NumStability.lyapunov_relative_first_order_bound_of_condition""]"
command	NumStability.Algorithms.Sylvester.SylvesterPerturbation	NumStability.H16_eq16_27_lyapunovScaledPerturbationPairNorm	ilean	284	0	288	36	move_candidate	closure_free							1	0	"[""NumStability.H16_eq16_27_lyapunovScaledPerturbationPairNorm""]"
command	NumStability.Algorithms.Sylvester.SylvesterPerturbation	NumStability.H16_eq16_27_lyapunovScaledPerturbationPairNorm_le_sqrt_two_mul	source_alias	290	0	291	52	move_candidate	closure_free							1	0	"[""NumStability.H16_eq16_27_lyapunovScaledPerturbationPairNorm_le_sqrt_two_mul""]"
command	NumStability.Algorithms.Sylvester.SylvesterPerturbation	NumStability.H16_eq16_27_LyapunovConditionFirstOrderBound	ilean	293	0	294	34	move_candidate	closure_free							1	0	"[""NumStability.H16_eq16_27_LyapunovConditionFirstOrderBound""]"
command	NumStability.Algorithms.Sylvester.SylvesterPerturbation	NumStability.H16_eq16_27_lyapunov_relative_first_order_bound_of_condition	source_alias	296	0	297	50	move_candidate	closure_free							1	0	"[""NumStability.H16_eq16_27_lyapunov_relative_first_order_bound_of_condition""]"
command	NumStability.Algorithms.Sylvester.SylvesterPerturbation	NumStability.sylvester_perturbation_bound	ilean	303	0	375	10	move_candidate	closure_free							1	0	"[""NumStability.sylvester_perturbation_bound""]"
command	NumStability.Algorithms.Sylvester.SylvesterPerturbation	NumStability.sylvester_aposteriori_bound	ilean	381	0	421	86	move_candidate	closure_free							1	0	"[""NumStability.sylvester_aposteriori_bound""]"
command	NumStability.Algorithms.Sylvester.SylvesterPerturbation	NumStability.lyapunov_perturbation_bound	ilean	427	0	457	10	move_candidate	closure_free							1	0	"[""NumStability.lyapunov_perturbation_bound""]"
command	NumStability.Algorithms.Sylvester.SylvesterPerturbation	NumStability.condSylvester	ilean	463	0	471	20	move_candidate	closure_free							1	0	"[""NumStability.condSylvester""]"
command	NumStability.Algorithms.Sylvester.SylvesterPerturbation	NumStability.sylvester_relative_perturbation	ilean	473	0	501	18	move_candidate	closure_free							1	0	"[""NumStability.sylvester_relative_perturbation""]"
command	NumStability.Algorithms.Sylvester.SylvesterPerturbation	NumStability.H16_eq16_25_condSylvester	ilean	503	0	506	63	move_candidate	closure_free							1	0	"[""NumStability.H16_eq16_25_condSylvester""]"
command	NumStability.Algorithms.Sylvester.SylvesterPerturbation	NumStability.H16_eq16_25_sylvester_perturbation_bound	source_alias	508	0	509	30	move_candidate	closure_free							1	0	"[""NumStability.H16_eq16_25_sylvester_perturbation_bound""]"
command	NumStability.Algorithms.Sylvester.SylvesterPerturbation	NumStability.H16_eq16_25_sylvester_relative_perturbation	source_alias	511	0	512	33	move_candidate	closure_free							1	0	"[""NumStability.H16_eq16_25_sylvester_relative_perturbation""]"
command	NumStability.Algorithms.Sylvester.SylvesterSpec	NumStability.sylvesterOp	ilean	25	0	29	48	move_candidate	closure_free							1	0	"[""NumStability.sylvesterOp""]"
command	NumStability.Algorithms.Sylvester.SylvesterSpec	NumStability.sylvesterResidual	ilean	31	0	35	48	move_candidate	closure_free							1	0	"[""NumStability.sylvesterResidual""]"
command	NumStability.Algorithms.Sylvester.SylvesterSpec	NumStability.sylvesterResidual_eq	ilean	37	0	41	53	move_candidate	closure_free							1	0	"[""NumStability.sylvesterResidual_eq""]"
command	NumStability.Algorithms.Sylvester.SylvesterSpec	NumStability.SepLowerBound	ilean	47	0	53	59	move_candidate	closure_free							1	0	"[""NumStability.SepLowerBound""]"
command	NumStability.Algorithms.Sylvester.SylvesterSpec	NumStability.sep_implies_unique_solution	ilean	55	0	101	11	move_candidate	closure_free							1	0	"[""NumStability.sep_implies_unique_solution""]"
command	NumStability.Algorithms.Sylvester.SylvesterSpec	NumStability.IsSymmetric	ilean	107	0	109	30	move_candidate	closure_free							1	0	"[""NumStability.IsSymmetric""]"
command	NumStability.Algorithms.Sylvester.SylvesterSpec	NumStability.lyapunovOp	ilean	111	0	116	63	move_candidate	closure_free							1	0	"[""NumStability.lyapunovOp""]"
command	NumStability.Algorithms.Sylvester.SylvesterSpec	NumStability.lyapunovResidual	ilean	118	0	122	41	move_candidate	closure_free							1	0	"[""NumStability.lyapunovResidual""]"
command	NumStability.Algorithms.Sylvester.SylvesterSpec	NumStability.H16_eq16_21_lyapunovResidual	ilean	124	0	126	69	move_candidate	closure_free							1	0	"[""NumStability.H16_eq16_21_lyapunovResidual""]"
command	NumStability.Algorithms.Sylvester.SylvesterSpec	NumStability.lyapunovOp_eq_sylvesterOp	ilean	128	0	134	40	move_candidate	closure_free							1	0	"[""NumStability.lyapunovOp_eq_sylvesterOp""]"
command	NumStability.Algorithms.Sylvester.SylvesterSpec	NumStability.H16_LyapunovDefinition_lyapunovOp	ilean	136	0	138	68	move_candidate	closure_free							1	0	"[""NumStability.H16_LyapunovDefinition_lyapunovOp""]"
command	NumStability.Algorithms.Sylvester.SylvesterSpec	NumStability.H16_LyapunovDefinition_lyapunovOp_eq_sylvesterOp	source_alias	143	0	144	27	move_candidate	closure_free							1	0	"[""NumStability.H16_LyapunovDefinition_lyapunovOp_eq_sylvesterOp""]"
command	NumStability.Algorithms.Sylvester.SylvesterSpec	NumStability.IsBackwardError	ilean	150	0	164	31	move_candidate	closure_free							1	0	"[""NumStability.IsBackwardError""]"
command	NumStability.Algorithms.Sylvester.SylvesterSpec	NumStability.H16_eq16_10_IsBackwardError	ilean	166	0	168	53	move_candidate	closure_free							1	0	"[""NumStability.H16_eq16_10_IsBackwardError""]"
command	NumStability.Algorithms.Sylvester.SylvesterSpec	NumStability.IsLyapunovBackwardError	ilean	170	0	182	41	move_candidate	closure_free							1	0	"[""NumStability.IsLyapunovBackwardError""]"
command	NumStability.Algorithms.Sylvester.SylvesterSpec	NumStability.H16_eq16_21_IsLyapunovBackwardError	ilean	184	0	187	69	move_candidate	closure_free							1	0	"[""NumStability.H16_eq16_21_IsLyapunovBackwardError""]"
command	NumStability.Algorithms.Sylvester.SylvesterSpec	NumStability.residual_decomposition	ilean	193	0	209	10	move_candidate	closure_free							1	0	"[""NumStability.residual_decomposition""]"
command	NumStability.Algorithms.Sylvester.SylvesterSpec	NumStability.H16_eq16_11_residual_decomposition	source_alias	213	0	213	66	move_candidate	closure_free							1	0	"[""NumStability.H16_eq16_11_residual_decomposition""]"
command	NumStability.Algorithms.Sylvester.SylvesterSpec	NumStability.residual_bound	ilean	215	0	281	10	move_candidate	closure_free							1	0	"[""NumStability.residual_bound""]"
command	NumStability.Algorithms.Sylvester.SylvesterSpec	NumStability.H16_eq16_12_residual_bound	source_alias	285	0	285	50	move_candidate	closure_free							1	0	"[""NumStability.H16_eq16_12_residual_bound""]"
command	NumStability.Analysis.InverseOpNorm2	NumStability.rayleigh_lower_bound_of_le_finiteHermitianEigenvalues	ilean	69	0	90	53	move_candidate	closure_free							1	0	"[""NumStability.rayleigh_lower_bound_of_le_finiteHermitianEigenvalues""]"
command	NumStability.Analysis.InverseOpNorm2	NumStability.isSymmetricFiniteMatrix_gram	ilean	96	0	102	49	move_candidate	closure_free							1	0	"[""NumStability.isSymmetricFiniteMatrix_gram""]"
command	NumStability.Analysis.InverseOpNorm2	NumStability.finiteQuadraticForm_gram_eq_vecNorm2Sq	ilean	104	0	145	59	move_candidate	closure_free							1	0	"[""NumStability.finiteQuadraticForm_gram_eq_vecNorm2Sq""]"
command	NumStability.Analysis.InverseOpNorm2	NumStability.finitePSD_gram	ilean	147	0	154	27	move_candidate	closure_free							1	0	"[""NumStability.finitePSD_gram""]"
command	NumStability.Analysis.InverseOpNorm2	NumStability.finiteVecNorm2Sq_eq_vecNorm2Sq	ilean	156	0	159	44	move_candidate	closure_free							1	0	"[""NumStability.finiteVecNorm2Sq_eq_vecNorm2Sq""]"
command	NumStability.Analysis.InverseOpNorm2	NumStability.lamMin_mul_vecNorm2Sq_le_matMulVec	ilean	165	0	181	11	move_candidate	closure_free							1	0	"[""NumStability.lamMin_mul_vecNorm2Sq_le_matMulVec""]"
command	NumStability.Analysis.InverseOpNorm2	NumStability.le_of_sq_le_sq_of_nonneg	ilean	183	0	190	24	move_candidate	closure_free							1	0	"[""NumStability.le_of_sq_le_sq_of_nonneg""]"
command	NumStability.Analysis.InverseOpNorm2	NumStability.sigmaMin_mul_vecNorm2_le_matMulVec	ilean	192	0	216	56	move_candidate	closure_free							1	0	"[""NumStability.sigmaMin_mul_vecNorm2_le_matMulVec""]"
command	NumStability.Analysis.InverseOpNorm2	NumStability.vecNorm2_le_inv_sigmaMin_mul_matMulVec	ilean	218	0	239	12	move_candidate	closure_free							1	0	"[""NumStability.vecNorm2_le_inv_sigmaMin_mul_matMulVec""]"
command	NumStability.Analysis.InverseOpNorm2	NumStability.sepLowerBound_of_sylvesterOp_sigmaMin	ilean	245	0	276	11	move_candidate	closure_free							1	0	"[""NumStability.sepLowerBound_of_sylvesterOp_sigmaMin""]"
command	NumStability.Analysis.InverseOpNorm2	NumStability.sylvesterInverseOpBound_of_sigmaMin	ilean	278	0	291	59	move_candidate	closure_free							1	0	"[""NumStability.sylvesterInverseOpBound_of_sigmaMin""]"
command	NumStability.Analysis.InverseOpNorm2	NumStability.lyapunovInverseOpBound_of_sigmaMin	ilean	293	0	314	61	move_candidate	closure_free							1	0	"[""NumStability.lyapunovInverseOpBound_of_sigmaMin""]"
command	NumStability.Analysis.RealInvariantSubspace	NumStability.RealInvariantSubspaceAux.cplx	ilean	64	0	70	30	move_candidate	closure_free							1	0	"[""NumStability.RealInvariantSubspaceAux.cplx""]"
command	NumStability.Analysis.RealInvariantSubspace	NumStability.RealInvariantSubspaceAux.cplx_apply	ilean	72	0	73	78	move_candidate	closure_free							1	0	"[""NumStability.RealInvariantSubspaceAux.cplx_apply""]"
command	NumStability.Analysis.RealInvariantSubspace	NumStability.RealInvariantSubspaceAux.cplx_mulVec_apply	ilean	75	0	90	6	move_candidate	closure_free							1	0	"[""NumStability.RealInvariantSubspaceAux.cplx_mulVec_apply""]"
command	NumStability.Analysis.RealInvariantSubspace	NumStability.RealInvariantSubspaceAux.real_part_eqn	ilean	92	0	107	10	move_candidate	closure_free							1	0	"[""NumStability.RealInvariantSubspaceAux.real_part_eqn""]"
command	NumStability.Analysis.RealInvariantSubspace	NumStability.RealInvariantSubspaceAux.imag_part_eqn	ilean	109	0	124	6	move_candidate	closure_free							1	0	"[""NumStability.RealInvariantSubspaceAux.imag_part_eqn""]"
command	NumStability.Analysis.RealInvariantSubspace	NumStability.RealInvariantSubspaceAux.cplx_mulVec_ofReal	ilean	126	0	136	6	move_candidate	closure_free							1	0	"[""NumStability.RealInvariantSubspaceAux.cplx_mulVec_ofReal""]"
command	NumStability.Analysis.RealInvariantSubspace	NumStability.RealInvariantSubspaceAux.im_eq_zero_of_real_eigenvector	ilean	138	0	159	22	move_candidate	closure_free							1	0	"[""NumStability.RealInvariantSubspaceAux.im_eq_zero_of_real_eigenvector""]"
command	NumStability.Analysis.RealInvariantSubspace	NumStability.RealInvariantSubspaceAux.reIm_linearIndependent_of_im_ne	ilean	161	0	224	18	move_candidate	closure_free							1	0	"[""NumStability.RealInvariantSubspaceAux.reIm_linearIndependent_of_im_ne""]"
command	NumStability.Analysis.RealInvariantSubspace	NumStability.MatrixNoRealEigenline	ilean	230	0	235	53	move_candidate	closure_free							1	0	"[""NumStability.MatrixNoRealEigenline""]"
command	NumStability.Analysis.RealInvariantSubspace	NumStability.principalTwoBlock	ilean	237	0	246	36	move_candidate	closure_free							1	0	"[""NumStability.principalTwoBlock""]"
command	NumStability.Analysis.RealInvariantSubspace	NumStability.principalTwoBlock_zero_zero	ilean	248	0	251	26	move_candidate	closure_free							1	0	"[""NumStability.principalTwoBlock_zero_zero""]"
command	NumStability.Analysis.RealInvariantSubspace	NumStability.principalTwoBlock_zero_one	ilean	253	0	256	26	move_candidate	closure_free							1	0	"[""NumStability.principalTwoBlock_zero_one""]"
command	NumStability.Analysis.RealInvariantSubspace	NumStability.principalTwoBlock_one_zero	ilean	258	0	261	26	move_candidate	closure_free							1	0	"[""NumStability.principalTwoBlock_one_zero""]"
command	NumStability.Analysis.RealInvariantSubspace	NumStability.principalTwoBlock_one_one	ilean	263	0	266	26	move_candidate	closure_free							1	0	"[""NumStability.principalTwoBlock_one_one""]"
command	NumStability.Analysis.RealInvariantSubspace	NumStability.matrixNoRealEigenline_fin_two_of_rotation_scaling_entries	ilean	268	0	294	33	move_candidate	closure_free							1	0	"[""NumStability.matrixNoRealEigenline_fin_two_of_rotation_scaling_entries""]"
command	NumStability.Analysis.RealInvariantSubspace	NumStability.matrixNoRealEigenline_principalTwoBlock_of_rotation_scaling_entries	ilean	296	0	312	6	move_candidate	closure_free							1	0	"[""NumStability.matrixNoRealEigenline_principalTwoBlock_of_rotation_scaling_entries""]"
command	NumStability.Analysis.RealInvariantSubspace	NumStability.matrixNoRealEigenline_fin_two_disc_neg	ilean	314	0	365	25	move_candidate	closure_free							1	0	"[""NumStability.matrixNoRealEigenline_fin_two_disc_neg""]"
command	NumStability.Analysis.RealInvariantSubspace	NumStability.principalTwoBlock_disc_neg_of_matrixNoRealEigenline	ilean	367	0	374	72	move_candidate	closure_free							1	0	"[""NumStability.principalTwoBlock_disc_neg_of_matrixNoRealEigenline""]"
command	NumStability.Analysis.RealInvariantSubspace	NumStability.exists_real_invariant_subspace_dim_le_two	ilean	377	0	477	44	move_candidate	closure_free							1	0	"[""NumStability.exists_real_invariant_subspace_dim_le_two""]"
command	NumStability.Analysis.RealInvariantSubspace	NumStability.mulVecLin_maps_span_pair	ilean	479	0	498	42	move_candidate	closure_free							1	0	"[""NumStability.mulVecLin_maps_span_pair""]"
command	NumStability.Analysis.RealInvariantSubspace	NumStability.real_peel_one_or_two	ilean	501	0	559	91	move_candidate	closure_free							1	0	"[""NumStability.real_peel_one_or_two""]"
command	NumStability.Analysis.RealInvariantSubspace	NumStability.no_real_eigenvector_in_span_of_rotation_scaling	ilean	561	0	622	17	move_candidate	closure_free							1	0	"[""NumStability.no_real_eigenvector_in_span_of_rotation_scaling""]"
command	NumStability.Analysis.RealInvariantSubspace	NumStability.exists_real_invariant_subspace_dim_one_or_two	ilean	624	0	673	44	move_candidate	closure_free							1	0	"[""NumStability.exists_real_invariant_subspace_dim_one_or_two""]"
command	NumStability.Analysis.RealInvariantSubspace	NumStability.exists_real_invariant_subspace_dim_one_or_two_no_real_eigenline	ilean	675	0	743	44	move_candidate	closure_free							1	0	"[""NumStability.exists_real_invariant_subspace_dim_one_or_two_no_real_eigenline""]"
command	NumStability.Analysis.RealQuasiSchur	NumStability.HasRealQuasiSchurTwoBlockSpectral	ilean	33	0	44	51	move_candidate	closure_free							1	0	"[""NumStability.HasRealQuasiSchurTwoBlockSpectral""]"
command	NumStability.Analysis.RealQuasiSchur	NumStability.RealQuasiSchurAux.IsQuasiUpperTriangular	ilean	61	0	64	42	move_candidate	closure_free							1	0	"[""NumStability.RealQuasiSchurAux.IsQuasiUpperTriangular""]"
command	NumStability.Analysis.RealQuasiSchur	NumStability.RealQuasiSchurAux.embedBlock	ilean	74	0	80	27	move_candidate	closure_free							1	0	"[""NumStability.RealQuasiSchurAux.embedBlock""]"
command	NumStability.Analysis.RealQuasiSchur	NumStability.RealQuasiSchurAux.embedBlock_transpose	ilean	82	0	87	6	move_candidate	closure_free							1	0	"[""NumStability.RealQuasiSchurAux.embedBlock_transpose""]"
command	NumStability.Analysis.RealQuasiSchur	NumStability.RealQuasiSchurAux.embedBlock_one	ilean	89	0	92	47	move_candidate	closure_free							1	0	"[""NumStability.RealQuasiSchurAux.embedBlock_one""]"
command	NumStability.Analysis.RealQuasiSchur	NumStability.RealQuasiSchurAux.embedBlock_mul	ilean	94	0	99	6	move_candidate	closure_free							1	0	"[""NumStability.RealQuasiSchurAux.embedBlock_mul""]"
command	NumStability.Analysis.RealQuasiSchur	NumStability.RealQuasiSchurAux.embedBlock_mem_orthogonal	ilean	101	0	108	25	move_candidate	closure_free							1	0	"[""NumStability.RealQuasiSchurAux.embedBlock_mem_orthogonal""]"
command	NumStability.Analysis.RealQuasiSchur	NumStability.RealQuasiSchurAux.conj_entry_eq_dotProduct	ilean	117	0	131	6	move_candidate	closure_free							1	0	"[""NumStability.RealQuasiSchurAux.conj_entry_eq_dotProduct""]"
command	NumStability.Analysis.RealQuasiSchur	NumStability.RealQuasiSchurAux.orthogonal_col_dotProduct	ilean	133	0	143	18	move_candidate	closure_free							1	0	"[""NumStability.RealQuasiSchurAux.orthogonal_col_dotProduct""]"
command	NumStability.Analysis.RealQuasiSchur	NumStability.RealQuasiSchurAux.deflation_lower_left_zero	ilean	145	0	176	26	move_candidate	closure_free							1	0	"[""NumStability.RealQuasiSchurAux.deflation_lower_left_zero""]"
command	NumStability.Analysis.RealQuasiSchur	NumStability.RealQuasiSchurAux.euclEquiv	ilean	185	0	189	36	move_candidate	closure_free							1	0	"[""NumStability.RealQuasiSchurAux.euclEquiv""]"
command	NumStability.Analysis.RealQuasiSchur	NumStability.RealQuasiSchurAux.euclEquiv_apply	ilean	191	0	193	32	move_candidate	closure_free							1	0	"[""NumStability.RealQuasiSchurAux.euclEquiv_apply""]"
command	NumStability.Analysis.RealQuasiSchur	NumStability.RealQuasiSchurAux.euclEquiv_symm_apply	ilean	195	0	198	39	move_candidate	closure_free							1	0	"[""NumStability.RealQuasiSchurAux.euclEquiv_symm_apply""]"
command	NumStability.Analysis.RealQuasiSchur	NumStability.RealQuasiSchurAux.exists_orthogonal_frame	ilean	200	0	308	16	move_candidate	closure_free							1	0	"[""NumStability.RealQuasiSchurAux.exists_orthogonal_frame""]"
command	NumStability.Analysis.RealQuasiSchur	NumStability.RealQuasiSchurAux.eq_zero_of_mem_span_pair_orthogonal_cols_dot_eq_zero	ilean	310	0	341	6	move_candidate	closure_free							1	0	"[""NumStability.RealQuasiSchurAux.eq_zero_of_mem_span_pair_orthogonal_cols_dot_eq_zero""]"
command	NumStability.Analysis.RealQuasiSchur	NumStability.RealQuasiSchurAux.matrixNoRealEigenline_principalTwoBlock_of_invariant_noRealEigenline_columnSpan	ilean	343	0	442	54	move_candidate	closure_free							1	0	"[""NumStability.RealQuasiSchurAux.matrixNoRealEigenline_principalTwoBlock_of_invariant_noRealEigenline_columnSpan""]"
command	NumStability.Analysis.RealQuasiSchur	NumStability.RealQuasiSchurAux.principalTwoBlock_disc_neg_of_invariant_noRealEigenline_columnSpan	ilean	444	0	465	39	move_candidate	closure_free							1	0	"[""NumStability.RealQuasiSchurAux.principalTwoBlock_disc_neg_of_invariant_noRealEigenline_columnSpan""]"
command	NumStability.Analysis.RealQuasiSchur	NumStability.RealQuasiSchurAux.span_frame_lt_two_eq_span_pair_of_val_zero_one	ilean	467	0	502	13	move_candidate	closure_free							1	0	"[""NumStability.RealQuasiSchurAux.span_frame_lt_two_eq_span_pair_of_val_zero_one""]"
command	NumStability.Analysis.RealQuasiSchur	NumStability.RealQuasiSchurAux.matrixNoRealEigenline_principalTwoBlock_of_frameSpan_two	ilean	504	0	534	40	move_candidate	closure_free							1	0	"[""NumStability.RealQuasiSchurAux.matrixNoRealEigenline_principalTwoBlock_of_frameSpan_two""]"
command	NumStability.Analysis.RealQuasiSchur	NumStability.RealQuasiSchurAux.principalTwoBlock_disc_neg_of_frameSpan_two	ilean	536	0	557	41	move_candidate	closure_free							1	0	"[""NumStability.RealQuasiSchurAux.principalTwoBlock_disc_neg_of_frameSpan_two""]"
command	NumStability.Analysis.RealQuasiSchur	NumStability.RealQuasiSchurAux.exists_orthogonal_frame_two_principalBlock_noRealEigenline_disc_neg	ilean	559	0	602	49	move_candidate	closure_free							1	0	"[""NumStability.RealQuasiSchurAux.exists_orthogonal_frame_two_principalBlock_noRealEigenline_disc_neg""]"
command	NumStability.Analysis.RealQuasiSchur	NumStability.RealQuasiSchurAux.exists_invariant_subspace_dim_one_or_two_frame_twoBlock_spectral	ilean	604	0	632	74	move_candidate	closure_free							1	0	"[""NumStability.RealQuasiSchurAux.exists_invariant_subspace_dim_one_or_two_frame_twoBlock_spectral""]"
command	NumStability.Analysis.RealQuasiSchur	NumStability.RealQuasiSchurAux.reindex_conj	ilean	641	0	653	43	move_candidate	closure_free							1	0	"[""NumStability.RealQuasiSchurAux.reindex_conj""]"
command	NumStability.Analysis.RealQuasiSchur	NumStability.RealQuasiSchurAux.reindex_symm_reindex	ilean	655	0	660	57	move_candidate	closure_free							1	0	"[""NumStability.RealQuasiSchurAux.reindex_symm_reindex""]"
command	NumStability.Analysis.RealQuasiSchur	NumStability.RealQuasiSchurAux.reindex_mem_orthogonal	ilean	662	0	673	41	move_candidate	closure_free							1	0	"[""NumStability.RealQuasiSchurAux.reindex_mem_orthogonal""]"
command	NumStability.Analysis.RealQuasiSchur	NumStability.RealQuasiSchurAux.splitEquiv	ilean	680	0	683	47	move_candidate	closure_free							1	0	"[""NumStability.RealQuasiSchurAux.splitEquiv""]"
command	NumStability.Analysis.RealQuasiSchur	NumStability.RealQuasiSchurAux.finSumFinEquiv_splitEquiv_val	ilean	685	0	689	38	move_candidate	closure_free							1	0	"[""NumStability.RealQuasiSchurAux.finSumFinEquiv_splitEquiv_val""]"
command	NumStability.Analysis.RealQuasiSchur	NumStability.RealQuasiSchurAux.splitEquiv_inl_val	ilean	691	0	697	58	move_candidate	closure_free							1	0	"[""NumStability.RealQuasiSchurAux.splitEquiv_inl_val""]"
command	NumStability.Analysis.RealQuasiSchur	NumStability.RealQuasiSchurAux.splitEquiv_inr_val	ilean	699	0	705	58	move_candidate	closure_free							1	0	"[""NumStability.RealQuasiSchurAux.splitEquiv_inr_val""]"
command	NumStability.Analysis.RealQuasiSchur	NumStability.RealQuasiSchurAux.splitEquiv_isLeft_iff	ilean	707	0	717	9	move_candidate	closure_free							1	0	"[""NumStability.RealQuasiSchurAux.splitEquiv_isLeft_iff""]"
command	NumStability.Analysis.RealQuasiSchur	NumStability.RealQuasiSchurAux.splitEquiv_eq_inl_of_lt	ilean	719	0	730	9	move_candidate	closure_free							1	0	"[""NumStability.RealQuasiSchurAux.splitEquiv_eq_inl_of_lt""]"
command	NumStability.Analysis.RealQuasiSchur	NumStability.RealQuasiSchurAux.splitEquiv_eq_inr_of_eq_add	ilean	732	0	744	12	move_candidate	closure_free							1	0	"[""NumStability.RealQuasiSchurAux.splitEquiv_eq_inr_of_eq_add""]"
command	NumStability.Analysis.RealQuasiSchur	NumStability.RealQuasiSchurAux.conj_embedBlock_eq	ilean	748	0	760	6	move_candidate	closure_free							1	0	"[""NumStability.RealQuasiSchurAux.conj_embedBlock_eq""]"
command	NumStability.Analysis.RealQuasiSchur	NumStability.RealQuasiSchurAux.embedBlock_conj_apply_inl_inl	ilean	762	0	769	74	move_candidate	closure_free							1	0	"[""NumStability.RealQuasiSchurAux.embedBlock_conj_apply_inl_inl""]"
command	NumStability.Analysis.RealQuasiSchur	NumStability.RealQuasiSchurAux.embedBlock_conj_apply_inr_inr	ilean	771	0	778	75	move_candidate	closure_free							1	0	"[""NumStability.RealQuasiSchurAux.embedBlock_conj_apply_inr_inr""]"
command	NumStability.Analysis.RealQuasiSchur	NumStability.RealQuasiSchurAux.trailing_conj_preserves_leading_entry	ilean	780	0	825	45	move_candidate	closure_free							1	0	"[""NumStability.RealQuasiSchurAux.trailing_conj_preserves_leading_entry""]"
command	NumStability.Analysis.RealQuasiSchur	NumStability.RealQuasiSchurAux.trailing_conj_preserves_trailing_entry	ilean	827	0	871	55	move_candidate	closure_free							1	0	"[""NumStability.RealQuasiSchurAux.trailing_conj_preserves_trailing_entry""]"
command	NumStability.Analysis.RealQuasiSchur	NumStability.RealQuasiSchurAux.principalTwoBlock_trailing_conj_transports_trailing_two	ilean	873	0	894	64	move_candidate	closure_free							1	0	"[""NumStability.RealQuasiSchurAux.principalTwoBlock_trailing_conj_transports_trailing_two""]"
command	NumStability.Analysis.RealQuasiSchur	NumStability.RealQuasiSchurAux.trailing_twoBlock_spectral_preserved_after_trailing_conj	ilean	896	0	935	36	move_candidate	closure_free							1	0	"[""NumStability.RealQuasiSchurAux.trailing_twoBlock_spectral_preserved_after_trailing_conj""]"
command	NumStability.Analysis.RealQuasiSchur	NumStability.RealQuasiSchurAux.trailing_twoBlock_spectral_with_parentBlockMap_after_trailing_conj	ilean	937	0	1004	46	move_candidate	closure_free							1	0	"[""NumStability.RealQuasiSchurAux.trailing_twoBlock_spectral_with_parentBlockMap_after_trailing_conj""]"
command	NumStability.Analysis.RealQuasiSchur	NumStability.RealQuasiSchurAux.principalTwoBlock_trailing_conj_preserves_leading_two	ilean	1006	0	1025	79	move_candidate	closure_free							1	0	"[""NumStability.RealQuasiSchurAux.principalTwoBlock_trailing_conj_preserves_leading_two""]"
command	NumStability.Analysis.RealQuasiSchur	NumStability.RealQuasiSchurAux.leading_twoBlock_spectral_preserved_after_trailing_conj	ilean	1027	0	1061	36	move_candidate	closure_free							1	0	"[""NumStability.RealQuasiSchurAux.leading_twoBlock_spectral_preserved_after_trailing_conj""]"
command	NumStability.Analysis.RealQuasiSchur	NumStability.RealQuasiSchurAux.exists_orthogonal_frame_two_principalBlock_spectral_after_trailing_conj	ilean	1063	0	1115	29	move_candidate	closure_free							1	0	"[""NumStability.RealQuasiSchurAux.exists_orthogonal_frame_two_principalBlock_spectral_after_trailing_conj""]"
command	NumStability.Analysis.RealQuasiSchur	NumStability.RealQuasiSchurAux.exists_orthogonal_conj_quasiUpperTriangular	ilean	1120	0	1320	17	move_candidate	closure_free							1	0	"[""NumStability.RealQuasiSchurAux.exists_orthogonal_conj_quasiUpperTriangular""]"
command	NumStability.Analysis.RealQuasiSchur	NumStability.RealQuasiSchurAux.exists_orthogonal_conj_quasiUpperTriangular_twoBlockSpectral	ilean	1323	0	1565	53	move_candidate	closure_free							1	0	"[""NumStability.RealQuasiSchurAux.exists_orthogonal_conj_quasiUpperTriangular_twoBlockSpectral""]"
command	NumStability.Analysis.RealQuasiSchur	NumStability.IsRealQuasiUpperTriangular	ilean	1571	0	1580	44	move_candidate	closure_free							1	0	"[""NumStability.IsRealQuasiUpperTriangular""]"
command	NumStability.Analysis.RealQuasiSchur	NumStability.real_quasi_schur	ilean	1582	0	1601	37	move_candidate	closure_free							1	0	"[""NumStability.real_quasi_schur""]"
command	NumStability.Analysis.RealQuasiSchur	NumStability.real_quasi_schur_blocks	ilean	1603	0	1628	39	move_candidate	closure_free							1	0	"[""NumStability.real_quasi_schur_blocks""]"
command	NumStability.Analysis.RealQuasiSchur	NumStability.real_quasi_schur_blocks_twoBlockSpectral	ilean	1630	0	1648	50	move_candidate	closure_free							1	0	"[""NumStability.real_quasi_schur_blocks_twoBlockSpectral""]"
command	NumStability.Analysis.SchurTriangulation	NumStability.SchurAux.embed	ilean	48	0	54	53	move_candidate	closure_free							1	0	"[""NumStability.SchurAux.embed""]"
command	NumStability.Analysis.SchurTriangulation	NumStability.SchurAux.embed_zero_zero	ilean	56	0	57	26	move_candidate	closure_free							1	0	"[""NumStability.SchurAux.embed_zero_zero""]"
command	NumStability.Analysis.SchurTriangulation	NumStability.SchurAux.embed_zero_succ	ilean	59	0	60	31	move_candidate	closure_free							1	0	"[""NumStability.SchurAux.embed_zero_succ""]"
command	NumStability.Analysis.SchurTriangulation	NumStability.SchurAux.embed_succ_zero	ilean	62	0	63	31	move_candidate	closure_free							1	0	"[""NumStability.SchurAux.embed_succ_zero""]"
command	NumStability.Analysis.SchurTriangulation	NumStability.SchurAux.embed_succ_succ	ilean	65	0	66	40	move_candidate	closure_free							1	0	"[""NumStability.SchurAux.embed_succ_succ""]"
command	NumStability.Analysis.SchurTriangulation	NumStability.SchurAux.embed_conjTranspose	ilean	68	0	72	37	move_candidate	closure_free							1	0	"[""NumStability.SchurAux.embed_conjTranspose""]"
command	NumStability.Analysis.SchurTriangulation	NumStability.SchurAux.embed_one	ilean	74	0	77	86	move_candidate	closure_free							1	0	"[""NumStability.SchurAux.embed_one""]"
command	NumStability.Analysis.SchurTriangulation	NumStability.SchurAux.embed_mul	ilean	79	0	84	27	move_candidate	closure_free							1	0	"[""NumStability.SchurAux.embed_mul""]"
command	NumStability.Analysis.SchurTriangulation	NumStability.SchurAux.embed_mem_unitary	ilean	86	0	92	86	move_candidate	closure_free							1	0	"[""NumStability.SchurAux.embed_mem_unitary""]"
command	NumStability.Analysis.SchurTriangulation	NumStability.SchurAux.conj_embed_succ_succ	ilean	94	0	100	35	move_candidate	closure_free							1	0	"[""NumStability.SchurAux.conj_embed_succ_succ""]"
command	NumStability.Analysis.SchurTriangulation	NumStability.SchurAux.conj_embed_succ_zero	ilean	102	0	109	41	move_candidate	closure_free							1	0	"[""NumStability.SchurAux.conj_embed_succ_zero""]"
command	NumStability.Analysis.SchurTriangulation	NumStability.SchurAux.conj_eigenvector_col_zero	ilean	113	0	133	66	move_candidate	closure_free							1	0	"[""NumStability.SchurAux.conj_eigenvector_col_zero""]"
command	NumStability.Analysis.SchurTriangulation	NumStability.SchurAux.exists_unit_eigenvector	ilean	137	0	156	49	move_candidate	closure_free							1	0	"[""NumStability.SchurAux.exists_unit_eigenvector""]"
command	NumStability.Analysis.SchurTriangulation	NumStability.SchurAux.exists_unitary_first_col	ilean	158	0	181	15	move_candidate	closure_free							1	0	"[""NumStability.SchurAux.exists_unitary_first_col""]"
command	NumStability.Analysis.SchurTriangulation	NumStability.schur_triangulation	ilean	188	0	236	33	move_candidate	closure_free							1	0	"[""NumStability.schur_triangulation""]"
command	NumStability.Analysis.SchurTriangulation	NumStability.schur_triangulation_diag_add_strictUpper	ilean	240	0	266	34	move_candidate	closure_free							1	0	"[""NumStability.schur_triangulation_diag_add_strictUpper""]"
